SMILES,pActivity
COc1ccccc1-c1ccc2nc(NC(=O)NCCN3CCN(C)CC3)sc2c1,10.82390874094432
CCNC(=O)Nc1nc2ccc(-c3ccccc3OCC)cc2s1,10.522878745280336
COc1ccc(Cl)c(Nc2c(C#N)cnc3cc(OCCCN4CCN(C)CC4)c(OC)cc23)c1,10.221848749616356
CCNC(=O)Nc1nc2ccc(-c3ccccc3OC)cc2s1,10.221848749616356
COc1ccccc1-c1ccc2nc(NC(=O)NCCO)sc2c1,10.193820026016112
COc1cc(Nc2c(C#N)cnc3cc(OCCCN4CCN(C)CC4)c(OC)cc23)c(Cl)cc1Cl,10.096910013008056
O=C(Nc1ccc(OC(F)(F)Cl)cc1)c1cnc(N2Cc3cn[nH]c3C2)c(-c2cncnc2)c1,10.0
N#Cc1cncc(-c2cc(C(=O)Nc3ccc(OC(F)(F)Cl)cc3)cnc2N2C[C@H](O)[C@@H](O)C2)c1,10.0
CC1(O)CCN(c2ncc(C(=O)Nc3ccc(OC(F)(F)Cl)cc3)cc2-c2ccn[nH]2)C1,10.0
N#Cc1ccncc1-c1cc(C(=O)Nc2ccc(OC(F)(F)Cl)cc2)cnc1N1CC[C@@H](O)C1,10.0
CCNC(=O)Nc1nc2ccc(-c3ccc(N)cc3OC)cc2s1,9.958607314841776
N#Cc1ccc(-c2cc(C(=O)Nc3ccc(OC(F)(F)F)cc3)cnc2N2C[C@H](O)[C@@H](O)C2)[nH]1,9.943028323846583
CCOc1ccccc1-c1ccc2nc(NC(=O)NCCN3CCNCC3)sc2c1,9.920818753952377
O=C(Nc1ccc(OC(F)(F)Cl)cc1)c1cnc(N2CC3(CNC3)C2)c(-c2ccn[nH]2)c1,9.886056647693165
CCOc1ccccc1-c1ccc2nc(NC(=O)NCCCO)sc2c1,9.886056647693165
O=C(Nc1ccc(OC(F)(F)F)cc1)c1cnc(N2CC[C@H](CO)C2)c(-c2ccc(Cl)nc2)c1,9.886056647693165
CCN(CCO)c1ncc(C(=O)Nc2ccc(SC(F)(F)F)cc2)cc1-c1cncnc1,9.886056647693165
O=C(Nc1ccc(OC(F)(F)Cl)cc1)c1cnc(N2CC[C@@H](O)C2)c(-c2cncc(F)c2)c1,9.886056647693165
O=C(Nc1ccc(OC(F)(F)Cl)cc1)c1cnc(N2CC[C@@H](O)C2)c(-c2ccc[nH]2)c1,9.886056647693165
N#Cc1cncc(-c2cc(C(=O)Nc3ccc(OC(F)(F)Cl)cc3)cnc2N2CC[C@@H](O)C2)c1,9.886056647693165
O=C(Nc1ccc(OC(F)(F)Cl)cc1)c1cnc(N2C[C@H](O)[C@@H](O)C2)c(-c2cncc(F)c2)c1,9.886056647693165
NC[C@H]1CN(c2ncc(C(=O)Nc3ccc(OC(F)(F)Cl)cc3)cc2-c2ccn[nH]2)C[C@H]1O,9.886056647693165
CN(CCO)c1ncc(C(=O)Nc2ccc(OC(F)(F)F)cc2)cc1-c1cncnc1,9.886056647693165
COc1ccccc1-c1ccc2nc(NC(=O)NCCCO)sc2c1,9.795880017344077
CC(C)n1cnc2cc(C(=O)Nc3ccc(OC(F)(F)Cl)cc3)cc(Br)c21,9.795880017344077
CC(C)n1cnc2cc(C(=O)Nc3ccc(OC(F)(F)Cl)cc3)cc(-n3ccnc3)c21,9.795880017344077
Cc1cccc(Cl)c1NC(=O)c1cnc(Nc2cc(N3CCN(C(=O)OCCN4CCOCC4)CC3)ncn2)s1,9.747146969020108
Cc1nc(Nc2ncc(C(=O)Nc3c(C)cccc3Cl)s2)cc(N2CCN(C(=O)OCCN3CCOCC3)CC2)n1,9.747146969020108
CCOc1ccccc1-c1ccc2nc(NC(=O)NCCO)sc2c1,9.744727494896694
Cc1c(F)cncc1-c1cc2cnc(NC(=O)[C@@H]3C[C@@H]3F)cc2n(C)c1=O,9.721246399047171
C=CCOC(=O)N1CCC(c2cc(Nc3ncc(C(=O)Nc4c(C)cccc4Cl)s3)nc(C)n2)C1,9.703334809738468
N[C@@H]1[C@H]2CN(c3ncc(C(=O)Nc4ccc(OC(F)(F)Cl)cc4)cc3-c3ccn[nH]3)C[C@@H]12,9.69897000433602
CC1(O)CN(c2ncc(C(=O)Nc3ccc(OC(F)(F)F)cc3)cc2-c2ncc[nH]2)C1,9.69897000433602
O=C(Nc1ccc(SC(F)(F)F)cc1)c1cnc(N2CC[C@@H](O)C2)c(-c2cncc(F)c2)c1,9.69897000433602
CN(CCO)c1ncc(C(=O)Nc2ccc(OC(F)(F)Cl)cc2)cc1-c1cncc(C#N)c1,9.69897000433602
CNC(=O)c1ncc(C#Cc2cc(C(=O)Nc3ccc(CN4CCN(CCO)CC4)c(C(F)(F)F)c3)ccc2C)n1C,9.69897000433602
O=C(Nc1ccc(OC(F)(F)Cl)cc1)c1cnc(N2CC[C@H](CO)C2)c(-c2cncc(F)c2)c1,9.69897000433602
N#Cc1cncc(-c2cc(C(=O)Nc3ccc(SC(F)(F)F)cc3)cnc2N2CC[C@@H](O)C2)c1,9.69897000433602
CN1CCN(Cc2ccc(NC(=O)CCSc3ccc4c(/C=C/c5ccccn5)n[nH]c4c3)cc2C(F)(F)F)CC1,9.69897000433602
Cc1ccncc1-c1cc(C(=O)Nc2ccc(OC(F)(F)Cl)cc2)cnc1N1CC[C@@H](O)C1,9.69897000433602
Cc1ccc(C(=O)Nc2ccc(CN3CCN(C)CC3)c(C(F)(F)F)c2)cc1C#Cc1ncc2cccnn12,9.69897000433602
O=C(Nc1ccc(OC(F)(F)F)cc1)c1cnc(N2CC[C@@H](O)C2)c(-c2ccccn2)c1,9.69897000433602
N#Cc1ccc(-c2cc(C(=O)Nc3ccc(OC(F)(F)F)cc3)ccc2N2C[C@H](O)[C@@H](O)C2)[nH]1,9.65051499783199
COc1ccc(Cl)c(Nc2c(C#N)cnc3cc(OCCCN4CCOCC4)c(OC)cc23)c1,9.638272163982409
COC(=O)N1CCC(c2cc(Nc3ncc(C(=O)Nc4c(C)cccc4Cl)s3)nc(C)n2)C1,9.63264407897398
CCOC(=O)N1CCC(c2cc(Nc3ncc(C(=O)Nc4c(C)cccc4Cl)s3)nc(C)n2)C1,9.603800652904264
CC(C)n1c(C2CCOCC2)nc2cc(C(=O)Nc3ccc(OC(F)(F)Cl)cc3)cc(-c3cncnc3)c21,9.602059991327964
C[C@@H]1COCc2nc3cc(C(=O)Nc4ccc(OC(F)(F)Cl)cc4)cc(-c4cncnc4)c3n21,9.602059991327964
COc1nc2cc(C(=O)Nc3ccc(OC(F)(F)Cl)cc3)cc(-c3ccn[nH]3)c2n1[C@H](C)CO,9.585026652029182
O=C(Nc1ccc(OC(F)(F)Cl)cc1)c1cc(-c2cncnc2)c2c(c1)ncn2C1CC1,9.585026652029182
CC(C)n1cnc2cc(C(=O)Nc3ccc(OC(F)(F)Cl)cc3)cc(-c3cncnc3)c21,9.568636235841012
Cc1nc2c(-c3cncnc3)cc(C(=O)Nc3ccc(OC(F)(F)Cl)cc3)cc2n1C,9.568636235841012
Cc1nc(Nc2ncc(C(=O)Nc3c(C)cccc3Cl)s2)cc(N2CCN(C(=O)Oc3ccccc3)CC2)n1,9.557520230935552
COc1nc2cc(C(=O)Nc3ccc(OC(F)(F)Cl)cc3)cc(-c3cncnc3)c2n1[C@H](C)CO,9.55284196865778
COc1ccc(NC(=O)N(CCCCC2CCCCC2)CCc2ccc(SC(C)(C)C(=O)O)cc2)cc1,9.55284196865778
C[C@@H]1COCc2nc3cc(C(=O)Nc4ccc(OC(F)(F)Cl)cc4)cc(-c4cncs4)c3n21,9.55284196865778
C[C@@H]1COCc2nc3cc(C(=O)Nc4ccc(OC(F)(F)Cl)cc4)cc(-c4cncc(C#N)c4)c3n21,9.55284196865778
C[C@H](C(F)F)n1cnc2cc(C(=O)Nc3ccc(OC(F)(F)Cl)cc3)cc(-c3ccn[nH]3)c21,9.537602002101044
Cc1ccc(C(=O)NC2=CC(Cl)C(CN3CCN(CCO)CC3)C=C2)cc1C#Cc1cnc2cccnn12,9.527243550682789
O=C(Nc1ccc(OC(F)(F)Cl)cc1)c1cnc(N2CC[C@@H](O)C2)c(-c2cccnc2F)c1,9.522878745280336
C[C@@H]1CCOc2nc3cc(C(=O)Nc4ccc(OC(F)(F)Cl)cc4)cc(-c4cncnc4)c3n21,9.522878745280336
O=C(Nc1ccc(OC(F)(F)Cl)cc1)c1cnc(N2CC[C@@H](O)C2)c(-c2cnccc2F)c1,9.522878745280336
COc1ncc(-c2cc(C(=O)Nc3ccc(OC(F)(F)Cl)cc3)cnc2N2CC[C@@H](O)C2)cc1C#N,9.522878745280336
O=C(Nc1ccc(OC(F)(F)F)cc1)c1cnc(N2CC[C@H](CO)C2)c(-c2cnc(Cl)c(F)c2)c1,9.522878745280336
Cc1nc2cc(C(=O)Nc3ccc(OC(F)(F)Cl)cc3)cc(-c3cncnc3)c2n1C1CC1,9.522878745280336
CC(C)n1cnc2cc(C(=O)Nc3ccc(OC(F)(F)Cl)cc3)cc(-c3cscn3)c21,9.508638306165729
CCNC(=O)Nc1nc2ccc(-c3ccccc3)cc2s1,9.508638306165729
O=C(Nc1ccc(OC(F)(F)Cl)cc1)c1cc(-c2ccn[nH]2)c2c(c1)ncn2C1CC1,9.508638306165729
C[C@@H]1COCc2nc3cc(C(=O)Nc4ccc(OC(F)(F)Cl)cc4)cc(-c4ccn[nH]4)c3n21,9.508638306165729
C[C@@H]1CCOc2nc3cc(C(=O)Nc4ccc(OC(F)(F)Cl)cc4)cc(-c4cccnn4)c3n21,9.508638306165729
CC(C)n1cnc2cc(C(=O)Nc3ccc(OC(F)(F)Cl)cc3)cc(C3CSC=N3)c21,9.508638306165729
O=C(Nc1ccc(OC(F)(F)Cl)cc1)c1cc(-c2cncnc2)c2c(c1)ncn2[C@@H]1CCOC1,9.494850021680094
O=C(Nc1ccc(OC(F)(F)Cl)cc1)c1cc(-c2ccn[nH]2)c2c(c1)nc1n2[C@H](CF)COC1,9.494850021680094
C[C@H](CO)n1cnc2cc(C(=O)Nc3ccc(OC(F)(F)Cl)cc3)cc(-c3ccn[nH]3)c21,9.494850021680094
O=C(Nc1ccc(OC(F)(F)Cl)cc1)c1cc(Br)c2c(c1)nc1n2[C@H](CF)COC1,9.494850021680094
C[C@@H]1COCc2nc3cc(C(=O)Nc4ccc(OC(F)(F)Cl)cc4)cc(-c4cnn[nH]4)c3n21,9.481486060122112
COc1nc2cc(C(=O)Nc3ccc(OC(F)(F)Cl)cc3)cc(-c3cncnc3)c2n1C(C)C,9.481486060122112
C[C@@H](CO)n1cnc2cc(C(=O)Nc3ccc(OC(F)(F)Cl)cc3)cc(-c3ccn[nH]3)c21,9.481486060122112
CCn1c([C@H](C)O)nc2cc(C(=O)Nc3ccc(OC(F)(F)Cl)cc3)cc(-c3ccn[nH]3)c21,9.481486060122112
Cc1nc2cc(C(=O)Nc3ccc(OC(F)(F)Cl)cc3)cc(-c3cncnc3)c2n1C,9.481486060122112
O=C(Nc1ccc(OC(F)(F)Cl)cc1)c1cc(-c2cncnc2)c2c(c1)nc1n2[C@H](CO)COC1,9.481486060122112
Cc1cn(-c2cc(NC(=O)c3ccc(C)c(Nc4nccc(-c5cccnc5)n4)c3)cc(C(F)(F)F)c2)cn1,9.481486060122112
Cc1ccc(C(=O)Nc2ccc(CN3CCC(N(C)C)CC3)c(C(F)(F)F)c2)cc1-n1cc(-c2cnc3[nH]ncc3c2)nn1,9.481486060122112
Cc1ccc(C(=O)Nc2ccc(CN3CCN(C)CC3)c(C(F)(F)F)c2)cc1C#Cc1cnc2[nH]ncc2c1,9.468521082957745
COc1ccc(Cn2ncc(F)c2-c2cc(C(=O)Nc3ccc(OC(F)(F)Cl)cc3)cc3ncn(C(C)C)c23)cc1,9.468521082957745
Cn1c(C(F)F)nc2cc(C(=O)Nc3ccc(OC(F)(F)Cl)cc3)cc(-c3cncnc3)c21,9.468521082957745
CCn1c(OC)nc2cc(C(=O)Nc3ccc(OC(F)(F)Cl)cc3)cc(-c3cncnc3)c21,9.468521082957745
C[C@@H]1CCOc2nc3cc(C(=O)Nc4ccc(OC(F)(F)Cl)cc4)cc(-c4cncc(C#N)c4)c3n21,9.468521082957745
CC(C)n1cnc2cc(C(=O)Nc3ccc(OC(F)(F)Cl)cc3)cc(-c3[nH]ncc3F)c21,9.468521082957745
C[C@@H]1CCOc2nc3cc(C(=O)Nc4ccc(OC(F)(F)Cl)cc4)cc(-c4cscn4)c3n21,9.455931955649724
C[C@@H]1COCc2nc3cc(C(=O)Nc4ccc(OC(F)(F)Cl)cc4)cc(-c4ccnnc4)c3n21,9.455931955649724
C[C@@H]1COCc2nc3cc(C(=O)Nc4ccc(OC(F)(F)Cl)cc4)cc(-c4cnsc4)c3n21,9.455931955649724
C[C@@H]1CCSc2nc3cc(C(=O)Nc4ccc(OC(F)(F)Cl)cc4)cc(-c4ccn[nH]4)c3n21,9.443697499232712
C[C@@H](CF)n1c(C(F)F)nc2cc(C(=O)Nc3ccc(OC(F)(F)Cl)cc3)cc(-c3cncnc3)c21,9.443697499232712
CN1CCN(Cc2ccc(NC(=O)c3ccc(Cl)c(-n4cc(-c5cnc6[nH]ncc6c5)nn4)c3)cc2C(F)(F)F)CC1,9.443697499232712
C[C@H](CF)n1cnc2cc(C(=O)Nc3ccc(OC(F)(F)Cl)cc3)cc(-c3ccn[nH]3)c21,9.443697499232712
CC(=O)N1CCC(CNc2nc3cc(OCC4CCN(C(C)=O)CC4)cc(F)c3c(=O)[nH]2)CC1,9.443697499232712
C[C@H](CO)n1cnc2cc(C(=O)Nc3ccc(OC(F)(F)Cl)cc3)cc(-c3cncnc3)c21,9.443697499232712
COc1nc2cc(C(=O)Nc3ccc(OC(F)(F)Cl)cc3)cc(-c3ccn[nH]3)c2n1C(C)C,9.443697499232712
C[C@@H]1CCSc2nc3cc(C(=O)Nc4ccc(OC(F)(F)Cl)cc4)cc(-c4cncnc4)c3n21,9.443697499232712
CC(C)n1cnc2cc(C(=O)Nc3ccc(OC(F)(F)Cl)cc3)cc(-c3cnsc3)c21,9.443697499232712
O=C(Nc1ccc(OC(F)(F)Cl)cc1)c1cc(-c2cncnc2)c2c(c1)ncn2[C@H]1C[C@@H](O)C1,9.431798275933003
O=C(Nc1ccc(OC(F)(F)Cl)cc1)c1cc(-c2cncnc2)c2c(c1)ncn2C1CCC1,9.431798275933003
Cc1ccc(C(=O)Nc2ccc(CN3CCN(C)CC3)c(C(F)(F)F)c2)cc1C#Cc1cnc2cccnn12,9.431798275933003
O=C(Nc1ccc(OC(F)(F)Cl)cc1)c1cc(-c2cncnc2)c2c(c1)ncn2C1CC(O)C1,9.431798275933003
O=C(Nc1ccc(OC(F)(F)Cl)cc1)c1cc(-c2cncnc2)c2c(c1)nc1n2CC[C@H](O)C1,9.431798275933003
CNC(=O)c1cc(C(=O)Nc2ccc(OC(F)(F)Cl)cc2)cc2nc3n(c12)[C@H](C)COC3,9.431798275933003
CN(C)[C@H]1CN(c2ncc(C(=O)Nc3ccc(OC(F)(F)Cl)cc3)cc2-c2ccn[nH]2)C[C@@H]1O,9.42693598216088
O=C(Nc1ccc(OC(F)(F)Cl)cc1)c1cc(-c2cncnc2)c2c(c1)nc1n2C[C@@H](O)CC1,9.42021640338319
O=C(Nc1ccc(OC(F)(F)Cl)cc1)c1cc(-c2ccn[nH]2)c2c(c1)nc1n2C[C@@H](O)CC1,9.42021640338319
Cn1c(CCO)nc2cc(C(=O)Nc3ccc(OC(F)(F)Cl)cc3)cc(-c3cncnc3)c21,9.42021640338319
C[C@H](CO)n1c(C(F)F)nc2cc(C(=O)Nc3ccc(OC(F)(F)Cl)cc3)cc(-c3cncnc3)c21,9.42021640338319
CNc1c(Br)cc(C(=O)Nc2ccc(OC(F)(F)Cl)cc2)cc1NC(=O)CC(=O)OC,9.42021640338319
O=C(Nc1ccc(OC(F)(F)Cl)cc1)C1C=C(C2C=NC=NC2)c2c(nc3n2C[C@@H](O)CC3)C1,9.42021640338319
C[C@@H]1C[C@H]1n1cnc2cc(C(=O)Nc3ccc(OC(F)(F)Cl)cc3)cc(-c3cncnc3)c21,9.4089353929735
Cc1ccc(C(=O)Nc2ccc(CN3CCN(CCO)CC3)c(Cl)c2)cc1C#Cc1cnc2cccnn12,9.4089353929735
CC(C)n1c(C(F)F)nc2cc(C(=O)Nc3ccc(OC(F)(F)Cl)cc3)cc(-c3cnsc3)c21,9.4089353929735
Cc1ccc(C(=O)NC2=CC(C3CC3)C(CN3CCN(CCO)CC3)C=C2)cc1C#Cc1cnc2cccnn12,9.406713932979542
O=C(Nc1ccc(OC(F)(F)Cl)cc1)c1cnc(N2CC[C@@H](O)C2)c(-c2ncc[nH]2)c1,9.397940008672036
NC12CC1CN(c1ncc(C(=O)Nc3ccc(OC(F)(F)Cl)cc3)cc1-c1ccn[nH]1)C2,9.397940008672036
O=C(Nc1ccc(OC(F)(F)Cl)cc1)c1cnc(N2CCNC3(CC3)C2)c(-c2cncnc2)c1,9.397940008672036
O=C(Nc1ccc(OC(F)(F)F)cc1)c1cnc(N2CC[C@@H](O)C2)c(-c2cnc(Cl)c(F)c2)c1,9.397940008672036
O=C(Nc1ccc(OC(F)(F)Cl)cc1)c1cc(-c2cncnc2)c2c(c1)ncn2C1CC(F)(F)C1,9.397940008672036
Cc1nc2cc(C(=O)Nc3ccc(OC(F)(F)Cl)cc3)cc(-c3cncnc3)c2n1C(C)C,9.397940008672036
O=C(Nc1ccc(OC(F)(F)F)cc1)c1cnc(N2C[C@H](O)[C@@H](O)C2)c(-c2cccnc2)c1,9.397940008672036
Cc1ccc(C(=O)Nc2cc(CN3CCN(C)CC3)cc(C(F)(F)F)c2)cc1C#Cc1cnc2cnccn12,9.397940008672036
CN(CCO)c1ncc(C(=O)Nc2ccc(OC(F)(F)Cl)cc2)cc1-c1cncc(F)c1,9.397940008672036
O=C(Nc1ccc(OC(F)(F)F)cc1)c1ccc(N2CCOC2=O)c(-c2cncnc2)c1,9.397940008672036
CN(CCO)c1ncc(C(=O)Nc2ccc(SC(F)(F)F)cc2)cc1-c1cncc(F)c1,9.397940008672036
COc1cc(Nc2c(C#N)cnc3cc(/C=C/CCN4CCN(C)CC4)c(OC)cc23)c(Cl)cc1Cl,9.397940008672036
N#Cc1ccc(-c2cc(C(=O)Nc3ccc(OC(F)(F)Cl)cc3)cnc2N2C[C@H](O)[C@@H](O)C2)[nH]1,9.397940008672036
CN1CCN(Cc2ccc(NC(=O)Nc3cc(C#Cc4cnc5cnccn45)n(C)n3)cc2C(F)(F)F)CC1,9.397940008672036
N#Cc1cncc(-c2cc(C(=O)Nc3ccc(OC(F)(F)Cl)cc3)cnc2N2C[C@@H](O)[C@@H](O)C2)c1,9.397940008672036
O=C(Nc1ccc(OC(F)(F)Cl)cc1)c1cc(-c2cncc(F)c2)c2c(c1)ncn2C1CC1,9.397940008672036
O=C1C[C@H](n2cnc3cc(C(=O)Nc4ccc(OC(F)(F)Cl)cc4)cc(-c4cncnc4)c32)CN1,9.397940008672036
NCC1(O)CCN(c2ncc(C(=O)Nc3ccc(OC(F)(F)Cl)cc3)cc2-c2ccn[nH]2)C1,9.397940008672036
C[C@@]1(O)CCN(c2ncc(C(=O)Nc3ccc(OC(F)(F)Cl)cc3)cc2-c2ccn[nH]2)C1,9.397940008672036
O=C(Nc1ccc(OC(F)(F)Cl)cc1)c1cc(-c2cccnn2)c2c(c1)nc1n2C[C@@H](O)CC1,9.387216143280265
O=C(Nc1ccc(OC(F)(F)Cl)cc1)c1cc(-c2cccnn2)c2c(c1)nc1n2[C@H](CO)CCO1,9.387216143280265
O=C(Nc1ccc(OC(F)(F)Cl)cc1)c1cc(-c2cncnc2)c2c(c1)ncn2[C@H]1COC[C@@H]1O,9.387216143280265
C[C@H](O)Cn1cnc2cc(C(=O)Nc3ccc(OC(F)(F)Cl)cc3)cc(-c3cncnc3)c21,9.387216143280265
O=C(Nc1ccc(OC(F)(F)Cl)cc1)c1cc(-c2cncnc2)c2c(c1)ncn2[C@H]1CCOC1,9.387216143280265
O=C(Nc1ccc(OC(F)(F)Cl)cc1)c1cc(-c2cncnc2)c2c(c1)nc(C(F)F)n2C1CC1,9.387216143280265
O=C(Nc1ccc(OC(F)(F)Cl)cc1)C1C=C(C2CC=CN=N2)c2c(nc3n2[C@H](CO)CCO3)C1,9.387216143280265
Cc1ccc(C(=O)Nc2ccc(CN3C[C@H]4CN(C)C[C@H]4C3)c(C(F)(F)F)c2)cc1-n1cc(-c2cnc3[nH]ncc3c2)nn1,9.387216143280265
O=C(Nc1ccc(OC(F)(F)Cl)cc1)c1cc(Br)c2c(c1)nc(C(F)F)n2C1CC1,9.387216143280265
CC(=O)N1CCC(COc2cc(F)c3c(=O)[nH]c(NCC4CCN(C(=O)C5CC5)CC4)nc3c2)CC1,9.3767507096021
COc1cc(Nc2c(C#N)cnc3cc(OCCCN4CCOCC4)c(OC)cc23)c(Cl)cc1Cl,9.3767507096021
CN1CCN(Cc2ccc(NC(=O)c3ccc(F)c(-n4cc(-c5cnc6[nH]ncc6c5)nn4)c3)cc2C(F)(F)F)CC1,9.3767507096021
O=C(Nc1ccc(OC(F)(F)Cl)cc1)c1cc(-c2ccn[nH]2)c2c(c1)nc1n2CCOC1,9.3767507096021
C[C@H](C(F)F)n1cnc2cc(C(=O)Nc3ccc(OC(F)(F)Cl)cc3)cc(-c3cncnc3)c21,9.3767507096021
C[C@@H]1CCOc2nc3cc(C(=O)Nc4ccc(OC(F)(F)Cl)cc4)cc(-c4cnsc4)c3n21,9.366531544420411
Cn1c(C(C)(C)O)nc2cc(C(=O)Nc3ccc(OC(F)(F)Cl)cc3)cc(-c3cncnc3)c21,9.366531544420411
C[C@H](CF)n1cnc2cc(C(=O)Nc3ccc(OC(F)(F)Cl)cc3)cc(-c3cncnc3)c21,9.366531544420411
C[C@@H]1COC2NC=NC=C2c2cc(C(=O)Nc3ccc(OC(F)(F)Cl)cc3)cc3nc(C(F)F)n1c23,9.366531544420411
CCn1c([C@H](C)O)nc2cc(C(=O)Nc3ccc(OC(F)(F)Cl)cc3)cc(-c3cccnn3)c21,9.356547323513812
C[C@H](C1CC1)n1cnc2cc(C(=O)Nc3ccc(OC(F)(F)Cl)cc3)cc(-c3cncnc3)c21,9.356547323513812
CCn1c(OC)nc2cc(C(=O)Nc3ccc(OC(F)(F)Cl)cc3)cc(-c3ccn[nH]3)c21,9.356547323513812
O=C(Nc1ccc(OC(F)(F)Cl)cc1)c1cc(-c2cncnc2)c2c(c1)nc1n2CC[C@@H](O)C1,9.346787486224656
Cc1cn[nH]c1-c1cc(C(=O)Nc2ccc(OC(F)(F)Cl)cc2)cc2nc3n(c12)[C@H](C)COC3,9.346787486224656
O=C(Nc1ccc(OC(F)(F)Cl)cc1)c1cc(-c2ccn[nH]2)c2c(c1)nc(C(F)F)n2C1CC1,9.346787486224656
Cc1ccc(C(=O)Nc2ccc(CN3CC[C@@H](N(C)C)C3)c(C(F)(F)F)c2)cc1-n1cc(-c2cnc3[nH]ncc3c2)nn1,9.346787486224656
CCn1c(C(F)F)nc2cc(C(=O)Nc3ccc(OC(F)(F)Cl)cc3)cc(-c3ccnnc3)c21,9.346787486224656
O=C(Nc1ccc(OC(F)(F)Cl)cc1)c1cc(-c2cncnc2)c2c(c1)ncn2[C@H]1C[C@H](F)C1,9.346787486224656
CCn1c([C@H](C)O)nc2cc(C(=O)Nc3ccc(OC(F)(F)Cl)cc3)cc(-c3cnoc3)c21,9.346787486224656
O=C(Nc1ccc(OC(F)(F)Cl)cc1)c1cc(-c2cccnn2)c2c(c1)nc1n2[C@H](CO)COC1,9.337242168318426
O=C(Nc1ccc(OC(F)(F)Cl)cc1)c1cc(-c2cncnc2)c2c(c1)ncn2CC1COC1,9.337242168318426
CC(C)(Sc1ccc(CCN(CCCCC2CCCCC2)C(=O)NC2CCCCC2)cc1)C(=O)O,9.337242168318426
C[C@H]1COCc2nc3cc(C(=O)Nc4ccc(OC(F)(F)F)cc4)cc(-c4ccn[nH]4)c3n21,9.337242168318426
C[C@@H]1COCc2nc3cc(C(=O)Nc4ccc(OC(F)(F)F)cc4)cc(-c4ccn[nH]4)c3n21,9.337242168318426
C[C@H](CC#N)n1cnc2cc(C(=O)Nc3ccc(OC(F)(F)Cl)cc3)cc(-c3cncnc3)c21,9.337242168318426
Cn1c(C2CC2)nc2cc(C(=O)Nc3ccc(OC(F)(F)Cl)cc3)cc(-c3cncnc3)c21,9.337242168318426
CC(C)n1c([C@H](C)O)nc2cc(C(=O)Nc3ccc(OC(F)(F)Cl)cc3)cc(-c3cncnc3)c21,9.327902142064282
CC(C)n1c([C@H](C)O)nc2cc(C(=O)Nc3ccc(OC(F)(F)Cl)cc3)cc(-c3cccnn3)c21,9.327902142064282
C[C@@H](C(F)F)n1cnc2cc(C(=O)Nc3ccc(OC(F)(F)Cl)cc3)cc(-c3cncnc3)c21,9.327902142064282
C[C@@H](CO)n1cnc2cc(C(=O)Nc3ccc(OC(F)(F)Cl)cc3)cc(-c3cncnc3)c21,9.327902142064282
C[C@H]1COCc2nc3cc(C(=O)Nc4ccc(OC(F)(F)F)cc4)cc(-c4cncnc4)c3n21,9.327902142064282
C[C@@H]1COCc2nc3cc(C(=O)Nc4ccc(OC(F)(F)F)cc4)cc(-c4cncnc4)c3n21,9.327902142064282
O=C(Nc1ccc(OC(F)(F)Cl)cc1)c1cc(-c2cncnc2)c2c(c1)ncn2[C@H]1C[C@@H](F)C1,9.327902142064282
CC(=O)N1CCC(COc2cc(F)c3c(=O)[nH]c(NCC4CCN(C(=O)c5ccccn5)CC4)nc3c2)CC1,9.327902142064282
COC[C@@H](C)n1cnc2cc(C(=O)Nc3ccc(OC(F)(F)Cl)cc3)cc(-c3cncnc3)c21,9.318758762624412
Cn1c(CO)nc2cc(C(=O)Nc3ccc(OC(F)(F)Cl)cc3)cc(-c3cncnc3)c21,9.318758762624412
CC(C)n1c([C@H](C)O)nc2cc(C(=O)Nc3ccc(OC(F)(F)Cl)cc3)cc(-c3ccn[nH]3)c21,9.318758762624412
CCn1c([C@@H](C)O)nc2cc(C(=O)Nc3ccc(OC(F)(F)Cl)cc3)cc(-c3ccn[nH]3)c21,9.318758762624412
CCOc1nc2cc(C(=O)Nc3ccc(OC(F)(F)Cl)cc3)cc(-c3cncnc3)c2n1C(C)C,9.318758762624412
O=C(Nc1ccc(OC(F)(F)Cl)cc1)c1cc(-c2cncnc2)c2c(c1)nc1n2[C@H](CO)CO1,9.318758762624412
CS(=O)(=O)Nc1ccc(-c2cn([C@@H]3CN[C@H](C(=O)Nc4ccc(Cl)c(C(F)(F)F)c4)C3)nn2)cn1,9.309803919971486
CCn1cnc2cc(C(=O)Nc3ccc(OC(F)(F)Cl)cc3)cc(-c3ccn[nH]3)c21,9.309803919971486
C[C@@H](CF)n1cnc2cc(C(=O)Nc3ccc(OC(F)(F)Cl)cc3)cc(-c3cncnc3)c21,9.309803919971486
O=C(Nc1ccc(OC(F)(F)Cl)cc1)c1cc(-c2cccnn2)c2c(c1)ncn2CC(F)F,9.309803919971486
C[C@H](C(F)F)n1cnc2cc(C(=O)Nc3ccc(OC(F)(F)Cl)cc3)cc(-c3ccnnc3)c21,9.309803919971486
Cc1nc(Nc2ncc(C(=O)Nc3c(C)cccc3Cl)s2)cc(C2CCN(C(=O)OC(C)C)C2)n1,9.30189945437661
O=C(Nc1ccc(OC(F)(F)F)cc1)c1cnc(N2CCCC2)c(-c2ccc(CO)nc2)c1,9.30102999566398
CC(C)(C)n1cnc2cc(C(=O)Nc3ccc(OC(F)(F)Cl)cc3)cc(-c3cncnc3)c21,9.30102999566398
Cc1cccc(Cl)c1NC(=O)c1cnc(NC(=O)c2ccc(CN3CCN(C)CC3)cc2)s1,9.30102999566398
N#Cc1ncc(F)cc1-c1cc(C(=O)Nc2ccc(OC(F)(F)Cl)cc2)cnc1N1CC[C@@H](O)C1,9.30102999566398
Cc1nc(Nc2ncc(C(=O)Nc3c(C)cccc3Cl)s2)cc(C2CCN(C(=O)Oc3ccccc3)C2)n1,9.30102999566398
O=C(Nc1ccc(OC(F)(F)Cl)cc1)c1cnc(N2C[C@H](O)[C@@H](F)C2)c(-c2ccn[nH]2)c1,9.30102999566398
O=C(Nc1ccc(OC(F)(F)Cl)cc1)c1cc(-c2cncnc2)c2c(c1)ncn2CC(F)F,9.30102999566398
CC(C)n1cnc2cc(C(=O)Nc3ccc(OC(F)(F)Cl)cc3)c(F)c(-c3cncnc3)c21,9.30102999566398
O=C(Nc1ccc(OC(F)(F)Cl)cc1)c1ccc(N2CC[C@@H](O)C2)c(-c2cncnc2)c1,9.30102999566398
N[C@@H]1[C@H]2CN(c3ncc(C(=O)Nc4ccc(OC(F)(F)Cl)cc4)cc3-c3cncnc3)C[C@@H]12,9.30102999566398
Cc1nc(N=C2NCC(C(=O)Nc3c(C)cccc3Cl)S2)cc(N2CCN(CCO)CC2)n1,9.30102999566398
Cc1cccc(C)c1/C=C/n1cnc2c(Nc3ccc(P(C)(C)=O)cc3)nc(Oc3cccnc3)nc21,9.30102999566398
O=C(Nc1ccc(C(F)(F)C(F)(F)F)cc1)c1cnc(N2CC[C@@H](O)C2)c(-c2cncc(F)c2)c1,9.30102999566398
Nc1ncc(-c2cc(C(=O)Nc3ccc(OC(F)(F)Cl)cc3)cnc2N2CC[C@@H](O)C2)cc1F,9.30102999566398
O=C(Nc1ccc(SC(F)(F)F)c(F)c1)c1cnc(N2CC[C@@H](O)C2)c(-c2cncc(F)c2)c1,9.30102999566398
CCN(CCO)c1ncc(C(=O)Nc2ccc(OC(F)(F)Cl)cc2)cc1-c1cncc(F)c1,9.30102999566398
O=C(Nc1ccc(OC(F)(F)F)cc1)c1cnc(N2CC[C@@H](O)C2)c(-c2cncs2)c1,9.30102999566398
NC12CC1CN(c1ncc(C(=O)Nc3ccc(OC(F)(F)Cl)cc3)cc1-c1cncnc1)C2,9.30102999566398
O=C(Nc1ccc(OC(F)(F)Cl)cc1)c1cnc(N2CC[C@@H](O)C2)c(-c2cc[nH]n2)c1,9.30102999566398
CC(C)n1cnc2cc(C(=O)Nc3ccc(OC(F)(F)Cl)cc3)c(F)c(Br)c21,9.30102999566398
O=C(Nc1ccc(SC(F)(F)F)cc1)c1cnc(N2CC[C@H](CO)C2)c(-c2cncc(F)c2)c1,9.30102999566398
CCNC(=O)Nc1nc2ccc(-c3ccncc3OC)cc2s1,9.292429823902063
O=C(Nc1ccc(OC(F)(F)Cl)cc1)c1cc(-c2cccnn2)c2c(c1)nc1n2CC[C@H](O)C1,9.292429823902063
COc1ccc(Cn2ncc(F)c2-c2cc(C(=O)Nc3ccc(OC(F)(F)Cl)cc3)cc3ncn(C4CC4)c23)cc1,9.292429823902063
Cc1nc2cc(C(=O)Nc3ccc(OC(F)(F)Cl)cc3)cc(-c3cncnc3)c2n1[C@H](C)CO,9.292429823902063
C[C@@H]1CCOc2nc3cc(C(=O)Nc4ccc(OC(F)(F)Cl)cc4)cc(-c4ccnnc4)c3n21,9.292429823902063
Cc1c(F)cncc1-c1cc2cnc(NC(=O)C3CC3)cc2n(C)c1=O,9.292429823902063
O=C(Nc1ccc(OC(F)(F)Cl)cc1)c1cc(-c2cncnc2)c2c(c1)ncn2C1CCCC1,9.292429823902063
O=C(Nc1ccc(OC(F)(F)Cl)cc1)c1cc(-c2[nH]ncc2F)c2c(c1)ncn2C1CC1,9.292429823902063
COc1ccccc1-c1c[nH]c2ncc(-c3ccc(N)c(C(=O)N(C)C)c3)cc12,9.292429823902063
COc1ncc(-c2cc(C(=O)Nc3ccc(OC(F)(F)Cl)cc3)cc3ncn(C4CC4)c23)cn1,9.2839966563652
C[C@@H]1COCc2nc3cc(C(=O)Nc4ccc(OC(F)(F)Cl)cc4)cc(-c4cnoc4)c3n21,9.2839966563652
CC(C)n1cnc2cc(C(=O)Nc3ccc(OC(F)(F)Cl)cc3)cc(-c3ccn[nH]3)c21,9.2839966563652
Cc1ccc(C(=O)Nc2ccc(CN3CCN(C)CC3)c(C(F)(F)F)c2)cc1-n1cc(-c2cnc3ccccn23)nn1,9.2839966563652
COc1ccc(C(=O)Nc2ccc(OCCCN(C)C)cc2)cc1Nc1nccc(-c2cccnc2)n1,9.2839966563652
Cc1ccc(C(=O)Nc2ccc(CN3CC[C@H](N(C)C)C3)c(C(F)(F)F)c2)cc1-n1cc(-c2cnc3[nH]ncc3c2)nn1,9.2839966563652
CC1(n2cnc3cc(C(=O)Nc4ccc(OC(F)(F)Cl)cc4)cc(-c4cncnc4)c32)CC1,9.2839966563652
O=C(Nc1ccc(OC(F)(F)Cl)cc1)c1cc(-c2cncnc2)c2c(c1)ncn2C1(CO)CC1,9.2839966563652
C[C@@H](CF)n1c(C(F)F)nc2cc(C(=O)Nc3ccc(OC(F)(F)Cl)cc3)cc(-c3ccn[nH]3)c21,9.2839966563652
Cc1ccc(C(=O)Nc2ccc(CN3CCN(C)CC3)c(C(F)(F)F)c2)cc1-n1cc(-c2cnc3[nH]nc(C)c3c2)nn1,9.2839966563652
CC(C)n1c(C(F)F)nc2cc(C(=O)Nc3ccc(OC(F)(F)Cl)cc3)cc(-c3cccnn3)c21,9.275724130399212
CC[C@@H]1COCc2nc3cc(C(=O)Nc4ccc(OC(F)(F)Cl)cc4)cc(-c4ccn[nH]4)c3n21,9.275724130399212
C[C@H](CF)n1c(C(F)F)nc2cc(C(=O)Nc3ccc(OC(F)(F)Cl)cc3)cc(-c3cncnc3)c21,9.267606240177033
CNc1ncc(-c2cn(-c3cc(C(=O)Nc4ccc(CN5CCN(C)CC5)c(C(F)(F)F)c4)ccc3C)nn2)cn1,9.267606240177033
O=C(Nc1ccc(OC(F)(F)Cl)cc1)c1cc(-c2ccn[nH]2)c2c(c1)nc1n2CCCC1,9.267606240177033
CC(C)n1c(C(F)F)nc2cc(C(=O)Nc3ccc(OC(F)(F)Cl)cc3)cc(-c3ccn[nH]3)c21,9.267606240177033
CN[C@@H](C)C(=O)N[C@H](C(=O)N1CCC[C@H]1c1nc(C(=O)c2cccc(OCCCOCC(=O)N3CCN(c4cc(Nc5ncc(C(=O)Nc6c(C)cccc6Cl)s5)nc(C)n4)CC3)c2)cs1)C1CCCCC1,9.267606240177033
O=C(Nc1ccc(OC(F)(F)Cl)cc1)c1cc(-c2cncnc2)c2c(c1)ncn2C1CCOC1,9.267606240177033
CCn1c([C@H](C)O)nc2cc(C(=O)Nc3ccc(OC(F)(F)Cl)cc3)cc(-c3cncnc3)c21,9.267606240177033
O=C(Nc1ccc(OC(F)(F)Cl)cc1)c1cc(-c2cccnn2)c2c(c1)nc1n2CC[C@@H](O)C1,9.259637310505756
COc1cc(-c2cc(C)cc(C)c2)cc([C@@H](C)C#Cc2c(C)nc(N)nc2N)c1,9.259637310505756
C[C@H]1OCC[C@H]1n1cnc2cc(C(=O)Nc3ccc(OC(F)(F)Cl)cc3)cc(-c3cncnc3)c21,9.259637310505756
C[C@@H]1COCc2nc3cc(C(=O)Nc4ccc(OC(F)(F)Cl)cc4)cc(-c4nccs4)c3n21,9.259637310505756
C[C@H](CO)n1cnc2cc(C(=O)Nc3ccc(OC(F)(F)Cl)cc3)cc(-c3cccnn3)c21,9.259637310505756
C[C@H](n1cnc2cc(C(=O)Nc3ccc(OC(F)(F)Cl)cc3)cc(-c3cncnc3)c21)C(C)(C)O,9.2518119729938
C[C@@H](CF)n1cnc2cc(C(=O)Nc3ccc(OC(F)(F)Cl)cc3)cc(-c3ccn[nH]3)c21,9.2518119729938
C[C@@H]1COc2nc3c(n21)C(C1CC=CN=N1)=CC(C(=O)Nc1ccc(OC(F)(F)Cl)cc1)C3,9.2518119729938
C[C@@H]1COc2nc3cc(C(=O)Nc4ccc(OC(F)(F)Cl)cc4)cc(-c4cccnn4)c3n21,9.2518119729938
C[C@@H]1CSc2nc3cc(C(=O)Nc4ccc(OC(F)(F)Cl)cc4)cc(-c4ccn[nH]4)c3n21,9.2518119729938
O=C(Nc1ccc(OC(F)(F)Cl)cc1)c1cc(-c2cncnc2)c2c(c1)nc1n2[C@H](CO)CCO1,9.2518119729938
CCn1c(C(F)F)nc2cc(C(=O)Nc3ccc(OC(F)(F)Cl)cc3)cc(-c3cccnn3)c21,9.244125144327509
CC(C)n1cnc2cc(C(=O)Nc3ccc(OC(F)(F)Cl)cc3)cc(-c3cccnn3)c21,9.244125144327509
C[C@H](CF)n1c(C(F)F)nc2cc(C(=O)Nc3ccc(OC(F)(F)Cl)cc3)cc(-c3ccn[nH]3)c21,9.244125144327509
O=C(Nc1ccc(OC(F)(F)Cl)cc1)c1cc(-c2cncnc2)c2c(c1)ncn2[C@H]1C[C@H](O)C1,9.244125144327509
CN1CCN(Cc2ccc(NC(=O)c3cccc(C#Cc4cnc5[nH]ncc5c4)c3)cc2C(F)(F)F)CC1,9.236572006437065
C[C@@H]1Cn2c(nc3cc(C(=O)Nc4ccc(OC(F)(F)Cl)cc4)cc(-c4cncnc4)c32)CO1,9.236572006437065
CC(C)(CO)n1cnc2cc(C(=O)Nc3ccc(OC(F)(F)Cl)cc3)cc(-c3cncnc3)c21,9.236572006437065
COC(=O)c1cc(-c2cncnc2)c2c(c1)ncn2C(C)(C)COC(OC)OC,9.236572006437065
O=C(Nc1ccc(OC(F)(F)Cl)cc1)c1cc(-c2cncnc2)c2c(c1)ncn2CC1CC1,9.229147988357855
CC(C)n1c(C(F)F)nc2cc(C(=O)Nc3ccc(OC(F)(F)Cl)cc3)cc(-c3ccnnc3)c21,9.229147988357855
C[C@@H]1COCc2nc3cc(C(=O)Nc4ccc(OC(F)(F)Cl)cc4)cc(-c4cc(C#N)n[nH]4)c3n21,9.229147988357855
COc1cccc(NC(=O)N(CCCCC2CCCCC2)CCc2ccc(SC(C)(C)C(=O)O)cc2)c1,9.229147988357855
CC(C)n1cnc2cc(C(=O)Nc3ccc(OC(F)(F)Cl)cc3)cc(-c3cncs3)c21,9.229147988357855
N#Cc1cncc(-c2cc(C(=O)Nc3ccc(OC(F)(F)Cl)cc3)cnc2N2CC[C@H](CO)C2)c1,9.221848749616356
O=C(Nc1ccc(SC(F)(F)Cl)cc1)c1cnc(N2CC[C@@H](O)C2)c(-c2cncc(F)c2)c1,9.221848749616356
Cc1ccc(-c2cc(C(=O)Nc3ccc(OC(F)(F)F)cc3)cnc2N2CC[C@H](CO)C2)cn1,9.221848749616356
O=C(Nc1ccc(OC(F)(F)F)cc1)c1ccc(N2C[C@H](CO)[C@@H](O)C2)c(-c2cncs2)c1,9.221848749616356
Cc1ccc(C(=O)Nc2ccc(CN3CCN(C)CC3)c(C(F)(F)F)c2)cc1-n1cc(-c2cnc3[nH]ncc3c2)nn1,9.221848749616356
O=C(Nc1ccc(OC(F)(F)F)cc1)c1cnc(N2CC[C@H](CO)C2)c(-c2cncc(F)c2)c1,9.221848749616356
CCN(CCO)c1ncc(C(=O)Nc2ccc(OC(F)(F)Cl)cc2)cc1-c1cncnc1,9.221848749616356
COc1cc2ncc(-c3cccc(NC4CCNC4)n3)n2cc1-c1cnn(C)c1,9.221848749616356
C[C@@H]1COc2nc3c(n21)C(c1ccn[nH]1)=CC(C(=O)Nc1ccc(OC(F)(F)Cl)cc1)C3,9.221848749616356
O=C(Nc1ccc(OC(F)(F)Cl)cc1)c1cnc(N2CC[C@@H](CO)[C@@H](O)C2)c(-c2cncnc2)c1,9.221848749616356
O=C(Nc1ccc(OC(F)(F)Cl)cc1)c1ccc(N2C[C@H](O)[C@@H](O)C2)c(-c2cncnc2)c1,9.221848749616356
Cc1ncc(-c2cc(C(=O)Nc3ccc(OC(F)(F)F)cc3)cnc2N2CC[C@@H](O)C2)cc1F,9.221848749616356
Cc1c(O)cccc1-c1ccc2nc(NC(=O)[C@@H]3C[C@@H]3F)sc2c1,9.221848749616356
NCC1CN(c2ncc(C(=O)Nc3ccc(OC(F)(F)F)cc3)cc2-c2cncc(F)c2)CC1O,9.221848749616356
N[C@H]1CN(c2ccc(C(=O)Nc3ccc(OC(F)(F)Cl)cc3)cc2-c2cncc(F)c2)C[C@@H]1O,9.221848749616356
O=C(Nc1ccc(OC(F)(F)F)cc1)c1cnc(N2CCC[C@H](O)C2)c(-c2cncnc2)c1,9.221848749616356
CC(C)n1c(C(F)F)nc2cc(C(=O)Nc3ccc(OC(F)(F)Cl)cc3)cc(-c3cncnc3)c21,9.221848749616356
O=C(Nc1ccc(OC(F)(F)F)cc1)c1cnc(N2CC[C@@H](O)C2)c(-c2cccnc2)c1,9.221848749616356
NCC1CN(c2ncc(C(=O)Nc3ccc(OC(F)(F)Cl)cc3)cc2-c2cncc(F)c2)CC1O,9.221848749616356
O=C(Nc1nc2ccc(-c3cn([C@@H]4CN[C@H](C(=O)Nc5ccc(Cl)cc5Cl)C4)nn3)nc2s1)C1CC1,9.221848749616356
Cc1ncccc1-c1cc(C(=O)Nc2ccc(OC(F)(F)Cl)cc2)cnc1N1CC[C@@H](O)C1,9.221848749616356
O=C(Nc1ccc(OC(F)(F)Cl)cc1)c1cnc(N2C[C@@H](O)[C@@H](O)C2)c(-c2cncc(F)c2)c1,9.221848749616356
Cc1nc(Nc2ncc(C(=O)Nc3c(C)cccc3Cl)s2)cc(C2CCN(C(=O)OCC(C)C)C2)n1,9.220403508742177
O=C(Nc1ccc(OC(F)(F)Cl)cc1)c1cc(-c2cncnc2)c2c(c1)ncn2C1CC[C@H]1O,9.214670164989233
COc1cc(-c2ccc(C)cc2)cc([C@@H](C)C#Cc2c(C)nc(N)nc2N)c1,9.214670164989233
COc1ncc(-c2cc(C(=O)Nc3ccc(OC(F)(F)Cl)cc3)cc3ncn(C(C)C)c23)cn1,9.214670164989233
C[C@@H](CC#N)n1cnc2cc(C(=O)Nc3ccc(OC(F)(F)Cl)cc3)cc(-c3cncnc3)c21,9.214670164989233
Cc1nc(Nc2ncc(C(=O)Nc3c(C)cccc3Cl)s2)cc(N2CCN(C(=O)OCc3ccccc3)CC2)n1,9.20971483596676
O=C(Nc1ccc(OC(F)(F)Cl)cc1)c1cc(-c2ccn[nH]2)c2c(c1)nc1n2C[C@H](O)CC1,9.207608310501746
C[C@@H](C1CC1)n1cnc2cc(C(=O)Nc3ccc(OC(F)(F)Cl)cc3)cc(-c3cncnc3)c21,9.207608310501746
O=C(Nc1ccc(OC(F)(F)Cl)cc1)c1cc(-c2cncnc2)c2c(c1)nc1n2CCS(=O)(=O)C1,9.207608310501746
O=C(Nc1ccc(OC(F)(F)Cl)cc1)c1cc(Br)c2c(c1)nc1n2CCS(=O)(=O)C1,9.207608310501746
C[C@H](C(F)F)n1cnc2cc(C(=O)Nc3ccc(OC(F)(F)Cl)cc3)cc(-c3cccnn3)c21,9.207608310501746
C[C@@H](O)Cn1cnc2cc(C(=O)Nc3ccc(OC(F)(F)Cl)cc3)cc(-c3cncnc3)c21,9.200659450546418
CC(C)c1nc2cc(C(=O)Nc3ccc(OC(F)(F)Cl)cc3)cc(-c3cncnc3)c2n1C,9.200659450546418
O=C(Nc1ccc(OC(F)(F)Cl)cc1)c1cc(-c2ccn[nH]2)c2c(c1)nc1n2CCC[C@H]1O,9.200659450546418
CC(C)n1cnc2cc(C(=O)Nc3ccc(OC(F)(F)Cl)cc3)cc(-n3cnc(C4CC4)c3)c21,9.200659450546418
O=C(Nc1ccc(OC(F)(F)Cl)cc1)C1C=C(c2ccn[nH]2)c2c(nc3n2CCC[C@H]3O)C1,9.200659450546418
COc1ccc(Cl)c(Nc2c(C#N)cnc3cc(OC)c(OC)cc23)c1,9.193820026016112
O=C(Cn1cnc2cc(C(=O)Nc3ccc(OC(F)(F)Cl)cc3)cc(-c3cncnc3)c21)NC1CC1,9.193820026016112
O=C(Nc1ccc(OC(F)(F)Cl)cc1)c1cnc(N2CCN(CC(F)(F)F)CC2)c(-c2ccn[nH]2)c1,9.193820026016112
COCCN1CCN(CC2C=CC(NC(=O)c3ccc(C)c(C#Cc4cnc5cccnn45)c3)=CC2C2CC2)CC1,9.191789027075778
CC(C)n1cnc2cc(C(=O)Nc3ccc(OC(F)(F)Cl)cc3)cc(-c3n[nH]cc3O)c21,9.187086643357144
O=C(Nc1ccc(OC(F)(F)Cl)cc1)C1C=C(c2ccn[nH]2)c2c(nc3n2C[C@H](O)CO3)C1,9.187086643357144
O=C(Nc1ccc(-c2cn([C@@H]3CN[C@H](C(=O)Nc4ccc(Cl)c(C(F)(F)F)c4)C3)nn2)cn1)C1CC1,9.187086643357144
CC(C)n1cnc2cc(C(=O)Nc3ccc(OC(F)(F)Cl)cc3)cc(-c3n[nH]cc3C#N)c21,9.18045606445813
O=C(Nc1ccc(OC(F)(F)Cl)cc1)c1cc(-c2cncnc2)c2c(c1)nc1n2CCC[C@H]1O,9.18045606445813
CCCCOC(=O)N1CCC(c2cc(Nc3ncc(C(=O)Nc4c(C)cccc4Cl)s3)nc(C)n2)C1,9.17979854051436
O=C(Nc1ccc(OC(F)(F)Cl)cc1)c1cc(-c2cccnn2)c2c(c1)nc1n2CCC[C@H]1O,9.173925197299171
Cc1nc2cc(C(=O)Nc3ccc(OC(F)(F)Cl)cc3)cc(-c3cccnn3)c2n1[C@H](C)CO,9.173925197299171
O=C(Nc1ccc(OC(F)(F)F)cc1)c1cnc(N2C[C@H](CO)[C@@H](O)C2)c(-c2cncc(F)c2)c1,9.154901959985745
N#Cc1ccc(-c2cc(C(=O)Nc3ccc(OC(F)(F)F)cc3)cnc2N2CC[C@@H](O)C2)[nH]1,9.154901959985745
CCN(CCO)c1ncc(C(=O)Nc2ccc(SC(F)(F)F)cc2)cc1-c1cncc(F)c1,9.154901959985745
CN1CCN(Cc2ccc(NC(=O)c3ccc(Br)c(-n4cc(-c5cnc6[nH]ncc6c5)nn4)c3)cc2C(F)(F)F)CC1,9.154901959985745
N#Cc1ccc(-c2cc(C(=O)Nc3ccc(OC(F)(F)Cl)cc3)cnc2N2CC[C@@H](O)C2)[nH]1,9.154901959985745
N#Cc1cncc(-c2cc(C(=O)Nc3ccc(OC(F)(F)F)cc3)cnc2N2CC[C@H](CO)C2)c1,9.154901959985745
N#Cc1cc(F)cc(-c2cc(C(=O)Nc3ccc(OC(F)(F)Cl)cc3)cnc2C2CC[C@@H](O)N2)c1,9.154901959985745
O=C(Nc1ccc(OC(F)(F)Cl)cc1)c1cnc(N2CC[C@@H](O)C2)c(-c2[nH]ncc2F)c1,9.154901959985745
Cc1ncc(-c2cc(C(=O)Nc3ccc(OC(F)(F)F)cc3)cnc2N2CC[C@H](CO)C2)cc1F,9.154901959985745
O=C(Nc1ccc(OC(F)(F)Cl)cc1)c1cc(-c2ccnnc2)c2c(c1)nc1n2[C@H](CO)COC1,9.154901959985745
O=C(Nc1ccc(OC(F)(F)Cl)cc1)c1ccc(N2C[C@H](O)[C@@H](O)C2)c(-c2ccn[nH]2)c1,9.154901959985745
O=C(Nc1ccc(OC(F)(F)Cl)cc1)c1cnc(N2CCC(O)CC2)c(-c2ccn[nH]2)c1,9.154901959985745
CO[C@H]1CN(c2ncc(C(=O)Nc3ccc(OC(F)(F)Cl)cc3)cc2-c2ccn[nH]2)C[C@@H]1N,9.154901959985745
O=C(Nc1ccc(OC(F)(F)F)c(F)c1)c1cnc(N2CC[C@H](CO)C2)c(-c2cncc(F)c2)c1,9.154901959985745
Cc1nc2[nH]ccc2cc1-c1ccn2nc(NC(=O)[C@@H]3C[C@@H]3F)cc2c1,9.154901959985745
CC(C1COC1)n1cnc2cc(C(=O)Nc3ccc(OC(F)(F)Cl)cc3)cc(-c3cncnc3)c21,9.148741651280924
CC(C)n1cnc2cc(C(=O)Nc3ccc(OC(F)(F)Cl)cc3)cc(C(=O)NC3CC3)c21,9.148741651280924
O=C(Nc1ccc(OC(F)(F)Cl)cc1)c1cc(-c2cncnc2)c2c(c1)ncn2[C@H]1COC[C@H]1O,9.148741651280924
O=C(Nc1cc2cc(-c3cnc4[nH]ccc4c3)ccn2n1)[C@@H]1C[C@@H]1F,9.148741651280924
CC(C)n1cnc2cc(C(=O)Nc3ccc(OC(F)(F)Cl)cc3)cc(-n3cnnc3)c21,9.142667503568733
COc1ccc(CNc2cc(C(=O)Nc3ccc(OC(F)(F)Cl)cc3)cc3ncn(C(C)C)c23)cc1,9.142667503568733
Cc1ccc(C(=O)Nc2ccc(CN3CCCC3)c(C(F)(F)F)c2)cc1-n1cc(-c2cnc3[nH]ncc3c2)nn1,9.142667503568733
CCn1c(OC)nc2cc(C(=O)Nc3ccc(OC(F)(F)Cl)cc3)cc(-c3cccnn3)c21,9.136677139879543
O=C(Nc1ccc(OC(F)(F)Cl)cc1)c1cc(-c2ccn[nH]2)c2c(c1)nc1n2[C@H](CO)COC1,9.130768280269024
O=C(Nc1ccc(OC(F)(F)Cl)cc1)C1C=C(c2ccn[nH]2)c2c(nc3n2[C@H](CO)COC3)C1,9.130768280269024
CNC(=O)c1cc(Oc2ccc(NC(=O)Nc3cc(C(C)(C)C)nn3-c3ccc4ncccc4c3)c(F)c2)ccn1,9.1249387366083
O=C(C1CC1)N1CCC(CNc2nc3cc(OCC4CC4)cc(F)c3c(=O)[nH]2)CC1,9.1249387366083
Cc1ccc(C(=O)Nc2ccc(CN3CCN(C)CC3)c(C(F)(F)F)c2)cc1C#Cc1cnc2[nH]nc(C)c2c1,9.1249387366083
CC(=O)N1CCC(COc2cc(F)c3c(=O)[nH]c(NCC4CCOCC4)nc3c2)CC1,9.1249387366083
C[C@@H]1COCc2nc3cc(C(=O)Nc4ccc(OC(F)(F)Cl)cc4)cc(-c4[nH]ncc4C#N)c3n21,9.119186407719209
COc1cc(Nc2c(C#N)cnc3cc(OC)c(OC)cc23)c(Cl)cc1Cl,9.119186407719209
O=C(Nc1ccc(OC(F)(F)Cl)cc1)c1cc(-c2ccn[nH]2)c2c(c1)nc1n2CCC[C@@H]1O,9.119186407719209
CC(C)n1c(C(F)F)nc2cc(C(=O)Nc3ccc(OC(F)(F)Cl)cc3)cc(-c3cscn3)c21,9.113509274827518
CCc1ccccc1-c1ccc2nc(NC(=O)NCCN(C)C)sc2c1,9.113509274827518
C[C@@H]1COCc2nc3cc(C(=O)Nc4ccc(OC(F)(F)Cl)cc4)cc(-c4cc(C5CC5)n[nH]4)c3n21,9.113509274827518
COC[C@H](C)n1cnc2cc(C(=O)Nc3ccc(OC(F)(F)Cl)cc3)cc(-c3cncnc3)c21,9.113509274827518
CC(C)c1nc2c(-c3cncnc3)cc(C(=O)Nc3ccc(OC(F)(F)Cl)cc3)cc2n1C,9.113509274827518
O=C(Nc1ccc(OC(F)(F)Cl)cc1)c1cc(-c2cncnc2)c2c(c1)ncn2C[C@H]1CCCO1,9.10790539730952
Cc1ccc(C(=O)Nc2ccc(CN3CCN(C)CC3)c(C(F)(F)F)c2)cc1-n1cc(-c2cnc(N)nc2)nn1,9.10790539730952
O=C(Nc1ccc(OC(F)(F)Cl)cc1)c1cc(-c2cncnc2)c2[nH]cnc2c1,9.102372908709558
CO[C@H]1CN(c2ncc(C(=O)Nc3ccc(OC(F)(F)Cl)cc3)cc2-c2cncc(F)c2)C[C@@H]1N,9.096910013008056
CC(C)n1cnc2cc(C(=O)Nc3ccc(OC(F)(F)Cl)cc3)cc(-c3cnn[nH]3)c21,9.096910013008056
N#Cc1ccncc1-c1cc(C(=O)Nc2ccc(OC(F)(F)Cl)cc2)cnc1N1C[C@H](O)[C@@H](O)C1,9.096910013008056
O=C(Nc1ccc(OC(F)(F)F)cc1)c1cnc(N2CC[C@@H](O)C2)c(-c2cnccc2F)c1,9.096910013008056
CN(CCO)c1ncc(C(=O)Nc2ccc(OC(F)(F)Cl)cc2)cc1-c1cncnc1,9.096910013008056
Cc1ccc(-c2cc(C(=O)Nc3ccc(OC(F)(F)F)cc3)cnc2N2CC[C@@H](O)C2)cn1,9.096910013008056
Cc1ccc(-c2cc(C(=O)Nc3ccc(OC(F)(F)F)cc3)cnc2N2CC[C@H](O)C2)cn1,9.096910013008056
CCN(CCO)c1ncc(C(=O)Nc2ccc(OC(F)(F)Cl)cc2)cc1-c1cncc(C#N)c1,9.096910013008056
N#Cc1cncc(-c2cc(C(=O)Nc3ccc(C(F)(F)C(F)(F)F)cc3)cnc2N2CC[C@@H](O)C2)c1,9.096910013008056
O=C(Nc1ccc(OC(F)(F)F)cc1)c1ccc(N2CC[C@@H](O)C2)c(-c2cncs2)c1,9.096910013008056
O=C(Nc1ccc(OC(F)(F)F)cc1)c1cnc(N2CC[C@@H](O)C2)c(-c2ccc(CO)nc2)c1,9.096910013008056
Cc1cc(-c2cc(C(=O)Nc3ccc(OC(F)(F)Cl)cc3)ccc2N2C[C@H](N)[C@@H](O)C2)[nH]n1,9.096910013008056
O=C(Nc1ccc(OC(F)(F)F)cc1)c1cnc(N2CCCC2)c(-c2ccn[nH]2)c1,9.096910013008056
C[C@@H]1COCc2nc3cc(C(=O)Nc4ccc(OC(F)(F)Cl)cc4)cc(-c4[nH]ncc4F)c3n21,9.09151498112135
CN1CCN(Cc2ccc(NC(=O)c3ccc(Cl)c(C#Cc4cnc5[nH]ncc5c4)c3)cc2C(F)(F)F)CC1,9.080921907623926
C[C@H]1Cn2c(nc3cc(C(=O)Nc4ccc(OC(F)(F)Cl)cc4)cc(-c4cncnc4)c32)CO1,9.080921907623926
O=C(Nc1ccc(OC(F)(F)Cl)cc1)c1cc(-c2cncnc2)c2c(c1)ncn2C[C@@H]1CCCO1,9.080921907623926
O=C(Nc1ccc(OC(F)(F)Cl)cc1)c1cc(-c2cncnc2)c2c(c1)ncn2CC1(O)CC1,9.065501548756432
C[C@@H](C(F)F)n1cnc2cc(C(=O)Nc3ccc(OC(F)(F)Cl)cc3)cc(-c3ccn[nH]3)c21,9.065501548756432
O=C1Nc2cc(Br)ccc2/C1=C1/Nc2ccccc2/C1=N\OCCN1CCNCC1,9.060480747381382
CCn1c(CO)nc2cc(C(=O)Nc3ccc(OC(F)(F)Cl)cc3)cc(-c3ccn[nH]3)c21,9.060480747381382
CCOc1ccc(Cc2cc([C@]34OC[C@](CO)(O3)[C@@H](O)[C@H](O)[C@H]4O)ccc2Cl)cc1,9.05700040663396
COc1ccc(Cc2cc([C@]34OC[C@](CO)(O3)[C@@H](O)[C@H](O)[C@H]4O)ccc2Cl)cc1,9.05453141486818
N#Cc1cncc(-c2cc(C(=O)Nc3ccc(OC(F)(F)F)cc3)cnc2N2CC[C@@H](O)C2)c1,9.045757490560677
CCN(CCO)c1ncc(C(=O)Nc2ccc(OC(F)(F)F)cc2)cc1-c1ccn[nH]1,9.045757490560677
Cn1c(C#N)ccc1-c1cc(C(=O)Nc2ccc(OC(F)(F)Cl)cc2)cnc1N1CC[C@@H](O)C1,9.045757490560677
N#Cc1cncc(-c2cc(C(=O)Nc3ccc(OC(F)(F)F)c(F)c3)cnc2N2CC[C@H](CO)C2)c1,9.045757490560677
Cc1ccc(C(=O)NNC(=O)c2c(C)cccc2Cl)cc1C#Cc1cnc2ccccc2c1,9.045757490560677
N[C@@H]1[C@H]2CN(c3ncc(C(=O)Nc4ccc(OC(F)(F)F)cc4)cc3-c3cncnc3)C[C@@H]12,9.045757490560677
N#Cc1cncc(-c2cc(C(=O)Nc3ccc(SC(F)(F)F)cc3)cnc2N2CC[C@H](CO)C2)c1,9.045757490560677
Cc1ccc(-c2cc(C(=O)Nc3ccc(OC(F)(F)F)cc3)cnc2N2CC[C@@H](CO)C2)cn1,9.045757490560677
COc1ccccc1-n1c(-c2cc(O)ccc2C)cn2c3c(=O)[nH]c(=O)n(C)c3nc12,9.036212172654444
COCCn1cc(Nc2nccn3c(C#Cc4cc(NC(=O)c5ccnc(C(F)(F)F)c5)ccc4C)cnc23)cn1,9.031517051446064
CC(C)(C)OC(=O)N1C[C@@H](n2cc(-c3ccc(N)nc3)nn2)C[C@H]1C(=O)Nc1ccc(Cl)c(C(F)(F)F)c1,9.0268721464003
Cc1nc(Nc2ncc(C(=O)Nc3c(C)cccc3Cl)s2)cc(C2CCN(C(=O)OCc3ccccc3)C2)n1,9.017728766960431
C[C@@H]1CCc2nc3cc(C(=O)Nc4ccc(OC(F)(F)Cl)cc4)cc(-c4ccn[nH]4)c3n21,9.013228265733757
C[C@H](CF)n1c(C(F)F)nc2cc(C(=O)Nc3ccc(OC(F)(F)Cl)cc3)cc(-c3cccnn3)c21,9.013228265733757
CCc1ccc(C(=O)Nc2ccc(CN3CCN(C)CC3)c(C(F)(F)F)c2)cc1-n1cc(-c2cnc3[nH]ncc3c2)nn1,9.008773924307503
COc1nc2cc(C(=O)Nc3ccc(OC(F)(F)Cl)cc3)cc(-c3cccnn3)c2n1[C@H](C)CO,9.0
N[C@H]1CN(c2ccc(C(=O)Nc3ccc(OC(F)(F)Cl)cc3)cc2-c2cncnc2)C[C@@H]1O,9.0
O=C(Nc1ccc(OC(F)(F)F)cc1)c1cnc(N2CCNC3(CC3)C2)c(-c2cncnc2)c1,9.0
Cc1ncc(-c2cc(C(=O)Nc3ccc(OC(F)(F)Cl)cc3)ccc2N2C[C@H](O)[C@@H](O)C2)cn1,9.0
CCN(CCO)c1ncc(C(=O)Nc2ccc(SC(F)(F)F)cc2)cc1-c1ccn[nH]1,9.0
CCN(CCO)c1ncc(C(=O)Nc2ccc(OC(F)(F)Cl)cc2)cc1-c1ccn[nH]1,9.0
CCn1nc(C#Cc2cc(C(=O)Nc3ccc(CN4CCN(C)CC4)c(C(F)(F)F)c3)ccc2C)c2c(N)ncnc21,9.0
C[C@@H]1CN(c2cccc(-c3csc(NC(=O)CNC(=O)c4ccn(S(C)(=O)=O)c4)n3)n2)C[C@H](C)O1,9.0
CN(CCO)c1ncc(C(=O)Nc2ccc(OC(F)(F)F)cc2)cc1-c1cncc(F)c1,9.0
COc1cc(Nc2c(C#N)cnc3cc(OCCON4CCN(C)CC4)c(OC)cc23)c(F)cc1Cl,9.0
O=C(Nc1ccc(OC(F)(F)Cl)cc1)c1cnc(N2CC[C@@H](O)C2)c(-c2cc(F)cnc2Cl)c1,9.0
C[C@]1(O)CCN(c2ncc(C(=O)Nc3ccc(OC(F)(F)Cl)cc3)cc2-c2ccn[nH]2)C1,9.0
CC(=O)N1CCC(COc2cc(F)c3c(=O)[nH]c(NCC4CCN(Cc5ccccn5)CC4)nc3c2)CC1,9.0
O=C(Nc1ccc(OC(F)(F)F)cc1)c1cnc(N2Cc3cn[nH]c3C2)c(-c2cncnc2)c1,9.0
O=C(Nc1ccc(OC(F)(F)Cl)cc1)c1cnc(N2CCNC3(CC3)C2)c(-c2ccn[nH]2)c1,9.0
CC(C)(C#N)c1ncc(C(=O)Nc2ccc(OC(F)(F)F)cc2)cc1-c1cncnc1,9.0
CN(CCO)c1ncc(C(=O)Nc2ccc(SC(F)(F)F)cc2)cc1-c1ccn[nH]1,9.0
CN1CCN(Cc2ccc(NC(=O)c3cccc(-n4cc(-c5cnc6[nH]ncc6c5)nn4)c3)cc2C(F)(F)F)CC1,8.995678626217357
Cc1ccc(C(=O)Nc2ccc(CN3CCN(C)CC3)c(C(F)(F)F)c2)cc1-n1cc(-c2cnc(NC3CC3)nc2)nn1,8.995678626217357
O=C(Nc1ccc(OC(F)(F)Cl)cc1)c1cc(-c2cncnc2)c2c(c1)ncn2C1CS(=O)(=O)C1,8.991399828238082
O=C(Nc1ccc(OC(F)(F)Cl)cc1)c1cc(-c2cncnc2)c2c(c1)ncn2[C@@H]1COC[C@@H]1O,8.987162775294827
Cc1ccc(C(=O)Nc2cc(-n3cncn3)cc(C(F)(F)F)c2)cc1-n1cc(-c2cnc3[nH]ncc3c2)nn1,8.987162775294827
O=C(Nc1ccc(OC(F)(F)Cl)cc1)c1cc(-c2cnoc2)c2c(c1)nc1n2C[C@@H](O)CC1,8.987162775294827
Cn1c(C(F)F)nc2c(-c3cncnc3)cc(C(=O)Nc3ccc(OC(F)(F)Cl)cc3)cc21,8.97061622231479
O=C1C[C@@H](n2cnc3cc(C(=O)Nc4ccc(OC(F)(F)Cl)cc4)cc(-c4cncnc4)c32)CN1,8.97061622231479
COc1ccc(Cc2cc([C@]34OC[C@](CO)(O3)[C@@H](O)[C@H](O)[C@H]4O)ccc2C)cc1,8.97061622231479
NCC1(F)CCN(c2ncc(C(=O)Nc3ccc(OC(F)(F)Cl)cc3)cc2-c2ccn[nH]2)C1,8.958607314841775
O=C(Nc1ccc(OC(F)(F)F)cc1)c1cnc(N2CCC[C@@H](O)C2)c(-c2cncnc2)c1,8.958607314841775
CC(C)n1nc(C#Cc2cccc(C(=O)Nc3cccc(C(F)(F)F)c3)c2)c2c(N)ncnc21,8.958607314841775
O=C(Nc1ccc(OC(F)(F)F)cc1)c1cnc(N2CC[C@H](CO)C2)c(-c2ccc(CF)nc2)c1,8.958607314841775
N#Cc1cncc(-c2cc(C(=O)Nc3ccc(SC(F)(F)F)c(F)c3)cnc2N2CC[C@@H](O)C2)c1,8.958607314841775
O=C(Nc1ccc(OC(F)(F)F)cc1)c1cnc(N2CC[C@@H](O)C2)c(-c2cncc(F)c2)c1,8.958607314841775
O=C(Nc1ccc(OC(F)(F)F)cc1)c1cnc(N2CC[C@@H](O)C2)c(-c2ccn[nH]2)c1,8.958607314841775
O=C(Nc1ccc(OC(F)(F)F)cc1)c1cnc(N2CC[C@@H](O)C2)c(-c2cncc(Cl)c2)c1,8.958607314841775
O=C(Nc1ccc(OC(F)(F)Cl)cc1)c1cnc(N2CC[C@@H](O)C2)c(-c2cc(F)cnc2F)c1,8.958607314841775
Cc1ccc(NC(=O)c2ccc(CN3CCN(C)CC3)cc2)cc1Nc1nccc(-c2cccnc2)n1,8.958607314841775
CN(C)C(=O)c1ccc(-c2cc(C(=O)Nc3ccc(OC(F)(F)Cl)cc3)cnc2N2CC[C@@H](O)C2)[nH]1,8.958607314841775
Cc1ncc(-c2cc(C(=O)Nc3ccc(OC(F)(F)F)cc3)cnc2N2CC[C@H](CO)C2)s1,8.958607314841775
N[C@@H]1CCCN(c2ncc(C(=O)Nc3ccc(OC(F)(F)Cl)cc3)cc2-c2cncnc2)C1,8.958607314841775
O=C(NC1CC1)c1cncc(-c2ccc(C(=O)N[C@@H](CO)C(=O)Nc3ccc(Cl)c(C(F)(F)F)c3)cc2)c1,8.956642168027559
CCOc1ccc(Cc2cc([C@]34OC[C@](CO)(O3)[C@@H](O)[C@H](O)[C@H]4O)ccc2C)cc1,8.954677021213342
C[C@@H]1COCc2nc3cc(C(=O)Nc4ccc(OC(F)(F)Cl)cc4)cc(-c4cc(O)ccn4)c3n21,8.954677021213342
CC(C)n1c([C@@H](C)O)nc2cc(C(=O)Nc3ccc(OC(F)(F)Cl)cc3)cc(-c3ccn[nH]3)c21,8.94692155651658
CCNc1ncc(-c2cn(-c3cc(C(=O)Nc4ccc(CN5CCN(C)CC5)c(C(F)(F)F)c4)ccc3C)nn2)cn1,8.928117992693874
N#Cc1cncc(-c2cc(C(=O)Nc3ccc(OC(F)(F)F)c(F)c3)cnc2N2CC[C@@H](O)C2)c1,8.920818753952375
O=C(Nc1ccc(OC(F)(F)F)cc1)c1ccc(N2C[C@H](O)[C@@H](O)C2)c(-c2cncnc2)c1,8.920818753952375
O=C(Nc1cc2cc(-c3cc4cc[nH]c4nc3Cl)ccn2n1)[C@@H]1C[C@@H]1F,8.920818753952375
Cc1ncc(NC(=O)c2ccc(CN3CCN(C)CC3)c(C(F)(F)F)c2)cc1Nc1nccc(-c2cccnc2)n1,8.920818753952375
O=C(Nc1ccc(OC(F)(F)F)cc1)c1cnc(N2CCC[C@H](O)C2)c(-c2cccnc2)c1,8.920818753952375
Cc1ccc(-c2cc[nH]n2)cc1-c1ccc2nc(NC(=O)[C@@H]3C[C@@H]3F)sc2c1,8.920818753952375
O=C(Nc1ccc(OC(F)(F)F)cc1)c1cnc(N2CC[C@@H](O)C2)c(-c2ccc(F)nc2)c1,8.920818753952375
Cc1cn(-c2cc(NC(=O)c3ccc(C)c(Nc4nccc(-c5cnccn5)n4)c3)cc(C(F)(F)F)c2)cn1,8.920818753952375
O=C(Nc1ccc(OC(F)(F)Cl)cc1)c1cnc(OC2CCOCC2)c(-c2cncnc2)c1,8.920818753952375
O=C(Nc1ccc(OC(F)(F)F)c(F)c1)c1cnc(N2CC[C@@H](O)C2)c(-c2cncc(F)c2)c1,8.920818753952375
CN(C)Cc1cc(C(=O)N[C@@H]2CCc3ccc(Oc4ccnc5c4CCC(=O)N5)cc3C2)cc(C(F)(F)F)c1,8.920818753952375
COc1cc(N2C3CCC2CN(c2cc(-c4ccccc4O)nnc2N)C3)ccn1,8.920818753952375
CCNC(=O)Nc1nc2ccc(-c3ccc(OC)cc3OC)cc2s1,8.920818753952375
CC(C)(O)Cn1cnc2cc(C(=O)Nc3ccc(OC(F)(F)Cl)cc3)cc(-c3cncnc3)c21,8.91721462968355
Cc1ccc(Nc2ncc3c(n2)N(C)C(=O)N(c2cc(NC(=O)c4cccc(C(F)(F)F)c4)ccc2C)C3)cn1,8.903089986991944
CC(C)n1cnc2cc(C(=O)Nc3ccc(OC(F)(F)Cl)cc3)cc(-c3ccn(C)n3)c21,8.899629454882437
Cc1cccc(C)c1-c1cc2cnc(Nc3cccc(N)c3)nc2oc1=O,8.896196279044043
Cn1cc(-c2cnc3c(-c4csc(C(=O)N[C@@H]5CCCC[C@@H]5N)c4)cnn3c2)cn1,8.886056647693163
O=C(Nc1ccc(OC(F)(F)Cl)cc1)c1cnc(N2CCC3(CNC3)C2)c(-c2ccn[nH]2)c1,8.886056647693163
Cc1ccc(C(=O)Nc2ccc(CN3Cc4cn[nH]c4C3)c(Cl)c2)cc1C#Cc1cnc2cccnn12,8.886056647693163
C[C@]1(O)CCc2nc3cc(C(=O)Nc4ccc(OC(F)(F)Cl)cc4)cc(-c4ccn[nH]4)c3n2C1,8.886056647693163
Cc1ncncc1-c1cc(C(=O)Nc2ccc(OC(F)(F)Cl)cc2)ccc1N1C[C@H](O)[C@@H](O)C1,8.886056647693163
Cc1ccc(O)cc1-c1ccc2nc(NC(=O)[C@@H]3C[C@@H]3F)sc2c1,8.886056647693163
Nc1ncc(-c2cc(C(=O)Nc3ccc(OC(F)(F)F)cc3)cnc2N2CC[C@@H](O)C2)cc1F,8.886056647693163
O=C(Nc1ccc(OC(F)(F)Cl)cc1)c1cnc(N2CCC[C@@H](O)C2)c(-c2ccn[nH]2)c1,8.886056647693163
CN(CCO)c1ncc(C(=O)Nc2ccc(SC(F)(F)F)cc2)cc1-c1cncnc1,8.886056647693163
O=C(Nc1ccc(OC(F)(F)C(F)(F)F)cc1)c1cnc(N2CC[C@@H](O)C2)c(-c2cncc(F)c2)c1,8.886056647693163
O=C(Nc1ccc(OC(F)(F)F)cc1)c1cnc(N2CC[C@@H](O)C2)c(-c2ccc[nH]2)c1,8.886056647693163
C[C@H]1COCc2nc3cc(C(=O)Nc4ccc(OC(F)(F)Cl)cc4)cc(-c4cncnc4)c3n21,8.869666231504993
O=C(NC1CC1)c1cncc(-c2cccc(C(=O)N[C@@H](CO)C(=O)Nc3ccc(Cl)c(C(F)(F)F)c3)c2)c1,8.861769097913378
CN(C)[C@H]1CN(c2ncc(C(=O)Nc3ccc(OC(F)(F)F)cc3)cc2-c2cncc(F)c2)C[C@@H]1O,8.853871964321762
CN(CCO)c1ncc(C(=O)Nc2ccc(SC(F)(F)F)cc2)cc1-c1cncc(C#N)c1,8.853871964321762
Cn1c(=O)c(-c2c(Cl)cccc2Cl)cc2cnc(Nc3ccc(OC4OC(CO)C(O)C(O)C4O)cc3)nc21,8.853871964321762
O=C(Nc1ccc(OC(F)(F)F)cc1)c1cnc(N2C[C@H](CO)[C@@H](O)C2)c(-c2cncs2)c1,8.853871964321762
N#Cc1ccncc1-c1cc(C(=O)Nc2ccc(OC(F)(F)F)cc2)cnc1N1CC[C@@H](O)C1,8.853871964321762
N[C@H]1CN(c2ccc(C(=O)Nc3ccc(OC(F)(F)Cl)cc3)cc2-c2ccn[nH]2)C[C@@H]1O,8.853871964321762
O=C(Nc1ccc(OC(F)(F)Cl)cc1)c1cnc(N2CCOCC2)c(-c2ccn[nH]2)c1,8.853871964321762
Cc1ccc(C(=O)Nc2ccc(CN3CCN(C)CC3)c(C(F)(F)F)c2)cc1C#Cc1cnc2ccccn12,8.853871964321762
O=C(Nc1ccc(OC(F)(F)Cl)cc1)c1cc(-c2cccnn2)c2c(c1)nc1n2[C@H](CO)CO1,8.85078088734462
Cc1ccc(C(=O)Nc2ccc(CN3CCOCC3)c(C(F)(F)F)c2)cc1-n1cc(-c2cnc3[nH]ncc3c2)nn1,8.847711655616944
CCN(CC)CCOc1ccc(NC(=O)c2ccc(OC)c(Nc3nccc(-c4cccnc4)n3)c2)cc1,8.82682351277468
Cc1nc(Nc2ncc(C(=O)Nc3c(Cl)ccnc3C)s2)cc(N2CCN(CCO)CC2)n1,8.823908740944319
Cc1ccc(C(=O)Nc2ccc(CN3CCN(C)CC3)c(C(F)(F)F)c2)cc1C#Cc1cnc2c(cnn2C)c1,8.823908740944319
C[C@@H]1COCc2nc3cc(C(=O)Nc4ccc(OC(F)(F)Cl)cc4)cc(-c4ncco4)c3n21,8.818156412055227
N[C@@H]1[C@H]2CN(c3ncc(C(=O)Nc4ccc(OC(F)(F)F)cc4)cc3-c3ccn[nH]3)C[C@@H]12,8.796729909783021
C[C@@H]1CN(c2cccc(-c3ccc4cnc(CNC(=O)c5ccc6c(c5)N(S(C)(=O)=O)CC6)cc4n3)n2)C[C@H](C)O1,8.795880017344075
O=C(Nc1nc2ccc(-c3cnc4[nH]ccc4c3)cc2s1)C1CC1,8.795880017344075
Cc1cccc(C)c1/C=C/n1cnc2c(Nc3ccc(P(C)(C)=O)cc3)nc(-n3ccnc3)nc21,8.795880017344075
COC(=O)c1ccc(C(=O)Nc2ccc(OC(F)(F)F)cc2)cc1-c1cncnc1,8.795880017344075
Cc1cn(-c2cc(NC(=O)c3ccc(C)c(/C=C/n4cnc5c(N)ncnc54)c3)cc(C(F)(F)F)c2)cn1,8.795880017344075
Cc1ccc2[nH]ccc2c1-c1ccc2nc(NC(=O)[C@@H]3C[C@@H]3F)sc2c1,8.795880017344075
CO[C@H]1CN(c2ncc(C(=O)Nc3ccc(OC(F)(F)F)cc3)cc2-c2cncc(F)c2)C[C@@H]1N,8.769551078621726
CCN(CCO)c1ncc(C(=O)Nc2ccc(OC(F)(F)F)cc2)cc1-c1cncnc1,8.769551078621726
O=C(Nc1ccc(S(F)(F)(F)(F)F)cc1)c1cnc(N2CC[C@@H](O)C2)c(-c2cncc(F)c2)c1,8.769551078621726
Cc1c(-c2ccn3nc(NC(=O)[C@@H]4C[C@@H]4F)cc3c2)cnc2[nH]cc(Cl)c12,8.769551078621726
Cc1nc2c(-c3ccn[nH]3)cc(C(=O)Nc3ccc(OC(F)(F)Cl)cc3)cc2n1C,8.7594507517174
CCN(CCO)c1ncc(C(=O)Nc2ccc(SC(F)(F)F)cc2)cc1-c1cncc(C#N)c1,8.744727494896694
Cc1ccc(-c2cc(C(=O)Nc3ccc(OC(F)(F)F)cc3)ccc2N2C[C@H](O)[C@@H](O)C2)cn1,8.744727494896694
O=C(Nc1ccc(OC(F)(F)Cl)cc1)c1cnc(N(CCO)CCO)c(-c2cncnc2)c1,8.744727494896694
O=C(Nc1ccc(OC(F)(F)F)cc1)c1cnc(N2C[C@@H](O)[C@@H](O)C2)c(-c2cncc(F)c2)c1,8.744727494896694
Cc1ccc(NC(=O)c2ccnc(C(F)(F)F)c2)cc1C#Cc1cnc2c(Nc3cnn(C)c3)nccn12,8.723538195826755
NC12CC1CN(c1ncc(C(=O)Nc3ccc(OC(F)(F)F)cc3)cc1-c1cncnc1)C2,8.721246399047171
CCc1ccc(C(=O)Nc2ccc(CN3CCN(C)CC3)c(C(F)(F)F)c2)cc1C#Cc1cnc2[nH]ncc2c1,8.721246399047171
COc1ccccc1NC(=O)N(CCCCC1CCCCC1)CCc1ccc(SC(C)(C)C(=O)O)cc1,8.721246399047171
O=C(Nc1ccc(OC(F)(F)F)cc1)c1cccc(-n2ccnc2)c1,8.721246399047171
O=C(NC1CC1)c1cncc(-c2cn([C@@H]3CN[C@H](C(=O)Nc4ccc(Cl)c(C(F)(F)F)c4)C3)nn2)c1,8.716722334558472
Cc1ncn(-c2cc(NC(=O)c3ccc(C)c(-n4cc(-c5cnc6[nH]ncc6c5)nn4)c3)cc(C(F)(F)F)c2)n1,8.712198270069774
Cc1ccc(NC(=O)c2ccc(C)c(C(F)(F)F)c2)cc1C#Cc1nn([C@H]2CC[C@H](O)CC2)c2ncnc(N)c12,8.698970004336019
CCN(CCO)c1ncc(C(=O)Nc2ccc(OC(F)(F)F)cc2)cc1-c1cncc(F)c1,8.698970004336019
CC[C@@](C)(Cc1ccc(OCCCOc2ccc(C3CCCCC3)cc2Cl)cc1)C(=O)O,8.698970004336019
Cc1ccc(NC(=O)c2cccc(C(F)(F)F)c2)cc1-c1ccc2nc(Nc3ccc(OCCN)cc3)ncc2c1,8.698970004336019
CCNC(=O)Nc1nc2ccc(-c3ccncc3)cc2s1,8.698970004336019
C[C@]1(O)CCN(c2ncc(C(=O)Nc3ccc(OC(F)(F)F)cc3)cc2-c2ccn[nH]2)C1,8.68837535480105
CC(=O)Nc1cccc(Nc2ncc3cc(-c4c(C)cccc4C)c(=O)oc3n2)c1,8.679853713888946
C[C@@]1(O)CCN(c2ncc(C(=O)Nc3ccc(OC(F)(F)F)cc3)cc2-c2ccn[nH]2)C1,8.674360993000928
Cc1ccc(C(=O)Nc2ccc(CN3CCN(C)CC3)c(C(F)(F)F)c2)cc1C#Cc1cnc2[nH]ccc2n1,8.67366413907125
CC(C)n1nc(C#Cc2cccc(NC(=O)c3cccc(C(F)(F)F)c3)c2)c2c(N)ncnc21,8.673393743112328
Nc1cccc(Nc2ncc3cc(-c4c(Cl)cccc4Cl)c(=O)oc3n2)c1,8.671620396561263
O=c1[nH]c(NCC2CCOCC2)nc2cc(OCC3CC3)cc(F)c12,8.657577319177793
Cc1ccc(NC(=O)c2ccc3c(c2)CC[C@@H]3N2CCN(C)CC2)cc1Nc1nccc(-c2cccnc2)n1,8.657577319177793
O=C(Nc1ccc(OC(F)(F)F)cc1)c1ccc(N2C[C@@H](O)[C@@H](O)C2)c(-c2cncnc2)c1,8.657577319177793
Cc1ccc(NC(=O)c2ccnc(C(F)(F)F)c2)cc1C#Cc1cnc2c(Nc3cnn(C)c3)ccnn12,8.649751981665837
Cc1ccc(C(=O)Nc2ccc(CN3CCN(C)CC3)c(C(F)(F)F)c2)cc1-n1cc(-c2cnn3cccnc23)nn1,8.647817481888637
CNc1nc2cc(C#Cc3cc(C(=O)Nc4ccc(CN5CCN(C)CC5)c(C(F)(F)F)c4)ccc3C)ccn2n1,8.642065152999546
Cc1ncc(C(=O)Nc2ccc(OC(F)(F)F)cc2)cc1-c1cncnc1,8.638272163982407
Cc1ccc2c(c1-c1ccc3nc(NC(=O)[C@@H]4C[C@@H]4F)sc3c1)CCN2,8.638272163982407
Cc1ccc(C(=O)Nc2ccc(CN3CCN(C)CC3)c(C(F)(F)F)c2)cc1C#Cc1cnc2cnccn12,8.638272163982407
Cc1ccc(C(=O)Nc2ccc(CN3CCNCC3)c(C(F)(F)F)c2)cc1C#Cc1cnc2cccnn12,8.638272163982407
Cc1ccc(C(=O)Nc2cc(-n3ccnc3)cc(C(F)(F)F)c2)cc1C#Cc1cnc2c(N)cccn12,8.638272163982407
C[C@@H]1CN(c2cccc(-c3ccc4cnc(CNC(=O)c5cc(Cl)c6c(c5)N(S(C)(=O)=O)CC6)cc4n3)n2)C[C@H](C)O1,8.638272163982407
CCNC(=O)Nc1nc2ccc(-c3ccccc3OCC)cc2[nH]1,8.638272163982407
CC(C)n1cnc2cc(C(=O)Nc3ccc(OC(F)(F)Cl)cc3)cc(C(N)=O)c21,8.636388020107855
COc1ccc(C(=O)Nc2ccc(OCCN(C)C)cc2)cc1Nc1nccc(-c2cccnc2)n1,8.634528153286132
Cc1ccc(NC(=O)c2ccc3c(c2)CCC3N2CCN(C)CC2)cc1Nc1nccc(-c2cncnc2)n1,8.619788758288394
Cc1c(-c2ccn3nc(NC(=O)[C@@H]4C[C@@H]4F)cc3c2)cnc2[nH]ccc12,8.619788758288394
Cc1ccc(C(=O)Nc2ccc(CN3CCN(C)CC3)c(Cl)c2)cc1C#Cc1cnc2cccnn12,8.619788758288394
O=C(Nc1ccc(OC(F)(F)Cl)cc1)c1cnc(N2CCN(CCF)CC2)c(-c2ccn[nH]2)c1,8.619788758288394
O=C(Nc1ccc(OC(F)(F)F)cc1)c1ccc(N2CC[C@@H](O)C2)c(-c2cncnc2)c1,8.619788758288394
N[C@H]1CN(c2ncc(C(=O)Nc3ccc(OC(F)(F)Cl)cc3)cc2-c2cncc(F)c2)C[C@@H]1O,8.619788758288394
O=C(NCc1nc(-c2ccc(Br)cc2)c[nH]1)Nc1ncc(Sc2ccccn2)s1,8.619788758288394
CC(=O)N1CCC(COc2cc(F)c3c(=O)[nH]c(N4CC5(CCN(C(=O)C6CC6)CC5)C4)nc3c2)CC1,8.619788758288394
O=C(Nc1ccc(OC(F)(F)F)cc1)c1cnc(N2CCCOCC2)c(-c2cncnc2)c1,8.619788758288394
C#Cc1cc(OC)c(-c2ccc3nc(NC(=O)NCCO)sc3c2)cc1C=O,8.619788758288394
O=C(Nc1ccc(OC(F)(F)Cl)cc1)c1cnc(N2CCC[C@H](O)C2)c(-c2ccn[nH]2)c1,8.610924374808178
CC(C)n1cnc2cc(C(=O)Nc3ccc(OC(F)(F)Cl)cc3)cc(-c3ccnn3C)c21,8.603800652904264
Cc1c(F)cncc1-c1ccc2nc(NC(=O)C3CC3)sc2c1,8.602059991327963
Cc1c[nH]c2ncc(-c3ccc4nc(NC(=O)C5CC5)sc4c3)cc12,8.602059991327963
O=C(Nc1ccc(OC(F)(F)F)cc1)c1cnc(N2CCOCC2)c(-c2cnccn2)c1,8.602059991327963
Cc1c[nH]c2ncc(-c3ccn4nc(NC(=O)[C@@H]5C[C@@H]5F)cc4c3)cc12,8.602059991327963
C[C@@H]1COCc2nc3cc(C(=O)Nc4ccc(OC(F)(F)Cl)cc4)cc(-c4cccnn4)c3n21,8.600326278518962
COCCn1cc(Nc2nccn3c(C#Cc4cc(NC(=O)c5cccc(C(F)(F)F)c5)ccc4C)cnc23)cn1,8.593459819566045
Cc1ccc(C(=O)Nc2ccc(CN3CCCCC3)c(C(F)(F)F)c2)cc1-n1cc(-c2cnc3[nH]ncc3c2)nn1,8.59176003468815
O=C(Nc1ccc(OC(F)(F)F)cc1)c1cnc(N2CCOCC2)c(-c2ccc(CO)nc2)c1,8.585026652029182
O=C(Nc1ccc(SC(F)(F)F)cc1)c1cnc(N2CC[C@@H](O)C2)c(-c2ccc[nH]2)c1,8.585026652029182
O=C(Nc1ccc(OC(F)(F)F)cc1)c1ccc(N2CC[C@@H](O)C2)c(-c2cccnc2)c1,8.568636235841012
COCCOc1cc(N2C3CCC2CN(c2cc(-c4ccccc4O)nnc2N)C3)ccn1,8.568636235841012
Cc1c(F)cncc1-c1ccc2nc(NC(=O)[C@@H]3C[C@@H]3F)sc2c1,8.568636235841012
CN(CCO)c1ncc(C(=O)Nc2ccc(OC(F)(F)Cl)cc2)cc1-c1ccn[nH]1,8.568636235841012
CCCOc1ccccc1-c1ccc2nc(NC(=O)NCC)sc2c1,8.55284196865778
O=C(Nc1ccc(OC(F)(F)F)cc1)c1ccc(N2C[C@H](O)[C@@H](O)C2)c(-c2cccnc2)c1,8.55284196865778
C#CCN(C)C(=O)c1cncc(-c2cnc3[nH]cc(-c4cc(C=O)c(C#C)cc4OC)c3c2)c1,8.55284196865778
CC1(C)c2cc(C3CCNCC3)ccc2-n2c1nc(=O)c1c(Br)cccc12,8.55284196865778
CCN(CCO)c1ncc(C(=O)Nc2ccc(OC(F)(F)F)cc2)cc1-c1cncc(C#N)c1,8.55284196865778
CC(F)(F)Oc1ccc(NC(=O)c2cnc(N3CC[C@@H](O)C3)c(-c3cncc(F)c3)c2)cc1,8.55284196865778
COc1cc(Nc2c(C#N)cnc3cc(OCC4CCN(C)CC4)c(OC)cc23)c(Cl)cc1Cl,8.537602002101044
Cc1n[nH]c2ccc(-c3cc(N[C@@H](CO)c4ccccc4)cnc3-c3cc(F)ccc3O)cc12,8.537602002101044
Cc1c(-c2ccn3nc(NC(=O)[C@@H]4C[C@@H]4F)cc3c2)cnc2[nH]cc(F)c12,8.537602002101044
O=C(Nc1ccc(OC(F)(F)Cl)cc1)c1cnc(Cl)c(-c2cncnc2)c1,8.537602002101044
O=C(Nc1ccc(OC(F)(F)F)cc1)c1cnc(N2CC[C@@H](O)C2)c(-c2ccc(C(F)(F)F)nc2)c1,8.537602002101044
Cc1nc(Nc2ncc(C(=O)Nc3c(C)nn(C)c3C)s2)cc(N2CCN(CCO)CC2)n1,8.528708288941061
COc1ccc(-c2cc(C(=O)Nc3ccc(OC(F)(F)F)cc3)cnc2N2CC[C@@H](CN)C2)cn1,8.522878745280337
CC1(O)CCN(c2ccc(C(=O)Nc3ccc(OC(F)(F)F)cc3)cc2-c2cncs2)C1,8.522878745280337
O=C(Nc1ccc(OC(F)(F)F)cc1)c1cnc(N2CC[C@H](CO)C2)c(-c2cccnc2)c1,8.522878745280337
O=C(Nc1ccc(OC(F)(F)F)cc1)c1cnc(N2CC[C@@H](O)C2)c(-c2csc(CO)c2)c1,8.522878745280337
CC1(O)CCN(c2ccc(C(=O)Nc3ccc(OC(F)(F)F)cc3)cc2-c2cncnc2)C1,8.522878745280337
Cc1ccc(-c2cc(C(=O)Nc3ccc(OC(F)(F)F)cc3)cnc2N(C)CCO)cn1,8.522878745280337
Cc1ccc(-c2cc(C(=O)Nc3ccc(OC(F)(F)F)cc3)cnc2NCCCO)cn1,8.522878745280337
Cc1ccc(-c2cc(C(=O)Nc3ccc(OC(F)(F)F)cc3)cnc2NCCO)cn1,8.522878745280337
CN(C)CCCN(C)c1ncc(C(=O)Nc2ccc(OC(F)(F)F)cc2)cc1-c1cccnc1,8.522878745280337
Cc1ccc(-c2cc(C(=O)Nc3ccc(OC(F)(F)F)cc3)cnc2N2CC[C@@H](N)C2)cn1,8.522878745280337
Cc1ccc(-c2cc(C(=O)Nc3ccc(OC(F)(F)F)cc3)cnc2N2CC[C@H](CN)C2)cn1,8.522878745280337
CC(F)(F)Oc1ccc(NC(=O)c2cnc(N3CC[C@@H](O)C3)c(-c3cncc(C#N)c3)c2)cc1,8.522878745280337
O=C(Nc1ccc(OC(F)(F)F)cc1)c1ccc(OCCO)c(-c2cncnc2)c1,8.522878745280337
O=C(Nc1ccc(OC(F)(F)F)cc1)c1cccc(-c2ccc(CN3CCCC3)s2)c1,8.522878745280337
CS(=O)(=O)n1ccc(C(=O)NCC(=O)Nc2nc(-c3cccc(-c4ccncc4)n3)cs2)c1,8.522878745280337
O=c1[nH]c(CS[C@H]2CC[C@H](O)CC2)nc2cc(OCC3CC3)cc(F)c12,8.522878745280337
CN(c1ncc(C(=O)Nc2ccc(OC(F)(F)F)cc2)cc1-c1cncnc1)C1CCOCC1,8.522878745280337
CN(CCCO)c1ncc(C(=O)Nc2ccc(OC(F)(F)F)cc2)cc1-c1cncnc1,8.522878745280337
CN(CCO)c1ccc(C(=O)Nc2ccc(OC(F)(F)F)cc2)cc1-c1cncs1,8.522878745280337
Cc1ncc(-c2cc(C(=O)Nc3ccc(OC(F)(F)F)cc3)ccc2N2CC[C@@H](O)C2)cn1,8.522878745280337
N[C@H]1CCN(c2ncc(C(=O)Nc3ccc(OC(F)(F)F)cc3)cc2-c2cccnc2)C1,8.522878745280337
CN[C@H]1CCN(c2ncc(C(=O)Nc3ccc(OC(F)(F)F)cc3)cc2-c2cccnc2)C1,8.522878745280337
CN[C@H]1CCN(c2ncc(C(=O)Nc3ccc(OC(F)(F)F)cc3)cc2-c2ccc(C)nc2)C1,8.522878745280337
Cc1ncc(-c2cc(C(=O)Nc3ccc(OC(F)(F)F)cc3)cnc2N2CC[C@@H](O)C2)s1,8.522878745280337
CN[C@@H]1CCN(c2ncc(C(=O)Nc3ccc(OC(F)(F)F)cc3)cc2-c2cccnc2)C1,8.522878745280337
Cc1ccc(-c2cc(C(=O)Nc3ccc(OC(F)(F)F)cc3)cnc2N2CCCN(C)CC2)cn1,8.522878745280337
Cc1ccc(-c2cc(C(=O)Nc3ccc(OC(F)(F)F)cc3)cnc2N2CCC[C@H](O)C2)cn1,8.522878745280337
COc1ncc(C(=O)Nc2ccc(OC(F)(F)F)cc2)cc1-c1cncnc1,8.522878745280337
O=C(Nc1ccc(OC(F)(F)F)cc1)c1cnc(N2CC[C@@H](O)C2)c(-c2cccnc2F)c1,8.522878745280337
O=C(Nc1ccc(OC(F)(F)F)cc1)c1cnc(N2CC[C@@H](O)C2)c(-c2ccoc2)c1,8.522878745280337
Cc1ccc(-c2cc(C(=O)Nc3ccc(OC(F)(F)F)cc3)cnc2N2CCCC(O)C2)cn1,8.522878745280337
Cc1ccc(-c2cc(C(=O)Nc3ccc(OC(F)(F)F)cc3)cnc2N2CCC(O)C2)cn1,8.522878745280337
NC12CC1CN(c1ncc(C(=O)Nc3ccc(OC(F)(F)F)cc3)cc1-c1ccn[nH]1)C2,8.522878745280337
CN[C@@H]1CCN(c2ncc(C(=O)Nc3ccc(OC(F)(F)F)cc3)cc2-c2ccc(C)nc2)C1,8.522878745280337
CN1CCCN(c2ncc(C(=O)Nc3ccc(OC(F)(F)F)cc3)cc2-c2cccnc2)CC1,8.522878745280337
CN1CC2CN(c3ncc(C(=O)Nc4ccc(OC(F)(F)F)cc4)cc3-c3cncnc3)CC2C1,8.522878745280337
Cc1ccc(-c2cc(C(=O)Nc3ccc(OC(F)(F)F)cc3)ccc2N2CC[C@@H](O)C2)cn1,8.522878745280337
Cc1cncc(-c2cc(C(=O)Nc3ccc(OC(F)(F)F)cc3)cnc2N2CC[C@@H](O)C2)c1,8.522878745280337
O=C(Nc1ccc(OC(F)(F)F)cc1)c1ccc(N2CC[C@H](O)C2)c(-c2cncnc2)c1,8.522878745280337
CC(C)CN1CCN(CCOc2ccc(C(=O)Nc3ccc(OC(F)(F)F)cc3)cc2-c2cncnc2)CC1,8.522878745280337
O=C(Nc1ccc(OC(F)(F)F)cc1)c1ccc(Cl)c(-c2cncnc2)c1,8.522878745280337
COc1cncc(-c2cc(C(=O)Nc3ccc(OC(F)(F)F)cc3)cnc2N2CC[C@@H](O)C2)c1,8.522878745280337
O=C(Nc1ccc(OC(F)(F)F)cc1)c1ccc(N2C[C@H](O)[C@@H](O)C2)c(-c2cncs2)c1,8.522878745280337
O=C(Nc1ccc(OC(F)(F)F)cc1)c1cnc(N2CCCC(O)C2)c(-c2cncnc2)c1,8.522878745280337
O=C(Nc1ccc(OC(F)(F)F)cc1)c1cnc(N2CCCC(CO)C2)c(-c2cncnc2)c1,8.522878745280337
CC[C@@](C)(Cc1ccc(OCCCOc2ccc(OC(F)(F)F)cc2Cl)cc1)C(=O)O,8.522878745280337
COc1ncc(-c2cc(C(=O)Nc3ccc(OC(F)(F)F)cc3)ccc2C)cn1,8.522878745280337
N#C[C@H]1CCCN(c2ncc(C(=O)Nc3ccc(OC(F)(F)F)cc3)cc2-c2cncnc2)C1,8.522878745280337
N#C[C@@H]1CCCN(c2ncc(C(=O)Nc3ccc(OC(F)(F)F)cc3)cc2-c2cncnc2)C1,8.522878745280337
O=C(Nc1ccc(OC(F)(F)F)cc1)c1cnc(NCCO)c(-c2cccnc2)c1,8.522878745280337
O=C(Nc1ccc(OC(F)(F)F)cc1)c1cnc(N2Cc3ccncc3C2)c(-c2cncnc2)c1,8.522878745280337
CC(=O)NC1CCCN(c2ncc(C(=O)Nc3ccc(OC(F)(F)F)cc3)cc2-c2cncnc2)C1,8.522878745280337
O=C(Nc1ccc(OC(F)(F)F)cc1)c1cnc(N2CC[C@@H](CO)C2)c(-c2cccnc2)c1,8.522878745280337
NC[C@H]1CCN(c2ncc(C(=O)Nc3ccc(OC(F)(F)F)cc3)cc2-c2cccnc2)C1,8.522878745280337
NC[C@@H]1CCN(c2ncc(C(=O)Nc3ccc(OC(F)(F)F)cc3)cc2-c2cccnc2)C1,8.522878745280337
O=C(Nc1ccc(OC(F)(F)F)cc1)c1cnc(N2CCC(O)CC2)c(-c2cncnc2)c1,8.522878745280337
O=C(Nc1ccc(OC(F)(F)F)cc1)c1cnc(N2CCC(O)C2)c(-c2cccnc2)c1,8.522878745280337
O=C(Nc1ccc(OC(F)(F)F)cc1)c1cnc(N2CCC(O)C2)c(-c2ccc(C(F)(F)F)nc2)c1,8.522878745280337
Cc1ccc(C(=O)Nc2ccc(OC(F)(F)F)cc2)cc1-c1cncs1,8.522878745280337
N[C@@H]1CCN(c2ncc(C(=O)Nc3ccc(OC(F)(F)F)cc3)cc2-c2cccnc2)C1,8.522878745280337
CC[C@@](C)(Cc1ccc(OCCCOc2ccc(C(F)(F)F)cc2Cl)cc1)C(=O)O,8.522878745280337
O=C(Nc1ccc(SC(F)(F)F)cc1)c1cccc(-c2cncnc2)c1,8.522878745280337
O=C(Nc1ccc(OC(F)(F)F)cc1)c1cnc(N2CCC3(COC3)C2)c(-c2cncnc2)c1,8.522878745280337
O=C(Nc1ccc(OC(F)(F)F)cc1)c1cnc(N2CCC3(CCNC3=O)C2)c(-c2cncnc2)c1,8.522878745280337
COc1ccc(C(=O)Nc2ccc(OC(F)(F)F)cc2)cc1-c1cncnc1,8.522878745280337
O=c1[nH]c(CSC2CCC(O)CC2)nc2cc(OCC3CC3)cc(F)c12,8.522878745280337
COc1cc2[nH]nc(-c3nc4ccc(N5CCC(N6CCCCC6)CC5)cc4[nH]3)c2cc1OCc1ccccc1,8.522878745280337
Cc1ccc(C(=O)Nc2ccc(CN3CCC4C=NNC4C3)c(Cl)c2)cc1C#Cc1cnc2cccnn12,8.508638306165727
Cc1c(-c2ccn3nc(NC(=O)[C@H]4C[C@H]4F)cc3c2)cnc2[nH]ccc12,8.508638306165727
O=C(Nc1ccc(OC(F)(F)F)cc1)c1cccc(-c2cnccn2)c1,8.508638306165727
Nc1ccc(-c2cn([C@@H]3CN[C@H](C(=O)Nc4ccc(Cl)c(C(F)(F)F)c4)C3)nn2)cn1,8.507938958569444
CSc1nc2cc(C(=O)Nc3ccc(OC(F)(F)Cl)cc3)cc(Br)c2n1[C@@H](C)[C@H](O)CO,8.498940737782249
CC(=O)Nc1n[nH]c2cc(-c3cn([C@@H]4CN[C@H](C(=O)Nc5ccc(Cl)cc5Cl)C4)nn3)ccc12,8.498269733945246
N[C@@H]1CN(c2ncc(C(=O)Nc3ccc(OC(F)(F)Cl)cc3)cc2-c2ccn[nH]2)C[C@H]1F,8.49569991411904
COc1ccc(C(=O)Nc2ccc(OC(F)(F)F)cc2)cc1-c1cccnc1,8.494850021680094
O=C(Nc1ccc(OC(F)(F)F)cc1)c1ccc(F)c(-c2cncnc2)c1,8.494850021680094
O=C(Nc1nc2ccc(-c3cnc4[nH]ccc4c3)cc2s1)C1C[C@@H]1F,8.494850021680094
O=C(Nc1cc2cc(-c3cnc4[nH]cc(Cl)c4c3)ccn2n1)[C@@H]1C[C@@H]1F,8.494850021680094
COc1ccc(C(=O)Nc2cccc(F)c2)cc1Nc1nccc(-c2cccnc2)n1,8.49417249463761
Cc1ccc(C(=O)Nc2ccc(CN3CCN(C)CC3)c(C(F)(F)F)c2)cc1C#Cc1cnc2c(Nc3cnn(C)c3)ccnn12,8.489454989793387
COC(=O)c1cc(-c2cccc(C(=O)Nc3ccc(OC(F)(F)F)cc3)c2)cs1,8.481486060122112
Cc1c(-c2ccn3nc(NC(=O)[C@H]4C[C@@H]4F)cc3c2)cnc2[nH]ccc12,8.481486060122112
O=C(Nc1ccc(OC(F)(F)Cl)cc1)c1cnc(N2CCN(CC(F)F)CC2)c(-c2ccn[nH]2)c1,8.481486060122112
O=C(Nc1ccc(OC(F)(F)F)cc1)c1cnc(N2CCCC2)c(-c2cc(CO)n[nH]2)c1,8.481486060122112
Cc1ccc(NC(=O)c2ccc(CN3CCN(C)CC3)c(C(F)(F)F)c2)cc1C#Cc1cnc2c(Nc3cnn(C)c3)nccn12,8.47755576649368
COc1ccc(C(=O)Nc2ccc(OC(F)(F)F)cc2)cc1-c1ccc(F)nc1,8.468521082957745
O=C(Nc1ccc(OC(F)(F)Cl)cc1)c1cnc(N2CCN(C3CC3)CC2)c(-c2ccn[nH]2)c1,8.468521082957745
COc1ccc(C(=O)Nc2ccc(OC(F)(F)F)cc2)cc1-c1ccc(C(C)=O)s1,8.468521082957745
O=C(Nc1ccc(OC(F)(F)F)cc1)c1cccc(-c2cncnc2)c1,8.468521082957745
CCCCCCCCCCCOc1cccc(CCC(=O)NC[C@@H](O)COP(=O)(O)OC[C@H](NC(=O)CC)C(=O)O)c1,8.468521082957745
Cc1ccc(C(=O)Nc2ccc(CN3CCN(C)CC3)c(C(F)(F)F)c2)cc1-n1cc(-c2cnc3ncccn23)nn1,8.46344155742847
CC(=O)Nc1ccc(-c2cn([C@@H]3CN[C@H](C(=O)Nc4ccc(Cl)c(C(F)(F)F)c4)C3)nn2)cn1,8.459056430288225
COc1ccc(Cl)c(Nc2c(C#N)cnc3cc(OCC4CCN(C)CC4)c(OC)cc23)c1,8.455931955649724
O=C(Nc1ccc(OC(F)(F)F)cc1)c1cnc(N2CC[C@@H](O)C2)c(-c2cc(F)cnc2F)c1,8.455931955649724
Nc1ncc(-c2cncc(C(=O)Nc3ccc(OC(F)(F)F)cc3)c2)cn1,8.455931955649724
Cc1ccc(C(=O)Nc2ccc(OC(F)(F)F)cc2)cc1-c1cncnc1,8.455931955649724
CC(=O)Nc1cccc(Nc2ncc3cc(-c4c(Cl)cccc4Cl)c(=O)oc3n2)c1,8.454692883534175
O=C(Nc1ccc(OC(F)(F)F)cc1)c1ccc(N2C[C@H](O)[C@@H](O)C2)c(-c2ccc[nH]2)c1,8.449814727441218
Cc1ccc(C(=O)Nc2ccc(CN3CCN(CCO)CC3)c(C(F)(F)F)c2)cc1C#Cc1cnc(C(N)=O)n1C,8.443697499232712
O=C(Nc1cc2cc(-c3cnc4[nH]c(Cl)cc4c3)ccn2n1)[C@@H]1C[C@@H]1F,8.443697499232712
C#Cc1ccc(C)c(-c2ccc3nc(NC(=O)[C@@H]4C[C@@H]4F)sc3c2)c1,8.443697499232712
O=C(Nc1ccc(OC(F)(F)F)cc1)c1ccc(OCCN2CCOCC2)c(-c2cncnc2)c1,8.443697499232712
O=C(Nc1cc2cc(-c3cnc4[nH]cc(F)c4c3)ccn2n1)[C@@H]1C[C@@H]1F,8.443697499232712
Cc1ccc(C(=O)Nc2ccc(CN3CCN(C)CC3)c(C(F)(F)F)c2)cc1C#Cc1cnc(C(N)=O)n1C,8.443697499232712
CC(=O)c1sc(NC(=O)N[C@@H]2CN(C(C)=O)CC[C@H]2CN2CCC[C@@H](Cc3ccc(F)cc3)C2)nc1C,8.443697499232712
CN1CCN(C(=O)c2ccc(Nc3ncc4cc(-c5c(Cl)cccc5Cl)c(=O)n(C)c4n3)cc2)CC1,8.443697499232712
CCNC(=O)Nc1nc2ccc(-c3ccccc3OC(F)(F)F)cc2s1,8.443697499232712
CCS(=O)(=O)N1CCc2ccc(C(=O)NCc3cc4nc(-c5cccc(N6C[C@@H](C)O[C@@H](C)C6)n5)ccc4cn3)cc21,8.443697499232712
CO[C@H]1CN(c2ncc(C(=O)Nc3ccc(OC(F)(F)F)cc3)cc2-c2ccn[nH]2)C[C@@H]1N,8.443697499232712
Cc1ccccc1-c1ccc2nc(NC(=O)[C@@H]3C[C@@H]3F)sc2c1,8.431798275933005
O=C(Nc1ccc(OC(F)(F)F)cc1)c1cnc(N2C[C@H](O)[C@@H](F)C2)c(-c2ccn[nH]2)c1,8.431798275933005
O=C(NCc1nc(-c2ccc(Cl)c(Cl)c2)c[nH]1)Nc1ncc(Sc2ccccn2)s1,8.431798275933005
O=C(O)CCCC[C@@H]1SC[C@@H]2NC(=O)N[C@@H]21,8.428291168191313
CC(C)(C)OC[C@H](NC(=O)c1cccc(-c2ccc(C(=O)NC3CC3)nc2)c1)C(=O)Nc1ccc(Cl)c(C(F)(F)F)c1,8.423092567827736
COc1ccc(C(=O)Nc2ncccn2)cc1Nc1nccc(-c2cccnc2)n1,8.421362301772982
CCCCCCCCCCCOc1cccc(CCC(=O)NC[C@@H](O)COP(=O)(O)OC[C@H](NC(=O)C(C)(C)C)C(=O)O)c1,8.42021640338319
O=C(Nc1ccc(OC(F)(F)F)cc1)c1cnc(N2CCOC(CO)C2)c(-c2cncnc2)c1,8.4089353929735
O=C(Nc1ccc(OC(F)(F)Cl)cc1)c1cnc(Cl)c(-c2cncc(F)c2)c1,8.4089353929735
N#Cc1cncc(-c2cccc(C(=O)Nc3ccc(OC(F)(F)F)cc3)c2)c1,8.4089353929735
Cc1ccc(NC(=O)c2cccc(C(F)(F)F)c2)cc1C#Cc1cnc2c(Nc3cnn(C)c3)nccn12,8.407823242604133
Cc1ccc(NC(=O)c2ccc(CN3CCC(N(C)C)C3)c(C(F)(F)F)c2)cc1Nc1nccc(-c2cncnc2)n1,8.400007822415901
Cc1ccc(NC(=O)c2ccc(CN3CCN(C)CC3)c(C(F)(F)F)c2)cc1Nc1nccc(-c2cncnc2)n1,8.39897391554397
Cc1cc2cc(-c3ccn4nc(NC(=O)[C@@H]5C[C@@H]5F)cc4c3)cnc2[nH]1,8.397940008672037
CO[C@H]1CN(c2ccc(C(=O)Nc3ccc(OC(F)(F)F)cc3)cc2-c2cncs2)C[C@@H]1O,8.397940008672037
O=C(c1ccc(/C=C/c2n[nH]c3ccccc23)cc1)N1CCNCC1,8.397940008672037
CS(=O)(=O)n1ccc(C(=O)NCC(=O)Nc2nc(-c3cccc(-c4ccncc4)c3)cs2)c1,8.397940008672037
O=C(Nc1ccc(OC(F)(F)F)cc1)c1cnc(N2CC[C@@H](O)C2)c(-c2ccc3ccncc3c2)c1,8.397940008672037
CSCC[C@H](NC(=O)c1ccn(S(C)(=O)=O)c1)C(=O)Nc1nc(-c2cccc(-c3ccncc3)c2)cs1,8.397940008672037
Cc1ccc(C(=O)Nc2ccc(OC(F)(F)F)cc2)cc1-n1ccnc1,8.397940008672037
O=C(Nc1ccc(OC(F)(F)F)cc1)c1cnc(N2C3COCC2COC3)c(-c2cncnc2)c1,8.397940008672037
O=C(Nc1ccc(OC(F)(F)F)cc1)c1cnc(N2CCCNCC2)c(-c2cccnc2)c1,8.397940008672037
Cc1ccc(C(=O)Nc2ccc(CN3CCN(C)CC3)cc2)cc1C#Cc1cnc2cccnn12,8.397940008672037
O=C(Nc1ccc(OC(F)(F)F)cc1)c1cnc(N2CCCC(O)C2)c(-c2cccnc2)c1,8.397940008672037
COC[C@H](NC(=O)c1ccn(S(C)(=O)=O)c1)C(=O)Nc1nc(-c2cccc(-c3ccncc3)c2)cs1,8.397940008672037
COc1ccc(-c2cc(C(=O)Nc3ccc(OC(F)(F)F)cc3)cnc2N2CC[C@@H](O)C2)cn1,8.397940008672037
Cc1ccc(C(=O)Nc2ccc(OC(F)(F)F)cc2)cc1-c1cccnc1,8.397940008672037
Cc1cc(N)nc(C)c1-c1ccc2nc(NC(=O)[C@@H]3C[C@@H]3F)sc2c1,8.397940008672037
CN1CCN(c2ccc(C(=O)Nc3n[nH]c4sc(C(=O)NC(C)(C)c5ccccc5)cc34)cc2)CC1,8.389978975335854
CN1CCN(c2ccc(C(=O)Nc3[nH]nc4sc(C(=O)NC(C)(C)c5ccccc5)cc34)cc2)CC1,8.387216143280265
N[C@]1(C(F)(F)F)CCN(c2ncc(C(=O)Nc3ccc(OC(F)(F)F)cc3)cc2-c2ccn[nH]2)C1,8.387216143280265
Cc1ccncc1-c1ccc2nc(NC(=O)[C@@H]3C[C@@H]3F)sc2c1,8.387216143280265
Cc1ccc(NC(=O)c2cccc(C(F)(F)F)c2)cc1C#Cc1cnc2c(Nc3cnn(C)c3)ccnn12,8.378823718224965
Cc1cccc(F)c1-c1ccc2nc(NC(=O)C3CC3)sc2c1,8.3767507096021
Cc1cnc(-c2cc(C(=O)Nc3ccc(OC(F)(F)F)cc3)cnc2N2CC[C@@H](O)C2)[nH]1,8.3767507096021
O=C(Nc1ccc(OC(F)(F)F)cc1)c1cnc(OCCNCCO)c(-c2cncnc2)c1,8.3767507096021
Cc1c(-c2ccn3nc(NC(=O)[C@@H]4C[C@H]4F)cc3c2)cnc2[nH]ccc12,8.3767507096021
Cc1nc(Nc2ncc(C(=O)Nc3c(Cl)ccnc3C)s2)cc(N2CCN(C)CC2)n1,8.366531544420413
Cc1ccc(C(=O)Nc2ccc(CN3CCN(CC(=O)O)CC3)c(C(F)(F)F)c2)cc1C#Cc1cnc(C(N)=O)n1C,8.366531544420413
O=C(Nc1cc2cc(-c3cnc4[nH]cc(Cl)c4c3Cl)ccn2n1)[C@@H]1C[C@@H]1F,8.366531544420413
COc1cc2ncc(C#N)c(Nc3ccc(Cl)cc3Cl)c2cc1OC,8.357536606504857
O=C(Nc1nc2ccc(-c3ccccc3)cc2s1)[C@@H]1C[C@@H]1F,8.356547323513812
Cc1nc(NCCO)cc(Nc2ncc(C(=O)Nc3c(Cl)ccnc3C)s2)n1,8.35359627377693
Cc1c(Cc2c(Cl)cccc2Cl)c(=O)ccn1CCc1ccc(-c2c[nH]c(CNC(=O)Nc3nc4ccc(S(C)(=O)=O)cc4s3)n2)cc1,8.346787486224656
Nc1n[nH]c2cccc(C#Cc3cccc(NC(=O)c4ccc(N5CCOCC5)c(C(F)(F)F)c4)c3)c12,8.337242168318426
COc1cc(Nc2c(C#N)cnc3cc(OCC4CCCN(C)C4)c(OC)cc23)c(Cl)cc1Cl,8.337242168318426
O=c1nc2n(c3cccc(Br)c13)-c1ccc(C3CCNCC3)cc1C21CCCCC1,8.337242168318426
COc1cc(OCC(=O)O)c(C)cc1SCc1ccc(OCc2ccc(C(F)(F)F)cc2)cc1,8.327902142064282
CCCCCCCCCCCOc1cccc(CCC(=O)NC[C@@H](O)COP(=O)(O)OC[C@H](C)C(=O)O)c1,8.327902142064282
O=C(Nc1cn2cc(-c3cccc(F)c3OCCF)ccc2n1)[C@@H]1C[C@@H]1F,8.327902142064282
COc1ccc(C(=O)Nc2ccc(F)c(Cl)c2)cc1Nc1nccc(-c2cccnc2)n1,8.326520500663236
CC(C)n1cnc2cc(C(=O)Nc3ccc(OC(F)(F)Cl)cc3)nc(-c3cncnc3)c21,8.320572103387882
COc1ccc(C(=O)Nc2ccc(Br)cc2)cc1Nc1nccc(-c2cccnc2)n1,8.319211624604925
COc1ccc(Cc2ccccc2O[C@@H]2O[C@H](CO)[C@@H](O)[C@H](O)[C@H]2O)cc1,8.318758762624412
CC(=O)Nc1nc2ccc(-c3cn([C@@H]4CN[C@H](C(=O)Nc5ccc(Cl)cc5Cl)C4)nn3)nc2s1,8.318758762624412
Cc1ccc(C(=O)Nc2ccc(CN3CCN(C)CC3)c(C(F)(F)F)c2)cc1C#Cc1cnc2[nH]nc(-c3ccccc3)c2c1,8.318758762624412
COCCN1CCN(Cc2ccc(NC(=O)c3ccc(C)c(C#Cc4cnc(C(N)=O)n4C)c3)cc2C(F)(F)F)CC1,8.318758762624412
Cc1ccc(NC(=O)c2ccc(CN3CC[C@H](N(C)C)C3)c(C(F)(F)F)c2)cc1Nc1nccc(-c2cncnc2)n1,8.317256007554551
O=C(Nc1cn2cc(-c3ccccc3CCF)ccc2n1)[C@@H]1C[C@@H]1F,8.309803919971486
O=C(Nc1ccc(OC(F)(F)F)cc1)c1cnc(Cl)c(-c2cncc(F)c2)c1,8.309803919971486
Cc1ccc(C(=O)Nc2cccc(C(F)(F)F)c2)cc1C#Cc1cnc2c(Nc3cnn(C)c3)ccnn12,8.308918507877031
Cc1cn(-c2cc(C(=O)Nc3ccc(C)c(C#Cc4cnc5c(Nc6cnn(C)c6)nccn45)c3)cc(C(F)(F)F)c2)cn1,8.30715308072277
Nc1cnc(Cl)cc1NC(=O)Nc1cc(C(F)F)ns1,8.301029995663981
Nc1cnc(F)cc1NC(=O)Nc1cc(C(F)F)ns1,8.301029995663981
O=C(Nc1cc(C(F)F)ns1)Nc1cc(F)ncc1CO,8.301029995663981
O=C(Nc1ccc(OC(F)(F)F)cc1)c1cnc(Cl)c(-c2ncc[nH]2)c1,8.301029995663981
O=C(Nc1ccnc(Cl)c1)Nc1cc(C(F)F)ns1,8.301029995663981
O=C(Nc1cc(C(F)F)ns1)Nc1cc(Cl)ncc1CO,8.301029995663981
O=C(Nc1ccc(OC(F)(F)F)cc1)c1cnc(N2CCOC(CO)C2)c(-c2ccn[nH]2)c1,8.301029995663981
Cc1ccc(C(=O)Nc2ccc(CN3CCN(C)CC3)c(C(F)(F)F)c2)cc1C#Cc1cn(C(C)C)c2ncnc(N)c12,8.301029995663981
Cc1ccc(C(=O)Nc2ccc(CN3CCN(C)CC3)c(C(F)(F)F)c2)cc1C#Cc1cn(C)c2ncnc(N)c12,8.301029995663981
CN(CCOc1ccc(Cc2sc(=O)[nH]c2O)cc1)c1ccccn1,8.301029995663981
Cc1ccc(C(=O)Nc2ccc(CN3CCN(C)CC3)c(C(F)(F)F)c2)cc1C#Cc1cn([C@H]2CC[C@H](O)CC2)c2ncnc(N)c12,8.301029995663981
COC[C@H](NC(=O)c1ccn(S(C)(=O)=O)c1)C(=O)Nc1nc(-c2cccc(N3C[C@@H](C)O[C@@H](C)C3)n2)cs1,8.301029995663981
O=C(Nc1ccc(OC(F)(F)F)cc1)c1cnc(N2CCOCC2)c(-c2ccn[nH]2)c1,8.301029995663981
O=C(Nc1ccc(OC(F)(F)F)cc1)c1cnc(N2CCC[C@@H](O)C2)c(-c2cccnc2)c1,8.301029995663981
Cc1ccc(NC(=O)c2ccc(CN3CCN(C)CC3)c(C(F)(F)F)c2)cc1C#Cc1cn(C)c2ncnc(N)c12,8.301029995663981
Cc1ccc(NC(=O)c2ccc(CN3CCN(C)CC3)c(C(F)(F)F)c2)cc1C#Cc1cn([C@H]2CC[C@H](O)CC2)c2ncnc(N)c12,8.301029995663981
N#Cc1ccc(-c2cc(C(=O)Nc3ccc(OC(F)(F)F)cc3)cnc2N2CC[C@H](CO)C2)cn1,8.301029995663981
Cc1ccc(C(=O)Nc2cccc(C(F)(F)F)c2)cc1C#Cc1cn(C)c2ncnc(N)c12,8.301029995663981
Cc1ccc(C(=O)Nc2cccc(C(F)(F)F)c2)cc1C#Cc1cn([C@H]2CC[C@H](O)CC2)c2ncnc(N)c12,8.301029995663981
Cc1ccc(NC(=O)c2cccc(C(F)(F)F)c2)cc1Nc1nccc(-c2cccnc2)n1,8.301029995663981
Cc1cn(-c2cc(NC(=O)c3ccc(C)c(C#Cc4cnc(NC5CC5)nc4)c3)cc(C(F)(F)F)c2)cn1,8.301029995663981
CCn1cc(C#Cc2cccc(C(=O)Nc3cccc(C(F)(F)F)c3)c2)c2c(N)ncnc21,8.301029995663981
CCn1cc(C#Cc2cc(C(=O)Nc3ccc(CN4CCN(C)CC4)c(C(F)(F)F)c3)ccc2C)c2c(N)ncnc21,8.301029995663981
CCn1cc(C#Cc2cc(C(=O)Nc3cccc(C(F)(F)F)n3)ccc2C)c2c(N)ncnc21,8.301029995663981
Cc1cn(-c2cc(NC(=O)c3ccc(C)c(C#Cc4cn(C)c5ncnc(N)c45)c3)cc(C(F)(F)F)c2)cn1,8.301029995663981
CCn1cc(C#Cc2cc(C(=O)Nc3ccc(CN(C)C)c(C(F)(F)F)c3)ccc2C)c2c(N)ncnc21,8.301029995663981
CC(C)c1cc(CNc2nc(Nc3cc(C4CC4)[nH]n3)cc(N3CCN(C)CC3)n2)on1,8.301029995663981
CC1(C)CC(NC(=O)c2cccc(-c3cc4nccc(Nc5cccc(O)c5)n4n3)c2)CC(C)(C)N1[O],8.301029995663981
Nc1ncnc2c1c(-c1cccc(O)c1)cn2C1CCC1,8.301029995663981
Cc1ccc(-c2cc(C(=O)Nc3ccc(OC(F)(F)F)cc3)cnc2N2CC[C@@H](CN)C2)cn1,8.301029995663981
O=c1[nH]c(N2CCC3(CC2)CC(O)C3)nc2cc(OCC3CC3)cc(F)c12,8.301029995663981
Cc1ncccc1-c1cc(C(=O)Nc2ccc(OC(F)(F)F)cc2)cnc1N1CC[C@@H](O)C1,8.301029995663981
CCn1cc(C#Cc2cc(NC(=O)c3cccc(C(F)(F)F)c3)ccc2C)c2c(N)ncnc21,8.301029995663981
CCn1cc(C#Cc2cc(NC(=O)c3cc(-n4cnc(C)c4)cc(C(F)(F)F)c3)ccc2C)c2c(N)ncnc21,8.301029995663981
CCn1cc(C#Cc2cc(NC(=O)c3ccc(CN4CCN(C)CC4)c(C(F)(F)F)c3)ccc2C)c2c(N)ncnc21,8.301029995663981
COC[C@@H](NC(=O)c1ccn(S(C)(=O)=O)c1)C(=O)Nc1nc(-c2cccc(N3C[C@@H](C)O[C@@H](C)C3)n2)cs1,8.301029995663981
CN(CCO)c1ncc(C(=O)Nc2ccc(OC(F)(F)F)cc2)cc1-c1cncc(C#N)c1,8.301029995663981
C[C@@H]1CN(c2cccc(-c3csc(NC(=O)CNC(=O)c4ccn(C(C)(C)C)c4)n3)n2)C[C@H](C)O1,8.301029995663981
CCn1cc(C#Cc2cc(C(=O)Nc3cccc(C(F)(F)F)c3)ccc2C)c2c(N)ncnc21,8.301029995663981
CCC(C)(Cc1ccc(OCCCOc2ccc(Oc3ccc(F)cc3)cc2Cl)cc1)C(=O)O,8.301029995663981
Cc1ccc(C(=O)Nc2ccc(C)c(C(F)(F)F)c2)cc1C#Cc1cn([C@H]2CC[C@H](O)CC2)c2ncnc(N)c12,8.301029995663981
Cc1ccc(NC(=O)c2ccc(CN3CCN(C)CC3)c(C(F)(F)F)c2)cc1Nc1nccc(-c2cccnc2)n1,8.300509466670935
O=C(Nc1ccc(OC(F)(F)Cl)cc1)c1cnc(NC[C@H](O)CCO)c(-c2ccn[nH]2)c1,8.292429823902063
Cc1ccnc(F)c1-c1ccc2nc(NC(=O)[C@@H]3C[C@@H]3F)sc2c1,8.292429823902063
O=C(Nc1nc2ccc(-c3cnc4[nH]ncc4c3)cc2s1)C1CC1,8.292429823902063
O=C(NCc1nc(-c2cccc(Br)c2)c[nH]1)Nc1ncc(Sc2ccccn2)s1,8.275724130399212
O=C(Nc1ccc(OC(F)(F)Cl)cc1)c1cnc(NCCC(O)C(=O)O)c(-c2ccn[nH]2)c1,8.275724130399212
CN(CCO)c1ncc(C(=O)Nc2ccc(OC(F)(F)F)cc2)cc1-c1cccnc1,8.267606240177031
CCCCCCCCCCCOc1cccc(CCC(=O)NC[C@@H](O)COP(=O)(O)OC[C@H](NC(=O)CCC)C(=O)O)c1,8.267606240177031
Cc1ccc(NC(=O)c2ccc3c(c2)CCC3N2CCN(C(C)C)CC2)cc1Nc1nccc(-c2cccnc2)n1,8.267606240177031
COc1cc(-c2c(C)cccc2C)cc(C(C)C#Cc2c(C)nc(N)nc2N)c1,8.259637310505756
O=C(C1CC1)N1CCC2(CC1)CN(c1nc3cc(OCC4CC4)cc(F)c3c(=O)[nH]1)C2,8.259637310505756
O=C(Nc1ccc(OC(F)(F)Cl)cc1)c1cnc(N2CCC(F)(F)C2)c(-c2ccn[nH]2)c1,8.259637310505756
Cc1cnccc1-c1ccc2nc(NC(=O)[C@@H]3C[C@@H]3F)sc2c1,8.2518119729938
COc1ncc(-c2cc(C(=O)Nc3ccc(OC(F)(F)F)cc3)ccc2N2CC[C@@H](O)C2)cn1,8.2518119729938
CCCCCCCCCCCOc1cccc(CCC(=O)NC[C@@H](O)COP(=O)(O)OC[C@H](NC(C)=O)C(=O)O)c1,8.2518119729938
CCNC(=O)Nc1nc2ccc(-c3ccc(OC)cc3)cc2s1,8.2518119729938
O=C(Nc1ccc(OC(F)(F)Cl)cc1)c1cnc(NCC(O)CCO)c(-c2ccn[nH]2)c1,8.244125144327509
O=C(Nc1ccc(OC(F)(F)Cl)cc1)c1cnc(NC[C@@H](O)CCO)c(-c2ccn[nH]2)c1,8.244125144327509
CC(c1ccccc1)n1cc(-c2cc(-c3ccccc3O)nnc2N)cn1,8.244125144327509
Cc1ccc(NC(=O)c2ccc3c(c2)CCC3N2CCN(C)CC2)cc1Nc1nccc(-c2cccnc2)n1,8.236572006437063
CC(=O)Nc1n[nH]c2cc(-c3cn([C@@H]4CN[C@H](C(=O)Nc5ccc(Br)cc5)C4)nn3)ccc12,8.230996061137837
CCn1cc(-c2ccc3c(c2)ncn3-c2cc(OC)c(C(N)=O)c(OC)c2)cn1,8.229147988357855
COc1ccncc1-c1ccc2nc(NC(=O)[C@@H]3C[C@@H]3F)sc2c1,8.229147988357855
Cc1ccc(C(=O)Nc2ccc(CN3CCN(C)CC3)c(C(F)(F)F)c2)cc1-n1cc(-c2cnc(NC(C)C)nc2)nn1,8.224753740259764
COc1cc(Cl)ccc1Nc1c(C#N)cnc2cc(OCCON3CCN(C)CC3)c(OC)cc12,8.221848749616356
CC(C)(O)C1CCN(c2ncc(C(=O)Nc3ccc(OC(F)(F)F)cc3)cc2-c2cccnc2)C1,8.221848749616356
C[C@@H]1CN(c2cccc(-c3csc(NC(=O)CNC(=O)c4ccn(C(C)(C)C)c4)n3)n2)CCO1,8.221848749616356
O=C(Nc1ccc(OC(F)(F)F)cc1)c1cnc(C2=CCOCC2)c(-c2cncnc2)c1,8.221848749616356
CNc1ncc(C#Cc2cc(C(=O)Nc3cc(-n4cnc(C)c4)cc(C(F)(F)F)c3)ccc2C)cn1,8.221848749616356
CC[C@](C)(Cc1ccc(OCCCOc2ccc(Oc3ccc(F)cc3)cc2Cl)cc1)C(=O)O,8.221848749616356
COC[C@H](NC(=O)c1ccn(C(C)(C)C#N)c1)C(=O)Nc1nc(-c2cccc(N3C[C@@H](C)O[C@@H](C)C3)n2)cs1,8.221848749616356
COC[C@H](NC(=O)c1ccn(C(C)(C)C)c1)C(=O)Nc1nc(-c2cccc(N3C[C@@H](C)O[C@@H](C)C3)n2)cs1,8.221848749616356
Cc1n[nH]c2ccc(-c3cc(N[C@@H](CO)c4ccccc4)cnc3-c3ccc(F)cc3O)cc12,8.214670164989233
Cc1ccc(NC(=O)c2ccc3c(c2)CCC3N2CCNCC2)cc1Nc1nccc(-c2cccnc2)n1,8.207608310501746
CCNC(=O)Nc1nc2ccc(-c3ccccc3OC)cc2[nH]1,8.207608310501746
N#CC1(c2ncc(C(=O)Nc3ccc(OC(F)(F)F)cc3)cc2-c2cncnc2)CCC1,8.207608310501746
C[C@@H]1CN(c2cccc(-c3ccc4cnc(CNC(=O)c5cc6c(cn5)CCN6S(C)(=O)=O)cc4n3)n2)C[C@H](C)O1,8.200659450546418
CCN1CCN(C2CCc3cc(C(=O)Nc4ccc(C)c(Nc5nccc(-c6cccnc6)n5)c4)ccc32)CC1,8.200659450546418
COc1cc2c(Nc3ccc(Cl)c(OC)n3)c(C#N)cnc2cc1OCCON1CCN(C)CC1,8.198970004336019
O=C(Nc1ccc(OC(F)(F)F)cc1)c1cnc(N2CC[C@@H](O)C2)c(-c2ncc[nH]2)c1,8.193820026016112
CC(=O)Nc1cccn2c(C#Cc3cc(C(=O)Nc4cc(-n5ccnc5)cc(C(F)(F)F)c4)ccc3C)cnc12,8.193820026016112
COc1ccc(-c2cc(OC)cc(C(C)C#Cc3c(C)nc(N)nc3N)c2)cc1,8.193820026016112
Cc1ccc(C(=O)Nc2ccc(CN3CCN(C)CC3)c(C(F)(F)F)c2)cc1C#Cc1cn(C)c(-c2ncc(C(F)(F)F)[nH]2)n1,8.190440285364732
O=C(Nc1ccc(OC(F)(F)F)cc1)c1cccc(-c2cnc(OCCO)nc2)c1,8.187086643357144
Cc1n[nH]c2ccc(-c3cc(N[C@@H](CO)c4ccccc4)cnc3-c3cc(Cl)ccc3O)cc12,8.18045606445813
Cc1ccc(NC(=O)c2cccc(C(F)(F)F)c2)cc1Nc1ncccc1-c1cc(Nc2ccc(OCCNC(=O)COCCOCCOCCOCCN)cc2)ncn1,8.18045606445813
Cc1ccc(NC(=O)c2cccc(C(F)(F)F)c2)cc1Nc1ncccc1-c1ncnc(Nc2ccc(OCCNC(=O)COCCOCCOCCOCCN)cc2)n1,8.18045606445813
O=C(Nc1ccc(OC(F)(F)Cl)cc1)c1cnc(NCCC(O)CO)c(-c2ccn[nH]2)c1,8.18045606445813
CCCCCCCCCCCOc1cccc(CCC(=O)NC[C@@H](O)COP(=O)(O)OC[C@H](NC(=O)CCCC)C(=O)O)c1,8.18045606445813
Cc1ccc(C(=O)Nc2cccc(C(F)(F)F)c2)cc1C#Cc1cnc2c(Nc3cnn(C)c3)nccn12,8.177178354696895
CC(C)S(=O)(=O)N1CCc2ccc(C(=O)NCc3cc4nc(-c5cccc(N6C[C@@H](C)O[C@@H](C)C6)n5)ccc4cn3)cc21,8.173925197299173
CN1CCN(Cc2ccc(-c3cnc4[nH]cc(-c5ccc6[nH]ccc6c5)c4c3)cc2)CC1,8.167491087293763
O=C(Nc1ccc(OC(F)(F)F)cc1)c1cncc(-c2cncnc2)c1,8.167491087293763
Cc1cccc(C)c1/C=C/n1cnc2c(Nc3ccc(P(C)(C)=O)cc3)nc(N3CCN(C)CC3)nc21,8.167491087293763
Cc1ccc(C(=O)Nc2ccc(CN3CCN(C)CC3)c(C(F)(F)F)c2)cc1C#Cc1ccc(-c2ncc[nH]2)nc1,8.166852888087215
CC(C)(C)OC(=O)N1C[C@@H](n2cc(-c3ccc4nc(N)sc4n3)nn2)C[C@H]1C(=O)Nc1ccc(Br)cc1,8.161781235513615
CN(CCO)c1ncc(C(=O)Nc2ccc(OC(F)(F)F)cc2)cc1-c1ccn[nH]1,8.161150909262744
Cc1ccc(C(=O)Nc2ccc(CN3CCN(C)CC3)c(C(F)(F)F)c2)cc1C#Cc1cnc2[nH]c(=O)[nH]c2c1,8.161150909262744
CC(=O)Nc1nc2ccc(-c3cn([C@@H]4CN[C@H](C(=O)Nc5ccc(Br)cc5)C4)nn3)nc2s1,8.155212392120031
Cc1ccc(-c2cc(C(=O)Nc3ccc(OC(F)(F)F)cc3)cnc2N2CC[C@H](N)C2)cn1,8.154901959985743
Cc1cn(-c2cc(NC(=O)c3ccc(C)c(C#Cc4cnc(N)nc4)c3)cc(C(F)(F)F)c2)cn1,8.154901959985743
CCC(C)(C)c1ccc(OCCCOc2ccc3c(c2)O[C@@](C)(C(=O)O)CC3)c(Cl)c1,8.154901959985743
c1ccc(CN2CCC(Nc3ccc4[nH]nc(-c5nc6ccc(N7CCC(N8CCCCC8)CC7)cc6[nH]5)c4c3)CC2)cc1,8.154901959985743
O=C(Nc1ccc(OC(F)(F)C(F)F)cc1)c1cnc(N2CC[C@@H](O)C2)c(-c2cncc(F)c2)c1,8.154901959985743
Cc1cc(C)c(NC(=O)Cc2cc3ccccc3cc2C(=O)N[C@H](C(=O)O)[C@@H](C)OC(C)(C)C)c(C)c1,8.154901959985743
Nc1cnc(-c2cccc(C(=O)Nc3ccc(OC(F)(F)F)cc3)c2)cn1,8.154901959985743
COc1ccccc1-c1c[nH]c2ncc(-c3cccc(C(=O)N(C)C)c3)cc12,8.154901959985743
Cc1ccc(-c2cc(C(=O)Nc3ccc(OC(F)(F)C(F)F)cc3)cnc2N2CC[C@@H](O)C2)cn1,8.154901959985743
Cc1ccc(C(=O)Nc2ccc(Cl)cc2Cl)cc1C#Cc1cc(-c2cnn(C)c2)cnc1N,8.154901959985743
Cc1ccc(NC(=O)c2ccc(CN3CCN(C)CC3)c(Br)c2)cc1Nc1nccc(-c2cccnc2)n1,8.149384869476037
N#Cc1cc(-c2cc(C(=O)Nc3ccc(OC(F)(F)F)cc3)cnc2N2CCCC2)[nH]n1,8.148741651280925
Cc1ccc(C(=O)Nc2ccc(CN3CCN(C)CC3)c(C(F)(F)F)c2)cc1Nc1cc(-c2cccnc2)ccn1,8.148741651280925
Cc1ccc(C#N)cc1-c1ccc2nc(NC(=O)[C@@H]3C[C@@H]3F)sc2c1,8.148741651280925
CN(CCO/N=C1/C(=C2/C(=O)Nc3cc(Br)ccc32)Nc2ccccc21)CC(O)CO,8.142667503568731
CC(COc1cc(-c2ccccc2O)nnc1N)c1ccccc1,8.142667503568731
O=C(Nc1cc2cc(-c3cnc4[nH]cc(F)c4c3Cl)ccn2n1)[C@@H]1C[C@@H]1F,8.142667503568731
COc1cc(-c2ccccc2C)cc(C(C)C#Cc2c(C)nc(N)nc2N)c1,8.136677139879545
COc1cc(-c2ccccc2)cc(C(C)C#Cc2c(C)nc(N)nc2N)c1,8.136677139879545
Nc1ccc(-c2ccc3nc(NC(=O)C4CC4)sc3c2)cn1,8.130768280269024
CC(C)Nc1cc(-c2c(-c3ccccc3)nnn2Cc2ccccc2)ccn1,8.130768280269024
O=C(Nc1nc2ccc(-c3cnccc3Cl)cc2s1)[C@@H]1C[C@@H]1F,8.130768280269024
Cc1ncccc1-c1ccc2nc(NC(=O)[C@@H]3C[C@@H]3F)sc2c1,8.1249387366083
O=C(Nc1cc2cc(-c3cnc4[nH]ccc4c3Cl)ccn2n1)[C@@H]1C[C@@H]1F,8.119186407719209
Cc1ccc(-c2ncc[nH]2)cc1-c1ccc2nc(NC(=O)[C@@H]3C[C@@H]3F)sc2c1,8.113509274827518
C=C(C)c1ccc(C)c(-c2ccc3nc(NC(=O)[C@@H]4C[C@@H]4F)sc3c2)c1,8.10790539730952
O=C(Nc1ccc(OC(F)(F)Cl)cc1)c1cnc(NCC[C@H](O)CO)c(-c2ccn[nH]2)c1,8.10790539730952
CO[C@@H](C(=O)N1Cc2n[nH]c(NC(=O)c3ccc(N4CCN(C)CC4)cc3)c2C1)c1ccccc1,8.102372908709558
Cc1c(F)cncc1-c1ccc2nc(NC(=O)C3CC3(F)F)sc2c1,8.102372908709558
CN1CCN(Cc2ccc(C(=O)Nc3ccc(CC(=O)Nc4ccc(NC(=O)C5CC5)nc4)cc3)cc2C(F)(F)F)CC1,8.102372908709558
COc1n[nH]c2ncc(C#Cc3cc(C(=O)Nc4ccc(CN5CCN(C)CC5)c(C(F)(F)F)c4)ccc3C)cc12,8.102372908709558
CS(=O)(=O)O.Cc1ncc(NC(=O)c2ccc(CN3CCN(C)CC3)c(C(F)(F)F)c2)cc1Nc1nccc(-c2cccnc2)n1,8.096910013008056
Cc1cn(-c2cc(NC(=O)c3ccc(C)c(/C=C/N4CNc5c(NC6CC6)ncnc54)c3)cc(C(F)(F)F)c2)cn1,8.096910013008056
CC(C)n1nc(C#Cc2cccc(O)c2)c2c(N)ncnc21,8.096910013008056
COC[C@H](NC(=O)c1ccn(C2(C#N)CC2)c1)C(=O)Nc1nc(-c2cccc(N3C[C@@H](C)O[C@@H](C)C3)n2)cs1,8.096910013008056
CC(C)(C)[C@H](NC(=O)c1ccc(-c2cncc(C(=O)NC3CC3)c2)cc1)C(=O)Nc1ccc(Cl)c(C(F)(F)F)c1,8.096367822361946
COc1ncc(-c2cc(C(=O)Nc3ccc(OC(F)(F)F)cc3)ccc2Cl)cn1,8.09151498112135
C=CCS(=O)(=O)N1CCc2ccc(C(=O)NCc3cc4nc(-c5cccc(N6C[C@@H](C)O[C@@H](C)C6)n5)ccc4cn3)cc21,8.09151498112135
CCc1nc(N)nc(N)c1C#CCc1cc(OC)ccc1OC,8.086186147616283
COc1ccc(C)c(Nc2c(C#N)cnc3cc(OCC4CCN(C)CC4)c(OC)cc23)c1,8.080921907623926
O=C(Nc1ccc(OC(F)(F)F)cc1)c1cnc(N2CCNC3(CC3)C2)c(-c2ccn[nH]2)c1,8.080921907623926
Cc1ccnc(Cl)c1-c1ccc2nc(NC(=O)[C@@H]3C[C@@H]3F)sc2c1,8.080921907623926
COc1cc(Nc2c(C#N)cnc3cc(OCC4CCN(C)CC4)c(OC)cc23)c(C)cc1C,8.080921907623926
Cc1ccc(-n2cccn2)cc1-c1ccc2nc(NC(=O)[C@@H]3C[C@@H]3F)sc2c1,8.080921907623926
Nc1n[nH]c2cc(-c3cn([C@@H]4CN[C@H](C(=O)Nc5ccc(Cl)cc5Cl)C4)nn3)ccc12,8.065501548756432
O=C(Nc1ccc(OC(F)(F)F)cc1)c1cncc(-c2cccnc2)c1,8.060480747381382
COc1ccc(C(=O)Nc2ccc(OC(F)(F)F)cc2)cc1-c1ccncc1,8.060480747381382
Nc1nnc(-c2ccccc2O)cc1C1CCCCC1,8.05551732784983
O=c1nc2n(c3cccc(Cl)c13)-c1ccc(C3CCNCC3)cc1C21CCCCC1,8.05551732784983
O=C(Nc1ccc(OC(F)(F)F)cc1)c1cnc(OC2CCOCC2)c(-c2cncnc2)c1,8.050609993355087
CCc1cccc(NC(=O)CCCCCC2NC(=O)NC2C)c1,8.047207556955907
COc1c(-c2ccn3nc(NC(=O)[C@@H]4C[C@@H]4F)cc3c2)cnc2[nH]ccc12,8.045757490560675
COc1ccccc1-c1c[nH]c2ncc(-c3cncc(C(=O)N(C)C)c3)cc12,8.045757490560675
Cc1ccncc1-c1ccc2nc(NC(=O)C3CC3)sc2c1,8.045757490560675
CNC(=O)c1cc(Oc2ccc(NC(=O)Nc3cc(C(C)(C)C)nn3-c3ccc4c(c3)CCNC4)c(F)c2)ccn1,8.045757490560675
CC(C)(C)c1cc(NC(=O)Nc2cccc(Nc3ncnc4ccccc34)c2)n(-c2cccc([N+](=O)[O-])c2)n1,8.045757490560675
COc1cc(CNCc2ccccn2)ccc1OCc1ccccc1F,8.045757490560675
CS(=O)(=O)n1ccc(C(=O)NCC(=O)Nc2nc(-c3cccc(N4CCOCC4)n3)cs2)c1,8.045757490560675
Cc1ccc(NC(=O)c2ccc(CN3CCN(C)CC3)c(C(F)(F)F)c2)cc1C#Cc1cnc2ccccn12,8.045757490560675
COc1cc(CNCc2ccccn2)cc(Cl)c1OCc1ccc(Cl)cc1Cl,8.040958607678906
CC(O)c1cccc(Nc2ncc3cc(-c4cc(N(C)C(=O)c5cccc(C(F)(F)F)c5)ccc4Cl)c(=O)n(C)c3n2)c1,8.040958607678906
Cc1ccc(C(=O)Nc2ccc(OC3CCN(C)CC3)c(C(F)(F)F)c2)cc1C#Cc1cnc2ccccn12,8.040958607678906
Cc1ccc(C(=O)Nc2ccc(CN3CCN(C)CC3)c(C(F)(F)F)c2)cc1Nc1nccc(-c2cccnc2)n1,8.040958607678906
COc1cc(CNCc2ccccn2)ccc1OCc1cccc(Cl)c1,8.036212172654444
O=C(Nc1cc2cc(-c3cnc4[nH]ccc4c3Cl)ccn2n1)C1CC1,8.036212172654444
CCOc1cc(F)c2c(=O)[nH]c(NCC3CCOCC3)nc2c1,8.036212172654444
C=CC(=O)Nc1ccc(-c2cn([C@@H]3CN[C@H](C(=O)Nc4ccc(Cl)c(C(F)(F)F)c4)C3)nn2)cn1,8.032453032382065
CC(C)(C)OC[C@H](NC(=O)c1cccc(-c2cncc(C(=O)NC3CC3)c2)c1)C(=O)Nc1ccc(Cl)c(C(F)(F)F)c1,8.031517051446064
CC(C)(O)c1ncc(C(=O)Nc2ccc(OC(F)(F)F)cc2)cc1-c1cncnc1,8.031517051446064
Cc1ccc(-c2nccs2)cc1-c1ccc2nc(NC(=O)[C@@H]3C[C@@H]3F)sc2c1,8.031517051446064
Cc1c(Cc2c(Cl)cccc2Cl)c(=O)ccn1CCc1ccc(-c2c[nH]c(CNC(=O)Nc3ncc(S(C)(=O)=O)s3)n2)cc1,8.0268721464003
CCc1ccc(C(=O)Nc2cc(CN3CCN(C)CC3)cc(C(F)(F)F)c2)cc1C#Cc1cnc2cnccn12,8.0268721464003
CCOc1ncc(C(=O)Nc2ccc(OC(F)(F)F)cc2)cc1-c1cncnc1,8.0268721464003
COc1ccc(C(=O)Nc2ccc(CN3CCN(C)CC3)c(C(F)(F)F)c2)cc1C#Cc1cnc2cccnn12,8.0268721464003
Nc1nc2ccc(-c3cn([C@@H]4CN[C@H](C(=O)Nc5ccc(Cl)cc5Cl)C4)nn3)nc2s1,8.023422293100944
O=C(Nc1ccc(OC(F)(F)Cl)cc1)c1cccc(-c2cncnc2)c1,8.022276394711152
O=C(Nc1ccc(OC(F)(F)Cl)cc1)c1cc(-c2cncnc2)c2c(c1)nc1n2C[C@@H](O)CO1,8.014573525916997
Cc1ccncc1-c1ccc2nc(NC(=O)[C@H]3C[C@@H]3F)sc2c1,8.013228265733755
COc1cc(Nc2c(C#N)cnc3cc(OCCON4CCN(C)CC4)c(OC)cc23)ccc1Cl,8.011138197355576
Cc1ccc(NC(=O)c2ccc(C)c(C(F)(F)F)c2)cc1C#Cc1cnc2c(Nc3cnn(C)c3)ccnn12,8.005243055412372
COc1ccc(C(=O)Nc2ccc(OC(F)(F)F)cc2)cc1-c1ccc2c(c1)OCO2,8.00436480540245
O=C(Nc1ccc(OC(F)(F)F)cc1)c1cnc(Cl)c(-c2cncnc2)c1,8.00436480540245
Cc1ccc(C(=O)NC2=CC(Cl)C(CN3CCc4cn[nH]c4C3)C=C2)cc1C#Cc1cnc2cccnn12,8.003050751504619
CC(=O)c1sc(NC(=O)N[C@@H]2CCCC[C@H]2CN2CCC[C@@H](Cc3ccc(F)cc3)C2)nc1C,8.0
Cc1ccc(-c2cc[nH]c2)cc1-c1ccc2nc(NC(=O)[C@@H]3C[C@@H]3F)cn2c1,8.0
Cc1c(F)cccc1-c1ccc2nc(NC(=O)[C@H]3C[C@@H]3F)cn2c1,8.0
Cc1c(F)cccc1-c1ccc2nc(NC(=O)[C@H]3C[C@H]3F)cn2c1,8.0
Cc1cccc(-c2ccc3nc(NC(=O)[C@@H]4C[C@@H]4F)cn3c2)c1C,8.0
Cc1cc2[nH]ccc2cc1-c1ccc2nc(NC(=O)[C@@H]3C[C@@H]3F)cn2c1,8.0
O=C(NCCC1CCCNC1)Nc1nc2ccc(C(=O)c3ccccc3)cc2[nH]1,8.0
N#Cc1c(F)cccc1-c1ccc2nc(NC(=O)[C@@H]3C[C@@H]3F)cn2c1,8.0
Cc1cccc(F)c1-c1ccc2nc(NC(=O)[C@@H]3C[C@@H]3F)cn2c1,8.0
O=C(Nc1ccc(OC(F)(F)F)cc1)c1cnc(N2CC[C@@H](O)C2)c(-c2nccs2)c1,8.0
Cc1c(F)cccc1-c1ccc2nc(NC(=O)[C@@H]3C[C@H]3F)cn2c1,8.0
Cc1c(F)cccc1-c1ccc2nc(NC(=O)[C@@H]3C[C@@H]3F)cn2c1,8.0
Cc1c(F)ccc(-c2ccc3nc(NC(=O)[C@@H]4C[C@@H]4F)cn3c2)c1C,8.0
Cc1c(F)ccc(F)c1-c1ccc2nc(NC(=O)[C@@H]3C[C@@H]3F)cn2c1,8.0
COC(=O)c1cc2cc(NC(=O)c3ccccc3Br)cnc2[nH]1,8.0
Cc1c(O)cccc1-c1ccc2nc(NC(=O)[C@@H]3C[C@@H]3F)cn2c1,8.0
Cc1ccccc1-c1ccc2nc(NC(=O)[C@@H]3C[C@@H]3F)cn2c1,8.0
Cc1ccc(N)cc1-c1ccc2nc(NC(=O)[C@@H]3C[C@@H]3F)cn2c1,8.0
CNc1c(F)cccc1-c1ccc2nc(NC(=O)[C@@H]3C[C@@H]3F)cn2c1,8.0
Cc1ccc(F)cc1-c1ccc2nc(NC(=O)[C@@H]3C[C@@H]3F)cn2c1,8.0
Nc1c(F)cccc1-c1ccc2nc(NC(=O)[C@@H]3C[C@@H]3F)cn2c1,8.0
Cc1cccc(Nc2cc(Cl)nc(SCC(=O)O)n2)c1C,8.0
CN1CCN(c2ccc(OC(F)(F)F)c(Nc3ncc4c(n3)-c3c(c(C(N)=O)nn3CCO)CC4)c2)CC1,8.0
O=C(NCC(F)(F)F)c1cc(-c2cnn3cc(-c4ccc(OCCN5CCCCC5)cc4)cnc23)cs1,8.0
Cc1cc2ncoc2cc1-c1ccc2nc(NC(=O)[C@@H]3C[C@@H]3F)cn2c1,8.0
Cc1c(F)cccc1-c1ccc2nc(NC(=O)C3CC3)cn2c1,8.0
Cc1c(F)cccc1-c1ccc2nc(NC(=O)C3CC3(F)F)cn2c1,8.0
Cc1c(F)cncc1-c1ccc2nc(NC(=O)[C@@H]3C[C@@H]3F)cn2c1,8.0
COc1cc(-c2ccc(C(C)(C)C)cc2)cc(C(C)C#Cc2c(C)nc(N)nc2N)c1,8.0
Cc1cc(N)ncc1-c1ccc2nc(NC(=O)[C@@H]3C[C@@H]3F)cn2c1,8.0
O=C(Nc1ccnc(Cl)c1)Nc1cc(C(F)(F)F)ns1,8.0
Cc1ccc(Cl)cc1-c1ccc2nc(NC(=O)[C@@H]3C[C@@H]3F)cn2c1,8.0
COc1c(F)cccc1-c1ccc2nc(NC(=O)[C@@H]3C[C@@H]3F)cn2c1,8.0
COc1ccncc1-c1ccc2nc(NC(=O)[C@@H]3C[C@@H]3F)cn2c1,8.0
Cc1ccc(C)c(-c2ccc3nc(NC(=O)[C@@H]4C[C@@H]4F)cn3c2)c1,8.0
Cc1cc(Cl)ccc1-c1ccc2nc(NC(=O)[C@@H]3C[C@@H]3F)cn2c1,8.0
O=C(Nc1cccc(C(F)(F)F)c1)c1ccc(C2CC2)c(-c2ccc3nc(Nc4cnn(C5CC5)c4)ncc3c2)c1,8.0
CNc1ccc(C)c(-c2ccc3nc(NC(=O)[C@@H]4C[C@@H]4F)cn3c2)c1,8.0
Cc1cc2ncsc2cc1-c1ccc2nc(NC(=O)[C@@H]3C[C@@H]3F)cn2c1,8.0
Cc1c(F)cccc1-c1ccc2nc(NC(=O)[C@@H]3C[C@@H]3F)c(F)n2c1,8.0
Cc1c(F)cc(N)cc1-c1ccc2nc(NC(=O)[C@@H]3C[C@@H]3F)cn2c1,8.0
Cc1c(Cl)cccc1-c1ccc2nc(NC(=O)[C@@H]3C[C@@H]3F)cn2c1,8.0
Cc1ccc2c(c1-c1ccc3nc(NC(=O)[C@@H]4C[C@@H]4F)cn3c1)CC(=O)N2,8.0
Cn1cc(-c2cc(-c3ccccc3O)nnc2N)cn1,8.0
O=C(Nc1ccc(OC(F)(F)F)cc1)c1cnc(Cl)c(-c2cccnc2)c1,8.0
Cc1c[nH]c2ncc(-c3ccc4nc(NC(=O)[C@@H]5C[C@@H]5F)cn4c3)cc12,8.0
Cc1cccc(C)c1-c1ccc2nc(NC(=O)[C@@H]3C[C@@H]3F)cn2c1,8.0
COCc1c(F)cccc1-c1ccc2nc(NC(=O)[C@@H]3C[C@@H]3F)cn2c1,8.0
O=C(Nc1cn2cc(-c3cnc4[nH]ccc4c3Cl)ccc2n1)[C@@H]1C[C@@H]1F,8.0
O=C(Nc1cn2cc(-c3cccc(F)c3O)ccc2n1)[C@@H]1C[C@@H]1F,8.0
Cc1ccc(-n2cccn2)cc1-c1ccc2nc(NC(=O)[C@@H]3C[C@@H]3F)cn2c1,8.0
Cc1ccc(C#N)cc1-c1ccc2nc(NC(=O)[C@@H]3C[C@@H]3F)cn2c1,8.0
Cc1ccc(-c2ccc3nc(NC(=O)[C@@H]4C[C@@H]4F)cn3c2)c(C)c1,8.0
CSc1c(F)cccc1-c1ccc2nc(NC(=O)[C@@H]3C[C@@H]3F)cn2c1,8.0
Cc1ccc(-c2cc[nH]n2)cc1-c1ccc2nc(NC(=O)[C@@H]3C[C@@H]3F)cn2c1,8.0
Cc1ccsc1-c1ccc2nc(NC(=O)[C@@H]3C[C@@H]3F)cn2c1,8.0
O=C(Nc1cn2cc(-c3cccc(F)c3F)ccc2n1)[C@@H]1C[C@@H]1F,8.0
O=C(Nc1cn2cc(-c3cccc(F)c3C3CC3)ccc2n1)[C@@H]1C[C@@H]1F,8.0
Cc1cccc(Cl)c1-c1ccc2nc(NC(=O)[C@@H]3C[C@@H]3F)cn2c1,8.0
Cc1ccc(NC(=O)c2ccc(CN3CCN(C)CC3)c(I)c2)cc1Nc1nccc(-c2cccnc2)n1,8.0
Cc1ccc(NC(=O)c2ccc(CN3CCN(C)CC3)c(Cl)c2)cc1Nc1nccc(-c2cccnc2)n1,8.0
Cc1ccc(O)cc1-c1ccc2nc(NC(=O)[C@@H]3C[C@@H]3F)cn2c1,8.0
CC[C@@](C)(Cc1ccc(OCCCOc2ccc(OCC(F)(F)F)cc2Cl)cc1)C(=O)O,8.0
Cc1c(-c2ccc3nc(NC(=O)[C@@H]4C[C@@H]4F)cn3c2)ccc(Cl)c1F,8.0
Cc1ccc2[nH]ccc2c1-c1ccc2nc(NC(=O)[C@@H]3C[C@@H]3F)cn2c1,8.0
CN1CCN(Cc2ccc(NC(=O)CNc3ccc(-c4ccc(NC(=O)C5CC5)nc4)cc3F)cc2C(F)(F)F)CC1,8.0
Cc1c(-c2ccc3nc(NC(=O)[C@@H]4C[C@@H]4F)cn3c2)ccc(F)c1F,8.0
Cc1c(-c2ccc3nc(NC(=O)[C@@H]4C[C@@H]4F)cn3c2)ccc2ncsc12,8.0
Cc1c(-c2ccc3nc(NC(=O)[C@@H]4C[C@@H]4F)cn3c2)cnc2[nH]ccc12,8.0
O=C(Nc1cn2cc(-c3cccc(F)c3CO)ccc2n1)[C@@H]1C[C@@H]1F,8.0
COC(=O)c1ccc(C)c(-c2ccc3nc(NC(=O)[C@@H]4C[C@@H]4F)cn3c2)c1,8.0
Cc1ccc2[nH]cc(C)c2c1-c1ccc2nc(NC(=O)[C@@H]3C[C@@H]3F)cn2c1,8.0
CCc1c(F)cccc1-c1ccc2nc(NC(=O)[C@@H]3C[C@@H]3F)cn2c1,8.0
O=C(CN1CCC(SCc2nc3cc(NC4CCCC4)cc(F)c3c(=O)[nH]2)CC1)NCCCCCCNc1cccc2c1C(=O)N(C1CCC(=O)NC1=O)C2=O,8.0
Cc1cc(F)ccc1-c1ccc2nc(NC(=O)[C@@H]3C[C@@H]3F)cn2c1,8.0
Cc1cc(F)cc(C)c1-c1ccc2nc(NC(=O)[C@@H]3C[C@@H]3F)cn2c1,8.0
Cc1cc(F)c(O)cc1-c1ccc2nc(NC(=O)[C@@H]3C[C@@H]3F)cn2c1,8.0
c1csc(CNc2ccc3[nH]nc(-c4nc5ccc(N6CCC(N7CCCCC7)CC6)cc5[nH]4)c3c2)n1,8.0
O=C(Nc1cn2cc(-c3cnc4[nH]ccc4c3)ccc2n1)[C@@H]1C[C@@H]1F,8.0
Cn1cc(-c2cnc3c(-c4csc(C(=O)NCC(F)(F)F)c4)cnn3c2)cn1,8.0
O=C(Nc1nc2ccc(-c3cn([C@@H]4CN[C@H](C(=O)Nc5ccc(Br)cc5)C4)nn3)nc2s1)C1CC1,7.992110621805479
Cc1ccc(C(=O)NC2=CC(Cl)C(CN3CC4C=NNC4C3)C=C2)cc1C#Cc1cnc2cccnn12,7.97469413473523
CC(C)(C)OC(=O)N1C[C@@H](n2cc(-c3ccc4nc(N)sc4n3)nn2)C[C@H]1C(=O)Nc1ccc(Cl)c(C(F)(F)F)c1,7.9672661637671744
Cc1ccc(NC(=O)c2ccc(CN3CCC(CN(C)C)C3)c(C(F)(F)F)c2)cc1Nc1nccc(-c2cncnc2)n1,7.959398380346712
O=C(Nc1ccc(OC(F)(F)F)cc1)c1cnc(N2CC3CN(CCO)CC3C2)c(-c2cncnc2)c1,7.958607314841775
C[C@@H]1CN(c2cccc(-c3csc(NC(=O)CNC(=O)c4ccn(C(C)(C)C)c4)n3)n2)C[C@@H](C)O1,7.958607314841775
CCc1ccc(-c2cc(C(=O)Nc3ccc(OC(F)(F)F)cc3)cnc2N2CC[C@H](CO)C2)cn1,7.958607314841775
CCNC(=O)Nc1nc2ccc(-c3c(OC)cccc3OC)cc2[nH]1,7.958607314841775
OC[C@H]1C[C@@H](Oc2ccccc2Cc2ccc(C3CC3)cc2)[C@H](O)[C@@H](O)[C@@H]1O,7.958607314841775
COc1cc(C(C)(C)C#Cc2c(C)nc(N)nc2N)cc(OC)c1OC,7.958607314841775
CN1CCOc2ccc(cc2)C(=O)NCc2ccc(F)c(c2)C(=O)N[C@@H](CC(C)(C)C)C(=O)Nc2ccc(cc2)CCN(C)C(=O)CC(C)(C)CC1=O,7.958607314841775
O=C(Nc1ccc(S(=O)C(F)(F)F)cc1)c1cnc(N2CC[C@@H](O)C2)c(-c2cncc(F)c2)c1,7.958607314841775
Cc1ccc(O)c(C)c1-c1cc(-c2cc(F)nc(N3CC[C@@H](N)C3)c2)cc(C(N)=O)c1N,7.958607314841775
CC(C)(C)OC[C@H](NC(=O)c1ccc(-c2ccnc(C(=O)NC3CC3)c2)cc1)C(=O)Nc1ccc(Cl)c(C(F)(F)F)c1,7.950851231752651
O=C(Nc1cc2cc(-c3cnc4[nH]ccc4c3F)ccn2n1)[C@@H]1C[C@@H]1F,7.950781977329818
Cc1ccncc1-c1ccc2nc(NC(=O)C3CC3(F)F)sc2c1,7.943095148663527
Cc1cc(-c2ccc3nc(NC(=O)[C@@H]4C[C@@H]4F)sc3c2)sn1,7.939302159646388
Cc1c(F)cncc1-c1ccc2nc(NC(=O)C3CCC3)sc2c1,7.935542010773082
Cc1cccc(C)c1-c1ccc2nc(NC(=O)[C@@H]3C[C@@H]3F)sc2c1,7.924453038607469
Cc1ccc(Cn2nc(CCCc3ccc(OC(C)(C)C(=O)O)cc3)n(C)c2=O)cc1C,7.921180816901151
CC1(C)c2cc(C3CCNCC3)ccc2-n2c1nc(=O)c1c(Cl)cccc12,7.920818753952375
Cc1ccc(NC(=O)c2ccc(CN3CC[C@@H](N(C)C)C3)c(C(F)(F)F)c2)cc1Nc1nccc(-c2cncnc2)n1,7.920818753952375
CN1CCN(Cc2ccc(NC(=O)Nc3cc(C#Cc4cnc5ccccn45)n(C)n3)cc2C(F)(F)F)CC1,7.920818753952375
Cc1ccc(NC(=O)c2ccc3c(c2)CCC3N2CCN(CCO)CC2)cc1Nc1nccc(-c2cccnc2)n1,7.920818753952375
O=C(Nc1ccc(OC(F)(F)F)cc1)c1cnc(NCCCO)c(-c2cncnc2)c1,7.920818753952375
CCc1ccc(C(=O)Nc2cc(CN3CCN(C)CC3)cc(C(F)(F)F)c2)cc1C#Cc1cnc2cccnn12,7.920818753952375
O=C(Nc1ccc(OC(F)(F)F)cc1)c1cnc(NCCCO)c(-c2cccnc2)c1,7.920818753952375
COc1ccc(-c2cc(C(=O)Nc3ccc(OC(F)(F)F)cc3)cnc2NCCCO)cn1,7.920818753952375
Cc1ccc(C(=O)Nc2ccc(CN3CCN(CCO)CC3)c(C(F)(F)F)c2)cc1C#Cc1cnc2cccnn12,7.920818753952375
CN1C(=O)c2sccc2N(C)c2nc(Nc3ccc(S(N)(=O)=O)cc3)ncc21,7.920818753952375
COc1cc2c(Nc3cc(OC)c(OC)c(OC)c3)c(C#N)cnc2cc1OCC1CCN(C)CC1,7.920818753952375
COc1ncc(-c2cc(C(=O)Nc3ccc(OC(F)(F)F)cc3)ccc2F)cn1,7.920818753952375
CS(=O)(=O)n1ccc(C(=O)NCC(=O)Nc2nc(-c3cccc(N4CCCC4)n3)cs2)c1,7.920818753952375
COC(=O)c1ccc2c(C(Nc3ccc(N(C)C(=O)CN4CCN(C)CC4)cc3)c3ccccc3)c(O)[nH]c2c1,7.920818753952375
CC(=O)Nc1ncc(C#Cc2cc(C(=O)Nc3ccc(CN4CCN(C)CC4)c(C(F)(F)F)c3)ccc2C)s1,7.920818753952375
Nc1ncc(-c2cnn(CCO)c2)c2scc(-c3ccc(NC(=O)Nc4cccc(F)c4)cc3)c12,7.920818753952375
CSc1c(-c2ccn3nc(NC(=O)[C@@H]4C[C@@H]4F)cc3c2)cnc2[nH]ccc12,7.913640169325252
CCc1c(-c2ccn3nc(NC(=O)[C@@H]4C[C@@H]4F)cc3c2)cnc2[nH]ccc12,7.910094888560602
Cc1ccncc1-c1ccc2nc(NC(=O)[C@H]3C[C@H]3F)sc2c1,7.908507516498209
O=C(Nc1cc2cc(-c3cnc4[nH]ccc4c3Cl)ccn2n1)[C@H]1C[C@@H]1F,7.906578314837764
Cc1ccc(C(=O)Nc2ccc(CN3CCN(C)CC3)c(C(F)(F)F)c2)cc1-n1cc(-c2cnc(NC3CCCCC3)nc2)nn1,7.892790030352131
CCCCCCCCCCCOc1cccc(CCC(=O)NC[C@@H](O)COP(=O)(O)OC[C@@H](C)C(=O)O)c1,7.886056647693163
C[C@H]1CN(c2cccc(-c3csc(NC(=O)CNC(=O)c4ccn(C(C)(C)C)c4)n3)n2)CCO1,7.886056647693163
O=c1nc2n(c3cccc(Cl)c13)-c1ccc(C3CCNCC3)cc1C21CCCC1,7.886056647693163
Cc1nc(Nc2ncc(C(=O)Nc3c(C)ccnc3C)s2)cc(N2CCN(CCO)CC2)n1,7.886056647693163
Cc1ccc(C(=O)Nc2ccc(CN3CCCN(C)CC3)c(C(F)(F)F)c2)cc1C#Cc1cnc2ccccn12,7.886056647693163
Cc1ccc(NC(=O)c2ccc(CN3CCN(CCO)CC3)c(C(F)(F)F)c2)cc1C#Cc1cnc2ccccn12,7.886056647693163
O=C(Nc1ccc(OC(F)(F)Cl)cc1)c1cnc(NCC[C@@H](O)CO)c(-c2ccn[nH]2)c1,7.886056647693163
O=C(Nc1ccc(OC(F)(F)F)cc1)c1ccc(F)c(-c2cccnc2)c1,7.886056647693163
CS(=O)(=O)n1ccc(C(=O)NCC(=O)Nc2nc(-c3cccc(N4CCCCC4)n3)cs2)c1,7.886056647693163
O=C(Nc1ccc(OC(F)(F)F)cc1)c1ccc(Cl)c(-c2cccnc2)c1,7.886056647693163
O=C(Nc1ccc(OC(F)(F)F)cc1)c1ccc(O)c(-c2cncnc2)c1,7.886056647693163
O=C(Nc1cc2cc(-c3cnc4[nH]ccc4c3C3CC3)ccn2n1)[C@@H]1C[C@@H]1F,7.886056647693163
NC(=O)C1CCN(c2ncc(C(=O)Nc3ccc(OC(F)(F)F)cc3)cc2-c2cncnc2)CC1,7.886056647693163
Cc1cc(F)ncc1-c1ccc2nc(NC(=O)[C@@H]3C[C@@H]3F)sc2c1,7.876148359032914
Cc1nsc(-c2ccc3nc(NC(=O)[C@@H]4C[C@@H]4F)sc3c2)c1C,7.863279432843593
O=C(Nc1cc2cc(-c3cnc4[nH]ccc4c3Cl)ccn2n1)[C@H]1C[C@H]1F,7.856985199745905
CCN1CCN(Cc2ccc(NC(=O)c3ccc(C)c(C#Cc4cnc5cccnn45)c3)cc2C(F)(F)F)CC1,7.853871964321762
Cc1ccncc1-c1cc2sc(NC(=O)[C@@H]3C[C@@H]3F)nc2cc1F,7.853871964321762
Nc1n[nH]c2cccc(-c3ccc(C(=O)N4CCN(C(=O)c5ccc(Cl)cc5Cl)CC4)cc3)c12,7.853871964321762
CSCC[C@H](NC(=O)c1ccc(N)cc1)C(=O)Nc1nc(-c2cccc(-c3ccncc3)c2)cs1,7.853871964321762
CN1CCN(Cc2ccc(NC(=O)Nc3cc(C#Cc4cccnc4)n(C)n3)cc2C(F)(F)F)CC1,7.853871964321762
Cc1ccc(C(=O)Nc2ccc(CN3CCNCC3)c(C(F)(F)F)c2)cc1C#Cc1cnc2ccccn12,7.853871964321762
CCNC(=O)Nc1nc2ccc(-c3ccccc3OC)nc2s1,7.853871964321762
Cc1ccc(NC(=O)c2cccc(C(F)(F)F)c2)cc1-n1cc(-c2cccnc2)cn1,7.850791809969353
CCN(CC)C(=O)c1cncc(-c2cn([C@@H]3CN[C@H](C(=O)Nc4ccc(Cl)c(C(F)(F)F)c4)C3)nn2)c1,7.846701716601362
Cc1c(F)cccc1NC(=O)CCCCCC1NC(=O)NC1C,7.845576026885353
Cc1nc(Nc2ncc(C(=O)Nc3ncccc3C)s2)cc(N2CCN(CCO)CC2)n1,7.84163750790475
Cc1ccc(NC(=O)CCCCCC2NC(=O)NC2C)cc1,7.837734385701978
Cc1nc(Nc2ncc(C(=O)Nc3cccnc3C)s2)cc(N2CCN(CCO)CC2)n1,7.832682665251823
Cc1ccc(-c2ccc3nc(NC(=O)[C@@H]4C[C@@H]4F)sc3c2)c2cn[nH]c12,7.829738284605042
CC(C)(C)OC(=O)N1C[C@@H](n2cc(-c3ccc4nc(N)sc4n3)nn2)C[C@H]1C(=O)Nc1ccc(Cl)cc1Cl,7.828887385319604
C[C@H](Oc1cc(-c2ccccc2O)nnc1N)c1ccccc1,7.826813731587726
CN1CCN(Cc2ccc(NC(=O)c3ccc(C4CC4)c(-n4cc(-c5cnc6[nH]ncc6c5)nn4)c3)cc2C(F)(F)F)CC1,7.823908740944319
CC[C@]1(C(=O)O)CCc2ccc(OCCCOc3ccc(C4CCCCC4)cc3Cl)cc2O1,7.823908740944319
Cc1ccc(C(=O)Nc2ccc(CN3CC[C@H](N(C)C)C3)c(C(F)(F)F)c2)cc1C#Cc1cnc2ccccn12,7.823908740944319
CCNC(=O)Nc1nc2cc(OC)c(-c3ccccc3OC)cc2s1,7.823908740944319
CC1(C)c2ccc(C3CCNCC3)cc2-n2c1nc(=O)c1c(Cl)cccc12,7.823908740944319
Cn1c(CCCc2ccc(OC(C)(C)C(=O)O)cc2)nn(Cc2ccc(C(C)(C)C)cc2)c1=O,7.823908740944319
Nc1n[nH]c2cc(-c3cn([C@@H]4CN[C@H](C(=O)Nc5ccc(Cl)c(C(F)(F)F)c5)C4)nn3)ccc12,7.823908740944319
O=S(=O)(c1ccc(C(F)(F)F)cc1)N1CCN(c2nc(Cl)ncc2Br)CC1,7.823908740944319
COc1cc2c(Nc3cccc(OC)c3F)c(C#N)cnc2cc1OCCON1CCN(C)CC1,7.823908740944319
CC1NC(=O)NC1CCCCCC(=O)Nc1ccc(F)c(Cl)c1,7.8230410194130915
Cc1cn(-c2cc(C(=O)Nc3cccc(C#Cc4cccc5[nH]nc(N)c45)c3)cc(C(F)(F)F)c2)cn1,7.818194010053928
CC(C)(C)OC[C@H](NC(=O)c1ccc(-c2cncc(C(=O)NC3CC3)c2)cc1)C(=O)Nc1ccc(Cl)c(C(F)(F)F)c1,7.817068892298723
CN(C)c1ccc(Nc2ncc3cc(-c4c(Cl)cccc4Cl)c(=O)oc3n2)cc1,7.804100347590766
Nc1nc2ccc(-c3cn([C@@H]4CN[C@H](C(=O)Nc5ccc(Cl)c(C(F)(F)F)c5)C4)nn3)nc2s1,7.8013777094948065
Cc1ccc(NC(=O)c2cccc(Cl)c2)cc1-n1cc(-c2cccnc2)cn1,7.797241446511812
CCCn1c(CCCc2ccc(OC(C)(C)C(=O)O)cc2)nn(Cc2ccc(C)cc2)c1=O,7.795880017344075
CCCc1c(OCCCNc2ccc(CC(=O)O)cc2)ccc2c(C(F)(F)F)noc12,7.795880017344075
Cc1ncsc1-c1ccc([C@H](C)NC(=O)[C@@H]2C[C@@H](O)CN2C(=O)[C@@H](c2cc(N3CCC(CN4CCC(c5ccc6c(c5)C(C)(C)c5nc(=O)c7c(Cl)cccc7n5-6)CC4)CC3)no2)C(C)C)cc1,7.795880017344075
O=C(CCc1ccc(O)cc1)c1c(O)cc(O)cc1O[C@@H]1O[C@H](CO)[C@@H](O)[C@H](O)[C@H]1O,7.795880017344075
CC(C)Cc1ccc(OCCCOc2ccc3c(c2)O[C@@](C)(C(=O)O)CC3)c(Cl)c1,7.795880017344075
Cc1ccc(-c2cc(C(=O)Nc3ccc(OC(F)(F)F)cc3)cnc2N2CCC(C(C)(C)O)C2)cn1,7.795880017344075
Cc1c(Cc2c(Cl)cccc2Cl)c(=O)ccn1CCc1ccc(-c2c[nH]c(CNC(=O)Nc3ncc(Sc4ccccn4)s3)n2)cc1,7.795880017344075
COc1cccc(C(=O)N2CCN(C(=O)c3ccc(-c4nccs4)cc3)CC2)c1,7.795880017344075
COc1cc2c(Nc3ccc(Cl)cc3Cl)c(C#N)cnc2cc1OCC1CCN(C)CC1,7.795880017344075
O=c1oc2nc(Nc3cccc(CO)c3)ncc2cc1-c1c(Cl)cccc1Cl,7.79317412396815
CNc1ccc(C)c(-c2ccc3nc(NC(=O)[C@@H]4C[C@@H]4F)sc3c2)c1F,7.774690718274137
CCN1CCN(Cc2ccc(C(=O)Nc3ccc(C)c(-n4cc(-c5cccnc5)cn4)c3)cc2)CC1,7.771217998016301
Cc1ccc(NC(=O)c2ccc(CN3CC(N(C)C)C3)c(C(F)(F)F)c2)cc1Nc1nccc(-c2cncnc2)n1,7.769806696356897
Cc1c(F)cncc1-c1ccc2nc(NC(=O)C3C[C@H]3CO)sc2c1,7.769551078621726
COc1cc(CC#Cc2c(C)nc(N)nc2N)cc(OC)c1OC,7.769551078621726
O=C(NCCO)c1cccc(-c2cc(Nc3ccc(OC(F)(F)F)cc3)ncn2)c1,7.769551078621726
CNC(=O)c1ncc(C#Cc2cc(C(=O)Nc3ccc(CN4CCN(C)CC4)c(C(F)(F)F)c3)ccc2C)n1C,7.769551078621726
CCNC(=O)Nc1nc2ccc(-c3ccccc3C)cc2[nH]1,7.769551078621726
COc1cc(CNCc2ccccn2)ccc1OCc1cccs1,7.769551078621726
CP(C)(=O)c1ccc(Nc2ncnc3c2ncn3/C=C/c2cccc3[nH]ccc23)cc1,7.769551078621726
Cc1ccc(-c2cc(C(=O)Nc3ccc(OC(F)(F)F)cc3)cnc2N2CCC[C@@H](O)C2)cn1,7.769551078621726
CC(C)(C)OC(=O)N1C[C@@H](n2cc(-c3ccc4nc(N)sc4n3)nn2)C[C@H]1C(=O)Nc1ccc(F)c(F)c1,7.763877823663264
Cc1[nH]c(=O)[nH]c1C(=O)CCCCC(=O)O,7.760700520873107
Cc1cc(Nc2ncc3cc(-c4c(Cl)cccc4Cl)c(=O)oc3n2)ccc1F,7.756961951313706
Cc1cccc(F)c1-c1ccc2nc(NC(=O)[C@@H]3C[C@@H]3F)sc2c1,7.7523666278060945
Cc1nc(Nc2ncc(C(=O)Nc3c(C)cncc3Cl)s2)cc(N2CCN(CCO)CC2)n1,7.752026733638194
Cc1ccc(C(=O)Nc2ccc(CN3CCN(C)CC3)c(C(F)(F)F)c2)cc1-n1cc(-c2ccc3[nH]ncc3c2)nn1,7.7495799976911055
O=C(Nc1nc2ccc(-c3cnccc3CO)cc2s1)[C@@H]1C[C@@H]1F,7.7495799976911055
Cc1oc(C2CCCCC2)nc1CCOc1ccc(C[C@](C)(Oc2ccccc2)C(=O)O)cc1,7.744968836654449
Cc1ccc(C(=O)Nc2cc(N3CCN(C)CC3)cc(C(F)(F)F)c2)cc1C#Cc1cnc2cccnn12,7.744727494896693
Cc1ccc(NC(=O)c2ccc(N=NN(C)C)c(C(F)(F)F)c2)cc1Nc1nccc(-c2cccnc2)n1,7.744727494896693
Cc1cn(-c2cc(NC(=O)c3ccc(C)c(C#Cc4cnc(NCCO)nc4)c3)cc(C(F)(F)F)c2)cn1,7.744727494896693
COc1cc(N2CCN(c3cc(-c4ccccc4O)nnc3N)CC2)ccn1,7.744727494896693
CN1CCN([C@H]2CC(F)(F)c3cc(NC(=O)c4ccc(F)c(C#Cc5cncc(N6CCOCC6)c5)c4)ccc32)CC1,7.744727494896693
Cc1ccccc1C(=O)NCCNC(=O)c1ccc(-c2cccc3[nH]nc(N)c23)cc1,7.744727494896693
CN(C/C=C/COc1ccc(C(=O)c2ccc(Br)cc2)cc1)C1CC1,7.744727494896693
Nc1ncnc2c1c(-c1cnc3[nH]ccc3c1)nn2C1CCCC1,7.744727494896693
COC(=O)c1cc2cc(NC(=O)c3c(F)cccc3OC)cnc2[nH]1,7.738023808602187
CC1CN(c2cc(-c3ccccc3O)nnc2N)CCN1C(=O)C(C)(C)C,7.735182176990463
CC1NC(=O)NC1CCCCCC(=O)Nc1ccc(F)cc1,7.728390698621168
O=c1oc2nc(Nc3cccc(CS)c3)ncc2cc1-c1c(Cl)cccc1Cl,7.7281583934635005
Cc1c(-c2ccc3nc(NC(=O)[C@@H]4C[C@@H]4F)sc3c2)ccc2c1NC(=O)C2,7.72584215073632
Nc1nnc(-c2ccccc2O)cc1OCCc1ccccc1,7.721246399047171
CCCn1c(CCCc2ccc(OC(C)(C)C(=O)O)cc2)nn(Cc2cccc(OC)c2)c1=O,7.721246399047171
O=C(Nc1ccc(OC(F)(F)F)cc1)c1cnc(N2CC[C@@H](O)C2)c(-c2cncc(C(F)(F)F)c2)c1,7.721246399047171
O=c1[nH]c(CSC2CCNCC2)nc2cc(NC3CCCC3)cc(F)c12,7.721246399047171
CCNc1ncc(C#Cc2cc(C(=O)Nc3cc(-n4cnc(C)c4)cc(C(F)(F)F)c3)ccc2C)cn1,7.721246399047171
Cc1ccc(C(=O)Nc2cccc(C(F)(F)F)c2)cc1C#Cc1cnc2cccnn12,7.721246399047171
Cc1ccc(C(=O)Nc2ccc(CN3CCN(C)CC3)c(C(F)(F)F)c2)cc1CCc1cnc2cccnn12,7.721246399047171
Cc1ccc(C(=O)Nc2ccc(CN3CCN(CCO)CC3)c(C(F)(F)F)c2)cc1C#Cc1cnc2ccccn12,7.721246399047171
Cc1ccc(C(=O)Nc2ccc(CN3CCN(C)CC3)c(C(F)(F)F)c2)cc1C#Cc1cnc2[nH]ccc2c1,7.721246399047171
O=C(c1ccc(C(F)(F)F)cc1)N1CCN(c2nc(Cl)ncc2Br)CC1,7.721246399047171
O=C(c1ccc(F)cc1)N1CCN(c2nc(Cl)ncc2Br)CC1,7.721246399047171
Cc1ccc(C(=O)Nc2ccc(CN3CCN(C)CC3)c(C(F)(F)F)c2)cc1-n1cc(-c2cnc(NCc3ccccc3)nc2)nn1,7.718966632752272
O=C(Nc1cc2cc(-c3cnc4[nH]ccc4c3Cl)ccn2n1)[C@@H]1C[C@H]1F,7.712198270069773
CC(O)c1cccc(Nc2ncc3cc(-c4cc(NC(=O)c5cccc(C(F)(F)F)c5)ccc4Cl)c(=O)n(C)c3n2)c1,7.707743928643524
CC(=O)c1cc(C)c(-c2ccc3nc(NC(=O)[C@@H]4C[C@@H]4F)sc3c2)cn1,7.701146923590294
Cc1ccc(C(=O)Nc2ccc(CN3CCN(C)CC3)c(C(F)(F)F)c2)cc1C#Cn1cnc2ccccc21,7.698970004336019
C[C@H]1CN(c2ccc(Cl)c(Cl)c2)N=C1NC(=O)c1cncnc1,7.698970004336019
Cc1oc(-c2ccccc2)nc1CCOc1cccc(C[C@@H]2CN(c3nccc(C(F)(F)F)n3)C[C@@H]2C(=O)O)c1,7.698970004336019
COC[C@H](NC(=O)c1cn(C(C)(C)C#N)cn1)C(=O)Nc1nc(-c2cccc(N3C[C@@H](C)O[C@@H](C)C3)n2)cs1,7.698970004336019
Cc1ccc(C(=O)Nc2cc(-n3ccnc3)cc(C(F)(F)F)c2)cc1C#Cc1cnc2cccnn12,7.698970004336019
Cc1cccc(C)c1-c1cc(C)c2nc(Nc3ccc(OCCN4CCCC4)cc3)nnc2c1,7.698970004336019
Nc1ncnc2c1c(-c1ccccc1)cn2-c1ccccc1,7.698970004336019
CC(C)n1nc(C#Cc2ccc(O)cc2)c2c(N)ncnc21,7.698970004336019
CN(C)CCn1cc(-c2ccn3c(-c4ccc(C(N)=O)c(OCc5cccc(F)c5)c4)cnc3c2)cn1,7.698970004336019
Cc1ccc(C(=O)Nc2cc(C(F)(F)F)ccn2)cc1/C=C/n1cnc2c(NC3CC3)ncnc21,7.698970004336019
CCNC(=O)C[C@@H]1N=C(c2ccc(Cl)cc2)c2cc(OC)ccc2-n2c(C)nnc21,7.698970004336019
Cc1ccc(C(=O)Nc2ccc(CN3CCN(C)CC3)c(C(F)(F)F)c2)cc1C#Cc1nnc2cc(C(=O)O)cnn12,7.698970004336019
COc1cc2c(Nc3cccc(OC)c3Cl)c(C#N)cnc2cc1OCCON1CCN(C)CC1,7.698970004336019
COc1ccccc1Oc1ccc2[nH]nc(-c3nc4ccc(N5CCC(N6CCCCC6)CC5)cc4[nH]3)c2c1,7.698970004336019
Cc1ccc(C(=O)Nc2ccc(CN3CCN(C)CC3)c(C(F)(F)F)c2)cc1C#Cn1cnc2cc(C(=O)O)ccc21,7.698970004336019
Cc1ccc(C(=O)Nc2ccc(CN3CCN(C)CC3)c(C(F)(F)F)c2)cc1C#Cc1nnc2cccnn12,7.698970004336019
Cc1c(CO)cncc1-c1ccc2nc(NC(=O)[C@@H]3C[C@@H]3F)sc2c1,7.698970004336019
COc1ccc(Oc2cc(N(C)CCOc3ccc(CC4SC(=O)NC4=O)cc3)ncn2)cc1,7.698970004336019
O=C(Nc1ccc(OC(F)(F)F)cc1)c1cc(-c2cncnc2)ccc1F,7.698970004336019
Cc1c(-c2ccc(Cc3ccccc3)cc2)[nH]c2ccccc2c1=O,7.698970004336019
Cn1nnnc1-c1cccc(NC(=O)N[C@@H]2CCCC[C@H]2CN2CCC[C@@H](Cc3ccc(F)cc3)C2)c1,7.698970004336019
Cc1cn(-c2cc(NC(=O)c3ccc(C)c(Nc4nc(-c5cccnc5)cs4)c3)cc(C(C)(C)C)c2)cn1,7.696803942579511
N#Cc1c(-c2ccn3nc(NC(=O)[C@@H]4C[C@@H]4F)cc3c2)cnc2[nH]ccc12,7.694648630553377
Cc1cc(Cl)ncc1-c1ccc2nc(NC(=O)[C@@H]3C[C@@H]3F)sc2c1,7.692503962086787
O=C1Cc2cc(-c3ccc4nc(NC(=O)C5CC5)sc4c3)cnc2N1,7.692503962086787
CC(C)n1cnc2cc(C(=O)Nc3ccc(OC(F)(F)Cl)cc3)cc(-c3noc(=O)[nH]3)c21,7.684029654543082
CC(C)(NC(=O)c1cc2c(NC(=O)c3ccc(CN4CCCCC4)cc3)n[nH]c2s1)c1ccccc1,7.680061560019691
COc1ccc(OC)c(CC#Cc2cnc(N)nc2N)c1,7.67778070526608
Cc1c[nH]nc1-c1ccc2nc(NC(=O)[C@@H]3C[C@@H]3F)sc2c1,7.67778070526608
CN1CCN([C@H]2CC(F)(F)c3cc(NC(=O)c4ccc(F)c(C#Cc5cncc(N6CCC6)c5)c4)ccc32)CC1,7.67778070526608
CCNC(=O)Nc1nc2ccc(-c3ccccc3Cl)cc2[nH]1,7.67778070526608
Nc1ccc(C(=O)NCC(=O)Nc2nc(-c3cccc(-c4ccncc4)c3)cs2)cc1,7.67778070526608
O=C(Nc1nc2ccc(-c3cnc4c(c3)CCN4)cc2s1)C1CC1,7.67778070526608
CCc1ccc(C(=O)Nc2cc(CN3CCN(C)CC3)cc(C(F)(F)F)c2)cc1C#Cc1cnc2ccccn12,7.67778070526608
Cc1oc(-c2ccccc2)nc1CCOc1ccc(C[C@H](OCC2CC2)C(=O)O)c2sccc12,7.67778070526608
CC(C)(NC(=O)c1cc2c(NC(=O)c3ccc(CN4CCCCC4)cc3)[nH]nc2s1)c1ccccc1,7.67778070526608
CCc1ccc(C(=O)Nc2cc(CN3CCN(C)CC3)cc(C(F)(F)F)c2)cc1C#Cc1cnc(N)nc1,7.67778070526608
CCN1CCN(Cc2cc(Nc3ncc(C(=O)Nc4ccccc4N)s3)nc(C)n2)CC1,7.673664139071248
Cc1cc(CF)ncc1-c1ccc2nc(NC(=O)[C@@H]3C[C@@H]3F)sc2c1,7.673664139071248
Cc1cc(C)c(-c2ccc3nc(NC(=O)[C@@H]4C[C@@H]4F)sc3c2)cn1,7.671620396561262
CN(C)CCCNC(=O)c1cc2cc(NC(=O)c3ccccc3Br)cnc2[nH]1,7.661344334421299
CC(C)(C)OC(=O)N1C[C@@H](n2cc(-c3ccc4c(N)n[nH]c4c3)nn2)C[C@H]1C(=O)Nc1ccc(Cl)c(C(F)(F)F)c1,7.658963580782055
Cc1cc(C)nc(NS(=O)(=O)c2ccc(Nc3nccc(N(C)c4ccc5c(C)n(C)nc5c4)n3)cc2)n1,7.657577319177793
CC(C)n1nc(C#Cc2cccc3cc(-c4ccc(Cl)c(C(F)(F)F)c4)ncc23)c2c(N)ncnc21,7.657577319177793
Cc1ccc(C(=O)Nc2cc(C(F)(F)F)cc(C(F)(F)F)c2)cc1C#Cc1cc(-c2cnn(C)c2)cnc1N,7.657577319177793
CCc1c[nH]c2ncc(-c3ccc(N)c(C(=O)N(C)C)c3)cc12,7.657577319177793
COc1cc2c(cc1OC)-c1n[nH]c(Nc3cccc(F)c3)c1C2,7.657577319177793
COc1cc(CC#Cc2cnc(N)nc2N)cc(OC)c1OC,7.657577319177793
CN1CCN(Cc2ccc(NC(=O)Nc3cc(C#Cc4ccc(N)nc4)n(C)n3)cc2C(F)(F)F)CC1,7.657577319177793
CC[C@@](C)(Cc1ccc(OCCCOc2ccc(C3CCC(C)(C)CC3)cc2Cl)cc1)C(=O)O,7.657577319177793
O=C(Nc1ccc(OC(F)(F)F)c(F)c1)c1cccc(-c2cncnc2)c1,7.657577319177793
CCC(CC)(Cc1ccc(OCCCOc2ccc(Oc3ccc(F)cc3)cc2Cl)cc1)C(=O)O,7.657577319177793
O=C(Nc1ccc(OC(F)(F)F)cc1)c1cnc(C(F)(F)F)c(-c2cncnc2)c1,7.657577319177793
Cc1ccc(C(=O)Nc2ccc(CN3CCNC(C)C3)c(C(F)(F)F)c2)cc1C#Cc1cnc2ccccn12,7.657577319177793
CN(C)CC1CCN(c2cc(-c3ccccc3O)nnc2N)CC1,7.647817481888637
Cc1ccc(C(=O)Nc2ccc(CN3CCN(C)CC3)c(C(F)(F)F)c2)cc1-n1cc(-c2cnc3ncnn3c2)nn1,7.645891560852599
CC(=O)Nc1ccc(C)c(-c2ccc3nc(NC(=O)C4CC4)sc3c2)c1,7.645891560852599
O=[N+]([O-])c1cc(C(F)(F)F)ccc1S(=O)(=O)N1CCN(c2nc(Cl)ncc2Br)CC1,7.645891560852599
CCN1CCN(Cc2ccc(NC(=O)c3ccc(C)c(C#Cc4cnc5ccccn45)c3)cc2C(F)(F)F)CC1,7.638272163982407
Cc1ccc(NC(=O)c2ccc3c(c2)CCC3N2CCN(C)CC2)cc1Nc1nccc(-c2ccncc2)n1,7.638272163982407
CC(C)(C)c1cc(NC(=O)Nc2cccc(Nc3ncnc4ccccc34)c2)n(-c2cccc(N)c2)n1,7.638272163982407
Cc1ccc(C(=O)Nc2cc(C(F)(F)F)on2)cc1/C=C/n1cnc2c(NC3CC3)ncnc21,7.638272163982407
O=C(O)CCNc1ncc(C(=O)Nc2ccc(OC(F)(F)Cl)cc2)cc1-c1ccn[nH]1,7.638272163982407
C=CCN(C)C/C=C/COc1ccc2c(-c3ccc(Br)cc3)coc2c1,7.638272163982407
CCNC(=O)Nc1nc2ccc(-c3c(C)cccc3Cl)cc2[nH]1,7.638272163982407
O=C(Nc1ccc(OC(F)(F)F)cc1)c1cnc(OCCO)c(-c2cncnc2)c1,7.638272163982407
CCCc1cc(C(=O)CC)cc(CCC)c1O[C@H](C(=O)O)c1ccc(C(C)C)cc1,7.638272163982407
CCNC(=O)Nc1nc2ccc(C(=O)c3cccs3)cc2[nH]1,7.638272163982407
CN1CCN(Cc2ccc(NC(=O)c3ccc(Cl)c(C#Cc4cncc(N5CCOCC5)c4)c3)cc2C(F)(F)F)CC1,7.638272163982407
CC(=O)Nc1nc2ccc(-c3cn([C@@H]4CN[C@H](C(=O)Nc5ccc(Cl)c(C(F)(F)F)c5)C4)nn3)nc2s1,7.634064658465652
Cc1ccncc1-c1ccc2nc(NC(=O)[C@@H]3C[C@H]3F)sc2c1,7.625251653989896
Cc1ccc(Cn2nc(CCCc3ccc(OC(C)(C)C(=O)O)cc3)[nH]c2=O)cc1,7.619969752032169
c1ccc(-c2cccc(Nc3ncnc4cc5c(cc34)OCCO5)c2)cc1,7.619788758288394
CCn1cc(-c2ccc3c(c2)ncn3-c2cc(OC)c(CO)c(OC)c2)cn1,7.619788758288394
O=C(O)c1ccccc1-n1cc(C(=O)O)c(=O)c2cc(Cc3c(F)cc(F)cc3Cl)c(Cl)cc21,7.619788758288394
Cc1cn(-c2cc(NC(=O)c3ccc(C)c(C#Cc4cnc(NC(C)(C)C)nc4)c3)cc(C(F)(F)F)c2)cn1,7.619788758288394
CN(C)CCOc1ccc(C(=O)NCc2cccc(C(=O)N[C@@H](CC(C)(C)C)C(=O)Nc3ccc4c(c3)CNCC4)c2)cc1,7.619788758288394
Cc1ccc(C(=O)Nc2cc(CN3CCN(C)CC3)cc(C(F)(F)F)c2)cc1C#Cc1cnc2ccccn12,7.619788758288394
O=C(Nc1nc2ccc(-c3cccnc3)cc2s1)[C@@H]1C[C@@H]1F,7.619788758288394
O=C(c1ccc(F)cc1)N1CCN(c2nc(N3CCOCC3)ncc2Br)CC1,7.619788758288394
Cc1oc(-c2ccccc2)nc1CCCc1ccc(CC(C(=O)O)n2nccn2)cc1,7.619788758288394
O=C(c1ccc(C(F)(F)F)cc1)N1CCN(c2nc(N3CCOCC3)ncc2Br)CC1,7.619788758288394
C[C@@H](Oc1cc(-c2cnn(C3CCNCC3)c2)cnc1N)c1c(Cl)ccc(F)c1Cl,7.619788758288394
Nc1ncnc2c1c(-c1cccc(O)c1)cn2C1CCCC1,7.6182860032185316
Cc1c(F)cncc1-c1ccc2nc(NC(=O)C3CC(F)C3)sc2c1,7.61261017366127
Cc1cc(C(C)O)ncc1-c1ccc2nc(NC(=O)[C@@H]3C[C@@H]3F)sc2c1,7.609064892896621
O=C(Nc1nc2ccc(-c3cn([C@@H]4CN[C@H](C(=O)Nc5ccc(Cl)c(C(F)(F)F)c5)C4)nn3)nc2s1)C1CC1,7.605121533857356
C[C@H](Nc1nc(Nc2cn(C)cn2)c2cc[nH]c2n1)c1ncc(F)cn1,7.602059991327962
COc1cc(-c2n[nH]c3ncc(-c4cccc(O)c4)cc23)cc(OC)c1OC,7.602059991327962
COc1cc(C(C)C#Cc2c(C)nc(N)nc2N)cc(OC)c1OC,7.602059991327962
CO[C@H](C(=O)N1Cc2n[nH]c(NC(=O)c3ccc(N4CCN(C)CC4)cc3)c2C1)c1ccccc1,7.602059991327962
Cc1cc(CO)ncc1-c1ccc2nc(NC(=O)[C@@H]3C[C@@H]3F)sc2c1,7.595166283380061
Cc1cn(-c2cc(NC(=O)c3cccc(C#Cc4cccc5[nH]nc(N)c45)c3)cc(C(F)(F)F)c2)cn1,7.586703473032976
Cc1ccc(C(=O)Nc2cc(-n3ccnc3)cc(C(F)(F)F)c2)cc1C#Cc1cnc2ccccn12,7.585026652029182
Cc1ccc(C(=O)Nc2cc(-n3cnc(CN4CCCC4)c3)cc(C(F)(F)F)c2)cc1C#Cc1cnc2ccccn12,7.585026652029182
O=C(Nc1cc(-n2ccnc2)cc(C(F)(F)F)c1)c1cccc(C#Cc2cnc3cccnn23)c1,7.585026652029182
C[C@@H]1COCCN1c1cccc(-c2csc(NC(=O)CNC(=O)c3ccn(S(C)(=O)=O)c3)n2)n1,7.585026652029182
O=C(Nc1ccc(OC(F)(F)F)cc1)c1cncc(-c2cncc(F)c2)c1,7.585026652029182
Cc1cn(-c2cc(NC(=O)c3ccc(C)c(C#Cc4cnc5cccnn45)c3)cc(C(F)(F)F)c2)cn1,7.585026652029182
COc1cc(OC)c(Cl)c(-c2ccc3c(/C=C/c4ccc(C(=O)N5CCNCC5)cc4)n[nH]c3c2)c1Cl,7.585026652029182
Cc1ccc(NC(=O)c2ccc(CN3CCN(C)CC3)cc2)cc1-n1cc(-c2cnc3cccnn23)cn1,7.584442810430426
Cc1ccc(NC(=O)c2ccc(CN3CCCN(C)CC3)cc2)cc1-n1cc(-c2cccnc2)cn1,7.572040629617149
Cc1ccc(Cn2nc(CCCc3ccc(OC(C)(C)C(=O)O)cc3)n(CCO)c2=O)cc1,7.568958054664114
Cn1cc(-c2cc(C(=O)Nc3ccc(OC(F)(F)F)cc3)ccc2Cl)cn1,7.568636235841012
CC[C@@H](C#Cc1c(C)nc(N)nc1N)c1cc(OC)c(OC)c(OC)c1,7.568636235841012
Nc1nc2ccc(-c3cn([C@@H]4CN[C@H](C(=O)Nc5ccc(Br)cc5)C4)nn3)nc2s1,7.567993787913952
Cc1nc(Nc2ncc(C(=O)Nc3c(C)noc3C)s2)cc(N2CCN(CCO)CC2)n1,7.562249437179612
Cc1ccc(C(=O)Nc2cccc(C(F)(F)F)c2)cc1C#Cc1cn(C(C)C)c2ncnc(N)c12,7.560667306169737
Cc1cccc(F)c1-c1ccc2nc(NC(=O)C3CC3(F)F)sc2c1,7.560667306169737
Cc1cn(-c2cc(NC(=O)c3ccc(C)c(C#Cc4cn(C(C)C)c5ncnc(N)c45)c3)cc(C(F)(F)F)c2)cn1,7.560667306169737
Cc1ccc(NC(=O)c2ccc(C)c(C(F)(F)F)c2)cc1C#Cc1cn(C2CCCC2)c2ncnc(N)c12,7.560667306169737
CCc1nc(C#Cc2cc(C(=O)Nc3cccc(C(F)(F)F)c3)ccc2C)c2c(N)nccn12,7.560667306169737
CCn1cc(C#Cc2cc(C(=O)Nc3cc(-n4cnc(C)c4)cc(C(F)(F)F)c3)ccc2C)c2c(N)ncnc21,7.560667306169737
CCCc1cc(Oc2ccc(F)cc2)ccc1OCCCOc1cccc(-c2sc(=O)[nH]c2O)c1,7.552841968657781
Cc1ccc(C(=O)Nc2ccc(CN3CCN(C)CC3)c(C(F)(F)F)c2)cc1Nc1cccc2c1C(=O)C(=O)N2C,7.552841968657781
O=C(Nc1ccc(OC(F)(F)Cl)cc1)c1cc(-c2cccnn2)c2c(c1)nc1n2C[C@@H](O)CO1,7.552841968657781
C[C@]1(C(=O)O)CCc2ccc(OCCCOc3ccc(C4CCCCC4)cc3Cl)cc2O1,7.552841968657781
CC[C@@](C)(Cc1ccc(OCCCOc2cc3oc(=O)cc(C(F)(F)F)c3cc2Cl)cc1)C(=O)O,7.552841968657781
Cc1oc(-c2cccs2)nc1CCOc1ccc(C[C@](C)(Oc2ccccc2)C(=O)O)cc1,7.552841968657781
CO[C@@H](Cc1ccc(OCCc2nc(-c3ccccc3)oc2C)c2sccc12)C(=O)O,7.552841968657781
CN=NNc1ccc(C(=O)Nc2ccc(C)c(Nc3nccc(-c4cccnc4)n3)c2)cc1C(F)(F)F,7.552841968657781
CCCc1cc(Oc2ccccc2)ccc1OCCCOc1cccc(-c2sc(=O)[nH]c2O)c1,7.552841968657781
Cc1ccc(C(=O)Nc2cc(C(F)(F)F)on2)cc1C#Cn1cnc2c(NC3CC3)cccc21,7.552841968657781
CC(=O)Nc1n[nH]c2cc(-c3cn([C@@H]4CN[C@H](C(=O)Nc5ccc(Cl)c(C(F)(F)F)c5)C4)nn3)ccc12,7.551219441251208
Cc1nc(Nc2ncc(C(=O)Nc3c(C)cncc3C)s2)cc(N2CCN(CCO)CC2)n1,7.549750891680639
CC(=O)N1CCC(COc2cc(F)c3c(=O)[nH]c(CN(C)C4CCN(C(=O)c5cnn(C)c5)CC4)nc3c2)CC1,7.537602002101044
C=CCN(C)Cc1ccc(-c2ccc(C(=O)c3ccc(Br)cc3)cc2)cc1,7.537602002101044
Cc1c(Cc2c(Cl)cccc2Cl)c(=O)ccn1CCc1ccc(-c2c[nH]c(CNC(=O)Nc3ncc(Br)s3)n2)cc1,7.537602002101044
Cc1ccc(C(=O)Nc2ccc(CN3CCN(C)CC3)c(C(F)(F)F)c2)cc1C#Cc1cnc(N)s1,7.537602002101044
CC[C@]1(C(=O)O)CCc2ccc(OCCCOc3ccc(CC(C)C)cc3Cl)cc2O1,7.537602002101044
Cc1cn(-c2cc(NC(=O)c3cccc(C#Cc4cnc5cccnn45)c3)cc(C(F)(F)F)c2)cn1,7.537602002101044
CN(C)CCNC(=O)c1cncc(-c2cn([C@@H]3CN[C@H](C(=O)Nc4ccc(Cl)c(C(F)(F)F)c4)C3)nn2)c1,7.536109575326312
Cc1ccc(NC(=O)c2ccc(CN3CCN(C)CC3)cc2)cc1Nc1nccc(-c2cncc(-c3cc(C(=O)N(C)C)n[nH]3)c2)n1,7.536107011014092
Cc1ccc(NC(=O)c2ccc(CN3CCN(C)CC3)cc2)cc1Nc1nccc(-c2cncc(C3=NN=C(C(=O)Nc4cc(C(=O)N(C)C)n[nH]4)C3)c2)n1,7.536107011014092
Cc1cccc(Cl)c1-c1ccc2nc(NC(=O)[C@@H]3C[C@@H]3F)sc2c1,7.525783735923745
CC(C)(Oc1ccc(OCCCOc2ccc(Oc3ccc(F)cc3)cc2Cl)cc1)C(=O)O,7.523023534240472
CC[C@@](C)(Cc1ccc(OCCCOc2ccc(OS(C)(=O)=O)cc2Cl)cc1)C(=O)O,7.522878745280337
CCc1ccc(C(=O)Nc2cc(CN3CCN(C)CC3)cc(C(F)(F)F)c2)cc1C#Cc1cnc(NC)nc1,7.522878745280337
CC(C)(C)n1ccc(C(=O)NCC(=O)Nc2nc(-c3cccc(N4CCCC4)n3)cs2)c1,7.522878745280337
Cc1ccc(-c2cc(C(=O)Nc3ccc(OC(F)(F)F)cc3)cnc2N(C)CCCO)cn1,7.522878745280337
c1ccc(Oc2ccc3[nH]nc(-c4nc5ccc(N6CCC(N7CCCCC7)CC6)cc5[nH]4)c3c2)cc1,7.522878745280337
Cc1ncsc1-c1ccc([C@H](C)NC(=O)[C@@H]2C[C@@H](O)CN2C(=O)[C@@H](c2cc(N3CCC(CN4CCC(c5ccc6c(c5)-n5c(nc(=O)c7c(Cl)cccc75)C6(C)C)CC4)CC3)no2)C(C)C)cc1,7.522878745280337
CN1CCOc2ccc(cc2)C(=O)NCc2cccc(c2)C(=O)N[C@@H](CC(C)(C)C)C(=O)Nc2ccc(cc2)CCN(C)C(=O)CC(C)(C)CC1=O,7.522878745280337
CC(C)(C)NC(=O)Nc1ccc2[nH]nc(-c3nc4ccc(N5CCC(N6CCCCC6)CC5)cc4[nH]3)c2c1,7.522878745280337
FC(F)(F)Oc1ccc(Nc2ncnc3c2cnn3Cc2cccnc2)cc1,7.522878745280337
CN1CCN(CCOc2cc(OC3CCOCC3)c3c(Nc4c(Cl)ccc5c4OCO5)ncnc3c2)CC1,7.522878745280337
Cc1ccc(C(=O)Nc2cc(C(F)(F)F)ccn2)cc1C#Cn1cnc2c(NC3CC3)ncnc21,7.522878745280337
COc1cc2ncnc(Nc3cccc(Br)c3)c2cc1OC,7.522878745280337
COc1cc(CNCc2ccccn2)cc(Cl)c1OCc1ccc(Cl)cc1,7.522878745280337
COc1cc([C@@H](C#Cc2c(C)nc(N)nc2N)OC)cc(OC)c1OC,7.522878745280337
O=C(Nc1nc2ccc(-c3cn([C@@H]4CN[C@H](C(=O)Nc5ccc(F)c(F)c5)C4)nn3)nc2s1)C1CC1,7.522444884514724
Cc1cc(-c2cncc(-c3ccnc(Nc4cc(NC(=O)c5ccc(CN6CCN(C)CC6)cc5)ccc4C)n3)c2)on1,7.51999305704285
CN1CCN(Cc2ccc(NC(=O)c3cccc(C#Cc4cnc5cccnn45)c3)cc2C(F)(F)F)CC1,7.508638306165727
Nc1n[nH]c2cccc(-c3ccc(C(=O)NCCNC(=O)c4ccccc4Br)cc3)c12,7.508638306165727
O=C(Nc1ccc(OC(F)(F)F)cc1)c1ccc(Cl)c(-c2ccncc2)c1,7.508638306165727
Cn1ncc([N+](=O)[O-])c1C(=O)Nc1nc(-c2ccc(Cl)c(Cl)c2)cs1,7.494850021680094
Cc1cccc(C)c1/C=C/n1cnc2c(Nc3ccc(P(C)(C)=O)cc3)nc(C3CCCC3)nc21,7.494850021680094
Cc1ccc(NC(O)c2ccc(CN3CC[C@@H](CN(C)C)C3)c(C(F)(F)F)c2)cc1Nc1nccc(-c2cncnc2)n1,7.494850021680094
COc1ccc(OC)c(CC#Cc2c(C)nc(N)nc2N)c1,7.494850021680094
Cc1ccc(NC(=O)Nc2ccc(Cl)c(C(F)(F)F)c2)cc1C#Cc1cnc2c(Nc3cnn(C)c3)nccn12,7.493494967595128
C=CC(=O)N[C@H]1CC[C@@H](n2nc(-c3ccc(Oc4ccccc4)cc3)c3c(N)ncnc32)CC1,7.490797477668897
Cc1ccnc(C)c1-c1ccc2nc(NC(=O)C3C[C@@H]3F)sc2c1,7.490797477668897
Cc1ccnc(C)c1-c1ccc2nc(NC(=O)[C@@H]3C[C@@H]3F)sc2c1,7.486141768895504
Cc1cc(Nc2ncc(C)c(N3CC(C4CC4)C3)n2)sn1,7.481486060122112
Cc1cc(NC(=O)Nc2ccnc(Cl)c2)sn1,7.481486060122112
CN1CCN(Cc2cc(NC(=O)c3cccc(C#Cc4cnc5cnccn45)c3)cc(C(F)(F)F)c2)CC1,7.481486060122112
Cc1ccc(NC(=O)c2ccc(N=NN(C)CO)c(C(F)(F)F)c2)cc1Nc1nccc(-c2cccnc2)n1,7.481486060122112
Cc1ccncc1-c1ccc2nc(NC(=O)[C@@H]3C[C@@H]3CO)sc2c1,7.477886961443659
Cc1ccccc1COc1ccc2cc(-c3nn(C(C)C)c4ncnc(N)c34)ccc2c1,7.47755576649368
CC(C)(C)[C@H](NC(=O)c1cccc(-c2cncc(C(=O)NC3CC3)c2)c1)C(=O)Nc1ccc(Cl)c(C(F)(F)F)c1,7.468521082957745
Cc1oc(-c2ccccc2)nc1CCCc1ccc(C[C@@H](C(=O)O)n2nccn2)cc1,7.468521082957745
Cc1ncsc1-c1ccc([C@H](C)NC(=O)[C@@H]2C[C@@H](O)CN2C(=O)[C@@H](c2cc(OCC(C)CN3CCC(c4ccc5c(c4)-n4c(nc(=O)c6c(Cl)cccc64)C5(C)C)CC3)no2)C(C)C)cc1,7.468521082957745
O=C1Nc2cc(Br)ccc2/C1=C1/Nc2ccccc2/C1=N\OCCN1CCN(CCOCCO)CC1,7.468521082957745
O=C([O-])COc1ccc(-c2c[nH]c(CNC(=O)Nc3ncc(Sc4ccccn4)s3)n2)cc1,7.468521082957745
COc1ccc(C(=O)Nc2cccc(Cl)c2)cc1Nc1nccc(-c2cccnc2)n1,7.457363632483233
C#CCO[C@@H]1[C@H](C)[C@@H](COS(=O)(=O)C=C)O[C@H]1n1nc(-c2ccc(C)cc2)c2c(N)ncnc21,7.455931955649724
Cc1cc(-c2cncc(-c3ccnc(Nc4cc(NC(=O)c5ccc(CN6CCN(C)CC6)cc5)ccc4C)n3)c2)[nH]n1,7.455931955649724
Cn1cc(-c2cc(C(=O)Nc3ccc(OC(F)(F)F)cc3)ccc2F)cn1,7.455931955649724
COC(=O)C1CCN(c2ncc(C(=O)Nc3ccc(OC(F)(F)Cl)cc3)cc2-c2ccn[nH]2)C1,7.455931955649724
Cc1cc(NC(=O)C2=NN=C(c3cncc(-c4ccnc(Nc5cc(NC(=O)c6ccc(CN7CCN(C)CC7)cc6)ccc5C)n4)c3)C2)[nH]n1,7.455931955649724
Nc1nnc(-c2ccccc2O)cc1N1CC(Oc2ccccc2)C1,7.448550002027125
Cc1c(F)cncc1-c1ccc2nc(NC(=O)C3CC(F)(F)C3)sc2c1,7.447331783887806
CC1CN(c2cc(-c3ccccc3O)nnc2N)CCN1S(C)(=O)=O,7.446116973356125
O=C(Nc1ccc(OC(F)(F)F)cc1)c1cccc(-c2cncnc2)c1F,7.443697499232712
CCCOc1cc(-c2cccc(CCCc3nn(Cc4ccc(C(C)(C)C)cc4)c(=O)n3CC)c2)ccc1CC(=O)O,7.443697499232712
CCn1cc(-c2ccc3c(c2)ncn3-c2cc(OC)c(C(=O)NC)c(OC)c2)cn1,7.443697499232712
COc1cc(C(C)C#Cc2cnc(N)nc2N)cc(OC)c1OC,7.443697499232712
CC[C@]1(C(=O)O)CCc2ccc(OCCCOc3ccc(OC(F)(F)F)cc3Cl)cc2O1,7.432033093176845
Cc1cc(-c2ccc3c(c2)-c2nnc(Nc4cccc(Cl)c4)n2CCO3)ccn1,7.431798275933005
Cc1oc(-c2ccc(C(C)C)cc2)nc1CCOc1ccc(C[C@H](OCC2CC2)C(=O)O)c2sccc12,7.431798275933005
Cc1ccc(NC(=O)c2ccc(CN3CCN(C)CC3)cc2)cc1Nc1nccc(-c2cncc(C3=NN=C(C(=O)Nc4cn[nH]c4)C3)c2)n1,7.429457060118103
Cc1ccc(NC(=O)c2ccc(CN3CCN(C)CC3)cc2)cc1Nc1nccc(-c2cncc(-c3cn[nH]c3)c2)n1,7.429457060118103
CN1CCN(Cc2ccc(NC(=O)Nc3ccc(Oc4ccc5ncccc5c4)cc3)cc2C(F)(F)F)CC1,7.42021640338319
COc1cc(-c2n[nH]c3ncc(-c4ccc(N)nc4)cc23)cc(OC)c1OC,7.42021640338319
CC[C@]1(C(=O)O)CCc2ccc(OCCCOc3ccc(C(C)C)cc3Cl)cc2O1,7.42021640338319
COc1cc2c(Nc3ccc(C)cc3C)c(C#N)cnc2cc1OCC1CCN(C)CC1,7.42021640338319
Cc1ccc(C(=O)Nc2cc(C(F)(F)F)ccn2)cc1/C=C/n1cnc2cncnc21,7.42021640338319
CC(C)n1nc(C#Cc2cccc3cc(-c4ccc(CN5CCN(C)CC5)cc4)ncc23)c2c(N)ncnc21,7.415309752344025
Cc1cccc(F)c1-c1ccc2nc(NC(=O)[C@@H]3C[C@@H]3CO)sc2c1,7.411168274405792
CC(=O)N1CCN(c2cc(-c3ccccc3O)nnc2N)CC1C,7.4089353929735005
CCNC(=O)Nc1nc2ccc(-c3ccnc(C)c3)cc2[nH]1,7.4089353929735005
COc1cc([C@@H](O)C#Cc2c(C)nc(N)nc2N)cc(OC)c1OC,7.4089353929735005
Cc1ccc(NC(=O)c2ccc(CN3CCN(C)CC3)cc2)cc1Nc1nccc(-c2cncc(-c3cnn(C)c3)c2)n1,7.4089353929735005
Cc1ccc(NC(=O)c2ccc(CN3CCN(C)CC3)cc2)cc1Nc1nccc(-c2cncc(-c3ccn(C)n3)c2)n1,7.4089353929735005
Cc1ccncc1-c1cc(F)c2nc(NC(=O)[C@@H]3C[C@@H]3F)sc2c1,7.405607449624574
Cc1ccc(C(=O)Nc2ccc(CN3CCN(C)CC3)c(C(F)(F)F)c2)cc1C#Cc1ccn2nc(N(C)C)nc2c1,7.404503778174426
Cc1nc(Nc2ncc(C(=O)Nc3c(Br)ccnc3C)s2)cc(N2CCN(CCO)CC2)n1,7.401209493236885
CCCO[C@H](Cc1ccc2c(ccn2Cc2nc(-c3ccc(C(F)(F)F)cc3)oc2C)c1)C(=O)O,7.398048595866478
Cc1oc(-c2ccccc2)nc1CCOc1cccc(C[C@@H]2CN(c3ccccc3)C[C@@H]2C(=O)O)c1,7.397940008672037
COc1cccc(-c2cn(C3CC(CO)C3)c3ncnc(N)c23)c1,7.397940008672037
C=CCN(C)C/C=C/COc1ccc(C(=O)c2ccc(Br)cc2)cc1,7.397940008672037
Nc1ncnc2c1c(-c1ccccc1)cn2C1CCC(O)C1,7.397940008672037
CN1CCN(c2ccc(Nc3nc(Nc4ccc(F)c(F)c4)c4ncn(CC5CC5)c4n3)cc2)CC1,7.397940008672037
O=C(/C=C/N1C[C@H]2C[C@@H]1CN2c1ccccn1)c1ccccc1O,7.397940008672037
CCCOC(Cc1ccc2c(ccn2Cc2nc(-c3ccc(C(F)(F)F)cc3)oc2C)c1)C(=O)O,7.397940008672037
CS(=O)(=O)Nc1ccc(-c2cc(Nc3ccc(OC(F)(F)F)cc3)ncn2)cc1,7.397940008672037
C=C(C)[C@@H]1CC[C@]2(C(=O)O)CC[C@]3(C)[C@H](CC[C@@H]4[C@@]5(C)Cc6c([nH]c7ccccc67)C(C)(C)[C@@H]5CC[C@]43C)[C@@H]12,7.397940008672037
Cc1ncncc1C(=O)NC1=NN(c2ccc(Cl)c(Cl)c2)CC1,7.397940008672037
Cc1ccc(NC(=O)c2ccc(Cn3ccnc3)c(C(F)(F)F)c2)cc1C#Cc1cncnc1,7.397940008672037
CN1CCN(c2ccc(Nc3nc(Nc4cccc(F)c4)c4ncn(CC5CC5)c4n3)cc2)CC1,7.397940008672037
COCCOc1ncc(C(=O)Nc2ccc(OC(F)(F)F)cc2)cc1-c1ccn[nH]1,7.397940008672037
Cc1scnc1-c1ccc2nc(NC(=O)[C@@H]3C[C@@H]3F)sc2c1,7.393618634889395
Cc1ccc(NC(=O)c2ccc(CN3CCN(C)CC3)cc2)cc1Nc1nccc(-c2cncc(-c3[nH]ncc3C)c2)n1,7.392544976785332
Cc1ccc(NC(=O)c2ccc(CN3CCN(C)CC3)cc2)cc1Nc1nccc(-c2cncc(C3=NN=C(C(=O)Nc4[nH]ncc4C)C3)c2)n1,7.392544976785332
COc1ccccc1-c1c[nH]c2ncc(-c3cccc(NC(C)=O)c3)cc12,7.387216143280264
Cc1nnc(-c2cncc(-c3ccnc(Nc4cc(NC(=O)c5ccc(CN6CCN(C)CC6)cc5)ccc4C)n3)c2)s1,7.387216143280264
CC(=O)c1cccc(NC(=O)N[C@@H]2CCCC[C@H]2CN2CCC[C@@H](Cc3ccc(F)cc3)C2)c1,7.387216143280264
CN1CCN(Cc2ccc(NC(=O)c3ccc(Cl)c(C#Cc4cnc5cccnn45)c3)cc2C(F)(F)F)CC1,7.387216143280264
CCc1ccc(C(=O)Nc2ccc(C)c(-n3cc(-c4cccnc4)cn3)c2)cc1,7.387110243623958
CC(C)(C)C(=O)Nc1ccc(-c2cn([C@@H]3CN[C@H](C(=O)Nc4ccc(Cl)c(C(F)(F)F)c4)C3)nn2)cn1,7.379351306445003
CCCc1cc(OC2CCCC2)ccc1OCCCOc1cccc(-c2sc(=O)[nH]c2O)c1,7.376957565753618
CC[C@@](C)(Cc1ccc(OCCCOc2ccccc2Cl)cc1)C(=O)O,7.376957565753618
CN(CCCO)c1ncc(C(=O)Nc2ccc(OC(F)(F)F)cc2)cc1-c1cccnc1,7.376750709602099
O=C(NCc1nc(-c2ccccc2)c[nH]1)Nc1ncc(Sc2ccccn2)s1,7.376750709602099
C[C@@H]1CN(c2cccc(-c3csc(NC(=O)C4(NC(=O)c5ccn(S(C)(=O)=O)c5)CC4)n3)n2)C[C@H](C)O1,7.376750709602099
Cc1ncsc1-c1ccc([C@H](CN2CCOCC2)NC(=O)[C@@H]2C[C@@H](O)CN2C(=O)[C@@H](n2cc([C@H]3CC[C@H](CN4CCC(c5ccc6c(c5)-n5c(nc(=O)c7c(Cl)cccc75)C65CCCCC5)CC4)CC3)nn2)C(C)(C)C)cc1,7.376750709602099
CN1CCN(Cc2ccc(NC(=O)c3ccc(F)c(C#Cc4cnc5cccnn45)c3)cc2C(F)(F)F)CC1,7.376750709602099
[C-]#[N+]c1cccc(Nc2ncc3cc(-c4c(Cl)cccc4Cl)c(=O)oc3n2)c1,7.370590400897282
CCNC(=O)Nc1nc2ccc(-c3c(Cl)cccc3Cl)cc2[nH]1,7.366531544420414
CCCc1cc(C(=O)CC)cc(CCC)c1O[C@H](C(=O)O)c1ccc(OC(C)C)cc1,7.366531544420414
Nc1ncnc2c1c(-c1cccc(O)c1)cn2[C@H]1C[C@@H](CO)C1,7.366531544420414
Nc1n[nH]c2cc(-c3ccc(C(=O)NCCNC(=O)c4ccc(Cl)c(C(F)(F)F)c4)cc3)ccc12,7.366531544420414
COc1ccc(Cc2cc([C@]34OC[C@](CO)(O3)[C@@H](O)[C@H](O)[C@@H]4O)ccc2Cl)cc1,7.365522729839268
Cc1ccc(NC(=O)c2ccc(C(F)(F)F)cc2)cc1-n1cc(-c2cccnc2)cn1,7.365172324610844
Nc1n[nH]c2cc(-c3cn([C@@H]4CN[C@H](C(=O)Nc5ccc(Br)cc5)C4)nn3)ccc12,7.358679881789029
CN(C)CCOc1ccc(C(=O)NCc2cccc(C(=O)N[C@@H](CC(C)(C)C)C(=O)Nc3ccc(CCN(C)C)cc3)c2)cc1,7.356547323513812
O=C(Nc1ccc(OC(F)(F)F)cc1)c1ccc(F)c(-c2ccncc2)c1,7.356547323513812
CCNC(=O)Nc1nc2cc(-c3ccccc3)ccc2[nH]1,7.356547323513812
Cc1ccc(NC(=O)c2ccc(CN3CCN(C)CC3)cc2)cc1Nc1nccc(-c2cncc(-c3cn[nH]c3C)c2)n1,7.349692476868063
Cc1ccc(NC(=O)c2ccc(CN3CCN(C)CC3)cc2)cc1Nc1nccc(-c2cncc(C3=NN=C(C(=O)Nc4cn[nH]c4C)C3)c2)n1,7.349692476868063
CS(=O)(=O)n1ccc(C(=O)NCC(=O)Nc2nc(-c3cccc(OC(F)F)n3)cs2)c1,7.346787486224656
Cc1cc(-c2ccc3c(c2)-c2nnc(Nc4cccc(OC(F)(F)F)c4)n2CCO3)ccn1,7.346787486224656
Cc1oc(-c2cccs2)nc1CCOc1ccc(CC(C)(Oc2ccccc2)C(=O)O)cc1,7.346787486224656
CCNC(=O)Nc1nc2ccc(-c3ccccc3CC)cc2[nH]1,7.346787486224656
O=c1nc2n(C3CCCC3)c3cc(C4CCNCC4)ccc3n2c2cccc(Br)c12,7.346787486224656
O=C(N[C@@H](Cc1ccccc1)C(=O)N1CC(C(=O)O)C1)c1c[nH]c2ccc(Cl)cc12,7.346787486224656
Cc1ccc(C(=O)Nc2cc(-n3ccnc3CN(C)C)cc(C(F)(F)F)c2)cc1C#Cc1cnc2ccccn12,7.346787486224656
CCNC(=O)Nc1nc2ccc(-c3c(C)cccc3C)cc2[nH]1,7.346787486224656
CC(=O)N1CCC(COc2cc(F)c3c(=O)[nH]c(CN(C)C4CCN(C(=O)C5CC5)CC4)nc3c2)CC1,7.346787486224656
Cc1ccc(NC(=O)c2ccc(CN3CCN(C)CC3)cc2)cc1Nc1nccc(-c2cncc(-c3ccn[nH]3)c2)n1,7.3448615651886175
Cc1ccc(NC(=O)c2ccc(CN3CCN(C)CC3)cc2)cc1Nc1nccc(-c2cncc(C3=NN=C(C(=O)Nc4ccn[nH]4)C3)c2)n1,7.3448615651886175
Nc1nnc(-c2ccccc2O)cc1N1CCCCC1,7.338187314462739
CCCc1cc(CC2CCCCC2)ccc1OCCCOc1cccc(-c2sc(=O)[nH]c2O)c1,7.337242168318426
COc1ccc(C(=O)Nc2ccc(C)c(-n3cc(-c4cccnc4)cn3)c2)cc1,7.33630009638115
CS(=O)(=O)N1CCN(c2cc(-c3ccccc3O)nnc2N)CC1Cc1ccccc1,7.329754146925876
O=c1[nH]c(O)c(-c2cccc(OCCCOc3ccc(Oc4ccccc4)cc3)c2)s1,7.327994554977048
COc1cc(Nc2c(C#N)cnc3cc(OCCON4CCN(C)CC4)c(OC)cc23)c(Cl)cc1Cl,7.327902142064282
CCNC(=O)Nc1nc2ccc(-c3ccccc3OC(C)C)cc2[nH]1,7.327902142064282
CC(C)(C)n1ccc(C(=O)NCC(=O)Nc2nc(-c3cccc(N4CCC4)n3)cs2)c1,7.327902142064282
Cc1ncsc1-c1ccc([C@H](C)NC(=O)[C@@H]2C[C@@H](O)CN2C(=O)[C@@H](c2cc(OC3CCC(N4CCC(c5ccc6c(c5)C(C)(C)c5nc(=O)c7c(Cl)cccc7n5-6)CC4)CC3)no2)C(C)C)cc1,7.327902142064282
Cc1ccc(NC(=O)c2ccc(CN3CCN(C)CC3)cc2)cc1Nc1nccc(-c2cncc(-c3oncc3C)c2)n1,7.327902142064282
O=C(O)CCNc1ncc(C(=O)Nc2ccc(OC(F)(F)F)cc2)cc1-c1ccn[nH]1,7.327902142064282
CC(=O)N1CCc2c1ccc(C)c2-c1ccc2nc(NC(=O)[C@@H]3C[C@@H]3F)sc2c1,7.326058001365912
FC(F)(F)c1cccc(Nc2nnc3n2CCOc2ccc(-c4ccncc4)cc2-3)c1,7.318758762624412
O=C1Nc2cc(OC(F)(F)F)ccc2Oc2ccc(-c3ccnc(N4CC[C@H](O)C4)c3)cc21,7.318758762624412
CN1CCN(C(=O)c2cc3c(Nc4ccc(OC(F)(F)F)cc4)ncnc3s2)CC1,7.318758762624412
CCOc1ccc(-c2cccc(CCCc3nn(Cc4ccc(C(C)(C)C)cc4)c(=O)n3CC)c2)cc1CC(=O)O,7.318758762624412
Cc1cn(-c2cc(NC(=O)c3ccc(C)c(/C=C/n4cnc5cncnc54)c3)cc(C(F)(F)F)c2)cn1,7.318758762624412
CC(C)c1ccc(OCCCOc2ccc3c(c2)O[C@@](C)(C(=O)O)CC3)c(Cl)c1,7.318758762624412
CN1CCOc2ccc(c(F)c2)C(=O)NCc2ccc(F)c(c2)C(=O)N[C@@H](CC(C)(C)C)C(=O)Nc2ccc(cc2)CCN(C)C(=O)CC(C)(C)CC1=O,7.318758762624412
Cc1cc(Nc2cc(N3CCN(C)CC3)nc(Sc3ccc(NC(=O)C4CC4)cc3)n2)n[nH]1,7.318615552998157
CC[C@@](C)(Cc1ccc(OCCCOc2ccc3c(C(F)(F)F)cc(=O)oc3c2C)cc1)C(=O)O,7.309803919971486
CN1CCN(c2cc(-c3cc(Nc4ccc(OC(F)(F)F)cc4)ncn3)ccn2)CC1,7.309803919971486
Cc1ccc(C(=O)Nc2ccc(CN3CCN(CCF)CC3)c(C(F)(F)F)c2)cc1C#Cc1cnc2ccccn12,7.309803919971486
Cc1oc(-c2ccccc2)nc1CCOc1cccc(C2=C(CC(=O)O)CCN(C(=O)OCC(C)C)C2)c1,7.309803919971486
CC(C)(C)OC(=O)N1C[C@@H](n2cc(-c3ccc4c(N)n[nH]c4c3)nn2)C[C@H]1C(=O)Nc1ccc(Br)cc1,7.301073429455696
CN(C[C@H]1C[C@@H]1COc1ccc(C(=O)c2ccc(Br)cc2)c(F)c1)C1CC1,7.301029995663981
Cc1ccc(C(=O)Nc2cc(-c3cnn(C)c3)cc(C(F)(F)F)c2)cc1Nc1cc(-c2cccnc2)ccn1,7.301029995663981
COc1cccc(-c2cn(-c3cccc(CO)c3)c3ncnc(N)c23)c1,7.301029995663981
Cc1cc(Nc2cc(N3CCN(C)CC3)nc(Sc3ccc(NC(=O)C4CC4)cc3)n2)[nH]n1,7.301029995663981
COc1cccc(-c2cn(C3CCC3)c3ncnc(N)c23)c1,7.301029995663981
Cc1ccc(C(=O)Nc2ccc(CN3CCN(C)CC3)c(C(F)(F)F)c2)cc1C#Cc1cnc(NC2CC2)nc1,7.301029995663981
Cc1ncncc1-c1ccc2nc(NC(=O)[C@@H]3C[C@@H]3F)sc2c1,7.300162274132754
N#Cc1ccncc1-c1ccc2nc(NC(=O)[C@@H]3C[C@@H]3F)sc2c1,7.2971561066636115
Cc1ccc(NC(=O)c2ccc(CN3CCN(C)CC3)cc2)cc1-n1cc(-c2cccnc2)cn1,7.294139653531132
CCCc1cc(C(=O)CC)cc(CCC)c1OC(C(=O)O)c1ccccc1,7.292429823902063
CCCCCCCCCCCOc1cccc(CCC(=O)NC[C@@H](O)COP(=O)(OC)OC[C@H](NC(C)=O)C(=O)O)c1,7.292429823902063
Cc1oc(-c2ccccc2)nc1CCOc1cccc(CN(CCCc2ccccc2)CC(=O)O)c1,7.292429823902063
COCCOc1ncc(C(=O)Nc2ccc(OC(F)(F)F)cc2)cc1-c1cncnc1,7.292429823902063
Cc1csc(-c2cncc(-c3ccnc(Nc4cc(NC(=O)c5ccc(CN6CCN(C)CC6)cc5)ccc4C)n3)c2)n1,7.292429823902063
c1ccc(-c2cccc(Nc3ncnc4cc5c(cc34)OCO5)c2)cc1,7.292429823902063
CCN1CCN(Cc2ccc(NC(=O)c3ccc(C)c(/C=C/c4cnc5[nH]ccc5c4OC)c3)cc2C(F)(F)F)CC1,7.2839966563652
O=C(NNC(=S)Nc1ccc(Cl)c(Cl)c1)c1ccccc1O,7.2839966563652
CN(C)CCOc1ccc(C(=O)NCc2cccc(C(=O)N[C@@H](CC(C)(C)C)C(=O)Nc3ccc(CCC(=O)O)cc3)c2)cc1,7.2839966563652
CCNC(=O)c1c(OC)cc(-n2cnc3cc(-c4cnn(CC)c4)ccc32)cc1OC,7.275724130399211
Cc1oc(-c2ccccc2)nc1CCOc1ccc(CCC(=O)O)c(CNC(=O)Oc2cnccn2)c1,7.275724130399211
O=c1nc2n(c3cccc(Cl)c13)-c1ccc(C3CCNCC3)cc1C21CCCCCC1,7.275724130399211
CCN1CCN(Cc2ccc(NC(=O)Nc3nc4ccc(Oc5ccnc(C(=O)NC)c5)cc4s3)cc2C(F)(F)F)CC1,7.275724130399211
Cc1ccc(NC(=O)c2ccc(CN3CCN(C)CC3)cc2)cc1Nc1nccc(-c2cncc(-c3nccs3)c2)n1,7.275724130399211
CC(C)n1nc(C#Cc2cccc3cc(-c4cccc(C(F)(F)F)c4)ncc23)c2c(N)ncnc21,7.27441392124373
CCCc1c(OCCCSc2ccc(CC(=O)O)cc2Cl)ccc2c(-c3ccccc3)coc12,7.268008550981071
COC(=O)CN1CCC(n2cc(-c3cccc(O)c3)c3c(N)ncnc32)C1,7.267606240177031
Cc1oc(-c2ccccc2)nc1CCOc1ccc(Cc2nn(-c3ccccc3)nc2CC(=O)O)cc1,7.267606240177031
CNCCOc1ccc(C(=O)NCc2cccc(C(=O)N[C@@H](CC(C)(C)C)C(=O)Nc3ccc(CN4CCCC4)cc3)c2)cc1,7.267606240177031
Cc1ccc(C(=O)Nc2ccc(CN3CCN(C)CC3)c(C(F)(F)F)c2)cc1/C=C/c1cnc2cccnn12,7.267606240177031
Nc1c(-c2ccn3nc(NC(=O)[C@@H]4C[C@@H]4F)cc3c2)cnc2[nH]ccc12,7.266000713461613
Cc1cc(F)ncc1-c1ccc2nc(NC(=O)[C@@H]3C[C@@H]3F)cn2c1,7.259637310505756
Cc1ccncc1-c1ccc2nc(NC(=O)[C@@H]3C[C@@H]3F)cn2c1,7.259637310505756
Cc1ccc(C(=O)Nc2ccc(CN3CCN(C)CC3)c(C(F)(F)F)c2)cc1C#Cc1cnc(C(=O)NCCO)n1C,7.259637310505756
CN(C)c1c(F)cccc1-c1ccc2nc(NC(=O)[C@@H]3C[C@@H]3F)cn2c1,7.259637310505756
Cc1c(F)cccc1-c1ccc2nc(NC(=O)C3CCC3)cn2c1,7.259637310505756
Cc1c(F)cccc1-c1ccc2nc(NC(=O)[C@@H]3C[C@@H]3F)c(Cl)n2c1,7.259637310505756
Cc1c(F)cccc1-c1ccc2nc(NC(=O)[C@@H]3C[C@@H]3F)c(C)n2c1,7.259637310505756
Cc1ccc2[nH]cnc2c1-c1ccc2nc(NC(=O)[C@@H]3C[C@@H]3F)cn2c1,7.259637310505756
O=C1Cc2ccc(-c3ccc4nc(NC(=O)[C@@H]5C[C@@H]5F)cn4c3)cc2N1,7.259637310505756
Cc1c(F)cccc1-c1ccc2nc(NC(=O)[C@@H]3C[C@@H]3F)c(Br)n2c1,7.259637310505756
Cc1c(F)cccc1-c1ccc2nc(NC(=O)C3CC(F)C3)cn2c1,7.259637310505756
O=C(Nc1ccc(OC(F)(F)F)cc1)c1cnc(Cl)c(-c2ccn[nH]2)c1,7.259637310505756
Nc1ccc(-c2ccc3nc(NC(=O)[C@@H]4C[C@@H]4F)cn3c2)cn1,7.259637310505756
Cc1c(F)cccc1-c1ccc2nc(NC(=O)C3CC(F)(F)C3)cn2c1,7.259637310505756
O=C(Nc1cn2cc(-c3cnccc3Cl)ccc2n1)[C@@H]1C[C@@H]1F,7.259637310505756
COCCOCc1c(F)cccc1-c1ccc2nc(NC(=O)[C@@H]3C[C@@H]3F)cn2c1,7.259637310505756
CC(=O)Nc1ccc(C)c(-c2ccc3nc(NC(=O)[C@@H]4C[C@@H]4F)cn3c2)c1,7.259637310505756
Cc1cccc(F)c1-c1ccc2nc(NC(=O)[C@@H]3C[C@@H]3F)c(Cl)n2c1,7.259637310505756
O=C(Nc1cn2cc(-c3ccccc3C(F)(F)F)ccc2n1)[C@@H]1C[C@@H]1F,7.259637310505756
O=C(Nc1cn2cc(-c3ccc4sc(=O)[nH]c4c3)ccc2n1)[C@@H]1C[C@@H]1F,7.259637310505756
CN(C)CCOc1ccc(C(=O)NCc2ccc(F)c(C(=O)N[C@@H](CC(C)(C)C)C(=O)Nc3ccc(CCC(=O)O)cc3)c2)cc1,7.259637310505756
CN(C)CCOc1ccc(C(=O)NCc2cccc(C(=O)N[C@@H](CC(C)(C)C)C(=O)Nc3ccc(CN4CCCC4)cc3)c2)cc1,7.259637310505756
Cc1cccc(F)c1-c1ccc2nc(NC(=O)[C@@H]3C[C@@H]3F)c(C)n2c1,7.259637310505756
CC(=O)c1c(F)cccc1-c1ccc2nc(NC(=O)[C@@H]3C[C@@H]3F)cn2c1,7.259637310505756
Cc1ccnc(F)c1-c1ccc2nc(NC(=O)[C@@H]3C[C@@H]3F)cn2c1,7.259637310505756
O=C(Nc1cn2cc(-c3cccc(F)c3-c3ccco3)ccc2n1)[C@@H]1C[C@@H]1F,7.259637310505756
COc1cc(Nc2c(C#N)cnc3cc(OCC4CCCCN4C)c(OC)cc23)c(Cl)cc1Cl,7.251811972993799
COC[C@H](NC(=O)c1ccn(C2(C#N)CC2)n1)C(=O)Nc1nc(-c2cccc(N3C[C@@H](C)O[C@@H](C)C3)n2)cs1,7.251811972993799
Cc1cc(-c2ccc3c(c2)-c2nnc(Oc4cccc(Cl)c4F)n2CCO3)ccn1,7.251811972993799
Cc1ccc(C(=O)Nc2ccc(CN3CCN(C(C)C)CC3)c(C(F)(F)F)c2)cc1C#Cc1cnc2ccccn12,7.251811972993799
CS(=O)(=O)n1ccc(C(=O)NCC(=O)Nc2nc(-c3cccc(OC(F)(F)F)n3)cs2)c1,7.251811972993799
COC(=O)CN1CCC(n2cc(-c3cccc(O)c3)c3c(N)ncnc32)CC1,7.251811972993799
C=CC(=O)N(c1cc(OC)c(Cl)cc1Cl)c1c(C#N)cnc2cc(OCCCN3CCN(C)CC3)c(OC)cc12,7.251037828712369
Cc1ccncc1-c1ccc2nc(NC(=O)C3CCC3)sc2c1,7.248720896016658
CN1CCN(Cc2cc(NC(=O)c3cccc(C#Cc4cccc5[nH]nc(N)c45)c3)cc(C(F)(F)F)c2)CC1,7.245271042717301
Cc1cnc(-c2cncc(-c3ccnc(Nc4cc(NC(=O)c5ccc(CN6CCN(C)CC6)cc5)ccc4C)n3)c2)s1,7.244125144327507
CCOC(=O)[C@@H]1CSC(c2ccccc2)N1C(=O)c1cn(CCCNC(=O)C(F)(F)F)nn1,7.244125144327507
C[C@]1(C(=O)O)CCc2ccc(OCCCOc3ccc(OC(F)(F)F)cc3Cl)cc2O1,7.244125144327507
O=C(Nc1nc2ccc(-c3cc[nH]n3)cc2s1)[C@@H]1C[C@@H]1F,7.239577516576788
Cc1ccc(C(=O)Nc2ccc(CN3CCN(C)CC3)c(C(F)(F)F)c2)cc1C#Cc1ccc(-c2ncc(C(F)(F)F)[nH]2)nc1,7.2373214362725635
CC(C)(C)OC(=O)N1CCC(n2cc(-c3cccc(O)c3)c3c(N)ncnc32)C1,7.236572006437063
CCCc1cc(C(=O)CC)cc(CCC)c1O[C@H](C(=O)O)c1ccc(CC(C)C)cc1,7.236572006437063
Cc1cc(-c2ccc3c(c2)-c2nnc(Oc4cccc(Cl)c4)n2CCO3)ccn1,7.236572006437063
Cc1cccc(F)c1-c1ccc2nc(NC(=O)C3C[C@H]3CO)sc2c1,7.235077015350111
O=C(Nc1cccc(Cl)c1F)N1CCOc2ccc(-c3ccncc3)cc2C1,7.229147988357855
Cc1ccc(C(=O)Nc2ccc(CN3CCN(C)CC3)c(C(F)(F)F)c2)cc1C#Cc1cn(C)cn1,7.229147988357855
C=CCN(C[C@H]1C[C@@H]1COc1ccc(C(=O)c2ccc(Br)cc2)cc1)C1CC1,7.229147988357855
CCOc1cc(-c2cccc(CCCc3nn(Cc4ccc(C(C)(C)C)cc4)c(=O)n3CC)c2)ccc1CC(=O)O,7.229147988357855
COC[C@H](NC(=O)c1ccn(C2(C)COC2)n1)C(=O)Nc1nc(-c2cccc(N3C[C@@H](C)O[C@@H](C)C3)n2)cs1,7.229147988357855
Nc1nnc(-c2ccccc2O)cc1OC1CCN(Cc2ccccc2)C1,7.224025668870631
c1coc(CNc2ccc3[nH]nc(-c4nc5ccc(N6CCC(N7CCCCC7)CC6)cc5[nH]4)c3c2)c1,7.221848749616356
CC[C@]1(C(=O)O)CCc2ccc(OCCCOc3ccc(Oc4ccc(F)cc4)cc3Cl)cc2O1,7.221848749616356
C=CCN(C)CCCCCCOc1ccc(C(=O)c2ccc(Br)cc2)c(F)c1,7.221848749616356
c1ccc(COc2ccc3[nH]nc(-c4nc5ccc(N6CCC(N7CCCCC7)CC6)cc5[nH]4)c3c2)cc1,7.221848749616356
Cc1ncsc1-c1ccc([C@H](C)NC(=O)[C@@H]2C[C@@H](O)CN2C(=O)[C@@H](c2cc(OCCCN3CCC(c4ccc5c(c4)C(C)(C)c4nc(=O)c6c(Cl)cccc6n4-5)CC3)no2)C(C)C)cc1,7.221848749616356
C[C@]1(C(=O)O)CCc2ccc(OCCCOc3ccc(Oc4ccccc4)cc3Cl)cc2O1,7.221848749616356
N[C@@H]1CCN(c2c(F)cc3c(=O)c(C(=O)O)cn4c3c2Oc2c-4ccc3c2ccc2ccccc23)C1,7.221848749616356
COc1cccc(-c2cn(-c3ccccc3)c3ncnc(N)c23)c1,7.221848749616356
COc1cccc(Oc2ccc3[nH]nc(-c4nc5ccc(N6CCC(N7CCCCC7)CC6)cc5[nH]4)c3c2)c1,7.221848749616356
O=C(Nc1ccnc(Cl)c1)Nc1ccnc(C(F)(F)F)c1,7.221848749616356
O=C(Nc1ccc(Cl)c(C(F)(F)F)c1)[C@@H]1C[C@H](n2cc(-c3cncc(C(=O)N4CCOCC4)c3)nn2)CN1,7.221631710876696
Nc1nnc(-c2ccccc2O)cc1N1CCN(Cc2cccnc2)CC1,7.2168113089247425
CC(C)(C)OC(=O)N1C[C@@H](n2cc(-c3ccc4c(N)n[nH]c4c3)nn2)C[C@H]1C(=O)Nc1ccc(Cl)cc1Cl,7.215955486182618
Cc1oc(-c2ccc(C(F)(F)F)cc2)nc1Cn1ccc2cc(C[C@@H](OC(C)C)C(=O)O)ccc21,7.215026290045599
Nc1ccc(C(=O)NCC(=O)Nc2nc(-c3cccc(-c4cccnc4)c3)cs2)cc1,7.214670164989233
Cc1oc(-c2ccc(C(F)(F)F)cc2)nc1Cn1ccc2cc(CC(OC(C)C)C(=O)O)ccc21,7.214670164989233
CN1CCN(CCC(=O)Nc2ccc3ncnc(Nc4ccc(NC(=O)Nc5cc(C(C)(C)C)nn5-c5cccc(N)c5)cc4)c3c2)CC1,7.214670164989233
COC(Cc1ccc(OCCc2nc(-c3ccccc3)oc2C)c2ccccc12)C(=O)O,7.214670164989233
CCCc1cc(C=C2CCCCC2)ccc1OCCCOc1cccc(-c2sc(=O)[nH]c2O)c1,7.207608310501746
Cc1ccnc(NS(=O)(=O)c2ccc(Nc3nccc(N(C)c4ccc5c(C)n(C)nc5c4)n3)cc2)n1,7.207608310501746
O=c1nc2n(c3cccc(Br)c13)-c1ccc(C3CCNCC3)cc1C21CCCC1,7.207608310501746
CN(C[C@H]1C[C@@H]1COc1ccc(C(=O)c2ccc(Br)cc2)cc1)C1CC1,7.207608310501746
CCn1nc(C#Cc2cccc3cc(-c4cccc(C(F)(F)F)c4)ncc23)c2c(N)ncnc21,7.2058921673855005
CNC(=O)c1cc(Oc2ccc(NC(=O)Nc3cc(C(C)(C)C)nn3-c3ccc(C)cc3)cc2)ccn1,7.20342566678957
O=C(Nc1nc2ccc(-c3cnccc3C(F)(F)F)cc2s1)[C@@H]1C[C@@H]1F,7.202417292604885
Cc1cc(-c2ccc3c(c2)-c2nnc(Nc4cccc(C(F)(F)F)c4)n2CCO3)ccn1,7.200659450546418
Cc1ccc(C(=O)Nc2ccc(CN3CCN(C)CC3)c(C(F)(F)F)c2)cc1C#Cc1cncnc1,7.200659450546418
FC(F)(F)Oc1cccc(Nc2nnc3n2CCOc2ccc(-c4ccncc4)cc2-3)c1,7.200659450546418
CN(C)CCOc1ccc(C(=O)NCc2cccc(C(=O)N[C@@H](CC(C)(C)C)C(=O)Nc3ccc4nccn4c3)c2)cc1,7.200659450546418
Cc1ccc(NC(=O)c2ccc(CN3CCN(C)CC3)c(F)c2)cc1Nc1nccc(-c2cccnc2)n1,7.200315045651141
COc1ccc(C(=O)Nc2ccc(OCCN3CCOCC3)cc2)cc1Nc1nccc(-c2cccnc2)n1,7.199593568512473
Cc1ccc(C(=O)Nc2ccc(C)c(Nc3nccc(-c4cccnc4)n3)c2)cc1,7.199480900891103
CCOc1ccc(-c2cccc(C(F)(F)CCc3nn(Cc4ccc(C(C)(C)C)cc4)c(=O)n3CC)c2)cc1CC(=O)O,7.1938200260161125
CCCc1cc(C(=O)CC)cc(CCC)c1O[C@H](C(=O)O)c1ccc(CC)cc1,7.1938200260161125
C[C@H]1CN(c2cccc(-c3csc(NC(=O)CNC(=O)c4ccn(C(C)(C)C)c4)n3)n2)C[C@H](C)O1,7.1938200260161125
CN1CCN(c2ccc(C(=O)Nc3n[nH]c4c3CN(C(=O)Cc3cccs3)C4)cc2)CC1,7.189969213594161
CC(C)(C)c1cc(NC(=O)Nc2ccc(Oc3ccc4ncncc4c3)cc2)n(-c2ccc3ncccc3c2)n1,7.187086643357144
CN1CCN(c2ccc(C(=O)Nc3[nH]nc4c3CN(C(=O)Cc3cccs3)C4)cc2)CC1,7.187086643357144
Cc1nnc(-c2cccc(-c3csc(NC(=O)CNC(=O)c4ccc(N)cc4)n3)c2)o1,7.187086643357144
Cc1ccc2cc(-c3cccc(C(F)(F)F)c3)ncc2c1C#Cc1nn(C(C)C)c2ncnc(N)c12,7.1807553715226815
CC(C)c1ccc(C(=O)Nc2ccc(CN3CCN(C)CC3)c(C(F)(F)F)c2)cc1-n1cc(-c2cnc3[nH]ncc3c2)nn1,7.180456064458131
CC[C@]1(C(=O)O)CCc2ccc(OCCCOc3ccc(OCC(F)(F)F)cc3Cl)cc2O1,7.180456064458131
COC(=O)c1cc(NC(=O)[C@H](CC(C)(C)C)NC(=O)c2cccc(CNC(=O)c3ccc(OCCN(C)C)cc3)c2)ccc1C,7.180456064458131
CCc1cn(-c2cc(NC(=O)c3ccc(C)c(C#Cc4cnc5cccnn45)c3)cc(C(F)(F)F)c2)cn1,7.180456064458131
COc1cccc(C(=O)N2CCN(C(=O)c3ccc(-c4ccccn4)cc3)CC2)c1,7.180456064458131
CCN1CCN(Cc2ccc(NC(=O)CNc3ccc(-c4ccc(NC(=O)C5CC5)nc4)cc3)cc2C(F)(F)F)CC1,7.175819994509534
[C]Oc1cc([C]=C(C(=O)/[C]=[C]/c2ccc([O])c(O[C])c2)C(=O)/[C]=[C]/c2ccc([O])c(O[C])c2)ccc1[O],7.173925197299173
COc1cc2nccc(Oc3c(F)cc(NC(=O)NC4CC4)c(Cl)c3F)c2cc1C(N)=O,7.167491087293763
CC1(C)c2c(C3CCNCC3)cccc2-n2c1nc(=O)c1c(Cl)cccc12,7.167491087293763
COC(=O)c1cccc(NC(=O)[C@H](CC(C)(C)C)NC(=O)c2cccc(CNC(=O)c3ccc(OCCN(C)C)cc3)c2)c1,7.167491087293763
CCn1cnc2c(Nc3ccc(P(=O)(O)CP(=O)(O)O)cc3)nc([C@H]3CC[C@H](N)CC3)nc21,7.167491087293763
COC[C@H](NC(=O)c1ccn(S(C)(=O)=O)c1)C(=O)Nc1nc(-c2ccccc2)cs1,7.167491087293763
CCCc1cc(Oc2ccc(Cl)c(Cl)c2)ccc1OCCCOc1cccc(-c2sc(=O)[nH]c2O)c1,7.167491087293763
O=C(Nc1cnc2[nH]c(Cc3ccc[nH]3)cc2c1)c1ccccc1Br,7.1666616110606025
CS(=O)(=O)n1ccc(C(=O)NCC(=O)Nc2nc(-c3ccccc3)cs2)c1,7.161150909262744
Cc1oc(-c2ccccc2)nc1CCOc1cccc(Cc2nn(-c3ccccc3)nc2C(=O)O)c1,7.161150909262744
COc1ncccc1-c1cncc(C(=O)Nc2ccc(OC(F)(F)F)cc2)c1,7.161150909262744
Cc1ccc(C(=O)Nc2ccc(CN3CCN(C)CC3)c(C(F)(F)F)c2)cc1C#Cc1cnc2ncccn12,7.161150909262744
CCCOC(Cc1ccc(OCCc2nc(-c3ccccc3)oc2C)c2ccccc12)C(=O)O,7.161150909262744
CC1CN(c2cc(-c3ccccc3O)nnc2N)CC(C)O1,7.157390760389438
COc1cccc(C(Nc2ccc(-c3ccc(NC(c4cccc(OC)c4)n4nc(-c5cc(=O)oc6ccccc56)oc4=S)cc3)cc2)n2nc(-c3cc4ccccc4oc3=O)oc2=S)c1,7.154901959985743
CN(C)c1ccc(C(Nc2ccc(-c3ccc(NC(c4ccc(N(C)C)cc4)n4nc(-c5cc(=O)oc6ccccc56)oc4=S)cc3)cc2)n2nc(-c3cc4ccccc4oc3=O)oc2=S)cc1,7.154901959985743
COc1cccc(C(Nc2ccc(NC(c3cccc(OC)c3)n3nc(-c4cc(=O)oc5ccccc45)oc3=S)cc2)n2nc(-c3cc4ccccc4oc3=O)oc2=S)c1,7.154901959985743
O=c1cc(-c2nn(C(Nc3ccc(NC(c4ccc([N+](=O)[O-])cc4)n4nc(-c5cc6ccccc6oc5=O)oc4=S)cc3)c3ccc([N+](=O)[O-])cc3)c(=S)o2)c2ccccc2o1,7.154901959985743
O=c1cc(-c2nn(C(Nc3ccc(NC(c4cccc(Br)c4)n4nc(-c5cc6ccccc6oc5=O)oc4=S)cc3)c3cccc(Br)c3)c(=S)o2)c2ccccc2o1,7.154901959985743
O=c1cc(-c2nn(C(Nc3ccc(NC(c4cccc(Cl)c4)n4nc(-c5cc6ccccc6oc5=O)oc4=S)cc3)c3cccc(Cl)c3)c(=S)o2)c2ccccc2o1,7.154901959985743
Cc1[nH]c2ccccc2c(=O)c1-c1ccc(Oc2ccc(OC(F)(F)F)cc2)cc1,7.154901959985743
CC(C)n1nc(-c2ccc(Cl)c(Cl)c2)c2c(N)ncnc21,7.154901959985743
O=c1oc2ccccc2cc1-c1nn(C(Nc2ccc(Oc3ccc(NC(c4ccc(Br)cc4)n4nc(-c5cc6ccccc6oc5=O)oc4=S)cc3)cc2)c2ccc(Br)cc2)c(=S)o1,7.154901959985743
O=c1cc(-c2nn(C(Nc3ccc(NC(c4ccc(Cl)cc4)n4nc(-c5cc6ccccc6oc5=O)oc4=S)cc3)c3ccc(Cl)cc3)c(=S)o2)c2ccccc2o1,7.154901959985743
CN(C)c1ccc(C(Nc2ccc(Oc3ccc(NC(c4ccc(N(C)C)cc4)n4nc(-c5cc6ccccc6oc5=O)oc4=S)cc3)cc2)n2nc(-c3cc4ccccc4oc3=O)oc2=S)cc1,7.154901959985743
O=c1oc2ccccc2cc1-c1nn(C(Nc2ccc(Oc3ccc(NC(c4ccc(Cl)cc4Cl)n4nc(-c5cc6ccccc6oc5=O)oc4=S)cc3)cc2)c2ccc(Cl)cc2Cl)c(=S)o1,7.154901959985743
O=c1cc(-c2nn(C(Nc3ccc(-c4ccc(NC(c5ccc(Cl)cc5)n5nc(-c6cc7ccccc7oc6=O)oc5=S)cc4)cc3)c3ccc(Cl)cc3)c(=S)o2)c2ccccc2o1,7.154901959985743
O=c1oc2ccccc2cc1-c1nn(C(Nc2ccc(Oc3ccc(NC(c4ccc(Cl)cc4)n4nc(-c5cc6ccccc6oc5=O)oc4=S)cc3)cc2)c2ccc(Cl)cc2)c(=S)o1,7.154901959985743
O=c1cc(-c2nn(C(Nc3ccc(-c4ccc(NC(c5ccc(Cl)cc5Cl)n5nc(-c6cc7ccccc7oc6=O)oc5=S)cc4)cc3)c3ccc(Cl)cc3Cl)c(=S)o2)c2ccccc2o1,7.154901959985743
O=c1cc(-c2nn(C(Nc3ccc(-c4ccc(NC(c5cccc(Br)c5)n5nc(-c6cc7ccccc7oc6=O)oc5=S)cc4)cc3)c3cccc(Br)c3)c(=S)o2)c2ccccc2o1,7.154901959985743
O=c1cc(-c2nn(C(Nc3ccc(-c4ccc(NC(c5cccc(Cl)c5)n5nc(-c6cc7ccccc7oc6=O)oc5=S)cc4)cc3)c3cccc(Cl)c3)c(=S)o2)c2ccccc2o1,7.154901959985743
CN(C)c1ccc(C(Nc2ccc(NC(c3ccc(N(C)C)cc3)n3nc(-c4cc(=O)oc5ccccc45)oc3=S)cc2)n2nc(-c3cc4ccccc4oc3=O)oc2=S)cc1,7.154901959985743
O=c1oc2ccccc2cc1-c1nn(C(Nc2ccc(Oc3ccc(NC(c4cccc(Br)c4)n4nc(-c5cc6ccccc6oc5=O)oc4=S)cc3)cc2)c2cccc(Br)c2)c(=S)o1,7.154901959985743
O=c1oc2ccccc2cc1-c1nn(C(Nc2ccc(Oc3ccc(NC(c4ccc([N+](=O)[O-])cc4)n4nc(-c5cc6ccccc6oc5=O)oc4=S)cc3)cc2)c2ccc([N+](=O)[O-])cc2)c(=S)o1,7.154901959985743
Nc1ncnc2c1c(-c1ccccc1)cn2-c1ccc(CO)cc1,7.154901959985743
Cc1ncsc1-c1ccc([C@H](C)NC(=O)[C@@H]2C[C@@H](O)CN2C(=O)[C@@H](c2cc(OCCCCN3CCC(c4ccc5c(c4)C(C)(C)c4nc(=O)c6c(Cl)cccc6n4-5)CC3)no2)C(C)C)cc1,7.154901959985743
CCOC(Cc1ccc2c(ccn2Cc2nc(-c3ccc(C(F)(F)F)cc3)oc2C)c1)C(=O)O,7.154901959985743
O=c1cc(-c2nn(C(Nc3ccc(-c4ccc(NC(c5ccc([N+](=O)[O-])cc5)n5nc(-c6cc7ccccc7oc6=O)oc5=S)cc4)cc3)c3ccc([N+](=O)[O-])cc3)c(=S)o2)c2ccccc2o1,7.154901959985743
Cc1ccc(C(Nc2ccc(Oc3ccc(NC(c4ccc(C)cc4)n4nc(-c5cc6ccccc6oc5=O)oc4=S)cc3)cc2)n2nc(-c3cc4ccccc4oc3=O)oc2=S)cc1,7.154901959985743
O=c1cc(-c2nn(C(Nc3ccc(NC(c4ccc(F)cc4)n4nc(-c5cc6ccccc6oc5=O)oc4=S)cc3)c3ccc(F)cc3)c(=S)o2)c2ccccc2o1,7.154901959985743
O=c1cc(-c2nn(C(Nc3ccc(NC(c4ccc(Cl)cc4Cl)n4nc(-c5cc6ccccc6oc5=O)oc4=S)cc3)c3ccc(Cl)cc3Cl)c(=S)o2)c2ccccc2o1,7.154901959985743
Cc1ccc(C(Nc2ccc(-c3ccc(NC(c4ccc(C)cc4)n4nc(-c5cc(=O)oc6ccccc56)oc4=S)cc3)cc2)n2nc(-c3cc4ccccc4oc3=O)oc2=S)cc1,7.154901959985743
Cc1ccc(C(Nc2ccc(NC(c3ccc(C)cc3)n3nc(-c4cc(=O)oc5ccccc45)oc3=S)cc2)n2nc(-c3cc4ccccc4oc3=O)oc2=S)cc1,7.154901959985743
O=c1cc(-c2nn(C(Nc3ccc(-c4ccc(NC(c5ccc(Br)cc5)n5nc(-c6cc7ccccc7oc6=O)oc5=S)cc4)cc3)c3ccc(Br)cc3)c(=S)o2)c2ccccc2o1,7.154901959985743
Cc1ccc(NC(=O)c2ccc(CN3CCN(C)CC3)cc2)cc1Nc1nccc(-c2cncc(-c3nncs3)c2)n1,7.1487416512809245
COc1cc(-c2n[nH]c3ncc(-c4cccc(N)c4)cc23)cc(OC)c1OC,7.1487416512809245
Cc1cnc2c(-c3ccc(F)c4[nH]ncc34)c(N)c(=O)[nH]c2c1C,7.1487416512809245
Nc1nnc(-c2ccccc2O)cc1N1CCOCC1,7.145693958198919
CC(=O)N1CCN(c2cc(-c3ccccc3O)nnc2N)CC1,7.1444808443322
Cc1ncsc1-c1ccc([C@H](C)NC(=O)[C@@H]2C[C@@H](O)CN2C(=O)[C@@H](c2cc(OCC3(CN4CCC(c5ccc6c(c5)C(C)(C)c5nc(=O)c7c(Cl)cccc7n5-6)CC4)CC3)no2)C(C)C)cc1,7.142667503568731
CCCc1cc2c(oc(=O)n2C(C)C)c(CCC)c1O[C@H](C(=O)O)c1ccc(C(C)C)cc1,7.142667503568731
Cc1cccnc1-c1ccc2nc(NC(=O)[C@@H]3C[C@@H]3F)sc2c1,7.142667503568731
COc1cc(S(=O)(=O)F)ccc1-c1c[nH]c2ncc(-c3cncc(C(=O)N(C)C)c3)cc12,7.136677139879544
CCO[C@@H](Cc1ccc2c(ccn2Cc2nc(-c3ccccc3Cl)oc2C)c1)C(=O)O,7.136677139879544
CCNC(=O)c1c(OC)cc(-n2cnc3cc(-c4cnn(C)c4)ccc32)cc1OC,7.136677139879544
Cc1ccc(C(=O)Nc2ccc(CN3CCN(C)CC3)c(C(F)(F)F)c2)cc1C#Cc1cnc(C)n1C,7.136677139879544
Cc1oc(C2CCCCC2)nc1CCOc1ccc(CC(C)(Oc2ccccc2)C(=O)O)cc1,7.136677139879544
CCCc1cc2c(=O)n(C)oc2c(CCC)c1O[C@H](C(=O)O)c1ccc(C(C)C)cc1,7.130768280269024
C[C@@H]1COCCN1c1cccc(-c2csc(NC(=O)CNC(=O)c3ccn(C(C)(C)C)c3)n2)n1,7.130768280269024
CCc1cc(-c2ccc3c(c2)-c2nnc(Nc4cccc(C(F)(F)F)c4)n2CCO3)ccn1,7.130768280269024
CCCc1cc2c(oc(=O)n2CC)c(CCC)c1O[C@H](C(=O)O)c1ccc(C(C)C)cc1,7.130768280269024
Cc1cc[n+]([O-])cc1-c1ccc2nc(NC(=O)[C@@H]3C[C@@H]3F)sc2c1,7.129596094720973
CCN1CCN(Cc2ccc(NC(=O)c3ccc(C)c(Oc4ccnc5[nH]ccc45)c3)cc2C(F)(F)F)CC1,7.1249387366083
CC(C)n1nc(-c2ccc3ccccc3c2)c2c(N)ncnc21,7.1249387366083
C=CCN(C)C/C=C/COc1ccc2c(-c3ccc(Br)cc3)csc2c1,7.1249387366083
CN1CCC(CNc2nc3sc4c(c3c(=O)[nH]2)CCCC4)CC1,7.119186407719209
Cc1ccncc1-c1ccc2nc(NC(=O)C3CC(F)C3)sc2c1,7.1180450286604
O=C(Nc1ccc(OC(F)(F)F)cc1)c1cncc(-c2cccnc2O)c1,7.113509274827518
CCn1c(CCCc2cccc(-c3cccc(C4(C(=O)O)CC4)c3)c2)nn(Cc2ccc(C(C)(C)C)cc2)c1=O,7.113509274827518
Cc1cc(-c2ccc3c(c2)-c2nnc(Oc4cccc(OC(F)(F)F)c4)n2CCO3)ccn1,7.107905397309519
Cc1ccc(C(=O)Nc2ccc(CN3CCOCC3)c(C(F)(F)F)c2)cc1C#Cc1cnc2ccccn12,7.107905397309519
N#Cc1cccc(NC(=O)N2CCOc3ccc(-c4ccncc4)cc3C2)c1,7.102372908709558
CNC(=O)c1cc(Oc2ccc(NC(=O)Nc3cc(C(C)(C)C)nn3C)c(F)c2)ccn1,7.096910013008056
CCCc1ccccc1OCCCOc1cccc(-c2oc(=O)[nH]c2O)c1,7.096910013008056
C=CCN(C)CCCCCCOc1ccc2c(-c3ccc(Br)cc3)coc2c1,7.096910013008056
CS(=O)(=O)O.Cc1ncc(NC(=O)c2ccc(CN3CCN(C)CC3)c(Cl)c2)cc1Nc1nccc(-c2cccnc2)n1,7.096910013008056
Fc1cc(-c2cccc3ncc(-c4cnn(C5CCNCC5)c4)nc23)cc(F)c1CN1CCOCC1,7.096910013008056
Cc1cc(Nc2ncc(C)c(N3CC(O)(C4CC4)C3)n2)sn1,7.096910013008056
CN(C)CCOc1ccc(C(=O)NCc2cccc(C(=O)N[C@@H](CC(C)(C)C)C(=O)Nc3ccc(Cn4ccnc4)cc3)c2)cc1,7.096910013008056
Cc1oc(-c2ccccc2)nc1CCOc1cccc(C[C@@H]2C(=O)N(c3ccc(C(C)(C)C)cc3)[C@@H]2C(=O)O)c1,7.096910013008056
CCNC(=O)Nc1nc2ccc(-c3cccc(F)c3)cc2[nH]1,7.091514981121351
Cc1cc(Nc2cc(N3CCN(C)CC3)nc(C=Cc3ccccc3)n2)[nH]n1,7.091514981121351
CC(=O)Nc1nc2ccc(-c3cnccc3C)cc2s1,7.091514981121351
Cc1cn([C@H]2C[C@H](N=[N+]=[N-])[C@@H](CO)O2)c(=O)[nH]c1=O,7.090228032229065
OC[C@H]1O[C@@H](c2ccc3c(c2)Cc2ccc(cc2)OCCCCCC3)[C@H](O)[C@@H](O)[C@@H]1O,7.086716098239582
CC(C)c1c(-c2cnn(Cc3ccc(OC(F)(F)F)cc3)c2)[nH]c2ccccc2c1=O,7.086186147616283
O=C1Nc2cc(OC(F)(F)F)ccc2Oc2ccc(-c3ccnc(N4CC[C@@H](O)C4)c3)cc21,7.080921907623926
Cc1oc(-c2ccccc2)nc1CCOc1cccc(CN(CC(=O)O)Cc2cccc(Oc3ccccc3)c2)c1,7.080921907623926
CCn1c(CCCc2cccc(-c3ccc(F)c(CC(=O)O)c3)c2)nn(Cc2ccc(C(C)(C)C)cc2)c1=O,7.080921907623926
Nc1n[nH]c2cccc(-c3ccc(C(=O)N4CCN(C(=O)c5ccccc5Cl)CC4)cc3)c12,7.075720713938118
Cc1cc(-c2cncc(-c3ccnc(Nc4cc(NC(=O)c5ccc(CN6CCNCC6)cc5)ccc4C)n3)c2)on1,7.075720713938118
Cc1nc(NC(=O)CN2CCN(C)CC2)sc1-c1ccc2c(/C=C/c3ccccn3)n[nH]c2c1,7.075720713938118
Nc1ncnc2c1c(-c1ccc(O)cc1)cn2C1CCC1,7.070581074285707
Cc1oc(-c2ccccc2)nc1CCOc1cccc(Cc2nn(-c3ccccc3)nc2CC(=O)O)c1,7.070581074285707
COc1cc2c(Nc3ccc(Br)cc3F)ncnc2cc1OCC1CCN(C)CC1,7.0655015487564325
Nc1n[nH]c2cccc(-c3ccc(C(=O)N4CCN(C(=O)c5cccc(F)c5)CC4)cc3)c12,7.0655015487564325
C=CC(=O)N1CCC[C@@H](n2nc(-c3ccc(Oc4ccccc4)cc3)c3c(N)ncnc32)C1,7.064996848546345
C=CC(=O)N1CCCC[C@H]1n1nc(-c2ccc(Oc3ccccc3)cc2)c2c(N)ncnc21,7.064996848546345
CC(C)(C)c1nc(-c2ccc3ccccc3c2)c2c(N)nccn12,7.064492734175287
Cc1ncsc1-c1ccc([C@H](C)NC(=O)[C@@H]2C[C@@H](O)CN2C(=O)[C@@H](c2cc(OCCN3CCC(c4ccc5c(c4)C(C)(C)c4nc(=O)c6c(Cl)cccc6n4-5)CC3)no2)C(C)C)cc1,7.055517327849831
COc1cc(-c2n[nH]c3ncc(-c4ccc(C)c(NCCO)c4)cc23)cc(OC)c1OC,7.055517327849831
CCCOC(=O)N1C=C(Cc2cccc(OCCc3nc(-c4ccccc4)oc3C)c2)C(C(=O)O)CC1,7.055517327849831
CC1(C)CN(c2cccc(-c3csc(NC(=O)CNC(=O)c4ccn(C(C)(C)C)c4)n3)n2)CCO1,7.055517327849831
CS(=O)(=O)n1ccc(C(=O)NCC(=O)Nc2nc(-c3cccc(OC4CC4)n3)cs2)c1,7.050609993355087
COc1cc(Nc2c(C#N)cnc3cc(OC4CCN(C)CC4)c(OC)cc23)c(Cl)cc1Cl,7.050609993355087
CCCc1cc(C(=O)CC)cc(CCC)c1O[C@H](C(=O)O)c1ccc(C(F)(F)F)cc1,7.050609993355087
Cc1cc(-c2ccc3c(c2)-c2nnc(Oc4ccccc4OC(F)(F)F)n2CCO3)ccn1,7.050609993355087
OC[C@H]1O[C@@H](c2ccc3c(c2)Cc2ccc(cc2)OC/C=C/CCC3)[C@H](O)[C@@H](O)[C@@H]1O,7.047691990337874
CCOc1ccc(Cc2cc([C@]34OC[C@](CO)(O3)[C@@H](O)[C@H](O)[C@@H]4O)ccc2Cl)cc1,7.046240308266771
CCCc1cc(C(=O)c2ccccc2)ccc1OCCCOc1cccc(-c2sc(=O)[nH]c2O)c1,7.04599883231843
CC[C@]1(C(=O)O)CCc2ccc(OCCCOc3ccc(C(F)(F)F)cc3Cl)cc2O1,7.04599883231843
Cc1oc(-c2ccccc2)nc1CCOc1cccc(Cc2cn(-c3ccccc3)cc2C(=O)O)c1,7.045757490560675
Cc1oc(-c2ccccc2)nc1CCOc1cccc(CN(CC(=O)O)Cc2ccccc2)c1,7.045757490560675
COc1cccc(N2C(=O)/C(=C/c3ccc(F)cc3)S/C2=N\NC(=O)c2cc3ccccc3oc2=O)c1,7.045757490560675
Nc1ncnc2c1c(-c1ccccc1)cn2C1CCC1,7.045757490560675
Cc1cccc(N2C(=O)/C(=C/c3ccc(F)cc3)S/C2=N\NC(=O)c2cc3ccccc3oc2=O)c1,7.045757490560675
O=C(N/N=C1\S/C(=C\c2ccc(F)cc2)C(=O)N1c1ccccc1Cl)c1cc2ccccc2oc1=O,7.045757490560675
O=C(N/N=C1\S/C(=C\c2ccc(F)cc2)C(=O)N1c1ccc(Cl)cc1)c1cc2ccccc2oc1=O,7.045757490560675
COc1ccc(N2C(=O)/C(=C/c3ccc(F)cc3)S/C2=N\NC(=O)c2cc3ccccc3oc2=O)cc1,7.045757490560675
CS(=O)(=O)N1CCC(n2nc(Cc3cccc4ccccc34)c3c(N)ncnc32)CC1,7.045757490560675
Cc1ccc(N2C(=O)/C(=C/c3ccc(F)cc3)S/C2=N\NC(=O)c2cc3ccccc3oc2=O)cc1C,7.045757490560675
Cc1ccc(N2C(=O)/C(=C/c3ccc(F)cc3)S/C2=N\NC(=O)c2cc3ccccc3oc2=O)cc1,7.045757490560675
Cc1ccc(N2C(=O)/C(=C/c3ccc(F)cc3)S/C2=N\NC(=O)c2cc3ccccc3oc2=O)c(C)c1,7.045757490560675
Cc1oc(-c2ccccc2)nc1CCOc1ccc(CN(CC(=O)O)Cc2ccccn2)cc1,7.045757490560675
COc1ccccc1N1C(=O)/C(=C/c2ccc(F)cc2)S/C1=N\NC(=O)c1cc2ccccc2oc1=O,7.045757490560675
CN1CCN(c2ccc(Nc3nc(Nc4ccccc4)c4ncn(CC5CC5)c4n3)cc2)CC1,7.045757490560675
CNC(=O)CCc1ccc(NC(=O)[C@H](CC(C)(C)C)NC(=O)c2cc(CNC(=O)c3ccc(OCCN(C)C)cc3)ccc2F)cc1,7.045757490560675
Cc1cc(C)cc(N2C(=O)/C(=C/c3ccc(F)cc3)S/C2=N\NC(=O)c2cc3ccccc3oc2=O)c1,7.045757490560675
Cc1ccccc1N1C(=O)/C(=C/c2ccc(F)cc2)S/C1=N\NC(=O)c1cc2ccccc2oc1=O,7.045757490560675
O=C(Nc1cc(C(F)F)ns1)Nc1ccnc(F)c1CO,7.045757490560675
Cc1cccc(C)c1N1C(=O)/C(=C/c2ccc(F)cc2)S/C1=N\NC(=O)c1cc2ccccc2oc1=O,7.045757490560675
Cc1ncnc(C)c1-c1ccc2nc(NC(=O)[C@@H]3C[C@@H]3F)sc2c1,7.042871802323187
Cc1cc(-c2cncc(-c3ccnc(Nc4cc(NC(=O)c5ccc(CN6CCN(C)CC6)cc5)ccc4C)n3)c2)sn1,7.040958607678906
CNCCOc1ccc(C(=O)NCc2cccc(C(=O)N[C@@H](CC(C)(C)C)C(=O)Nc3ccc(Cn4ccnc4)cc3)c2)cc1,7.040958607678906
CC(C)(C)n1ccc(C(=O)NCC(=O)Nc2nc(-c3ccccc3)cs2)c1,7.040958607678906
CNC(=O)c1cc(NC(=O)C2=NN=C(c3cncc(-c4ccnc(Nc5cc(NC(=O)c6ccc(CN7CCN(C)CC7)cc6)ccc5C)n4)c3)C2)[nH]n1,7.040481623027002
CNC(=O)c1cc(-c2cncc(-c3ccnc(Nc4cc(NC(=O)c5ccc(CN6CCN(C)CC6)cc5)ccc4C)n3)c2)[nH]n1,7.040481623027002
COc1ccccc1NC(=O)N1CCOc2ccc(-c3ccncc3)cc2C1,7.036212172654444
CC(Cc1ccccc1)Oc1cc(-c2ccccc2O)nnc1N,7.033858267260968
COc1ccc(C(=O)Nc2cc(-n3cnc(C)c3)cc(C(F)(F)F)c2)cc1C#Cc1cnc2cccnn12,7.031517051446065
Cc1cn(-c2cc(NC(=O)c3ccc(C)c(C#Cc4cnc(NC5CCCCC5)nc4)c3)cc(C(F)(F)F)c2)cn1,7.031517051446065
O=C(NCCO)Nc1nc2ccc(C(=O)c3ccccc3)cc2[nH]1,7.026872146400302
Cc1ccc(C(=O)Nc2cc(-c3cnn(C)c3)cc(C(F)(F)F)c2)cc1Nc1cc(-c2cncnc2)ccn1,7.022276394711152
CCCc1cc(Oc2ccc(O)cc2)ccc1OCCCOc1cccc(-c2sc(=O)[nH]c2O)c1,7.022276394711152
CCn1cc(-c2ccc3c(c2)ncn3-c2cc(OC)c(C(=O)OC)c(OC)c2)cn1,7.022276394711152
Cc1ccc(NC(=O)c2ccc(CN3CCN(C)CC3)cc2)cc1Nc1nccc(-c2cncc(-c3cnsc3)c2)n1,7.017728766960431
C=CCN(C)CCCCCCOc1ccc(C(=O)c2ccc(Br)cc2)cc1,7.017728766960431
Cc1ccc(C(=O)Nc2cc(-c3cnn(C)c3)cc(C(F)(F)F)c2)cc1Nc1cccc2c1C(=O)C(=O)N2C,7.017728766960431
COC(=O)N(CC(=O)O)Cc1cc(OCc2nc(-c3ccc(Cl)cc3)oc2C)ccc1F,7.013228265733755
CCc1ccc(C(=O)Nc2cc(CN3CCN(C)CC3)cc(C(F)(F)F)c2)cc1C#Cc1cnc(C)n1C,7.013228265733755
Nc1ncnc2c1c(-c1cccc(O)c1)cn2C1CCN(CCO)CC1,7.008773924307505
COc1ccc(OC(=O)N(CC(=O)O)Cc2ccc(OCCc3nc(-c4ccc(O)cc4)oc3C)cc2)cc1,7.00436480540245
C[C@@]1(F)[C@H](O)[C@@H](COP(=O)(O)OP(=O)(O)OP(=O)(O)O)O[C@H]1n1cnc2c(=O)[nH]c(N)nc21,7.00436480540245
OC[C@H]1O[C@@H](c2ccc3c(c2)Cc2ccc(cc2)OCCCCCCC3)[C@H](O)[C@@H](O)[C@@H]1O,7.001304841688344
CCCCCCCCCCCOc1cccc(CCC(=O)NC[C@@H](O)COP(=O)(O)O[C@@H](C)[C@H](NC(C)=O)C(=O)O)c1,7.0
Cc1cn(-c2cc(NC(=O)c3ccc(C)c(Nc4cc(-c5cccnc5)ccn4)c3)cc(C(F)(F)F)c2)cn1,7.0
Cc1c(-c2ccc3nc(N)c(C(=O)[C@@H]4C[C@@H]4F)n3c2)ccc2[nH]ccc12,7.0
Cc1ccc(C(c2c[nH]c3ccc(C(=O)NNS(=O)(=O)c4cccc(Cl)c4Cl)cc23)c2c[nH]c3ccc(C(=O)NNS(=O)(=O)c4cccc(Cl)c4Cl)cc23)cc1,7.0
O=C(Cc1ccc(-c2ccc(OCCN3CCOCC3)cc2)cn1)NCc1ccccc1,7.0
O=C([C@H](CO)c1ccccc1)N1CC(=C2CN(S(=O)(=O)c3cnc4c(c3)OCCO4)C2)C1,7.0
CCCc1cc2c(oc(=O)n2CC(F)(F)F)c(CCC)c1O[C@H](C(=O)O)c1ccc(C(C)C)cc1,7.0
O=C([C@H](CO)c1ccccc1)N1CC(=C2CN(S(=O)(=O)c3ccc4c(c3)OCCO4)C2)C1,7.0
COc1ccc(S(=O)(=O)N2CC(=C3CN(C(=O)[C@H](CO)c4ccccc4)C3)C2)cc1,7.0
Cc1ccc(C(c2c[nH]c3ccc(C(=O)NNS(=O)(=O)c4ccccc4Br)cc23)c2c[nH]c3ccc(C(=O)NNS(=O)(=O)c4ccccc4Br)cc23)cc1,7.0
Cc1ccc(C(c2c[nH]c3ccc(C(=O)NNS(=O)(=O)c4ccc(Cl)cc4Cl)cc23)c2c[nH]c3ccc(C(=O)NNS(=O)(=O)c4ccc(Cl)cc4Cl)cc23)cc1,7.0
CCCc1cc2c(C(F)(F)F)noc2c(CCC)c1OC(C)(CC)C(=O)O,7.0
Cc1c(-c2ccc(Cc3ccc(F)cc3)cc2)[nH]c2ccccc2c1=O,7.0
Cc1cs/c(=N\C(=O)c2ccccc2Cl)n1-c1cc(Cl)c(Cl)cc1Cl,7.0
C=CC(=O)N1CCC[C@H]1C(=O)Nc1cc2c(Nc3ccc(F)c(Cl)c3F)ncnc2cc1OCCOC,7.0
Cc1ncsc1-c1ccc([C@H](C)NC(=O)[C@@H]2C[C@@H](O)CN2C(=O)[C@@H](c2cc(OCCN3CCN4c5cc(-c6ccccc6O)nnc5NCC4C3)no2)C(C)C)cc1,7.0
Cc1ccc(C(c2c[nH]c3ccc(C(=O)NNS(=O)(=O)c4cc(Cl)cc(Cl)c4)cc23)c2c[nH]c3ccc(C(=O)NNS(=O)(=O)c4cc(Cl)cc(Cl)c4)cc23)cc1,7.0
Nc1nc2ccc(-c3cc(F)cc4[nH]ccc34)cn2c1C(=O)[C@@H]1C[C@@H]1F,7.0
Nc1nc2ccc(-c3c[nH]c4ccccc34)cn2c1C(=O)[C@@H]1C[C@@H]1F,7.0
Cc1ccc(C(c2c[nH]c3ccc(C(=O)NNS(=O)(=O)c4ccc(Cl)c(Cl)c4)cc23)c2c[nH]c3ccc(C(=O)NNS(=O)(=O)c4ccc(Cl)c(Cl)c4)cc23)cc1,7.0
Nc1nc2ccc(-c3ccnc4[nH]ccc34)cn2c1C(=O)[C@@H]1C[C@@H]1F,7.0
Cc1ncsc1-c1ccc([C@H](C)NC(=O)[C@@H]2C[C@@H](O)CN2C(=O)[C@@H](c2cc(OCCN3CCC(CN4CCN5c6cc(-c7ccccc7O)nnc6NCC5C4)CC3)no2)C(C)C)cc1,7.0
Nc1nc2ccc(-c3cccc4[nH]ccc34)cn2c1C(=O)[C@@H]1C[C@@H]1F,7.0
Nc1nc2ccc(-c3ccc4[nH]ccc4c3)cn2c1C(=O)[C@@H]1C[C@@H]1F,7.0
Cc1c(F)cc2[nH]ccc2c1-c1ccc2nc(N)c(C(=O)[C@@H]3C[C@@H]3F)n2c1,7.0
Cc1c(F)cccc1-c1ccc2nc(N)c(C(=O)[C@@H]3C[C@@H]3F)n2c1,7.0
C[C@@H](Oc1ccc2[nH]nc(-c3nc4cc(N5CCN(C)CC5)ccc4[nH]3)c2c1)c1c(Cl)cncc1Cl,7.0
COc1ccc(C(=O)/N=c2\scc(C)n2-c2cc(Cl)c(Cl)cc2Cl)cc1,7.0
CCCc1cc(Oc2ccc(Cl)cc2)ccc1OCCCOc1cccc(-c2sc(=O)[nH]c2O)c1,7.0
Cc1cs/c(=N\C(=O)c2ccco2)n1-c1cc(Cl)c(Cl)cc1Cl,7.0
CN1CCN(Cc2ccc(C(=O)Nc3cccc(Nc4nccc(-c5cccnc5)n4)c3)cc2)CC1,7.0
Cc1ccc(C(c2c[nH]c3ccc(C(=O)NNS(=O)(=O)c4ccc(C)cc4)cc23)c2c[nH]c3ccc(C(=O)NNS(=O)(=O)c4ccc(C)cc4)cc23)cc1,7.0
Cc1ccc(C(c2c[nH]c3ccc(C(=O)NNS(=O)(=O)c4ccccc4Cl)cc23)c2c[nH]c3ccc(C(=O)NNS(=O)(=O)c4ccccc4Cl)cc23)cc1,7.0
Cc1ccc(C(c2c[nH]c3ccc(C(=O)NNS(=O)(=O)c4ccc(Br)cc4)cc23)c2c[nH]c3ccc(C(=O)NNS(=O)(=O)c4ccc(Br)cc4)cc23)cc1,7.0
Cc1ccc(C(c2c[nH]c3ccc(C(=O)NNS(=O)(=O)c4cc(Cl)ccc4Cl)cc23)c2c[nH]c3ccc(C(=O)NNS(=O)(=O)c4cc(Cl)ccc4Cl)cc23)cc1,7.0
O=C(NCCC1CCNCC1)Nc1nc2ccc(C(=O)c3ccccc3)cc2[nH]1,7.0
COc1cccc(NC(=O)C2=NN=C(c3cncc(-c4ccnc(Nc5cc(NC(=O)c6ccc(CN7CCN(C)CC7)cc6)ccc5C)n4)c3)C2)c1,7.0
Cc1cccc(C(=O)/N=c2\scc(C)n2-c2cc(Cl)c(Cl)cc2Cl)c1,7.0
O=C(NC1=NN(c2ccc(Cl)c(Cl)c2)CC1CCO)c1ccncc1,7.0
Cc1ncsc1-c1ccc([C@H](C)NC(=O)[C@@H]2C[C@@H](O)CN2C(=O)[C@@H](NC(=O)CN2CCN3c4cc(-c5ccccc5O)nnc4NCC3C2)C(C)(C)C)cc1,7.0
COc1cccc(-c2cncc(-c3ccnc(Nc4cc(NC(=O)c5ccc(CN6CCN(C)CC6)cc5)ccc4C)n3)c2)c1,7.0
CC[C@@](C)(Cc1ccc(OCCCOc2ccc(Oc3ccc(F)cc3)cc2Cl)cc1)C(=O)O,6.995678626217357
Cc1ccc(NC(=O)c2ccc(CN3CCN(C)CC3)cc2)cc1Nc1nccc(-c2cncc(-c3cc(C(N)=O)n[nH]3)c2)n1,6.991399828238082
Cc1ccc(NC(=O)c2ccc(CN3CCN(C)CC3)cc2)cc1Nc1nccc(-c2cncc(C3=NN=C(C(=O)Nc4cc(C(=O)O)n[nH]4)C3)c2)n1,6.991399828238082
Cc1cc(-c2ccc3c(c2)-c2nnc(Oc4ccccc4Cl)n2CCO3)ccn1,6.991399828238082
OC[C@H]1O[C@@H](c2ccc3c(c2)Cc2ccc(cc2)OC/C=C/CCCC3)[C@H](O)[C@@H](O)[C@@H]1O,6.987162775294828
Cc1ccncc1-c1ccc2nc(NC(=O)[C@H]3C[C@H](F)C3)sc2c1,6.987162775294828
Cc1ccc(C(=O)Nc2cccc(C#Cc3cccc4[nH]nc(N)c34)c2)cc1C(F)(F)F,6.982966660701219
O=C1Nc2cc(OC(F)(F)F)ccc2S(=O)(=O)c2ccc(-c3ccnc(N4CCOCC4)c3)cc21,6.978810700930062
Cc1cccc(C)c1NC(=O)CCCCCC1NC(=O)NC1C,6.974039090143621
COc1ccc(-c2cncc(-c3ccnc(Nc4cc(NC(=O)c5ccc(CN6CCN(C)CC6)cc5)ccc4C)n3)c2)cc1,6.97061622231479
COc1ccc(NC(=O)C2=NN=C(c3cncc(-c4ccnc(Nc5cc(NC(=O)c6ccc(CN7CCN(C)CC7)cc6)ccc5C)n4)c3)C2)cc1,6.97061622231479
Cc1ccc(NC(=O)c2ccc(CN3CCN(C)CC3)cc2)cc1Nc1nccc(-c2cncc(C3=NN=C(C(=O)Nc4cc(C(N)=O)n[nH]4)C3)c2)n1,6.96657624451305
O=C(Nc1cccc(Cl)c1)N1CCOc2ccc(-c3ccncc3)cc2C1,6.96657624451305
Cc1ccc(NC(=O)c2ccc(CN3CCOCC3)cc2)cc1-n1cc(-c2cnc3cccnn23)cn1,6.963371838403274
O=C(Nc1cccc(C(F)(F)F)c1)N1CCOc2ccc(-c3ccncc3)cc2C1,6.958607314841775
N#Cc1cccc(NC(=O)N2CCOc3ccc(-n4ccnc4)cc3C2)c1,6.958607314841775
CCn1c(CCCc2cccc(-c3ccc(C(=O)O)cc3)c2)nn(Cc2ccc(C(C)(C)C)cc2)c1=O,6.958607314841775
Nc1ncnc2c1c(-c1ccc(O)cc1)cn2C1CCCC1,6.958607314841775
Cc1oc(-c2ccccc2)nc1CCOc1cccc(CN(CC(=O)O)Cc2ccc(Oc3ccccc3)cc2)c1,6.958607314841775
Cc1oc(-c2ccccc2)nc1CCOc1ccc(CCC2=C(C(=O)O)CCN(C(=O)OCC(C)C)C2)cc1,6.958607314841775
C[C@]1(C(=O)O)CCc2ccc(OCCCOc3ccc(OCC(F)(F)F)cc3Cl)cc2O1,6.958607314841775
CN1CCN(c2ccc(Nc3nc(Nc4ccc(F)cc4)c4ncn(CC5CC5)c4n3)cc2)CC1,6.958607314841775
O=C(Nc1ccnc(Cl)c1)Nc1ccnc(C(F)F)c1,6.958607314841775
Nc1n[nH]c2cccc(-c3ccc(C(=O)NCCNC(=O)c4ccc(Cl)c(C(F)(F)F)c4)cc3)c12,6.958607314841775
COc1cc2nccc(Oc3ccc4c(C(N)=O)cccc4c3)c2cc1OC,6.958607314841775
CS(=O)(=O)n1ccc(C(=O)NCC(=O)Nc2nc(-c3cccc(N4CCC4)n3)cs2)c1,6.958607314841775
Cc1ccnc(-c2ccc(C(=O)N3CCN(C(=O)c4cccc(C(F)(F)F)c4)CC3)cc2)c1,6.950781977329818
CCCc1cc(Oc2ccc(F)c(C)c2)ccc1OCCCOc1cccc(-c2sc(=O)[nH]c2O)c1,6.950781977329818
CN(CCO)c1cccc(-c2ccc3c(c2)C(=O)Nc2cc(OC(F)(F)F)ccc2O3)n1,6.950781977329818
COC[C@H](NC(=O)c1cn(C(C)(C)C)cn1)C(=O)Nc1nc(-c2cccc(N3C[C@@H](C)O[C@@H](C)C3)n2)cs1,6.950781977329818
CCCc1c(OCCCOc2ccc3c(ccn3CC(=O)O)c2)ccc2cc(C(=O)c3ccccc3)ccc12,6.946998429599692
O=C(Nc1ccc(OC(F)(F)F)cc1)c1cncc(-c2cnn(CCO)c2)c1,6.943095148663527
O=C(O)Cn1ccc2ccc(OCCCOc3ccc(C(=O)c4ccc(F)cc4)cc3)cc21,6.935991513468276
CN(C)CC1CCN(CCn2nc(-c3cnc4[nH]ccc4c3)c3c(N)ncnc32)CC1,6.935542010773082
O=C(O)C(Cc1ccc(OCCCOc2ccc(Oc3ccc(F)cc3)cc2Cl)cc1)C1CCC1,6.935542010773082
O=C(c1cc2c(Nc3ccc(OC(F)(F)F)cc3)ncnc2s1)N1CCC[C@H]1CO,6.935542010773082
Cc1nsc(-c2ccc3nc(NC(=O)[C@@H]4C[C@@H]4F)sc3c2)c1Cl,6.935542010773082
Cc1ccc(C(C)(C)O)cc1-c1ccc2nc(NC(=O)[C@@H]3C[C@@H]3F)sc2c1,6.935542010773082
CCOC(Cc1ccc2c(ccn2Cc2nc(-c3ccc(C(C)C)cc3)oc2C)c1)C(=O)O,6.931814138253838
Cc1ccc(NC(=O)c2ccc(CN3CCCC3)cc2)cc1-n1cc(-c2cccnc2)cn1,6.931073020671121
O=C1Nc2cc(OC(F)(F)F)ccc2Oc2ccc(-c3cccc(N4CC[C@@H](O)C4)n3)cc21,6.928117992693874
Cc1ccc(C(=O)Nc2cc(-n3cnc(C(C)C)c3)cc(C(F)(F)F)c2)cc1C#Cc1cnc2cccnn12,6.924453038607469
CCCOc1ccc(-c2cccc(CCCc3nn(Cc4ccc(C(C)(C)C)cc4)c(=O)n3CC)c2)cc1C(=O)O,6.924453038607469
CCN1CCc2ccc(-n3cc(C(=O)N4CCC(F)CC4)c4cc(OC)c(OC)cc4c3=O)cc21,6.920818753952375
CN(C)CCOc1ccc(C(=O)NCc2cccc(C(=O)N[C@@H](CC(C)(C)C)C(=O)Nc3ccc(CCN4CCOCC4)cc3)c2)cc1,6.920818753952375
CN(C)C(=O)CN1CCC(n2cc(-c3cccc(O)c3)c3c(N)ncnc32)CC1,6.920818753952375
Cc1c2ccc(N(C)c3ccnc(Nc4ccc(S(=O)(=O)Nc5ncccn5)cc4)n3)cc2nn1C,6.920818753952375
CCC1(C(=O)O)CCc2ccc(OCCCOc3ccc(Oc4ccccc4)cc3Cl)cc2O1,6.920818753952375
CC1(C(=O)O)CCc2ccc(OCCCOc3ccc(Oc4ccccc4)cc3Cl)cc2O1,6.920818753952375
NS(=O)(=O)c1ccc(-c2cc(Nc3ccc(OC(F)(F)F)cc3)ncn2)cc1,6.920818753952375
CCCCCCCN(CCc1ccc(SC(C)(C)C(=O)O)cc1)C(=O)Nc1ccc(F)cc1F,6.920818753952375
O=C(Nc1nc2ccc(-c3cncnc3C(F)(F)F)cc2s1)[C@@H]1C[C@@H]1F,6.920818753952375
CCCCCCCCCCCOc1cccc(CCC(=O)NC[C@@H](O)COP(=O)(O)O[C@H](C)[C@H](NC(C)=O)C(=O)O)c1,6.920818753952375
CCOC(Cc1ccc2c(ccn2Cc2nc(-c3ccc(F)cc3)oc2C)c1)C(=O)O,6.917214629683549
CCn1c(CCCc2cccc(-c3ccc(OCc4ccccc4)c(CC(=O)O)c3)c2)nn(Cc2ccc(C(C)(C)C)cc2)c1=O,6.913640169325252
COc1cc(-c2n[nH]c3ncc(-c4cccc5[nH]ncc45)cc23)cc(OC)c1OC,6.913640169325252
CCC1(CC)C=C(C(F)(F)F)c2cc(Cl)c(OCCCOc3ccc(C[C@](C)(CC)C(=O)O)cc3)cc2O1,6.903089986991944
CCOC(Cc1cccc2c1ccn2Cc1nc(-c2ccccc2)oc1C)C(=O)O,6.903089986991944
COc1cc2ncnc(Nc3cccc(Cl)c3)c2cc1OC,6.903089986991944
CCOC(Cc1ccc2c(ccn2Cc2nc(-c3ccccc3C)oc2C)c1)C(=O)O,6.903089986991944
Cc1cn(-c2cc(NC(=O)c3ccc(C)c(C#Cc4cnc(NC(C)C)nc4)c3)cc(C(F)(F)F)c2)cn1,6.903089986991944
CCO[C@@H](Cc1cccc2c1ccn2Cc1nc(-c2ccccc2)oc1C)C(=O)O,6.902985768821967
O=C(NC1=NN(c2ccc(Cl)c(Cl)c2)CC1CCO)c1cccnc1,6.899629454882437
O=C(NC1=NN(c2ccc(Cl)c(Cl)c2)CC1)c1cccnc1F,6.899629454882437
O=C(NC1=NN(c2ccc(Cl)c(Cl)c2)CC1)c1ccncc1F,6.899629454882437
CC(=O)NC1=NN(c2ccc(Cl)c(Cl)c2)C[C@@H]1C,6.899629454882437
N#CCC(=O)Nc1csc(-c2ccc(Cl)c(Cl)c2)n1,6.899629454882437
Cc1cc(SCc2ccc(OCc3ccc(C(F)(F)F)cc3)cc2)c(Cl)cc1OCC(=O)O,6.892993653618456
Cc1cccc(F)c1-c1ccc2nc(NC(=O)[C@H]3C[C@H]3CO)sc2c1,6.892790030352131
Cc1ccc(NC(=O)c2ccc(CN3CCN(C)CC3)cc2)cc1Nc1nccc(-c2cncc(-c3ccns3)c2)n1,6.892790030352131
Nc1nc2ccc(-c3cn([C@@H]4CN[C@H](C(=O)Nc5ccc(F)c(F)c5)C4)nn3)nc2s1,6.890253581016719
Cc1ccc(C(=O)Nc2ccc(CN3CCN(C)CC3)c(C(F)(F)F)c2)cc1C#Cc1cncn1C,6.889410289700751
CCNC(=O)c1c(OC)cc(-n2cnc3cc(-c4cnn(CCOC)c4)ccc32)cc1OC,6.889410289700751
CCN(CC)Cc1ccc(C(=O)Nc2ccc(C)c(-n3cc(-c4cccnc4)cn3)c2)cc1,6.889242023717165
Cc1oc(-c2ccccc2)nc1CCOc1cccc(CC2=CN(C(=O)OCC(C)C)CCC2C(=O)O)c1,6.886056647693163
c1ccc(CNc2ccc3[nH]nc(-c4nc5ccc(N6CCC(N7CCCCC7)CC6)cc5[nH]4)c3c2)cc1,6.886056647693163
CCCCCCC(=O)N(CC(=O)O)C[C@@H]1CSC(c2ccccc2)N1C(=O)c1ccccc1,6.886056647693163
CCCC(Cc1ccc(OCCCOc2ccc(Oc3ccc(F)cc3)cc2Cl)cc1)C(=O)O,6.886056647693163
C=CCN(C)C/C=C/COc1ccc(-c2nsc3cc(Br)ccc23)cc1,6.886056647693163
CCCc1cc(C(=O)C(C)(C)C)cc(CCC)c1OC(C(=O)O)c1ccccc1,6.886056647693163
CCCc1cc2c(oc(=O)n2CC2CC2)c(CCC)c1O[C@H](C(=O)O)c1ccc(C(C)C)cc1,6.886056647693163
O=C(Nc1nc2ccc(B(O)O)cc2s1)[C@@H]1C[C@@H]1F,6.882728704344236
O=C(Nc1ccc(F)c(Cl)c1)N1CCOc2ccc(-c3ccncc3)cc2C1,6.8794260687941495
Cc1oc(-c2cccc(-c3ccccc3)c2)nc1CCOc1ccc(CC(C)(Oc2ccc(C(C)(C)C)cc2)C(=O)O)cc1,6.876148359032914
C=CC(=O)N1CCC(n2nc(C#Cc3cc(C(=O)Nc4ccc(CN5CCN(C)CC5)c(C(F)(F)F)c4)ccc3C)c3c(N)ncnc32)CC1,6.876148359032914
CCn1cc(-c2ccc3c(c2)ncn3-c2cc(OC)c(C(=O)NC3CC3)c(OC)c2)cn1,6.876148359032914
Cc1ccc(NC(=O)c2cccc(C(F)(F)F)c2)cc1N1Cc2cnc(Nc3ccccc3)nc2N(C)C1=O,6.8696662315049934
Cc1ccc(C(=O)Nc2cccc(C(F)(F)F)c2)cc1Nc1nccc(-c2cccnc2)n1,6.866461091629782
Cc1cc(NC(=O)c2ccc(C)c(Nc3nccc(-c4cccnc4)n3)c2)cc(-n2cnc(C)c2)c1,6.866461091629782
CCOc1ccc(-c2cccc(CCCc3nn(Cc4ccc(C(C)(C)C)cc4)c(=O)n3CC)c2)cc1C1(C(=O)O)CC1,6.863279432843593
C[C@@H]1CN(c2cccc(-c3csc(NC(=O)CN(C)C(=O)c4ccn(S(C)(=O)=O)c4)n3)n2)C[C@H](C)O1,6.863279432843593
CC(=O)c1cccc(-c2cc(Nc3ccc(OC(F)(F)F)cc3)ncn2)c1,6.860120913598763
O=C(Nc1ccc(Cl)c(Cl)c1)N1CCOc2ccc(-c3ccncc3)cc2C1,6.860120913598763
CCNC(=O)Nc1nc2ccc(-c3cccc(C)c3)cc2[nH]1,6.856985199745905
C[C@]1(C(=O)O)CCc2ccc(OCCCOc3ccc(Oc4ccc(F)cc4)cc3Cl)cc2O1,6.853996066189131
FC(F)(F)Oc1ccc(Nc2cc(-c3cccc4[nH]ccc34)ncn2)cc1,6.853871964321762
Nc1ncnc2c1c(-c1ccccc1)cn2C1CCCC1,6.853871964321762
Cc1c(Nc2ccc(OC(F)(F)F)cc2)ncnc1-c1ccc(C(=O)NCCN2CCOCC2)cc1,6.853871964321762
Cc1c(-c2ccc(Oc3ccc(OC(F)(F)F)cc3)nc2)[nH]c2ccccc2c1=O,6.853871964321762
CC(C)(C)c1cc(NC(=O)Nc2cccc(Cl)c2Cl)n(-c2ccc3ncccc3c2)n1,6.853871964321762
Cc1oc(-c2ccccc2)nc1CCOc1cccc(Cc2cn(-c3ccccc3)nc2C(=O)O)c1,6.853871964321762
Cc1oc(-c2ccccc2)nc1CCOc1ccc(CN(CC(=O)O)Cc2cccc3ccccc23)cc1,6.853871964321762
CCn1c(CCCc2cccc(-c3ccc(CC(=O)O)c(OC)c3)c2)nn(Cc2ccc(C(C)(C)C)cc2)c1=O,6.853871964321762
CCCc1c(OCCCN(C)c2ccc(CC(=O)O)c(C(F)(F)F)c2)ccc2c(C(F)(F)F)noc12,6.853871964321762
C=CCN(C)CCCCCCOc1ccc(-c2nsc3cc(Br)ccc23)cc1,6.85078088734462
CCn1c(CCCc2cccc(-c3ccc(OCC4CC4)c(CC(=O)O)c3)c2)nn(Cc2ccc(C(C)(C)C)cc2)c1=O,6.85078088734462
CCCCc1cc(NC(=O)c2ccc(C)c(Nc3nccc(-c4ccccc4)n3)c2)cc(-n2cnc(C)c2)c1,6.847711655616944
Cc1cccc(F)c1-c1cc(F)c2nc(NC(=O)[C@@H]3C[C@@H]3F)sc2c1,6.847711655616944
COc1cccc(C(=O)N2CCN(C(=O)c3ccc(-c4ccc(C)nc4)cc3)CC2)c1,6.844663962534938
Cc1ccc(C(=O)Nc2cc(-n3cnc4ccccc43)cc(C(F)(F)F)c2)cc1C#Cc1cnc2cccnn12,6.84163750790475
O=C(CNc1ccc(-c2ccc(NC(=O)C3CC3)nc2)cc1)Nc1ccc(CN2CCNCC2)c(C(F)(F)F)c1,6.83889035263304
CCN1CCN(CCCOc2cc3nccc(Oc4c(F)cc(NC(=O)NN5C(=O)CSC5c5ccc(F)cc5F)cc4F)c3cc2OC)CC1,6.838631997765026
O=C(Nc1cccc(Oc2ccccc2)c1)N1CCOc2ccc(-c3ccncc3)cc2C1,6.835647144215563
Cc1ccc(-c2nn(C(C)(C)C)c3ncnc(N)c23)cc1,6.832682665251824
COc1cccc(-c2csc(NC(=O)CNC(=O)c3ccc(N)cc3)n2)c1,6.8297382846050425
CCOC(Cc1ccc2c(ccn2Cc2nc(-c3ccc(F)c(C)c3)oc2C)c1)C(=O)O,6.826813731587726
Cc1ccc(NC(=O)c2ccc(CN3CCN(C)CC3)cc2)cc1Nc1nccc(-c2cncc(C3=NN=C(C(=O)Nc4ccccc4)C3)c2)n1,6.826813731587726
Cc1oc(-c2ccccc2)nc1CCOc1cccc(CN(CC(=O)O)Cc2ccc3ccccc3c2)c1,6.826813731587726
Cc1ccc(NC(=O)c2ccc(CN3CCN(C)CC3)cc2)cc1Nc1nccc(-c2cncc(-c3ccccc3)c2)n1,6.826813731587726
CCCc1cc2c(oc(=O)n2CCC)c(CCC)c1O[C@H](C(=O)O)c1ccc(C(C)C)cc1,6.823908740944319
NC(=O)CN1CCC(n2cc(-c3cccc(O)c3)c3c(N)ncnc32)C1,6.823908740944319
Cc1ccccc1C(=O)/N=c1\scc(C)n1-c1cc(Cl)c(Cl)cc1Cl,6.823908740944319
Cc1ccc(C(=O)Nc2cc(Br)cc(C(F)(F)F)c2)cc1C#Cc1cnc2cccnn12,6.823908740944319
C[N+](C)(C)CCN1C(=O)c2ccc3c4ccc5c6c(ccc(c7ccc(c2c37)C1=O)c64)C(=O)N(CC[N+](C)(C)C)C5=O,6.823908740944319
Oc1ccc(Nc2[nH]nc3ncnc(Nc4cccc(Cl)c4)c23)cc1,6.823908740944319
CS(=O)(=O)Nc1ccc(-c2ccc(C(=O)N[C@H]3CN[C@@H](C(=O)Nc4ccc(Cl)c(C(F)(F)F)c4)C3)cc2)cn1,6.823908740944319
Cc1cs/c(=N\C(=O)c2cccc3ccccc23)n1-c1cc(Cl)c(Cl)cc1Cl,6.823908740944319
Cc1ccc(C(=O)Nc2ccc(CN3CCN(C)CC3)c(C(F)(F)F)c2)cc1Nc1cc(-c2ccc(F)nc2)ccn1,6.823908740944319
O=C(Nc1cccc(Nc2nccc(-c3cccnc3)n2)c1)c1cccnc1,6.821948810943301
CN1CCN(c2ccc(C(=O)Nc3cccc(C#Cc4cccc5[nH]nc(N)c45)c3)cc2C(F)(F)F)CC1,6.821023052706831
CS(=O)(=O)n1ccc(C(=O)NCC(=O)Nc2nc(-c3cccc(C#N)n3)cs2)c1,6.818156412055227
Cc1cc(NC(=O)c2cccc(C(F)(F)F)c2)ccc1NC(=O)c1cc2cnc3[nH]ccc3c2s1,6.8124792791635365
CCC(Cc1ccc(OCCCOc2ccc(Oc3ccc(F)cc3)cc2Cl)cc1)C(=O)O,6.806875401645538
Cc1ccc(NC(=O)c2ccc(N)c(C(F)(F)F)c2)cc1Nc1nccc(-c2cccnc2)n1,6.806875401645538
COc1n[nH]c2ncc(-c3cn(-c4c(F)ccc(NS(=O)(=O)c5cccc(-c6ccccc6)c5)c4F)nn3)cc12,6.806875401645538
Cc1cc(Nc2ncc(C)c(N3CCC(CC#N)CC3)n2)sn1,6.804100347590767
O=S(=O)(Cc1cccc(C(F)(F)F)c1)N1CCOc2ccc(-c3ccncc3)cc2C1,6.804100347590767
O=C(Nc1cccc(Cl)c1Cl)N1CCOc2ccc(-c3ccncc3)cc2C1,6.804100347590767
CC[C@@](C)(Cc1ccc(OCCCOc2ccc3c(C(F)(F)F)cc(=O)oc3c2Cl)cc1)C(=O)O,6.804100347590767
O=C(Nc1nc(-c2ccc(Cl)c(Cl)c2)cs1)C1CC1,6.801342913045577
O=C(NC1=NN(c2ccc(Cl)c(Cl)c2)CC1)c1cccnc1,6.801342913045577
CC(C)c1c(-c2ccn3nc(NC(=O)[C@@H]4C[C@@H]4F)cc3c2)cnc2[nH]ccc12,6.798602875679549
CS(=O)(=O)c1ccc(Cn2cc(-c3cc(Nc4ccc(OC(F)(F)F)cc4)ncn3)cn2)cc1,6.795880017344075
Oc1cccc(Cn2cc3c(Nc4ccc(OC(F)(F)F)cc4)ncnc3n2)c1,6.795880017344075
CCCc1cc(C(=O)C(C)C)cc(CCC)c1OC(C(=O)O)c1ccccc1,6.795880017344075
CCCc1cc(C(=O)CC)cc(C)c1OC(C(=O)O)c1ccc(C(C)C)cc1,6.795880017344075
CC(C)(C)n1ncc2c(Nc3ccc(OC(F)(F)F)cc3)ncnc21,6.795880017344075
Cc1cn(-c2cc(NC(=O)c3ccc(C)c(C#Cc4cnc(Nc5ccccc5)nc4)c3)cc(C(F)(F)F)c2)cn1,6.79317412396815
Cc1ccncc1-c1ccc2nc(NC(=O)C3CC(F)(F)C3)sc2c1,6.79317412396815
Cc1ccc(NC(=O)c2ccc(CN3CCN(C)CC3)cc2)cc1Nc1nccc(-c2cncc(-n3cccn3)c2)n1,6.790484985457369
Cc1ccc(NC(=O)c2ccc(CN3CCN(C)CC3)cc2)cc1Nc1nccc(-c2cncc(C3=NN=C(C(=O)C4N=CC=N4)C3)c2)n1,6.790484985457369
CCCc1cc(Oc2ccc(Cl)c(C)c2)ccc1OCCCOc1cccc(-c2sc(=O)[nH]c2O)c1,6.790484985457369
CCCNc1ccc2ncc(-c3ccc4[nH]ncc4c3)n2n1,6.790484985457369
Nc1nnc(-c2ccccc2O)cc1N1CCNCC1,6.785156151952302
COc1ccc(-c2csc(NC(=O)CNC(=O)c3ccc(N)cc3)n2)cc1,6.785156151952302
FC(F)(F)Oc1ccc(Nc2cc(-c3ccnc4[nH]ccc34)ncn2)cc1,6.779891911959945
CCOC(Cc1ccc2c(ccn2Cc2nc(-c3ccc(CC)cc3)oc2C)c1)C(=O)O,6.779891911959945
O=C1Nc2cc(CO)ccc2Oc2ccc(-c3ccnc(N4CCOCC4)c3)cc21,6.779891911959945
Cc1cccc(-c2cncc(-c3ccnc(Nc4cc(NC(=O)c5ccc(CN6CCN(C)CC6)cc5)ccc4C)n3)c2)c1,6.777283528852417
Cc1cccc(NC(=O)C2=NN=C(c3cncc(-c4ccnc(Nc5cc(NC(=O)c6ccc(CN7CCN(C)CC7)cc6)ccc5C)n4)c3)C2)c1,6.777283528852417
Cc1oc(-c2cccc(-c3ccccc3)c2)nc1CCOc1ccc(CC(C)(Oc2ccccc2)C(=O)O)cc1,6.777283528852417
CCNC(=O)Nc1nc2ccc(-c3ccccc3OC(F)(F)F)cc2[nH]1,6.774690718274137
C[C@H]1COCCN1c1cccc(-c2csc(NC(=O)CNC(=O)c3ccn(S(C)(=O)=O)c3)n2)n1,6.774690718274137
C=CC(=O)N(c1cc(OC)c(Cl)cc1Cl)c1c(C#N)cnc2cc(OCCCN3CCOCC3)c(OC)cc12,6.772113295386326
FC(F)(F)Oc1ccc(Nc2cc(-c3cnn(Cc4ccccc4)c3)ncn2)cc1,6.769551078621726
CCn1c2ccccc2c2cc(NC(=O)CSc3nc4ccccc4[nH]3)ccc21,6.769551078621726
COc1cccc(-c2cn(C3CCCC3)c3ncnc(N)c23)c1,6.769551078621726
COc1cc(N2CCC(N3CCN(C)CC3)CC2)ccc1Nc1ncc(Cl)c(Nc2ccccc2P(C)(C)=O)n1,6.767003889607846
Cc1nn(-c2ccc(F)cc2)c(-n2ccnc2)c1C(=O)NCc1cccnc1,6.767003889607846
Cc1nc(C(F)(F)F)sc1CSc1ccc2c(ccn2CC(=O)O)c1,6.764471553092451
CCNC(=O)c1c(OC)cc(-n2cnc3cc(-c4cnn(CC)c4)ccc32)cc1OC(F)F,6.764471553092451
CCNC(=O)Nc1nc2ccc(-c3ccnn3CC)cc2[nH]1,6.764471553092451
CC(C)(C)n1nc(-c2ccc(Cl)cc2)c2c(N)ncnc21,6.764471553092451
Nc1n[nH]c2cccc(C#Cc3cccc(NC(=O)c4cc(F)cc(C(F)(F)F)c4)c3)c12,6.764471553092451
CCOC(Cc1ccc2c(ccn2Cc2nc(-c3ccc(C(C)(C)C)cc3)oc2C)c1)C(=O)O,6.761953896871205
Cc1oc(-c2ccc(-c3ccccc3)cc2)nc1CCOc1ccc(OC(C)(C)C(=O)O)cc1,6.7594507517174005
Cc1ccc(NC(=O)Nc2cccc(Cl)c2)cc1Nc1nccc(-c2cccnc2)n1,6.756961951313706
CCc1ccc(-c2ncc(C)c(N(C)CCCOc3ccc4c(c3)CC[C@H]4CC(=O)O)n2)cc1,6.756961951313706
Cc1ccc(NC(=O)c2ccc(CN3CCN(CCO)CC3)cc2)cc1-n1cc(-c2cccnc2)cn1,6.756590017609955
CCNC(=O)Nc1nc2ccc(-c3ccncc3C)cc2[nH]1,6.752026733638193
Cc1cn(-c2cc(NC(=O)c3ccc(C)c(Nc4nc(-c5cccnc5)cs4)c3)cc(C(C)C)c2)cn1,6.752026733638193
Cc1ccc(NC(=O)c2ccc(CN3CCOCC3)cc2)cc1-n1cc(-c2cccnc2)cn1,6.7495799976911055
O=C(O)Cn1ccc2cc(OCc3cccc(COc4ccc(C(F)(F)F)cc4)c3)ccc21,6.747146969020107
Cc1ccc(NC(=O)Nc2cccc(N(C)C)c2)cc1Nc1nccc(-c2cccnc2)n1,6.745905962850536
Nc1n[nH]c2cccc(-c3ccc(C(=O)N4CCN(C(=O)c5ccccc5Br)CC4)cc3)c12,6.7447274948966935
C=CCN(C)CCCCCCOc1ccc2c(-c3ccc(Br)cc3)n[nH]c2c1,6.7447274948966935
CC[C@]1(C(=O)O)CCc2ccc(OCCCOc3ccc(C(C)(C)C)cc3Cl)cc2O1,6.7447274948966935
CNCCOc1ccc(C(=O)NCc2cccc(C(=O)N[C@@H](CC(C)(C)C)C(=O)Nc3ccc(CCNC(=O)CC(C)(C)CC(=O)O)cc3)c2)cc1,6.7447274948966935
CN=NNc1ccc(C(=O)Nc2ccc(C)c(Nc3nccc(-c4cccnc4)n3)c2)cc1Cl,6.7447274948966935
CCOC(Cc1ccc2c(ccn2Cc2nc(-c3cc(C)cc(C)c3)oc2C)c1)C(=O)O,6.742321425130816
CCOC(Cc1ccc2c(ccn2Cc2nc(-c3ccccc3OC)oc2C)c1)C(=O)O,6.742321425130816
C#CCO[C@@H]1[C@H](C)[C@@H](COC(=O)c2ccc(S(=O)(=O)F)cc2)O[C@H]1n1nc(-c2ccc(C)cc2)c2c(N)ncnc21,6.739928612014925
Cc1ccc(-c2cncc(-c3ccnc(Nc4cc(NC(=O)c5ccc(CN6CCN(C)CC6)cc5)ccc4C)n3)c2)cc1,6.73754891026957
Cc1ccc(NC(=O)C2=NN=C(c3cncc(-c4ccnc(Nc5cc(NC(=O)c6ccc(CN7CCN(C)CC7)cc6)ccc5C)n4)c3)C2)cc1,6.73754891026957
CCNC(=O)Nc1nc2ccc(Oc3cccc(OC)c3)cc2[nH]1,6.73754891026957
COC[C@H](NC(=O)c1cn(C2(C#N)CC2)cn1)C(=O)Nc1nc(-c2cccc(N3C[C@@H](C)O[C@@H](C)C3)n2)cs1,6.73754891026957
CCN1CCN(Cc2ccc(NC(=O)CNc3ccc(-c4ccc(NC(C)=O)nc4)cc3)cc2C(F)(F)F)CC1,6.732986946971932
C=CC(=O)N(c1cc(OC)ccc1Cl)c1c(C#N)cnc2cc(OCCCN3CCN(C)CC3)c(OC)cc12,6.730487055782083
CCCCCCCCCCCOc1cccc(CCC(=O)NC[C@@H](O)COP(=O)(O)OC[C@H](NC(=O)c2ccc(C)cc2)C(=O)O)c1,6.730487055782083
C=CCN(C)CCCCCCOc1ccc2c(-c3ccc(Br)cc3)nccc2c1,6.730487055782083
CS(=O)(=O)Nc1cccc(-c2ccc3c(c2)C(=O)Nc2cc(OC(F)(F)F)ccc2N3)c1,6.7281583934635005
COc1cccc(NC(=O)N2CCOc3ccc(-c4ccncc4OC)cc3C2)c1,6.7281583934635005
Cc1ccc(CNC(=O)c2ccc(C(F)(F)F)cc2F)cc1Oc1ccc(OC(C)(C)C(=O)O)c(C)c1,6.72600388624072
COc1ccc(OC(=O)N(CC(=O)O)Cc2ccc(OCCc3nc(-c4ccccc4)oc3C)cc2)cc1,6.72584215073632
CCCCCCC(Sc1nc(Cl)cc(Nc2ccc(-c3ccc(C#N)cc3)cc2)n1)C(=O)O,6.721246399047171
FC(F)(F)Oc1ccc(Nc2cc(-c3cnn(Cc4ccncc4)c3)ncn2)cc1,6.721246399047171
Cc1ccc(C(=O)Nc2cc(N(C)CCN(C)C)cc(C(F)(F)F)c2)cc1Nc1cc(-c2cccnc2)ccn1,6.718966632752272
CCOC(=O)CCCCC(=O)c1[nH]c(=O)[nH]c1CSc1nc(C)cc(=O)[nH]1,6.716879765040225
Cc1ccc(NC(=O)c2ccc(CN3CCN(C)CC3)cc2)cc1Nc1nccc(-c2cncc(-c3ncco3)c2)n1,6.714442690992226
Cc1ccc(NC(=O)c2ccc(CN3CCN(C)CC3)cc2)cc1Nc1nccc(-c2cncc(C3=NN=C(C(=O)Nc4ncco4)C3)c2)n1,6.714442690992226
C=CC(=O)N(c1cc(OC)ccc1Cl)c1c(C#N)cnc2cc(OCCCN3CCOCC3)c(OC)cc12,6.714442690992226
CCO[C@@H](Cc1ccc(OCCc2nc(-c3ccc(-c4ccccc4)cc3)oc2C)c2ccsc12)C(=O)O,6.7121982700697735
CC(C)n1nc(-c2ccc3cc(OCc4ccc(C(C)(C)C)cc4)ccc3c2)c2c(N)ncnc21,6.7121982700697735
N#Cc1cccc(-c2csc(NC(=O)CNC(=O)c3ccc(N)cc3)n2)c1,6.7121982700697735
Cc1ccc(NC(=O)Nc2cccc(N3CCCC3)c2)cc1Nc1nccc(-c2cccnc2)n1,6.711997117232051
Nc1n[nH]c2cccc(C#Cc3cccc(C(=O)Nc4ccc(CN5CCOCC5)c(C(F)(F)F)c4)c3)c12,6.710522891487877
O=c1cc(-c2cc(Nc3ccc(OC(F)(F)F)cc3)ncn2)cc[nH]1,6.707743928643524
CCn1c(CCCc2cccc(-c3ccc(OC)c(CC(=O)O)c3)c2)nn(Cc2ccc(C(C)(C)C)cc2)c1=O,6.705533773838408
CC(C)(C)n1ccc(C(=O)NCC(=O)Nc2nc(-c3cccc(OC4CC4)n3)cs2)c1,6.705533773838408
CCO[C@@H](Cc1ccc(OCCc2nc(-c3ccccc3)oc2C)c2ccccc12)C(=O)O,6.703334809738469
CCCCCCC(=O)Nc1cccc(Nc2nccc(-c3cccnc3)n2)c1,6.699480900891103
O=C(Nc1cccc(Nc2nccc(-c3cccnc3)n2)c1)c1ccc(F)cc1,6.699480900891103
c1ccc(COc2ccc3c(-c4nc5ccc(N6CCC(N7CCCCC7)CC6)cc5[nH]4)n[nH]c3c2)cc1,6.698970004336019
Cc1cc(NC(=O)Nc2ccnc(Cl)c2)ccn1,6.698970004336019
Cc1cc(NC(=O)C2=NN=C(c3cncc(-c4ccnc(Nc5cc(NC(=O)c6ccc(CN7CCN(C)CC7)cc6)ccc5C)n4)c3)C2)ccn1,6.698970004336019
Cc1ccc(NC(=O)c2ccc(CN3CCN(C)CC3)cc2)cc1Nc1nccc(-c2cncc(-c3ccncc3)c2)n1,6.698970004336019
O=C1c2ccc3c4ccc5c6c(ccc(c7ccc(c2c37)C(=O)N1CCNCCO)c64)C(=O)N(CCNCCO)C5=O,6.698970004336019
O=C(NC1=NN(c2ccc(Cl)c(Cl)c2)CC1)c1ccncc1,6.698970004336019
CC(C)c1cccc(-c2nn(C(C)C)c3ncnc(N)c23)c1,6.698970004336019
CCCCCC(=O)Nc1cccc(Nc2nccc(-c3cccnc3)n2)c1,6.698970004336019
Nc1ncnc2c1c(-c1ccccc1)cn2-c1cccc(CO)c1,6.698970004336019
O=C(Nc1nc(-c2ccc(Cl)c(Cl)c2)cs1)c1cccnc1,6.698970004336019
CCNC(=O)Nc1nc2ccc(-c3ccncc3)cc2[nH]1,6.698970004336019
O=C(Nc1cccc(Nc2nccc(-c3cccnc3)n2)c1)c1ccccc1,6.698970004336019
O=C(C(CO)c1ccccc1)N1CC(=C2CN(S(=O)(=O)c3ccc(OC(F)F)cc3)C2)C1,6.698970004336019
O=C(Nc1nc(-c2ccc(Cl)c(Cl)c2)cs1)c1cncs1,6.698970004336019
CC(=O)Nc1nc2ccc(-c3cn([C@@H]4CN[C@H](C(=O)Nc5ccc(F)c(F)c5)C4)nn3)nc2s1,6.69517601376751
CCCCn1c(-c2cc(-c3cccc4[nH]ncc34)ccc2C)cn2c3c(=O)[nH]c(=O)n(C)c3nc12,6.692503962086787
CN1CCN(c2ccc(Nc3ncc(Cl)c(NC[C@H]4CCCO4)n3)cc2)CC1,6.686132779630847
Cc1cc(-c2cccc(-c3csc(NC(=O)CNC(=O)c4ccc(N)cc4)n3)c2)on1,6.681936665037238
CC(Cc1ccc(OCCCOc2ccc(Oc3ccc(F)cc3)cc2Cl)cc1)C(=O)O,6.681936665037238
CCOC(Cc1ccc2c(ccn2Cc2nc(-c3ccccc3OC(C)C)oc2C)c1)C(=O)O,6.679853713888946
CCc1ccc(Cl)cc1-c1[nH]c(-c2ccnc(N)n2)cc1C(N)=O,6.6777807052660805
NC(=O)CN1CCC(n2cc(-c3cccc(O)c3)c3c(N)ncnc32)CC1,6.6777807052660805
Oc1cccc(Cn2ncc3c(Nc4ccc(OC(F)(F)F)cc4)ncnc32)c1,6.6777807052660805
O=S(=O)(NCCO)c1ccc(-c2cc(Nc3ccc(OC(F)(F)F)cc3)ncn2)cc1,6.6777807052660805
CCOc1ccc(-c2cccc(CCCc3nn(Cc4ccc(C(C)(C)C)cc4)c(=O)n3CC)c2)cc1C(=O)O,6.675717544702307
Cc1ccc(NC(=O)c2ccc(F)cc2)cc1-n1cc(-c2cccnc2)cn1,6.670094173644883
COC(=O)c1ccc2c(Nc3ccc(OC(F)(F)F)cc3)ncnc2c1,6.669586226650809
COc1cccc(NC(=O)N2CCOc3ccc(-c4ccnc5ccccc45)cc3C2)c1,6.665546248849069
CCOC(Cc1ccc2c(c1)c(C)cn2Cc1nc(-c2ccc(C(F)(F)F)cc2)oc1C)C(=O)O,6.661543506395395
Cc1ccc(C(=O)Nc2cc(Br)cc(C(F)(F)F)c2)cc1Nc1nccc(-c2cccnc2)n1,6.6595558851598815
CSCC[C@H](NC(=O)c1ccn(S(C)(=O)=O)c1)C(=O)Nc1nc(-c2ccccc2)cs1,6.6595558851598815
CCCn1c(CCCc2ccc(OC(C)(C)C(=O)O)cc2)nn([C@H](C)c2ccccc2)c1=O,6.657992070982661
CC(C)(C)C[C@H](NC(=O)c1cccc(CNC(=O)c2ccc(OCCO)cc2)c1)C(=O)Nc1ccc(CCN)cc1,6.657577319177793
Nc1ncnc2c1ncn2[C@@H]1O[C@H](CSCC[C@H](N)C(=O)O)[C@@H](O)[C@H]1O,6.657577319177793
COc1ccc(Oc2ccc3[nH]nc(-c4nc5ccc(N6CCC(N7CCCCC7)CC6)cc5[nH]4)c3c2)cc1,6.657577319177793
Cc1ccc(NC(=O)c2ccc(N(CCCl)CCCl)cc2)cc1Nc1nccc(-c2cccnc2)n1,6.657577319177793
Cc1oc(-c2ccccc2)nc1CCOc1cccc(C[C@@H]2CN(C(=O)Oc3ccccc3)C[C@@H]2C(=O)O)c1,6.657577319177793
CCCn1c(CCCc2ccc(OC(C)(C)C(=O)O)cc2)nn(C(C)c2ccccc2)c1=O,6.657577319177793
CCNS(=O)(=O)c1ccc(-c2cc(Nc3ccc(OC(F)(F)F)cc3)ncn2)cc1,6.657577319177793
O=S(=O)(C1CC1)N1CCN(c2nc(N3CCOCC3)ncc2Br)CC1,6.657577319177793
COc1cccc(-c2cn(-c3ccc(CC(=O)NCCO)cc3)c3ncnc(N)c23)c1,6.657577319177793
COc1ccc(-c2ccnc(Nc3cc(C(=O)Nc4ccc(CN5CCN(C)CC5)c(C(F)(F)F)c4)ccc3C)c2)cn1,6.655607726314889
O=C(Nc1cccc(F)c1)N1CCOc2ccc(-c3ccncc3)cc2C1,6.649751981665837
CNC(=O)c1cc(Oc2ccc(NC(=O)Nc3ccc(Cl)c(C(F)(F)F)c3)cc2)ccn1,6.646083769079636
COc1cc(-c2n[nH]c3ncc(-c4ccc(C)c(N)c4)cc23)cc(OC)c1OC,6.6439741428068775
Cc1cc(Nc2ncc(C)c(N3CCN(CC#N)[C@@H](C)C3)n2)sn1,6.642065152999546
Cc1oc(-c2ccc(Cl)cc2)nc1COc1cccc(CN(CC(=O)O)C(=O)OC2CCC2)c1,6.642065152999546
O=C(O)Cc1csc2cc(OCc3ccc(COc4ccc(C(F)(F)F)cc4)cc3)ccc12,6.6401645176601125
[O]c1ccccc1C(=O)N1[C][C]C(=[C]C(=O)[N][C@@H]2[C][C]N([C]c3ccc4cc(F)ccc4c3)[C]2)[C][C]1,6.638272163982407
CCCc1cc2c(=O)n(C(C)C)oc2c(CCC)c1O[C@H](C(=O)O)c1ccc(C(C)C)cc1,6.638272163982407
O=C(Cn1cccc(NC(=O)Nc2ccc(NC(=O)Nc3cccn(CC(=O)NCc4ccc(Cl)c(Cl)c4)c3=O)cc2)c1=O)NCc1ccc(Cl)c(Cl)c1,6.638272163982407
COc1cccc(-c2cn(C3CC(C(=O)NCCO)C3)c3ncnc(N)c23)c1,6.638272163982407
CC(C)(C)c1ccc(OCCCOc2ccc3c(c2)O[C@@](C)(C(=O)O)CC3)c(Cl)c1,6.638272163982407
COc1ccc2[nH]nc(-c3nc4ccc(N5CCC(N6CCCCC6)CC5)cc4[nH]3)c2c1,6.638272163982407
CCCc1cc2c(C(F)(F)F)noc2c(CCC)c1OC(C)(C)C(=O)O,6.638272163982407
COc1cccc(-c2cn(-c3ccc(CNCCO)cc3)c3ncnc(N)c23)c1,6.638272163982407
COc1ccc(-c2cc(NC(=O)c3ccc(C)c(Nc4cc(-c5cccnc5)ccn4)c3)cc(C(F)(F)F)c2)cc1,6.634512015109101
O=C(Nc1ccc(CC(F)(F)F)cc1)c1cccc(-c2cncnc2)c1,6.632644078973981
CCn1c(CCCc2cccc(-c3ccc(C)c(C4(C(=O)O)CC4)c3)c2)nn(Cc2ccc(C(C)(C)C)cc2)c1=O,6.630784142589857
Cc1ccc(NC(=O)c2ccc(Cn3ccnc3)c(C(F)(F)F)c2)cc1C#Cc1ncc(Nc2ccccc2)cn1,6.630784142589857
O=C1Nc2cc(OCC(F)(F)F)ccc2Oc2ccc(-c3ccnc(N4CCOCC4)c3)cc21,6.628932137728263
Cc1cnc(-c2ccc(C(C)C)cc2)nc1N(C)CCCOc1ccc2c(c1)CC[C@H]2CC(=O)O,6.625251653989896
Cc1ccc(C(=O)Nc2cccc(C(F)(F)F)c2)cc1-c1cccc(-c2cnc3cnccn23)c1,6.625251653989896
CC(C)n1nc(-c2ccc3c(ccn3C)c2)c2c(N)ncnc21,6.623423042943488
CCNC(=O)Nc1nc2ccc(Oc3ccccc3Cl)cc2[nH]1,6.621602099051863
CCn1cc(-c2ccc3c(c2)ncn3-c2cc(OC)c(C(=O)NCC(F)(F)F)c(OC)c2)cn1,6.621602099051863
Cc1ccc(NC(=O)c2cccc(C(F)(F)F)c2)cc1C(=O)Nc1cncnc1,6.619788758288394
CC(C)(Oc1ccc(CCOc2ccc(NC(=O)c3ccccc3)cc2)cc1)C(=O)NS(=O)(=O)c1ccccc1,6.619788758288394
CC(C)Oc1ccc(OCCCOc2ccc3c(c2)O[C@@](C)(C(=O)O)CC3)c(Cl)c1,6.619788758288394
CCOC(=O)NC[C@H](Cc1ccc(OCCc2nc(-c3ccccc3)oc2C)cc1)N/C(C)=C\C(=O)c1ccc(C(F)(F)F)cc1,6.619788758288394
COc1ccc(C(=O)NCc2cccc(C(=O)N[C@@H](CC(C)(C)C)C(=O)Nc3ccc(CCN(C)C)cc3)c2)cc1,6.619788758288394
CCC(=O)NC[C@H](Cc1ccc(OCCc2nc(-c3ccccc3)oc2C)cc1)N=C(C)CC(=O)c1ccc(C(F)(F)F)cc1,6.619788758288394
COc1ccc(NC(=O)[C@H](CC(C)(C)C)NC(=O)c2cccc(CNC(=O)c3ccc(OCCN(C)C)cc3)c2)cc1,6.619788758288394
CSCC[C@H](NC(=O)c1ccc2c(c1)CCN2)C(=O)Nc1nc(-c2ccccc2)cs1,6.619788758288394
FC(F)(F)Oc1ccc(Nc2cc(Nc3cc(C4CC4)[nH]n3)ncn2)cc1,6.619788758288394
N#CCc1cccc(-c2cc(Nc3ccc(OC(F)(F)F)cc3)ncn2)c1,6.619788758288394
CS(=O)(=O)n1ccc(C(=O)NCC(=O)Nc2nc(-c3cccc(F)n3)cs2)c1,6.614393726401688
Cc1ccc(C(=O)Nc2cc(N3CCN(C)CC3)cc(C(F)(F)F)c2)cc1Nc1cc(-c2cccnc2)ccn1,6.614393726401688
O=C(Nc1ccc(OCCN2CCOCC2)cc1)Nc1ccc(Cl)c(C(F)(F)F)c1,6.61261017366127
Cn1c(CO)cc2c(Nc3ccc(OC(F)(F)F)cc3)ncnc21,6.610833915635467
FC(F)(F)Oc1ccc(Nc2ncnc3c2cnn3-c2ccccn2)cc1,6.609064892896621
Cc1oc(-c2ccccc2)nc1CCOc1cccc(CN(CC(=O)O)Cc2cc3ccccc3[nH]2)c1,6.609064892896621
Cc1ccc(C(=O)Nc2cc(-c3c(C)noc3C)cc(C(F)(F)F)c2)cc1NC(=O)c1cnc2[nH]ccc2c1,6.605548319173783
COc1cccc(NC(=O)N2CCOc3ccc(-c4ccncc4)cc3C2)c1,6.603800652904264
Cc1ccc(Cl)cc1-c1c(C(N)=O)cc(-c2ccnc(Nc3ccc(N4CCN(C)CC4)cc3)n2)n1C,6.6020599913279625
CCOC(=O)c1c(-c2ccc(Cc3ccc(OC(F)(F)F)cc3)cc2)[nH]c2ccccc2c1=O,6.6020599913279625
CCCn1c(CCCc2ccc(OC(C)(C)C(=O)O)cc2)nn(CC2CCCCC2)c1=O,6.6020599913279625
COc1ccccc1C(=O)NCCNC(=O)c1ccc(-c2cccc3[nH]nc(N)c23)cc1,6.6020599913279625
CCN(CC)CCOc1ccc(Nc2cc(NC(=O)Nc3c(Cl)cccc3Cl)ncn2)cc1,6.6020599913279625
O=C1NC(=O)C(c2cn(-c3ccccc3)nc2-c2ccc(F)cc2)N1,6.600326278518962
O=C(NC1=NN(c2ccc(Cl)c(Cl)c2)CC1)c1ccnnc1,6.600326278518962
O=C(NC1=NN(c2ccc(Cl)c(Cl)c2)CC1)c1cncnc1,6.600326278518962
N#CCC(=O)NC1=NN(c2ccc(Cl)c(Cl)c2)CC1,6.600326278518962
Cc1ccc(NC(=O)c2ccc(CN3CCN(C)CC3)cc2)cc1Nc1nccc(-c2cncc(C3=NN=C(C(=O)Nc4nc(C(N)=O)co4)C3)c2)n1,6.600326278518962
O=C(Nc1nc(-c2ccc(Cl)c(Cl)c2)cs1)c1c(F)cccc1F,6.600326278518962
N#CCCC(=O)NC1=NN(c2ccc(Cl)c(Cl)c2)CC1,6.600326278518962
Cc1ccc(NC(=O)c2ccc(CN3CCN(C)CC3)cc2)cc1Nc1nccc(-c2cncc(-c3nc(C(N)=O)co3)c2)n1,6.600326278518962
CC(=O)NC1=NN(c2ccc(Cl)c(Cl)c2)CC1C,6.600326278518962
Cc1ncsc1-c1ccc([C@H](C)NC(=O)[C@@H]2C[C@@H](O)CN2C(=O)[C@@H](NC(=O)C2(c3ccc(-c4cc(-c5ccccc5O)nnc4N)cc3)CC2)C(C)(C)C)cc1,6.600326278518962
CCOC(Cc1ccc2c(ccn2Cc2nc(-c3cc(OC)cc(OC)c3)oc2C)c1)C(=O)O,6.596879478824182
OCCn1ncc2c(Nc3ccc(OC(F)(F)F)cc3)ncnc21,6.5951662833800615
CS(=O)(=O)N1CCN(c2nc(Cl)ncc2Br)CC1,6.5934598195660445
Cc1ccc(C(=O)Nc2cc(C(F)(F)F)cc(C(F)(F)F)c2)cc1Nc1nccc(-c2cccnc2)n1,6.586700235918748
COCCNCCN1CCC(n2cc(-c3cccc(OC)c3)c3c(N)ncnc32)CC1,6.585026652029182
O=C(Cn1cccc(NCc2ccc(CNc3cccn(CC(=O)NCc4ccc(Cl)c(Cl)c4)c3=O)s2)c1=O)NCc1ccc(Cl)c(Cl)c1,6.585026652029182
COC(=O)N(CC(=O)O)Cc1cccc(OCc2nc(-c3ccc(Cl)cc3)oc2C)c1,6.585026652029182
CCCc1cc2c(oc(=O)n2CC)c(CCC)c1O[C@H](C(=O)O)c1ccc(Cl)cc1,6.585026652029182
CS(=O)(=O)c1ccc(-c2cc(Nc3ccc(OC(F)(F)F)cc3)ncn2)cc1,6.585026652029182
CCCc1cc(C(=O)CC)cc(Cl)c1O[C@H](C(=O)O)c1ccc(C(C)C)cc1,6.585026652029182
Oc1cccc(Nc2[nH]nc3ncnc(Nc4cccc(Cl)c4)c23)c1,6.585026652029182
COc1ccc(-c2cn(C3CCCC3)c3ncnc(N)c23)cc1,6.585026652029182
CCOC(=O)OCC1OC(Oc2ccccc2Cc2ccc(OC)cc2)C(O)C(O)C1O,6.585026652029182
O=C(O)Cc1csc2cc(OCc3cc(-c4ccc(C(F)(F)F)cc4)on3)ccc12,6.583359492661719
O=C(O)C(Cc1ccc(OCCCOc2ccc(Oc3ccc(F)cc3)cc2Cl)cc1)c1ccccc1,6.581698708680255
CCCCCCCCCCCOc1cccc(CCC(=O)NCCCOP(=O)(O)OC[C@H](NC(C)=O)C(=O)O)c1,6.580044251510242
O=C1Nc2cc(OC(F)(F)F)ccc2S(=O)c2ccc(-c3ccnc(N4CCOCC4)c3)cc21,6.578396073130168
NC(=O)c1cccc(-c2cc(Nc3ccc(OC(F)(F)F)cc3)ncn2)c1,6.573488738635424
Cc1ccc(C(=O)Nc2cc(-c3ccnn3C)cc(C(F)(F)F)c2)cc1Nc1cc(-c2cccnc2)ccn1,6.571865205971211
Cc1c(-c2ccc(N3CCCCC3)cc2)[nH]c2cc(F)cc(F)c2c1=O,6.568636235841012
CNS(=O)(=O)c1ccc(-c2ncnc(Nc3ccc(OC(F)(F)F)cc3)c2C)cc1,6.568636235841012
COc1ccccc1C#Cc1nn(C(C)C)c2ncnc(N)c12,6.568636235841012
CCCCn1ncc2c(Nc3ccc(OC(F)(F)F)cc3)ncnc21,6.568636235841012
O=C1Nc2ccccc2C1=Cc1c[nH]nc1-c1ccccc1[N+](=O)[O-],6.567030709125595
O=C(c1ccc(-c2cccnc2)cc1)N1CCN(C(=O)c2cccc(F)c2)CC1,6.559090917934782
CN(C)CCOc1cc(-c2ccccc2O)nnc1N,6.559090917934782
CCCc1c(OCCCSc2ccc(CC(=O)O)cc2Cl)ccc2c(C(F)(F)F)noc12,6.552997101533838
Cc1ccnc(NS(=O)(=O)c2ccc(Nc3nccc(Nc4ccc5c(C)n(C)nc5c4)n3)cc2)n1,6.552841968657781
CNCCOc1ccc(C(=O)NCc2cccc(C(=O)N[C@@H](CC(C)(C)C)C(=O)Nc3ccc(CCC(=O)O)cc3)c2)cc1,6.552841968657781
Cc1oc(-c2ccccc2)nc1CCOc1cccc(-c2nn(-c3ccccc3)nc2CC(=O)O)c1,6.552841968657781
C=CCN(C)C/C=C/COc1cc2c(cc1F)c(-c1ccc(Br)cc1)nn2C,6.55129368009492
C[C@@H](Oc1c[nH]c(=O)c(C(=O)Nc2ccc(N3CCN(C)CC3)cc2)c1)c1c(Cl)ccc(F)c1Cl,6.55129368009492
CCc1ccc(C(=O)Nc2cc(CN3CCN(C)CC3)cc(C(F)(F)F)c2)cc1C#Cc1cncnc1,6.55129368009492
CN1C[C@@H]2C[C@H]1CN2c1cc(F)c(-c2ccnc3c(-c4cccc5[nH]ncc45)c(-c4ccncc4)nn23)c(F)c1,6.543633966870956
C=CCN(C)CCCCCCOc1ccc2c(-c3ccc(Br)cc3)nn(C)c2c1,6.539102157243452
Nc1ncnc2c1c(-c1cccc(O)c1)cn2C1CCNC1,6.537602002101044
CN(C)c1ccc(C(=O)NCCNC(=O)c2ccc(-c3ccc4c(N)n[nH]c4c3)cc2)cc1,6.537602002101044
N#Cc1c(N)nc(SCC(=O)c2ccccc2)c(C#N)c1-c1ccsc1,6.537602002101044
COCCCNC(=O)c1ccc(-c2ncnc(Nc3ccc(OC(F)(F)F)cc3)c2C)cc1,6.537602002101044
O=C(COc1cc(O)c2c(=O)cc(-c3ccccc3)oc2c1)Nc1ccc(Br)cc1,6.537602002101044
Cc1c(-c2ccc(-c3ccc(OC(F)(F)F)cc3)nc2)[nH]c2ccccc2c1=O,6.537602002101044
CSCC[C@H](NC(=O)c1ccc(N)cc1)C(=O)Nc1nc(-c2ccccc2)cs1,6.530177984021837
O=C(NN=Cc1cc(C(=O)O)c(Nc2ccc(I)cc2F)c(F)c1F)c1ccc(CO)o1,6.522878745280337
Cc1c(F)cc2[nH]ncc2c1-c1ccc2nc(N)c(C(=O)[C@@H]3C[C@@H]3F)n2c1,6.522878745280337
O=C(Nc1cccc(Nc2nccc(-c3cccnc3)n2)c1)c1cccs1,6.522878745280337
CCn1ncc2c(Nc3ccc(OC(F)(F)F)cc3)ncnc21,6.522878745280337
COc1ccc(OC)c2c1sc1nnc(N)n12,6.522878745280337
COc1cccc(-c2cn(-c3ccc(CCN(C)CCO)cc3)c3ncnc(N)c23)c1,6.522878745280337
Cc1ccc(C(c2c[nH]c3ccc(C(=O)NNS(=O)(=O)c4cc(Cl)c(Cl)cc4Cl)cc23)c2c[nH]c3ccc(C(=O)NNS(=O)(=O)c4cc(Cl)c(Cl)cc4Cl)cc23)cc1,6.522878745280337
O=C(Nc1cccc(Nc2nccc(-c3cccnc3)n2)c1)c1ccccc1S,6.51999305704285
CCn1c(CCCc2cccc(-c3ccc(NS(=O)(=O)c4ccccc4)cn3)c2)nn(Cc2ccc(C(C)(C)C)cc2)c1=O,6.51999305704285
Cc1nc2c(=O)n(C)c(=O)nc-2n(C)n1,6.519949917349564
Cc1ccc(NC(=O)c2ccc(CN3CCN(C)CC3)cc2)cc1Nc1nccc(-c2cncc(-c3sncc3C)c2)n1,6.518557371497695
CC(C)n1nc(-c2cc3c(Cl)cccc3[nH]2)c2c(N)ncnc21,6.517126416391246
Cc1ccc(C(=O)NCc2ccc(Cl)cn2)cc1Nc1nccc(-c2cccnc2)n1,6.515700160653214
Cc1ccc(OC(C)(Cc2ccc(OCCc3nc(-c4cccc(-c5ccccc5)c4)oc3C)cc2)C(=O)O)cc1,6.514278573518419
C=CCN(C)CCCCCCOc1ccc2c(-c3ccc(Br)cc3)nsc2c1,6.514278573518419
CCn1cc(-c2ccc3c(c2)CCN3C(=O)Cc2cccc(OC(F)(F)F)c2)c2c(N)ncnc21,6.514278573518419
FC(F)(F)Cn1ncc2c(Nc3ccc(OC(F)(F)F)cc3)ncnc21,6.511449283499555
OC[C@H]1O[C@@H]2O[C@H]3[C@H](O)[C@@H](O)[C@@H](O[C@H]4[C@H](O)[C@@H](O)[C@@H](O[C@H]5[C@H](O)[C@@H](O)[C@@H](O[C@H]6[C@H](O)[C@@H](O)[C@@H](O[C@H]7[C@H](O)[C@@H](O)[C@@H](O[C@H]8[C@H](O)[C@@H](O)[C@@H](O[C@H]1[C@H](O)[C@H]2O)O[C@@H]8CO)O[C@@H]7CO)O[C@@H]6CO)O[C@@H]5CO)O[C@@H]4CO)O[C@@H]3CO,6.510041520575165
CO[C@@H](Cc1ccc(OCCCOc2ccc(C(=O)c3ccccc3)cc2)c(Cl)c1)C(=O)O,6.510041520575165
CCCc1c(OCCCN(C)c2ccc(CC(=O)O)cc2)ccc2c(C(F)(F)F)noc12,6.509002705984747
O=c1[nH]c(NCc2ccncc2)nc2sc3c(c12)CCCC3,6.508638306165727
CCNC(=O)c1c(OC)cc(-n2cnc3cc(-c4cnn(C5CCOCC5)c4)ccc32)cc1OC,6.508638306165727
Cc1ccc(NC(=O)COc2cc(O)c3c(=O)cc(-c4ccccc4)oc3c2)cc1,6.508638306165727
O=c1cc(-c2ccc(Cc3ccc(OC(F)(F)F)cc3)cc2)n(O)c2ccccc12,6.508638306165727
Cc1cc(OCc2cc(-c3ccc(Cl)cc3)on2)cc2scc(CC(=O)O)c12,6.507239610973162
Cc1cc(SCc2ccc(OCc3ccc(C(F)(F)F)cc3)cc2)c2c(c1OCC(=O)O)CCC2,6.507239610973162
[2H]C([2H])([2H])N1CCN(Cc2ccc(C(=O)Nc3ccc(C)c(Nc4nccc(-c5cccnc5)n4)c3)cc2)CC1,6.506104323841626
Nc1n[nH]c2cccc(C#Cc3cccc(NC(=O)c4cccc(C(F)(F)F)c4)c3)c12,6.504455662453552
Cc1cc(CNC(=O)c2ccc(C(F)(F)F)cc2F)cc(Oc2ccc(OC(C)(C)C(=O)O)c(C)c2)c1,6.504455662453552
CC(C)n1nc(-c2ccc3cc(OCc4ccccc4)ccc3c2)c2c(N)ncnc21,6.500312917381596
CC(=O)NC1=NN(c2ccc(Cl)c(Cl)c2)CC1,6.500312917381596
CN(C)CCc1ccc(NC(=O)[C@H](CC(C)(C)C)NC(=O)c2cccc(CNC(=O)c3ccccc3)c2)cc1,6.494850021680094
O=S(=O)(c1ccc(-c2ccccc2)cc1)N1CCN(c2nc(N3CCOCC3)ncc2Br)CC1,6.494850021680094
Cc1oc(-c2ccccc2)nc1CCOc1cccc(C[C@H]2CN(c3ccccc3)C[C@H]2C(=O)O)c1,6.494850021680094
Cc1cc(NS(=O)(=O)c2ccc(Nc3nccc(N(C)c4ccc5c(C)n(C)nc5c4)n3)cc2)no1,6.494850021680094
CCc1ccc(C(F)(F)F)cc1-c1[nH]c(-c2ccnc(N)n2)cc1C(N)=O,6.494850021680094
Cc1nnc(-c2cncc(-c3ccnc(Nc4cc(NC(=O)c5ccc(CN6CCN(C)CC6)cc5)ccc4C)n3)c2)o1,6.490797477668897
Cn1ncnc2c(=O)n(C)c(=O)nc1-2,6.490730254623813
CCn1c(CCCc2cccc(-c3ccc(CC(=O)O)cc3)c2)nn(Cc2ccc(C(C)(C)C)cc2)c1=O,6.489454989793388
COc1cc(-n2cnc3cc(-c4cnn(C)c4)ccc32)cc(OC(F)F)c1C(=O)NC1CC1,6.488116639021126
Cc1ccc(NC(=O)c2ccc(Cn3ccnc3)cc2)cc1-n1cc(-c2cccnc2)cn1,6.486782399932061
Cc1oc(-c2ccccc2)nc1CC#Cc1ccc(C[C@@H](C(=O)O)n2cccc2)cc1,6.481486060122112
OCc1cc2c(Nc3ccc(OC(F)(F)F)cc3)ncnc2s1,6.481486060122112
OC[C@H]1[NH2+]C[C@@H](O)[C@@H]1O,6.481486060122112
CCc1ccc(C(=O)Nc2cc(CN3CCN(C)CC3)cc(C(F)(F)F)c2)cc1C#Cc1cnc2ccnn2c1,6.480610465222231
Cc1ccc(Oc2ccc(OC(C)(C)C(=O)O)c(C)c2)cc1CNC(=O)c1ccc(C(F)(F)F)cc1F,6.480172006224281
C=CCN(C)CCCCCCOc1ccc2c(C)nn(C)c2c1,6.478861916295964
CCO[C@@H](Cc1ccc(OCCc2nc(-c3ccccc3)oc2C)c2sccc12)C(=O)O,6.47755576649368
CSCC[C@H](NC(=O)c1ccn(S(=O)(=O)C(C)C)c1)C(=O)Nc1nc(-c2ccccc2)cs1,6.476253533188435
Cc1cn(-c2cc(NC(=O)c3ccc(C)c(Nc4nccc(-c5ccccc5)n4)c3)cc(C(F)(F)F)c2)cn1,6.476253533188435
CCCOC(=O)N(CC(=O)O)Cc1cccc(OCc2nc(-c3ccc(Cl)cc3)oc2C)c1,6.473660722610156
CC(C)Cc1cc(Oc2ccccc2)ccc1OCCCOc1ccc(-c2sc(=O)[nH]c2O)cc1,6.468993954885645
FC(F)(F)Oc1ccc(Nc2ncnc3nn(CC4CCOC4)cc23)cc1,6.468521082957745
COc1ccc(-c2nn(C3CCC3)c3ncnc(N)c23)cc1OC,6.468521082957745
COc1ccc(CC(CO)n2cc(-c3cccc(O)c3)c3c(N)ncnc32)cc1,6.468521082957745
CN[C@@H](C)C(=O)N(C)[C@H](C(=O)N1CCC[C@H]1c1nc(C(=O)c2cccc(OCCOCCOCCNC(=O)C3CCN(c4ncc(C(=O)Nc5ccc(OC(F)(F)Cl)cc5)cc4-c4ccn[nH]4)C3)c2)cs1)C1CCCCC1,6.468521082957745
Cc1cn(-c2cc(NC(=O)c3ccc(C)c(Nc4cccc(-c5cccnc5)c4)c3)cc(C(F)(F)F)c2)cn1,6.465973893943865
CC(C)(C)c1cc(NC(=O)Nc2ccc(Oc3ccc4ncccc4c3)cc2)n(-c2ccc3ncccc3c2)n1,6.462180904926726
CCc1ccc(C(=O)Nc2cc(CN3CCN(C)CC3)cc(C(F)(F)F)c2)cc1C#Cc1cncn1C,6.460923901207224
CCn1c(CCCc2cccc(-c3cccc(CC(=O)O)c3)c2)nn(Cc2ccc(C(C)(C)C)cc2)c1=O,6.460923901207224
NCCCn1ccc2c(-c3ccnc(Nc4cccc(OC(F)(F)C(F)F)c4)n3)cccc21,6.45983329017955
Cc1ncsc1-c1ccc([C@H](C)NC(=O)[C@@H]2C[C@@H](O)CN2C(=O)[C@@H](c2cc(CN3CCC(c4ccc5c(c4)C(C)(C)c4nc(=O)c6c(Cl)cccc6n4-5)CC3)no2)C(C)C)cc1,6.455931955649724
COc1ccc(C(=O)Nc2ccc(OCCN3CCCC3)cc2)cc1Nc1nccc(-c2cccnc2)n1,6.455882327666203
Cc1oc(-c2ccc(Cl)cc2)nc1COc1cccc(CN(CC(=O)O)C(=O)OCC2CC2)c1,6.454692883534176
Cc1cnc(Nc2cnn(C)c2)nc1-c1cnn([C@H](CC#N)C2CCCC2)c1,6.454692883534176
CCOC(Cc1ccc2c(c1)cc(C)n2Cc1nc(-c2ccc(C(F)(F)F)cc2)oc1C)C(=O)O,6.453457336521868
CCO[C@H](Cc1ccc2c(c1)cc(C)n2Cc1nc(-c2ccc(C(F)(F)F)cc2)oc1C)C(=O)O,6.453001073554724
CC(C)n1nc(-c2cc3ccccc3[nH]2)c2c(N)ncnc21,6.452225294612178
CN[C@@H](C)C(=O)N[C@H](C(=O)N1CCC[C@H]1c1nc(C(=O)c2cccc(OCCOCCOCCNC(=O)C3CCN(c4ncc(C(=O)Nc5ccc(OC(F)(F)Cl)cc5)cc4-c4ccn[nH]4)C3)c2)cs1)C1CCCCC1,6.443697499232712
CNCCOc1ccc(C(=O)NCc2ccc(F)c(C(=O)N[C@@H](CC(C)(C)C)C(=O)Nc3ccc(CCC(=O)O)cc3)c2)cc1,6.443697499232712
CCCCCCCCCCCOc1cccc(CCC(=O)NC[C@@H](O)COP(=O)(O)OC[C@@H](NC(C)=O)C(=O)O)c1,6.443697499232712
Cc1c2ccc(N(C)c3ccnc(Nc4ccc(S(=O)(=O)NC(=N)N)cc4)n3)cc2nn1C,6.443697499232712
Cc1cc(C)nc(NS(=O)(=O)c2ccc(Nc3nccc(Nc4ccc5c(C)n(C)nc5c4)n3)cc2)n1,6.443697499232712
CCN1CCC(n2nc(Cc3cccc4ccccc34)c3c(N)ncnc32)CC1,6.443697499232712
CCCc1cc(Oc2ccccc2)ccc1OCCCOc1ccc2c(c1)OC(CC)(C(=O)O)CC2,6.443697499232712
COc1cccc(-c2cn(C3CCN(CCN(C)CCO)CC3)c3ncnc(N)c23)c1,6.443697499232712
COc1ccc(N2C(=O)[C@@H](Cc3cccc(OCCc4nc(-c5ccccc5)oc4C)c3)[C@H]2C(=O)O)cc1,6.443697499232712
COC(Cc1ccc2c(ccn2Cc2nc(-c3ccccc3)oc2C)c1)C(=O)O,6.440093374963888
CCOC(Cc1ccc2c(ccn2Cc2nc(-c3ccccc3)oc2C)c1)C(=O)O,6.434152181326482
COc1cc(-c2nn(CCN3CCC(N(C)C)CC3)c3ncnc(N)c23)ccc1CC(=O)OC(C)(C)C,6.431798275933005
CC(C)(C)OC(=O)N1CCN(C(=O)/C=C\C(=O)Nc2cccc(C(N)=O)c2)CC1,6.431798275933005
CCC1(C(=O)O)CCc2ccc(OCCCOc3ccc(Oc4ccccc4)cc3F)cc2O1,6.431798275933005
FC(F)C(F)(F)Oc1cccc(Nc2nccc(-c3c[nH]c4ccccc34)n2)c1,6.430896349585608
COc1cccc(NC(=O)N2CCOc3ccc(-c4ccnc(C)c4)cc3C2)c1,6.427128397799519
CC(C)(C)c1cc(NC(=O)Nc2ccc(Nc3ncnc4ccc(NC(=O)CCN5CCOCC5)cc34)cc2)n(-c2cccc(N)c2)n1,6.421360790031928
O=C(NCc1nc(-c2ccccc2)c[nH]1)Nc1ncc(-c2ccccc2)s1,6.42021640338319
Cc1ccc(C(=O)NCCNC(=O)c2ccc(-c3ccc4c(N)n[nH]c4c3)cc2)cc1,6.42021640338319
Cc1cc(Oc2ccc(F)c(CNC(=O)c3ccc(C(F)(F)F)cc3F)c2)ccc1OC(C)(C)C(=O)O,6.4159968823543885
COC(=O)NC(C(=O)N1CCN(c2nc(Cl)ncc2Br)CC1)C(C)C,6.414539270491499
CC(C)n1nc(C#Cc2cccc(N)c2)c2c(N)ncnc21,6.4089353929735005
O=C(Nc1ccc(OC(F)(F)F)cc1)c1cnc(OCCO)c(-c2ccn[nH]2)c1,6.4089353929735005
C[C@]1(C(=O)O)CCc2ccc(OCCCOc3ccc(OCC4CCC4)cc3Cl)cc2O1,6.4089353929735005
Nc1ncnc2c1c(-c1ccccc1)cn2C1CC(O)C1,6.4089353929735005
CC(C)(C)C[C@@H]1NC(=O)c2cccc(c2)CNC(=O)c2ccc(cc2)OCCNC(=O)CC(C)(C)CC(=O)N[C@H](C(=O)O)Cc2ccc(cc2)NC1=O,6.4089353929735005
CCCc1cc2c(oc(=O)n2C)c(CCC)c1O[C@H](C(=O)O)c1ccc(C(C)C)cc1,6.405607449624574
COc1cccc(NC(=O)N2CCOc3ccc(-c4ccncc4C)cc3C2)c1,6.404503778174426
CCOC(Cc1ccc2c(ccn2Cc2nc(-c3cccc(Cl)c3)oc2C)c1)C(=O)O,6.402304814074488
FC(F)(F)Oc1ccc(Nc2ncnc3c2cnn3-c2cc(C(F)(F)F)ccn2)cc1,6.401209493236885
O=C1Nc2cc(OC(F)(F)F)ccc2Oc2ccc(-c3cccc(N4CC[C@H](O)C4)n3)cc21,6.400116927926312
CC(=O)NC1=NN(c2ccc(Cl)c(Cl)c2)[C@@H](C)C1,6.400116927926312
Cc1ccc(NC(=O)c2ccc(CN3CCN(C)CC3)cc2)cc1Nc1nccc(-c2cncc(N3CCCC3)c2)n1,6.400116927926312
O=C(NC1=NN(c2ccc(Cl)c(Cl)c2)CC1)c1c(F)cccc1F,6.400116927926312
O=C1CCCC(C(=O)NC2=NN(c3ccc(Cl)c(Cl)c3)CC2)N1,6.400116927926312
Cc1ccc(NC(=O)c2ccc(CN3CCN(C)CC3)cc2)cc1Nc1nccc(-c2cncc(C3=NN=C(C(=O)N4CCCC4)C3)c2)n1,6.400116927926312
Cc1ccc(NC(=O)c2ccccc2)cc1Nc1nccc(-c2cccnc2)n1,6.400056920649286
NCCCCNC(=O)c1cccc(Nc2nccc(-c3cccnc3)n2)c1,6.400056920649286
FC(F)(F)Oc1ccc(Nc2cc(-c3cnn(Cc4cccnc4)c3)ncn2)cc1,6.3979400086720375
COc1ccccc1NC(=S)NNC(=O)c1ccc(-c2nnc(-c3ccccc3Cl)o2)cc1,6.3979400086720375
COc1ccc(NC(=S)NNC(=O)c2ccc(-c3nnc(-c4ccccc4Cl)o3)cc2)cc1,6.3979400086720375
COc1ccc(-c2cn(-c3ccccc3)c3ncnc(N)c23)cc1,6.3979400086720375
COc1cccc(NC(=S)NNC(=O)c2ccc(-c3nnc(-c4ccccc4Cl)o3)cc2)c1,6.3979400086720375
NCCCNC(=O)c1cccc(Nc2nccc(-c3cccnc3)n2)c1,6.3979400086720375
CCS(=O)(=O)n1ncc2c(Nc3ccc(OC(F)(F)F)cc3)ncnc21,6.3979400086720375
Cc1cccc(NC(=S)NNC(=O)c2ccc(-c3nnc(-c4ccccc4Cl)o3)cc2)c1,6.3979400086720375
CC[C@]1(C(=O)O)CCc2ccc(OCCCOc3ccc(Cl)cc3Cl)cc2O1,6.3979400086720375
CCCc1c(OCCCn2ccc3cc(CC(=O)O)ccc32)ccc2c(C(F)(F)F)noc12,6.3979400086720375
Cc1ccc(NC(=S)NNC(=O)c2ccc(-c3nnc(-c4ccccc4Cl)o3)cc2)cc1,6.3979400086720375
O=C(NNC(=S)Nc1cccc(F)c1)c1ccc(-c2nnc(-c3ccccc3Cl)o2)cc1,6.3979400086720375
O=C(NNC(=S)Nc1ccccc1Br)c1ccc(-c2nnc(-c3ccccc3Cl)o2)cc1,6.3979400086720375
O=C(NNC(=S)Nc1ccccc1F)c1ccc(-c2nnc(-c3ccccc3Cl)o2)cc1,6.3979400086720375
O=C(NNC(=S)Nc1ccc([N+](=O)[O-])cc1)c1ccc(-c2nnc(-c3ccccc3Cl)o2)cc1,6.3979400086720375
FC(F)(F)Oc1ccc(Nc2ncnc3c2cnn3Cc2ccccc2)cc1,6.3979400086720375
FC(F)(F)Oc1ccc(Nc2ncnc3c2cnn3C2CCCCC2)cc1,6.3979400086720375
O=C(NNC(=S)Nc1ccc(F)cc1)c1ccc(-c2nnc(-c3ccccc3Cl)o2)cc1,6.3979400086720375
O=C(NNC(=S)Nc1cccc([N+](=O)[O-])c1)c1ccc(-c2nnc(-c3ccccc3Cl)o2)cc1,6.3979400086720375
O=C(NNC(=S)Nc1ccc(Br)cc1)c1ccc(-c2nnc(-c3ccccc3Cl)o2)cc1,6.3979400086720375
O=C(NNC(=S)Nc1ccc(Cl)c(Cl)c1)c1ccc(-c2nnc(-c3ccccc3Cl)o2)cc1,6.3979400086720375
O=C(NNC(=S)Nc1ccc(Cl)cc1)c1ccc(-c2nnc(-c3ccccc3Cl)o2)cc1,6.3979400086720375
CC(C)n1nc(-c2ccc3cc(OC(=O)c4cccc(Cl)c4)ccc3c2)c2c(N)ncnc21,6.39469495385889
Cc1coc(NC(=O)C2=NN=C(c3cncc(-c4ccnc(Nc5cc(NC(=O)c6ccc(CN7CCN(C)CC7)cc6)ccc5C)n4)c3)C2)n1,6.393618634889394
Cc1coc(-c2cncc(-c3ccnc(Nc4cc(NC(=O)c5ccc(CN6CCN(C)CC6)cc5)ccc4C)n3)c2)n1,6.393618634889394
CN(C(=O)Oc1ccc(Cl)cc1)C1CCC(c2ccc(CN3CCCCC3)cc2)CC1,6.391473966422806
O=C(c1cc2c(Nc3ccc(OC(F)(F)F)cc3)ncnc2s1)N1CCNCC1,6.391473966422806
COc1cc(-c2nn(CCN3CCC(N4CCCC4)CC3)c3ncnc(N)c23)ccc1NC(=O)OC(C)(C)C,6.39040559077478
Cc1oc(-c2ccc(Cl)cc2)nc1COc1cccc(CN(CC(=O)O)C(=O)OC2CCCC2)c1,6.38933983691012
CC1(C)OCC(=O)Nc2cc(Nc3nc(NCC(F)(F)F)c4occc4n3)ccc21,6.38933983691012
Nc1ncnc2n[nH]c(Nc3cccc(Cl)c3)c12,6.3872161432802645
CC(=O)N1CCN(C2CCc3cc(C(=O)Nc4ccc(C)c(Nc5nccc(-c6cccnc6)n5)c4)ccc32)CC1,6.386158178123931
CCCc1cc(C(=O)c2ccc(F)cc2)ccc1OCCCOc1cccc2c1ccn2CC(=O)O,6.3829996588791005
CCc1ccc(C(=O)Nc2cc(CN3CCN(C)CC3)cc(C(F)(F)F)c2)cc1C#Cc1ccc2ccnn2c1,6.3829996588791005
CCOC(Cc1ccc2c(ccn2Cc2nc(-c3cc(Cl)cc(Cl)c3)oc2C)c1)C(=O)O,6.377785977033705
Cc1ccc(NC(=O)[C@H](CC(C)(C)C)NC(=O)c2cccc(CNC(=O)c3ccc(OCCN(C)C)cc3)c2)cc1,6.376750709602099
COc1cccc(-c2cn(C3CC(CNCCO)C3)c3ncnc(N)c23)c1,6.376750709602099
Cc1c(Nc2ccc(OC(F)(F)F)cc2)ncnc1-c1ccc(C(=O)NCCO)cc1,6.376750709602099
O=C(c1ccc(Br)cc1)N1CCN(C(=O)c2ccc(-c3nccs3)cc2)CC1,6.375717904164332
Cc1cccc(F)c1-c1cc2sc(NC(=O)[C@@H]3C[C@@H]3F)nc2cn1,6.373659632624958
Cc1oc(-c2ccc(-c3ccccc3)cc2)nc1CCOc1ccc(C[C@H](OCC(F)(F)F)C(=O)O)c2ccccc12,6.367542707815275
Cc1ccc(Cl)cc1-c1[nH]c(-c2ccnc(N)n2)cc1C(N)=O,6.366531544420413
COC(Cc1ccc(OCCc2nc(-c3ccccc3C)oc2C)c2ccccc12)C(=O)O,6.364516253185088
CCCCCCCN(CCc1ccc(O[C@@](C)(CC)C(=O)O)cc1)C(=O)Nc1ccc(F)cc1F,6.363819240193515
CCc1ccc(C(=O)Nc2cc(CN3CCN(C)CC3)cc(C(F)(F)F)c2)cc1-c1cccc(-c2cnc3cnccn23)c1,6.359518563029578
c1n[nH]cc1-c1cnc2ncc(-c3cn[nH]c3)n2c1,6.356547323513812
O=S(=O)(c1ccc2ccccc2c1)N1CCN(c2nc(N3CCOCC3)ncc2Br)CC1,6.356547323513812
Cc1c(-c2ccc(N3CCCCC3)cc2)[nH]c2ccccc2c1=O,6.356547323513812
CCNC(=O)c1c(OC)cc(-n2cnc3cc(-c4cnn(CC#N)c4)ccc32)cc1OC,6.35261702988538
NC(=O)c1cccc(NC(=O)/C=C\C(=O)N2CCC(Cc3ccccc3)CC2)c1,6.349692476868063
N#Cc1cccc(NC(=O)N2CCOc3ccc(-c4ccnc(N)c4)cc3C2)c1,6.348721986001856
Cc1oc(-c2ccc(-c3ccccc3)cc2)nc1CCOc1ccc(CCC(=O)O)c(CNC(=O)Oc2cnccn2)c1,6.347753658996677
Cc1cc(C#Cc2cnc3cnccn23)cc(C(=O)Nc2cc(CN3CCN(C)CC3)cc(C(F)(F)F)c2)c1,6.347753658996677
CCCc1c(OCCCn2ccc3cc(CCC(=O)O)ccc32)ccc2c(C(F)(F)F)noc12,6.3469998598891575
CN1CCN(c2ccc3nc(-c4c(N)c5c(F)cccc5[nH]c4=O)[nH]c3c2)CC1,6.346787486224656
COc1cc(C(C#Cc2cnc(N)nc2N)OC)cc(OC)c1OC,6.346787486224656
OCCn1ccc2c(Nc3ccc(OC(F)(F)F)cc3)ncnc21,6.346787486224656
CCNC(=O)c1cc2c(Nc3ccc(OC(F)(F)F)cc3)ncnc2n1C,6.346787486224656
Nc1n[nH]c2cccc(-c3ccc(C(=O)NCCNC(=O)c4cccc(C(F)(F)F)c4)cc3)c12,6.346787486224656
Cc1oc(-c2ccccc2)nc1CCOc1ccc(CCC2CN(C(=O)OCC(C)C)CCC2C(=O)O)cc1,6.346787486224656
CC(C)S(=O)(=O)c1ccc(-c2cc(Nc3ccc(OC(F)(F)F)cc3)ncn2)cc1,6.346787486224656
CCNC(=O)c1c(OC)cc(-n2cnc3cc(-c4cnn(CC(N)=O)c4)ccc32)cc1OC,6.341988603342887
Cc1cc(C(F)(F)F)ncc1-c1ccc2nc(NC(=O)[C@@H]3C[C@@H]3F)sc2c1,6.341988603342887
CC(=O)Nc1ccc(-c2ccc(NCC(=O)Nc3ccc(CN4CCNCC4)c(C(F)(F)F)c3)cc2)cn1,6.337653043069112
Cc1c2ccc(Nc3ccnc(Nc4ccc(S(=O)(=O)Nc5ncccn5)cc4)n3)cc2nn1C,6.337242168318426
CCS(=O)(=O)Nc1ccc(-c2cc(Nc3ccc(OC(F)(F)F)cc3)ncn2)cc1,6.337242168318426
COc1ccc(-c2nc(CCOc3cccc(C[C@@H]4C(=O)N(c5ccc(C(C)(C)C)cc5)[C@@H]4C(=O)O)c3)c(C)o2)cc1,6.337242168318426
Cc1cc(SCc2sc(-c3ccc(C(F)(F)F)cc3)nc2C)ccc1OCC(=O)O,6.334419008982047
COc1cc(C(F)(F)F)ccc1C(=O)NCc1cccc(Oc2ccc(OC(C)(C)C(=O)O)c(C)c2)c1,6.334419008982047
C[C@@H]1CN(c2cccc(-c3csc(N(C)C(=O)CNC(=O)c4ccn(S(C)(=O)=O)c4)n3)n2)C[C@H](C)O1,6.332547047110046
Nc1nnc(-c2ccccc2O)cc1C1CCN(S(=O)(=O)c2ccccc2)C1,6.33161408331
Cc1cc(Nc2ncc(C)c(N3CCN(CC#N)CC3)n2)sn1,6.330683119433887
COCCN1CCN(CCO/N=C2/C(=C3/C(=O)Nc4cc(Br)ccc43)Nc3ccccc32)CC1,6.329754146925875
CCCc1cc(C(=O)c2ccc(F)cc2)ccc1OCCCOc1ccc2c(ccn2CC(=O)O)c1,6.328003797349959
CO[C@@H](Cc1ccc(OCCCOc2ccc(C(=O)c3ccccc3)cc2)cc1)C(=O)O,6.328003797349959
C/C(=N\NC(=O)COc1ccnc2ccccc12)c1ccc(C2C(=O)c3ccccc3C2=O)cc1,6.327902142064282
Cc1ccc(NC(=O)c2ccc(CN3CCN(C)CC3)cc2)cc1Nc1nccc(-c2cncc(-c3nnco3)c2)n1,6.3223930472795065
CCn1cc(-c2ccc3c(c2)ncn3-c2cc(OC)c(C(=O)O)c(OC)c2)cn1,6.321481620959887
COc1ccccc1/C=C/c1nc2ccccc2c(=O)[nH]1,6.320572103387882
COc1cc(-c2nn(CCN3CCC(N(C)C)CC3)c3ncnc(N)c23)ccc1NC(=O)OC(C)(C)C,6.319664486585436
COc1c(NC(=O)Nc2ccc(-c3ccc(CN4CCOCC4)nc3)c3ccccc23)cc(C(C)(C)C)cc1NS(C)(=O)=O,6.318758762624412
CCCc1cc(C(=O)CC)cc(CCC)c1OC(C)(C)C(=O)O,6.318758762624412
CCCC(Sc1nc2ccc(OCC)cc2s1)C(=O)NS(C)(=O)=O,6.318758762624412
Cc1oc(-c2ccccc2)nc1CCOc1ccc(CC[C@@H]2CN(C(=O)Oc3ccccc3)C[C@@H]2C(=O)O)cc1,6.318758762624412
CNC(=O)c1cc(-c2ccnc(N)n2)[nH]c1-c1cc(Cl)ccc1C,6.318758762624412
Cc1ncn(-c2cc(NC(=O)c3ccc(C)c(Nc4nc(-c5cccnc5)cs4)c3)cc(C(F)(F)F)c2)n1,6.318758762624412
NC(=O)c1cc(-c2ccnc(N)n2)[nH]c1-c1cc(C(F)(F)F)ccc1Cl,6.318758762624412
Cc1oc(-c2ccc(Cl)cc2)nc1CCOc1cccc(C[C@@H]2C(=O)N(c3ccc(C(C)(C)C)cc3)[C@@H]2C(=O)O)c1,6.318758762624412
Cc1nc(-c2ccc(C(F)(F)F)cc2)sc1COc1ccc2c(CC(=O)O)csc2c1,6.31695296176115
Cc1ccc(C(=O)Nc2ccc(Br)cc2)cc1Nc1nccc(-c2cccnc2)n1,6.316052869248487
O=C(O)Cn1ccc2cc(OCCCOc3ccc4cc(C(=O)c5ccccc5)ccc4c3)ccc21,6.315154638355588
Cc1ccc(OC(=O)N(CC(=O)O)Cc2cccc(OCc3oc(-c4ccc(Cl)cc4)nc3C)c2)cc1,6.314258261397736
CC(=O)Nc1ccc(-c2cccc(C(=O)N[C@H]3CN[C@@H](C(=O)Nc4ccc(Cl)c(C(F)(F)F)c4)C3)c2)cn1,6.309803919971486
NC(=O)CCn1ccc2c(Nc3ccc(OC(F)(F)F)cc3)ncnc21,6.309803919971486
NC(=O)c1cccc(NC(=O)CCC(=O)NCCc2cnnn2CCNS(=O)(=O)c2cccc(C(=O)O)c2)c1,6.309803919971486
NC(=O)c1cccc(NC(=O)CCC(=O)NCCc2cn(CCNS(=O)(=O)c3cccc(C(=O)O)c3)nn2)c1,6.309803919971486
Cc1ccc(C(=O)Nc2cc(-c3cnn(C)c3)cc(C(F)(F)F)c2)cc1Nc1nc(-c2cccnc2)cs1,6.308918507877031
Cc1c(C(=O)c2ccc(Cl)cc2)c2ccc(OC(F)(F)F)cc2n1Cc1cccc(O[C@@H](C(=O)O)C(C)C)c1,6.308918507877031
CC(C)c1ccc(C(=O)Nc2cc(CN3CCN(C)CC3)cc(C(F)(F)F)c2)cc1C#Cc1cnc2cnccn12,6.306273051076353
CCCc1c(OCCCOc2ccc3c(ccn3CC(=O)O)c2)ccc2c(C(F)(F)F)noc12,6.305000167252905
Cc1ccncc1-c1ccc2nc(NC(=O)[C@@H]3C[C@@H]3F)sc2n1,6.304518323509802
Nc1ncnc2c1c(-c1ccc3cc(OCc4cccc(Cl)c4)ccc3c1)nn2CC1CCNCC1,6.3036436112666685
C=CC(=O)N1CCC[C@H]1C(=O)Nc1cc2c(Nc3cccc(Cl)c3F)ncnc2cc1OCCOC,6.301029995663981
CNC(=O)c1cc(Oc2ccc(NC(=O)Nc3ccc(Cl)c(C(F)(F)F)c3)c(F)c2)ccn1,6.301029995663981
CC(=O)N1Cc2ncnc(Oc3ccc4c(ccn4C(=O)Nc4cc(C5CC5)on4)c3)c2C[C@@H]1C,6.301029995663981
Cc1ccc(C(c2c[nH]c3ccc(C(=O)NNS(=O)(=O)c4ccc([N+](=O)[O-])cc4[N+](=O)[O-])cc23)c2c[nH]c3ccc(C(=O)NNS(=O)(=O)c4ccc([N+](=O)[O-])cc4[N+](=O)[O-])cc23)cc1,6.301029995663981
COCCN(C)CCN1CCC(n2cc(-c3cccc(OC)c3)c3c(N)ncnc32)CC1,6.301029995663981
O=C(/C(=C\c1ccc(F)c([N+](=O)[O-])c1)SCc1ccc(Br)cc1)c1ccc(C(=O)N2CCN(CCO)CC2)cc1,6.301029995663981
O=C(/C(=C\c1ccc(F)c([N+](=O)[O-])c1)SCc1ccc(F)cc1)c1ccc(C(=O)N2CCN(CCO)CC2)cc1,6.301029995663981
COc1cc2nccc(Oc3ccc(NC(=O)NC4CC4)c(Cl)c3)c2cc1C(N)=O,6.301029995663981
O=S(=O)(c1ccc(-c2cc(Nc3ccc(OC(F)(F)F)cc3)ncn2)cc1)N1CCOCC1,6.301029995663981
O=C(Nc1cccc(Nc2nccc(-c3cccnc3)n2)c1)c1ccncc1,6.300513799260864
CNc1nccc(-c2cccnc2Oc2ccc(NC(=O)c3cccc(C(F)(F)F)c3)cc2C)n1,6.298432014944073
Cc1ccc(C(=O)Nc2cc(-n3ccnc3)cc(C(F)(F)F)c2)cc1Nc1nc(-c2cccnc2)cs1,6.294992040666664
OCc1ccc2c(Nc3ccc(OC(F)(F)F)cc3)ncnc2c1,6.29413628771608
COc1cccc(-c2cn(C3CCN(CC(=O)N(C)C)CC3)c3ncnc(N)c23)c1,6.292429823902063
CCCCS(=O)(=O)Nc1ccc(-c2cc(Nc3ccc(OC(F)(F)F)cc3)ncn2)cc1,6.292429823902063
CC(C)S(=O)(=O)Nc1ccc(-c2cc(Nc3ccc(OC(F)(F)F)cc3)ncn2)cc1,6.292429823902063
CS(=O)(=O)O.Cc1ccc(NC(=O)c2ccc(CN3CCNCC3)cc2)cc1Nc1nccc(-c2cccnc2)n1,6.290730039024169
Cc1ccc(NC(=O)c2ccc(CN3CCNCC3)cc2)cc1Nc1nccc(-c2cccnc2)n1,6.290730039024169
Cc1oc(-c2ccc(Cl)cc2)nc1COc1cccc(CN(CC(=O)O)C(=O)OC2CCCCC2)c1,6.289882634888183
Cc1oc(-c2ccc(Oc3ccccc3)cc2)nc1CCOc1ccc(CCC(=O)O)c(CNC(=O)OC(C)C)c1,6.287350298372789
COc1cccc(-c2nc(CCOc3cccc(C[C@@H]4C(=O)N(c5ccc(C(C)(C)C)cc5)[C@@H]4C(=O)O)c3)c(C)o2)c1,6.2839966563652006
Cc1ccc(C(=O)NCCNC(=O)c2ccc(-c3cccc4[nH]nc(N)c34)cc2)cc1,6.2839966563652006
CC(C)n1nc(C#Cc2ccccc2)c2c(N)ncnc21,6.2839966563652006
N#Cc1ccc2c(c1)NC(=O)c1cc(-c3ccnc(N4CCOCC4)c3)ccc1O2,6.279014255846261
CCCc1nc2c(=O)n(C)c(=O)nc-2n(C)n1,6.277876344118495
CCN(CC)c1cccc(NC(=O)Nc2ccc(C)c(Nc3nccc(-c4cccnc4)n3)c2)c1,6.27642098432889
CNCCOc1ccc(C(=O)NCc2cccc(C(=O)N[C@@H](CC(C)(C)C)C(=O)Nc3ccc(CC(NC(=O)CC(C)(C)CC(=O)O)C(=O)OC)cc3)c2)cc1,6.275724130399211
CC[C@@](C)(Cc1ccc(OCCCOc2ccc3c(C(F)(F)F)cc(=O)oc3c2)cc1)C(=O)O,6.270025714300445
Cc1cc(Nc2ncc(C)c(N3CC4CCCC(C3)N4CCC#N)n2)sn1,6.270025714300445
O=c1nc2n(c3cccc(Cl)c13)-c1ccc(C3CCNCC3)cc1C21CCOCC1,6.269217724333611
O=C1NC(=O)/C(=C/c2ccc(-c3nc4ccccc4n3Cc3ccc(Cl)cc3)cc2)S1,6.267606240177031
O=C1CSC(=O)N1,6.267606240177031
C[C@@H]1CN(C(=O)CCCC(=O)N2C[C@@H](C)c3c2cc(O)c2ccccc32)c2cc(O)c3ccccc3c21,6.267606240177031
O=C(Nc1ccc(OC(F)(F)F)cc1)c1cccc(-c2cncnc2)n1,6.267606240177031
COCc1cccc(NC(=O)c2ccc(C)c(Nc3nccc(-c4cccnc4)n3)c2)c1,6.266000713461613
CC1CN(c2cncnc2)Cc2cc(C(=O)Nc3ccc(CN4CCN(C)CC4)c(C(F)(F)F)c3)ccc21,6.262807357295262
Cc1cccc2c(=O)[nH]c(CSC3CCC(O)CC3)nc12,6.261439372640169
CCn1c(CCCc2cccc(-c3ccc(OC)c(C(=O)O)c3)c2)nn(Cc2ccc(C(C)(C)C)cc2)c1=O,6.261219441515631
O=C1NC(=O)/C(=C\c2ccc(-n3ccc4c(Br)ccnc43)cc2)S1,6.259637310505756
O=C(O)CN1C(=O)S/C(=C/c2ccc(-n3ccc4c(Br)ccnc43)cc2)C1=O,6.259637310505756
O=C(Nc1cn2cc(-c3cnccc3C(F)(F)F)ccc2n1)[C@@H]1C[C@@H]1F,6.259637310505756
N#Cc1ccncc1-c1ccc2nc(NC(=O)[C@@H]3C[C@@H]3F)cn2c1,6.259637310505756
Cc1ccncc1-c1ccc2nc(NC(=O)[C@@H]3C[C@@H]3F)c(C)n2c1,6.259637310505756
Cc1ccncc1-c1ccc2nc(NC(=O)[C@@H]3C[C@@H]3F)c(Cl)n2c1,6.259637310505756
O=C1NC(=O)/C(=C\c2ccc(-n3ccc4c(Nc5ccc(F)cc5)ccnc43)cc2)S1,6.259637310505756
O=C(Nc1ccc(OC(F)(F)F)cc1)c1cccc(CN2CCOCC2)c1,6.259637310505756
Cc1cc(N(C)C)ncc1-c1ccc2nc(NC(=O)[C@@H]3C[C@@H]3F)cn2c1,6.259637310505756
CC(C)c1c(F)cccc1-c1ccc2nc(NC(=O)[C@@H]3C[C@@H]3F)cn2c1,6.259637310505756
COc1cc(-c2nn(CCN3CCC(CN(C)C)CC3)c3ncnc(N)c23)ccc1NC(=O)OC(C)(C)C,6.259637310505756
O=C(Nc1cn2cc(-c3cccc(F)c3COCCO)ccc2n1)[C@@H]1C[C@@H]1F,6.259637310505756
COc1cc(-c2nn(CCN3CCC(N4CCCCC4)CC3)c3ncnc(N)c23)ccc1NC(=O)OC(C)(C)C,6.259637310505756
COc1cc(-c2nn(CCN3CCC(OC)CC3)c3ncnc(N)c23)ccc1NC(=O)OC(C)(C)C,6.259637310505756
CCOC(=O)CN1C(=O)S/C(=C/c2ccc(-n3ccc4c(Br)ccnc43)cc2)C1=O,6.259637310505756
O=C1NC(=O)/C(=C\c2ccc(-n3cnc4ccccc43)cc2)S1,6.259637310505756
O=C1NC(=O)/C(=C\c2ccc(-n3ccc4c(Nc5ccccc5OC(F)(F)F)ccnc43)cc2)S1,6.259637310505756
O=C1NC(=O)/C(=C\c2ccc(-n3ncc4ccccc43)cc2)S1,6.259637310505756
CC(=O)NCc1c(F)cccc1-c1ccc2nc(NC(=O)[C@@H]3C[C@@H]3F)cn2c1,6.259637310505756
O=C1NC(=O)/C(=C\c2ccc(-n3cc([N+](=O)[O-])cn3)cc2)S1,6.259637310505756
CN(C)C1CCN(CCn2nc(-c3cnc4[nH]ccc4c3)c3c(N)ncnc32)CC1,6.259637310505756
CCCc1cc2c(oc(=O)n2C(C)C)c(CCC)c1O[C@H](C(=O)O)c1ccccc1,6.259637310505756
Cc1cccc(-c2nn3c(c2-c2ccnc(Nc4ccc(S(N)(=O)=O)cc4)c2)C(C)C(C)(C)C3)n1,6.259637310505756
Cc1c(F)cncc1-c1ccc2nc(NC(=O)[C@@H]3C[C@@H]3F)c(Cl)n2c1,6.259637310505756
O=[N+]([O-])c1cccc(-c2cc(Nc3ccc(OC(F)(F)F)cc3)ncn2)c1,6.259637310505756
Cc1c(F)cncc1-c1ccc2nc(NC(=O)[C@@H]3C[C@@H]3F)c(C)n2c1,6.259637310505756
Cc1nc(C(F)(F)F)sc1COc1ccc2c(ccn2CC(=O)O)c1,6.259637310505756
NCCC(=O)Nc1nc2ccc(C(=O)c3ccccc3)cc2[nH]1,6.259637310505756
COc1cccc(-c2cn(C3CCN(CC(N)=O)CC3)c3ncnc(N)c23)c1,6.259637310505756
O=C(O)Cn1ccc2cc(OCc3ccc(Oc4ccc(C(F)(F)F)cc4)cc3)ccc21,6.250263684430939
CN1C[C@@H]2C[C@H]1CN2c1ccc(-c2ccnc3c(-c4cccc(O)c4)c(-c4ccncc4)nn23)cc1,6.249491605148654
CC(C)c1ccc(C(=O)Nc2cc(CN3CCN(C)CC3)cc(C(F)(F)F)c2)cc1C#Cc1cnc2cccnn12,6.248720896016658
CCN(CC)CCCNC(=O)Nc1cc2c(Nc3ccc(F)c(Cl)c3)ncnc2cc1O[C@H]1CCOC1,6.247183568811728
Cc1cc(Nc2ncc(C)c(N3CC(CCC#N)C3)n2)sn1,6.245651664288982
Cc1ccc(C(=O)Nc2ccccc2F)cc1Nc1nccc(-c2cccnc2)n1,6.244887733604928
C=CC(=O)N(c1cc(OC)ccc1Cl)c1c(C#N)cnc2cc(OC)c(OC)cc12,6.244887733604928
CC(C)n1nc(C#Cc2ccccc2O)c2c(N)ncnc21,6.2441251443275085
CCCc1c(OCCCSc2ccc(CC(=O)O)cc2Cl)ccc2c(CC)noc12,6.2441251443275085
CNC(=O)c1cc(Oc2ccc(NC(=O)Nc3ccc(CN4CCN(C)CC4)cc3)cc2)ccn1,6.242300374912261
CCCCn1c(-c2ccccc2C)cn2c3c(=O)[nH]c(=O)n(C)c3nc12,6.238072161579471
Cc1cc(SCc2ccc(OCc3ccc(C(F)(F)F)cc3)cc2)ccc1OCC(=O)O,6.238072161579471
CN1CCN(c2ccc(Nc3nc(Nc4ccc(F)c(F)c4)c4ncn(CC5CC5)c4n3)cc2F)CC1,6.236572006437063
CCN1CCN(Cc2ccc(NC(=O)Nc3ccc(Oc4cc(NC)ncn4)cc3)cc2C(F)(F)F)CC1,6.236572006437063
CCN1CCN(Cc2ccc(NC(=O)Cc3ccc(Oc4ccnc(NC)c4)cc3)cc2C(F)(F)F)CC1,6.236572006437063
Cc1ccc(OC(=O)N(CC(=O)O)Cc2cccc(OCc3nc(-c4ccc(Cl)cc4)sc3C)c2)cc1,6.235077015350111
CCNC(=O)c1c(OC)cc(-n2cnc3cc(-c4cnn(CCO)c4)ccc32)cc1OC,6.234331445240986
O=C(Nc1ccc(Cl)c(Cl)c1)N1CCCc2ccc(-c3ccncc3)cc2C1,6.229147988357855
CCN(CC)S(=O)(=O)c1ccc(-c2cc(Nc3ccc(OC(F)(F)F)cc3)ncn2)cc1,6.229147988357855
COc1ccc(CNC(=O)Nc2sc3c(c2C#N)CCCC3)c(OC)c1,6.229147988357855
COC(=O)CN1CCC(n2cc(-c3cccc(OC)c3)c3c(N)ncnc32)C1,6.229147988357855
CN(C)CCOc1ccc(C(=O)NCc2cccc(C(=O)N[C@@H](CC(C)(C)C)C(=O)Nc3ccc(CCc4ccccn4)cc3)c2)cc1,6.229147988357855
c1ccc2c(-c3nc4ccc(N5CCC(N6CCCCC6)CC5)cc4[nH]3)n[nH]c2c1,6.221848749616356
CCCCC(Sc1nc2cc(Cl)ccc2s1)C(=O)NS(C)(=O)=O,6.221848749616356
CN1CCN(c2ccc(Nc3nc(Nc4cccc(F)c4)c4ncn(CC5CC5)c4n3)cc2F)CC1,6.221848749616356
CCCC(Sc1nc2cc(Cl)ccc2s1)C(=O)NS(C)(=O)=O,6.221848749616356
C[C@]1(C(=O)O)CCc2ccc(OCCCOc3ccc(OCC4CC4)cc3Cl)cc2O1,6.221848749616356
CCCc1c(OCCCN(C)c2ccc(CC(=O)O)cc2C)ccc2c(C(F)(F)F)noc12,6.221848749616356
Nc1ncnc2c1c(-c1cccc(Cl)c1)cn2-c1ccccc1,6.221848749616356
CC(C)(C)CC(=O)NCCc1ccc(NC(=O)[C@H](CC(C)(C)C)NC(=O)c2cccc(CNC(=O)c3ccc(OCCO)cc3)c2)cc1,6.221848749616356
CC(C)(C)n1nc(-c2cccc3ccccc23)c2c(N)ncnc21,6.221848749616356
O=C(NNC(=S)Nc1ccc(C(F)(F)F)cc1)c1ccc(-c2nnc(-c3ccccc3Cl)o2)cc1,6.221848749616356
Cc1ccc(C(=O)Nc2cc(-n3cnc(-c4ccccc4)c3)cc(C(F)(F)F)c2)cc1C#Cc1cnc2cccnn12,6.221848749616356
Nc1cccc(Nc2nccc(-c3ccncc3)n2)c1,6.220924225639893
CCC(=O)Nc1ccc(Sc2nc(Nc3cc(C)n[nH]3)cc(N3CCN(C)CC3)n2)cc1,6.219682687859849
CCCCCCCCCCCOc1cccc(CCC(=O)NC[C@@H](O)COP(=O)(O)OC[C@H](NC(C)=O)C(=O)OC)c1,6.219682687859849
O=C(Nc1ccccc1F)N1CCOc2ccc(-c3ccncc3)cc2C1,6.218963061378869
CC[C@]1(C(=O)O)CCc2ccc(OCCCOc3ccc(C4CCC5(CC4)CC5)cc3Cl)cc2O1,6.214670164989233
CCCc1cc(C2CCCCCC2)ccc1OCCCOc1cccc(-c2oc(=O)[nH]c2O)c1,6.214670164989233
CCn1c(CCCc2cccc(-c3ccc(OC)c(CCC(=O)O)c3)c2)nn(Cc2ccc(C(C)(C)C)cc2)c1=O,6.214670164989233
c1ccc(C(OC2CCN(CCCCNc3ccc4nncn4n3)CC2)c2ccccc2)cc1,6.214670164989233
Cc1oc(-c2ccccc2)nc1CCOc1ccc(C[C@@H]2CN(C(=O)Oc3ccccc3)C[C@@H]2C(=O)O)cc1,6.214670164989233
O=C(Cc1cccc(C(F)(F)F)c1)N1CCOc2ccc(-c3ccncc3)cc2C1,6.213958789757446
Cc1oc(-c2cccs2)nc1CCOc1ccc(C[C@@](C)(Oc2ccccc2)C(=O)O)cc1,6.209011524911184
CCN(CC)C(=O)c1ccc(NC(=O)c2cc(S(=O)(=O)N3CCCCCC3)ccc2OC)cc1,6.208863974184242
COc1cc2nccc(Oc3ccc(NC(=O)Nc4cc(C)on4)c(Cl)c3)c2cc1OC,6.207608310501746
Cn1c(C(N)=O)cc2c(Nc3ccc(OC(F)(F)F)cc3)ncnc21,6.207608310501746
Cc1ccc(Nc2nccc(N(C)c3ccc4c(C)n(C)nc4c3)n2)cc1S(N)(=O)=O,6.207608310501746
COc1cccc2cc(-c3cc(Nc4ccc(OC(F)(F)F)cc4)ncn3)ccc12,6.207608310501746
Cc1ccc(NC(=O)c2ccc(CN3CCCN(C)CC3)cc2)cc1-n1cc(-c2cnc3ccnn3c2)cn1,6.20690839982342
O=C(NC1CCN(Cc2ccccc2)C1)c1cc2c(Nc3ccc(OC(F)(F)F)cc3)ncnc2s1,6.20690839982342
CCCc1cc(C2CCCC2)ccc1OCCCOc1cccc(-c2oc(=O)[nH]c2O)c1,6.200997366572283
O=c1nc2n(c3cccc(Cl)c13)-c1cc(C3CCNCC3)ccc1C21CCOCC1,6.200659450546418
NC(=O)c1ccc(OCc2cccc(Br)c2)cc1,6.200659450546418
N#CCC(=O)Nc1nc(-c2ccc(Cl)c(Cl)c2)c[nH]1,6.199970640755866
CC(=O)c1ccccc1N[C@@H](Cc1ccc(OCCc2nc(-c3ccccc3)oc2C)cc1)C(=O)O,6.198596289982644
CC(C)(C)n1nc(-c2ccccc2)c2c(N)ncnc21,6.196542884351587
Nc1n[nH]c2cccc(C#Cc3cccc(NC(=O)c4cc(N5CCOCC5)cc(C(F)(F)F)c4)c3)c12,6.195860567664649
COC1CCN(C(=O)c2ccc3c(Nc4ccc(OC(F)(F)F)cc4)ncnc3c2)CC1,6.1944991418416
Cc1cc(Oc2cccc(CNC(=O)c3ccc(C(F)(F)F)cc3F)c2)ccc1OC(C)(C)C(=O)O,6.194003282659082
O=S(=O)(c1ccc(-c2ccccc2)cc1)N1CCN(c2nc(Cl)ncc2Br)CC1,6.1938200260161125
COC(=O)Nc1nc2ccc(C(=O)c3cccs3)cc2[nH]1,6.1938200260161125
NC(=O)c1cccc(NC(=O)/C=C\C(=O)N2CCC(CCc3ccccc3)CC2)c1,6.187086643357144
Cc1ccc2c(c1)sc1nnc(N)n12,6.187086643357144
O=C(Nc1ccc(OC(F)(F)F)cc1)c1cc(-c2cncnc2)ccn1,6.187086643357144
CC(C)(Oc1ccc(Cl)cc1)C(=O)NS(=O)(=O)c1ccccc1,6.187086643357144
O=C([C@H](CO)c1ccccc1)N1CC(=C2CN(S(=O)(=O)c3ccc4ncsc4c3)C2)C1,6.187086643357144
CC(=O)NCCc1ccc(NC(=O)[C@H](CC(C)(C)C)NC(=O)c2cccc(CNC(=O)c3ccc(OCCO)cc3)c2)cc1,6.187086643357144
Cc1ccc(NC(=O)c2ccc(/N=N/N(C)C)cc2)cc1Nc1nccc(-c2cccnc2)n1,6.184982855504627
CCn1c(CCC(F)(F)c2cccc(-c3ccc(NS(=O)(=O)c4ccccc4)cn3)c2)nn(Cc2ccc(C(C)(C)C)cc2)c1=O,6.18111458540599
COc1cc(C(=O)Nc2ccc(O)cc2C(=O)O)ccc1OC(C)=O,6.181061866969181
N#Cc1cccc(CS(=O)(=O)Nc2ccccc2-c2cccc3c2[nH]c2ccccc23)c1,6.180456064458131
Cc1oc(-c2ccccc2)nc1CCOc1cccc(C[C@H]2CN(C(=O)Oc3ccccc3)C[C@H]2C(=O)O)c1,6.180456064458131
Cc1cc(Nc2ncc(C)c(N3CC(CC#N)C3)n2)sn1,6.177831920631983
CN1CCN(Cc2cc(NC(=O)c3ccc4c(c3)CN(c3cncnc3)CC4)cc(C(F)(F)F)c2)CC1,6.177831920631983
Nc1ccc(C(=O)NCC(=O)Nc2nc(-c3ccccc3)cs2)cc1,6.177178354696896
Nc1n[nH]c2cccc(C#Cc3cccc(NC(=O)c4cc(C(F)(F)F)cc(C(F)(F)F)c4)c3)c12,6.175874166083451
N[C@H]1CCN(c2c(F)cc3c(=O)c(C(=O)O)cn4c3c2Oc2c-4ccc3c2ccc2ccccc23)C1,6.173925197299173
COC(=O)N(CC(=O)O)[C@@H](C)c1cccc(OCc2nc(-c3ccc(Cl)cc3)oc2C)c1,6.173277479831008
Cc1cn(-c2cc(NC(=O)c3ccc(C)c(Nc4nc(-c5cccnc5)cs4)c3)cc(C(F)(F)F)c2)cn1,6.173277479831008
O=C(O)COc1ccc(SCc2ccc(OCc3ccc(OC(F)(F)F)cc3)cc2)c2c1CCC2,6.172630726946174
C=CCOc1ccc2cc(-c3nn(C(C)C)c4ncnc(N)c34)ccc2c1,6.170696227168975
O=C(O)CCc1ccc(OCCCOc2ccc(Oc3ccc(F)cc3)cc2Cl)cc1,6.170696227168975
Cc1oc(-c2ccccc2)nc1CCCc1ccc(CC(C(=O)O)c2ccsc2)cc1,6.170053304058364
Cc1oc(-c2ccccc2)nc1CCOc1ccc(OC(C)(Cc2ccccc2)C(=O)O)cc1,6.168770306132936
CCCC(Sc1nc2cc(Cl)ccc2s1)C(=O)NS(=O)(=O)c1ccc(OC)cc1,6.167491087293763
COc1ccc(CC(CO)n2cc(-c3cccc(OC)c3)c3c(N)ncnc32)cc1,6.167491087293763
CCCC(C)S(=O)(=O)Nc1ccc(-c2cc(Nc3ccc(OC(F)(F)F)cc3)ncn2)cc1,6.167491087293763
Cc1oc(-c2ccccc2)nc1CCOc1ccc(CN(CC(=O)O)Cc2ccc3ccccc3c2)cc1,6.167491087293763
Cc1cc2c(CC(=O)O)csc2cc1OCc1sc(-c2ccc(C(F)(F)F)cc2)nc1C,6.165999168848947
O=C(CCCC(=O)N1C[C@@H](CCl)c2c1cc(O)c1ccccc21)N1C[C@@H](CCl)c2c1cc(O)c1ccccc21,6.164309428507575
CN1CCC(N(C)C(=O)c2ccc3c(Nc4ccc(OC(F)(F)F)cc4)ncnc3c2)CC1,6.161780778092375
FC(F)(F)Oc1ccc(Nc2ncnc3c2cnn3CC2CCOC2)cc1,6.161150909262744
COc1ccc(N2C(=O)[C@H](Cc3cccc(OCCc4nc(-c5ccccc5)oc4C)c3)[C@@H]2C(=O)O)cc1,6.161150909262744
NC(=O)c1cccc(NC(=O)/C=C\C(=O)N2CCCC(c3ccccc3)C2)c1,6.161150909262744
NC(=O)c1ccc(Oc2cccc(C(=O)N3CCN(c4ccc(F)c(F)c4)CC3)c2)cc1,6.1598939055432425
CCOC(=O)CCCCC(=O)c1[nH]c(=O)[nH]c1CSCCO,6.157996449290077
Cc1oc(-c2ccccc2)nc1CCOc1ccc(C[C@@H](C(=O)O)n2cccc2)cc1,6.15676722190199
CCNC(=O)Nc1nc2ccc(-c3ccc(C)cc3)cc2[nH]1,6.155522824254319
COc1cccc(-c2cn(C3CCN(CC(N)=O)C3)c3ncnc(N)c23)c1,6.154901959985743
NC(=O)c1cc(-c2ccnc(N)n2)[nH]c1-c1cc(Cl)ccc1Cl,6.154901959985743
CCCCCCCCCCCOc1cccc(CCC(=O)NC[C@@H](O)COP(=O)(O)OC[C@H](NC(=O)c2ccc(C(C)(C)C)cc2)C(=O)O)c1,6.154901959985743
CNCCOc1ccc(C(=O)NCc2cccc(C(=O)N[C@@H](CC(C)(C)C)C(=O)Nc3ccc(CCc4ccccn4)cc3)c2)cc1,6.154901959985743
O=C(NNC(=S)Nc1ccccc1Cl)c1ccc(-c2nnc(-c3ccccc3Cl)o2)cc1,6.154901959985743
Nc1cccc(Nc2nccc(-c3cccnc3)n2)c1,6.152449686946641
Cc1ccc(OC(=O)N(CC(=O)O)Cc2cccc(OCc3sc(-c4ccc(Cl)cc4)nc3C)c2)cc1,6.149966742310231
CC(=O)Nc1ccccc1-c1cccc2c1[nH]c1ccccc12,6.1487416512809245
CC(C)(C)c1cc(NC(=O)Nc2ccc(Oc3ccc4cccnc4c3)cc2)n(-c2ccc3ncccc3c2)n1,6.1432711096171175
COc1cc(OC)c(-c2c3cc(O)c(=O)cc-3oc3cc(O)c(O)cc23)cc1OC,6.140165467725366
Cc1cc(Oc2cc(F)cc(CNC(=O)c3ccc(C(F)(F)F)cc3F)c2)ccc1OC(C)(C)C(=O)O,6.137999883359545
COc1ccc(N2C(=O)[C@@H](Cc3ccc(OCCc4nc(-c5ccccc5)oc4C)cc3)[C@H]2C(=O)O)cc1,6.136677139879544
Cc1c(Nc2ccc(OC(F)(F)F)cc2)ncnc1-c1ccc(S(N)(=O)=O)cc1,6.136677139879544
CCOC(Cc1ccc2c(ccn2Cc2nc(-c3ccccc3F)oc2C)c1)C(=O)O,6.133712660915805
Cc1ccc(NC(=O)c2ccc(CN3CCN(Cc4ccc(I)cc4)CC3)cc2)cc1Nc1nccc(-c2cccnc2)n1,6.130915050968056
CS(=O)(=O)c1ccc2nc(NC(=O)NCc3nc4ccccc4[nH]3)sc2c1,6.130768280269024
CCCCCCCN(CCc1ccc(O[C@](C)(CC)C(=O)O)cc1)C(=O)Nc1ccc(F)cc1F,6.130768280269024
CCN(CC)C(=O)c1ccc2c(Nc3ccc(OC(F)(F)F)cc3)ncnc2c1,6.1295960947209736
O=C1Nc2cc(OC(F)(F)F)ccc2Nc2ccc(-c3cccc(C(=O)N4CCOCC4)c3)cc21,6.129011186239424
Cc1cn(-c2cc(F)cc(NC(=O)c3ccc(C)c(Nc4nccc(-c5cccnc5)n4)c3)c2)cn1,6.1249387366083
CCOc1ccc(-n2cc(C(=O)N3CCC(F)CC3)c3cc(OC)c(OC)cc3c2=O)cc1,6.1249387366083
O=c1cc(-c2ccc(Cc3ccc(OC(F)(F)F)cc3)cc2)[nH]c2ccccc12,6.1249387366083
CCOc1ccc(CC(=O)O)cc1-c1cccc(CCCc2nn(Cc3ccc(C(C)(C)C)cc3)c(=O)n2CC)c1,6.1249387366083
Cc1cn(C2CCCCO2)nc1-c1ccc2nc(NC(=O)[C@@H]3C[C@@H]3F)sc2c1,6.120330794367947
CN(CCCCCCOC1CCN(C(=O)c2ccc(F)cc2)CC1)C1CC1,6.119186407719209
Cc1ccc(C(F)(F)F)cc1-c1[nH]c(-c2ccnc(N)n2)cc1C(N)=O,6.119186407719209
OC[C@H]1CNC[C@@H](O)[C@@H]1O,6.119186407719209
CNC(=O)CCc1ccc(NC(=O)[C@H](CC(C)(C)C)NC(=O)c2cc(CNC(=O)c3ccc(OC)cc3)ccc2F)cc1,6.119186407719209
CC(c1ccccc1)n1cc(CNC(=O)CCCC(=O)Nc2cccc(C(N)=O)c2)nn1,6.119186407719209
CN(C)C1CCN(C(=O)c2cc3c(Nc4ccc(OC(F)(F)F)cc4)ncnc3s2)C1,6.11690664142431
CC[C@@](C)(Oc1cccc(Cn2c(C)c(C(=O)c3ccc(Cl)cc3)c3ccc(OC(F)(F)F)cc32)c1)C(=O)O,6.11690664142431
COc1ccc(C(=O)Nc2ccc(C)c(-n3cc(-c4cnc5ccnn5c4)cn3)c2)cc1,6.115317910566342
CO[C@@H](Cc1ccc(C#CCCCOc2ccc(Oc3ccccc3)cc2)cc1)C(=O)O,6.114000248610756
Cc1ccc([N+](=O)[O-])cc1S(=O)(=O)N[C@@H](CCCCNC(=O)CCC(=O)Nc1cccc(C(N)=O)c1)C(=O)NC(C)C,6.113509274827518
CC1CCN(CCCC(=O)NC2C=CC(S(N)(=O)=O)C=C2)CC1,6.113509274827518
Cc1cc(NC(=O)c2ccc(C)c(Nc3nc(-c4cccnc4)cs3)c2)cc(-n2cnc(C)c2)c1,6.111259039317107
NC(=O)c1ccc(Oc2cccc(C(=O)N3CCN(c4ccc(F)cc4)CC3)c2)cc1,6.110138278741811
CCCc1c(OCCCn2ncc3cc(CC(=O)O)ccc32)ccc2c(C(F)(F)F)noc12,6.107905397309519
Cc1oc(-c2ccccc2)nc1CCOc1ccc(C[C@@H]2C(=O)N(c3ccc(C(C)(C)C)cc3)[C@@H]2C(=O)O)cc1,6.102372908709558
CCCc1cc2c(=O)n(C(C)C)oc2c(CCC)c1O[C@H](C(=O)O)c1ccc(CC(C)C)cc1,6.102372908709558
O=C(Nc1ccccc1)N1CCOc2ccc(-c3ccncc3)cc2C1,6.100726812682396
O=C(NC1=NN(c2ccc(Cl)c(Cl)c2)CC1)c1cccnn1,6.100179497572904
COc1cccc2c1ccn2S(=O)(=O)c1cccc(C(=O)Nc2ccc(Cl)cc2C(=O)O)c1,6.100179497572904
Cn1cnnc1SCC(=O)Nc1nc(-c2ccc(Cl)c(Cl)c2)cs1,6.100179497572904
Cc1ccc(NC(=O)c2ccc(Cl)cc2)cc1Nc1nccc(-c2cccnc2)n1,6.100089266209717
COc1ccccc1C(=O)Nc1ccc(C)c(Nc2nccc(-c3cccnc3)n2)c1,6.100089266209717
CCCc1cc(C(=O)c2ccccc2)cc(CCC)c1OC(C(=O)O)c1ccccc1,6.096910013008056
CC(C)(Oc1ccc(CCNC(=O)c2ccc(Cl)cc2)cc1)C(=O)NS(=O)(=O)c1ccccc1,6.096910013008056
Cc1c(Nc2ccc(OC(F)(F)F)cc2)ncnc1-c1cccc(C(N)=O)c1,6.096910013008056
C=CS(=O)(=O)N1CCC[C@@H]1Cn1cc(-c2ccc3c(c2)OCO3)c2c(N)ncnc21,6.095825631715837
Cc1ccc(NC(=O)c2ccc(C(F)(F)F)cc2)cc1-n1cc(-c2cnc3ccnn3c2)cn1,6.094824991461839
Cc1ccc(-c2cc(-c3ccc(Cl)cc3)c(C#N)c(N)n2)o1,6.092588639225414
O=C(O)[C@@H]1CCc2ccc(OCCCOc3ccc(OCC(F)(F)F)cc3Cl)cc2O1,6.091997798827446
Cc1c(-c2cc(Nc3ccc(OC(F)(F)F)cc3)ncn2)cnn1-c1ccccc1,6.09151498112135
Cc1cc(-c2cnc(Nc3cc(Cl)cc(Cl)c3)nc2NC2CCC(N(C)C)CC2)on1,6.09151498112135
O=C(O)C1CCc2ccc(OCCCOc3ccc(OCC(F)(F)F)cc3Cl)cc2O1,6.09151498112135
Cc1ccc(OC(=O)N(CC(=O)O)Cc2ccc(OCc3nc(-c4ccc(Cl)cc4)oc3C)cc2)cc1,6.090872058010739
C[C@@H]1CN(c2cccc(-c3csc(NC(=O)C(C)(C)NC(=O)c4ccn(S(C)(=O)=O)c4)n3)n2)C[C@H](C)O1,6.087246696328677
FC(F)(F)Oc1ccc(Nc2cc(Nc3nccn3-c3cccc(C(F)(F)F)c3)ncn2)cc1,6.086186147616283
COc1ccc2cc(-c3nn(C(C)C)c4ncnc(N)c34)ccc2c1,6.086186147616283
COc1cccc(NC(=O)COc2cc(O)c3c(=O)cc(-c4ccccc4)oc3c2)c1,6.086186147616283
O=C(NS(=O)(=O)c1ccc([N+](=O)[O-])cc1)C(Sc1nc2cc(Cl)ccc2s1)c1ccccc1,6.086186147616283
Cn1c(C(=O)N2CCC(C(N)=O)CC2)cc2c(Nc3ccc(OC(F)(F)F)cc3)ncnc21,6.086186147616283
FC(F)(F)Oc1ccc(Nc2ncnc3c2cnn3Cc2ccncc2)cc1,6.084072788302884
Cc1c2cc(O)c(=O)cc-2oc2cc(O)c(O)cc12,6.07847999262515
O=C(O)Cn1ccc2cc(OCc3cc(-c4ccc(C(F)(F)F)cc4)on3)ccc21,6.078313524516398
CCCOc1ccc2cc(-c3nn(C(C)C)c4ncnc(N)c34)ccc2c1,6.076755981369724
OC[C@H]1CN(CCCc2ccccc2)C[C@@H](O)[C@@H]1O,6.075720713938118
O=Cc1cc(-c2cc(Nc3ccc(OC(F)(F)F)cc3)ncn2)ccc1F,6.071092309756047
CCCc1cc2c(=O)n(C)oc2c(CCC)c1O[C@H](C(=O)O)c1ccccc1,6.070581074285707
CCCC(Sc1nc2cc(Cl)ccc2s1)C(=O)NS(=O)(=O)c1ccc([N+](=O)[O-])cc1,6.070581074285707
Cc1oc(-c2cccc(Cl)c2)nc1CCOc1cccc(C[C@@H]2C(=O)N(c3ccc(C(C)(C)C)cc3)[C@@H]2C(=O)O)c1,6.065501548756432
CC(C)C(CCO)NC(=O)CCn1ccc2c(Nc3ccc(OC(F)(F)F)cc3)ncnc21,6.065501548756432
CC(C)n1nc(-c2cnc3ccccc3c2)c2c(N)ncnc21,6.065501548756432
Cc1ccc(O)cc1-n1c(=O)c2c(c3c(N)ncnc31)CCCC2,6.063486257521107
CCCc1c(OCCCN(C)c2ccc(CC(=O)O)c(C)c2)ccc2c(C(F)(F)F)noc12,6.060480747381382
Cc1ccc(NC(=O)Nc2ccccc2CN(C)C2CCCCC2)cc1Nc1nccc(-c2cccnc2)n1,6.060480747381382
COc1ccc(-c2cnn3c(N)c(-c4ccccc4)c(OC4CCN(C)CC4)nc23)cc1OC,6.060480747381382
CNC(=O)CCc1ccc(NC(=O)[C@H](CC(C)(C)C)NC(=O)c2cc(CNC(=O)c3ccccc3)ccc2F)cc1,6.060480747381382
Cc1oc(-c2ccccc2)nc1CCCc1ccc(CC(C(=O)O)n2cccn2)cc1,6.057000406633959
COc1ccccc1-c1csc(NC(=O)CNC(=O)c2ccc(N)cc2)n1,6.057000406633959
Cc1oc(-c2ccccc2)nc1CCOc1ccc(Cc2cn(-c3ccccc3)cc2C(=O)O)cc1,6.050609993355087
O=C(c1c(F)cccc1F)N1CCN(c2nc(N3CCOCC3)ncc2Br)CC1,6.050609993355087
C=CC(=O)N(c1cc(OC)c(Cl)cc1Cl)c1c(C#N)cnc2cc(OC)c(OC)cc12,6.049148541111453
CCn1c(CCCc2cccc(-c3cccc(CNS(=O)(=O)c4ccccc4)c3)c2)nn(Cc2ccc(C(C)(C)C)cc2)c1=O,6.047691990337874
Cc1oc(-c2ccccc2)nc1CCCc1ccc(C[C@@H](C(=O)O)n2cccn2)cc1,6.046240308266771
c1ccc(COc2cc3[nH]nc(-c4nc5ccc(N6CCC(N7CCCCC7)CC6)cc5[nH]4)c3cc2OCc2ccccc2)cc1,6.045757490560675
CS(=O)(=O)Nc1ccccc1-c1cccc2c1[nH]c1ccccc12,6.045757490560675
Cc1cccc(C#Cc2nn(C(C)C)c3ncnc(N)c23)c1,6.045757490560675
COc1ccc2c(ccc3c2[nH]c2c4ccccc4nc(NCCCN(C)C)c32)c1,6.045757490560675
FC(F)(F)Oc1ccc(Nc2cc(-c3cc(NCCN4CCOCC4)ncn3)ncn2)cc1,6.045757490560675
CS(=O)(=O)NC(=O)C(Sc1nc2cc(Cl)ccc2s1)c1ccccc1,6.045757490560675
CN(C)CCN1C(=O)c2ccc3c4ccc5c6c(ccc(c7ccc(c2c37)C1=O)c64)C(=O)N(CCN(C)C)C5=O,6.045757490560675
Nc1ccccc1C(=O)Nc1ccccc1Oc1ccc(C(=O)O)c(C(=O)O)c1,6.045757490560675
CCCC(=O)Nc1ccccc1-c1cccc2c1[nH]c1ccccc12,6.045757490560675
COCCN=NNc1ccc(C(=O)Nc2cccc(Nc3nccc(-c4cccnc4)n3)c2)cc1,6.044312249686494
Cc1cn(-c2cc(NC(=O)c3ccc(C)c(C#Cc4cnc(N5CCCCC5)nc4)c3)cc(C(F)(F)F)c2)cn1,6.043831569524636
CCO[C@@H](Cc1ccc(OCCc2nc(-c3ccc(C(F)(F)F)cc3)oc2C)c2ccccc12)C(=O)O,6.043351420794797
CCCCN1C(=O)NC2NC(=O)NC21,6.043351420794797
NC(=O)CCn1ncc2c(Nc3ccc(OC(F)(F)F)cc3)ncnc21,6.040958607678906
Cc1oc(-c2ccccc2)nc1CCCc1ccc(C[C@@H](C(=O)O)n2cccc2)cc1,6.040005161671584
COc1ccc(Cc2sc(=O)[nH]c2O)cc1C(=O)NCc1ccc(C(F)(F)F)cc1,6.039053804266169
CC#Cc1ccc2c(=O)[nH]c(CSc3ccc(C(=O)O)cc3)nc2c1C,6.03763066432998
CO[C@H](Cc1ccc(OCCc2nc(-c3ccccc3)oc2C)c2ccccc12)C(=O)O,6.037157318798758
CCNC(=O)c1cc2c(Nc3ccc(OC(F)(F)F)cc3)ncnc2s1,6.037157318798758
COc1ccc(NC(=O)c2ccc(C)c(Nc3nccc(-c4cccnc4)n3)c2)cc1,6.0343280287798935
Cc1c2ccc(Nc3ccnc(Nc4ccc(S(=O)(=O)NC(=N)N)cc4)n3)cc2nn1C,6.031517051446064
CN1CCC(Nc2ccc(C(=O)Nc3cc(-c4cc(C#N)cs4)n[nH]3)cc2)CC1,6.031050319018657
CC(C)c1ccc(C(=O)Nc2cc(CN3CCN(C)CC3)cc(C(F)(F)F)c2)cc1C#Cc1cnc2ccccn12,6.030584087646019
Cc1c(C)n(Cc2ccc(Cl)c(O[C@@H](C)C(=O)O)c2)c2ccc(C(=O)N[C@@H](C)c3ccc(C(C)(C)C)cc3)cc12,6.029188389127482
COc1cc(-c2cc(Nc3ccc(OC(F)(F)F)cc3)ncn2)co1,6.026872146400301
COc1cccc(C(=O)N2CCN(C(=O)c3ccc(-c4cc(C)ccn4)cc3)CC2)c1,6.026872146400301
Cc1ccc(OC(=O)N(CC(=O)O)Cc2ccc(OCCc3nc(-c4ccc(Cl)cc4)oc3C)cc2)cc1,6.026041313893296
CCNC(=O)Nc1nc2ccc(-c3cccc(C#N)c3)cc2[nH]1,6.020907099361674
Cc1ccc(C(=O)Nc2c(C)cccc2C)cc1Nc1nccc(-c2cccnc2)n1,6.0195421077239
Cc1ccc(Cn2nc(CCCc3ccc(OC(C)(C)C(=O)O)cc3)n(CC(=O)O)c2=O)cc1,6.017728766960431
O=C(O)Cc1csc2cc(OCc3cccc(COc4ccc(C(F)(F)F)cc4)c3)ccc12,6.016373712875465
Cc1cccc2[nH]c(-c3nn(C(C)C)c4ncnc(N)c34)cc12,6.013676222949234
CCCc1cc(Oc2ccc(F)cc2)ccc1OCCCOc1ccc2c(c1)OC(CC)(C(=O)O)CC2,6.013228265733755
COc1ccc(C#Cc2nn(C(C)C)c3ncnc(N)c23)cc1,6.013228265733755
CCO[C@@H](Cc1ccc(OCCN2c3ccccc3Oc3ccccc32)cc1)C(=O)O,6.008773924307505
CCc1ccc(C(=O)Nc2cccc(CN3CCN(C)CC3)c2)cc1-c1cccc(-c2cnc3cnccn23)c1,6.004737849662705
CCOC(=O)N1C[C@H](CC(=O)O)[C@H](c2cccc(OCCc3nc(-c4ccccc4)oc3C)c2)C1,6.004364805402449
Cc1[nH]c(-c2cc(NS(C)(=O)=O)ccc2Oc2ccccc2)c2c1C(=O)CCC2,6.0
C[C@]1(O)CC[C@@H](SCc2nc3cc(OCC4CCOCC4)cc(F)c3c(=O)[nH]2)CC1,6.0
CCc1c(C#Cc2cnc3cnccn23)cccc1C(=O)Nc1cc(CN2CCN(C)CC2)cc(C(F)(F)F)c1,6.0
C=CC(=O)NCc1ccc(-n2nc3c(=O)[nH]nc(N)c3c2-c2oc3ccc(C)cc3c2C)cc1,6.0
COc1ccc(-c2ccnc(Nc3cc(C(=O)Nc4cc(-n5cnc(C)c5)cc(C(F)(F)F)c4)ccc3C)c2)cn1,6.0
COc1ccc(-c2cc(F)cc(NC(=O)c3ccc(C)c(Nc4cc(-c5cccnc5)ccn4)c3)c2)cc1,6.0
Cc1c(C#Cc2cnc3cnc(-c4ccc(N)cc4)cn23)cccc1C(=O)Nc1cc(CN2CCN(C)CC2)cc(-c2ccccc2)c1,6.0
Cc1c(C#Cc2cnc3cnc(-c4ccncc4)cn23)cccc1C(=O)Nc1cc(CN2CCN(C)CC2)cc(C(F)(F)F)c1,6.0
Cc1c(C#Cc2cnc3cnccn23)cccc1C(=O)Nc1cc(CN2CCN(C)CC2)cc(C(F)(F)F)c1,6.0
c1cc(Nc2nccc(-c3cccnc3)n2)cc(OCCn2ccnc2)c1,6.0
O=C(CCOC[C@@H]1CCN1c1cn[nH]c(=O)c1C(F)(F)F)N1CCN2c3ncc(Cl)cc3OCC[C@H]2C1,6.0
O=C(CCOC[C@@H]1CCN1c1cn[nH]c(=O)c1C(F)(F)F)N1CCN2c3ncc(C(F)(F)F)cc3OC[C@@H]2C1,6.0
CNc1cc2nc(CSC3CCOCC3)[nH]c(=O)c2c(F)c1F,6.0
O=c1[nH]c(CSC2CCOCC2)nc2cc(N[C@H]3CCCOC3)ccc12,6.0
O=c1[nH]c(CSC2CCOCC2)nc2cc(NC3CCOC3)ccc12,6.0
O=c1[nH]c(CSC2CCOCC2)nc2cc(NCC3CC3)c(F)cc12,6.0
O=c1[nH]c(CSC2CCOCC2)nc2cc(NCC3CCC3)c(F)c(F)c12,6.0
O=c1[nH]c(CSC2CCOCC2)nc2cc(NCC3CCOCC3)c(F)c(F)c12,6.0
CNC(=O)c1cc(Oc2ccc3nc(Nc4cccc(C(C)(C)C)c4)ccc3c2)ccn1,6.0
CNC(=O)c1cc(Oc2ccc3nc(Nc4cccc(C(C)(C)C)c4)cnc3c2)ccn1,6.0
Cc1cccc2c(=O)[nH]c(CSC3CCN(C(=O)[C@@H](N)CCCCN)CC3)nc12,6.0
Cc1cccc2c(=O)[nH]c(CSC3CCN(C(=O)[C@@H](N)CCCNC(=N)N)CC3)nc12,6.0
Cc1cccc2c(=O)[nH]c(CSC3CCN(C(=O)[C@H](N)CCCCN)CC3)nc12,6.0
Cc1cccc2c(=O)[nH]c(CSC3CCN(C(=O)[C@H](N)CCCNC(=N)N)CC3)nc12,6.0
Cc1cccc2c(=O)[nH]c(CSC3CCN(CCCN)CC3)nc12,6.0
Cc1cccc2c(=O)[nH]c(CSC3CCN(CCO)CC3)nc12,6.0
Cc1cccc2c(=O)[nH]c(CSC3CCN(CCc4ccccc4)CC3)nc12,6.0
Cc1cccc2c(=O)[nH]c(CSC3CCC(N(C)C)CC3)nc12,6.0
Cc1cccc2c(=O)[nH]c(CSC3CCCNCC3)nc12,6.0
CNC[C@H]1CC[C@H](SCc2nc3c(C)cccc3c(=O)[nH]2)CC1,6.0
CNCc1c(F)cccc1-c1ccc2nc(NC(=O)[C@@H]3C[C@@H]3F)cn2c1,6.0
CNC(=O)c1cc(Oc2ccc3nc(Nc4cccc(C(C)(C)C)c4)ncc3c2)ccn1,6.0
CNC(=O)c1cccc2cc(Oc3ccnc(NC(=O)c4ccc(N5CCN(C)CC5)cc4)c3)ccc12,6.0
O=c1[nH]c(CSC2CCOCC2)nc2cc(NC3CCCCC3(F)F)cc(F)c12,6.0
O=c1[nH]c(CSC2CCOCC2)nc2cc(NC3CCCCC3)c(F)cc12,6.0
O=c1[nH]c(CSC2CCOCC2)nc2cc(NC3CCCCC3)cc(F)c12,6.0
Cc1cccc2c(=O)[nH]c(CS[C@H]3CC[C@@H](CN(C)C)CC3)nc12,6.0
Cc1cccc2c(=O)[nH]c(CS[C@H]3CC[C@@H](CN)CC3)nc12,6.0
Cc1cccc2c(=O)[nH]c(CSC3CCN(Cc4c[nH]c5ccncc45)CC3)nc12,6.0
Cc1cccc2c(=O)[nH]c(CSC3CCN(Cc4ccc(N(C)C)cc4)CC3)nc12,6.0
Cc1cccc2c(=O)[nH]c(CSC3CCN(Cc4ccc5cnn(C)c5c4)CC3)nc12,6.0
Cc1cccc2c(=O)[nH]c(CSC3CCN(Cc4ccccc4OCC#N)CC3)nc12,6.0
Cc1cccc2c(=O)[nH]c(CSC3CCN(Cc4ccccn4)CC3)nc12,6.0
Cc1cccc2c(=O)[nH]c(CSC3CCN(Cc4cnc5ccccn45)CC3)nc12,6.0
Cc1cccc2c(=O)[nH]c(CSC3CCN(Cc4cnn(Cc5ccccc5)c4)CC3)nc12,6.0
Cc1cccc2c(=O)[nH]c(CSC3CCN(Cc4nccn4C)CC3)nc12,6.0
COC(=O)CN1CCC(n2cc(-c3cccc(OC)c3)c3c(N)ncnc32)CC1,6.0
Cc1cccc2c(=O)[nH]c(CSC3CCN(C(=O)CN)CC3)nc12,6.0
O=c1[nH]c(CSC2CCOCC2)nc2cc(NC3CCCCC3)ccc12,6.0
O=c1[nH]c(CSC2CCOCC2)nc2cc(NC3CCN(C4COC4)CC3)cc(F)c12,6.0
Cc1ccc(NC(=O)c2cccc(S(=O)(=O)n3ccc4c(C)cccc43)c2)c(C(=O)O)c1,6.0
Cc1ccc(NC(=O)c2cccc(S(=O)(=O)n3ccc4cc(C)ccc43)c2)c(C(=O)O)c1,6.0
O=C(N[C@H]1CC[C@H](SCc2nc3cc(OCC4CC4)cc(F)c3c(=O)[nH]2)CC1)C1CC1,6.0
CCC(=O)N[C@H]1CC[C@H](SCc2nc3cc(OCC4CC4)cc(F)c3c(=O)[nH]2)CC1,6.0
CNC(=O)CN1CCC(SCc2nc3cc(NC4CCCC4)cc(F)c3c(=O)[nH]2)CC1,6.0
CN1CC[C@@H](COc2cc(F)c3c(=O)[nH]c(CS[C@H]4CC[C@H](O)CC4)nc3c2)[C@H](F)C1,6.0
CCC(=O)Nc1ccccc1-c1cccc2c1[nH]c1ccccc12,6.0
CCC(NC(=O)c1ccc(C2CC2)c(-c2ccc3nc(Nc4cnn(C5CC5)c4)ncc3c2)c1)c1cccc(C(F)(F)F)c1,6.0
CN1CCOC(COc2cc(F)c3c(=O)[nH]c(CSC4CCOCC4)nc3c2)C1,6.0
CN1CCN([C@H]2CC[C@@H](Nc3cc4nc(CSC5CCOCC5)[nH]c(=O)c4c(F)c3F)CC2)CC1,6.0
CN1CCN([C@H]2CC[C@H](Nc3cc4nc(CSC5CCOCC5)[nH]c(=O)c4c(F)c3F)CC2)CC1,6.0
CN1CC[C@@H](SCc2nc3cc(NC4CCCC4)cc(F)c3c(=O)[nH]2)[C@@H](F)C1,6.0
O=c1[nH]c(CSC2CCOCC2)nc2cc(OCC3CCOC3)cc(Br)c12,6.0
Cc1cccc2c(=O)[nH]c(CS[C@H]3CC[C@H](C(N)=O)CC3)nc12,6.0
Cc1cccc2c(=O)[nH]c(CS[C@H]3CC[C@H](CC(N)=O)CC3)nc12,6.0
Cc1cccc2c(=O)[nH]c(CS[C@H]3CC[C@H](CCN)CC3)nc12,6.0
Cc1cccc2c(=O)[nH]c(CS[C@H]3CC[C@H](CN(C)C)CC3)nc12,6.0
Cc1cccc2c(=O)[nH]c(CS[C@H]3CC[C@H](CN)CC3)nc12,6.0
Cc1cccc2c(=O)[nH]c(CS[C@H]3CC[C@H](CO)CC3)nc12,6.0
Cc1cccc2c(=O)[nH]c(CSc3ccncc3)nc12,6.0
Cc1cccc2c(=O)[nH]c(CSC3CCN(S(C)(=O)=O)CC3)nc12,6.0
Cc1cccc2c(=O)[nH]c(CSC3CCNCC3)nc12,6.0
Cc1cccc2c(=O)[nH]c(CSC3CCOCC3)nc12,6.0
CN1CC[C@H](CNc2cc3nc(CSC4CCOCC4)[nH]c(=O)c3c(F)c2F)[C@@H](F)C1,6.0
CN1CC[C@H](COc2cc(F)c3c(=O)[nH]c(CS[C@H]4CC[C@H](O)CC4)nc3c2)[C@@H](F)C1,6.0
CN1CC[C@H](SCc2nc3cc(NC4CCCC4)cc(F)c3c(=O)[nH]2)[C@@H](F)C1,6.0
CN1C[C@H](COc2cc(F)c3c(=O)[nH]c(CSC4CCOCC4)nc3c2)[C@H](F)C1,6.0
O=c1[nH]c(CSC2CCOCC2)nc2cc(NC3CCC3)cc(F)c12,6.0
O=c1[nH]c(CSC2CCOCC2)nc2cc(NC3CCC3)ccc12,6.0
CS(=O)(=O)CCN1CCC(SCc2nc3cc(NC4CCCC4)cc(F)c3c(=O)[nH]2)CC1,6.0
CS(=O)(=O)N1CC(Nc2ccc3c(=O)[nH]c(CSC4CCOCC4)nc3c2)C1,6.0
CS(=O)(=O)N1CCC[C@@H](Nc2cc(F)c3c(=O)[nH]c(CSC4CCOCC4)nc3c2)C1,6.0
CS(=O)(=O)N1CCC[C@@H](Nc2cc(F)c3c(=O)[nH]c(CS[C@H]4CC[C@H](O)CC4)nc3c2)C1,6.0
Cc1ccc(NC(=O)c2ccc(CN3CCN(C)CC3)cc2)cc1Nc1nccc(-c2cncc(-c3cnns3)c2)n1,6.0
O=c1[nH]c(CSC2CCNCC2)nc2cc(OCC3CC3)cc(F)c12,6.0
O=c1[nH]c(CSC2CCNCC2)nc2cc(OCC3CC3)ccc12,6.0
O=c1[nH]c(CSC2CCNCC2)nc2cc(OCC3CCC3)cc(F)c12,6.0
O=c1[nH]c(CSC2CCNCC2)nc2cc(OCC3CCCC3)cc(F)c12,6.0
O=c1[nH]c(CSC2CCNCC2)nc2nc(OCC3CC3)ccc12,6.0
O=c1[nH]c(CSC2CCOCC2)nc2cc(NC3CC3)ccc12,6.0
Cc1ccc(NC(=O)c2ccc(CN3CCN(C)CC3)cc2)cc1Nc1nccc(-c2cncc(-c3snnc3C)c2)n1,6.0
CS(=O)(=O)N1CCC[C@@H](Nc2ccc3c(=O)[nH]c(CS[C@H]4CC[C@H](O)CC4)nc3c2)C1,6.0
O=c1[nH]c(CSC2CCOCC2)nc2cc(OC[C@H]3CCOC3)cc(F)c12,6.0
O=C(NC1=NN(c2ccc(Cl)c(Cl)c2)CC1)c1ccncn1,6.0
COc1ccc2c(Oc3ccc(NC(=O)c4c(C)n(CC(C)(C)O)n(-c5ccccc5)c4=O)nc3)ccnc2c1,6.0
O=c1[nH]c(CSC2CCOCC2)nc2cc(OCC3CC(F)(F)C3)cc(F)c12,6.0
O=c1[nH]c(CSC2CCOCC2)nc2cc(OCC3CC3(F)F)cc(F)c12,6.0
O=c1[nH]c(CSC2CCOCC2)nc2cc(OCC3CC3)cc(F)c12,6.0
O=c1[nH]c(CSC2CCOCC2)nc2cc(OCC3CC3)ccc12,6.0
O=c1[nH]c(CSC2CCOCC2)nc2cc(OCC3CCC3)cc(F)c12,6.0
O=c1[nH]c(CSC2CCOCC2)nc2cc(OCC3CCCN(CC(F)F)C3)cc(F)c12,6.0
O=c1[nH]c(CSC2CCOCC2)nc2cc(OCC3CCCO3)cc(F)c12,6.0
O=c1[nH]c(CSC2CCOCC2)nc2cc(OCC3CCCOC3)cc(F)c12,6.0
O=c1[nH]c(CSC2CCOCC2)nc2cc(OCC3CCN(C4COC4)CC3)cc(F)c12,6.0
COc1ncc(F)cc1CNc1ccc(Cc2c[nH]c3ncc(C)cc23)c(F)n1,6.0
CN1CCN(Cc2cc(NC(=O)c3cccc(C#Cc4cnc5cnccn45)c3Cl)cc(C(F)(F)F)c2)CC1,6.0
CCCCCCC(Sc1nc(Cl)cc(Nc2cccc(C)c2C)n1)C(=O)O,6.0
CN1CCC(SCc2nc3cc(NC4CCCC4)cc(F)c3c(=O)[nH]2)CC1,6.0
CS(=O)(=O)N1CCC[C@@H](Nc2ccc3c(=O)[nH]c(CSC4CCOCC4)nc3c2)C1,6.0
O=c1[nH]c(CSC2CCNCC2)nc2cc(NC3CCC(F)(F)C3)cc(F)c12,6.0
O=c1[nH]c(CSC2CCNCC2)nc2cc(NC3CCC3)cc(F)c12,6.0
O=c1[nH]c(CSC2CCNCC2)nc2cc(NC3CCC3)ccc12,6.0
O=c1[nH]c(CSC2CCNCC2)nc2cc(NC3CCCC3)c(F)c(F)c12,6.0
O=c1[nH]c(CSC2CCNCC2)nc2cc(NC3CCCC3)c(F)cc12,6.0
O=c1[nH]c(CSC2CCNCC2)nc2cc(NC3CCCC3)cc(Cl)c12,6.0
O=c1[nH]c(CSC2CCNCC2)nc2cc(NC3CCCC3)ccc12,6.0
O=c1[nH]c(CSC2CCNCC2)nc2cc(NC3CCCCC3)cc(F)c12,6.0
O=c1[nH]c(CSC2CCNCC2)nc2cc(NCC3CC3(F)F)cc(F)c12,6.0
O=c1[nH]c(CSC2CCNCC2)nc2cc(NCC3CC3)cc(F)c12,6.0
O=c1[nH]c(CSC2CCNCC2)nc2cc(NCC3CCC3)cc(F)c12,6.0
Cc1ccc(NC(=O)[C@H]2CC[C@H](CN3CCN(C)CC3)CC2)cc1Nc1nccc(-c2cccnc2)n1,6.0
O=c1[nH]c(CSC2CCOCC2)nc2cc(OC[C@H]3CNC[C@H]3F)cc(F)c12,6.0
O=c1[nH]c(CSC2CCOCC2)nc2cc(SCC3CCOCC3)cc(F)c12,6.0
Cc1cccnc1CN1CCC(SCc2nc3c(C)cccc3c(=O)[nH]2)CC1,6.0
O=c1[nH]c(CSC2CCOCC2)nc2cc(OCC3CCOC3)cc(F)c12,6.0
O=c1[nH]c(CSC2CCOCC2)nc2cc(OCC3CCOCC3)c(F)c(F)c12,6.0
O=c1[nH]c(CSC2CCOCC2)nc2cc(OCC3CCOCC3)cc(Cl)c12,6.0
O=c1[nH]c(CSC2CCOCC2)nc2cc(OCC3CCOCC3)cc(F)c12,6.0
O=c1[nH]c(CSC2CCOCC2)nc2cc(OCC3CCS(=O)(=O)CC3)cc(F)c12,6.0
O=c1[nH]c(CSC2CCOCC2)nc2cc(OCC3COC3)cc(F)c12,6.0
O=c1[nH]c(CSC2CCOCC2)nc2cc(OCC3COCCO3)cc(F)c12,6.0
O=c1[nH]c(CSC2CCOCC2)nc2cc(OC[C@H]3CCCO3)cc(F)c12,6.0
O=c1[nH]c(CSC2CCOCC2)nc2cc(OC[C@H]3CCC[C@H]3O)cc(F)c12,6.0
Cc1ccc(NC(=O)[C@H]2C[C@@H]2CN2CCN(C)CC2)cc1Nc1nccc(-c2cccnc2)n1,6.0
Cc1ccc(NC(=O)NCc2cccc(Cl)c2)cc1Nc1nccc(-c2cccnc2)n1,6.0
Cc1ccc(NC(=O)Nc2cccnc2)cc1Nc1nccc(-c2cccnc2)n1,6.0
Cc1ccc(NC(=O)[C@@H]2CC[C@H](CN3CCN(C)CC3)C2)cc1Nc1nccc(-c2cccnc2)n1,6.0
Cc1ccc(NC(=O)[C@@H]2C[C@H]2CN2CCN(C)CC2)cc1Nc1nccc(-c2cccnc2)n1,6.0
Cc1ccc(NC(=O)C23CC(CN4CCN(C)CC4)(C2)C3)cc1Nc1nccc(-c2cccnc2)n1,6.0
Cc1ccc(NC(=O)CCCCCN2CCN(C)CC2)cc1Nc1nccc(-c2cccnc2)n1,6.0
Cc1ccc(NC(=O)CCCCN2CCN(C)CC2)cc1Nc1nccc(-c2cccnc2)n1,6.0
O=c1[nH]c(CSC2CCN(Cc3ccccn3)CC2)nc2cc(NC3CCCC3)cc(F)c12,6.0
Cc1ccc(F)c2c(=O)[nH]c(CSC3CCC(O)CC3)nc12,6.0
Cc1ccc(F)c2c(=O)[nH]c(CSC3CCNCC3)nc12,6.0
Cc1ccc(F)c2c(=O)[nH]c(CSC3CCOCC3)nc12,6.0
Cc1ccc(F)c2c(=O)[nH]c(CS[C@H]3CC[C@@H](O)CC3)nc12,6.0
Cc1ccc(F)c2c(=O)[nH]c(CS[C@H]3CC[C@H](O)CC3)nc12,6.0
O=c1[nH]c(CSC2CCCNCC2)nc2cc(NC3CCCC3)ccc12,6.0
O=c1[nH]c(CSC2CCN(C3COC3)CC2)nc2cc(NCC3CC3)cc(F)c12,6.0
O=c1[nH]c(CSC2CCN(C3CS(=O)(=O)C3)CC2)nc2cc(NC3CCCC3)cc(F)c12,6.0
O=c1[nH]c(CSC2CCN(CC(F)(F)F)CC2)nc2cc(NC3CCCC3)cc(F)c12,6.0
O=c1[nH]c(CSC2CCN(CC(F)(F)F)CC2)nc2cc(NC3CCCC3)ccc12,6.0
O=c1[nH]c(CSC2CCN(CC(F)F)CC2)nc2cc(NC3CCCC3)ccc12,6.0
O=c1[nH]c(CSC2CCN(CCC(F)(F)F)CC2)nc2cc(NC3CCCC3)ccc12,6.0
Cc1ccc(CCCCN2C(=O)N[C@H](Cc3c[nH]c4c(Cl)cccc34)C2=O)cc1C#Cc1cnc2cccnn12,6.0
Cc1ccc(Cl)c2c(=O)[nH]c(CSC3CCOCC3)nc12,6.0
O=c1[nH]c(CSC2CCC(F)(F)CC2)nc2cc(OCC3CCOCC3)cc(F)c12,6.0
O=c1[nH]c(CSC2CCC(O)CC2)nc2cc(NC3CCCC3)cc(F)c12,6.0
O=c1[nH]c(CSC2CCCCC2)nc2cc(NC3CCCC3)c(F)c(F)c12,6.0
O=c1[nH]c(CSC2CCCCC2)nc2cc(NC3CCCC3)cc(F)c12,6.0
O=c1[nH]c(CSC2CCS(=O)(=O)CC2)nc2cc(NC3CCCC3)cc(F)c12,6.0
O=c1[nH]c(CSC2CCS(=O)(=O)CC2)nc2cc(OCC3CCC3)cc(F)c12,6.0
O=c1[nH]c(CS[C@@H]2CCNC[C@H]2F)nc2cc(OCC3CC3)cc(F)c12,6.0
O=c1[nH]c(CS[C@H]2CCNC[C@@H](F)C2)nc2cc(NC3CCCC3)cc(F)c12,6.0
O=c1[nH]c(CS[C@H]2CCNC[C@@H]2C(F)(F)F)nc2cc(NC3CCCC3)cc(F)c12,6.0
O=c1[nH]c(CS[C@H]2CCNC[C@@H]2F)nc2cc(NC3CCCC3)cc(F)c12,6.0
O=c1[nH]c(CS[C@H]2CCNC[C@H](F)C2)nc2cc(NC3CCCC3)cc(F)c12,6.0
O=c1[nH]c(CS[C@H]2CCNC[C@H]2F)nc2cc(NC3CCCC3)cc(F)c12,6.0
O=c1[nH]c(CS[C@H]2CCNC[C@H]2F)nc2cc(NCC3CCC3)c(F)cc12,6.0
COC(=O)N1CCC(SCc2nc3cc(NC4CCCC4)ccc3c(=O)[nH]2)CC1,6.0
Cc1cn(-c2cc(C#Cc3ccc(C)c(Nc4cc(-c5cccnc5)ccn4)c3)cc(C(F)(F)F)c2)cn1,6.0
Cc1ccc(C(=O)Nc2cccc(Nc3nccc(-c4cccnc4)n3)c2)cc1,6.0
Cc1ccc(C(F)(F)F)c2c(=O)[nH]c(CSC3CCC(O)CC3)nc12,6.0
Cc1ccc(C(F)(F)F)c2c(=O)[nH]c(CSC3CCOCC3)nc12,6.0
Cc1ccc(C(F)(F)F)c2c(=O)[nH]c(CS[C@H]3CC[C@@H](O)CC3)nc12,6.0
Cc1ccc(C(F)(F)F)c2c(=O)[nH]c(CS[C@H]3CC[C@H](O)CC3)nc12,6.0
CN(C)[C@H]1CC[C@H](SCc2nc3cc(OCC4CC4)cc(F)c3c(=O)[nH]2)CC1,6.0
O=c1[nH]c(CS[C@H]2CC[C@H](O)CC2)nc2cc(NC3CCCC3(F)F)cc(F)c12,6.0
CC1(C)CC(COc2cc(F)c3c(=O)[nH]c(CS[C@H]4CC[C@H](O)CC4)nc3c2)CO1,6.0
O=c1[nH]c(CS[C@H]2CC[C@@H](CO)CC2)nc2cc(NC3CCCCC3)ccc12,6.0
O=c1[nH]c(CS[C@H]2CC[C@@H](CO)CC2)nc2cc(Nc3ccccc3)ccc12,6.0
Cc1cn(-c2cc(NC(=O)c3ccc(C)c(Nc4cc(-c5ccc(F)nc5)ccn4)c3)cc(C(F)(F)F)c2)cn1,6.0
Cc1cn(-c2cc(NC(=O)c3ccc(C)c(Nc4cc(-c5cnc6ccccc6c5)ccn4)c3)cc(C(F)(F)F)c2)cn1,6.0
Cc1cn(-c2cc(NC(=O)c3ccc(C)c(C#Cc4cnc(N5CCCC5)nc4)c3)cc(C(F)(F)F)c2)cn1,6.0
O=c1[nH]c(CSC2CCS(=O)(=O)CC2)nc2cc(NC3CCCC3)c(F)c(F)c12,6.0
CCCc1c(C#Cc2cnc3cnccn23)cccc1C(=O)Nc1cc(CN2CCN(C)CC2)cc(C(F)(F)F)c1,6.0
Cc1ccc(C(=O)Nc2ccc(CN3CCN(C)CC3)c(C(F)(F)F)c2)cc1C#Cc1cnc[nH]1,6.0
C[C@@H](Sc1cc(-c2cnn(C3CCNCC3)c2)cnc1N)c1c(Cl)ccc(F)c1Cl,6.0
Cc1n[nH]c2ccc(-c3cc(N[C@@H](CO)c4ccccc4)cnc3Cl)cc12,6.0
O=c1[nH]c(CS[C@H]2CC[C@@H](O)CC2)nc2cc(NC3CCCC3)ccc12,6.0
O=c1[nH]c(CS[C@H]2CC[C@@H](O)CC2)nc2cc(Nc3cccnc3)ccc12,6.0
O=c1[nH]c(CS[C@H]2CC[C@@H](O)CC2)nc2cc(OCC3CCOCC3)cc(F)c12,6.0
O=c1[nH]c(CS[C@H]2CC[C@@H](OC(F)(F)F)CC2)nc2cc(OCC3CCOCC3)cc(F)c12,6.0
O=c1[nH]c(CS[C@H]2CC[C@H](C(=O)O)CC2)nc2cc(NC3CCCC3)cc(F)c12,6.0
O=c1[nH]c(CS[C@H]2CC[C@H](CO)CC2)nc2cc(NC3CCCC3)ccc12,6.0
O=c1[nH]c(CS[C@H]2CC[C@H](CO)CC2)nc2cc(NC3CCCCC3)ccc12,6.0
O=c1[nH]c(CS[C@H]2CC[C@H](CO)CC2)nc2cc(Nc3cccnc3)ccc12,6.0
O=c1[nH]c(CS[C@H]2CC[C@H](O)CC2)nc2cc(NC3CCC3)ccc12,6.0
C[C@@H]1CCN(C(=O)CC#N)C[C@@H]1n1ccc2cnc3[nH]cc(C#N)c3c21,6.0
C[C@@H]1CCN(C(=O)CC#N)C[C@@H]1n1ccc2cnc3[nH]ccc3c21,6.0
O=c1[nH]c(CSC2CCOCC2)nc2cc(N[C@H]3CC[C@@H](N4CCOCC4)CC3)cc(F)c12,6.0
Cc1ccc(C(=O)Nc2cc(F)cc(-c3cnn(C)c3)c2)cc1Nc1cc(-c2cccnc2)ccn1,6.0
CN(C)Cc1c(F)cccc1-c1ccc2nc(NC(=O)[C@@H]3C[C@@H]3F)cn2c1,6.0
O=c1[nH]c(CS[C@H]2CC[C@H](O)CC2)nc2cc(NC3CCCC3)c(F)c(F)c12,6.0
O=c1[nH]c(CS[C@H]2CC[C@H](O)CC2)nc2cc(NC3CCCC3)c(F)cc12,6.0
O=C(C1CC1)N1CCC(COc2cc(F)c3c(=O)[nH]c(CSC4CCOCC4)nc3c2)CC1,6.0
CC(NC(=O)c1ccc(C2CC2)c(-c2ccc3nc(Nc4cnn(C5CC5)c4)ncc3c2)c1)c1cccc(C(F)(F)F)c1,6.0
CC(NC(=O)c1ccc2[nH]nc(-c3ccncc3)c2c1)c1cccc(Cl)c1,6.0
CC(NC(=O)c1cccc(C(F)(F)F)c1)c1ccc(C2CC2)c(-c2ccc3nc(Nc4cnn(C5CC5)c4)ncc3c2)c1,6.0
CC1(C)CC(SCc2nc3cc(OCC4CCC4)cc(F)c3c(=O)[nH]2)CCO1,6.0
CC(Oc1cc(F)c2c(=O)[nH]c(CSC3CCOCC3)nc2c1)C1CCCC1,6.0
O=c1[nH]c(CS[C@H]2CC[C@H](O)CC2)nc2cc(Nc3ccccc3)ccc12,6.0
O=c1[nH]c(CS[C@H]2CC[C@H](O)CC2)nc2cc(Nc3cccnc3)ccc12,6.0
O=c1[nH]c(CS[C@H]2CC[C@H](O)CC2)nc2cc(OCC3CCCC3)cc(F)c12,6.0
O=c1[nH]c(CS[C@H]2CC[C@H](O)CC2)nc2cc(OCC3CCCOC3)cc(F)c12,6.0
O=c1[nH]c(CS[C@H]2CC[C@H](O)CC2)nc2cc(OCC3CCOC3)cc(F)c12,6.0
Cc1nc(NC(=O)c2ccc(C)c(C#Cc3cnc4cccnn34)c2)cc(N2CCN(CCO)CC2)n1,6.0
CC(F)(F)CN1CCC(SCc2nc3cc(NC4CCCC4)ccc3c(=O)[nH]2)CC1,6.0
Cc1ccc(C(=O)Nc2cc(-c3c(C)noc3C)cc(C(F)(F)F)c2)cc1Nc1cc(-c2cccnc2)ccn1,6.0
Cc1ccc(C(=O)Nc2cc(-c3c(C)noc3C)cc(C(F)(F)F)c2)cc1Nc1cccc(-c2cccnc2)c1,6.0
Cc1ccc(C(=O)Nc2cc(-c3cnn(C)c3)cc(C(F)(F)F)c2)cc1Nc1cc(-c2cnc3ccccc3c2)ccn1,6.0
Cc1ccc(C(=O)Nc2cc(-c3cnn(C)c3)cc(C(F)(F)F)c2)cc1Nc1cccc(-c2cccnc2)c1,6.0
Nc1ncnc2c1c(-c1ccccc1)cn2-c1ccc(CNCCO)cc1,6.0
Cc1ccc(C#Cc2cc(-c3cnn(C)c3)cc(C(F)(F)F)c2)cc1Nc1cc(-c2cccnc2)ccn1,6.0
Cc1ccc(C#Cc2cnc3cnccn23)cc1C(=O)Nc1cc(CN2CCN(C)CC2)cc(C(F)(F)F)c1,6.0
Cc1ccc(-n2nc(C(C)(C)C)cc2NC(=O)Nc2ccc(-c3ccc(CN4CCOCC4)nc3)c3ccccc23)cc1,6.0
Cc1ccc(-c2nn(CCN3CCC(CCN(C)C)CC3)c3ncnc(N)c23)cc1,6.0
Cc1ccc(-c2nn(CCN3CCC(CN(C)C)CC3)c3ncnc(N)c23)cc1,6.0
Cc1ccc(-c2nn(CCN3CCC(N(C)C)CC3)c3ncnc(N)c23)cc1,6.0
Cc1ccc(-c2nn(CCN3CCN(C)CC3)c3ncnc(N)c23)cc1,6.0
Cc1ccc(-c2nn(CCN3CCN(CCN(C)C)CC3)c3ncnc(N)c23)cc1,6.0
CO[C@H]1CC[C@@H](Nc2cc3nc(CS[C@H]4CC[C@H](O)CC4)[nH]c(=O)c3c(F)c2F)CC1,6.0
CO[C@H]1CC[C@@H](SCc2nc3cc(OCC4CCOCC4)cc(F)c3c(=O)[nH]2)CC1,6.0
O=c1[nH]c(CS[C@H]2CC[C@H](O)CC2)nc2cc(NC3CCCC3)cc(C(F)(F)F)c12,6.0
O=c1[nH]c(CS[C@H]2CC[C@H](O)CC2)nc2cc(NC3CCCC3)ccc12,6.0
O=c1[nH]c(CS[C@H]2CC[C@H](O)CC2)nc2cc(NC3CCCCC3)cc(F)c12,6.0
O=c1[nH]c(CS[C@H]2CC[C@H](O)CC2)nc2cc(NC3CCN(CCC(F)(F)F)CC3)c(F)c(F)c12,6.0
O=c1[nH]c(CS[C@H]2CC[C@H](O)CC2)nc2cc(NCC3CC3)ccc12,6.0
O=c1[nH]c(CS[C@H]2CC[C@H](O)CC2)nc2cc(N[C@@H]3CCCOC3)c(F)c(F)c12,6.0
O=c1[nH]c(CS[C@H]2CC[C@H](O)CC2)nc2cc(N[C@@H]3CCC[C@@H]3F)cc(F)c12,6.0
O=c1[nH]c(CS[C@H]2CC[C@H](O)CC2)nc2cc(N[C@H]3CCC[C@@H]3F)cc(F)c12,6.0
COc1ccc(CN2CCC(SCc3nc4c(C)cccc4c(=O)[nH]3)CC2)nc1,6.0
CO[C@H]1CC[C@H](Nc2cc3nc(CS[C@H]4CC[C@H](O)CC4)[nH]c(=O)c3c(F)c2F)CC1,6.0
CO[C@H]1CC[C@H](SCc2nc3cc(OCC4CCOCC4)cc(F)c3c(=O)[nH]2)CC1,6.0
CO[C@H]1C[C@@H](Nc2cc3nc(CSC4CCOCC4)[nH]c(=O)c3c(F)c2F)C1,6.0
CO[C@H]1C[C@@H](Nc2cc3nc(CS[C@H]4CC[C@H](NC(C)=O)CC4)[nH]c(=O)c3c(F)c2F)C1,6.0
CC(C)S(=O)(=O)c1ccccc1Nc1nc(Nc2cccc(NC(=O)CN)c2)ncc1Cl,6.0
CN(C)C(=O)N1CCC(SCc2nc3cc(NC4CCCC4)cc(F)c3c(=O)[nH]2)CC1,6.0
COc1cc(Nc2nc(NCc3cccc(NC(=O)CCl)c3)n3ccnc3c2C(N)=O)cc(OC)c1,6.0
CC(C)NCc1c(F)cccc1-c1ccc2nc(NC(=O)[C@@H]3C[C@@H]3F)cn2c1,6.0
CC(C)Nc1ccc2c(=O)[nH]c(CSC3CCOCC3)nc2c1,6.0
CC(C)OC(=O)C(C)(C)Oc1ccc(C(=O)c2ccc(Cl)cc2)cc1,6.0
CC(C)c1c(C#Cc2cnc3cnccn23)cccc1C(=O)Nc1cc(CN2CCN(C)CC2)cc(C(F)(F)F)c1,6.0
O=c1[nH]c(CS[C@H]2CC[C@H](O)CC2)nc2cc(OCC3CCOCC3)cc(F)c12,6.0
O=c1[nH]c(CS[C@H]2CC[C@H](O)CC2)nc2cc(OC[C@@H]3CCOC3)cc(F)c12,6.0
O=c1[nH]c(CS[C@H]2CC[C@H](OC(F)(F)F)CC2)nc2cc(OCC3CCOCC3)cc(F)c12,6.0
CN(C)C1CCN(CCn2nc(-c3ccc(CC(=O)O)cc3)c3c(N)ncnc32)CC1,6.0
CN(C)C1CCN(CCn2nc(-c3ccc(CC(=O)OC(C)(C)C)cc3)c3c(N)ncnc32)CC1,6.0
CN(C)C1CCN(CCn2nc(-c3ccc(NC(=O)OC(C)(C)C)cc3)c3c(N)ncnc32)CC1,6.0
Cc1cc(OCC2CCC2)cc2nc(CSC3CCOCC3)[nH]c(=O)c12,6.0
Cc1cc(OCC2CCOCC2)cc2nc(CSC3CCOCC3)[nH]c(=O)c12,6.0
CCn1c(SCC(=O)Nc2ccc(C(=O)O)cc2)nnc1-c1cc2cccc(OC)c2o1,6.0
CO[C@H]1C[C@@H](Nc2cc3nc(CS[C@H]4CC[C@H](O)CC4)[nH]c(=O)c3c(F)c2F)C1,6.0
CO[C@H]1C[C@@H](Nc2cc3nc(CS[C@H]4CC[C@](C)(O)CC4)[nH]c(=O)c3c(F)c2F)C1,6.0
CO[C@H]1C[C@H](Nc2cc3nc(CSC4CCOCC4)[nH]c(=O)c3c(F)c2F)C1,6.0
COc1c(C#Cc2cnc3cnccn23)cccc1C(=O)Nc1cc(CN2CCN(C)CC2)cc(C(F)(F)F)c1,6.0
CC(C)(O)C(=O)N1CCC(SCc2nc3cc(NC4CCCC4)cc(F)c3c(=O)[nH]2)CC1,6.0
C[C@]1(O)CC[C@H](SCc2nc3cc(OCC4CCOC4)cc(F)c3c(=O)[nH]2)CC1,6.0
COc1cc(-c2nn(CCN3CCC(N(C)C)CC3)c3ncnc(N)c23)ccc1Cc1ncc(C)o1,6.0
COc1cc(-c2nn(CCN3CCC(N(C)C)CC3)c3ncnc(N)c23)ccc1NC(=O)CC(C)(C)C,6.0
CC(C)(C)n1nc(-c2ccc3ccccc3c2)c2c(N)ncnc21,6.0
CC(C)(COc1cc(F)c2c(=O)[nH]c(CSC3CCOCC3)nc2c1)C(F)(F)F,6.0
Cc1cc(Nc2ccc3c(=O)[nH]c(CSC4CCOCC4)nc3c2)on1,6.0
C[C@@H]1C[C@H]2CN1CCn1[nH]c3c(cccc3c1=O)-c1nc3c(cccc3[nH]c1=O)O2,6.0
COc1cc(C2CN(C(=O)c3cc(COC[C@@H](O)CO)ccn3)C2)ccc1OCc1ccc(C2CC2)cc1,6.0
O=c1ncn2nc(Sc3ccc(F)cc3F)ccc2c1-c1c(Cl)cccc1Cl,6.0
Cn1cc(-c2cc(S(C)(=O)=O)ccc2Oc2ccc(F)cc2F)c2cc[nH]c(=O)c21,6.0
Cn1cc(-c2cnc(Nc3cccc(Cn4nc(-c5cnn(C)c5)ccc4=O)c3)nc2)cn1,6.0
CC(C)(C)CNc1cc2nc(CSC3CCOCC3)[nH]c(=O)c2c(F)c1F,6.0
CC(C)(C)COc1cc(F)c2c(=O)[nH]c(CSC3CCOCC3)nc2c1,6.0
COc1cc(-c2nn(CCN3CCC(N(C)C)CC3)c3ncnc(N)c23)ccc1NC(=O)NC(C)(C)C,6.0
COc1cc(-c2nn(CCN3CCC(N(C)C)CC3)c3ncnc(N)c23)ccc1NCc1ccccc1,6.0
Cc1cc(NC2CCCC2)cc2nc(CSC3CCNCC3)[nH]c(=O)c12,6.0
Cc1cc(NCC2CC2(F)F)cc2nc(CSC3CCNCC3)[nH]c(=O)c12,6.0
Cc1cc(Cl)cc2c(=O)[nH]c(CSC3CCOCC3)nc12,6.0
C[C@]1(O)CC[C@H](SCc2nc3cc(OCC4CCOCC4)cc(F)c3c(=O)[nH]2)CC1,6.0
O=C(Cc1cccc(OCCCN2CCNCC2)c1)Nc1nc(-c2ccncc2)cs1,6.0
CC(=O)Nc1ccc(CN2CCC(SCc3nc4c(C)cccc4c(=O)[nH]3)CC2)cc1,6.0
N#CCN1CCC(SCc2nc3cc(NC4CCCC4)cc(F)c3c(=O)[nH]2)CC1,6.0
N#CCNC(=O)c1ccc(-c2ccnc(Nc3ccc(N4CCOCC4)cc3)n2)cc1,6.0
N#C[C@H]1CC[C@@H](Nc2cc3nc(CSC4CCOCC4)[nH]c(=O)c3c(F)c2F)CC1,6.0
N#C[C@H]1CC[C@H](Nc2cc3nc(CSC4CCOCC4)[nH]c(=O)c3c(F)c2F)CC1,6.0
N#CCC(=O)Nc1nc(-c2ccc(Cl)c(Cl)c2)ns1,6.0
CC(=O)N[C@H]1CC[C@@H](SCc2nc3cc(OCC4CC4)cc(F)c3c(=O)[nH]2)CC1,6.0
CC(=O)N[C@H]1CC[C@H](SCc2nc3cc(NC4CCC4)c(F)c(F)c3c(=O)[nH]2)CC1,6.0
CC(=O)N[C@H]1CC[C@H](SCc2nc3cc(OCC4CC4)cc(F)c3c(=O)[nH]2)CC1,6.0
CC(=O)N[C@H]1CC[C@H](SCc2nc3cc(OCC4CCOC4)cc(F)c3c(=O)[nH]2)CC1,6.0
CC(=O)N[C@H]1CC[C@H](SCc2nc3cc(OCC4CCOCC4)cc(F)c3c(=O)[nH]2)CC1,6.0
N#Cc1ccc(N2CC[C@@H](Nc3c(C(N)=O)cnc4[nH]ccc34)[C@@H](F)C2)nc1,6.0
N#Cc1cc(OCC2CCOC2)cc2nc(CSC3CCOCC3)[nH]c(=O)c12,6.0
NC(=O)CN1CCC(SCc2nc3cc(NC4CCCC4)cc(F)c3c(=O)[nH]2)CC1,6.0
NC(=O)[C@H]1CC[C@H](SCc2nc3cc(NC4CCCC4)cc(F)c3c(=O)[nH]2)CC1,6.0
C[C@]1(O)C[C@@H](COc2cc(F)c3c(=O)[nH]c(CSC4CCOCC4)nc3c2)C1,6.0
Cc1cc(-c2n[nH]c3ccc(C(=O)NC(C)c4c(Cl)cncc4Cl)cc23)ccn1,6.0
C[C@]1(O)C[C@H](COc2cc(F)c3c(=O)[nH]c(CSC4CCOCC4)nc3c2)C1,6.0
CCO[C@H]1C[C@@H](Nc2cc3nc(CSC4CCOCC4)[nH]c(=O)c3c(F)c2F)C1,6.0
CCc1ccc(C(C)NC(=O)c2cccc(C(F)(F)F)c2)cc1-c1ccc2nc(Nc3cnn(C)c3)ncc2c1,6.0
CC(=O)N1CC[C@@H](Nc2cc3nc(CS[C@H]4CC[C@H](O)CC4)[nH]c(=O)c3c(F)c2F)C1,6.0
CC(=O)N1CCC(COc2cc(F)c3c(=O)[nH]c(CSC4CCOCC4)nc3c2)C1,6.0
CC(=O)N1CCC(COc2cc(F)c3c(=O)[nH]c(CS[C@H]4CC[C@@H](O)CC4)nc3c2)CC1,6.0
CC(=O)N1CCC(COc2cc(F)c3c(=O)[nH]c(CS[C@H]4CC[C@@](C)(O)CC4)nc3c2)CC1,6.0
CC(=O)NC1(C)CCC(SCc2nc3cc(OCC4CC4)cc(F)c3c(=O)[nH]2)CC1,6.0
CCc1cc2c(cc1N1CCN(CC3(O)CCOCC3)CC1)C(C)(C)c1[nH]c3cc(C#N)ccc3c1C2=O,6.0
O=c1[nH]c(CSC2CCOCC2)nc2cc(N[C@H]3C[C@@H](OC(F)(F)F)C3)c(F)c(F)c12,6.0
CC1(SCc2nc3cc(OCC4CCOCC4)cc(F)c3c(=O)[nH]2)CCOCC1,6.0
CC1(C)c2cc(C3CCN(CC4CCOCC4)CC3)ccc2C(=O)c2c1[nH]c1cc(C#N)ccc21,6.0
O=c1[nH]c(CSC2CCOCC2)nc2cc(NCCC3CCCC3)ccc12,6.0
O=c1[nH]c(CSC2CCOCC2)nc2cc(NCCN3CCOCC3)cc(F)c12,6.0
O=c1[nH]c(CSC2CCOCC2)nc2cc(NCc3ccccc3)ccc12,6.0
O=c1[nH]c(CSC2CCOCC2)nc2cc(Nc3ccon3)ccc12,6.0
O=c1[nH]c(CSC2CCOCC2)nc2cc(OC3CCCC3)ccc12,6.0
Cc1cccc(CN2CCC(SCc3nc4c(C)cccc4c(=O)[nH]3)CC2)n1,6.0
O=c1[nH]c(CSC2CCOCC2)nc2cc(NCc3cccnc3)ccc12,6.0
O=c1[nH]c(CSC2CCOCC2)nc2cc(N[C@@H]3CCCOC3)c(F)c(F)c12,6.0
CC(=O)N1CCCC(COc2cc(F)c3c(=O)[nH]c(CSC4CCOCC4)nc3c2)C1,6.0
COc1ccc(-c2cc(NC(=O)c3ccc(C)c(Nc4cc(-c5ccc(OC)nc5)ccn4)c3)cc(C(F)(F)F)c2)cc1,6.0
CC(=O)N1CCC(CNc2cc3nc(CSC4CCOCC4)[nH]c(=O)c3c(F)c2F)CC1,6.0
CC(=O)N1CCC(CNc2cc3nc(CS[C@H]4CC[C@H](O)CC4)[nH]c(=O)c3c(F)c2F)CC1,6.0
NC[C@@]1(F)CC[C@@H](SCc2nc3cc(NC4CCCC4)cc(F)c3c(=O)[nH]2)CO1,6.0
NC[C@@]1(F)CC[C@H](SCc2nc3cc(NC4CCCC4)cc(F)c3c(=O)[nH]2)CO1,6.0
CC(=O)N1CCC(COc2cc(F)c3c(=O)[nH]c(CS[C@H]4CC[C@H](O)CC4)nc3c2)CC1,6.0
CC(=O)N1CCC(COc2cc(F)c3c(=O)[nH]c(CS[C@H]4CC[C@](C)(O)CC4)nc3c2)CC1,6.0
NCc1c(F)cccc1-c1ccc2nc(NC(=O)[C@@H]3C[C@@H]3F)cn2c1,6.0
Cc1c(F)ccc2c(=O)[nH]c(CSC3CCOCC3)nc12,6.0
O=C(CO)N1CCC(SCc2nc3cc(NC4CCCC4)cc(F)c3c(=O)[nH]2)CC1,6.0
O=C(CO)N1CCC(SCc2nc3cc(OCC4CCC4)cc(F)c3c(=O)[nH]2)CC1,6.0
C=CC(=O)Nc1ccc(-n2nc3c(=O)[nH]nc(N)c3c2-c2oc3ccc(C)cc3c2C)cc1,6.0
C=CC(=O)N1CC[C@H](n2cc(-c3cc4cc(C)cc(OC)c4s3)c3c(N)ncnc32)C1,6.0
CNc1nccc(-c2cc(C(N)=O)c(-c3cc(Cl)ccc3C)[nH]2)n1,5.995678626217357
O=C(O)Cn1ccc2c(OCCCOc3ccc(C(=O)c4ccc(F)cc4)cc3)cccc21,5.993106292052099
NC(=O)c1cccc(NC(=O)/C=C\C(=O)N2CCCC(Oc3ccccc3)C2)c1,5.991399828238082
Cc1c(C(=O)NCCN2CCOCC2)oc2ccc(Br)cc12,5.989276134608227
O=C(NN=CC1=CC(=O)C(=O)CC1)NN=CC1=CC(=O)C(=O)CC1,5.988429556402721
COc1cccc(-c2cn(C3CCN(CCO)CC3)c3ncnc(N)c23)c1,5.987162775294828
CCCc1cc2c(C(F)(F)F)noc2c(CCC)c1OC(C)C(=O)O,5.987162775294828
Cc1nc(-c2ccc(C(F)(F)F)cc2)sc1COc1cc(Cl)c2c(CC(=O)O)csc2c1,5.982966660701219
CNc1ccc(-c2ccccc2O)nn1,5.982966660701219
COc1ccc(S(=O)(=O)N2CCC3(CC2)OCCc2ccsc23)cc1,5.982966660701219
O=C(COc1cc(O)c2c(=O)cc(-c3ccccc3)oc2c1)Nc1cccc(Br)c1,5.982966660701219
CCCc1cc(C(=O)c2ccc(F)cc2)ccc1OCCCOc1ccc2ccn(CC(=O)O)c2c1,5.980053318321158
COc1cc(N2CCC(N3CCN(C)CC3)CC2)ccc1Nc1ncc(Cl)c(Nc2ccccc2S(=O)(=O)C(C)C)n1,5.979638717352293
CS(=O)(=O)Nc1ccc(-c2ccc3c(c2)C(=O)Nc2cc(OC(F)(F)F)ccc2N3)cc1,5.979224511806442
O=C(Nc1ccc(Cl)c(Cl)c1)N1CCc2ccc(-c3ccncc3)cc2C1,5.978810700930062
O=S(=O)(c1ccc(-c2cc(Nc3ccc(OC(F)(F)F)cc3)ncn2)cc1)N1CCCCC1,5.97469413473523
O=C(CCn1ccc2c(Nc3ccc(OC(F)(F)F)cc3)ncnc21)NCCN1CCOCC1,5.97469413473523
Cc1oc(-c2ccccc2)nc1CCOc1cccc(CC[C@@H]2CN(C(=O)Oc3ccccc3)C[C@@H]2C(=O)O)c1,5.97469413473523
Cc1ccc(C(=O)Nc2cccc(F)c2)cc1Nc1nccc(-c2cccnc2)n1,5.971022294791222
NC(=O)c1cccc(NC(=O)/C=C\C(=O)N2CCCCC2c2ccccc2)c1,5.969805214643249
Cc1ccc(C(F)(F)F)cc1COc1ccc2cc(-c3nn(C(C)C)c4ncnc(N)c34)ccc2c1,5.969400278034049
Cc1c(C(=O)c2ccc(Cl)cc2)c2ccc(OC(F)(F)F)cc2n1Cc1cccc(OC2(C(=O)O)CCC2)c1,5.96617430604669
COc1cc(-c2cnc3cc(OCCN4CCOCC4)ccn23)cc2c1C(=O)N(CC(F)(F)F)CC2,5.960585880823863
O=C(NC1C[C@H]2CC[C@H](C1)N2Cc1ccc2cc(F)ccc2c1)c1cc[n+]([O-])cc1C(=O)N1CCCCC1,5.958607314841775
CCCCCCCCCCCOc1cccc(CCC(=O)NC[C@@H](O)COP(=O)(O)OCC(C)(C)C(=O)O)c1,5.958607314841775
Cc1cccc(/C=N/NC(=O)c2cc3ccccc3oc2=O)c1,5.958607314841775
Cc1ccc(-c2cccc3c2[nH]c2ccccc23)c(NS(C)(=O)=O)c1,5.958607314841775
O=C(CO[N-][CH+]c1cccc([N+](=O)[O-])c1)Nc1nc2ccccc2s1,5.958607314841775
O=C(N/N=C/c1ccc(F)cc1)c1cc2ccccc2oc1=O,5.958607314841775
O=C(N/N=C/c1cccc(O)c1O)c1cc2ccccc2oc1=O,5.958607314841775
O=C(N/N=C/c1ccc([N+](=O)[O-])cc1)c1cc2ccccc2oc1=O,5.958607314841775
O=C(N/N=C/c1cccc(F)c1)c1cc2ccccc2oc1=O,5.958607314841775
O=C(N/N=C/c1ccncc1)c1cc2ccccc2oc1=O,5.958607314841775
O=C(N/N=C/c1ccccc1[N+](=O)[O-])c1cc2ccccc2oc1=O,5.958607314841775
O=C(N/N=C/c1ccccc1O)c1cc2ccccc2oc1=O,5.958607314841775
CC(C)NCc1ccc(Nc2cc(-c3ccc(-c4ccc(O)cc4O)cc3)n[nH]2)cc1,5.958607314841775
CSc1cccc(C(=O)Nc2ccc(C)c(Nc3nccc(-c4cccnc4)n3)c2)c1,5.958607314841775
COc1ccc(/C=N/NC(=O)c2cc3ccccc3oc2=O)c(O)c1,5.958607314841775
COc1ccc(/C=N/NC(=O)c2cc3ccccc3oc2=O)cc1,5.958607314841775
Cc1ccc(/C=N/NC(=O)c2cc3ccccc3oc2=O)cc1,5.958607314841775
C[C@H]1[C@H](C)CC[C@]2(C(=O)O)CC[C@]3(C)C(=CC[C@@H]4[C@@]5(C)C[C@H](O)[C@@H](O)C(C)(C)[C@@H]5CC[C@]43C)[C@H]12,5.958607314841775
COc1ccc(O)c(/C=N/NC(=O)c2cc3ccccc3oc2=O)c1,5.958607314841775
O=C(N/N=C/c1ccccn1)c1cc2ccccc2oc1=O,5.958607314841775
CC(=O)Nc1ccccc1-c1cccc2c3c([nH]c12)CCCC3,5.958607314841775
O=C(N/N=C/c1ccc(O)cc1O)c1cc2ccccc2oc1=O,5.958607314841775
O=C(N/N=C/c1ccccc1F)c1cc2ccccc2oc1=O,5.958607314841775
O=C(Nc1ccncc1)Nc1ccnc(Cl)c1,5.958607314841775
Cc1ccccc1/C=N/NC(=O)c1cc2ccccc2oc1=O,5.958607314841775
NC(=O)c1cc(-c2ccnc(N)n2)[nH]c1-c1cc(OC(F)(F)F)ccc1Cl,5.958607314841775
O=C(N/N=C/c1ccccc1)c1cc2ccccc2oc1=O,5.958607314841775
O=C(Nc1ccccc1-c1cccc2c1[nH]c1ccccc12)C(F)(F)F,5.958607314841775
Cc1ccc(NC(=O)c2ccc(C)c(Nc3nccc(-c4cccnc4)n3)c2)cc1,5.95663772197887
C[C@H](/C=C\C(F)(F)F)Oc1cc(-c2cc(-c3cc(CN(C)C)cs3)cnc2N)ccc1C(N)=O,5.954677021213342
COc1ccc(C(=O)Nc2ccc(OCCN3CCCCC3)cc2)cc1Nc1nccc(-c2cccnc2)n1,5.954594872933028
COc1cc(N2CCN(C)CC2)ccc1Nc1ncc(Cl)c(Oc2cccc(NC(=O)CO)c2)n1,5.950781977329818
Cc1oc(-c2ccccc2)nc1CCOc1cccc(C[C@H]2CN(c3nccc(C(F)(F)F)n3)C[C@H]2C(=O)O)c1,5.950781977329818
CCc1cc(C(F)(F)F)ccc1C(=O)NCc1cccc(Oc2ccc(OC(C)(C)C(=O)O)c(C)c2)c1,5.948076083953893
Cc1nccn1CCCCCCCCOc1ccc2ccc(=O)oc2c1,5.94692155651658
CO[C@H]1O[C@H](Cn2cc(COC(=O)[C@]34CCC(C)(C)C[C@H]3C3=CC[C@@H]5[C@@]6(C)CC[C@H](O)C(C)(C)[C@@H]6CC[C@@]5(C)[C@]3(C)CC4)nn2)[C@@H](O)[C@H](O)[C@H]1O,5.943095148663527
CC(C)COc1ccc2cc(-c3nn(C(C)C)c4ncnc(N)c34)ccc2c1,5.938170692705301
CO[C@@H](Cc1ccc(C#CCCOc2ccc(Oc3ccccc3)cc2)cc1)C(=O)O,5.93800122662597
CC(C)(C)c1ccc(C(=O)N2CCN(C(=O)c3ccc(-c4ccccn4)cc3)CC2)cc1,5.937042165915489
Cc1c(F)cncc1-c1cnc2nc(NC(=O)C3CC3)sc2c1,5.937042165915489
O=C1Nc2cc(OC(F)(F)F)ccc2Oc2ccc(-c3ccc4[nH]ncc4c3)cc21,5.929223537156565
O=C1Nc2cc(OC(F)(F)F)ccc2Oc2ccc(-c3cccc(-c4ccn[nH]4)c3)cc21,5.929223537156565
O=C1Nc2cc(OC(F)(F)F)ccc2Oc2ccc(-c3cnc4ccnn4c3)cc21,5.929223537156565
CCN(CC)CCCC(C)NC(=O)c1cc2c(Nc3ccc(OC(F)(F)F)cc3)ncnc2n1C,5.928117992693874
Nc1ccc(Nc2[nH]nc3ncnc(Nc4cccc(Cl)c4)c23)cc1,5.928117992693874
Cc1ccc(S(=O)(=O)Nc2ccc(-c3cc(Nc4ccc(OC(F)(F)F)cc4)ncn3)cc2)cc1,5.924453038607469
C[C@H]1[C@H](C)CC[C@]2(C(=O)O)CC[C@]3(C)C(=CC[C@@H]4[C@@]5(C)C[C@@H](O)CC(C)(C)[C@@H]5CC[C@]43C)[C@H]12,5.920818753952375
C=CCN(C)CCCCCCOC1CCN(C(=O)c2ccc(F)cc2)CC1,5.920818753952375
N#Cc1ccc(F)c(CS(=O)(=O)Nc2ccccc2-c2cccc3c2[nH]c2ccccc23)c1,5.920818753952375
CN1CC[C@H](c2c(O)cc(O)c3c(=O)cc(-c4ccccc4Cl)oc23)[C@H](O)C1,5.920818753952375
O=C(O)COc1ccc(SCc2ccc(OCc3ccc(C(F)(F)F)cc3)cc2)c2c1CCC2,5.920818753952375
CCCNC(=O)c1ccc(Nc2nc(NCC(F)(F)F)c3cc[nH]c3n2)cc1,5.920818753952375
O=C1Nc2cc(Cl)ccc2/C1=C/c1ccc(-c2nnc(-c3cc(O)cc(O)c3)o2)cc1,5.920818753952375
CCS(=O)(=O)Nc1ccccc1-c1cccc2c1[nH]c1ccccc12,5.920818753952375
Cc1ccc2c(c1)sc1nncn12,5.920818753952375
CC[C@H](C)[C@H](NC(=O)[C@H](CCC(=O)O)NC(=O)[C@H](CCC(=O)O)NC(=O)[C@H](Cc1ccc(C(F)(F)P(=O)(O)O)cc1)NC(C)=O)C(=O)N[C@@H](CCC(=O)O)C(=O)O,5.920818753952375
O=[N+]([O-])c1cccc(Nc2nccc(-c3ccccn3)n2)c1,5.920410177937011
CCOC(Cn1nc(-c2cnc3[nH]ccc3c2)c2c(N)ncnc21)OCC,5.918292729902651
[C]C([C])=[C][C][C]/C([C])=[C]/[C]c1c([O])cc(/[C]=[C]/c2cccc(C(F)(F)F)c2)cc1[O],5.917214629683549
[C]C([C])=[C][C][C]/C([C])=[C]/[C]c1c([O])cc(/[C]=[C]/c2ccc([O])cc2)cc1[O],5.917214629683549
Cc1oc(-c2ccccc2)nc1CCOc1ccc(C[C@H](Nc2ccccc2C(=O)c2ccccc2)C(=O)O)cc1,5.914709421769935
O=C(Nc1ccc(F)cc1)N1CCOc2ccc(-c3ccncc3)cc2C1,5.913640169325252
Cc1cc(Oc2cccc(CNC(=O)c3ccc(C(F)(F)F)cc3Cl)c2)ccc1OC(C)(C)C(=O)O,5.910094888560602
CC(Oc1ccc2cc(-c3nn(C(C)C)c4ncnc(N)c34)ccc2c1)c1ccccc1,5.910094888560602
Cc1nc(-c2cc(Nc3ccc(OC(F)(F)F)cc3)ncn2)cs1,5.910094888560602
Cc1cc(Nc2ncc(C)c(N3CCN(CC#N)C(C)C3)n2)sn1,5.905528871358355
Cc1cc(Nc2ncc(Cl)c(Nc3ccccc3S(=O)(=O)C(C)C)n2)c(OC(C)C)cc1C1CCNCC1,5.903089986991944
Cc1oc(-c2ccccc2)nc1CCOc1ccc(CC2CN(C(=O)OCC(C)C)CCC2C(=O)O)cc1,5.903089986991944
C[C@H]1[C@H](C)CC[C@]2(C(=O)OCc3ccccc3)CC[C@]3(C)C(=CC[C@@H]4[C@@]5(C)C[C@H](O)[C@@H](O)C(C)(C)[C@@H]5CC[C@]43C)[C@H]12,5.903089986991944
COc1cccc2c1ccn2S(=O)(=O)c1cccc(C(=O)Nc2ccc(C)cc2C(=O)O)c1,5.899998417198648
Cc1ccc(NC(=O)c2cccc(S(=O)(=O)n3ccc4c(Br)cccc43)c2)c(C(=O)O)c1,5.899998417198648
CC(=O)N[C@@H](C)C(=O)NC1=NN(c2ccc(Cl)c(Cl)c2)CC1,5.899974269892137
Fc1cc(Cn2ncc3c(Nc4ccc(OC(F)(F)F)cc4)ncnc32)ccc1C(F)(F)F,5.899629454882437
CC(C)n1nc(-c2ccc3cc(OCc4cc(F)cc(Cl)c4)ccc3c2)c2c(N)ncnc21,5.897223385116559
O=C1Nc2cc(OC(F)(F)F)ccc2Oc2ccc(-c3cccc(OCCO)n3)cc21,5.892790030352131
CCCCn1c(-c2ccc(F)cc2C)cn2c3c(=O)[nH]c(=O)n(C)c3nc12,5.892111974817201
NC(=O)c1ccc(Oc2cccc(C(=O)N3CCC(O)(c4ccc(F)cc4)CC3)c2)cc1,5.890084136976206
N#Cc1ccc(C(=O)Nc2cccc(Nc3nccc(-c4cccnc4)n3)c2)cc1,5.890041992921547
COc1ccc(N2C(=O)C(Cc3cccc(OCCc4nc(-c5ccccc5)oc4C)c3)C2C(=O)O)cn1,5.886056647693163
C[C@@H](C(=O)N1CCN(c2ncc(C(F)(F)F)cn2)CC1)n1cc2cccc(C(N)=O)c2n1,5.886056647693163
NC(=O)c1ccc(Oc2cccc(C(=O)N3CCN(c4ccccc4)CC3)c2)cc1,5.886056647693163
CSCC[C@H](NC(=O)c1ccc(C)cc1)C(=O)Nc1nc(-c2ccccc2)cs1,5.886056647693163
Cc1cn(-c2cc(Cl)cc(NC(=O)c3ccc(C)c(Nc4nc(-c5cccnc5)cs4)c3)c2)cn1,5.886056647693163
CNCCOc1ccc(C(=O)NCc2cccc(C(=O)N[C@@H](CC(C)(C)C)C(=O)Nc3ccc(CC(F)(F)F)cc3)c2)cc1,5.886056647693163
CNC(=O)CCc1ccc(NC(=O)[C@H](CC(C)(C)C)NC(=O)c2cccc(CNC(=O)c3ccc(OC)cc3)c2)cc1,5.886056647693163
Cc1cccc2c(=O)[nH]c(CSc3ncccn3)nc12,5.886056647693163
FC(F)(F)Oc1ccc(Nc2ncnc3[nH]ncc23)cc1,5.886056647693163
CCCOC(=O)N1CCC(C(=O)O)=C(Cc2cccc(OCCc3nc(-c4ccccc4)oc3C)c2)C1,5.8794260687941495
CCc1ccc(OC(C)CCOc2ccc(OC(C)(C)C(=O)O)cc2)c(C(=O)c2ccccc2)c1,5.878440155812499
CCc1ccc(O[C@H](C)CCOc2ccc(OC(C)(C)C(=O)O)cc2)c(C(=O)c2ccccc2)c1,5.878000503440344
COc1cc(N2CCN(C)CC2)ccc1Nc1ncc(Cl)c(Oc2ccccc2N=[N+]=[N-])n1,5.876148359032914
C=CC(=O)N(c1ccc(Cl)cc1Cl)c1c(C#N)cnc2cc(OC)c(OC)cc12,5.876148359032914
CCn1c(CCCc2cccc(-c3cccc(C(=O)O)c3)c2)nn(Cc2ccc(C(C)(C)C)cc2)c1=O,5.875169850586141
O=C(c1cc2c(Nc3ccc(OC(F)(F)F)cc3)ncnc2s1)N1CCN(N2CCCC2)CC1,5.872895201635192
CN1CCC(Nc2ccc(C(=O)Nc3cc(-c4ccc5c(c4)OCO5)n[nH]3)cc2)CC1,5.872895201635192
COC(=O)N(CC(=O)O)Cc1cc(F)cc(OCc2nc(-c3ccc(Cl)cc3)oc2C)c1,5.872571222148402
COc1cc(C[C@H](OC)C(=O)O)ccc1OCCCOc1ccc(Oc2ccccc2)cc1,5.870000928042575
O=C(O)Cc1csc2cc(OCc3cc(-c4ccc(C(F)(F)F)cc4)on3)cc(Cl)c12,5.8696662315049934
Nc1n[nH]c2cccc(-c3ccc(C(=O)NCCNC(=O)c4ccc(F)cc4)cc3)c12,5.8696662315049934
Cc1c2ccc(Nc3ccnc(Nc4ccc(S(N)(=O)=O)cc4)n3)cc2nn1C,5.8696662315049934
Clc1cccc(Nc2[nH]nc3ncnc(Nc4ccccc4)c23)c1,5.866461091629782
Clc1cccc(Nc2[nH]nc3ncnc(Nc4cccc(Br)c4)c23)c1,5.866461091629782
Cc1ccc(N(C)C(=O)c2cccc(C(F)(F)F)c2)cc1Nc1nccc(-c2cccnc2)n1,5.865822892423234
Cc1cn(-c2cc(NC(=O)c3ccc4c(c3)C[C@H](N(C)c3cncnc3)C4)cc(C(F)(F)F)c2)cn1,5.86359655186601
COc1ccc(NC(=O)c2ccc(NC(=O)N3CCN(C(=O)c4cc(Cc5n[nH]c(=O)c6ccccc56)ccc4F)CC3)cc2)cc1,5.86359655186601
COc1cc(N2CCN(C)CC2)ccc1Nc1ncc(Cl)c(Oc2ccccc2NC(=O)COCc2ccccc2)n1,5.863279432843593
CN(CCc1ccccc1)C(=O)c1ccc(NC(=O)Cc2ccc(NC(=O)C3CCN(C(=O)C4CCCC4)CC3)cc2)cc1,5.8607507824283935
Cc1ccc(NC(=O)c2ccc(CN3CCN(CCF)CC3)cc2)cc1Nc1nccc(-c2cccnc2)n1,5.8607507824283935
CCOc1ccc(OCCCOc2ccc3c(c2)O[C@@](C)(C(=O)O)CC3)c(Cl)c1,5.860120913598763
Cc1oc(-c2ccccc2)nc1CCOc1cccc(CC2=C(C(=O)O)CCN(c3nccc(C(F)(F)F)n3)C2)c1,5.858863909879261
CCNC(=O)Nc1nc2cc(-c3cccnc3)ccc2[nH]1,5.857923538926715
O=C(c1cc2c(Nc3ccc(OC(F)(F)F)cc3)ncnc2s1)N1CCN(c2cccc(C(F)(F)F)c2)CC1,5.856985199745905
COc1cc(N2CCN(C)CC2)ccc1Nc1ncc(Cl)c(Oc2cccc(NC(=O)CCO)c2)n1,5.856985199745905
CCc1ccc(OCCCOc2ccc(OC(C)(C)C(=O)O)cc2)c(C(=O)c2ccccc2)c1,5.854492828590337
Cc1[nH]c(/C=C2\C(=O)Nc3ccc(S(=O)(=O)Cc4c(Cl)cccc4Cl)cc32)c(C)c1C(=O)N1CCC[C@@H]1CN1CCCC1,5.853871964321762
Cc1oc(-c2ccccc2)nc1CCOc1ccc(CN(CC(=O)O)Cc2ccccc2)cc1,5.853871964321762
CCCc1cc(OC2CCCCC2)ccc1OCCCOc1cccc(-c2sc(=O)[nH]c2O)c1,5.853871964321762
O=S(=O)(Cc1cccc(F)c1)Nc1ccccc1-c1cccc2c1[nH]c1ccccc12,5.853871964321762
CC1CN(c2cncnc2)Cc2cc(NC(=O)c3cc(CN4CCN(C)CC4)cc(C(F)(F)F)c3)ccc21,5.853871964321762
CC(=O)Nc1ccccc1-c1cccc2c1[nH]c1c(Cl)c(Cl)ccc12,5.853871964321762
COc1cccc(-c2cn(C3CCNC3)c3ncnc(N)c23)c1,5.853871964321762
Cc1oc(-c2ccccc2)nc1CCOc1cccc(CC2C(=O)N(c3ccc(Cl)cc3)C2C(=O)O)c1,5.853871964321762
Cc1cc(Nc2nc(Nc3ccccc3S(=O)(=O)C(C)C)c3c(C)[nH]nc3n2)c(OC(C)C)cc1C1CCN(C)CC1,5.853871964321762
FC(F)(F)Oc1ccc(Nc2cc(-c3c[nH]c4ccccc34)ncn2)cc1,5.853871964321762
COc1ccc2c(=O)c(C)c(-c3ccc(N4CCCCC4)cc3)[nH]c2c1,5.853871964321762
COc1ccc2nc(NC(=O)CCc3nc(C4=CCN(C)CC4)no3)sc2c1,5.852323675758901
CCCc1c(O[C@H](C(=O)O)c2ccc(C(C)C)cc2)c(Cl)cc2c1oc(=O)n2CC,5.85078088734462
O=C(O)Cc1coc2cc(OCc3cc(-c4ccc(C(F)(F)F)cc4)on3)ccc12,5.847711655616944
CC(C)n1nc(C#Cc2cccc(F)c2)c2c(N)ncnc21,5.844663962534938
Cc1oc(-c2ccccc2)nc1CCCc1ccc(C[C@H](C(=O)O)n2cccc2)cc1,5.844663962534938
COc1cc(N2CCN(C)CC2)ccc1Nc1ncc(Cl)c(Oc2ccc(NC(=O)CCOCc3ccccc3)cc2)n1,5.844663962534938
O=C(c1cc(Cl)c(Cl)c(Cl)n1)N1CCN(c2nc(Cl)ncc2Br)CC1,5.84163750790475
O=C(NC(=O)c1cc2c(Nc3ccc(OC(F)(F)F)cc3)ncnc2s1)c1cccc(C(F)(F)F)c1,5.84163750790475
NC(=O)c1ccc(Oc2cccc(C(=O)N3CCC(c4cccc(F)c4)CC3)c2)cc1,5.840132152907433
CCOC(=O)CCCCC(=O)c1[nH]c(=O)[nH]c1CSc1nc(-c2ccccc2)c(C#N)c(=O)[nH]1,5.838332587562264
CCc1ccc(C(=O)Nc2cccc(C(F)(F)F)c2)cc1-c1cc(-c2cnc3cnccn23)ccc1C,5.838033383635925
C[C@H](NC(=O)c1cccc(-c2cncc(C(=O)NC3CC3)c2)c1)C(=O)Nc1ccc(Cl)c(C(F)(F)F)c1,5.835647144215563
Cc1cc(OCc2cc(-c3ccc(C(F)(F)F)cc3)on2)cc2scc(CC(=O)O)c12,5.832682665251824
CCNC(=O)Nc1nc2ccc(-c3ccccc3Oc3ccccc3)cc2[nH]1,5.830031826003108
Cc1cc(Oc2cccc(CNC(=O)c3ccc(C(F)(F)F)cc3Oc3ccccc3)c2)ccc1OC(C)(C)C(=O)O,5.8297382846050425
FC(F)(F)Oc1ccc(Nc2cc(-c3ccc(-c4ccccc4)cc3)ncn2)cc1,5.8297382846050425
O=C(c1ccc2c(Nc3ccc(OC(F)(F)F)cc3)ncnc2c1)N1CCC2(CC1)C(=O)NCN2c1ccccc1,5.8297382846050425
O=C1Nc2cc(OC(F)(F)F)ccc2Sc2ccc(-c3ccnc(N4CCOCC4)c3)cc21,5.82915179635669
Cc1sc(N2CCOCC2)nc1CCOc1ccc(CCC(=O)O)c(CNC(=O)OC(C)C)c1,5.825358807339551
CCCc1cc(Oc2ccccc2)ccc1OCCCOc1ccc2c(c1)OC(C(=O)O)CC2,5.823908740944319
Nc1n[nH]c2cccc(-c3ccc(C(=O)N4CCN(C(=O)c5ccc(Br)cc5)CC4)cc3)c12,5.823908740944319
O=[N+]([O-])c1ccc(S(=O)(=O)Nc2ccc(O)c(Sc3nnc[nH]3)c2)cc1,5.823908740944319
CCCc1c(OCCCN(C)c2cccc(CC(=O)O)c2)ccc2c(C(F)(F)F)noc12,5.823908740944319
CCOc1cc(Nc2c(C#N)cnc3cc(OCC4CCN(C)CC4)c(OC)cc23)c(Cl)cc1Cl,5.823908740944319
Nc1c2c(=O)[nH]c(-c3ccccc3)cc2nn1-c1ccccc1,5.823908740944319
CCOC(=O)N1CCc2c(sc(NC(=O)Cc3ccc(OC)cc3)c2C(=O)Nc2ccc(C(=O)OC)cc2)C1,5.823908740944319
CCOC(=O)c1cc2c(Nc3ccc(OC(F)(F)F)cc3)ncnc2n1C,5.823908740944319
CN(C)CCN1C(=O)c2ccc3c4c(ccc(c24)C1=O)C(=O)N(CCN(C)C)C3=O,5.823908740944319
C/C(=C\COc1ccc2ccc(=O)oc2c1)CCC1OC1(C)CCC1OC1(C)C,5.823908740944319
Clc1cccc(Nc2nccc(-c3cccnc3)n2)c1,5.821954549582578
Cc1ccc(N)cc1Nc1nccc(-c2cccnc2)n1,5.821954549582578
CCCc1cc2c(OC)noc2c(CCC)c1OC(C)(C)C(=O)O,5.821023052706831
Cc1ccc(C(=O)Nc2ccc(Cl)c(Cl)c2)cc1Nc1nccc(-c2cccnc2)n1,5.820161071976813
CC(=O)O[C@H]1CC[C@]2(C)[C@H]3CC=C4[C@@H]5[C@@H](C)[C@H](C)CC[C@]5(C(=O)OC[C@H](O)[C@H]5OC(=O)C(O)C5=O)CC[C@@]4(C)[C@]3(C)CC[C@H]2C1(C)C,5.8198741248359465
[C]C([C])=[C][C][C]/C([C])=[C]/[C]c1c([O])cc(/[C]=[C]/c2ccccc2)cc1[O],5.818156412055227
CC(C)(Oc1ccc(CCOc2ccc(NC(=O)Nc3ccccc3)cc2)cc1)C(=O)NS(=O)(=O)c1ccccc1,5.818156412055227
COc1ccc(S(=O)(=O)Nc2cc(Sc3ncnc4nc[nH]c34)c(O)c3ccccc23)cc1OC,5.815308569182401
CC(C)(C)c1ccc(COc2ccc(CSc3ccc(OCC(=O)O)c4c3CCC4)cc2)cc1,5.8124792791635365
COC(=O)N(CC(=O)O)Cc1ccc(F)c(OCc2nc(-c3ccc(Cl)cc3)oc2C)c1,5.806041021980813
COc1ccc2ccn(S(=O)(=O)c3cccc(C(=O)Nc4ccc(Cl)cc4C(=O)O)c3)c2c1,5.800000874803203
Cc1ccc(NC(=O)c2cccc(S(=O)(=O)n3ccc4cccc(C)c43)c2)c(C(=O)O)c1,5.800000874803203
N#CCC(=O)Nc1ccn(-c2ccc(Cl)c(Cl)c2)n1,5.79997073344623
N#CCC(=O)Nc1cccc(-c2ccc(Cl)c(Cl)c2)n1,5.79997073344623
CC(=O)NC1=NN(c2ccc(Cl)c(Cl)c2)[C@H](C)C1,5.79997073344623
Cn1ccc2cc(-c3nn(C(C)(C)C)c4ncnc(N)c34)ccc21,5.798876102792621
Cc1cc(Oc2cccc(CNC(=O)c3ccc(C(F)(F)F)cc3Br)c2)ccc1OC(C)(C)C(=O)O,5.7979996527877145
CCC(=O)c1cc(Cl)c(OC(C(=O)O)c2ccccc2)c(Cl)c1,5.795880017344075
CCCNC(=O)Cn1cccc(NC(=O)Nc2ccc(NC(=O)Nc3cccn(CC(=O)NCCC)c3=O)cc2)c1=O,5.795880017344075
C[C@]1(C(=O)O)CCc2ccc(OCCCOc3ccc(C4CCC5(CC4)CC5)cc3Cl)cc2O1,5.795880017344075
COC(=O)/C=C\C(=O)Nc1cccc(C(N)=O)c1,5.795880017344075
COc1cccc(NC(=O)N2CCOc3ccc(-c4ccncn4)cc3C2)c1,5.795880017344075
Cc1oc(-c2ccccc2)nc1CCOc1cccc(-c2nn(-c3ccccc3)nc2C(=O)O)c1,5.79317412396815
CCN(CC)CCNC(=O)c1c(C)[nH]c(/C=C2\C(=O)Nc3ccc(F)cc32)c1C,5.792365632611038
Cc1ccc(C(=O)Nc2ccc(CN3CCN(C)CC3)c(C(F)(F)F)c2)cc1-n1cc(-c2cnc(N3CCCCC3)nc2)nn1,5.788078915691491
Cc1cccc(-c2nn(C(C)(C)C)c3ncnc(N)c23)c1,5.786216700664696
CCC(Oc1cccc(Cc2c(C)n(C(=O)c3ccc(OC)cc3)c3ccc(OC(F)(F)F)cc23)c1)C(=O)O,5.785156151952302
Cc1cccc(Nc2ncnc3n[nH]c(Nc4cccc(Cl)c4)c23)c1,5.782516055786093
COc1ccc(C(=O)n2c(C)c(Cc3cccc(O[C@H](C)C(=O)O)c3)c3cc(OC(F)(F)F)ccc32)cc1,5.782516055786093
CS(=O)(=O)n1ccc(C(=O)NCC(=O)Nc2nc(-c3ccccn3)cs2)c1,5.782516055786093
O=C1Nc2cc(OCCC(F)(F)F)ccc2Oc2ccc(-c3ccnc(N4CCOCC4)c3)cc21,5.779107750780481
CNC[C@@H]1CC1C(=O)Nc1nc2ccc(-c3cncc(F)c3C)cc2s1,5.778846678045294
O=C(c1ccc2c(Nc3ccc(OC(F)(F)F)cc3)ncnc2c1)N1CCCC(CO)C1,5.777283528852417
N#CC12CCCCC1CC1CCCCC1(C#N)N2Cc1cccnc1,5.774949303861951
CCOc1cc(N2CCN(C)CC2)ccc1Nc1ncc2cc(-c3cccc(NC(=O)c4cccc(C(F)(F)F)c4)c3)c(=O)n(C[C@H]3CCCO3)c2n1,5.774690718274137
CCCCOc1ccc2cc(-c3nn(C(C)C)c4ncnc(N)c34)ccc2c1,5.774690718274137
CCO[C@@H](Cc1ccc(OCCCOc2ccc(Oc3ccccc3)cc2)cc1)C(=O)O,5.773142429711276
CC(c1ccc(Nc2nc3c(C(N)=O)cc(F)cc3s2)cc1)N(C)C,5.772113295386326
CC(=O)Nc1cccc(C)c1-c1cccc2c1[nH]c1ccccc12,5.769551078621726
CCOc1ccc2cc(-c3nn(C(C)C)c4ncnc(N)c34)ccc2c1,5.769551078621726
O=C(NO)c1ccc(-c2ccc3ncnc(Nc4ccc(OCc5cccc(F)c5)c(Cl)c4)c3c2)s1,5.769551078621726
CCC1(C(=O)O)CCc2ccc(OCCCOc3ccc(Oc4ccccc4)cc3)cc2O1,5.769551078621726
CC1(C)CCC(c2ccc(OCCCOc3ccc4c(c3)O[C@@](C)(C(=O)O)CC4)c(Cl)c2)CC1,5.769551078621726
CC[C@]1(C(=O)O)CCc2ccc(OCCCOc3ccc(C4CCC(C)(C)CC4)cc3Cl)cc2O1,5.769551078621726
Cc1ccc(C)c(COc2ccc3cc(-c4nn(C(C)C)c5ncnc(N)c45)ccc3c2)c1,5.769295686387431
Cn1c(C(=O)N2CCCC(CO)C2)cc2c(Nc3ccc(OC(F)(F)F)cc3)ncnc21,5.761452112318672
Cc1ccc(C(=O)NCc2cccc(Oc3ccc(OC(C)(C)C(=O)O)c(C)c3)c2)c(C)c1,5.757210190521324
Cc1cn(CCCCCCCCOc2ccc3ccc(=O)oc3c2)cn1,5.756961951313706
CN1C(=O)/C(=C/c2ccc(/C=C/C(=O)NCc3ccncc3)s2)Oc2ccccc21,5.75448733218585
FC(F)(F)Oc1ccc(Nc2cc(-c3cccc4sccc34)ncn2)cc1,5.75448733218585
Cc1cc(Oc2cccc(CNC(=O)c3ccc(C(F)(F)F)cc3C)c2)ccc1OC(C)(C)C(=O)O,5.753999025514739
Cc1c(Nc2ccc(OC(F)(F)F)cc2)ncnc1-c1cnn(-c2ccccc2)c1C,5.747146969020107
CC(C)n1nc(-c2ccc3cc(OCc4ccc(CC(F)(F)F)c(Cl)c4)ccc3c2)c2c(N)ncnc21,5.74521031260279
CC[C@H](C)[C@H](NC(=O)[C@@H]1CCCN1C(=O)[C@@H](NC(=O)[C@H](CCC(=O)O)NC(=O)[C@H](CCC(=O)O)NC(=O)[C@H](Cc1ccc(C(F)(F)P(=O)(O)O)cc1)NC(=O)[C@H](CCC(N)=O)NC(=O)[C@@H]1CCCN1C(=O)[C@@H](N)CCC(=O)O)[C@@H](C)CC)C(=O)N[C@@H](Cc1ccc(O)cc1)C(=O)N[C@@H](CC(C)C)C(=O)O,5.7447274948966935
Cc1oc(-c2ccccc2)nc1CCOc1ccc(CN(CC(=O)O)Cc2ccc(-c3ccccc3Cl)o2)cc1,5.7447274948966935
C=C(C)[C@@H]1CC[C@]2(C(=O)NCC(=O)O)CC[C@]3(C)[C@H](CC[C@@H]4[C@@]5(C)Cc6c([nH]c7ccccc67)C(C)(C)[C@@H]5CC[C@]43C)[C@@H]12,5.7447274948966935
c1ccc(Nc2nccc(-c3cccnc3)n2)cc1,5.7447274948966935
CCOC(=O)N1C[C@H](CCc2ccc(OCCc3nc(-c4ccccc4)oc3C)cc2)[C@@H](C(=O)O)C1,5.742321425130816
CCc1ccc(C(=O)Nc2cccc(C(F)(F)F)c2)cc1-c1cccc(-c2cnc3cnccn23)c1C,5.741602195904491
Cc1cccc(Nc2nccc(-c3cccnc3)n2)c1,5.739964408466519
Cc1c(Nc2ccc(OC(F)(F)F)cc2)ncnc1-c1cnn(Cc2ccccc2)c1,5.739928612014925
Cc1ccc(NC(=O)c2ccc(N=NN(C)CO)cc2)cc1Nc1nccc(-c2cccnc2)n1,5.73796234567482
CN(C)c1cccc(C(=O)N2CCN(C(=O)c3ccc(-c4nccs4)cc3)CC2)c1,5.735890843694191
CCOC(=O)CCCCC(=O)c1[nH]c(=O)[nH]c1Cn1cnc2ccccc21,5.73118809626022
COc1ccc(Cl)cc1NC(=O)CN(C)C(=O)c1cc(-c2ccncc2)nc2ccccc12,5.729787145103757
O=C1Nc2cc(OC(F)(F)F)ccc2Oc2ccc(-c3cccc(C(=O)N4CCOCC4)c3)cc21,5.729321163855293
Cc1cccc(NC(=O)COc2cc(O)c3c(=O)cc(-c4ccccc4)oc3c2)c1,5.72584215073632
CCNNC(=O)c1ccc2c(Nc3ccc(OC(F)(F)F)cc3)ncnc2c1,5.725380380908762
Nc1n[nH]c2cccc(-c3ccc(C(=O)N4CCN(C(=O)c5ccc(Cl)cc5)CC4)cc3)c12,5.723538195826755
NC(=O)c1ccc(Oc2cccc(C(=O)N3CCN(c4ccccc4F)CC3)c2)cc1,5.721246399047171
CC(C)n1nc(C#Cc2cccc(Cl)c2)c2c(N)ncnc21,5.721246399047171
Nc1nc(N)c2c(Nc3cccc(Cl)c3)[nH]nc2n1,5.721246399047171
CN1C(=O)/C(=C/c2ccc(/C=C/C(=O)NCc3cccnc3)s2)Oc2ccccc21,5.721246399047171
FC(F)(F)Oc1ccc(Nc2cc(-c3cccc4c3oc3ccccc34)ncn2)cc1,5.721246399047171
O=C(Nc1ccccc1-c1cccc2c1[nH]c1ccccc12)c1ccccc1,5.721246399047171
COc1cc(N2CCN(C)CC2)ccc1Nc1ncc(Cl)c(Oc2cccc(N)c2)n1,5.721246399047171
CCCc1cc(Oc2ccccc2)ccc1OCCCOc1ccc2c(c1)OC(C)(C(=O)O)CC2,5.721246399047171
Cc1oc(-c2ccccc2)nc1CCNc1ccc(C[C@@H](C(=O)O)n2cccc2)cc1,5.721246399047171
COc1ccccc1C(=O)Nc1cccc(Nc2nccc(-c3cccnc3)n2)c1,5.720623281343046
O=C(Cn1cccc(NCc2ccc(Cl)c(Cl)c2)c1=O)NCc1ccc(Cl)c(Cl)c1,5.71669877129645
Cc1c(Nc2ccc(OC(F)(F)F)cc2)ncnc1-c1ccc(S(C)(=O)=O)cc1,5.714442690992226
COC1CCN(C(=O)c2cc3c(Nc4ccc(OC(F)(F)F)cc4)ncnc3s2)CC1,5.7121982700697735
O=C(c1ccc2c(Nc3ccc(OC(F)(F)F)cc3)ncnc2c1)N1CCC(O)CC1,5.709965388637482
CC(=O)NC[C@H]1CC[C@H](c2nc(-c3cc4ccccc4[nH]3)c3c(N)nccn32)CC1,5.707743928643524
c1ccc(Nc2ncnc3n[nH]c(Nc4ccccc4)c23)cc1,5.707743928643524
O=C(c1cc2c(Nc3ccc(OC(F)(F)F)cc3)ncnc2s1)N1CCC(O)CC1,5.707743928643524
Clc1cccc(Nc2ncnc3n[nH]c(Nc4cccc(Cl)c4)c23)c1,5.703334809738469
Cn1c(C(=O)N2CCCC(C(N)=O)C2)cc2c(Nc3ccc(OC(F)(F)F)cc3)ncnc21,5.703334809738469
Cn1c(C(=O)N2CCC(Br)CC2)cc2c(Nc3ccc(OC(F)(F)F)cc3)ncnc21,5.703334809738469
Nc1n[nH]c2cc(-c3ccc(C(=O)N4CCN(C(=O)c5ccc(Cl)c(C(F)(F)F)c5)CC4)cc3)ccc12,5.701146923590294
Cc1ccc(NC(=O)c2cccc(S(=O)(=O)n3ccc4cc(Cl)ccc43)c2)c(C(=O)O)c1,5.700057099977233
O=C(NC1=NN(c2ccc(Cl)c(Cl)c2)CC1)c1ccccn1,5.700057099977233
N#CCC(=O)Nc1nsc(-c2ccc(Cl)c(Cl)c2)n1,5.700057099977233
NC1=NN(c2ccc(Cl)c(Cl)c2)CC1,5.700057099977233
O=C(O)c1ccccc1C(=O)Nc1cccc(Nc2nccc(-c3cccnc3)n2)c1,5.700028801930125
Cc1ccncc1-c1cnc2nc(NC(=O)OC(C)(C)C)sc2c1,5.698970004336019
COC(=O)[C@@H]1CC1C(=O)Nc1nc2cc(-c3c(C)cccc3F)ccc2s1,5.698970004336019
Cc1ccncc1-c1cnc2nc(NC(=O)[C@@H]3C[C@@H]3F)sc2c1,5.698970004336019
O=c1cc(-c2ccc(OCc3ccc(Cl)nc3)cc2)oc2cc(OCc3ccc(Cl)nc3)cc(O)c12,5.698970004336019
O=C(Nc1ccc([N+](=O)[O-])cc1)Nc1ccc(S(=O)(=O)Nc2ccc(Cl)c(Cl)c2)cc1,5.698970004336019
Cn1cc(-c2nnc(-c3ccc(C(c4c[nH]c5ccccc45)c4c[nH]c5ccc(Cl)cc45)cc3)o2)c2ccccc21,5.698970004336019
CCCc1cc(Oc2ccccc2)ccc1OCCCCOc1ccc2c(c1)CCC(C)(C(=O)O)O2,5.698970004336019
Cc1ccc2c(ccn2COCC[Si](C)(C)C)c1-c1ccc2sc(NC(=O)[C@@H]3C[C@@H]3F)nc2c1,5.698970004336019
Cc1ccc2[nH]ccc2c1-c1ccc2sc(NC(=O)[C@@H]3C[C@@H]3F)nc2c1,5.698970004336019
Cc1ccc2c(ccn2COCCCS(C)(C)C)c1-c1ccc2sc(NC(=O)C3C[C@@H]3F)nc2n1,5.698970004336019
COc1ccc2nc(NC(=O)NCc3nc4ccccc4[nH]3)sc2c1,5.698970004336019
Cc1[nH]c2ncnc(Nc3ccccc3)c2c1C,5.698970004336019
Cc1ccncc1-c1ccc2nc(N)sc2c1,5.698970004336019
CNC[C@@H]1CC1C(=O)Nc1nc2ccc(-c3c(C)cccc3F)cc2s1,5.698970004336019
Cc1cccc(F)c1-c1ccc2sc(NC(=O)C3CC3)nc2c1,5.698970004336019
Cc1cccc(F)c1-c1ccc2sc(NC(=O)C3C[C@H]3CO)nc2c1,5.698970004336019
CN[C@@H](C)C(=O)N[C@H](C(=O)N1CCC[C@H]1c1nc(C(=O)c2cccc(OCCOCCOCCNC(=O)c3cccc(-c4cc(Nc5ccc(OC(F)(F)F)cc5)ncn4)c3)c2)cs1)C1CCCCC1,5.698970004336019
CC(C)c1nc(-c2cnc3ccccc3c2)c2c(N)nccn12,5.696803942579511
Cc1c(-c2ccc(-c3ccc(C(F)(F)F)cc3)nc2)[nH]c2ccccc2c1=O,5.694648630553376
CCOC(=O)N1C[C@@H](Cc2ccc(OCCc3nc(-c4ccccc4)oc3C)cc2)[C@@H](C(=O)O)C1,5.694648630553376
Cc1cc(Nc2ncc(C)c(N3CC4CCCC(C3)N4CC#N)n2)sn1,5.692932049338701
[C]C([C])=[C][C][C]/C([C])=[C]/[C]c1c([O])cc(/[C]=[C]/c2ccoc2)cc1[O],5.692503962086787
COc1ccc(NC(=O)CN(C)C(=O)Cc2ccc(S(=O)(=O)N3CCOCC3)s2)cc1,5.692076296388118
O=C(c1ccoc1)N1CCN(C(=O)c2ccc3c(Nc4ccc(OC(F)(F)F)cc4)ncnc3c2)CC1,5.690369832574101
Cc1c(Nc2ccc(OC(F)(F)F)cc2)ncnc1-c1ccc(S(=O)(=O)C(C)C)cc1,5.690369832574101
CCN(CC)Cc1ccc2c(Nc3ccc(OC(F)(F)F)cc3)ncnc2c1,5.690369832574101
Cc1cc2nnn(CC(=O)c3ccc(Cl)c(Cl)c3)c2cc1C,5.690369832574101
Cc1ccc(NC(=O)c2ccc3c(c2)CCC3N2CCN(C(=O)OC(C)(C)C)CC2)cc1Nc1nccc(-c2cccnc2)n1,5.689519108537325
COc1ccc(NC(=O)Cn2cc(COc3cc(O)c4c(=O)c5ccc(OC)cc5oc4c3)nn2)c(OC)c1,5.686132779630847
COc1cc(N2CCN(C)CC2)ccc1Nc1ncc(Cl)c(Oc2ccccc2NC(=O)CO)n1,5.684029654543082
[C]C([C])=[C][C][C]/C([C])=[C]/[C]c1c([O])cc(/[C]=[C]/c2cc(F)cc(F)c2)cc1[O],5.681936665037238
Nc1n[nH]c2cccc(-c3ccc(C(=O)N4CCN(C(=O)c5ccc(Cl)c(C(F)(F)F)c5)CC4)cc3)c12,5.681936665037238
COc1cc(N2CCN(C)CC2)ccc1Nc1ncc(Cl)c(Oc2ccc(NC(C)=O)cc2)n1,5.681936665037238
CC(=O)NCc1ccc(-c2ccc3c(c2)C(=O)Nc2cc(OC(F)(F)F)ccc2O3)s1,5.679230771661313
Cc1ccc(C(c2c[nH]c3ccc(C(=O)NNS(=O)(=O)c4cccc([N+](=O)[O-])c4)cc23)c2c[nH]c3ccc(C(=O)NNS(=O)(=O)c4cccc([N+](=O)[O-])c4)cc23)cc1,5.6777807052660805
N#Cc1cccc(CC(=O)Nc2ccccc2-c2cccc3c2[nH]c2ccccc23)c1,5.6777807052660805
CNC(=O)CCc1ccc(NC(=O)[C@H](CC(C)(C)C)NC(=O)c2cccc(CNC(=O)c3ccccc3)c2)cc1,5.6777807052660805
Cc1ccc(C(c2c[nH]c3ccc(C(=O)NNS(=O)(=O)c4ccc([N+](=O)[O-])cc4)cc23)c2c[nH]c3ccc(C(=O)NNS(=O)(=O)c4ccc([N+](=O)[O-])cc4)cc23)cc1,5.6777807052660805
CC1CN(c2cncnc2)Cc2cc(C(=O)Nc3cc(CN4CCN(C)CC4)cc(C(F)(F)F)c3)ccc21,5.6777807052660805
Cc1ccc(C(c2c[nH]c3ccc(C(=O)NNS(=O)(=O)c4ccccc4[N+](=O)[O-])cc23)c2c[nH]c3ccc(C(=O)NNS(=O)(=O)c4ccccc4[N+](=O)[O-])cc23)cc1,5.6777807052660805
CCCc1cc(Oc2ccc(C(C)C)cc2)ccc1OCCCOc1cccc(-c2sc(=O)[nH]c2O)c1,5.6777807052660805
CCCc1cc(Oc2ccccc2)ccc1OCCCOc1ccc2c(c1)OC(CCC)(C(=O)O)CC2,5.6777807052660805
O=C(Cn1cccc(NCc2ccc(Cl)cc2)c1=O)NCc1ccc(Cl)c(Cl)c1,5.6777807052660805
COc1cc(C=O)cc(OCC(=O)Nc2sc3c(c2C#N)CCC(C)C3)c1OC,5.675717544702307
COc1cc(N2CCN(C)CC2)ccc1Nc1ncc(Cl)c(Oc2ccc(NC(=O)COCc3ccccc3)cc2)n1,5.675717544702307
COc1cc(N2CCN(C)CC2)ccc1Nc1ncc(Cl)c(Oc2ccccc2NC(=O)CCO)n1,5.673664139071249
CC1CN(C(=O)c2ccc3c(Nc4ccc(OC(F)(F)F)cc4)ncnc3c2)CC(C)N1,5.670398751643481
O=C(NCCO)c1ccc2c(Nc3ccc(OC(F)(F)F)cc3)ncnc2c1,5.667561540084394
Nc1n[nH]c2cc(-c3ccc(C(=O)NCCNC(=O)c4ccc(Br)cc4)cc3)ccc12,5.665546248849069
Cc1oc(-c2ccccc2)nc1CCOc1ccc(Cc2nn(-c3ccccc3)cc2C(=O)O)cc1,5.66354026615147
C[C@@H](CN1CC(C(=O)N2CCN(c3ncc(C(F)(F)F)cn3)CC2)C1)Nc1cn[nH]c(=O)c1C(F)(F)F,5.663140179083191
Cc1cc(NS(=O)(=O)c2ccc(Nc3nccc(Nc4ccc5c(C)n(C)nc5c4)n3)cc2)no1,5.661543506395395
COC[C@H]1CCCN1C(=O)c1cc2c(Nc3ccc(OC(F)(F)F)cc3)ncnc2n1C,5.661543506395395
Nc1cc(C2CC2)n(-c2cc(Nc3ccc(OC(F)(F)F)cc3)ncn2)n1,5.661543506395395
C=CCn1c2ccccc2c2nnc(SCc3[nH]c(=O)[nH]c3C(=O)CCCCC(=O)OCC)nc21,5.660151216962364
Cc1ccc(C(=O)NCc2ccncc2)cc1Nc1nccc(-c2cccnc2)n1,5.6595558851598815
Cc1oc(-c2ccccc2)nc1CCOc1ccc(C[C@@H]2CN(c3nc4ccccc4o3)C[C@@H]2C(=O)O)cc1,5.6595558851598815
FC(F)(F)c1cccc(Nc2nc(NC(=S)Nc3ccccc3)ns2)c1,5.657577319177793
COc1ccc2ccc3c([nH]c4c5ccccc5nc(NCCCN(C)C)c34)c2c1,5.657577319177793
COc1ccccc1NC(=S)Nc1nsc(Nc2ccc(Cl)c(Cl)c2)n1,5.657577319177793
Cc1ccc(C(=O)N/N=C2\C(=O)Nc3ccc(Cl)cc32)cc1,5.657577319177793
FC(F)(F)Oc1ccc(Nc2ncnc3nn(C4CCCCC4)cc23)cc1,5.657577319177793
O=C1Nc2cc(Br)ccc2/C1=N/NC(=O)c1ccccc1O,5.657577319177793
Cc1ccc(NC(=S)Nc2nsc(Nc3ccc(Cl)cc3)n2)cc1,5.657577319177793
CCCCCCC(Sc1nc(Cl)cc(Nc2ccc3ncccc3c2)n1)C(=O)O,5.657577319177793
C[C@H](NC(=O)c1ccc(N)cc1)C(=O)Nc1nc(-c2ccccc2)cs1,5.657577319177793
FC(F)(F)c1cccc(Nc2nc(NC(=S)Nc3ccc(Cl)cc3)ns2)c1,5.657577319177793
COc1cccc(NC(=S)Nc2nsc(Nc3ccc(Cl)c(Cl)c3)n2)c1,5.657577319177793
O=[N+]([O-])c1ccc(NC(=S)Nc2nsc(Nc3ccc(Cl)cc3)n2)cc1,5.657577319177793
O=[N+]([O-])c1ccc(NC(=S)Nc2nsc(Nc3cccc([N+](=O)[O-])c3)n2)cc1,5.657577319177793
CCCN1C(=O)/C(=N\NC(=O)Cc2ccc(Cl)cc2Cl)c2ccccc21,5.657577319177793
O=[N+]([O-])c1ccccc1NC(=S)Nc1nsc(Nc2ccc(Cl)c(Cl)c2)n1,5.657577319177793
O=[N+]([O-])c1ccccc1NC(=S)Nc1nsc(Nc2cccc(C(F)(F)F)c2)n1,5.657577319177793
Nc1ncnc2c1c(-c1ccccc1)cn2C(CO)Cc1ccc(O)cc1,5.657577319177793
Fc1ccccc1NC(=S)Nc1nsc(Nc2ccc(Cl)c(Cl)c2)n1,5.657577319177793
O=[N+]([O-])c1cccc(NC(=S)Nc2nsc(Nc3cccc([N+](=O)[O-])c3)n2)c1,5.657577319177793
O=[N+]([O-])c1cccc(NC(=S)Nc2nsc(Nc3ccc(F)cc3)n2)c1,5.657577319177793
O=[N+]([O-])c1cccc(Nc2nc(NC(=S)Nc3ccc(Cl)cc3Cl)ns2)c1,5.657577319177793
O=C(Cc1ccc(Cl)cc1Cl)N/N=C1\C(=O)Nc2cc(Br)ccc21,5.657577319177793
S=C(Nc1ccc(Br)cc1)Nc1nsc(Nc2ccc(Cl)cc2)n1,5.657577319177793
S=C(Nc1ccc(Cl)c(Cl)c1)Nc1nsc(Nc2ccc(Cl)c(Cl)c2)n1,5.657577319177793
O=C(Cc1ccc(Cl)c(Cl)c1)N/N=C1\C(=O)Nc2cc(Br)ccc21,5.657577319177793
Cc1cc2nnn(CC(=O)c3ccc(Cl)cc3)c2cc1C,5.655607726314889
CCN(CC(=O)Nc1ccc(NC(C)=O)cc1)C(=O)c1ccccc1SCc1c(C)noc1C,5.654038458186859
CCc1ccc(C(=O)Nc2cccc(C(F)(F)F)c2)cc1-c1cccc(-c2cnc3cnccn23)c1,5.653647025549361
CC(=O)O[C@H]1CC[C@]2(C)[C@H]3CC=C4[C@@H]5CC(C)(C)CC[C@]5(C(=O)OC[C@H](O)[C@H]5OC(=O)C(O)C5=O)CC[C@@]4(C)[C@]3(C)CC[C@H]2C1(C)C,5.651695136951839
Oc1ccc(C=NN=Cc2ccc(O)c(O)c2)cc1O,5.649364391741045
CCN1CCN(c2ccc(Nc3cc(N(C)C(=O)Nc4c(Cl)c(OC)cc(OC)c4Cl)ncn3)cc2)CC1,5.648715807085038
O=S(=O)(c1cc(C(F)(F)F)cc(C(F)(F)F)c1)N1CCN(c2nc(Cl)ncc2Br)CC1,5.647817481888637
COc1cc2ncnc(Nc3ccc(F)c(Cl)c3)c2cc1NC(=O)/C(F)=C/CN(C)C,5.645507399410564
O=C(COc1cc(O)c2c(=O)cc(-c3ccccc3)oc2c1)NCc1ccccc1,5.6439741428068775
O=C(c1cc(Cl)ccc1Cl)N1CCN(c2nc(Cl)ncc2Br)CC1,5.642065152999546
CCn1c(CCCc2cccc(-c3cccc(-c4nnn[nH]4)c3)c2)nn(Cc2ccc(C(C)(C)C)cc2)c1=O,5.639595945270061
COc1ccc(Br)cc1/C=N/c1nnc(-c2ccc(Cl)cc2)s1,5.638272163982407
CC(=O)NCc1cccc(C(=O)N[C@@H](CC(C)(C)C)C(=O)Nc2ccc(CCN(C)C)cc2)c1,5.638272163982407
O=C(N/N=C/c1ccc(O)cc1)c1cc2ccccc2[nH]1,5.638272163982407
O=C(N/N=C/c1cc(O)ccc1O)c1cc2ccccc2[nH]1,5.638272163982407
CCOC(=O)C1=C(Nc2cccc([N+](=O)[O-])c2)C[C@@H](c2ccc(C)cc2)N(c2cccc([N+](=O)[O-])c2)[C@@H]1c1ccc(C)cc1,5.638272163982407
O=[N+]([O-])c1cccc(-c2nnc(/N=C/c3ccc(Cl)cc3Cl)s2)c1,5.638272163982407
O=C(N/N=C/c1c(O)cc(O)cc1O)c1cc2ccccc2[nH]1,5.638272163982407
O=C(N/N=C/c1cc(O)cc(O)c1)c1cc2ccccc2[nH]1,5.638272163982407
COc1ccc(Br)cc1/C=N/c1nnc(-c2cccc([N+](=O)[O-])c2)s1,5.638272163982407
COc1ccc(Br)cc1-c1nnc(N)s1,5.638272163982407
COc1ccc(O)c(/C=N/NC(=O)c2cc3ccccc3[nH]2)c1,5.638272163982407
COc1ccc(/C=N/NC(=O)c2cc3ccccc3[nH]2)c(I)c1O,5.638272163982407
Clc1ccc(-c2nnc(/N=C/c3ccc(OCc4ccccc4)cc3)s2)cc1,5.638272163982407
O=C(N/N=C/c1cc(O)c(O)c(O)c1)c1cc2ccccc2[nH]1,5.638272163982407
Nc1nnc(-c2ccc(Cl)cc2)s1,5.638272163982407
O=C(N/N=C/c1ccccc1O)c1cc2ccccc2[nH]1,5.638272163982407
Nc1nnc(-c2ccc(O)cc2)s1,5.638272163982407
Nc1nnc(-c2ccc(OCc3ccccc3)cc2)s1,5.638272163982407
Nc1nnc(-c2ccc([N+](=O)[O-])cc2)s1,5.638272163982407
Nc1nnc(-c2cccc([N+](=O)[O-])c2)s1,5.638272163982407
O=[N+]([O-])c1ccccc1/C=N/c1nnc(-c2ccc(Cl)cc2)s1,5.638272163982407
Nc1nnc(-c2ccc(Cl)cc2Cl)s1,5.638272163982407
CN(C)c1ccc(-c2nnc(N)s2)cc1,5.638272163982407
CCOC(=O)C1=C(Nc2cccc(Br)c2)C[C@@H](c2ccc(Cl)cc2)N(c2cccc(Br)c2)[C@@H]1c1ccc(Cl)cc1,5.638272163982407
COc1cc(-c2nnc(/N=C/c3ccc(O)cc3)s2)ccc1OCc1ccccc1,5.638272163982407
Nc1nnc(-c2ccc(Cl)c(OCc3ccccc3)c2)s1,5.638272163982407
COc1cccc(-c2nnc(N)s2)c1OC,5.638272163982407
Nc1nnc(-c2ccccc2[N+](=O)[O-])s1,5.638272163982407
Clc1ccc(-c2nnc(/N=C/c3ccc(Cl)cc3Cl)s2)cc1,5.638272163982407
COc1cc(/C=N/NC(=O)c2cc3ccccc3[nH]2)ccc1O,5.638272163982407
Oc1ccc(/C=N/c2nnc(-c3ccc(Cl)cc3)s2)cc1,5.638272163982407
Cc1[nH]c2ncnc(Nc3cccc(Br)c3)c2c1C,5.638272163982407
CCOC(=O)C1=C(Nc2cccc(Cl)c2)C[C@@H](c2ccc(Cl)cc2)N(c2cccc(Cl)c2)[C@@H]1c1ccc(Cl)cc1,5.638272163982407
CCOC(=O)C1=C(Nc2cccc(F)c2)C[C@@H](c2ccc(Cl)cc2)N(c2cccc(F)c2)[C@@H]1c1ccc(Cl)cc1,5.638272163982407
COc1ccc(/C=N/NC(=O)c2cc3ccccc3[nH]2)cc1O,5.638272163982407
O=[N+]([O-])c1ccc(/C=N/c2nnc(-c3ccc(Cl)cc3)s2)cc1,5.638272163982407
O=C(N/N=C/c1ccc(O)c(O)c1)c1cc2ccccc2[nH]1,5.638272163982407
O=C(N/N=C/c1ccc(Br)c(F)c1)c1cc2ccccc2[nH]1,5.638272163982407
Nc1nnc(-c2c3ccccc3cc3ccccc23)s1,5.638272163982407
O=C(N/N=C/c1ccc(Cl)cc1)c1cc2ccccc2[nH]1,5.638272163982407
O=C(N/N=C/c1cccc(O)c1O)c1cc2ccccc2[nH]1,5.638272163982407
Oc1ccc(C[C@H]2NCCc3cc(O)c(O)cc32)cc1O,5.632644078973981
O=C(c1cc2cc(O)ccc2[nH]1)c1cc2cc(O)ccc2[nH]1,5.631403678647631
Nc1n[nH]c2cc(-c3ccc(C(=O)N4CCN(C(=O)c5ccc(F)cc5)CC4)cc3)ccc12,5.630784142589857
O=C(NCCO)c1cccc(-c2ccc3c(c2)C(=O)Nc2cc(OC(F)(F)F)ccc2N3)c1,5.629116983222394
CC(C)Oc1ccc2cc(-c3nn(C(C)C)c4ncnc(N)c34)ccc2c1,5.627087997029893
Cc1cccc(C(=O)N2CCN(C(=O)c3ccc(-c4cccc5[nH]nc(N)c45)cc3)CC2)c1,5.625251653989896
C=CC(=O)Nc1ccccc1Oc1nc(Nc2ccc(N3CCN(C)CC3)cc2OC)ncc1Cl,5.625251653989896
O=C(O)Cc1coc2cc(OCc3cc(-c4ccc(Cl)cc4)on3)ccc12,5.623423042943488
Fc1cc(Cn2cc3c(Nc4ccc(OC(F)(F)F)cc4)ncnc3n2)ccc1C(F)(F)F,5.623423042943488
O=C(O)Cc1coc2cc(OCc3ccc(COc4ccc(C(F)(F)F)cc4)cc3)ccc12,5.623423042943488
NC(=O)c1ccc(Oc2cccc(C(=O)N3CCC(c4ccccc4)CC3)c2)cc1,5.619969752032169
COc1cccc(-c2cn(C3CCN(C(=O)OC(C)(C)C)C3)c3ncnc(N)c23)c1,5.619788758288394
N[C@@H]1CCN(c2c(F)cc3c(=O)c(C(=O)O)cn4c3c2Oc2cc3c(ccc5ccccc53)cc2-4)C1,5.619788758288394
N#Cc1cc(CC(=O)Nc2ccccc2-c2cccc3c2[nH]c2ccccc23)ccn1,5.619788758288394
O=C(O)CN1CCN(c2cc(-c3cnc4ccc(N5CCC[C@@H]5c5cccc(F)c5)nn34)ccn2)CC1,5.619788758288394
Cc1oc(-c2ccccc2)nc1CCOc1cccc(CC2C(=O)N(c3ccc(F)cc3)C2C(=O)O)c1,5.619788758288394
CCOC(=O)CC1CCN(C(=O)/C=C\C(=O)Nc2cccc(C(N)=O)c2)CC1,5.619788758288394
O=S(=O)(Cc1ccccc1F)Nc1ccccc1-c1cccc2c1[nH]c1ccccc12,5.619788758288394
CN(C)CCNC(=O)c1cncc(-c2cccc(C(=O)N[C@H]3CN[C@@H](C(=O)Nc4ccc(Cl)c(C(F)(F)F)c4)C3)c2)c1,5.617982957425132
CCNC(=O)CCn1ccc2c(Nc3ccc(OC(F)(F)F)cc3)ncnc21,5.616184634019569
Cc1ccc(-c2cc(-c3ccc(C)o3)nc(N)c2C#N)cc1,5.614393726401688
Cc1ccc(NC(=O)c2ccc(CN3CCOCC3)cc2)cc1-n1cc(-c2cnc3ccnn3c2)cn1,5.613322716039162
Nc1n[nH]c2cc(-c3ccc(C(=O)NCCNC(=O)c4ccc(F)cc4)cc3)ccc12,5.610833915635467
COc1cc(N2CCN(C)CC2)ccc1Nc1ncc(Cl)c(Oc2cccc(NC(=O)CCOCc3ccccc3)c2)n1,5.607303046740334
[C]C([C])=[C][C][C]/C([C])=[C]/[C]c1c([O])cc(/[C]=[C]/c2ccc(F)cc2)cc1[O],5.605548319173783
O=C(O)Cc1coc2cc(OCc3cccc(COc4ccc(C(F)(F)F)cc4)c3)ccc12,5.6020599913279625
[C]Oc1ccc(/[C]=[C]/c2cc([O])c([C]/[C]=C(\[C])[C][C][C]=C([C])[C])c([O])c2)cc1,5.6020599913279625
Cc1ccc(NC(=O)c2cccc(C(F)(F)F)c2)cc1NC(=O)c1cccc2c(N)nccc12,5.6020599913279625
Nc1ccn(C2OC(CO)[C@@H](O)[C@H]2O)c(=O)n1,5.6020599913279625
Cc1cccc(-c2nn3c(c2-c2ccnc(Nc4ccc(S(N)(=O)=O)cc4)c2)CC(C)(C)C3)n1,5.6020599913279625
CN(C)S(=O)(=O)Nc1ccccc1-c1cccc2c1[nH]c1ccccc12,5.6020599913279625
CC(=O)Nc1ccccc1-c1cccc2c1sc1ccccc12,5.6020599913279625
N#C/C(=C/c1cccc(Br)n1)C(=O)NCc1cccc(CNC(=O)/C(C#N)=C\c2cccc(Br)n2)c1,5.6020599913279625
C/C(=C\COc1ccc2ccc(=O)oc2c1)CC/C=C(\C)CCC1OC1(C)C,5.6020599913279625
O=C(Cn1nnc2ccccc21)c1ccc(Cl)cc1,5.6020599913279625
O=C(Cn1cccc(NCc2ccc([N+](=O)[O-])cc2)c1=O)NCc1ccc(Cl)c(Cl)c1,5.6020599913279625
Cc1ccc(NC(=O)c2cccc(S(=O)(=O)n3ccc4ccc(C)cc43)c2)c(C(=O)O)c1,5.59999938302362
CC(=O)NC1=NN(c2ccc(Cl)c(Cl)c2)C[C@H]1C,5.599980364934842
CCn1c(CCCc2cccc(-c3ccc(OC)c(CC(=O)O)c3)n2)nn(Cc2ccc(C(C)(C)C)cc2)c1=O,5.596707854841746
Cc1cc2c(Nc3ccc(OC(F)(F)F)cc3)ncnc2s1,5.5951662833800615
CN(C)c1ccc(C(=O)N2CCN(C(=O)c3ccc(-c4ccc5c(N)n[nH]c5c4)cc3)CC2)cc1,5.5951662833800615
CCCc1cc(Oc2ccc(OC)cc2)ccc1OCCCOc1cccc(-c2sc(=O)[nH]c2O)c1,5.5934598195660445
COc1cccc(NC(=O)N2CCOc3ccc(-c4ccnc(OC)c4)cc3C2)c1,5.590066876668706
O=C(c1ccc(Cl)cc1[N+](=O)[O-])N1CCN(c2nc(Cl)ncc2Br)CC1,5.58838029403677
COCc1cn(CCCCCCn2cc(CO[C@H]3CC[C@]4(C)[C@H]5CC=C6[C@@H]7CC(C)(C)CC[C@]7(C(=O)O)CC[C@@]6(C)[C@]5(C)CC[C@H]4C3(C)C)nn2)nn1,5.586700235918748
COc1ccc(Nc2cc(-c3ccc(C(=O)NCCNC(=O)c4cccc(C(F)(F)F)c4)cc3)ncn2)cc1,5.586700235918748
O=C(N/N=C/c1ccc(O)c(O)c1)c1ccc(-c2nnc(-c3ccc4ncccc4c3)o2)cc1,5.585026652029182
Cc1ccc(NC(=O)c2ccc(/C=C/C(=O)NO)s2)cc1Nc1ncc(-c2cccnc2)s1,5.585026652029182
CCCc1c(OCCCN(CC)c2ccc(CC(=O)O)cc2)ccc2c(C(F)(F)F)noc12,5.585026652029182
COc1ccc(C(=O)Cn2nnc3cc(C)c(C)cc32)cc1,5.585026652029182
Cc1ccc2nc(NC(=O)NCc3nc4ccccc4[nH]3)sc2c1,5.585026652029182
N#C/C(=C\c1ccc(-c2cc(C(=O)O)cc(C(=O)O)c2)s1)c1nc2ccccc2s1,5.581698708680255
Cn1c(=O)c2c(nc(-n3ccnc3)n2Cc2ccc(Cl)cc2Cl)n(C)c1=O,5.581532979053399
CC[C@@H](Oc1cccc(Cn2c(C)c(C(=O)c3ccc(Cl)cc3)c3ccc(OC(F)(F)F)cc32)c1)C(=O)O,5.581036169296377
CCCc1cc(-c2ccccc2)ccc1OCCCOc1cccc(-c2oc(=O)[nH]c2O)c1,5.578396073130168
CC(C)(C)C(=O)Nc1ccc(-c2ccc(C(=O)N[C@H]3CN[C@@H](C(=O)Nc4ccc(Cl)c(C(F)(F)F)c4)C3)cc2)cn1,5.578396073130168
O=C(c1c(F)cccc1F)N1CCN(c2nc(Cl)ncc2Br)CC1,5.576754126063192
CN(CCO)C(=O)c1ccc2c(Nc3ccc(OC(F)(F)F)cc3)ncnc2c1,5.574465779501736
CCCCNC(=O)C(C)(C)Oc1ccc(CCOc2ccc(/N=N/c3ccccc3)cc2)cc1,5.573488738635424
Cn1ccnc1Sc1cc(C(=O)Nc2cccc(N)c2)c(N)cc1F,5.571865205971211
Cc1ccc(NC(=O)c2ccc(/C=C/C(=O)NO)cc2)cc1Nc1ncc(-c2cccnc2)s1,5.568636235841012
Cc1ccc(NC(=O)c2ccc(/C=C/C(=O)NO)cc2)cc1Nc1nc(-c2cccnc2)cs1,5.568636235841012
O=C(/C=C/c1ccc(-c2ccc3ncnc(Nc4ccc(OCc5cccc(F)c5)c(Cl)c4)c3c2)s1)NO,5.568636235841012
COc1cccc(C#Cc2nn(C(C)C)c3ncnc(N)c23)c1,5.568636235841012
Cc1cc(F)c(Sc2nccn2C)cc1C(=O)Nc1cccc(N)c1,5.568636235841012
CC(C)(C)c1cc(NC(=O)Nc2cccc(Cl)c2Cl)n(-c2cccc(N)c2)n1,5.568636235841012
COc1cc(C(O)C#Cc2cnc(N)nc2N)cc(OC)c1OC,5.568636235841012
CO[C@@H](Cc1ccc(OCCCOc2ccc(Oc3ccccc3)cc2)cc1)C(=O)O,5.56700026150232
Cc1nc(N=NCc2ccc(O)cc2O)cc(N2CCOCC2)n1,5.565431095965801
CC(C)(Oc1ccc(CCOc2ccc(/N=N/c3ccccc3)cc2)cc1)C(=O)NCc1ccccc1,5.565431095965801
O=c1ccc2ccc(OCCCCCCCCn3ccnc3)cc2o1,5.562249437179612
COc1cc(N2CCN(C)CC2)ccc1Nc1ncc(Cl)c(Oc2ccc(NC(=O)CO)cc2)n1,5.562249437179612
FC(F)(F)CNc1nc(Nc2ccc(N3CCOCC3)c(Cl)c2)nc2ccoc12,5.560667306169737
CCCC(Oc1cccc(Cc2c(C)n(C(=O)c3ccc(OC)cc3)c3ccc(OC(F)(F)F)cc23)c1)C(=O)O,5.560667306169737
COc1ccc(C(=O)Nc2ccncc2)cc1Nc1nccc(-c2cccnc2)n1,5.5598862788877685
O=c1c(F)cn(C2CCCO2)c(=O)n1CCCCCCCCCCCN1C[C@H](O)[C@@H](O)[C@H](O)[C@H]1CO,5.559090917934782
Nc1n[nH]c2cccc(-c3ccc(C(=O)N4CCN(C(=O)c5cccc(C(F)(F)F)c5)CC4)cc3)c12,5.559090917934782
Cc1oc(-c2ccccc2)nc1CCOc1ccc(Cc2nn(-c3ccccc3)nc2C(=O)O)cc1,5.557520230935552
COc1ccc(C(=O)n2c(C)c(Cc3cccc(OC(C)(C)C(=O)O)c3)c3cc(OC(F)(F)F)ccc32)cc1,5.557520230935552
COc1ccc(NC(=O)Cn2cc(COc3cc(O)c4c(=O)c5ccc(Br)cc5oc4c3)nn2)c(OC)c1,5.555955204081924
O=C(Cn1nnc2ccccc21)c1cccc(Br)c1,5.554395796726403
O=C(Cn1nnc2ccccc21)c1ccc(Br)cc1,5.554395796726403
O=C(CSc1nnc(-c2ccc(F)cc2)c(-c2ccc(F)cc2)n1)Nc1nc(-c2ccccc2)cs1,5.552841968657781
O=C(CSc1nnc(-c2ccc(F)cc2)c(-c2ccc(F)cc2)n1)Nc1nc(-c2ccc(Br)cc2)cs1,5.552841968657781
O=C(CSc1nnc(-c2ccc(Br)cc2)c(-c2ccc(Br)cc2)n1)Nc1nc(-c2ccccc2)cs1,5.552841968657781
O=C(CSc1nnc(-c2ccccc2)c(-c2ccccc2)n1)Nc1nc(-c2ccc(Br)cc2)cs1,5.552841968657781
O=C(CSc1nnc(-c2ccc(F)cc2)c(-c2ccc(F)cc2)n1)Nc1nc(-c2ccc(F)cc2)cs1,5.552841968657781
O=C(CSc1nnc(-c2ccccc2)c(-c2ccccc2)n1)Nc1nc(-c2ccccc2)cs1,5.552841968657781
Cc1ccc(-c2csc(NC(=O)CSc3nnc(-c4ccccc4)c(-c4ccccc4)n3)n2)cc1,5.552841968657781
Cc1ccc(-c2csc(NC(=O)CSc3nnc(-c4ccc(F)cc4)c(-c4ccc(F)cc4)n3)n2)cc1,5.552841968657781
O=C(CSc1nnc(-c2ccccc2)c(-c2ccccc2)n1)Nc1nc(-c2ccc(Cl)cc2)cs1,5.552841968657781
Cc1ccc(-c2csc(NC(=O)CSc3nnc(-c4ccc(Br)cc4)c(-c4ccc(Br)cc4)n3)n2)cc1,5.552841968657781
O=C(CSc1nnc(-c2ccccc2)c(-c2ccccc2)n1)Nc1nc(-c2ccc(F)cc2)cs1,5.552841968657781
Nc1ncnc2c1c(-c1ccc(O)cc1)cn2C1CCNC1,5.552841968657781
O=C(CSc1nnc(-c2ccc(Br)cc2)c(-c2ccc(Br)cc2)n1)Nc1nc(-c2ccc(Cl)cc2)cs1,5.552841968657781
O=C(CSc1nnc(-c2ccc(Br)cc2)c(-c2ccc(Br)cc2)n1)Nc1nc(-c2ccc(F)cc2)cs1,5.552841968657781
O=C(CSc1nnc(-c2ccc(F)cc2)c(-c2ccc(F)cc2)n1)Nc1nc(-c2ccc(Cl)cc2)cs1,5.552841968657781
NC(=O)c1cccc(NC(=O)/C=C\C(=O)N2CCN(c3ncccn3)CC2)c1,5.552841968657781
O=C(Cc1ccccc1F)Nc1ccccc1-c1cccc2c1[nH]c1ccccc12,5.552841968657781
COc1ccc(-c2csc(NC(=O)CSc3nnc(-c4ccc(Br)cc4)c(-c4ccc(Br)cc4)n3)n2)cc1,5.552841968657781
O=C(CSc1nnc(-c2ccc(Br)cc2)c(-c2ccc(Br)cc2)n1)Nc1nc(-c2ccc(Br)cc2)cs1,5.552841968657781
COc1ccc(-c2csc(NC(=O)CSc3nnc(-c4ccccc4)c(-c4ccccc4)n3)n2)cc1,5.552841968657781
COc1cc(N2CCN(C)CC2)ccc1Nc1ncc(Cl)c(Oc2ccc(N)cc2)n1,5.55129368009492
[C]C([C])=[C][C][C]/C([C])=[C]/[C]c1c([O])cc(/[C]=[C]/c2ccc([C]=O)cc2)cc1[O],5.549750891680639
O=C(Nc1cccc(C(F)(F)F)c1)c1ccccc1NCc1ccncc1,5.549750891680639
O=C(c1ccc(F)cc1)n1nnc2ccccc21,5.549750891680639
Cc1oc(-c2ccccc2)nc1CCOc1ccc([C@H]2CN(C(=O)Oc3ccccc3)C[C@@H]2C(=O)O)cc1,5.543633966870956
CC#Cc1ccc2c(=O)[nH]c(CSc3ncccn3)nc2c1C,5.543633966870956
COc1ccc(C2c3c(nc[nH]c3=O)Oc3nc[nH]c(=O)c32)cc1,5.542572307053515
CNCCOc1ccc(-c2sc3nc(-c4cccs4)nc(NN4C(=O)C=C(C)C4=O)c3c2C)cc1,5.541060138109674
CCCc1cc(C2CCOCC2)ccc1OCCCOc1cccc(-c2oc(=O)[nH]c2O)c1,5.5406075122407685
Cc1ccc(OC(=O)N(CC(=O)O)Cc2cccc(OCc3nc(-c4ccc(-c5ccccc5)cc4)oc3C)c2)cc1,5.53985418250825
C#Cc1cccc(Nc2ncnc3cc(OC)c(OCCCCCCC(=O)NO)cc23)c1,5.539102157243452
CCCS(=O)(=O)Nc1ccccc1-c1cccc2c1[nH]c1ccccc12,5.537602002101044
CC[C@H](C)[C@H](NC(=O)[C@@H]1CCCN1C(=O)[C@@H](NC(=O)[C@H](CCC(=O)O)NC(=O)[C@H](CCC(=O)O)NC(=O)[C@H](Cc1ccc(OP(=O)(O)O)cc1)NC(=O)[C@H](CCC(N)=O)NC(=O)[C@@H]1CCCN1C(=O)[C@@H](N)CCC(=O)O)[C@@H](C)CC)C(=O)N[C@@H](Cc1ccc(O)cc1)C(=O)N[C@@H](CC(C)C)C(=O)O,5.537602002101044
Nc1ccccc1NC(=O)/C=C/c1cccc(-c2ccc3ncnc(Nc4ccc(OCc5cccc(F)c5)c(Cl)c4)c3c2)c1,5.537602002101044
COc1cc(N2CCN(C)CC2)ccc1Nc1ncc(Cl)c(Oc2cccc(NC(C)=O)c2)n1,5.536107011014092
O=[N+]([O-])c1cccc(-c2cn3cnc(Nc4ccc(OC(F)(F)F)cc4)cc3n2)c1,5.531652669587842
COc1ccc(-c2nn(C(C)(C)C)c3ncnc(N)c23)cc1C,5.531209737900388
CCN1CCCC1NC(=O)c1cc2c(Nc3ccc(OC(F)(F)F)cc3)ncnc2n1C,5.530177984021837
O=C(Nc1ccncc1)c1cc([N+](=O)[O-])ccc1Cl,5.530177984021837
Cc1cn(-c2cccc(NC(=O)c3ccc(C)c(Nc4nccc(-c5cccnc5)n4)c3)c2)cn1,5.529736553034922
O=C(c1ccc([N+](=O)[O-])cc1)n1nnc2ccccc21,5.527243550682788
CC(C)(Oc1ccc(CCOc2ccc(/N=N/c3ccccc3)cc2)cc1)C(N)=O,5.525783735923745
Cc1c(C(=O)c2ccc(Cl)cc2)c2ccc(OC(F)(F)F)cc2n1Cc1cccc(O[C@H](C(=O)O)C(C)C)c1,5.525638023967369
COc1ccc(C(=O)n2nnc3ccccc32)cc1,5.52432881167557
CCCCN1C(=O)N(C)C2NC(=O)NC21,5.523313257054355
CCCc1cc(Oc2ccccc2)ccc1OCCCOc1ccc2c(c1)OC(CC(C)C)(C(=O)O)CC2,5.522878745280337
CCC(=O)c1cc(C)c(OC(C(=O)O)c2ccccc2)c(C)c1,5.522878745280337
Cc1ccc(Cl)cc1-c1[nH]c(-c2ccnc(N)n2)cc1C(=O)NC1CCN(C)CC1,5.522878745280337
CNCCNC(=O)c1cc(-c2ccnc(N)n2)[nH]c1-c1cc(Cl)ccc1C,5.522878745280337
O=C(NCc1ccccc1)C(=O)Nc1ccccc1Cl,5.522878745280337
CCCCCCCOc1ccccc1CCC(=O)NC[C@@H](C)COP(=O)(O)OC[C@H](NC(C)=O)C(=O)O,5.522878745280337
CCCCCCCOc1ccc(CC[C@](C)(N)CO)cc1,5.522878745280337
O=C(c1cccc(Cl)c1)n1nnc2cc(Cl)c(Cl)cc21,5.522878745280337
CC(=O)Nc1ccccc1-c1cccc2c1[nH]c1ccc(Cl)cc12,5.522878745280337
Cc1[nH]c2ccccc2c1CN(C)C(=O)/C=C/c1cnc2c(c1)CCC(=O)N2,5.522878745280337
COc1ccc(/C=N/NC(=O)c2cc3cc4ccccc4nc3s2)cc1O,5.522878745280337
CCOc1ccc2cc(-c3nn(CC4CCN(C)CC4)c4ncnc(N)c34)ccc2c1,5.522878745280337
Cc1oc(-c2ccccc2)nc1CCOc1ccc(CC2=C(C(=O)O)CCN(C(=O)OCC(C)C)C2)cc1,5.517698232776557
Cc1ccc(NC(=O)N2CCCCC2)cc1Nc1nccc(-c2cccnc2)n1,5.515758525723032
COc1cc(N2CCN(C)CC2)ccc1Nc1ncc(Cl)c(Oc2ccccc2NC(=O)CCOCc2ccccc2)n1,5.514278573518419
NC(=O)c1cc(-c2ccnc(N)n2)[nH]c1-c1cc(C(F)(F)F)ccc1C(F)(F)F,5.512861624522813
CC1(C)CC[C@]2(C(=O)O)CC[C@]3(C)[C@H]([C@@H](O)C[C@@H]4[C@@]5(C)CC[C@H](O)C(C)(C)[C@@H]5CC[C@]43C)[C@@H]2C1,5.512861624522813
COc1ccc(NC(=O)Cn2cc(COc3cc(O)c4c(=O)c5cc(Br)ccc5oc4c3)nn2)c(OC)c1,5.512861624522813
N#C/C(=C\c1ccc(OCC(=O)O)cc1)c1nc2ccccc2s1,5.511449283499555
Cc1oc(-c2ccccc2)nc1CCOc1cccc(C2CN(C(=O)OCC(C)C)CCC2CC(=O)O)c1,5.5101820916985496
Cc1oc(-c2ccccc2)nc1CCOc1cccc(C[C@H]2CN(C(=O)Oc3ccccc3)C[C@@H]2C(=O)O)c1,5.510041520575165
Cc1oc(-c2ccccc2)nc1CCOc1cccc(C[C@H]2CN(C(=O)Oc3ccccc3)C[C@@H]2CC(=O)O)c1,5.510041520575165
COc1ccc(OC(=O)N(CC(=O)O)Cc2ccc(OCCc3nc(-c4ccccc4)oc3CO)cc2)cc1,5.510041520575165
NC(=O)C1CCCN(C(=O)c2ccc3c(Nc4ccc(OC(F)(F)F)cc4)ncnc3c2)C1,5.510041520575165
O=C1NC(=O)[C@@]2(N1)O[C@H](CO)[C@@H](O)[C@H](O)[C@H]2O,5.508638306165727
CCOC(=O)Cn1cccc(NC(=O)Nc2ccc(NC(=O)Nc3cccn(CC(=O)OCC)c3=O)cc2)c1=O,5.508638306165727
O=C(O)COc1ccc(SCc2ccc(F)cc2OCc2ccc(C(F)(F)F)cc2)c2c1CCC2,5.507239610973162
Cc1ccc(NC(=O)c2ccc(CN(C)CCCl)cc2)cc1Nc1nccc(-c2cccnc2)n1,5.507239610973162
N#CCC(=O)Nc1cc(-c2ccc(Cl)c(Cl)c2)cs1,5.50003813440381
Cc1ccc(NC(=O)c2cccc(S(=O)(=O)n3ccc4cccc(Cl)c43)c2)c(C(=O)O)c1,5.50003813440381
Cc1ccc(NC(=O)c2cccc(S(=O)(=O)n3ccc4ccc(Cl)cc43)c2)c(C(=O)O)c1,5.50003813440381
COc1ccc2c(ccn2S(=O)(=O)c2cccc(C(=O)Nc3ccc(Cl)cc3C(=O)O)c2)c1,5.50003813440381
COc1ccc2c(ccn2S(=O)(=O)c2cccc(C(=O)Nc3ccc(Cl)cc3C(=O)O)c2)c1C,5.50003813440381
COc1ccc2c(ccn2S(=O)(=O)c2cccc(C(=O)Nc3ccc(C)cc3C(=O)O)c2)c1C,5.50003813440381
O=C(Cn1cc(COc2cc(O)c3c(=O)c4cc(Br)ccc4oc3c2)nn1)Nc1ccc(O)c(O)c1,5.498940737782249
CN1CCC(NC(=O)c2cnc(NCc3cc(Cl)ccc3Cl)nc2NC2CCCC2)CC1,5.498940737782249
O=C(O)c1c(Oc2cccc(C(F)(F)F)c2)c2ccccc2n1-c1ccc(C(F)(F)F)cc1,5.495257363728312
CC(C)(Oc1ccc(CCOc2ccc(/N=N/c3ccccc3)cc2)cc1)C(=O)NS(=O)(=O)c1ccc(NC(=O)Cc2ccccc2)cc1,5.494850021680094
O=C(c1ccc(Br)cc1)n1nnc2ccccc21,5.494850021680094
NC(=O)c1ccc(Oc2cccc(C(=O)N3CCC(c4ccccc4)C3)c2)cc1,5.494850021680094
CC1(C)CC[C@]2(C(=O)OCc3ccccc3)CC[C@]3(C)C(=CC[C@@H]4[C@@]5(C)CC(=O)CC(C)(C)[C@@H]5CC[C@]43C)[C@@H]2C1,5.494850021680094
Clc1cccc(-c2nnc(-c3ccc4ccccc4c3)o2)c1,5.494850021680094
CCCn1c2ccccc2c2nnc(SCc3[nH]c(=O)[nH]c3C(=O)CCCCC(=O)OCC)nc21,5.490931954982838
CC(=O)NCCNCCNC(=O)[C@]12CCC(C)(C)C[C@H]1C1=CC[C@@H]3[C@@]4(C)CC[C@H](OC(C)=O)C(C)(C)[C@@H]4CC[C@@]3(C)[C@]1(C)CC2,5.488116639021126
COc1cc(N2CCN(C)CC2)ccc1Nc1ncc(Cl)c(Oc2ccc(NC(=O)CCO)cc2)n1,5.488116639021126
Cc1oc(-c2ccccc2)nc1CCOc1ccc(CC[C@H]2CN(C(=O)Oc3ccccc3)C[C@@H]2C(=O)O)cc1,5.488116639021126
COCCCNC(=O)CCn1ccc2c(Nc3ccc(OC(F)(F)F)cc3)ncnc21,5.486782399932061
CCCCCC(=O)O[C@@H]1C[C@]2(C)[C@H]3CC=C4[C@@H]5[C@@H](C)[C@H](C)CC[C@]5(C(=O)O)CC[C@@]4(C)[C@]3(C)CC[C@H]2C(C)(C)[C@H]1O,5.486782399932061
CCOC(=O)N1C[C@@H](CCc2ccc(OCCc3nc(-c4ccccc4)oc3C)cc2)[C@@H](C(=O)O)C1,5.485452247339714
Cc1oc(-c2ccccc2)nc1C/C=C/c1ccc(C[C@@H](C(=O)O)n2cccc2)cc1,5.481486060122112
Cc1oc(-c2ccccc2)nc1CCCc1ccc(CC(C(=O)O)c2ccccc2)cc1,5.481486060122112
Cc1cc2nnn(CC(=O)c3ccccc3O)c2cc1C,5.481486060122112
CCCCS(=O)(=O)Nc1ccccc1-c1cccc2c1[nH]c1ccccc12,5.481486060122112
CCCc1cc(Oc2ccccc2)ccc1OCCCOc1ccc2c(c1)CCC(C)(C(=O)O)O2,5.481486060122112
CC1(C)CC[C@]2(C(=O)O)CC[C@]3(C)C(=CCC4[C@@]5(C)CC[C@H](OC(=O)/C=C/c6ccc(Cl)cc6)C(C)(C)C5CC[C@]43C)[C@@H]2C1,5.481486060122112
CC1(C)CC[C@]2(C(=O)O)CC[C@]3(C)C(=CC[C@@H]4[C@@]5(C)CC[C@H](OC(=O)/C=C\c6ccc(Cl)cc6)C(C)(C)[C@@H]5CC[C@]43C)[C@@H]2C1,5.481486060122112
Cc1oc(-c2ccccc2)nc1CCCc1ccc(C[C@H](C(=O)O)n2nccn2)cc1,5.481486060122112
O=C1Nc2cc(OC(F)(F)F)ccc2Oc2ccc(-c3ccnc(N4CCNCC4)c3)cc21,5.479254528480517
CC(=O)c1csc(-c2ccc3c(c2)C(=O)Nc2cc(OC(F)(F)F)ccc2O3)c1,5.479254528480517
[C]C([C])=[C][C][C]/C([C])=[C]/[C]c1c([O])cc(/[C]=[C]/c2ccc(C(F)(F)F)cc2)cc1[O],5.47755576649368
C[C@@H](COCCC(=O)N1CCN(c2ncc(C(F)(F)F)cn2)CC1)Nc1cn[nH]c(=O)c1C(F)(F)F,5.469651079823194
Cc1cc2nnn(C(=O)c3ccccc3)c2cc1C,5.468521082957745
COc1cccc(Nc2[nH]nc3ncnc(Nc4cccc(Cl)c4)c23)c1,5.468521082957745
CS(=O)(=O)c1ccc2nc(NC(=O)NCc3ccc(-c4ccccn4)s3)sc2c1,5.468521082957745
Nc1ncnc2c1c(-c1ccccc1)cn2-c1ccccc1CO,5.468521082957745
Cc1cc(N2C[C@@H](C)N[C@@H](C)C2)ncc1-c1ccc(-c2nc3c(ccn3C)c(=O)[nH]2)cc1,5.468521082957745
Cc1ccc(S(=O)(=O)n2cccc2CNc2cccn(CC(=O)NCc3ccc(Cl)c(Cl)c3)c2=O)cc1,5.468521082957745
CC(C)(C)C[C@H](NC(=O)c1cccc(CNC(=O)c2ccc(OCCO)cc2)c1)C(=O)Nc1ccc(CCC(=O)O)cc1,5.468521082957745
Cc1cc2nnn(CC(=O)c3ccccc3)c2cc1C,5.467245621007502
COc1cc(N2CCN(C)CC2)ccc1Nc1ncc(Cl)c(Oc2ccc(NC(=O)/C=C/CN(C)C)cc2)n1,5.467245621007502
Cc1oc(-c2ccccc2)nc1CCOc1ccc(CCC(=O)O)c2c1CCN(C(=O)OCC(C)C)C2,5.466609291982449
CCOc1ccc(-c2cc(CCCc3nn(Cc4ccc(C(C)(C)C)cc4)c(=O)n3CC)ncn2)cc1CC(=O)O,5.464579281943827
CN(C)C/C=C/C(=O)Nc1cc2c(Nc3ccc(F)c(Cl)c3)ncnc2cc1O[C@H]1CCOC1,5.464058996346937
Cc1nccn1CCCCCCOc1ccc2ccc(=O)oc2c1,5.46344155742847
O=c1nc2n(c3cccc(Cl)c13)-c1ccc(C3CCNCC3)cc1C21CCNCC1,5.461929212956829
CCOC(=O)CCCCC(=O)c1[nH]c(=O)[nH]c1CSc1nnc2c3ccccc3n(C(C)C)c2n1,5.461175011062096
O=C(Cn1nnc2ccccc21)c1cccc(Cl)c1Cl,5.459670525209127
[C]C([C])=[C][C][C]/C([C])=[C]/[C]c1c([O])cc(/[C]=[C]/c2ccc(C#N)cc2)cc1[O],5.459670525209127
O=C(c1ccc(F)cc1F)N1CCC2(CC1)OCCc1ccsc12,5.458420756053419
COc1cc(N2CCN(C)CC2)ccc1Nc1ncc(Cl)c(Oc2ccc([N+](=O)[O-])cc2)n1,5.458420756053419
O=C(O)COc1ccc(SCc2ccc(OCc3ccc(F)cc3C(F)(F)F)cc2)c2c1CCC2,5.458295976715712
Cc1cc(Oc2cccc(CNC(=O)c3ccc(C(F)(F)F)cc3)c2)ccc1OC(C)(C)C(=O)O,5.458000392775788
Cc1oc(-c2ccc(-c3ccccc3)cc2)nc1CCOc1ccc(CCC(=O)O)c(CNC(=O)OC(C)C)c1,5.457299030551889
NC(=O)c1cccc(NC(=O)/C=C\C(=O)N2CCCCC2Cc2ccccc2)c1,5.455931955649724
C=C(C)[C@@H]1CC[C@]2(C(=O)NCCCCCCN)CC[C@]3(C)[C@H](CC[C@@H]4[C@@]5(C)CC[C@H](OC(C)=O)[C@@](C)(COC(C)=O)[C@@H]5CC[C@]43C)[C@@H]12,5.455931955649724
COc1cccc(CNc2[nH]nc3ncnc(Nc4cccc(Cl)c4)c23)c1,5.455931955649724
CC1(C)CC[C@]2(C(=O)O)CC[C@]3(C)C(=CC[C@@H]4[C@@]5(C)C[C@H](O)CC(C)(C)[C@@H]5CC[C@]43C)[C@@H]2C1,5.455931955649724
Cc1ccc(NC(=O)c2ccccc2)cc1Nc1nccn1-c1cc(Nc2ccc(OC(F)(F)F)cc2)ncn1,5.452225294612178
Cc1cc(Nc2ncc(C)c(N3CC(CC#N)(N4CCCC4)C3)n2)sn1,5.447088549783491
CC(C)(C)c1ccc(-n2c(C(=O)O)c(Oc3ccc(OC(F)(F)F)cc3)c3ccccc32)cc1,5.44648105985103
Cc1ccc(C(=O)NCc2ccccn2)cc1Nc1nccc(-c2cccnc2)n1,5.446359663768646
Cc1ccc(C(=O)NCc2nccs2)cc1Nc1nccc(-c2cccnc2)n1,5.446359663768646
Cc1cn(CCCCCCOc2ccc3ccc(=O)oc3c2)cn1,5.44490555142168
CCCC[C@H](NC(=O)c1ccccc1)C(=O)Nc1nc(-c2ccccc2)cs1,5.44490555142168
NC(=O)c1ccc(Oc2cccc(C(=O)N3CCCC(c4ccccc4)C3)c2)cc1,5.443697499232712
O=S(=O)(Cc1ccccc1)Nc1ccccc1-c1cccc2c1[nH]c1ccccc12,5.443697499232712
CC(C)n1nc(-c2cc3cc(O)ccc3[nH]2)c2c(N)ncnc21,5.443697499232712
COc1ccc2c(=O)c(C)c(-c3ccc(Oc4ccc(OC(F)(F)F)cc4)nc3)[nH]c2c1,5.443697499232712
COc1c(C)c(-c2ccc(Cc3ccccc3)cc2)nc2ccccc12,5.443697499232712
COc1ccccc1-c1cc(Nc2cccc(NS(C)(=O)=O)c2)ncn1,5.438898616350944
O=C(O)COc1ccc(SCc2cccc(F)c2OCc2ccc(C(F)(F)F)cc2)c2c1CCC2,5.435333935747911
FC(F)(F)Oc1ccc(Nc2ncnc3sccc23)cc1,5.434270212168872
CCc1ccc(C(=O)Nc2cccc(C(F)(F)F)c2)cc1-c1cc(OC)cc(-c2cnc3cnccn23)c1,5.432268037451931
O=C(c1ccccc1)n1nnc2cc(Cl)c(Cl)cc21,5.431798275933005
FC(F)(F)Oc1ccc(Nc2ncnc3nn(CCc4ccccc4)cc23)cc1,5.431798275933005
CSCC[C@H](NC(=O)c1cccs1)C(=O)Nc1nc(-c2ccccc2)cs1,5.429457060118103
Cc1ccc(C(=O)N2CCN(C(=O)c3ccc(-c4ccc5c(N)n[nH]c5c4)cc3)CC2)cc1,5.429457060118103
O=C1Nc2cc(OC(F)(F)F)ccc2Oc2ccc(-c3ccc(CN4CCNCC4)s3)cc21,5.429223631205252
O=[N+]([O-])c1cccc(SSc2cccc([N+](=O)[O-])c2)c1,5.428291168191312
Nc1ccc2nc3c(=O)[nH]c(=S)[nH]c3nc2c1,5.427593132441944
Cc1oc(-c2ccccc2)nc1CCOc1ccc(CN(CC(=O)O)C(=O)Oc2ccc(O)cc2)cc1,5.427128397799519
CCN(CC)C(=O)c1cncc(-c2cccc(C(=O)N[C@H]3CN[C@@H](C(=O)Nc4ccc(Cl)c(C(F)(F)F)c4)C3)c2)c1,5.425968732272281
Cc1cn(-c2cc(NC(=O)c3cccc(Nc4nc(-c5cccnc5)cs4)c3)cc(C(F)(F)F)c2)cn1,5.422508200162774
CN1CCN(c2ccc(NC(=O)c3cc(-c4ccc5c(c4)OCO5)cnc3O)cc2)CC1,5.42021640338319
O=C(/C=C/c1ccc(C(=O)Nc2cccc(Nc3ncc(-c4cccnc4)s3)c2)s1)NO,5.42021640338319
O=C(Nc1ccnc(Cl)c1)Nc1ccccn1,5.42021640338319
O=C(CCCCCCCCCCC(=O)Nc1cccc([N+](=O)[O-])c1)Nc1cccc([N+](=O)[O-])c1,5.42021640338319
CC(N)c1ccc(Nc2nc3c(C(N)=O)cc(F)cc3s2)cc1,5.42021640338319
CN1CCN(c2ccc(NC(=O)c3cc(-c4ccc5c(c4)OCO5)c[nH]c3=O)cc2)CC1,5.42021640338319
CCc1nnc(NC(=O)CCc2nc(C3=CCN(C)CC3)no2)s1,5.41907502432438
Cc1ccc(C(=O)n2nnc3cc(Cl)c(Cl)cc32)cc1C,5.417936637088291
O=C(O)Cc1csc2cc(OCc3cc(-c4ccc(Cl)cc4)on3)ccc12,5.417936637088291
COc1ccc2oc(C(=O)NCC(c3ccco3)N(C)C)c(C)c2c1,5.417368560510363
COc1ccc([CH+][N-]NC(=O)c2cc(O)c(O)c(O)c2)cc1Cn1cc([N+](=O)[O-])cn1,5.415895029600547
O=C(O)Cc1csc2cc(OCc3cc(-c4ccc(Cl)cc4)on3)cc(Cl)c12,5.415668775632469
Cc1ccc(NC(=O)c2ccc(/N=N/N(C)CCCl)cc2)cc1Nc1nccc(-c2cccnc2)n1,5.4152905157442
C[C@H]1O[C@H](O[C@H]2[C@H](O)[C@@H](O)[C@@H](O[C@H]3[C@H](O)[C@@H](O)C(O)O[C@@H]3CO)O[C@@H]2CO)[C@H](O)[C@@H](O)[C@@H]1N[C@H]1C=C(CO)[C@@H](O)[C@H](O)[C@H]1O,5.414869142302521
CC(=O)O[C@@H]1C[C@@H](C(=O)NC(C(C)C)P(=O)(Oc2ccccc2)Oc2ccccc2)N(C(=O)[C@@H](NC(=O)OC(C)(C)C)C(C)(C)C)C1,5.413412695328245
O=C(c1ccc2c(Nc3ccc(OC(F)(F)F)cc3)ncnc2c1)N1CCC(Br)CC1,5.412289034981089
COc1cc(N2CCN(C)CC2)ccc1Nc1ncc(Cl)c(Oc2cccc(N=[N+]=[N-])c2)n1,5.412289034981089
CCN1CCN(Cc2ccc(NC(=O)Cc3ccc(Oc4ccncc4)cc3)cc2C(F)(F)F)CC1,5.411168274405792
COc1ccc(OCCCOc2ccc3c(c2)O[C@@](C)(C(=O)O)CC3)c(Cl)c1,5.4089353929735005
CCCc1cc(C(=O)CC)cc(CCC)c1O[C@@H](C(=O)O)c1ccc(C(C)C)cc1,5.4089353929735005
O=C(Cn1nnc2ccccc21)c1ccc(Cl)c(Cl)c1,5.4089353929735005
CN(CCc1ccccc1)C(=O)c1ccc(NC(=O)Cc2ccc(NC(=O)C3CCN(C(=O)c4ccccc4)CC3)cc2)cc1,5.408267761048164
O=C(O)COc1ccc(SCc2ccc(OCc3ccc(Cl)cc3)cc2)c2c1CCC2,5.407823242604133
CCN(CC)S(=O)(=O)c1ccc(-c2ncnc(Nc3ccc(OC(F)(F)F)cc3)c2C)cc1,5.402304814074488
CC(=O)Nc1cccc(-c2ncnc(Nc3ccc(OC(F)(F)F)cc3)c2C)c1,5.401209493236885
CC(OC(=O)c1ccccc1NCCO)C(=O)Nc1ccnn1C(C)C,5.400662867007511
COc1ccc2ccn(S(=O)(=O)c3cccc(C(=O)Nc4ccc(C)cc4C(=O)O)c3)c2c1,5.400007822415902
N#CCC(=O)Nc1csc(-c2ccc(Cl)c(Cl)c2)c1,5.400007822415902
O=C(Cn1nnc2ccccc21)c1cccc([N+](=O)[O-])c1,5.3979400086720375
Cc1ccc(Sc2ccc(C=C3SC(S)=NC3=O)c(Sc3ccc(C)cc3)c2)cc1,5.3979400086720375
O=C(CS(=O)(=O)c1ccc(Cl)cc1)NN=Cc1cc(C(=O)O)c(Nc2ccc(I)cc2F)c(F)c1F,5.3979400086720375
CCCc1cc(Oc2ccc(Cl)cc2)ccc1OCCCOc1ccc2c(c1)OC(CC)(C(=O)O)CC2,5.3979400086720375
CC(=O)N1N=C(c2cc3c(Br)cccc3oc2=O)CC1c1ccccc1,5.3979400086720375
Cc1oc(-n2c(C)cc(/C=C(\C#N)c3nc4ccccc4[nH]3)c2C)c(C#N)c1C,5.3979400086720375
O=C(CCC(=O)Nc1cccc(Br)c1)N/N=C/c1c2ccccc2cc2ccccc12,5.3979400086720375
NC1=NC(=O)/C(=C2\CCNC(=O)c3[nH]c(Br)cc32)N1,5.3979400086720375
Cc1oc(-c2ccccc2)nc1CCOc1cccc([C@@H]2CN(C(=O)Oc3ccccc3)C[C@@H]2CC(=O)O)c1,5.39577394691553
Cc1ccc(C(=O)NCc2cccnc2)cc1Nc1nccc(-c2cccnc2)n1,5.3952341152961125
Cc1oc(-c2ccccc2)nc1CCOc1ccc(Cc2sc(=O)[nH]c2O)cc1,5.388701637703571
COCCCNC(=O)c1ccc2c(Nc3ccc(OC(F)(F)F)cc3)ncnc2c1,5.388382889445664
CCc1ccc(O[C@H](C)CCOc2ccc(CCC(=O)O)c(C)c2)c(-c2cscn2)c1,5.3872161432802645
CCOC(=O)COC(=O)[C@]12CC[C@@H](C)[C@H](C)[C@H]1C1=CC[C@@H]3[C@@]4(C)CC[C@H](O)C(C)(C)[C@@H]4CC[C@@]3(C)[C@]1(C)CC2,5.3872161432802645
Cc1cc(C(=O)n2nnc3ccccc32)ccc1[N+](=O)[O-],5.3872161432802645
N#C/C(=C\c1ccc(F)cc1)c1nc2ccccc2s1,5.386158178123931
COc1ccc(C(=O)Nc2cccc(C(F)(F)F)c2)cc1Nc1nccc(-c2cccnc2)n1,5.384559728783053
CC(C)COc1ccc2c(c1)c(Oc1cccc(C(F)(F)F)c1)c(C(=O)O)n2-c1ccc(C(C)(C)C)cc1,5.38153350780092
Cc1cccc2[nH]c(-c3nc(C(C)(C)C)n4ccnc(N)c34)cc12,5.3810110796350665
NC(=O)c1cccc(NC(=O)/C=C\C(=O)N2CCN(c3ccc(-c4ccccc4)cc3)CC2)c1,5.379968104873703
CS(=O)(=O)Nc1cccc(-c2ccc3c(c2)CNc2cc(OC(F)(F)F)ccc2O3)c1,5.379239510005794
O=C(O)COc1ccc(SCc2ccc(OCc3cc(Cl)ccc3Cl)cc2)c2c1CCC2,5.377785977033705
COc1ccc(C(=O)NCc2cccc(Oc3ccc(OC(C)(C)C(=O)O)c(C)c3)c2)c(C)c1,5.3769999834366455
NC(=O)c1ccc(Oc2cccc(C(=O)N3CCCCC3c3ccccc3)c2)cc1,5.376750709602099
O=C(Cc1cccc(F)c1)Nc1ccccc1-c1cccc2c1[nH]c1ccccc12,5.376750709602099
CC1(C)CC[C@]2(C(=O)OCc3ccccc3)CC[C@]3(C)C(=CC[C@@H]4[C@@]5(C)C[C@H](O)CC(C)(C)[C@@H]5CC[C@]43C)[C@@H]2C1,5.376750709602099
Cc1nccn1CCCCCCCCCCOc1ccc2ccc(=O)oc2c1,5.375717904164332
Cc1cc(C(=O)n2nnc3ccccc32)cc(C)c1C,5.373659632624958
CN(C)CCNC(=O)c1cncc(-c2ccc(C(=O)N[C@H]3CN[C@@H](C(=O)Nc4ccc(Cl)c(C(F)(F)F)c4)C3)cc2)c1,5.373659632624958
C=CC1=C(C(=O)O)N2C(=O)[C@@H](NC(=O)/C(=N/OCC(=O)O)c3csc(N)n3)[C@H]2SC1,5.371611069949688
CCc1ccc(O[C@H](C)CCOc2ccc(CCC(=O)O)c(C)c2)c(C(=O)c2ccccc2)c1,5.370896349822864
CN(C)c1ccc(C(=O)N2CCN(C(=O)c3ccc(-c4cccc5[nH]nc(N)c45)cc3)CC2)cc1,5.368556230986828
CC1CN(c2cncnc2)Cc2cc(C(=O)Nc3cc(CN4CCN(C)CC4)cc(C(C)(C)C)c3)ccc21,5.366531544420413
Cc1ccc([C@H](CC(=O)c2ccccc2)c2c[nH]c3ccccc23)cc1,5.366531544420413
COc1ccc(CC(=O)Nc2ccccc2-c2cccc3c2[nH]c2ccccc23)cc1OC,5.366531544420413
O=C(C[C@@H](c1cccs1)c1c[nH]c2ccccc12)c1ccc2ccccc2c1,5.366531544420413
O=C(C[C@@H](c1ccc(Br)cc1)c1c[nH]c2ccccc12)c1ccccc1,5.366531544420413
O=C(C[C@@H](c1ccc(Cl)cc1)c1c[nH]c2ccccc12)c1ccc2ccccc2c1,5.366531544420413
O=C(C[C@@H](c1cccc(Br)c1)c1c[nH]c2ccccc12)c1ccccc1,5.366531544420413
O=C(C[C@@H](c1c(Cl)cccc1Cl)c1c[nH]c2ccccc12)c1ccccc1,5.366531544420413
Cc1ccc([C@H](CC(=O)c2ccc3ccccc3c2)c2c[nH]c3ccccc23)cc1,5.366531544420413
O=C(C[C@@H](c1ccc(Cl)cc1Cl)c1c[nH]c2ccccc12)c1ccccc1,5.366531544420413
O=C(C[C@@H](c1ccccc1)c1c[nH]c2ccccc12)c1ccccc1,5.366531544420413
O=C(C[C@@H](c1cccc([N+](=O)[O-])c1)c1c[nH]c2ccccc12)c1ccccc1,5.366531544420413
O=C(C[C@@H](c1ccccc1)c1c[nH]c2ccccc12)c1ccc2ccccc2c1,5.366531544420413
COc1ccc([C@H](CC(=O)c2ccc3ccccc3c2)c2c[nH]c3ccccc23)cc1,5.366531544420413
COc1ccc([C@H](CC(=O)c2ccccc2)c2c[nH]c3ccccc23)cc1,5.366531544420413
Cc1cccc([C@H](CC(=O)c2ccccc2)c2c[nH]c3ccccc23)c1,5.366531544420413
Nc1nnc2c([nH]c3ccccc32)c1-c1ccccc1,5.366531544420413
O=C(C[C@@H](c1ccc(Cl)cc1)c1c[nH]c2ccccc12)c1ccccc1,5.366531544420413
Nc1cc(C(=O)n2nnc3ccccc32)ccc1Cl,5.364516253185088
Cc1ccc(S(=O)(=O)Nc2ccc(-c3ncnc(Nc4ccc(OC(F)(F)F)cc4)c3C)cc2)cc1,5.364516253185088
NC(=O)Cn1ncc2c(Nc3ccc(OC(F)(F)F)cc3)ncnc21,5.362510270487489
Cc1cn(CCCCCCCCCCOc2ccc3ccc(=O)oc3c2)cn1,5.359518563029578
O=c1cccc2cc(O)c(O)c(O)c2c1O,5.357733381097327
CCCc1c(OCCCn2nnc3cc(CC(=O)O)ccc32)ccc2c(C(F)(F)F)noc12,5.356547323513812
O=C(Cc1ccccc1Cl)Nc1ccccc1-c1cccc2c1[nH]c1ccccc12,5.356547323513812
COc1ccc(Nc2cc(-c3ccc(C(=O)NCCNC(=O)c4ccc(F)c(F)c4)cc3)ncn2)cc1,5.356547323513812
Cc1cccc(C(=O)n2nnc3ccccc32)c1,5.354577730650908
Cc1c(-c2ccc(-c3ccc(C(F)(F)F)nc3)nc2)[nH]c2ccccc2c1=O,5.349692476868063
CC(C)(C)c1ccc(-n2c(C(=O)O)c(Oc3ccc(Cl)c(C(F)(F)F)c3)c3cc(Cl)ccc32)cc1,5.348528147800957
O=C(O)Cn1ccc2ccc(OCCCOc3ccc4cc(C(=O)c5ccccc5)ccc4c3)cc21,5.348140730753051
CCCc1c(OCCCOc2ccc3ccn(CC(=O)O)c3c2)ccc2cc(C(=O)c3ccccc3)ccc12,5.348140730753051
CCc1ccc(O[C@H](C)CCOc2ccc(CCC(=O)O)c(C)c2)c(-c2ccco2)c1,5.3469998598891575
COc1ccc(C(=O)NCc2ccc(F)c(C(=O)N[C@@H](CC(C)(C)C)C(=O)Nc3ccc(CCC(=O)O)cc3)c2)cc1,5.346787486224656
COc1ccc(C(=O)Cn2nnc3ccccc32)cc1,5.346787486224656
CN1CCN(Cc2cc(NC(=O)c3ccc4c(c3)CN(c3cnc5ccccc5c3)CC4)cc(C(F)(F)F)c2)CC1,5.346787486224656
Nc1ccccc1NC(=O)c1ccc(-c2ccc3ncnc(Nc4ccc(OCc5cccc(F)c5)c(Cl)c4)c3c2)o1,5.346787486224656
O=C(/C=C/c1ccc(C(=O)Nc2cccc(Nc3ncc(-c4cccnc4)s3)c2)cc1)NO,5.346787486224656
CCCC(Sc1nc2cc(Cl)ccc2s1)C(=O)NS(=O)(=O)c1ccc(NC(=O)c2ccccc2)cc1,5.346787486224656
N#Cc1ccc2nc(NC(=O)NCc3nc4ccccc4[nH]3)sc2c1,5.346787486224656
CCC(=O)Nc1ccc(C(=O)COC(=O)c2nc3nccc(C)n3n2)cc1,5.346787486224656
Cc1oc(-c2ccccc2)nc1CCOc1cccc(CC2=C(C(=O)O)CCN(C(=O)OCC(C)C)C2)c1,5.345823458122039
CCC(C)C(NC(=O)[C@@H]1CCCN1C(=O)[C@@H](NC(=O)C(C)(C)C)C(C)(C)C)P(=O)(Oc1ccccc1)Oc1ccccc1,5.34008379993015
CCCC(Sc1nc2cc(Cl)ccc2s1)C(=O)NS(=O)(=O)c1ccc(C)cc1,5.337242168318426
CC(C)(C)C(=O)Nc1ccc(-c2cccc(C(=O)N[C@H]3CN[C@@H](C(=O)Nc4ccc(Cl)c(C(F)(F)F)c4)C3)c2)cn1,5.334419008982047
NC(=O)c1ccc(Oc2cccc(C(=O)N3CCN(c4ccc(Cl)cc4)CC3)c2)cc1,5.330032630091496
Cc1cc2c(CC(=O)O)csc2cc1OCc1ccccc1COc1ccc(C(F)(F)F)cc1,5.330000131185909
CCCOC(=O)N1CCc2c(OCCc3nc(-c4ccccc4)oc3C)ccc(CCC(=O)O)c2C1,5.3293831135996745
CN1CCN(c2cc(-c3ccc4c(c3)C(=O)Nc3cc(OC(F)(F)F)ccc3O4)ccn2)CC1,5.329197715739056
COc1ccc(C=O)cc1OCC(=O)Nc1sc2c(c1C#N)CCC(C)C2,5.328827157284916
COc1cc(-c2nn(CCN3CCN(C)CC3)c3ncnc(N)c23)ccc1NC(=O)OC(C)(C)C,5.328827157284916
COc1ccc(C(=O)NCc2cccc(C(=O)N[C@@H](CC(C)(C)C)C(=O)Nc3ccc(CCC(=O)O)cc3)c2)cc1,5.327902142064282
N#Cc1ccc2sc(NC(=O)NCc3nc4ccccc4[nH]3)nc2c1,5.327902142064282
Cc1oc(-c2ccccc2)nc1CCOc1cccc(CC2=C(C(=O)O)CCN(C(=O)OCc3ccccc3)C2)c1,5.325138859262188
COc1cc(N2CCN(C)CC2)ccc1Nc1ncc(Cl)c(Oc2ccccc2NC(C)=O)n1,5.325138859262188
CCc1cc(Nc2nccc(-c3c(-c4ccc(OC)c(C(=O)Nc5c(F)cccc5F)c4)nc4ccccn34)n2)c(OC)cc1N1CCC(N2CCN(S(C)(=O)=O)CC2)CC1,5.323397830417981
CCCCSCc1[nH]c(=O)[nH]c1C(=O)CCCCC(=O)OCC,5.322758154053346
Cc1ccc(C(=O)Cn2nnc3ccccc32)cc1,5.320572103387882
NC(=O)c1ccc(Oc2cccc(C(=O)N3CCN(c4cccc(F)c4)CC3)c2)cc1,5.320027305722581
COc1ccccc1C(=O)n1nnc2ccccc21,5.319664486585436
Cn1ccc2cc(-c3nc(C(C)(C)C)n4ccnc(N)c34)ccc21,5.319664486585436
COc1cc(-c2ccc(O)cc2)c(OC)c(O)c1-c1ccc(O)cc1,5.319664486585436
CC1CN(c2cncnc2)Cc2cc(C(=O)Nc3cc(CN4CCN(C)CC4)cc(C4CCCC4)c3)ccc21,5.318758762624412
Cc1ccc(C(=O)n2nnc3ccccc32)cc1C,5.318758762624412
O=C1C(O)c2c(O)cc(O)cc2OC1c1ccc(O)c(O)c1,5.318758762624412
FC(F)(F)Oc1ccc(Nc2ncnc3c2cnn3Cc2ccccn2)cc1,5.315154638355588
Cc1cc(Oc2cccc(CNC(=O)c3ccc(OC(F)(F)F)cc3C)c2)ccc1OC(C)(C)C(=O)O,5.314258261397736
COc1ccc2cc(-c3nn(C(C)(C)C)c4ncnc(N)c34)ccc2c1,5.313274378925458
O=C(Cn1nnc2ccccc21)c1ccccc1O,5.3124710387853655
CC(C)(C)C[C@H](NC(=O)c1cc(CNC(=O)c2ccccc2)ccc1F)C(=O)Nc1ccc(CCC(=O)O)cc1,5.309803919971486
O=C(Cn1nnc2ccccc21)c1ccccc1,5.308918507877031
COc1ccc(COc2ccc(CSc3ccc(OCC(=O)O)c4c3CCC4)cc2)cc1,5.305394801066431
Cc1oc(-c2ccccc2)nc1CCOc1ccc(CCC(=O)O)c(CNC(=O)CCc2ccccc2)c1,5.30434324006381
O=C(Cn1nnc2ccccc21)c1ccc(-c2ccccc2)cc1,5.302770657240282
CCc1ccc(O[C@H](C)CCOc2ccc(CCC(=O)O)c(C)c2)c(-c2cocn2)c1,5.302000424349328
COc1cc(N2CCN(C)CC2)ccc1Nc1ncc(Cl)c(Oc2cccc(N=C=S)c2)n1,5.30189945437661
C[C@H](NC(=O)c1cc(-c2cnn(C3CCOCC3)c2)cnc1N)c1c(Cl)ccc(F)c1Cl,5.30189945437661
C[C@H](NC(=O)c1ccc(-c2cncc(C(=O)NC3CC3)c2)cc1)C(=O)Nc1ccc(Cl)c(C(F)(F)F)c1,5.30189945437661
CCc1ccc(C(=O)Nc2ccc(C(F)(F)F)cc2)cc1-c1cccc(-c2cnc3cnccn23)c1,5.301725423325633
CCCCCCN(CCCCCC)C(=O)[C@@H](C)NC(=O)[C@@H](NC(=O)[C@H](Cc1ccc(OP(=O)(O)O)cc1)NC(C)=O)C(C)C,5.301029995663981
O=c1cc(-c2ccc(OCc3ccc(Cl)nc3)cc2)oc2cc(OCc3ccc(Cl)nc3)ccc12,5.301029995663981
COC(=O)Nc1nc2ccc(C(=O)c3ccccc3)cc2[nH]1,5.301029995663981
CNc1nc(C)c(-c2nc(Nc3cccc(N4CCCNCC4)c3)ncc2C#N)s1,5.301029995663981
CN(Cc1cn(C)c2ccccc12)C(=O)/C=C/c1cnc2c(c1)CCC(=O)N2,5.301029995663981
O=C1c2ccc3c4ccc5c6c(ccc(c7ccc(c2c37)C(=O)N1CCN1CCCCC1)c64)C(=O)N(CCN1CCCCC1)C5=O,5.301029995663981
Cc1ccc(Cl)cc1Nc1nccc(-c2cccnc2)n1,5.301029995663981
O=C(Nc1ccc(N2CCOCC2)cc1)c1cc2cnc3[nH]ccc3c2s1,5.301029995663981
NCCNC(=O)c1ccc(S(=O)(=O)Oc2ccc(/C=C/[N+](=O)[O-])cc2)cc1,5.301029995663981
CN(C)CCCNc1nc2ccccc2c2[nH]c3c4cc([N+](=O)[O-])ccc4ccc3c12,5.301029995663981
Cc1cc(OC(F)F)ccc1NC(=O)c1cc(C(=O)NCc2ccc(F)cc2)c(F)cc1Cl,5.301029995663981
O=[N+]([O-])c1ccc(Oc2ncnc3[nH]ccc23)cc1,5.301029995663981
[C]C(=[C])[C@H]([O])[C][C]/C([C])=[C]/[C][C@@H]1[C][C@]2([C][C]=C([C])[C])C(=O)[C@@]([C][C]=C([C])[C])(C(=O)C(C(=O)c3ccc([O])c([O])c3)=C2[O])[C@@]1([C])[C][C][C]=C([C])[C],5.301029995663981
CCCc1cc(Oc2ccccc2)ccc1OCCCCOc1cccc(-c2sc(=O)[nH]c2O)c1,5.301029995663981
Cc1cc(N2CCOCC2)cnc1NC(=O)c1cc(C(=O)NCc2ccc(F)c(F)c2)c(F)cc1Cl,5.301029995663981
C[N+](C)(C)CCCN1C(=O)c2ccc3c4c(ccc(c24)C1=O)C(=O)N(CCC[N+](C)(C)C)C3=O,5.301029995663981
CNC(=O)CCc1ccc(NC(=O)[C@H](CC(C)(C)C)NC(=O)c2cc(CNC(C)=O)ccc2F)cc1,5.301029995663981
Cc1cc(N(C)C(=O)c2cccc(C(F)(F)F)c2)ccc1NC(=O)c1cc2cnc3[nH]ccc3c2s1,5.301029995663981
C[N+](C)(C)CCN1C(=O)c2ccc3c4c(ccc(c24)C1=O)C(=O)N(CC[N+](C)(C)C)C3=O,5.301029995663981
Cc1ccc(NC(=O)N2CCN(C)CC2)cc1Nc1nccc(-c2cccnc2)n1,5.300515099054699
Cc1oc(-c2ccccc2)nc1CCOc1ccc(C[C@@H]2CN(c3nc(C(F)(F)F)co3)C[C@@H]2C(=O)O)cc1,5.300162274132754
CC(=O)Nc1nc(-c2ccc(Br)s2)cs1,5.299988937677888
O=C(c1ccc(Nc2nc3ccccc3n3nnnc23)cc1)N1CCOCC1,5.299988937677888
O=C(c1ccc(Nc2nc3ccccc3n3nnnc23)cc1)N1CCN(c2ncccn2)CC1,5.299988937677888
CC(C)c1ccc(Nc2nc3ccccc3n3nnnc23)cc1,5.299988937677888
Cn1cnc(C(=O)N2CCN(C(=O)c3ccc(Nc4nc5ccccc5n5nnnc45)cc3)CC2)c1,5.299988937677888
O=c1ccc2ccc(OCCCCCCCCCCn3ccnc3)cc2o1,5.298432014944073
Cc1c(C(=O)NCC(c2ccco2)N(C)C)oc2c(Cl)cccc12,5.295334814545472
CCCCCCC(Sc1nc2cc(Cl)ccc2s1)C(=O)NS(C)(=O)=O,5.292429823902063
C[C@H]1[C@H](C)CC[C@]2(C(=O)O)CC[C@]3(C)C(=CC[C@@H]4[C@@]5(C)C[C@@H](OC(=O)c6ccccc6)[C@H](O)C(C)(C)[C@@H]5CC[C@]43C)[C@H]12,5.292429823902063
COC(=O)Nc1ccc(-c2c(OC3CCN(C)CC3)nc3c(-c4ccc(OC)c(OC)c4)cnn3c2N)cc1,5.292429823902063
CCOC(=O)N1CCC(NC(=O)CCc2nc(C3=CCN(C)CC3)no2)CC1,5.292004253577071
COC(=O)c1cccc(Nc2nccc(-c3cccnc3)n2)c1,5.291215074534333
CC(C)(C)n1nc(Cc2cccc3ccccc23)c2c(N)ncnc21,5.291015178892631
CCc1ccc(C(=O)Nc2ccccc2)cc1-c1cccc(-c2cnc3cnccn23)c1,5.290730039024169
C#CCOc1ccc(/C=C2\SC(=O)N(Cc3cccc([N+](=O)[O-])c3)C2=O)cc1OCC,5.288192770958808
COc1ccc(CCNc2cc(=O)[nH]c(N)n2)cc1,5.288024145648244
OC1CCN(c2cc(-c3cnc4ccc(N5CCC[C@@H]5c5cccc(F)c5)nn34)ccn2)CC1,5.2839966563652006
NC(=O)c1ccc(Oc2cccc(C(=O)N3CCC(c4ccc(F)cc4)CC3)c2)cc1,5.2839966563652006
Cc1n[nH]c2cc(Nc3nc(NC4CC4)c4occc4n3)ccc12,5.282329496997738
O=C(c1c(F)cccc1F)n1nnc2ccccc21,5.281498311132726
O=C(Cn1cc(COc2cc(O)c3c(=O)c4ccc(Br)cc4oc3c2)nn1)Nc1ccc(O)c(O)c1,5.281498311132726
COc1cccc(NC(=O)c2ccc(C)c(Nc3nccc(-c4cccnc4)n3)c2)c1,5.280420142286276
O=C(c1ccccc1)n1nnc2ccccc21,5.276544327964814
Cc1cc(C)c2c(c1)/C(=N/Nc1nc(-c3ccc(F)cc3)cs1)C(=O)N2,5.275724130399211
COc1ccc(-c2csc(N/N=C3\C(=O)N(C)c4ccccc43)n2)cc1,5.275724130399211
Cc1ccc(-c2csc(N/N=C3\C(=O)Nc4c(C)cc(C)cc43)n2)cc1,5.275724130399211
Cc1ccc2c(c1)/C(=N/Nc1nc(-c3ccc(O)cc3)cs1)C(=O)N2,5.275724130399211
O=C1Nc2ccccc2/C1=N/Nc1nc(-c2ccc(F)cc2)cs1,5.275724130399211
Cc1cc(C)c2c(c1)/C(=N/Nc1nc(-c3ccc(Br)cc3)cs1)C(=O)N2,5.275724130399211
Cc1ccc(-c2csc(N/N=C3\C(=O)N(C)c4ccccc43)n2)cc1,5.275724130399211
Cc1ccc(-c2csc(N/N=C3\C(=O)Nc4ccccc43)n2)cc1,5.275724130399211
Cc1cccc(Nc2ncnc3[nH]c(C)c(C)c23)c1,5.275724130399211
O=C1Nc2ccc(F)cc2/C1=N/Nc1nc(-c2ccc(F)cc2)cs1,5.275724130399211
Cc1ccc(NC(=O)c2ccc(C(=O)Nc3ccccc3N)cc2)cc1Nc1ncc(-c2cccnc2)cn1,5.275724130399211
O=C1Nc2ccccc2/C1=N/Nc1nc(-c2ccc(Cl)cc2)cs1,5.275724130399211
CN1C(=O)/C(=N\Nc2nc(-c3ccc(F)cc3)cs2)c2ccccc21,5.275724130399211
Cc1ccc(-c2csc(N/N=C3\C(=O)Nc4ccc(F)cc43)n2)cc1,5.275724130399211
O=C1Nc2ccc(Cl)cc2/C1=N/Nc1nc(-c2ccc(Br)cc2)cs1,5.275724130399211
Cc1cccc2nc(-c3cccs3)[nH]c12,5.275724130399211
Cc1ccc(N(C)C(=O)OC(C)(C)C)c(F)c1-c1ccc2nc(NC(=O)[C@@H]3C[C@@H]3F)sc2c1,5.274823698580863
O=C(Nc1cccc(-c2cncc3ccccc23)c1)c1ccccc1NCc1ccncc1,5.273272790973428
FC(F)(F)CNc1nc(Nc2ccc3cn[nH]c3c2)nc2ccoc12,5.273272790973428
CCc1ccc(C(=O)Nc2cccc(C(F)(F)F)c2)cc1-c1cc(F)cc(-c2cnc3cnccn23)c1,5.272052290455203
CC1(C)CC[C@]2(C(=O)OCc3ccccc3)CC[C@]3(C)[C@H]([C@H](O)C[C@@H]4[C@@]5(C)CC[C@H](O)C(C)(C)[C@@H]5CC[C@]43C)[C@@H]2C1,5.271646217978772
CC1(C)CC[C@]2(C(=O)OCc3ccccc3)CC[C@]3(C)C(=CC[C@@H]4[C@@]5(C)CC[C@H](OC(=O)[n+]6ccccc6)C(C)(C)[C@@H]5CC[C@]43C)[C@@H]2C1,5.268411234813261
[C]C([C])=[C][C][C][C@@]1([C])[C@H]([C][C]=C([C])[C])[C][C@@]2([C][C]=C([C])[C])C(=O)[C](C(=O)c3ccc([O])c([O])c3)C(=O)[C@]1([C][C]=C([C])[C])C2=O,5.267606240177031
Cc1ccccc1NC(=O)C(=O)Nc1ccccc1C,5.267606240177031
[C]C([C])=[C][C][C]/C([C])=[C]/[C]c1c([O])cc(/[C]=[C]/c2ccsc2)cc1[O],5.266802734893431
COc1cc2ncc(C#N)c(Nc3ccc(Br)cc3Br)c2cc1OC,5.265200170411153
O=c1[nH]c(CSC2CCOCC2)nc2cc(NC3CCCN(Cc4ccccc4)C3)ccc12,5.259637310505756
O=c1[nH]c(CSC2CCOCC2)nc2c(Cl)cccc12,5.259637310505756
COc1cccc2c(=O)[nH]c(CSC3CCOCC3)nc12,5.259637310505756
Cc1cccc2c(=O)[nH]c(CS[C@H]3CC[C@@H](CO)OC3)nc12,5.259637310505756
Cc1cccc2c(=O)[nH]c(CS[C@H]3CC[C@@H](N)CC3)nc12,5.259637310505756
Cc1cccc2c(=O)[nH]c(CS[C@H]3CC[C@H](N)CC3)nc12,5.259637310505756
Cc1cccc2c(=O)[nH]c(CS[C@H]3CC[C@@H](O)CC3)nc12,5.259637310505756
CC(C)Cc1ccc2c(=O)[nH]c(CSC3CCOCC3)nc2c1,5.259637310505756
O=C(Nc1ccc2c(=O)[nH]c(CSC3CCOCC3)nc2c1)c1ccccc1,5.259637310505756
NC[C@]1(F)CC[C@@H](SCc2nc3cc(OCC4CCC4)cc(F)c3c(=O)[nH]2)CC1,5.259637310505756
Cc1cccc2c(=O)[nH]c(CS[C@H]3C[C@H](N)C3)nc12,5.259637310505756
COc1ccc2c(=O)[nH]c(CSC3CCOCC3)nc2c1,5.259637310505756
Cc1cccc2c(=O)[nH]c(CS[C@H]3C[C@H](O)C3)nc12,5.259637310505756
O=c1[nH]c(CSC2CCOCC2)nc2cc(CCC3CCCCC3)cc(F)c12,5.259637310505756
O=c1[nH]c(CSC2CCOCC2)nc2cc(NC3CCN(Cc4ccccc4)CC3)ccc12,5.259637310505756
O=c1[nH]c(CSC2CCNCC2)nc2cc(NCC3CCOCC3)cc(F)c12,5.259637310505756
CC(=O)Nc1cccc(CN2CCC(SCc3nc4c(C)cccc4c(=O)[nH]3)CC2)c1,5.259637310505756
O=c1[nH]c(CSC2CCOCC2)nc2cc(NC3CCNC3)ccc12,5.259637310505756
O=c1[nH]c(CSC2CCOCC2)nc2cc(N3CCOCC3)ccc12,5.259637310505756
O=c1[nH]c(CSC2CCOCC2)nc2cc(F)ccc12,5.259637310505756
O=c1[nH]c(CSC2CCOCC2)nc2c(F)c(F)ccc12,5.259637310505756
O=c1[nH]c(CSC2CCNCC2)nc2cc(NCC3CCC3)c(F)cc12,5.259637310505756
CN1CCN(c2ccc3c(=O)[nH]c(CSC4CCOCC4)nc3c2)CC1,5.259637310505756
CC(C)COc1cc(F)c2c(=O)[nH]c(CSC3CCOCC3)nc2c1,5.259637310505756
Cc1cccc2c(=O)[nH]c(CSC3CCN(C(=O)CCc4ccccn4)CC3)nc12,5.259637310505756
O=c1[nH]c(CSC2CCOCC2)nc2cc(NC3CCCC3)ncc12,5.259637310505756
OC[C@H]1OC(n2ccc3c(Nc4ccc(OC(F)(F)F)cc4)ncnc32)[C@H](O)[C@@H]1O,5.259637310505756
CN1CC[C@H](CNc2cc3nc(CSC4CCOCC4)[nH]c(=O)c3c(F)c2F)[C@H](F)C1,5.259637310505756
Cc1cccc2nc(CSC3CCOCC3)[nH]c(=O)c12,5.259637310505756
Cc1cccc2c(=O)[nH]c(CSC3CCN(Cc4nn(C)c5ccccc45)CC3)nc12,5.259637310505756
CNc1ccc2c(=O)[nH]c(CSC3CCOCC3)nc2c1,5.259637310505756
O=c1[nH]c(CS[C@H]2CC[C@H](CO)CC2)nc2cc(Nc3ccccc3)ccc12,5.259637310505756
COC(C)(C)CNc1cc2nc(CSC3CCOCC3)[nH]c(=O)c2c(F)c1F,5.259637310505756
Cc1cccc2c(=O)[nH]c(CSC3CCN(C(=O)CCN)CC3)nc12,5.259637310505756
Cc1cccc2c(=O)[nH]c(CSC3CCN(C(=O)CCN(C)C)CC3)nc12,5.259637310505756
Cc1cccc2c(=O)[nH]c(CSC3CCN(C)C3)nc12,5.259637310505756
Cc1n[nH]cc1CN1CCC(SCc2nc3c(C)cccc3c(=O)[nH]2)CC1,5.259637310505756
O=c1[nH]c(CS[C@H]2CC[C@@H](O)CC2)nc2cc(Nc3ccccc3)ccc12,5.259637310505756
Cc1cccc2c(=O)[nH]c(CSC3CCN(C)CC3)nc12,5.259637310505756
O=c1[nH]c(CS[C@H]2CC[C@@H](CO)CC2)nc2cc(Nc3cccnc3)ccc12,5.259637310505756
O=c1[nH]c(CS[C@H]2CC[C@H](O)CC2)nc2cc(F)ccc12,5.259637310505756
Cc1cccc2c(=O)[nH]c(CSC3CCN(CCN)CC3)nc12,5.259637310505756
O=c1[nH]c(CSC2CCC(O)CC2)nc2cc(Nc3ccccc3)ccc12,5.259637310505756
C[C@@H]1[C@H]2C3=CC[C@@H]4[C@@]5(C)C[C@H](O)CC(C)(C)[C@@H]5CC[C@@]4(C)[C@]3(C)CC[C@@]2(C(=O)O)CC[C@@H]1C,5.259637310505756
Cc1cccc2c(=O)[nH]c(CSC3CC(CN)C3)nc12,5.259637310505756
CC(=O)N1CCC(SCc2nc3c(C)cccc3c(=O)[nH]2)CC1,5.259637310505756
Cc1cccc2c(=O)[nH]c(CSC3CCC(CN)C3)nc12,5.259637310505756
Cc1cccc2c(=O)[nH]c(CSC3CCN(CCNC(=O)c4ccccn4)CC3)nc12,5.259637310505756
O=c1[nH]c(CS[C@H]2CC[C@@H](C(=O)O)CC2)nc2cc(NC3CCCC3)cc(F)c12,5.259637310505756
Cc1cccc2c(=O)[nH]c(CSCC3CCOCC3)nc12,5.259637310505756
Cc1cccc2c(=O)[nH]c(CS[C@H]3CCC[C@@H](CO)C3)nc12,5.259637310505756
Cc1cccc2c(=O)[nH]c(CS[C@@H]3CCC[C@@H](CO)C3)nc12,5.259637310505756
CN(c1ccc2c(=O)[nH]c(CSC3CCOCC3)nc2c1)C1CCCCC1,5.259637310505756
CN(C)CC(=O)Nc1ccccc1-c1cccc2c1[nH]c1ccccc12,5.259637310505756
CN(C)c1ccc2c(=O)[nH]c(CSC3CCOCC3)nc2c1,5.259637310505756
CC(=O)N1CCC(Nc2ccc3c(=O)[nH]c(CSC4CCOCC4)nc3c2)C1,5.259637310505756
Cc1cccc2c(=O)[nH]c(CSC3CCN(C[C@@H](O)CO)CC3)nc12,5.259637310505756
Cc1cccc2c(=O)[nH]c(CSC3CCNC3)nc12,5.259637310505756
O=c1[nH]c(CSC2CCOCC2)nc2cc(Nc3cnccn3)ccc12,5.259637310505756
O=c1[nH]c(CSC2CCOCC2)nc2cc(OCc3ccccc3)ccc12,5.259637310505756
O=c1[nH]c(CSC2CCOCC2)nc2cc(Oc3ccccc3)ccc12,5.259637310505756
O=c1[nH]c(CS[C@H]2CCN[C@@H](C(F)(F)F)C2)nc2cc(NC3CCCC3)cc(F)c12,5.259637310505756
CO[C@H]1CC[C@H](SCc2nc3c(C)cccc3c(=O)[nH]2)CC1,5.259637310505756
Cc1ccc2nc(CSC3CCOCC3)[nH]c(=O)c2c1,5.259637310505756
O=c1[nH]c(CSC2CCOCC2)nc2cc(NCc3ccccn3)ccc12,5.259637310505756
NC(=O)[C@H]1CC[C@H](SCc2nc3cc(OCC4CCC4)cc(F)c3c(=O)[nH]2)CC1,5.259637310505756
Cc1cccc2c(=O)[nH]c(CSC3CCN(S(=O)(=O)c4ccccn4)CC3)nc12,5.259637310505756
CC(=O)NC[C@H]1CC[C@H](SCc2nc3c(C)cccc3c(=O)[nH]2)CC1,5.259637310505756
Cc1cccc2c(=O)[nH]c(CS[C@H]3CC[C@@H](CO)CC3)nc12,5.259637310505756
O=c1[nH]c(CSC2CCOCC2)nc2cc(Nc3nccs3)ccc12,5.259637310505756
O=c1[nH]c(CSC2CCOCC2)nc2cc(Nc3cncnc3)ccc12,5.259637310505756
O=c1[nH]c(CSC2CCOCC2)nc2cc(Nc3ccncc3)ccc12,5.259637310505756
O=c1[nH]c(CSC2CCOCC2)nc2cc(NCc3ccncc3)ccc12,5.259637310505756
O=c1[nH]c(CSC2CCOCC2)nc2cc(Nc3ccccn3)ccc12,5.259637310505756
CO[C@H]1CC[C@@H](SCc2nc3c(C)cccc3c(=O)[nH]2)CC1,5.259637310505756
COc1cc2c(=O)[nH]c(CSC3CCNCC3)nc2cc1NCC1CCC1,5.259637310505756
Cc1cccc2c(=O)[nH]c(CS[C@H]3CC[C@@H](C(N)=O)CC3)nc12,5.259637310505756
Cc1cccc2c(=O)[nH]c(CSC3CCN(CC4CCCN4)CC3)nc12,5.259637310505756
Cc1cccc2c(=O)[nH]c(CSC3CCCOCC3)nc12,5.259637310505756
Cc1cccc2c(=O)[nH]c(CS[C@@H]3CC[C@@H](CCN)C3)nc12,5.259637310505756
NC[C@H]1CC[C@@H](SCc2nc3cc(NC4CCCC4)cc(F)c3c(=O)[nH]2)CO1,5.259637310505756
Cc1cccc2c(=O)[nH]c(CSC3CCN(C[C@H](O)CO)CC3)nc12,5.259637310505756
Cc1cccc2c(=O)[nH]c(CSC3CCN(Cc4ccc(C#N)cc4)CC3)nc12,5.259637310505756
Cc1nn(C)cc1CN1CCC(SCc2nc3c(C)cccc3c(=O)[nH]2)CC1,5.259637310505756
Cc1cccc2c(=O)[nH]c(CSC3CCN(Cc4ccc5c(c4)NC(=O)C5)CC3)nc12,5.259637310505756
O=c1[nH]c(CS[C@H]2CCN[C@H](C(F)(F)F)C2)nc2cc(NC3CCCC3)cc(F)c12,5.259637310505756
CCc1ccc(C(=O)Nc2cc(-n3cnc(C)c3)cc(C(F)(F)F)c2)cc1Nc1nc(-c2cccnc2)cs1,5.258848401148216
O=C(Cc1ccc(NC(=O)C2CCN(C(=O)C3CCCCC3)CC2)cc1)Nc1ccc(C(=O)N2CCOCC2)cc1,5.258848401148216
COC(=O)Nc1csc2c1NC(=O)CCCC2,5.256411849840096
CCOC(=O)C1CCCN(C(=O)c2ccc3c(Nc4ccc(OC(F)(F)F)cc4)ncnc3c2)C1,5.255550542553202
COc1cc(N2CCN(C)CC2)ccc1Nc1ncc(Cl)c(Oc2ccccc2N=C=S)n1,5.254925208417943
C[C@@H]1[C@H]2C3=CC[C@@H]4[C@@]5(C)C[C@@H](O)CC(C)(C)[C@@H]5CC[C@@]4(C)[C@]3(C)CC[C@@]2(C(=O)OCc2ccccc2)CCC1(C)C,5.251811972993799
[C]C([C])=[C][C][C][C@@]1([C])[C@H]([C]/[C]=C(\[C])[C]/[C]=[C]/C([C])([C])[O])[C][C@]2([C][C]=C([C])[C])C(=O)[C@@]1([C][C]=C([C])[C])C(=O)C(C(=O)c1ccc([O])c([O])c1)=C2[O],5.251811972993799
COC(=O)c1cc2c(Nc3ccc(OC(F)(F)F)cc3)ncnc2s1,5.251811972993799
CCCCOc1ccc(C(=O)n2nnc3ccccc32)cc1,5.251811972993799
O=C(c1ccc(F)c(F)c1Cl)n1nnc2ccccc21,5.249491605148654
CCc1ccc(C(=O)Nc2cccc(C(F)(F)F)c2)cc1-c1cc(C#N)cc(-c2cnc3cnccn23)c1,5.248951965179812
O=C(Cn1cccc(NCc2cccc(Cl)c2)c1=O)NCc1ccc(Cl)c(Cl)c1,5.247183568811728
[C]C([C])=[C][C][C][C@@]1([C])[C@H]([C][C]=C([C])[C])[C][C@]2([C][C]=C([C])[C])C(=O)[C@@]1([C][C]=C([C])[C])C(=O)C(C(=O)c1cccc([O])c1)=C2[O],5.2441251443275085
CC[C@H]1O[C@@H](NC(=S)NN=Cc2ccc(F)cc2)[C@H](O)[C@@H](O)[C@@H]1O,5.2441251443275085
O=C(COc1cccc2c(=O)[nH]ccc12)c1ccccc1,5.2441251443275085
N[C@H]1CCN(c2c(F)cc3c(=O)c(C(=O)O)cn4c3c2Oc2cc3c(ccc5ccccc53)cc2-4)C1,5.2441251443275085
N#C/C(=C\c1ccc(-c2cccc(C(=O)O)c2)s1)c1nc2ccccc2s1,5.24184537803261
COc1cc(N2CCN(C)CC2)ccc1Nc1ncc(Cl)c(Oc2ccccc2N)n1,5.241088107602026
CN(C)c1ccc(C(=O)NCCNC(=O)c2ccc(-c3cccc4[nH]nc(N)c34)cc2)cc1,5.2403321553103694
COc1ccc(N2CCN(C(=O)c3cccc(Oc4ccc(C(N)=O)cc4)c3)CC2)cc1,5.240030142445693
CC(=O)Nc1ccc(C)c(Nc2nccc(-c3cccnc3)n2)c1,5.240015047576483
CCOC(=O)CCCCC(=O)c1[nH]c(=O)[nH]c1C[n+]1ccc(C)cc1,5.239050048589103
Cc1ccncc1-c1ccc2nc(NC(=O)c3ccccc3)sc2c1,5.238523220455298
CN1CCCN(C(=O)c2ccc3c(Nc4ccc(OC(F)(F)F)cc4)ncnc3c2)CC1,5.237921912665361
CCCc1cc(Oc2ccccc2)ccc1OCCCCOc1ccc2c(c1)CCC(C(=O)O)O2,5.236572006437063
O=C1c2ccc3c4c(ccc(c24)C(=O)N1CCNCCO)C(=O)N(CCNCCO)C3=O,5.236572006437063
[C]C(=[C])[C@@H]([O])[C][C]/C([C])=[C]/[C][C@@H]1[C][C@]2([C][C]=C([C])[C])C(=O)[C@@]([C][C]=C([C])[C])(C(=O)C(C(=O)c3ccc([O])c([O])c3)=C2[O])[C@@]1([C])[C][C][C]=C([C])[C],5.236572006437063
Cc1nn(C)c2nnc(Nc3ccc(S(=O)(=O)N4CCNCC4)cc3)nc12,5.236572006437063
CC(C)(C)C[C@H](NC(=O)c1cccc(CNC(=O)c2ccc(OCCO)cc2)c1)C(=O)Nc1ccccc1,5.236572006437063
Cc1cc2c(CC(=O)O)csc2cc1OCc1cc(-c2ccc(Cl)cc2)on1,5.235823867609669
CCN(CC)c1ccc(NC(=O)Nc2ccc(C)c(Nc3nccc(-c4cccnc4)n3)c2)cc1,5.234260541478872
Cc1ccc(C(=O)N2CCN(C(=O)c3ccc(-c4cccc5[nH]nc(N)c45)cc3)CC2)cc1,5.232844133917819
O=C(Cn1cc(COc2cc(O)c3c(=O)c4ccc(Br)cc4oc3c2)nn1)Nc1ccc(O)cc1O,5.231361898752386
Cc1cc(OCC[C@@H](C)Oc2ccc(C(F)(F)F)cc2-c2ccccn2)ccc1CCC(=O)O,5.231000260603502
O=C1Nc2cc(C(F)(F)F)ccc2Oc2ccc(-c3ccnc(N4CCOCC4)c3)cc21,5.229221603830853
O=C1Nc2ccccc2C1(c1cn(Cc2cccc(F)c2)c2ccccc12)c1cn(Cc2cccc(F)c2)c2ccccc12,5.229147988357855
O=C1Nc2ccccc2C1(c1cn(Cc2ccc(Br)cc2)c2ccccc12)c1cn(Cc2ccc(Br)cc2)c2ccccc12,5.229147988357855
O=C1Nc2ccccc2C1(c1c[nH]c2ccccc12)c1c[nH]c2ccccc12,5.229147988357855
CC(C)n1cc(C2(c3cn(C(C)C)c4ccccc34)C(=O)Nc3ccccc32)c2ccccc21,5.229147988357855
Cn1cc(C2(c3cn(C)c4ccccc34)C(=O)Nc3ccccc32)c2ccccc21,5.229147988357855
O=C1Nc2ccc(Cl)cc2C1(c1c[nH]c2ccccc12)c1c[nH]c2ccccc12,5.229147988357855
O=C1Nc2ccccc2C1(c1cn(Cc2ccccc2F)c2ccccc12)c1cn(Cc2ccccc2F)c2ccccc12,5.229147988357855
O=C1Nc2ccccc2C1(c1cn(Cc2ccccc2Cl)c2ccccc12)c1cn(Cc2ccccc2Cl)c2ccccc12,5.229147988357855
Cc1ccc2c(c1)C(c1c[nH]c3ccccc13)(c1c[nH]c3ccccc13)C(=O)N2,5.229147988357855
CCCCn1cc(C2(c3cn(CCCC)c4ccccc34)C(=O)Nc3ccccc32)c2ccccc21,5.229147988357855
CC(C)Cn1cc(C2(c3cn(CC(C)C)c4ccccc34)C(=O)Nc3ccccc32)c2ccccc21,5.229147988357855
Cc1nn(C)c2nnc(Nc3ccc(S(=O)(=O)N4CCCNCC4)cc3)nc12,5.229147988357855
CCOc1ccc(S(=O)(=O)N2CCCNCC2)cc1-c1nnc2c(n1)c(C)nn2C,5.229147988357855
CCCn1cc(C2(c3cn(CCC)c4ccccc34)C(=O)Nc3ccccc32)c2ccccc21,5.229147988357855
O=C1Nc2ccc(Br)cc2C1(c1c[nH]c2ccccc12)c1c[nH]c2ccccc12,5.229147988357855
O=C1Nc2ccccc2C1(c1cn(Cc2ccccc2)c2ccccc12)c1cn(Cc2ccccc2)c2ccccc12,5.229147988357855
Cc1oc(-c2ccccc2)nc1CCOc1cccc(Cc2cn(C)cc2C(=O)O)c1,5.22767829327708
CCc1ccc(O[C@H](C)CCOc2ccc(CCC(=O)O)c(C)c2)c(-c2ccsc2)c1,5.22548303427145
CNCCN(C)C(=O)c1ccc2c(Nc3ccc(OC(F)(F)F)cc3)ncnc2c1,5.223298816011589
COc1ccc(-c2nn(CC3CCNCC3)c3ncnc(N)c23)cc1C,5.223153591304701
Nc1ccccc1NC(=O)c1ccc(-c2ccc3ncnc(Nc4ccc(OCc5cccc(F)c5)c(Cl)c4)c3c2)s1,5.221848749616356
COc1ccc(-c2ccccc2-c2cc(OC)cc(OC)c2)cc1,5.221848749616356
CC(=O)N1N=C(c2cc3ccccc3oc2=O)CC1c1ccccc1,5.221848749616356
CNCCOc1ccc(C(=O)NCc2cccc(C(=O)N[C@@H](CC(C)C)C(=O)Nc3ccc(CCC(=O)O)cc3)c2)cc1,5.221848749616356
NS(=O)(=O)c1ccc(Nc2nc(N3CCOCC3)nc3nc[nH]c23)cc1,5.221848749616356
CC(=O)c1sc(-c2ccc(OCCCOc3ccc4c(c3)CC[C@H]4CC(=O)O)nc2)nc1C,5.221848749616356
CCCCCCN(CCCCCC)C(=O)[C@H](C)NC(=O)[C@@H](NC(=O)[C@H](Cc1ccc(OP(=O)(O)O)cc1)NC(C)=O)C(C)C,5.221848749616356
COc1cc(N2CCN(C)CC2)ccc1Nc1ncc(Cl)c(Oc2cccc(NC(=O)/C=C/CN(C)C)c2)n1,5.220403508742176
Cc1oc(-c2ccccc2)nc1CCOc1cccc(CC2CN(C(=O)OCC(C)C)CCC2C(=O)O)c1,5.219682687859849
Cc1c(CC(=O)N2CCN(C(=O)C3COc4ccccc4O3)CC2)c(=O)oc2c(O)c(O)ccc12,5.219610671529047
CN(Cc1c(F)cccc1Cl)C(=O)CNC(=O)c1ccc2c(c1)OCO2,5.218891164270534
Cn1cc(-c2cnc3ccc(NC(=O)NC(C)(C)C)nc3c2)cn1,5.2182446253475305
CC[C@@](C)(Cc1ccc(OCCCOc2ccc3c(C)cc(=O)[nH]c3c2)cc1)C(=O)O,5.215382707367125
Cc1c(Nc2ccc(OC(F)(F)F)cc2)ncnc1-c1cccc(C(=O)O)c1,5.215382707367125
CCc1cc(OCC[C@@H](C)Oc2ccc(C(F)(F)F)cc2-c2ccccn2)ccc1CCC(=O)O,5.215382707367125
CC1CN(c2cccnc2)Cc2cc(C(=O)Nc3cc(CN4CCN(C)CC4)cc(C(F)(F)F)c3)ccc21,5.214670164989233
CC(C)(Oc1ccc(CCOc2ccc(NC(=O)Nc3ccccc3)cc2)cc1)C(=O)Nc1ccccc1,5.214670164989233
OC[C@H]1O[C@@]2(CC(c3nc4ccccc4s3)=NO2)[C@H](O)[C@@H](O)[C@@H]1O,5.214670164989233
CCC(=O)c1cc(C(C)CC)c(OC(C(=O)O)c2ccccc2)c(C(C)CC)c1,5.213248577854438
O=C(Cn1cc(COc2cc(O)c3c(=O)c4ccc(O)cc4oc3c2)nn1)Nc1ccc(O)c(O)c1,5.212539525481585
Cn1c(C(=O)N2CCC3(CC2)C(=O)NCN3c2ccccc2)cc2c(Nc3ccc(OC(F)(F)F)cc3)ncnc21,5.209011524911184
O=C(N/N=C/c1cccc(F)c1)c1nc(-c2cc3ccccc3oc2=O)cs1,5.207608310501746
O=C(N/N=C/c1ccc(Cl)cc1)c1nc(-c2cc3ccccc3oc2=O)cs1,5.207608310501746
COc1ccc(CC(=O)Nc2ccccc2-c2cccc3c2[nH]c2ccccc23)cc1,5.207608310501746
[C]C([C])=[C][C][C]/C([C])=[C]/[C]C1([C][C]=C([C])[C])C([O])=C(C(=O)c2ccc([O])c([O])c2)C(=O)C2=C1OC([C])([C])[C]=[C]2,5.207608310501746
O=C(N/N=C/c1cc(Cl)cc(Cl)c1O)c1nc(-c2cc3ccccc3oc2=O)cs1,5.207608310501746
COc1ccccc1/C=N/NC(=O)c1nc(-c2cc3ccccc3oc2=O)cs1,5.207608310501746
O=C(N/N=C/c1cc(Cl)ccc1O)c1nc(-c2cc3ccccc3oc2=O)cs1,5.207608310501746
O=C(N/N=C/c1ccc(C(F)(F)F)cc1)c1nc(-c2cc3ccccc3oc2=O)cs1,5.207608310501746
O=C(N/N=C/c1cccc(Br)c1)c1nc(-c2cc3ccccc3oc2=O)cs1,5.207608310501746
COc1ccc(/C=N/NC(=O)c2nc(-c3cc4ccccc4oc3=O)cs2)cc1,5.207608310501746
CC(C)(C)c1cc(/C=N/NC(=O)c2nc(-c3cc4ccccc4oc3=O)cs2)c(O)c(C(C)(C)C)c1,5.207608310501746
O=C(Cc1ccc(Cl)cc1)Nc1ccccc1-c1cccc2c1[nH]c1ccccc12,5.207608310501746
COc1ccc(Nc2cc(-c3ccc(C(=O)NCCNC(=O)c4c(F)cccc4Cl)cc3)ncn2)cc1,5.207608310501746
N#Cc1ccc(CS(=O)(=O)Nc2ccccc2-c2cccc3c2[nH]c2ccccc23)cc1,5.207608310501746
COc1ccc(/C=N/NC(=O)c2nc(-c3cc4ccccc4oc3=O)cs2)c(O)c1,5.207608310501746
O=C(N/N=C/c1ccccc1O)c1nc(-c2cc3ccccc3oc2=O)cs1,5.207608310501746
O=C(N/N=C/c1cccc(Cl)c1)c1nc(-c2cc3ccccc3oc2=O)cs1,5.207608310501746
O=C(N/N=C/c1ccc(O)cc1)c1nc(-c2cc3ccccc3oc2=O)cs1,5.207608310501746
O=C(N/N=C/c1ccccc1F)c1nc(-c2cc3ccccc3oc2=O)cs1,5.207608310501746
O=C(N/N=C/c1cc(O)ccc1O)c1nc(-c2cc3ccccc3oc2=O)cs1,5.207608310501746
O=C(N/N=C/c1ccc(O)c(O)c1)c1nc(-c2cc3ccccc3oc2=O)cs1,5.207608310501746
C(=N\Nc1nc(-c2ccc(-c3ccccc3)cc2)cs1)/c1cccc2ccccc12,5.207608310501746
O=C(N/N=C/c1ccc(O)c(F)c1)c1nc(-c2cc3ccccc3oc2=O)cs1,5.207608310501746
NC(=O)C1CCN(C(=O)c2ccc3c(Nc4ccc(OC(F)(F)F)cc4)ncnc3c2)CC1,5.20690839982342
O=c1cc(-c2ccc(O)c(O)c2)oc2c1ccc1ccccc12,5.204119982655925
CC1(C)CC[C@]2(C(=O)O)CC[C@]3(C)C(=CC[C@@H]4[C@@]5(C)C[C@H](O)[C@@H](O)C(C)(C)[C@@H]5CC[C@]43C)[C@@H]2C1,5.204119982655925
CCOc1ccc2c(c1)c(Oc1cccc(C(F)(F)F)c1)c(C(=O)O)n2-c1ccc(C(C)(C)C)cc1,5.20266319922465
Nc1n[nH]c2cc(-c3ccc(C(=O)N4CCN(C(=O)c5ccc(Br)cc5)CC4)cc3)ccc12,5.202040356262804
O=C(Cc1ccc(Cl)c(Cl)c1)Nc1ccccc1-c1cccc2c1[nH]c1ccccc12,5.200659450546418
O=C(Cn1cccc(NCc2ccccc2)c1=O)NCc1ccc(Cl)c(Cl)c1,5.200659450546418
CC1(C)CC[C@]2(C(=O)OCc3ccccc3)CC[C@]3(C)C(=CCC4[C@@]5(C)CC(C=O)C(=O)C(C)(C)C5CC[C@]43C)[C@@H]2C1,5.200659450546418
CC(=O)Nc1nc(-c2cc(Cl)c(Cl)s2)cs1,5.199970640755866
CCCCN(c1cccc(-c2ccc(Cl)cc2)c1C)S(=O)(=O)c1ccc(OCC(=O)O)c(C)c1C,5.199970640755866
Cc1c([N+](=O)[O-])cc(N2C(=O)C=CC2=O)cc1[N+](=O)[O-],5.198596289982644
CCOC(=O)C1CCCN(C(=O)c2cc3c(Nc4ccc(OC(F)(F)F)cc4)ncnc3n2C)C1,5.197910742118268
CC(C)(C)c1nc(-c2cnc3ccccc3c2)c2c(N)nccn12,5.197226274708024
C=CC(=O)Nc1ccc(Oc2nc(Nc3ccc(N4CCN(C)CC4)cc3OC)ncc2Cl)cc1,5.1944991418416
Cc1cccc(-c2nn3c(c2-c2ccncc2)C(C)C(C)(C)C3)c1C#N,5.1938200260161125
O=C(NCc1nc2ccccc2[nH]1)Nc1nc2ccc(F)cc2s1,5.1938200260161125
COc1ccc(-c2cc(=O)c3ccc(OCc4ccc(Cl)nc4)cc3o2)cc1,5.1938200260161125
CN(C)CCCN1C(=O)c2ccc3c4c(ccc(c24)C1=O)C(=O)N(CCCN(C)C)C3=O,5.1938200260161125
Nc1ncnc2c1c(-c1cccc(O)c1)cn2[C@H]1C[C@@H](CN2CCC2)C1,5.1938200260161125
Cc1oc2nc(SCCCC(=O)NCCO)nc(N)c2c1C,5.189565844077327
CS(=O)(=O)Nc1ccc(-c2cccc(C(=O)N[C@H]3CN[C@@H](C(=O)Nc4ccc(Cl)c(C(F)(F)F)c4)C3)c2)cn1,5.188424994129407
O=C(Cc1ccc(NC(=O)C2CCN(C(=O)c3ccccc3)CC2)cc1)Nc1ccc(C(=O)N2CCOCC2)cc1,5.188223978397096
O=C(NS(=O)(=O)c1ccccc1)C(Sc1nc2cc(Cl)ccc2s1)c1ccccc1,5.187086643357144
Cc1c(-c2cnn(Cc3ccc(OC(F)(F)F)cc3)c2)[nH]c2ccccc2c1=O,5.187086643357144
Cc1c(-c2ccc(Oc3ccc(OC(F)(F)F)cc3)cc2)[nH]c2ccccc2c1=O,5.187086643357144
CCOC(=O)c1c(-c2ccc(-c3ccc(Cl)cc3)cc2)[nH]c2ccccc2c1=O,5.187086643357144
CC1(C)CC[C@]2(C(=O)OCc3ccccc3)CC[C@]3(C)[C@H]([C@@H](O)C[C@@H]4[C@@]5(C)CC[C@H](O)C(C)(C)[C@@H]5CC[C@]43C)[C@@H]2C1,5.184422251675732
Cc1cnc(Nc2cnn(C)c2)nc1N1CC2CCCC(C1)N2CCC#N,5.184223079701637
CC1(C)CC[C@]2(C(=O)OCc3ccccc3)CC[C@]3(C)C(=CC[C@@H]4[C@@]5(C)C[C@H](O)[C@@H](O)C(C)(C)[C@@H]5CC[C@]43C)[C@@H]2C1,5.18111458540599
COc1cccc(CC(=O)Nc2ccccc2-c2cccc3c2[nH]c2ccccc23)c1,5.180456064458131
Cc1c(Cc2c(Cl)cccc2Cl)c(=O)ccn1CCCc1ccc(-c2c[nH]c(CNC(=O)Nc3ncc(Br)s3)n2)cc1,5.180456064458131
Cc1cn([C@@H]2O[C@H](CO)[C@@H](O)[C@H](O)[C@H]2O)c(=O)[nH]c1=O,5.180456064458131
O=C(Cc1ccc(=O)[nH]c1)Nc1ccccc1-c1cccc2c1[nH]c1ccccc12,5.180456064458131
Clc1cccc(Nc2ncnc3n[nH]c(NCc4ccccc4)c23)c1,5.180456064458131
O=C(NCCN1CCOCC1)c1cccc(-c2ccc3c(c2)C(=O)Nc2cc(OC(F)(F)F)ccc2N3)c1,5.179207618911796
COc1cc(-c2ccc(OCCBr)cc2)c(OC)c(OCCBr)c1-c1ccc(O)cc1,5.175874166083451
Oc1ccc2c(c1)sc1nncn12,5.173925197299173
CC1CN(c2cncnc2)Cc2cc(C(=O)Nc3cc(CN4CC[C@@H](N(C)C)C4)cc(C(F)(F)F)c3)ccc21,5.173925197299173
CN(C)C(=O)c1cccc(-c2cn(C)c(=O)c3[nH]ccc23)c1,5.173925197299173
N#C/C(=C\c1ccc(-c2ccc(C(=O)O)cc2)s1)c1nc2ccccc2s1,5.172630726946174
CSCC[C@H](NC(=O)c1ccccc1)C(=O)Nc1nc(-c2ccccc2)cs1,5.168770306132936
O=c1cc(-c2ccc(OCc3ccc(Cl)nc3)cc2)oc2cc(O)cc(O)c12,5.167491087293763
COc1ccccc1COc1ccc(C(N)=O)c(F)c1,5.167491087293763
COc1cc(N2CCN(C)CC2)ccc1Nc1ncc(Cl)c(Oc2cccc([N+](=O)[O-])c2)n1,5.167491087293763
CCc1cccc(-c2nn3c(c2-c2ccnc(Nc4ccc(S(N)(=O)=O)cc4)c2)C(C)C(C)(C)C3)n1,5.167491087293763
COc1cc(N2CCN(C)CC2)ccc1Nc1ncc(Cl)c(Oc2ccccc2[N+](=O)[O-])n1,5.166852888087215
CC(C)(C)c1csc(NC(=O)CNC(=O)c2ccc(N)cc2)n1,5.165579296318468
CCCC(Sc1nc2cc(Cl)ccc2s1)C(=O)NS(=O)(=O)c1ccc(Cl)cc1,5.163675884293248
COc1ccc(CC(=O)Oc2ccc(C)cc2Br)cc1OC,5.163232952605794
CSc1ccccc1OCc1cc(C(=O)N2CCNC(=O)C2)no1,5.162348442153608
Cn1ccc2c(Nc3ccc(OC(F)(F)F)cc3)ncnc21,5.161780778092375
CCC(C)(C)n1nnnc1C(c1cccnc1)N1CCCc2ccccc21,5.161213855053406
O=C(NCc1nc2ccccc2[nH]1)Nc1nc2ccccc2s1,5.161150909262744
Nc1ccccc1NC(=O)CCc1ccc(-c2ccc3ncnc(Nc4ccc(OCc5cccc(F)c5)c(Cl)c4)c3c2)cc1,5.161150909262744
Cc1ccc(NC(=O)[C@H](CC(C)(C)C)NC(=O)c2cccc(CNC(=O)c3ccc(OCCO)cc3)c2)cc1,5.161150909262744
O=C(Cc1ccc2c(c1)OCO2)Nc1ccccc1-c1cccc2c1[nH]c1ccccc12,5.161150909262744
Cc1cc(S(=O)(=O)Nc2nc3ccccc3[nH]2)c(S)cc1Cl,5.161150909262744
Nc1ccc(C(=O)Nc2cccc(Nc3nccc(-c4cccnc4)n3)c2)cc1,5.160345619535736
Cc1ccc(NC(=O)c2ccc(CCl)cc2)cc1Nc1nccc(-c2cccnc2)n1,5.158015195409886
CNCCOc1ccc(C(=O)NCc2cccc(C(=O)N3CCCC3C(=O)Nc3ccc(CCC(=O)O)cc3)c2)cc1,5.154901959985743
c1nc(N2CCC3(CCCNC3)CC2)c2[nH]cnc2n1,5.154901959985743
CC1(C)CC[C@]2(C(=O)OCCCCBr)CC[C@]3(C)C(=CC[C@@H]4[C@@]5(C)C[C@@H](O)[C@H](O)C(C)(C)[C@@H]5CC[C@]43C)[C@@H]2C1,5.154901959985743
CCCCCCCCCCCC(=O)Oc1cccc2c1C(=O)C=CC2=O,5.154901959985743
C/C(=C\COc1ccc2ccc(=O)oc2c1)CC[C@@H]1C(C)(C)[C@H]2CC[C@@]1(C)O2,5.154901959985743
CC(C)(C)C[C@H](NC(=O)c1cccc(CNC(=O)c2ccccc2)c1)C(=O)Nc1ccc(CCC(=O)O)cc1,5.154901959985743
FC(F)(F)Oc1ccc(Nc2cc(-c3cc(Nc4ccc(OC(F)(F)F)cc4)ncn3)ncn2)cc1,5.154901959985743
CC(C)(Oc1ccc(CCOc2ccc(NC(=O)c3ccccc3)cc2)cc1)C(N)=O,5.154901959985743
CCC(NC(=O)c1ccc2c(c1)cc(C)n2Cc1ccc(-c2ccccc2C(=O)O)cc1)c1ccccc1,5.152427340857888
O=C(Cn1cc(COc2cc(O)c3c(=O)c4cc(O)ccc4oc3c2)nn1)Nc1ccc(O)c(O)c1,5.151195298948196
CCC1=Cc2ncc(CN3CCN(c4ccc(C(=O)NC5CC5)nc4)CC3)cc2CC1=O,5.150949309430487
CCC1=CC2N=CC(CN3CCN(c4ccc(C(=O)NC5CC5)nc4)CC3)CC2NC1=O,5.150949309430487
Cc1ccc(NC(=O)Nc2ccc(N(C)C)cc2)cc1Nc1nccc(-c2cccnc2)n1,5.150514997831991
Cc1ccc(NC(=O)c2ccc(CN3CCN(CCO)CC3)cc2)cc1Nc1nccc(-c2cccnc2)n1,5.14978275820161
O=C(Cc1cccc(C(F)(F)F)c1)Nc1ccccc1-c1cccc2c1[nH]c1ccccc12,5.1487416512809245
FC(F)(F)Oc1ccc(Nc2cc(-n3ccc4cccnc43)ncn2)cc1,5.146301788223825
COc1c(Br)c(-c2ccc(O)cc2)c(OC)c(O)c1-c1ccc(O)cc1,5.146301788223825
Cc1cc(Oc2cccc(CNC(=O)c3ccc(Cl)cc3C)c2)ccc1OC(C)(C)C(=O)O,5.14545106418705
COc1ccc(C=O)c(OCC(=O)Nc2sc3c(c2C#N)CCC(C)C3)c1,5.1444808443322
Cc1cn(-c2cc(NC(=O)c3ccc4c(c3)CN(c3cncnc3)CC4C)cc(C(F)(F)F)c2)cn1,5.142667503568731
FC(F)(F)Oc1ccc(Nc2ncnc3nn(Cc4cccc(Br)c4)cc23)cc1,5.142667503568731
CC(C)c1cc(CN2CCN(C)CC2)cc(NC(=O)c2ccc3c(c2)CN(c2cncnc2)CC3C)c1,5.142667503568731
Nc1cc(F)c(Sc2ccccn2)cc1C(=O)Nc1cccc(F)c1,5.142667503568731
Cc1oc(-c2ccccc2)nc1CCOc1cccc(Cc2nnn(-c3ccccc3)c2C(=O)O)c1,5.137272471682025
O=C(Nc1ccc(NS(=O)(=O)c2ccc(Cl)c(Cl)c2)cc1)Nc1ccc([N+](=O)[O-])cc1,5.136677139879544
Nc1ncnc2c1c(-c1ccc(Cl)cc1)nn2CC1CCNCC1,5.135133085671474
CC(C)COc1ccc2cc(-c3nn(CC4CCNCC4)c4ncnc(N)c34)ccc2c1,5.13430394008393
CCc1ccc(O[C@H](C)CCOc2ccc(CCC(=O)O)c(CC)c2)c(-c2ccccn2)c1,5.13399992204554
CCN(CC)C(=O)c1cncc(-c2ccc(C(=O)N[C@H]3CN[C@@H](C(=O)Nc4ccc(Cl)c(C(F)(F)F)c4)C3)cc2)c1,5.130768280269024
CCCCN(CCCC)C(=O)[C@H](C)NC(=O)[C@@H](NC(=O)[C@H](Cc1ccc(OP(=O)(O)O)cc1)NC(C)=O)C(C)C,5.130768280269024
COc1cc(C=O)ccc1OCC(=O)Nc1sc2c(c1C#N)CCC(C)C2,5.1295960947209736
CS(=O)(=O)Nc1cccc(-c2ccc3c(c2)Oc2ccc(OC(F)(F)F)cc2NC3=O)c1,5.129186576084402
[C]C([C])=[C][C][C]/C([C])=[C]/[C]c1c([O])cc(/[C]=[C]/c2ccc(Cl)cc2)cc1[O],5.126679398184601
Cc1cc(S(=O)(=O)Nc2nnc3c4ccccc4ccn23)c(S)cc1Cl,5.1249387366083
COc1ccc(-c2coc3cc(OCc4ccc(Cl)nc4)ccc3c2=O)cc1,5.1249387366083
Cc1oc(-c2ccccc2)nc1CCOc1ccc(Cc2nnn(-c3ccccc3)c2C(=O)O)cc1,5.1249387366083
CCc1ccc(-c2nc3cc(NC(=O)c4cc([N+](=O)[O-])ccc4Br)ccc3o2)cc1,5.1249387366083
COc1cc(N2CCN(C)CC2)ccc1Nc1ncc(Cl)c(Oc2ccc(N=C=S)cc2)n1,5.1249387366083
O=C(Cc1ccccc1)Nc1ccccc1-c1cccc2c1[nH]c1ccccc12,5.119186407719209
CC1(C)CCc2cc(CC3=C(c4ccc(O)cc4)[C@@](O)(C(=O)O)OC3=O)ccc2O1,5.117475462045119
COc1ccc(C(=O)n2c(C)c(Cc3cccc(O[C@@H](C)C(=O)O)c3)c3cc(OC(F)(F)F)ccc32)cc1,5.1164220669589096
COc1ccc2cc(-c3n[nH]c4cccnc34)[nH]c2c1,5.114638779968487
Cn1cnc2ncnc(Nc3ccc(OC(F)(F)F)cc3)c21,5.114073660198569
Cc1oc(-c2ccccc2)nc1CCOc1cccc(C2CN(C(=O)Oc3ccccc3)CCC2CC(=O)O)c1,5.113960724433557
CCc1ccc(C(=O)Nc2cc(CN3CCN(C)CC3)cc(C(F)(F)F)c2)cc1C#Cc1ccoc1,5.113509274827518
Cc1ccc(-c2cc(-c3ccccc3Cl)c(C#N)c(N)n2)o1,5.110138278741811
CCCCCCCCCCCC(=O)OCc1cn(CC(=O)O[C@H]2CC[C@]3(C)[C@H]4CC=C5[C@@H]6CC(C)(C)CC[C@]6(C(=O)OCc6ccccc6)CC[C@@]5(C)[C@]4(C)CC[C@H]3C2(C)C)nn1,5.110138278741811
Nc1ccccc1NC(=O)c1ccc(C(=O)Nc2cccc(Nc3ncc(-c4cccnc4)cn3)c2)cc1,5.107905397309519
CC1(C)CC[C@]2(C(=O)O)CC[C@]3(C)C(=CC[C@@H]4[C@@]5(C)Cc6cn[nH]c6C(C)(C)[C@@H]5CC[C@]43C)[C@@H]2C1,5.107905397309519
CN1CCN(c2ccc(-c3cc4c(c(N)nn4C)c(=O)[nH]3)cc2)CC1,5.107905397309519
COc1cccc(CSc2nnc(CSc3nc4nc(C)cc(C)n4n3)s2)c1,5.107794054024227
CCOC(=O)N1CCN(C(=O)Nc2ccc(NC(=O)N3CCN(C(=O)OCC)CC3)cc2)CC1,5.107293362194334
COc1cc(/C=C(\C#N)c2nc3ccccc3s2)ccc1O,5.106238237942057
CC(C)COc1ccc2cc(-c3nn(CC4CCN(C)CC4)c4ncnc(N)c34)ccc2c1,5.1054070520770445
O=C(O)Cc1csc2cc(OCc3ccccc3COc3ccc(C(F)(F)F)cc3)ccc12,5.104577453960593
CC(C)n1nc(Cc2cccc3ccccc23)c2c(N)ncnc21,5.102372908709558
CC[C@H](C)[C@H](NC(=O)[C@H](CCC(=O)O)NC(=O)[C@H](CCC(=O)O)NC(=O)[C@H](Cc1ccc(OP(=O)(O)O)cc1)NC(C)=O)C(=O)N[C@@H](CCC(=O)O)C(=O)O,5.102372908709558
COc1ccc2c(ccn2S(=O)(=O)c2cccc(C(=O)Nc3ccc(C)cc3C(=O)O)c2)c1,5.100015437450609
CCCCN(c1cccc(-c2cccc(Cl)c2)c1C)S(=O)(=O)c1ccc(OC(C)C(=O)O)c(C)c1C,5.100015437450609
CCCCN(c1cccc(-c2ccc(C(F)(F)F)cc2)c1Cl)S(=O)(=O)c1ccc(OC(C)C(=O)O)c(C)c1C,5.100015437450609
O=C(O)c1cccc(Nc2nccc(-c3cccnc3)n2)c1,5.100007782892403
Cc1cn(-c2cc(NC(=O)c3ccc(C)c(Nc4nccc(-c5ccccc5)n4)c3)cc(N3CCNCC3)c2)cn1,5.0996328713435295
Oc1ccc(-c2ccccc2-c2cc(O)cc(O)c2)cc1,5.096910013008056
CC1=NN(C(=O)c2ccccc2)C(c2ccccc2O)C1,5.096910013008056
O=C1N/C(=N/c2ccccc2Cl)S/C1=C1\C(=O)Nc2ccc(F)cc21,5.096910013008056
C[C@@H]1C[C@H](C)C[C@H](C)[C@@H](O)CC(=O)O[C@H]([C@@H]2CCC[C@H]2C(=O)O)C/C=C/C=C(/C#N)[C@H](O)[C@@H](C)C1,5.096910013008056
CC1(C)CC[C@]2(C(=O)OCc3ccccc3)CC[C@]3(C)C(=CCC4[C@@]5(C)C/C(=N\OCc6ccc(Cl)cc6Cl)C(=O)C(C)(C)C5CC[C@]43C)[C@@H]2C1,5.096910013008056
CC1(C)CC[C@]2(C(=O)OCc3ccccc3)CC[C@]3(C)C(=CC[C@@H]4[C@@]5(C)C/C(=N\OCc6ccc(Cl)cc6Cl)C(=O)C(C)(C)[C@@H]5CC[C@]43C)[C@@H]2C1,5.096910013008056
COc1cc(/C=C/c2cccc(OC)c2O)cc(OC)c1,5.096910013008056
Cc1ccc(-n2nc3c(c2NC(=O)c2ccc(Br)o2)CSC3)c(C)c1,5.09528445472132
OC[C@H]1NC[C@H](O)[C@@H](O)[C@@H]1O,5.09528445472132
CCOc1ccc2cc(-c3nn(C(C)(C)C)c4ncnc(N)c34)ccc2c1,5.094743951251549
COc1ccc(S(=O)(=O)N2CCCCCC2)cc1C(=O)Nc1ccc(C(=O)N(C)C)cc1,5.093234110459273
O=S(=O)(Cc1ccc(C(F)(F)F)cc1)Nc1ccccc1-c1cccc2c1[nH]c1ccccc12,5.09151498112135
Fc1ccc(CNc2ncnc3c2cnn3CC(Cl)c2ccc(Cl)cc2)cc1,5.09151498112135
CC1(C)CC[C@]2(C(=O)OCc3ccccc3)CC[C@]3(C)C(=CC[C@@H]4[C@@]5(C)Cc6cn[nH]c6C(C)(C)[C@@H]5CC[C@]43C)[C@@H]2C1,5.09151498112135
C[C@H]1CN(c2cncnc2)Cc2cc(C(=O)Nc3cc(CN4CCCN(C)CC4)cc(C(F)(F)F)c3)ccc21,5.09151498112135
COc1cc(N2CCN(C)CC2)ccc1Nc1ncc(Cl)c(Oc2ccccc2NC(=O)/C=C/CN(C)C)n1,5.090443970758825
CCc1ccc(OC(C)CCOc2ccc(CCC(=O)O)c(C)c2)c(C(=O)c2ccccc2)c1,5.083493412884844
CCc1ccc(O[C@H](C)CCOc2ccc(CCC(=O)O)c(C)c2)c(-c2ccccn2)c1,5.081445469449727
Clc1cccc(-c2[nH]c3ccccc3c2-c2nc(-c3ccccc3)c(-c3ccccc3)n2-c2ccccc2)c1,5.080921907623926
Fc1ccc2[nH]c(-c3ccccc3)c(-c3nc(-c4ccccc4)c(-c4ccccc4)n3-c3cccc(Cl)c3)c2c1,5.080921907623926
FC(F)(F)c1ccc(-c2[nH]c3ccccc3c2-c2nc(-c3ccccc3)c(-c3ccccc3)n2-c2ccccc2)cc1,5.080921907623926
Fc1ccc2[nH]c(-c3ccccc3)c(-c3nc(-c4ccccc4)c(-c4ccccc4)n3-c3ccccc3)c2c1,5.080921907623926
CCCc1c(OCCCn2ccc3cc(C(=O)O)ccc32)ccc2c(C(F)(F)F)noc12,5.080921907623926
CC(=O)Nc1ccc(-n2c(-c3c(-c4ccccc4)[nH]c4ccc(F)cc34)nc(-c3ccccc3)c2-c2ccccc2)cc1,5.080921907623926
COc1ccc(-n2c(-c3c(-c4ccc(Cl)cc4)[nH]c4ccc(Cl)cc34)nc(-c3ccccc3)c2-c2ccccc2)cc1,5.080921907623926
COc1ccc(-n2c(-c3c(-c4cccc(Br)c4)[nH]c4ccccc34)nc(-c3ccccc3)c2-c2ccccc2)cc1,5.080921907623926
Brc1ccc(-n2c(-c3c(-c4cccc(Br)c4)[nH]c4ccccc34)nc(-c3ccccc3)c2-c2ccccc2)cc1,5.080921907623926
COc1ccc(NC(=O)Cn2cc(COc3cc(O)c4c(=O)c5cc(OC)ccc5oc4c3)nn2)c(OC)c1,5.080398976215889
C#CCOC(=O)N1CCc2c(OCCc3nc(-c4ccccc4)oc3C)ccc(CCC(=O)O)c2C1,5.0757724187398825
CCCCCCCCCCCC(=O)OCc1cn(CC(=O)O[C@H]2CC[C@]3(C)[C@H]4CC=C5[C@@H]6CC(C)(C)CC[C@]6(C(=O)O)CC[C@@]5(C)[C@]4(C)CC[C@H]3C2(C)C)nn1,5.075720713938118
Cc1cc(Nc2ncc(C)c(N3CC(CC#N)(N4CCCCC4)C3)n2)sn1,5.074069402131529
CC1(C)CC[C@]2(C(=O)O)CC[C@]3(C)C(=CC[C@@H]4[C@@]5(C)C[C@@H](O)CC(C)(C)[C@@H]5CC[C@]43C)[C@@H]2C1,5.070581074285707
COc1ccc(Nc2cc(-c3ccc(C(=O)NCCNC(=O)c4cccc(OC)c4)cc3)ncn2)cc1,5.069050968832477
Cc1ccc2c(=O)[nH]c(CSc3ncccn3)nc2c1C,5.068033885271827
Cc1ccccc1C(=O)N1CCN(C(=O)c2ccc(-c3cccc4[nH]nc(N)c34)cc2)CC1,5.067526235322847
COc1cc(-c2ccc(O)cc2)c(OC)c(OCCC(C)C)c1-c1ccc(O)cc1,5.066512712151295
Cc1ccc2[nH]c([C@@H]3O[C@H](CO)[C@@H](O)[C@H](O)[C@H]3O)nc2c1,5.065501548756432
COCCN=NNc1cccc(Nc2nccc(-c3cccnc3)n2)c1,5.065501548756432
COCCS(=O)(=O)Nc1ccccc1-c1cccc2c1[nH]c1ccccc12,5.065501548756432
[C]O[C@H]1OC(=O)C([C]c2ccc([O])c([C][C]=C([C])[C])c2)=C1c1ccc([O])cc1,5.062983892535186
CCCOc1ccc(-c2cc(OC)c(-c3ccc(O)cc3)c(OCCC)c2OC)cc1,5.060980223551334
Cc1ccc(CC(=O)Nc2ccccc2-c2cccc3c2[nH]c2ccccc23)cc1,5.060480747381382
CCn1cnc2c(-c3ccc(F)c(-c4cc5c(cc4OC)C(=O)N(C)C5)c3)cnnc21,5.060480747381382
C=CCOc1ccc(-c2cc(OC)c(-c3ccc(O)cc3)c(OCC=C)c2OC)cc1,5.057000406633959
[C]C(=[C])[C]([O])[C][C@@H]1[C][C@]2([C][C]=C([C])[C])C(=O)[C@@]([C][C]=C([C])[C])(C(=O)C(C(=O)c3ccc([O])c([O])c3)=C2[O])[C@@]1([C])[C][C][C]=C([C])[C],5.055517327849831
Cc1ccc(C)c(OCCCC(C)(C)C(=O)NS(=O)(=O)c2ccccc2)c1,5.055517327849831
C=C(C)C(COc1c2occc2c(OC)c2ccc(=O)oc12)OC(C)(C)[C@H](O)COc1c2ccoc2cc2oc(=O)ccc12,5.055517327849831
C=C(C)C(COc1c2occc2cc2ccc(=O)oc12)OC(C)(C)[C@H](O)COc1c2ccoc2cc2oc(=O)ccc12,5.055517327849831
COC(=O)CCSCc1cn2cc(Cl)ccc2n1,5.054088483180727
N#C/C(=C\c1ccc(O)c(O)c1)C(=O)Nc1cccc2ncccc12,5.053154886039377
CNC(=O)CCc1ccc(NC(=O)[C@H](CC(C)(C)C)NC(=O)c2cccc(CNC(C)=O)c2)cc1,5.050609993355087
Cc1ccc(NC(=O)c2ccc(C(=O)NO)cc2)cc1Nc1ncc(-c2cccnc2)s1,5.050609993355087
CCc1ccc(O[C@H](CC)CCOc2ccc(CCC(=O)O)c(C)c2)c(C(=O)c2ccccc2)c1,5.049999969853415
Cc1ccc(NC(=O)NCCN2CCCC2)cc1Nc1nccc(-c2cccnc2)n1,5.049988031665045
CCc1ccc(OC(CC)CCOc2ccc(CCC(=O)O)c(C)c2)c(C(=O)c2ccccc2)c1,5.0496838360754
Cn1ccnc1Sc1cc(C(=O)Nc2cccc(C(F)(F)F)c2)c(N)cc1F,5.048176964684088
COc1ccc(C(=O)Nc2ccccc2-c2cccc3c2[nH]c2ccccc23)cc1,5.045757490560675
Cc1c(Cc2c(Cl)cccc2Cl)c(=O)ccn1C/C=C/c1ccc(-c2c[nH]c(CNC(=O)Nc3ncc(Br)s3)n2)cc1,5.045757490560675
Nc1c(C(=O)Nc2cc(Cl)ccc2Cl)sc2nc(-c3cccs3)ccc12,5.045757490560675
C[C@H]1[C@H](C)CC[C@]2(C(=O)O)CC[C@]3(C)C(=CC[C@@H]4[C@@]5(C)CC[C@H](O)C(C)(C)C5CC[C@]43C)[C@H]12,5.045757490560675
C[C@H]1[C@H](C)CC[C@]2(C(=O)O)CC[C@]3(C)C(=CC[C@@H]4[C@@]5(C)CC[C@H](O)C(C)(C)[C@@H]5CC[C@]43C)[C@H]12,5.045757490560675
CNCc1ccc(-c2[nH]c3cc(F)cc4c3c2CCNC4=O)cc1,5.042778173934248
CCc1ccc(O[C@H](C)CCOc2ccc(CCC(=O)O)c(C)c2)c(-c2cccs2)c1,5.040481623027002
O=S(c1ccccc1O)S(=O)c1ccccc1O,5.038578905933552
Nc1ccc(-c2ccc(C(=O)N[C@H]3CN[C@@H](C(=O)Nc4ccc(Cl)c(C(F)(F)F)c4)C3)cc2)cn1,5.037157318798758
Cc1ccc(NCc2ccc(/C=C/C(=O)NO)cc2)cc1Nc1nccc(-c2cccnc2)n1,5.036212172654444
COc1ccc(Nc2cc(-c3ccc(C(=O)NCCNC(=O)c4ccccc4Cl)cc3)ncn2)cc1,5.0343280287798935
COc1ccc(Nc2cc(-c3ccc(C(=O)NCCNC(=O)c4cccc(N(C)C)c4)cc3)ncn2)cc1,5.033858267260968
CC(C)C(NC(=O)[C@@H]1CCCN1C(=O)[C@@H](NC(=O)OCc1ccccc1)C(C)(C)C)P(=O)(Oc1ccccc1)Oc1ccccc1,5.031517051446064
COc1ccc(NC(=O)c2cc(Sc3nccn3C)c(F)cc2N)cc1OC,5.031517051446064
CCc1cc(Oc2cc(F)cc([C@@H](C)NC(=O)c3sc4ccc(Cl)cc4c3C)c2)ccc1CCC(=O)O,5.030000139977383
CN(C(=O)c1ccc(NC(=O)Cc2ccc(NC(=O)C3CCN(C(=O)C4CC4)CC3)cc2)cc1)C1CC1,5.027195677663422
CN1CCN(CCc2ccc(NC(=O)c3cc(-c4ccc5c(c4)OCO5)c[nH]c3=O)cc2)CC1,5.022276394711152
Cc1ccncc1-c1cnc2nc(NC(=O)C3CC3)sc2c1,5.022276394711152
Cc1ccc(C(=O)Nc2ccc(F)c(Cl)c2)cc1Nc1nccc(-c2cccnc2)n1,5.019133445417921
Clc1ccc(/N=c2\scc(-c3ccc(Cl)cc3)n2Nc2ccccc2)cc1,5.017728766960431
COc1ccc(Cn2ccc3c(Nc4ccc(OC(F)(F)F)cc4)ncnc32)cc1,5.014124642691606
C=CC(=O)Nc1cccc(Oc2nc(Nc3ccc(N4CCN(C)CC4)cc3OC)ncc2Cl)c1,5.013676222949234
CCc1ccc(C(=O)Nc2cc(CN3CCN(C)CC3)cc(C(F)(F)F)c2)cc1C#Cc1cnc(N(C)C)nc1,5.013228265733755
C=CCOc1ccc(/C=C2\SC(=O)N(Cc3cccc([N+](=O)[O-])c3)C2=O)cc1OCC,5.008773924307505
Cc1cc(C)nc(Sc2cc(C(=O)Nc3cccc(N)c3)c(N)cc2F)n1,5.008773924307505
CCOc1ccc(CCNC(=O)CN2C(=O)c3cccnc3Oc3ccc(C)cc32)cc1OCC,5.008021209005417
COc1cccc(-c2nc3sccn3c2-c2ccnc(NCCNS(=O)(=O)c3ccc(C(F)(F)F)cc3)n2)c1,5.006563769502389
Cn1ccnc1Sc1cc(C(=O)Nc2cccc(C#N)c2)c(N)cc1F,5.005682847330363
Cc1cc(F)c(Sc2nccn2C)cc1C(=O)Nc1cccc(C#N)c1,5.004364805402449
Cc1ccc(NC(=O)c2cccc(C(F)(F)F)c2)cc1/C=C/n1cnc2c(Nc3ccncc3)ncnc21,5.004364805402449
Cc1oc(-c2ccc(-c3ncccn3)cc2)nc1CCOc1ccc(CCC(=O)O)c(CNC(=O)OC(C)C)c1,5.002613615602687
[C]O[C@@H]1OC(=O)C([C]c2ccc([O])c([C][C]=C([C])[C])c2)=C1c1ccc([O])cc1,5.000869458712629
COC(=O)c1sccc1S(=O)(=O)Nc1ccc(Nc2ccccc2)cc1OC,5.0
c1cc2c3ccc4c5c(ccc(c6ccc7c(c1CN(CCN1CCCCC1)C7)c26)c53)CN(CCN1CCCCC1)C4,5.0
Nc1ncnc2c1ncn2[C@@H]1O[C@H](COP(=O)(O)OP(=O)(O)OP(=O)(O)Oc2ccccc2)[C@@H](O)[C@H]1O,5.0
Nc1ncnc2c1c(-c1ccccc1)nn2-c1ccccc1,5.0
Nc1ncnc2c1c(-c1ccccc1)nn2CC1CCNCC1,5.0
CC(Oc1cc2nc(CSC3CCOCC3)[nH]c(=O)c2c(F)c1F)C1CCOCC1,5.0
Nc1ncnc2c1c(-c1ccc3cc(OCc4ccccc4)ccc3c1)nn2CC1CCNCC1,5.0
Nc1ncnc2c1c(-c1ccc3cc(OCc4ccccc4Cl)ccc3c1)nn2CC1CCNCC1,5.0
Nc1ncnc2c1c(-c1ccc3oc(-c4ccccc4)nc3c1)nn2CC1CCNCC1,5.0
Nc1ncnc2c1c(-c1cccc(OCC34CCC(CC3)O4)c1)cn2[C@H]1C[C@@H](CN2CCC2)C1,5.0
CC[C@H](CO)Nc1nc(NCc2ccccc2)c2ncn(C(C)C)c2n1,5.0
COc1ccc(N2CCN(C)CC2)cc1Nc1ncc2c(n1)-c1c(c(C(N)=O)nn1C)CC2,5.0
Cc1cn(-c2cc(NC(=O)c3ccc(C)c(Nc4nccc(-c5ccc(F)cc5)n4)c3)cc(N3CCOCC3)c2)cn1,5.0
Cc1cn(-c2cc(NC(=O)c3ccc(C)c(Nc4nccc(-c5ccccc5)n4)c3)cc(N3CCN(C)CC3)c2)cn1,5.0
Cc1cn(-c2cc(NC(=O)c3ccc(C)c(Oc4cccc5ccncc45)c3)cc(N3CCN(C)CC3)c2)cn1,5.0
Cc1cn(-c2cc(NC(=O)c3ccc(C)c(Oc4ccccc4)c3)cc(C(F)(F)F)c2)cn1,5.0
Cc1cn(-c2cc(NC(=O)c3ccc(C)c(Oc4ccccc4)c3)cc(N3CCN(C)CC3)c2)cn1,5.0
Cc1cn(-c2cc(NC(=O)c3ccc4c(c3)CN(c3cncnc3)C[C@@H]4C)cc(C(F)(F)F)c2)cn1,5.0
Cc1cn(-c2cc(NC(=O)c3ccc4c(c3)CN(c3cncnc3)C[C@H]4C)cc(C(F)(F)F)c2)cn1,5.0
CC[C@H]1CN(c2cncnc2)Cc2cc(C(=O)Nc3cc(CN4CCN(C)CC4)cc(C(F)(F)F)c3)ccc21,5.0
CCc1ccc(C(=O)Nc2cccc(C(F)(F)F)c2F)cc1-c1cc(C)cc(-c2cnc3cnccn23)c1,5.0
CCc1ccc(C(=O)Nc2ccccc2C(F)(F)F)cc1-c1cccc(-c2cnc3cnccn23)c1,5.0
CCc1ccc(CCOc2ccc(Cc3sc(=O)[nH]c3O)cc2)nc1,5.0
Cc1c(C(=O)N2CCOc3ccc(-c4ccc(N)nc4)cc3C2)ccc(S(C)(=O)=O)c1F,5.0
Nc1ncnc2c1c(-c1cccc(OCc3ccccc3)c1)cn2[C@H]1C[C@@H](CN2CCC2)C1,5.0
Nc1ncnc2c1c(-c1cccc(OCc3ccccc3)c1)cn2[C@H]1C[C@H](N2CCC2)C1,5.0
Nc1nc2ccc(C(=O)c3ccccc3)cc2[nH]1,5.0
Nc1nc2ccc(C(=O)c3ccccc3)cc2n1CC1CCNCC1,5.0
Nc1nc2ccc(C(=O)c3ccccc3)cc2n1CCC1CCNCC1,5.0
CCc1cc(CN2CCN(C)CC2)cc(NC(=O)c2ccc3c(c2)CN(c2cncnc2)CC3C)c1,5.0
O=c1[nH]c(CSC2CCOCC2)nc2ncccc12,5.0
Cc1cn(-c2cc(/C=C/C(=O)O)cc(NC(=O)c3ccc(C)c(Nc4nccc(-c5ccccc5)n4)c3)c2)cn1,5.0
Cc1cn(-c2cc(CN3CCCC[C@H]3C(N)=O)cc(NC(=O)c3ccc(C)c(Nc4nccc(-c5ccc(F)cc5)n4)c3)c2)cn1,5.0
Cc1cn(-c2cc(CN3CCC[C@H](N)C3)cc(NC(=O)c3ccc(C)c(Nc4nccc(-c5ccc(F)cc5)n4)c3)c2)cn1,5.0
Cc1cn(-c2cc(CN3CCC[C@H](N)C3)cc(NC(=O)c3ccc(C)c(Oc4ccccc4)c3)c2)cn1,5.0
Cc1cn(-c2cc(CN3CCN(C)CC3)cc(NC(=O)c3ccc(C)c(Nc4nccc(-c5ccccc5)n4)c3)c2)cn1,5.0
Cc1cn(-c2cc(CCC(=O)O)cc(NC(=O)c3ccc(C)c(Nc4nccc(-c5ccccc5)n4)c3)c2)cn1,5.0
Cc1cn(-c2cc(CCS(N)(=O)=O)cc(NC(=O)c3ccc(C)c(Nc4nccc(-c5ccccc5)n4)c3)c2)cn1,5.0
Cc1ccncc1-c1ccc2nc(NC(=O)C3C[C@@H]3F)sc2c1,5.0
O=c1[nH]c(CSC2CCOCC2)nc2cccnc12,5.0
Nc1nccn2c1c(-c1ccc3ccc(-c4ccccc4)nc3c1)nc2[C@H]1C[C@@H](CN2CCC2)C1,5.0
Cc1c(C)n(Cc2ccc(-c3ccccc3C(=O)O)cc2)c2ccc(C(=O)NCCCc3ccccc3)cc12,5.0
Cc1c(C)n(Cc2ccc(-c3ccccc3C(=O)O)cc2)c2ccc(C(=O)NCc3ccccc3)cc12,5.0
Cc1c(CN2CCN(C)CC2)cc(NC(=O)c2ccc3c(c2)CN(c2cncnc2)CC3C)cc1C(F)(F)F,5.0
CCc1ccc(C(=O)Nc2cccc(C(F)(F)F)c2)cc1-c1ccc(C)c(-c2cnc3cnccn23)c1,5.0
C=CC(=O)N(c1ccc(Br)cc1Br)c1c(C#N)cnc2cc(OC)c(OC)cc12,5.0
COc1cc(O)c2c(=O)c(-c3cccc(Cl)c3)cn(C)c2c1,5.0
O=C1Cc2c(ncnc2Nc2ccc(OC(F)(F)F)cc2)N1,5.0
CC[C@@H]1CN(c2cncnc2)Cc2cc(C(=O)Nc3cc(CN4CCN(C)CC4)cc(C(F)(F)F)c3)ccc21,5.0
CCOc1ccc2cc(-c3nn(CC4CCNCC4)c4ncnc(N)c34)ccc2n1,5.0
CC(C)Oc1ccc2cc(-c3nn(CC4CCNCC4)c4ncnc(N)c34)ccc2c1,5.0
O=c1[nH]c(CSC2CCOCC2)nc2ccncc12,5.0
O=c1[nH]c(CSC2CCOCC2)nc2cnccc12,5.0
Cc1ccnc2c(=O)[nH]c(CSC3CCOCC3)nc12,5.0
Cc1ccncc1-c1ccc2c(c1)sc(=N)n2C,5.0
Cc1ccncc1-c1ccc2nc(N(C)C(=O)OC(C)(C)C)sc2c1,5.0
Cc1ccncc1-c1ccc2nc(N(C)C(=O)[C@@H]3C[C@@H]3F)sc2c1,5.0
CC(C)[C@@H]1CN(c2cncnc2)Cc2cc(C(=O)Nc3cc(CN4CCN(C)CC4)cc(C(F)(F)F)c3)ccc21,5.0
CC(C)[C@H]1CN(c2cncnc2)Cc2cc(C(=O)Nc3cc(CN4CCN(C)CC4)cc(C(F)(F)F)c3)ccc21,5.0
CC(C)c1ccc(C(=O)Nc2cccc(C(F)(F)F)c2)cc1-c1cccc(-c2cnc3cnccn23)c1,5.0
O=c1c(-c2ccc(O)cc2)coc2cc(O)cc(O)c12,5.0
CC(C)CC(=O)Nc1[nH]nc2c1CN(C(=O)C1CCN(C)CC1)C2(C)C,5.0
Cc1nccc2c(=O)[nH]c(CSC3CCOCC3)nc12,5.0
COc1ccc(CNc2[nH]nc3ncnc(Nc4cccc(Cl)c4)c23)cc1,5.0
CCc1ccc(C(=O)Nc2cccc(C(F)(F)F)c2)cc1-c1cc(-c2cnc3cnccn23)cc(C(C)C)c1,5.0
C=CC(=O)Nc1cc2c(Nc3ccc(F)c(Cl)c3)ncnc2s1,5.0
O=C1N=C(S)SC1=Cc1ccc(Sc2ccc3ccccc3c2)c([N+](=O)[O-])c1,5.0
CCOc1ccc2cc(-c3nc(C(C)(C)C)n4ccnc(N)c34)ccc2c1,5.0
Cc1c(Nc2ccc(OC(F)(F)F)cc2)ncnc1-c1ccc(-c2ccccc2)cc1,5.0
CCc1ccc(C(=O)Nc2ccc(F)c(C(F)(F)F)c2)cc1-c1cc(C)cc(-c2cnc3cnccn23)c1,5.0
CCc1ccc(C(=O)Nc2cccc(C(F)(F)F)c2)cc1-c1cc(-c2cnc3cnccn23)cc(C(C)(C)C)c1,5.0
C=CC(=O)Nc1ccc2ncnc(Nc3ccc(OCc4cccc(F)c4)c(Cl)c3)c2c1,5.0
COC(=O)Cn1cc(-c2cccc(Cl)c2)c(=O)c2c(O)cc(OC)cc21,5.0
C=CC(=O)Nc1ccc2ncnc(Nc3ccc4[nH]cc(Br)c4c3)c2c1,5.0
C=C(c1ccc(Sc2ccc(C)cc2)c([N+](=O)[O-])c1)c1sc(S)nc1O,5.0
Nc1cnn(-c2ccc3c(=O)[nH]c(CSC4CCOCC4)nc3c2)c1,5.0
Nc1ccc(C(=O)NCC(=O)Nc2nc(-c3cc(-c4ccncc4)ccn3)cs2)cc1,5.0
COc1ccc(-c2cccc(-c3cc(OC)cc(OC)c3)c2)cc1,5.0
COc1ccc(-c2cnn3c(N)c(-c4nccs4)c(OC4CCN(C)CC4)nc23)cc1OC,5.0
COc1cc2ncnc(Nc3cccc(-c4ccccc4)c3)c2cc1OC,5.0
Cc1c(Nc2ccc(OC(F)(F)F)cc2)ncnc1-c1cccc2[nH]ccc12,5.0
COc1ccc2nc(CSC3CCOCC3)[nH]c(=O)c2c1,5.0
Cc1cccc2c(=O)[nH]c(CSC3CNC3)nc12,5.0
Cc1cccc2c(=O)[nH]c(CS[C@H]3C[C@H](OCc4ccccc4)C3)nc12,5.0
O=C(O)COc1ccc(SCc2c(F)cccc2OCc2ccc(C(F)(F)F)cc2)c2c1CCC2,5.0
O=C(O)COc1ccc(SCc2cc(F)ccc2OCc2ccc(C(F)(F)F)cc2)c2c1CCC2,5.0
COc1ccc2ccc3c([nH]c4c5ccccc5nc(NCCN(C)C)c34)c2c1,5.0
COc1ccc2cc(-c3nc(C(C)(C)C)n4ccnc(N)c34)ccc2c1,5.0
CC(C)Cc1ccc(C(=O)NCCS(=O)(=O)c2ccc(C(F)(F)F)cn2)cc1,5.0
O=C1N=C(S)SC1=Cc1ccc(SC2CCCCC2)c([N+](=O)[O-])c1,5.0
Nc1ccc2c(=O)[nH]c(CSC3CCOCC3)nc2c1,5.0
Nc1cc2nc(CSC3CCOCC3)[nH]c(=O)c2c(F)c1F,5.0
C[C@H]1CN(c2cncnc2)Cc2cc(C(=O)Nc3cc(CN4CCN(C)CC4)cc(C(F)(F)F)c3)ccc21,5.0
C[C@H]1CN(c2cncnc2)Cc2cc(NC(=O)c3cc(CN4CCN(C)CC4)cc(C(F)(F)F)c3)ccc21,5.0
Cc1c(Oc2ccccc2)ccc2c(=O)[nH]c(CSC3CCOCC3)nc12,5.0
Cc1c(Nc2ccc(OC(F)(F)F)cc2)ncnc1-c1ccc(CN)cc1,5.0
CCO[C@H](Cc1ccc(OCCN2c3ccccc3Oc3ccccc32)cc1)C(=O)O,5.0
CNc1nc2ccc(-c3cnccc3C)cc2s1,5.0
Cc1cccc2c(=O)[nH]c(CS[C@@H]3CCC[C@H](CO)O3)nc12,5.0
O=C(O)COc1ccc(SCc2ccc(OCc3ccc(F)cc3)cc2)c2c1CCC2,5.0
O=C(O)COc1ccc(SCc2ccc(OCc3ccccc3)cc2)c2c1CCC2,5.0
O=C(O)COc1ccc(SCc2ccccc2OCc2ccc(C(F)(F)F)cc2)c2c1CCC2,5.0
O=C1NCCc2[nH]c(-c3ccncc3)cc21,5.0
Cc1cc(-c2cc(NC(=O)c3ccc(C)c(Nc4nccc(-c5ccc(F)cc5)n4)c3)cc(N3CCN(C)CC3)c2)on1,5.0
CCOc1ccc(-c2nnc([C@H]3C[C@H](NC(=O)c4cccc5nccnc45)C3)n2-c2ccccc2F)nc1,5.0
CCOc1ccc(-c2nnc([C@H]3C[C@H](NC(=O)c4ccccn4)C3)n2-c2ccccc2F)nc1,5.0
C=CCOc1ccc2cc(-c3nn(CC4CCNCC4)c4ncnc(N)c34)ccc2c1,5.0
COc1ccc(C(N)=O)cc1,5.0
CNc1ncnc2c1c(-c1ccccc1)cn2-c1ccccc1,5.0
Cc1cccc2c(=O)[nH]c(C(C)SC3CCOCC3)nc12,5.0
Cc1cccc2c(=O)[nH]c(CS(=O)(=O)C3CCOCC3)nc12,5.0
Cc1cccc2c(=O)[nH]c(CSC3CCC[C@H](CN(C)C)C3)nc12,5.0
Cc1cc(C(=O)NCCS(=O)(=O)c2ccc(C(F)(F)F)cn2)ccc1Cl,5.0
CCOC(=O)c1ccc(-c2cn(-c3ccccc3)c3ncnc(N)c23)cc1,5.0
Cc1cc(-c2nn(CC3CCNCC3)c3ncnc(N)c23)ccc1-c1ccccc1,5.0
CCOC(=O)N1C[C@H](C(=O)O)[C@H](c2cccc(OCCc3nc(-c4ccccc4)oc3C)c2)C1,5.0
CCOC(=O)N1C[C@H](CC(=O)O)[C@@H](c2cccc(OCCc3nc(-c4ccccc4)oc3C)c2)C1,5.0
CC(C)C(=O)Nc1ccc(-c2ccc(NCC(=O)Nc3ccc(CN4CCNCC4)c(C(F)(F)F)c3)cc2)cn1,5.0
CC(C)(Oc1ccc(C(=O)c2ccc(Cl)cc2)cc1)C(=O)O,5.0
O=C(NCCCN1CCCC1=O)c1cnc(NCc2ccc(Cl)cc2Cl)nc1NC1CCCC1,5.0
Cc1cc(C)c(/C=C2\C(=O)Nc3ccccc32)[nH]1,5.0
Cc1cc(Br)c(CNc2ncc(C(=O)NCCCN3CCOC3=O)c(NC3CCCC3)n2)cc1Br,5.0
CCOC(=O)N1C[C@H](CC(=O)O)[C@H](c2ccc(OCCc3nc(-c4ccccc4)oc3C)cc2)C1,5.0
N[C@@H](CCCCN=CC1C(=O)Nc2ccc(Br)cc21)C(=O)O,5.0
O=C(NCCCN1CCOC1=O)c1cnc(NCc2cc(Cl)ccc2Cl)nc1NC1CCCC1,5.0
O=C(NCCN1CCCC1)Nc1cc2c(Nc3ccc(F)c(Cl)c3)ncnc2cc1O[C@H]1CCOC1,5.0
O=C(NCCO)c1cc2c(Nc3ccc(OC(F)(F)F)cc3)ncnc2s1,5.0
N[C@@H](CCCCN=CC1C(=O)Nc2ccccc21)C(=O)O,5.0
N[C@@H](CCCN=CC1C(=O)Nc2ccc(Br)cc21)C(=O)O,5.0
N[C@@H](CCCN=CC1C(=O)Nc2ccccc21)C(=O)O,5.0
CCOC(=O)N1C[C@H](C(=O)O)[C@@H](c2ccc(OCCc3nc(-c4ccccc4)oc3C)cc2)C1,5.0
CCOC(=O)N1C[C@H](C(=O)O)[C@H](c2ccc(OCCc3nc(-c4ccccc4)oc3C)cc2)C1,5.0
O=C(NCCS(=O)(=O)c1ccc(C(F)(F)F)cn1)c1ccc(Br)cc1F,5.0
O=C(NCCS(=O)(=O)c1ccc(C(F)(F)F)cn1)c1ccc(C2CCCCC2)cc1,5.0
O=C(NCCS(=O)(=O)c1ccc(C(F)(F)F)cn1)c1ccc(Cl)c(Br)c1,5.0
O=C(NCCS(=O)(=O)c1ccc(C(F)(F)F)cn1)c1ccc(Cl)cc1,5.0
O=C(NCCS(=O)(=O)c1ccc(C(F)(F)F)cn1)c1ccc(Cl)cc1Cl,5.0
O=C(NCCS(=O)(=O)c1ccc(C(F)(F)F)cn1)c1ccc(OC(F)(F)F)cc1,5.0
O=C(NCCS(=O)(=O)c1ccccn1)c1ccc(Cl)cc1,5.0
Cc1oc(-c2ccccc2)nc1CCOc1ccc(CCC(=O)O)c(CNC(=O)NCc2ccccc2)c1,5.0
NCCn1cc(-c2cc(-c3cc4ccccc4s3)c3[nH]ncc3c2)c2nc(N)ncc21,5.0
NCCn1ncc2c(Nc3ccc(OC(F)(F)F)cc3)ncnc21,5.0
CC(=O)N1CCC(Nc2ncc3c(n2)-c2c(c(C(N)=O)nn2C)CC3)CC1,5.0
CC(=O)N1CCN([C@H]2C[C@@H](n3cc(-c4cc(OC[C@@H]5CCCO5)ccc4F)c4c(N)ncnc43)C2)CC1,5.0
CC(=O)N1CCN([C@H]2C[C@@H](n3cc(-c4cccc(OC[C@@H]5CCCO5)c4F)c4c(N)ncnc43)C2)CC1,5.0
CCOC(=O)C1=C2C(=NC1=O)c1cccc3cccc2c13,5.0
Cc1cc(Oc2cccc(CNC(=O)c3ccc(C(F)(F)F)cc3C)c2)ccc1CCC(=O)O,5.0
CC(=O)N1CCN(c2cnc3cc(C(F)(F)F)cc(NCc4cccc([N+](=O)[O-])c4)c3c2)CC1,5.0
CC(=O)N1N=C(c2cc3c(Br)cccc3oc2=O)CC1c1ccc(O)cc1,5.0
Cc1cc(Oc2cccc(CNC(=O)c3ccccc3C)c2)ccc1OC(C)(C)C(=O)O,5.0
C[C@@H]1C[C@H](N)C[C@H](c2ccncc2NC(=O)c2ccc(F)c(-c3c(F)cccc3F)n2)C1,5.0
C[C@@H]1COCCN1c1nc(-c2cncc3[nH]ccc23)nc2c1ccn2S(C)(=O)=O,5.0
Cc1oc(-c2ccccc2)nc1CCOc1ccc(Cc2cn(C)cc2C(=O)O)cc1,5.0
Cc1ccc2c(c1)nc(CCN1C(=O)c3cccc4cccc(c34)C1=O)n2-c1ccncc1,5.0
Cc1ccc(Sc2sc(C=C3SC(S)=NC3=O)cc2Br)cc1,5.0
Cc1ccc2c(=O)[nH]c(-c3ccc(C(C)(C)O)cc3)cn12,5.0
CC1CN(c2cncnc2)Cc2cc(C(=O)Nc3cc(CCN4CCN(C)CC4)cc(C(F)(F)F)c3)ccc21,5.0
COc1ccc(CC(CO)n2cc(-c3ccccc3)c3c(N)ncnc32)cc1,5.0
[O-][n+]1ccc2c(-c3ccc(F)cc3Cl)ccnc2c1-c1c(Cl)cccc1Cl,5.0
CNC(=O)c1ccc2c(=O)[nH]c(CSC3CCOCC3)nc2c1,5.0
O=C(O)Cc1ccc(-c2ccc(OCc3c(-c4c(Cl)cccc4Cl)noc3C3CC3)cc2)cc1,5.0
Cc1ccc(S(=O)(=O)CCNC(=O)c2ccc(Cl)cc2)nc1,5.0
CC1CN(c2cncnc2)Cc2cc(C(=O)Nc3cc(CN4CCCCC4)cc(C(F)(F)F)c3)ccc21,5.0
CC1CN(c2cncnc2)Cc2cc(C(=O)Nc3cc(CN4CCCN(C)CC4)cc(C(F)(F)F)c3)ccc21,5.0
CC1CN(c2cncnc2)Cc2cc(C(=O)Nc3cc(CN4CCN(C)CC4)c(Cl)c(C(F)(F)F)c3)ccc21,5.0
CC1CN(c2cncnc2)Cc2cc(C(=O)Nc3cc(CN4CCN(C)CC4)c(F)c(C(F)(F)F)c3)ccc21,5.0
CC1CN(c2cncnc2)Cc2cc(C(=O)Nc3cc(CN4CCN(C)CC4)cc(-c4ccccc4)c3)ccc21,5.0
Cc1ccc(S(=O)(=O)NC(=O)c2ccc3c(Nc4ccc(OC(F)(F)F)cc4)ncnc3c2)cc1,5.0
CCN1CCN(Cc2ccc(NC(=O)CNc3ccc(-c4cccnc4)cc3)cc2C(F)(F)F)CC1,5.0
CCN1CCN(Cc2ccc(NC(=O)Cc3ccc(Oc4cc(NC)ncn4)cc3)cc2C(F)(F)F)CC1,5.0
CC(=O)N1CCCC(Nc2ccc3c(=O)[nH]c(CSC4CCOCC4)nc3c2)C1,5.0
CN(C)CC(C#N)n1ncc2c(Nc3ccc(OC(F)(F)F)cc3)ncnc21,5.0
CC1CN(c2cncnc2)Cc2cc(NC(=O)Nc3cc(CN4CCN(C)CC4)cc(C(F)(F)F)c3)ccc21,5.0
Cc1oc(-c2ccccc2)nc1CCOc1cccc(CC[C@H]2CN(C(=O)Oc3ccccc3)C[C@@H]2C(=O)O)c1,5.0
Cc1oc(-c2ccccc2)nc1CCOc1ccc([C@@H]2CN(C(=O)Oc3ccccc3)C[C@@H]2C(=O)O)cc1,5.0
c1cc(Nc2ncnc3cc4c(cc23)OCCO4)cc(-c2cccs2)c1,5.0
CC1CN(c2cncnc2)Cc2cc(C(=O)Nc3cc(CN4CCN(C)CC4)cc(C4CCCCC4)c3)ccc21,5.0
CC1CN(c2cncnc2)Cc2cc(C(=O)Nc3cc(CN4CCN(C5CCCCC5)CC4)cc(C(F)(F)F)c3)ccc21,5.0
CC1CN(c2cncnc2)Cc2cc(C(=O)Nc3cc(CN4CCOCC4)cc(C(F)(F)F)c3)ccc21,5.0
CC1CN(c2cncnc2)Cc2cc(C(=O)Nc3cc(CN4CCSCC4)cc(C(F)(F)F)c3)ccc21,5.0
CC(C)(C)n1ncc2c(N)ncnc21,5.0
CN(C)C(=O)N1CCC(c2nc(-c3cc4ccccc4[nH]3)c3c(N)nccn23)CC1,5.0
CCN1CCN(Cc2cc(NC(=O)c3ccc4c(c3)CN(c3cncnc3)CC4C)cc(C(F)(F)F)c2)CC1,5.0
NC(=O)c1cc(F)cc2c1C(=O)N(C1CCN(C3CCC(F)(F)CC3)CC1)C2,5.0
NC(=O)c1ccc(OCC2CC2)cc1,5.0
NC(=O)c1ccc(OCC2CCC2)cc1,5.0
NC(=O)c1ccc(OCC2CCC2)cc1F,5.0
NC(=O)c1ccc(OCC2CCC2)cc1OCCN1CCNCC1,5.0
NC(=O)c1ccc(OCC2CCCC2)cc1,5.0
NC(=O)c1ccc(OCC2CCCCC2)cc1F,5.0
CC1CN(c2cncnc2)Cc2cc(C(=O)Nc3cc(CN4CCCC4)cc(C(F)(F)F)c3)ccc21,5.0
O=C(CCCl)Nc1ccc2ncnc(Nc3ccc4[nH]cc(Br)c4c3)c2c1,5.0
O=c1[nH]c(CSC2CCOCC2)nc2cc(NC3CCCC3)cnc12,5.0
COc1cccc2cc(-c3ncnc(Nc4ccc(OC(F)(F)F)cc4)c3C)ccc12,5.0
COc1cccc2ccn(S(=O)(=O)c3cccc(C(=O)Nc4ccc(C)cc4C(=O)O)c3)c12,5.0
CNC(=O)c1nn(C)c2c1CCc1cnc(NC3CCN(C(=O)C4CCN(S(C)(=O)=O)CC4)CC3)nc1-2,5.0
CC1CN(c2cncnc2)Cc2cc(C(=O)Nc3cc(CN4CC[C@H](N(C)C)C4)cc(C(F)(F)F)c3)ccc21,5.0
CC1CN(c2cncnc2)Cc2cc(C(=O)Nc3cccc(C(F)(F)F)c3)ccc21,5.0
CC1CN(c2cncnc2)Cc2cc(C(=O)Nc3cccc(CN4CCN(C)CC4)c3)ccc21,5.0
Nc1ncnc2scc(-c3ccc4c(C(=O)Nc5ccccc5)cccc4c3)c12,5.0
CC(C)(C)S(=O)(=O)NC(=O)c1ccc2c(Nc3ccc(OC(F)(F)F)cc3)ncnc2c1,5.0
O=c1[nH]c(CSC2CCOCC2)nc2cc(NC3CCCNC3)ccc12,5.0
O=C(O)Cn1ccc2cc(OCCCOc3ccc(C(=O)c4ccc(F)cc4)cc3)ccc21,5.0
O=C(O)Cn1ccc2cc(OCc3ccccc3COc3ccc(C(F)(F)F)cc3)ccc21,5.0
O=C(O)c1cc2c(Nc3ccc(OC(F)(F)F)cc3)ncnc2s1,5.0
CC1Cc2ccc(C(=O)Nc3cc(CN4CCN(C)CC4)cc(C(F)(F)F)c3)cc2CN1c1cncnc1,5.0
CC1CN(c2cncnc2)Cc2cc(C(=O)Nc3cc(CN(C)C)cc(C(F)(F)F)c3)ccc21,5.0
CC1CN(c2cncnc2)Cc2cc(C(=O)Nc3cc(CN(C)CCN(C)C)cc(C(F)(F)F)c3)ccc21,5.0
O=C1c2ccccc2C(=O)N1CCn1ncc2c(Nc3ccc(OC(F)(F)F)cc3)ncnc21,5.0
CCN(Cc1ccc(Cl)cc1)c1ncc(C(=O)NCCCN2CCCC2=O)c(NC2CCCC2)n1,5.0
C[C@@H]1CN(c2cncnc2)Cc2cc(C(=O)Nc3cc(CN4CCCN(C)CC4)cc(C(F)(F)F)c3)ccc21,5.0
C[C@@H]1CN(c2cncnc2)Cc2cc(C(=O)Nc3cc(CN4CCN(C)CC4)cc(C(F)(F)F)c3)ccc21,5.0
C[C@@H]1CN(c2cncnc2)Cc2cc(NC(=O)c3cc(CN4CCN(C)CC4)cc(C(F)(F)F)c3)ccc21,5.0
NC(=O)c1ccc(OCc2cccc(Br)c2)cc1F,5.0
NC(=O)c1ccc(OCc2ccccc2F)cc1,5.0
NC(=O)c1ccc(OCc2cncs2)cc1,5.0
Clc1ccc(Nc2nnc(Cc3ccncc3)c3ccccc23)cc1,5.0
Cc1oc(-c2ccccc2)nc1CCOc1cccc([C@@H]2CN(C(=O)Oc3ccccc3)C[C@@H]2C(=O)O)c1,5.0
Cc1oc(-c2ccccc2)nc1CCOc1cccc([C@H]2CN(C(=O)Oc3ccccc3)C[C@@H]2CC(=O)O)c1,5.0
COc1cc(OCc2ccccc2F)ccc1C(N)=O,5.0
Cc1ccc(NC(=O)c2ccc(F)cc2)cc1-n1cc(-c2cnc3ccnn3c2)cn1,5.0
O=C(Nc1ccccc1)c1ccc2c(=O)[nH]c(CSC3CCOCC3)nc2c1,5.0
NC(=O)c1c(-c2ccc(Oc3ccccc3)cc2)[nH]c(C(=O)c2c(F)cccc2F)c1N,5.0
NC(=O)c1cc(-c2ccnc(N)n2)[nH]c1-c1ccccc1,5.0
CC(C)(C)NS(=O)(=O)c1cncc(-c2ccn3nc(N)nc3c2)c1,5.0
CC(C)(C)OC(=O)Nc1ccc(Nc2[nH]nc3ncnc(Nc4cccc(Cl)c4)c23)cc1,5.0
CCc1ccc(C(=O)Nc2cccc(C(F)(F)F)c2)cc1-c1cc(C)cc(-c2cnc3cnccn23)c1,5.0
CNC(=O)Nc1ccc2c(c1)CC[C@@]21OC(=O)N(CC(=O)N(Cc2ccc(F)cc2)[C@@H](C)C(F)(F)F)C1=O,5.0
CCC(NC(=O)c1ccc2c(c1)c(C)c(C)n2Cc1ccc(-c2ccccc2C(=O)O)cc1)c1ccccc1,5.0
CCC(NC(=O)c1ccc2c(c1)c(SC)c(C)n2Cc1ccc(-c2ccccc2C(=O)O)cc1)c1ccccc1,5.0
Nc1ncnc2c1cnn2CC1CCNCC1,5.0
COc1ccc(/C=C/c2cc(OC)cc(OC)c2)cc1,5.0
COc1ccc(/C=C\c2cc(OC)c(OC)c(OC)c2)cc1O,5.0
C[C@@H]1COCCN1c1nc(-c2ccnc3[nH]ccc23)nc2c1ccn2S(C)(=O)=O,5.0
CCCc1nc2c(C)cc(-c3nc4ccccc4n3C)cc2n1Cc1ccc(-c2ccccc2C(=O)O)cc1,5.0
O=C(Nc1ccc(Oc2ncnc3scc(-c4ccccc4)c23)c(F)c1)c1cccn(-c2ccc(F)cc2)c1=O,5.0
COc1cc(/C=C/c2ccc(O)cc2)cc(OC)c1,5.0
Clc1cccc(CNc2[nH]nc3ncnc(Nc4cccc(Cl)c4)c23)c1,5.0
Clc1cccc(Nc2[nH]nc3ncnc(NCc4ccccc4)c23)c1,5.0
CN(C)CCCNC(=O)c1csc2nc(-c3ccc(NC(=O)Nc4cc(C(C)(C)C)on4)cc3)cn12,5.0
OC[C@H]1O[C@@]2(CC(c3cc4ccccc4s3)=NO2)[C@H](O)[C@@H](O)[C@@H]1O,5.0
N#Cc1cccc2c(=O)[nH]c(CSC3CCOCC3)nc12,5.0
CCCc1cc(Oc2ccc(-c3ccccc3)cc2)ccc1OCCCOc1cccc(-c2sc(=O)[nH]c2O)c1,5.0
C[C@@H](COCc1cc2n(n1)CCN(c1ncc(C(F)(F)F)cn1)C2)Nc1cn[nH]c(=O)c1C(F)(F)F,5.0
CCCc1cc(Oc2ccc(CC(C)C)cc2)ccc1OCCCOc1cccc(-c2sc(=O)[nH]c2O)c1,5.0
CCCc1cc(C(=O)c2ccc(Cl)cc2)ccc1OCCCOc1cccc(-c2sc(=O)[nH]c2O)c1,5.0
Cn1c(C(=O)NC(=N)N)cc2c(Nc3ccc(OC(F)(F)F)cc3)ncnc21,5.0
CN1CCN(c2ccc(OC(F)(F)F)c(Nc3nccc(-c4cc(C(N)=O)cn4C)n3)c2)CC1,5.0
CN1CCN(c2ccc(OC(F)(F)F)c(Nc3nccc(-c4cc5c(n4C)CCNC5=O)n3)c2)CC1,5.0
CN1CCN(c2ccc3c(n2)nc(-c2ccc(F)cc2)n3-c2ccnc(NC3CCCC3)n2)CC1,5.0
CCC1CCN(Cc2ccc(NC(=O)COc3ccc(-c4cccnc4)cc3)cc2C(F)(F)F)CC1,5.0
CCC1CN(c2cncnc2)Cc2cc(C(=O)Nc3cc(CN4CCN(C)CC4)cc(C(F)(F)F)c3)ccc21,5.0
CCC1NC(CC)C(O)C(O)C1O,5.0
CCCCC(Oc1ccc(S(=O)(=O)N(CCCC)c2cccc(-c3ccc(Cl)cc3)c2C)c(C)c1C)C(=O)O,5.0
O=c1[nH]c(CSC2CCOCC2)nc2c(Cc3ccccc3)cccc12,5.0
CCCc1cc(Oc2ccc(C(C)(C)C)cc2)ccc1OCCCOc1cccc(-c2sc(=O)[nH]c2O)c1,5.0
CN(C)CCOCCNC(=O)[C@H](CC(C)(C)C)NC(=O)c1cccc(CNC(=O)c2ccc(OCCN(C)C)cc2)c1,5.0
C[C@@H](Oc1ccc2ncc(/C=C/C(N)=O)cc2c1)c1c(Cl)ccc(F)c1Cl,5.0
C[C@@H](c1ccc(F)cc1)n1nnc2cnc3ccc(-c4ccc5ocnc5c4)cc3c21,5.0
CCCc1c(OC(C)(C)C(=O)O)ccc2c(C(F)(F)F)noc12,5.0
Cn1c2c(c3ccc(Cl)c(Cl)c31)C(C#N)C1(CCNCC1)NC2=O,5.0
Cn1c(=O)c(S(=O)(=O)c2ccc(F)cc2F)cc2cnc(Nc3ccc4[nH]ccc4c3)nc21,5.0
Cn1c(=O)c(Sc2ccc(F)cc2)cc2cnc(Nc3ccc4[nH]ccc4c3)nc21,5.0
CN1CCN(Cc2cc(C(=O)Nc3ccc4c(c3)CN(c3cncnc3)CC4)cc(C(F)(F)F)c2)CC1,5.0
CN1CCN(Cc2cc(NC(=O)c3ccc4c(c3)CN(c3cccnc3)CC4)cc(C(F)(F)F)c2)CC1,5.0
O=c1[nH]c(CSC2CCOCC2)nc2cc(Cc3ccccc3)ccc12,5.0
Nc1ncnc2c1c(-c1ccc3cc(OCc4ccc(Cl)cc4)ccc3c1)nn2CC1CCNCC1,5.0
CN1C(=O)Cc2c(Nc3ccc(OC(F)(F)F)cc3)ncnc21,5.0
CC(C)(C)C(=O)N1Cc2c(n[nH]c2NC(=O)c2cc(F)cc(F)c2)C1(C)C,5.0
CN1CCN(Cc2cc(NC(=O)c3ccc4c(c3)CN(c3cncnc3)CC4(C)C)cc(C(F)(F)F)c2)CC1,5.0
CN1CCCC(Nc2ccc3c(=O)[nH]c(CSC4CCOCC4)nc3c2)C1,5.0
CS(=O)(=O)c1ccc(-c2cnc(NCc3ccco3)n3cnnc23)cc1,5.0
CC(=O)O[C@H]1C(=O)[C@@]2(C)[C@H]([C@H](OC(=O)c3ccccc3)[C@]3(O)C[C@H](OC(=O)[C@H](O)[C@@H](NC(=O)c4ccccc4)c4ccccc4)C(C)=C1C3(C)C)[C@]1(OC(C)=O)CO[C@@H]1C[C@@H]2O,5.0
CCCOc1ccc(-c2cc(OC)c(-c3ccc(O)cc3)c(O)c2OC)cc1,5.0
CCCOc1ccc2cc(-c3nn(CC4CCNCC4)c4ncnc(N)c34)ccc2c1,5.0
CCCOC(=O)[C@@]1(C)[C@@H]2CC[C@]3(C)[C@H](CC=C4[C@@H]5[C@@H](C)[C@H](C)CC[C@]5(C(=O)O)CC[C@]43C)[C@@]2(C)C[C@@H](OC(=O)CCC)[C@@H]1OC(=O)CCC,5.0
N#Cc1ccc2c(=O)[nH]c(CSC3CCOCC3)nc2c1,5.0
N#Cc1ccc2c(c1)[nH]c(=O)n2[C@H]1C[C@H](c2nnc(-c3ccncn3)n2-c2ccccc2Cl)C1,5.0
CSc1ccccc1Nc1nc(N2CCN(C3CCNCC3)CC2)nc2c(NCC3CC3)ncnc12,5.0
CCCC[C@@H]1N[C@H](CO)[C@H](O)[C@H](O)[C@H]1C,5.0
CC(=O)Nc1ccc2c(=O)[nH]c(CSC3CCOCC3)nc2c1,5.0
O=c1[nH][nH]c(=O)c2cc(OCc3ccccc3F)ccc12,5.0
O=c1[nH][nH]c(=O)c2cc(OCc3ccsc3)ccc12,5.0
CCCCOc1ccc2cc(-c3nn(CC4CCNCC4)c4ncnc(N)c34)ccc2c1,5.0
CN(C)c1ccc(C(=O)Nc2cccc(NC(=O)COc3ccc4c(=O)ccoc4c3)c2)cc1,5.0
Cc1cn(CCN2CCN(c3ccccc3-c3cc(C#N)cc(C(=O)NCCCN4CCCC4)c3)CC2)c2ccccc12,5.0
CCCCN(c1cccc(-c2ccc(Cl)cc2)c1C)S(=O)(=O)c1ccc(OC(C)C(=O)O)c(Cl)c1Cl,5.0
CCCCN(c1cccc(-c2ccc(Cl)cc2)c1C)S(=O)(=O)c1ccc(OC(C)C(=O)O)c(F)c1F,5.0
CN1CCC(CCn2c(N)nc3ccc(C(=O)c4ccccc4)cc32)CC1,5.0
Cn1ccc2cc(-c3nn(CC4CCNCC4)c4ncnc(N)c34)ccc21,5.0
Cn1ccnc1Nc1ccc2c(=O)[nH]c(CSC3CCOCC3)nc2c1,5.0
O=C(O)C1(c2cccc(-c3ccc(OCc4c(-c5c(Cl)cccc5Cl)noc4C4CC4)cc3)c2)CC1,5.0
COc1ccc(Nc2[nH]nc3ncnc(Nc4cccc(Cl)c4)c23)cc1,5.0
Cc1cn(-c2cc(NC(=O)c3ccc(C)c(C(=O)c4cccc(C#N)c4)c3)cc(N3CCN(C)CC3)c2)cn1,5.0
O=c1[nH][nH]c(=O)c2cc(OCC3CCC3)ccc12,5.0
O=c1[nH][nH]c(=O)c2cc(OCC3CCCC3)ccc12,5.0
CN1CCN(CCn2c(N)nc3ccc(C(=O)c4ccccc4)cc32)CC1,5.0
CCCCN(c1cc(-c2ccc(Cl)cc2)ccc1C)S(=O)(=O)c1ccc(OC(C)C(=O)O)c(C)c1C,5.0
Cc1ccc(C(=O)Nc2cccc(C(F)(F)F)c2)cc1Nc1nc(-c2cccnc2)cs1,5.0
CCCCNc1nc2cc([N+](=O)[O-])ccc2s1,5.0
CC(=O)c1c(C)c2cnc(Nc3ccc(N4CCNCC4)cn3)nc2n(C2CCCC2)c1=O,5.0
O=c1nc2n(c3ccnc(O)c13)-c1cc(C3CCNCC3)ccc1C21CCCCC1,5.0
O=c1nc2n(c3nccc(O)c13)-c1cc(C3CCNCC3)ccc1C21CCCCC1,5.0
Cn1ncc2c(Nc3ccc(OC(F)(F)F)cc3)ncnc21,5.0
Cn1nccc1-c1ccc(C(=O)N[C@@H]2CNCC[C@H]2c2ccc(F)c(F)c2)c(F)c1,5.0
Cc1ccc(NC(=O)c2ccc(CN(CCCl)CCCl)cc2)cc1Nc1nccc(-c2cccnc2)n1,5.0
Cc1ccc(NC(=O)c2ccc(CN(CCN(C)C)C(=O)c3cccnc3)cc2)cc1Nc1nccc(-c2cccnc2)n1,5.0
CCCCNc1nc2ccc([N+](=O)[O-])cc2[nH]1,5.0
CCCCN(c1cccc(-c2ccc(Cl)cc2)c1C)S(=O)(=O)c1ccc(OC(CCC)C(=O)O)c(C)c1C,5.0
CCCCN(c1cccc(-c2ccc(OC(F)(F)F)cc2)c1C)S(=O)(=O)c1ccc(OC(C)C(=O)O)c(C)c1C,5.0
CCCCN(c1cccc(-c2ccc(OC(F)(F)F)cc2)c1Cl)S(=O)(=O)c1ccc(OC(C)C(=O)O)c(C)c1C,5.0
CCCCN(c1cc(-c2ccc(Cl)cc2)c(F)cc1C)S(=O)(=O)c1ccc(OC(C)C(=O)O)c(C)c1C,5.0
CCCCN(c1cc(-c2ccc(Cl)cc2)c(F)cc1F)S(=O)(=O)c1ccc(OC(C)C(=O)O)c(C)c1C,5.0
CN1CCN(Cc2cc(NC(=O)c3ccc(C(C)(C)C)c(C#Cc4cnc5cnccn45)c3)cc(C(F)(F)F)c2)CC1,5.0
CN1CCN(Cc2cc(NC(=O)c3ccc4c(c3)CN(Cc3cncnc3)CC4)cc(C(F)(F)F)c2)CC1,5.0
CN1CCN(Cc2cc(NC(=O)c3ccc4c(c3)CN(c3ccccc3)CC4)cc(C(F)(F)F)c2)CC1,5.0
Cc1cn(-c2cc(CN3CCCC[C@H]3C(=O)O)cc(NC(=O)c3ccc(C)c(Nc4nccc(-c5ccc(F)cc5)n4)c3)c2)cn1,5.0
CC(Nc1ccc2c(=O)[nH]c(CSC3CCOCC3)nc2c1)c1ccccc1,5.0
CN1CCC(O)(c2cn(-c3ccnc(NC4CCCC4)n3)c(-c3cccc(C(F)(F)F)c3)n2)CC1,5.0
COc1ccc(C(=O)Nc2ccc(C(=O)N(c3ccncn3)c3ccccc3Cl)cc2)cc1,5.0
FC(F)(F)Oc1ccc(Nc2ncnc3nn(Cc4ccccc4)cc23)cc1,5.0
FC(F)(F)Oc1ccc(Nc2cc(-n3ccnc3Nc3ccc(OC(F)(F)F)cc3)ncn2)cc1,5.0
CN(C)c1ccc(Nc2[nH]nc3ncnc(Nc4cccc(Cl)c4)c23)cc1,5.0
CN(C)c1ccc2cc(-c3nn(CC4CCNCC4)c4ncnc(N)c34)ccc2c1,5.0
OC1(c2nc(-c3ccc(F)cc3)c(-c3ccnc(NC4CCCCC4)c3)o2)CCNCC1,5.0
FC(F)(F)Oc1ccc(Nc2ncnc(NCCN3CCOCC3)c2Br)cc1,5.0
FC(F)(F)Oc1ccc(Nc2ncnc3[nH]ccc23)cc1,5.0
FC(F)(F)Oc1ccc(Nc2ncnc3c2cnn3Cc2cccc(Br)c2)cc1,5.0
COc1ccc(C(=O)Nc2ccc(-c3cc(Nc4ccc(OC(F)(F)F)cc4)ncn3)cc2)cc1,5.0
c1ccc(-c2csc(Nc3ncnc4cc5c(cc34)OCCO5)n2)cc1,5.0
CCCCCCN(C)C(=O)c1cn(-c2ccc(OCC)cc2)c(=O)c2cc(OC)c(OC)cc12,5.0
c1ccc(-c2ccnc(Nc3ncnc4cc5c(cc34)OCCO5)n2)cc1,5.0
c1ccc(-c2cccc(Nc3ncnc4cc5c(cc34)OCCO5)c2)nc1,5.0
c1cc(Nc2ncnc3cc4c(cc23)OCCO4)cc(-c2ccco2)c1,5.0
CCc1ccc(C(=O)Nc2cc(C(F)(F)F)ccc2F)cc1-c1cc(C)cc(-c2cnc3cnccn23)c1,5.0
CCc1ccc(C(=O)Nc2cc(CN3CCN(C)CC3)cc(C(F)(F)F)c2)cc1-c1cccc(-c2cnc3ccnn3c2)c1,5.0
CCc1ccc(C(=O)Nc2cc(CN3CCN(C)CC3)cc(C(F)(F)F)c2)cc1C#Cc1ccco1,5.0
CCc1ccc(C(=O)Nc2cc(CN3CCN(C)CC3)cc(C(F)(F)F)c2)cc1C#Cc1ccsc1,5.0
CCc1c(-c2ccccc2)c(-c2ccccc2)nn1-c1ccccc1-c1cccc(OCC(=O)O)c1,5.0
CCc1ccc(C(=O)Nc2cc(F)cc(C(F)(F)F)c2)cc1-c1cc(C)cc(-c2cnc3cnccn23)c1,5.0
CCc1ccc(C(=O)Nc2cccc(C(F)(F)F)c2)cc1-c1cc(Cl)cc(-c2cnc3cnccn23)c1,5.0
O=C(/C=C/CN1CC2CCC1C(=O)C2)Nc1cc2c(Nc3ccc(F)c(Cl)c3)ncnc2s1,5.0
c1cc(CCN2CCOCC2)cc(Nc2nccc(-c3cccnc3)n2)c1,5.0
c1cc(NN=NCCN2CCOCC2)cc(Nc2nccc(-c3cccnc3)n2)c1,5.0
CCc1cc(-c2cc(C(=O)Nc3cccc(C(F)(F)F)c3)ccc2CC)cc(-c2cnc3cnccn23)c1,5.0
COc1ccc(S(=O)(=O)Nc2ccc(NC(=O)Nc3ccc([N+](=O)[O-])cc3)cc2)cc1,4.995678626217358
O=C(Cn1cccc(NCc2ccc(Cl)c(Cl)c2)c1=O)NCc1ccccc1,4.991399828238082
C=C(C)[C@@H]1CC[C@]2(C(=O)NCCCCCCN)CC[C@]3(C)[C@H](CC[C@@H]4[C@@]5(C)CC[C@H](O)[C@@](C)(CO)[C@@H]5CC[C@]43C)[C@@H]12,4.991399828238082
CCCCCCCC/C=C\CCCCCCCC(=O)Oc1cccc2c1C(=O)C=CC2=O,4.991399828238082
CN(C)c1cccc(C(=O)N2CCN(C(=O)c3ccc(-c4cccnc4)cc3)CC2)c1,4.990549104201306
C[C@H]1[C@H](C)CC[C@]2(C(=O)OCCBr)CC[C@]3(C)C(=CC[C@@H]4[C@@]5(C)CC[C@H](O)C(C)(C)[C@@H]5CC[C@]43C)[C@H]12,4.989276134608227
CCC(C)C(NC(=O)[C@@H]1CCCN1C(=O)[C@@H](NC(=O)OC(C)(C)C)C(C)(C)C)P(=O)(Oc1ccccc1)Oc1ccccc1,4.988852639224203
CC(C)(Oc1ccc(CCOc2ccc(NC(=O)Nc3ccccc3)cc2)cc1)C(=O)NCc1ccccc1,4.987162775294828
COC(=O)[C@@]1(O)OC(=O)C(Cc2ccc3c(c2)CCC(C)(C)O3)=C1c1ccc(O)cc1,4.987162775294828
Cc1cc(Oc2cccc(CNC(=O)c3ccc(C(F)(F)F)cc3C(F)(F)F)c2)ccc1OC(C)(C)C(=O)O,4.9870000507645935
Cc1cc(Nc2ncc(C)c(N3CC(CC#N)(OC4CC5(CC5)C4)C3)n2)sn1,4.986320302708807
COc1cc(C=O)ccc1OCC(=O)Nc1sc2c(c1C#N)CCC(O)C2,4.985059650207064
O=S(=O)(NCCNc1nccc(-c2c(-c3cccc(O)c3)nc3sccn23)n1)c1ccc(F)cc1,4.984221243610959
N#C/C(=C\c1ccc(O)cc1)c1nc2ccccc2s1,4.983802646487561
CCc1ccc(O[C@H](C)CCOc2ccc(CCC(=O)O)c(C)c2)c(-c2ncco2)c1,4.983000069254019
OCc1nc2c(-c3ccc(O)c(O)c3)c(O)c(O)c(-c3ccc(O)cc3)c2s1,4.982966660701219
COC(=O)Cn1/c(=N/C(=O)c2cc(-c3cccs3)nc3ccccc23)sc2cc(S(N)(=O)=O)ccc21,4.980675962846309
O=C(CSc1nc2ccccc2c(=O)n1-c1ccc(F)c(Cl)c1)Nc1cccc(S(=O)(=O)N2CCOCC2)c1,4.980302269019808
O=C1Nc2cc(OC(F)(F)F)ccc2Oc2ccc(-c3cnn(CCN4CCOCC4)c3)cc21,4.979224511806442
CN(C)CCNC(=O)c1cccc(-c2ccc3c(c2)C(=O)Nc2cc(OC(F)(F)F)ccc2N3)c1,4.979224511806442
CCC(=O)O[C@@H]1C[C@]2(C)[C@H]3CC=C4[C@@H]5CC(C)(C)CC[C@]5(C(=O)O)CC[C@@]4(C)[C@]3(C)CC[C@H]2C(C)(C)[C@H]1OC(=O)CC,4.978810700930062
CC(=S)Nc1ccccc1-c1cccc2c1[nH]c1ccccc12,4.978810700930062
Nc1ncnc2c1c(-c1ccccc1)cn2C(CO)Cc1ccccc1,4.978810700930062
COc1cc(/C=N/NC(=O)COc2ccc(Cl)cc2)ccc1OS(=O)(=O)c1ccc(C)cc1,4.9764183423350605
CC(C)(C)c1ccc(-n2c(C(=O)O)c(Oc3cccc(C(F)(F)F)c3)c3ccccc32)cc1,4.97571962395292
Cc1c(-c2ccc(Oc3ccc(F)cc3)nc2)[nH]c2ccccc2c1=O,4.97469413473523
Nc1cccc(NC(=O)c2cc(Sc3ccccn3)c(F)cc2N)c1,4.97469413473523
CC(C)C(NC(=O)[C@@H]1CCCN1C(=O)[C@@H](NC(=O)NC(C)(C)C)C(C)(C)C)P(=O)(Oc1ccccc1)Oc1ccccc1,4.972650392225243
O=C(N/N=C/c1ccc(-c2ccc(Cl)c(C(=O)O)c2)o1)c1cc2c(ccc3ccccc32)o1,4.97061622231479
CCCOc1ccc(-c2c(OC)cc(-c3ccc(O)cc3)c(OC)c2OCCC)cc1,4.97061622231479
CCc1ccc(O[C@H](C)CCOc2ccc(CCC(=O)O)c(C)c2)c(Cc2ccccc2)c1,4.963000037223874
CCc1ccc(OC(C)CCOc2ccc(CCC(=O)O)c(C)c2)c(Cc2ccccc2)c1,4.962693049102909
COC(=O)c1ccc(CSc2nnc(-c3ccncc3)o2)o1,4.959358108455463
CC1c2c(-c3ccncc3)c(-c3ccccc3C#N)nn2CC1(C)C,4.958607314841775
Cc1ccc(-c2ccnc(Nc3cc(NC(=O)c4ccc(CN5CCN(C)CC5)cc4)ccc3C)n2)cn1,4.958607314841775
CN(C)CCCCNC(=O)[C@H](CC(C)(C)C)NC(=O)c1cccc(CNC(=O)c2ccc(OCCN(C)C)cc2)c1,4.958607314841775
CC(=O)NCc1cccc(C(=O)N[C@@H](CC(C)(C)C)C(=O)Nc2ccc(CCC(=O)O)cc2)c1,4.958607314841775
CCOC(=O)c1c(C)n(C(=O)c2ccco2)c(=O)n1C(=O)c1ccco1,4.9570702666568405
Cc1ccc(C2N(c3cccc(Cl)c3)C(=O)N3CCCN23)cc1,4.9542859410591324
CCOC(=O)C1=C(C)OC2(O)c3ccccc3C(=O)C12O,4.952958896584093
CN(CCc1ccccc1)C(=O)c1ccc(NC(=O)Cc2ccc(NC(=O)C3CCN(C(=O)C4CCCCC4)CC3)cc2)cc1,4.951674749068778
COC(=O)[C@H](Cc1ccc(O)cc1)NC(=O)[C@]12CC[C@@H](C)[C@H](C)[C@H]1C1=CC[C@@H]3[C@@]4(C)C[C@@H](OC(C)=O)[C@H](OC(C)=O)C(C)(C)[C@@H]4CC[C@@]3(C)[C@]1(C)CC2,4.950781977329818
CC1(C)CC[C@]2(C(=O)O)CC[C@]3(C)C(=CC[C@@H]4[C@@]5(C)Cc6nonc6C(C)(C)[C@@H]5CC[C@]43C)[C@@H]2C1,4.950781977329818
CCCCCCCCCCCCCCCCCC(=O)OCc1cn(CC(=O)O[C@H]2CC[C@]3(C)[C@H]4CC=C5[C@@H]6CC(C)(C)CC[C@]6(C(=O)O)CC[C@@]5(C)[C@]4(C)CC[C@H]3C2(C)C)nn1,4.950781977329818
CC1(C)CC[C@]2(C(=O)O)CC[C@]3(C)C(=CCC4[C@@]5(C)Cc6nonc6C(C)(C)C5CC[C@]43C)[C@@H]2C1,4.950781977329818
Nc1ncnc2oc(-c3ccco3)c(-c3ccco3)c12,4.946998429599692
COc1cc(-c2ccc(O)cc2)c(OC)c(O)c1-c1ccc(O)c(O)c1,4.94692155651658
COc1ccc(Nc2cc(-c3ccc(C(=O)NCCNC(=O)c4cccc(F)c4)cc3)ncn2)cc1,4.94692155651658
[C]Oc1c([O])cc2oc3cc4c(c([O])c3c(=O)c2c1[C][C]=C([C])[C])[C]=[C]C([C])([C])O4,4.943095148663527
CCOc1ccc2c(c1)C=C/C(=C\C=C1/C=C(C)c3ccc[nH+]c3C1=O)N2C,4.931814138253839
O=C1Nc2cc(OC(F)(F)F)ccc2Oc2ccc(CCCB(O)O)cc21,4.929223537156565
NC(=O)c1cccc(-c2ccc3c(c2)C(=O)Nc2cc(OC(F)(F)F)ccc2N3)c1,4.929223537156565
COc1ccc(NC(=O)Cn2cc(COc3cc(O)c4c(=O)c5ccc(Br)cc5oc4c3)nn2)cc1OC,4.927382523454764
O=C(CCO)c1ccc(O)cc1,4.925147004118752
O=C1CNC(=O)N1CC(O)Cn1c2ccccc2c2ccccc21,4.923432369555062
Nc1ccc(-c2cccc(C(=O)N[C@H]3CN[C@@H](C(=O)Nc4ccc(Cl)c(C(F)(F)F)c4)C3)c2)cn1,4.922268820347608
CCc1ccc(S(=O)(=O)Nc2ccc(NC(=O)Nc3cccc([N+](=O)[O-])c3)cc2)cc1,4.920818753952375
CSCC[C@H](NC(=O)c1cccc(N)c1)C(=O)Nc1nc(-c2ccccc2)cs1,4.920818753952375
Nc1c(C(=O)Nc2ccc(Cl)cc2F)sc2nc(-c3cccs3)ccc12,4.920818753952375
O=C1NC(=O)c2cc(Nc3ccc(O)cc3)c(Nc3ccc(O)cc3)cc21,4.920818753952375
Nc1ccccc1C(=O)NNC(=O)C(=O)CC(=O)c1ccccc1,4.920818753952375
CNC(=O)c1ccc(OCCNC(=O)CC(C)(C)CC(=O)NCCc2ccc(NC(=O)[C@H](CC(C)(C)C)NC(=O)c3cccc(CNC(C)=O)c3)cc2)cc1,4.920818753952375
C[C@@H]1CNC[C@@H](O)[C@@H](O)[C@@H]1O,4.920818753952375
CC1c2c(-c3ccc(O)cc3)c(-c3ccccc3C#N)nn2CC1(C)C,4.920818753952375
Cc1cccc(-c2nn3c(c2-c2ccc(O)cc2)C(C)C(C)(C)C3)c1C#N,4.920818753952375
O=C(NCCCN1CCCC1=O)c1cnc(NCc2cc(Cl)ccc2Cl)nc1NC1CCCC1,4.919734372660155
CC(C)(Oc1ccc(CCOc2ccc(NC(=O)c3ccccc3)cc2)cc1)C(=O)NCc1ccccc1,4.91721462968355
NCc1ccc(S(=O)(=O)Nc2ccc(NC(=O)Nc3ccc([N+](=O)[O-])cc3)cc2)cc1,4.91721462968355
COc1ccc(NC(=O)Cn2cc(COc3cc(OC(C)=O)c4c(=O)c5cc(Br)ccc5oc4c3)nn2)c(OC)c1,4.916139199133427
CC(C)C(NC(=O)[C@@H]1CCCN1C(=O)[C@@H](NC(=O)OC(C)(C)C)C(C)(C)C)P(=O)(Oc1ccccc1)Oc1ccccc1,4.91560693423224
CCOC(=O)c1ccc(NC(=O)COc2ccccc2CNC2CCCC2)cc1,4.914816491947222
COc1cc(-c2ccc(OCc3ccc(-c4ccccc4)cc3)cc2)c(OC)c(O)c1-c1ccc(O)cc1,4.913640169325252
CC(C)(Oc1ccc(CCOc2ccc(NC(=O)c3ccccc3)cc2)cc1)C(=O)Nc1ccccc1,4.910094888560602
CC(=O)OCCCCCCOC(=O)[C@H](O)CC(=O)OCCCCCCOC(=O)[C@]12CCC(C)(C)C[C@H]1C1=CC[C@@H]3[C@@]4(C)CC[C@H](O)C(C)(C)[C@@H]4CC[C@@]3(C)[C@]1(C)CC2,4.910094888560602
CCCOc1ccc(-c2c(OC)cc(-c3ccc(O)cc3)c(OC)c2O)cc1,4.910094888560602
CN1CCN(CCNc2nccc(-c3c(-c4cccc(O)c4)nc4sccn34)n2)S1(=O)=O,4.907630300370879
Nc1nc(NC2CCCC2)cc(=O)[nH]1,4.9058434382174765
N#Cc1cccc(NC(=O)CN2CCN(c3ccccc3F)CC2)c1,4.903089986991944
Cc1cc(C)c2nc(-c3cccnc3)cc(C(=O)Nc3ccc(S(=O)(=O)Nc4onc(C)c4C)cc3)c2c1,4.903089986991944
COc1cc(-c2ccc(O)cc2)c(OC)c(O)c1-c1ccc(OCc2ccccc2)cc1,4.903089986991944
CCOC(=O)Cn1c(COC)nc2c(c(C)nn2-c2ccccc2)c1=O,4.903089986991944
Cc1nn(-c2ccccc2)c2nc(CCl)n(Cc3ccccc3)c(=O)c12,4.903089986991944
CC1=C(C(=O)O)C(c2ccccc2Cl)NC(=S)N1,4.903089986991944
COc1cc(-c2ccc(OCc3ccccc3)cc2)c(OC)c(O)c1-c1ccc(O)cc1,4.903089986991944
CCOCc1nc2c(c(C)nn2-c2ccccc2)c(=O)n1Cc1ccccc1,4.903089986991944
CCCCN(c1cccc(-c2ccccc2Cl)c1C)S(=O)(=O)c1ccc(OC(C)C(=O)O)c(C)c1C,4.900008766455316
CCCCN(c1cccc(-c2ccc(Cl)cc2)c1C)S(=O)(=O)c1ccc(OC(C)C(=O)O)c(F)c1Cl,4.900008766455316
CCCCN(c1cc(-c2ccc(Cl)cc2)ccc1OC(F)(F)F)S(=O)(=O)c1ccc(OC(C)C(=O)O)c(C)c1C,4.900008766455316
CCCCN(c1cccc(-c2ccc(Cl)cc2)c1OC)S(=O)(=O)c1ccc(OC(C)C(=O)O)c(C)c1C,4.900008766455316
CCCCN(c1cccc(-c2ccc(Cl)cc2)c1Cl)S(=O)(=O)c1ccc(OC(C)C(=O)O)c(C)c1C,4.900008766455316
CCCCN(c1cc(-c2ccc(Cl)cc2)cc(C(F)(F)F)c1)S(=O)(=O)c1ccc(OC(C)C(=O)O)c(C)c1C,4.900008766455316
Cc1c(-c2ccc(Cl)cc2)cccc1N(CC1CCC1)S(=O)(=O)c1ccc(OC(C)C(=O)O)c(C)c1C,4.900008766455316
CC1(C)CC[C@]2(C(=O)OCc3ccccc3)CC[C@]3(C)C(=CC[C@@H]4[C@@]5(C)CC[C@H](OC(=O)CCl)C(C)(C)[C@@H]5CC[C@]43C)[C@@H]2C1,4.8996294548824375
CCCCNCCCCCCOC(=O)[C@]12CCC(C)(C)C[C@H]1C1=CC[C@@H]3[C@@]4(C)CC[C@H](O)C(C)(C)[C@@H]4CC[C@@]3(C)[C@]1(C)CC2,4.8996294548824375
CN(C(=O)c1ccc(NC(=O)Cc2ccc(NC(=O)C3CCN(C(=O)C4CCCC4)CC3)cc2)cc1)C1CCCC1,4.898493503860072
CC1(C)CC[C@]2(C(=O)OCc3ccccc3)CC[C@]3(C)C(=CC[C@@H]4[C@@]5(C)CC[C@H](OC(=O)CN=[N+]=[N-])C(C)(C)[C@@H]5CC[C@]43C)[C@@H]2C1,4.896196279044043
COc1cccc(C(=O)Nc2ccccc2-c2cccc3c2[nH]c2ccccc23)c1,4.896196279044043
CC1(C)CC[C@]2(C(=O)O)CC[C@]3(C)C(=CCC4[C@@]5(C)CC6C=NOC6C(C)(C)C5CC[C@]43C)[C@@H]2C1,4.896196279044043
CC1(C)CC[C@]2(C(=O)O)CC[C@]3(C)C(=CC[C@@H]4[C@@]5(C)CC6C=NOC6C(C)(C)[C@@H]5CC[C@]43C)[C@@H]2C1,4.896196279044043
COc1ccc(NC(=O)Cn2cc(COc3cc(OC(C)=O)c4c(=O)c5ccc(Br)cc5oc4c3)nn2)c(OC)c1,4.893469146177619
CCOC(=O)CCCCC(=O)c1[nH]c(=O)[nH]c1Cn1ccnc1,4.891299703105535
CN1CCN(Cc2ccc(NC(=O)c3cc(-c4ccc5c(c4)OCO5)cnc3O)cc2)CC1,4.889410289700751
CN1CCN(Cc2ccc(NC(=O)c3cc(-c4ccc5c(c4)OCO5)c[nH]c3=O)cc2)CC1,4.889410289700751
O=C(Nc1ccc(Cl)c(C(F)(F)F)c1)Nc1ccc(OCCN2CCOCC2)c2ccccc12,4.888401475119606
O=C(N/N=C/c1ccccc1O)c1ccc(Nc2ccnc3cc(Cl)ccc23)cc1,4.887730231582729
CC(=O)Nc1ccc(-c2ccc(C(=O)N[C@H]3CN[C@@H](C(=O)Nc4ccc(Cl)c(C(F)(F)F)c4)C3)cc2)cn1,4.886390848926972
CC(=O)NCc1ccc(F)c(C(=O)N[C@@H](CC(C)(C)C)C(=O)Nc2ccc(CCC(=O)O)cc2)c1,4.886056647693163
O=C(CCC(=O)Nc1ccccc1Cl)NN=Cc1ccc(C=NNC(=O)CCC(=O)Nc2ccccc2Cl)cc1,4.886056647693163
COc1cc(N2CCN(C)CC2)ccc1Nc1ncc(Cl)c(Oc2ccc(N=[N+]=[N-])cc2)n1,4.884056823060945
CC1(C)CC[C@]2(C(=O)O)CC[C@]3(C)C(=CC[C@@H]4[C@@]5(C)CC(N=O)CC(C)(C)[C@@H]5CC[C@]43C)[C@@H]2C1,4.882728704344236
C#Cc1nc(Nc2ccccc2)nc2[nH]cnc12,4.882728704344236
Cc1ccc(C(=O)Nc2ccc(OCCCN(C)C)cc2)cc1Nc1nccc(-c2cccnc2)n1,4.879656437561975
COc1cc(-c2ccc(O)cc2)c(O)c(O)c1-c1ccc(O)cc1,4.87942606879415
O=C(Nc1ccc(NS(=O)(=O)c2ccccc2C(F)(F)F)cc1)Nc1ccc([N+](=O)[O-])cc1,4.876148359032914
CC(=O)O[C@@H]1C[C@]2(C)[C@H]3CC=C4[C@@H]5CC(C)(C)CC[C@]5(C(=O)O)CC[C@@]4(C)[C@]3(C)CC[C@H]2C(C)(C)[C@H]1OC(C)=O,4.876148359032914
CC1(C)CCc2cc(CC3=C(c4ccc(O)cc4)C(O)OC3=O)ccc2O1,4.874193541860473
Oc1ccc(C=NNC(=S)Nc2cccnc2)c(O)c1O,4.8704389976909175
COc1ccc([N+](=O)[O-])cc1NC(=O)c1ccc2c(c1)N(Cc1cc(C)ccc1C)C(=O)c1ccccc1S2(=O)=O,4.866461091629782
CN(C)CCNc1ncnc2c1sc1nc(N3CCOCC3)c3c(c12)CC(C)(C)SC3,4.861760476534812
Cc1cccc(N2CCN(C(=O)c3ccc4c(c3)NC(=O)C(CSCc3cccc(F)c3)N4)CC2C)c1,4.860120913598763
CCCCOC(=O)[C@]12CCC(C)(C)C[C@H]1C1=CC[C@@H]3[C@@]4(C)C[C@H](O)CC(C)(C)[C@@H]4CC[C@@]3(C)[C@]1(C)CC2,4.860120913598763
CC(C)C(NC(=O)[C@@H]1C[C@@H](OC(=O)CN)CN1C(=O)[C@@H](NC(=O)OC(C)(C)C)C(C)(C)C)P(=O)(Oc1ccccc1)Oc1ccccc1,4.856048883576037
COc1ccc(CCNC(=O)CSc2nc(C)nc3c2c(=O)n(C)c(=O)n3C)cc1OC,4.855643772631817
CC1(C)CC[C@]2(C(=O)O)CC[C@]3(C)C(=CC[C@@H]4[C@@]5(C)CC[C@H](O)C(C)(C)[C@@H]5CC[C@]43C)[C@@H]2C1,4.853871964321762
COc1cc(Br)ccc1O[C@H](C)Cn1cc(-c2ccc(C(F)(F)F)cc2)nn1,4.853871964321762
COc1cc(-c2ccc(F)cc2)ccc1O[C@H](C)Cn1cc(-c2ccc(C(F)(F)F)cc2)nn1,4.853871964321762
CC1(C)CC[C@]2(C(=O)O)CC[C@]3(C)C(=CC[C@@H]4[C@@]5(C)CC[C@H](O)C(C)(C)C5CC[C@]43C)[C@@H]2C1,4.853871964321762
CC1(C)CC[C@]2(C(=O)O)CC[C@]3(C)C(=CC[C@@H]4[C@@]5(C)Cc6nc7ccccc7nc6C(C)(C)[C@@H]5CC[C@]43C)[C@@H]2C1,4.853871964321762
COc1ccc(-c2ccc(O[C@H](C)Cn3cc(-c4ccc(C(F)(F)F)cc4)nn3)c(OC)c2)cc1,4.853871964321762
COc1cc(-c2ccc([N+](=O)[O-])cc2)ccc1O[C@H](C)Cn1cc(-c2ccc(C(F)(F)F)cc2)nn1,4.853871964321762
COc1cc(Br)ccc1O[C@H](C)Cn1cc(-c2ccccc2)nn1,4.853871964321762
COc1cc(-c2ccc(C)cc2)ccc1O[C@H](C)Cn1cc(-c2ccc(C(F)(F)F)cc2)nn1,4.853871964321762
Cc1cccc(C)c1C(=O)N/N=C/c1cc2ccccc2nc1SCC(=O)Nc1cccc(Cl)c1,4.853871964321762
COc1cc(OC)cc(-c2ccccc2-c2ccc(O)cc2)c1,4.853871964321762
COC(=O)c1cn(C[C@@H](C)Oc2ccc(Br)cc2OC)nn1,4.853871964321762
COc1cc(-c2ccc(O)c(O)c2)c(OC)c(O)c1-c1ccc(O)c(O)c1,4.853871964321762
COc1cc(OC)cc(-c2cccc(-c3ccc(O)cc3)c2)c1,4.853871964321762
COc1cc(Br)ccc1O[C@H](C)Cn1cc(-c2ccc(F)cc2)nn1,4.853871964321762
COc1ccc(OC)c(NC(=O)Cc2ccc(NC3=NC4CS(=O)(=O)CC4S3)cc2)c1,4.852261858880012
COC(=O)c1ccc(CSc2nnc(-c3ccccc3)n2C)o1,4.85210735516715
COc1cc(C=O)ccc1OCC(=O)Nc1sc2c(c1C#N)CCCC2,4.851089006890644
CCC(C)C(NC(=O)[C@@H]1CCCN1C(=O)[C@@H](NC(=O)NC(C)(C)C)C(C)(C)C)P(=O)(Oc1ccccc1)Oc1ccccc1,4.851089006890644
O=C(/C=C(O)/C=C/c1ccco1)c1cc(O)ccc1O,4.85078088734462
CC1(C)CC[C@]2(C(=O)OCCCCCCN)CC[C@]3(C)C(=CC[C@@H]4[C@@]5(C)CC[C@H](O)C(C)(C)[C@@H]5CC[C@]43C)[C@@H]2C1,4.85078088734462
CCOC(=O)C1CCCN(C(=O)c2cn(C)c(=O)c3cc(OC)c(OC)cc23)C1,4.850442208138421
CCOc1ccc2cc(-c3nn(CC4CCNCC4)c4ncnc(N)c34)ccc2c1,4.849485002168009
COc1ccc2cc(-c3nn(CC4CCNCC4)c4ncnc(N)c34)ccc2c1,4.849485002168009
[C]OC(=O)[C@]1([C]c2ccc([O])c([C][C]=C([C])[C])c2)OC(=O)C([O])=C1c1ccc([O])cc1,4.848323769152953
CCOC(=O)N1CCN(C(=O)C2CCN(c3ncnc4c3sc3cccc(F)c34)CC2)CC1,4.847986999949166
COC(=O)CCCC1=CC2=CC(=O)C(C)(OC(=O)CCc3ccccc3)C(=O)C2=CO1,4.847711655616943
CC(C)C(NC(=O)[C@@H]1C[C@@H](O)CN1C(=O)[C@@H](NC(=O)OC(C)(C)C)C(C)(C)C)P(=O)(Oc1ccccc1)Oc1ccccc1,4.8474059220725305
CC(C)c1ccc(NC(=O)CSc2nnc(CN3CCOCC3)n2C)cc1,4.846246093544813
O=C(C=Cc1ccc(O)c(O)c1)CC(=O)c1ccccc1O,4.844663962534939
COc1cc(-c2ccc(OCCC(C)C)cc2)c(OC)c(O)c1-c1ccc(O)cc1,4.844663962534939
Nc1n[nH]c2cccc(-c3ccc(C(=O)NCCNC(=O)c4ccc(F)c(F)c4)cc3)c12,4.844056982028163
Cc1ccc(C(=O)N2CC(C)CC(C)C2)cc1NC1=NC2CS(=O)(=O)CC2S1,4.843511423949983
COc1ccc(Nc2cc(-c3ccc(C(=O)NCCNC(=O)c4ccccc4C)cc3)ncn2)cc1,4.837137006678074
COCCNC(=O)c1cc2c3ccccc3n(C)c2s1,4.837047470654274
CN1CCN(CCCc2ccc(NC(=O)c3cc(-c4ccc5c(c4)OCO5)cnc3O)cc2)CC1,4.835647144215563
Cc1[nH][nH]c(=O)c1C(c1c(C)[nH][nH]c1=O)c1cn(Cc2cccc3ccccc23)c2ccccc12,4.832682665251824
C[C@H]1[C@H](C)CC[C@]2(C(=O)O)CC[C@]3(C)C(=CC[C@@H]4[C@@]5(C)CC(N=O)CC(C)(C)[C@@H]5CC[C@]43C)[C@H]12,4.832682665251824
O=C1Nc2cc(OC(F)(F)F)ccc2Oc2ccc(B(O)O)cc21,4.829210409553609
CS(=O)(=O)Nc1cccc(-c2ccc3c(c2)C(N)=Nc2cc(OC(F)(F)F)ccc2O3)c1,4.829210409553609
O=C1Nc2cc(OC(F)(F)F)ccc2Nc2ccc(-c3cn[nH]c3)cc21,4.829210409553609
CC1(C)CC[C@]2(C(=O)O)CC[C@]3(C)C(=CC[C@@H]4[C@@]5(C)CC(=O)CC(C)(C)[C@@H]5CC[C@]43C)[C@@H]2C1,4.826813731587726
O=C(O)CN(Cc1ccc(OCCc2nc(-c3ccccc3)oc2CO)cc1)C(=O)Oc1ccc(O)cc1,4.823908740944319
Cc1ccc(NC(=O)Cn2cc(Cn3c(-c4cccc(F)c4)nc(-c4ccccc4)c3-c3ccccc3)nn2)c(C)c1,4.823908740944319
CCCc1cc(Oc2ccccc2)ccc1OCCCOc1ccc2c(c1)CCC(C(=O)O)O2,4.823908740944319
CCCc1cc(Oc2ccc(S(C)(=O)=O)cc2)ccc1OCCCOc1ccc2c(c1)OC(CC)(C(=O)O)CC2,4.823908740944319
CCCc1cc2c(=O)n(C3CCCCC3)oc2c(CCC)c1O[C@H](C(=O)O)c1ccc(C(C)C)cc1,4.823908740944319
CCCc1cc(Oc2ccc(OC)cc2)ccc1OCCCOc1ccc2c(c1)OC(CC)(C(=O)O)CC2,4.823908740944319
CCCc1cc(C(=O)CC)cc(CCC)c1CC(C(=O)O)c1ccc(C(C)C)cc1,4.823908740944319
COc1ccc2c(c1)c(Oc1cccc(C(F)(F)F)c1)c(C(=O)O)n2-c1ccc(C(C)(C)C)cc1,4.823908740944319
COc1ccc2c(Oc3cccc(C(F)(F)F)c3)c(C(=O)O)n(-c3ccc(C(C)(C)C)cc3)c2n1,4.823908740944319
Cc1ccccc1NC(=O)Cn1cc(Cn2c(-c3ccc(Br)cc3)nc(-c3ccccc3)c2-c2ccccc2)nn1,4.823908740944319
Cc1c(C(=O)c2ccc(Cl)cc2)c2ccc(OC(F)(F)F)cc2n1Cc1cccc(OCC(=O)O)c1,4.823908740944319
Cc1c(Cc2cccc(OCC(=O)O)c2)c2cc(OC(F)(F)F)ccc2n1C(=O)c1ccc(Cl)cc1,4.823908740944319
CCOc1ccccc1NC(=O)Cn1cc(Cn2c(-c3cccc(Br)c3)nc(-c3ccccc3)c2-c2ccccc2)nn1,4.823908740944319
CCC[C@@H](Oc1cccc(Cn2c(C)c(C(=O)c3ccc(Cl)cc3)c3ccc(OC(F)(F)F)cc32)c1)C(=O)O,4.823908740944319
CC(C)c1cccc(-n2c(C(=O)O)c(Oc3ccc(C(F)(F)F)cc3)c3ccccc32)c1,4.823908740944319
CC(C)c1cccc(-n2c(C(=O)O)c(Oc3cccc(C(F)(F)F)c3)c3ccccc32)c1,4.823908740944319
COc1ccc(-c2nc(-c3ccccc3)c(-c3ccccc3)n2Cc2cn(CC(=O)Nc3ccc(Cl)cc3Cl)nn2)cc1OC,4.823908740944319
Cc1oc(-c2ccccc2)nc1CCOc1ccc(C[C@H]2C(=O)N(c3ccc(C(C)(C)C)cc3)[C@H]2C(=O)O)cc1,4.823908740944319
Cc1ccccc1NC(=O)Cn1cc(Cn2c(-c3cccc(F)c3)nc(-c3ccccc3)c2-c2ccccc2)nn1,4.823908740944319
CCCc1cc(Oc2ccccc2)ccc1OCCCCOc1ccc2c(c1)OC(C)(C(=O)O)CC2,4.823908740944319
Cc1nn(C)c2nnc(Nc3ccc(S(=O)(=O)NCCN)cc3)nc12,4.823908740944319
CCOc1ccc(NC(=O)Cn2cc(Cn3c(-c4cccc(Cl)c4)nc(-c4ccccc4)c3-c3ccccc3)nn2)cc1,4.823908740944319
CCOc1ccc(NC(=O)Cn2cc(Cn3c(-c4ccc(C(=O)OC)cc4)nc(-c4ccccc4)c3-c3ccccc3)nn2)cc1,4.823908740944319
C[C@@H](NC(=O)c1ccc(S(=O)(=O)Oc2ccc(/C=C/[N+](=O)[O-])cc2)cc1)C(=O)N[C@H](C)C(=O)NCCN,4.823908740944319
CCCc1cc(C2CCC(=O)CC2)ccc1OCCCOc1cccc(-c2oc(=O)[nH]c2O)c1,4.823908740944319
COc1ccc(NC(=O)Cn2cc(Cn3c(-c4cccc(Cl)c4)nc(-c4ccccc4)c3-c3ccccc3)nn2)cc1,4.823908740944319
COc1ccc(NC(=O)Cn2cc(Cn3c(-c4cccs4)nc(-c4ccccc4)c3-c3ccccc3)nn2)cc1,4.823908740944319
COc1ccc(OC(=O)N(CC(=O)O)Cc2ccc(OCCC(=O)NC(=O)c3ccccc3)cc2)cc1,4.823908740944319
COc1ccc(OC(=O)N(CC(=O)O)Cc2ccc(OCCC(=O)N(C(C)=O)C(=O)c3ccccc3)cc2)cc1,4.823908740944319
COc1ccc(OC(=O)N(CC(=O)O)Cc2ccc(O)cc2)cc1,4.823908740944319
Cc1c(C(=O)c2ccc(Cl)cc2)c2ccc(OC(F)(F)F)cc2n1Cc1cccc(O[C@H](C)C(=O)O)c1,4.823908740944319
COc1ccc(N2C(=O)[C@H](Cc3ccc(OCCc4nc(-c5ccccc5)oc4C)cc3)[C@@H]2C(=O)O)cc1,4.823908740944319
CCOc1ccccc1NC(=O)Cn1cc(Cn2c(-c3ccccc3F)nc(-c3ccccc3)c2-c2ccccc2)nn1,4.823908740944319
CCCc1cc(Oc2ccccc2)ccc1OCCCCOc1ccc2c(c1)OC(C(=O)O)CC2,4.823908740944319
CC(=O)NCc1cccc(C(=O)N[C@@H](CC(C)(C)C)C(=O)Nc2ccc(CCNC(=O)CC(C)(C)CC(=O)NCCOc3ccc(C(=O)O)cc3)cc2)c1,4.823908740944319
Cc1c(C(=O)c2ccc(Cl)cc2)c2ccc(OC(F)(F)F)cc2n1Cc1cccc(O[C@@H](C)C(=O)O)c1,4.823908740944319
Cc1ccc(NC(=O)Cn2cc(Cn3c(-c4cccc(Cl)c4)nc(-c4ccccc4)c3-c3ccccc3)nn2)c(C)c1,4.823908740944319
CC(C)c1cccc(Oc2c(C(=O)O)n(-c3ccc(C(C)(C)C)cc3)c3cc(Cl)ccc23)c1,4.823908740944319
CC(C)(C)c1ccc(-n2c(C(=O)O)c(Oc3cc(C(F)(F)F)cc(C(F)(F)F)c3)c3cc(Cl)ccc32)cc1,4.823908740944319
CC(C)(C)c1ccc(-n2c(C(=O)O)c(Oc3ccc(Cl)cc3)c3ccc(OC(F)(F)F)cc32)cc1,4.823908740944319
COC(=O)c1ccc(-c2nc(-c3ccccc3)c(-c3ccccc3)n2Cc2cn(CC(=O)Nc3cc(Cl)ccc3Cl)nn2)cc1,4.823908740944319
C[C@@]1(C(=O)O)CCc2ccc(OCCCOc3ccc(Oc4ccccc4)cc3Cl)cc2O1,4.823908740944319
O=C(Cn1cc(Cn2c(-c3ccc(Br)cc3)nc(-c3ccccc3)c2-c2ccccc2)nn1)Nc1ccc(F)cc1,4.823908740944319
O=C(O)c1c(Sc2ccccc2)c2cc(Cl)ccc2n1Cc1ccc(Cl)cc1,4.823908740944319
CC(C)(C)c1ccc(-n2c(C(=O)O)c(Oc3cccc(C(F)(F)F)c3)c3ccc(Cl)cc32)cc1,4.823908740944319
Cc1oc(-c2ccccc2)nc1CCOc1cccc(C[C@H]2C(=O)N(c3ccc(C(C)(C)C)cc3)[C@H]2C(=O)O)c1,4.823908740944319
CC(C)(C)c1ccc(-n2c(C(=O)O)c(Oc3cccc(C(F)(F)F)c3)c3ccc(Cl)nc32)cc1,4.823908740944319
CC(C)(C)c1ccc(-n2c(C(=O)O)c(Oc3cccc(C(F)(F)F)c3)c3cc(Cl)ccc32)cc1,4.823908740944319
COc1cccc(Oc2c(C(=O)O)n(-c3ccc(C(C)(C)C)cc3)c3nc(Cl)ccc23)c1,4.823908740944319
Cc1oc(-c2ccccc2)nc1CCOc1ccc([C@@H]2CN(C(=O)Oc3ccccc3)C[C@@H]2CC(=O)O)cc1,4.823908740944319
COc1ccccc1-c1nc(-c2ccccc2)c(-c2ccccc2)n1Cc1cn(CC(=O)Nc2ccc(C)cc2)nn1,4.823908740944319
CC[C@H](Oc1cccc(Cn2c(C)c(C(=O)c3ccc(Cl)cc3)c3ccc(OC(F)(F)F)cc32)c1)C(=O)O,4.823908740944319
CC[C@@]1(C(=O)O)CCc2ccc(OCCCOc3ccc(Oc4ccc(F)cc4)cc3Cl)cc2O1,4.823908740944319
O=C(Cn1cc(Cn2c(-c3ccc(F)cc3)nc(-c3ccccc3)c2-c2ccccc2)nn1)Nc1ccc(Cl)cc1Cl,4.823908740944319
CC[C@]1(C(=O)O)CCc2ccc(OCCCOc3ccc(F)cc3Cl)cc2O1,4.823908740944319
C[C@]1(C(=O)O)CCc2ccc(OCCCOc3ccc(F)cc3Cl)cc2O1,4.823908740944319
O=c1c(F)cn(C2CCCO2)c(=O)n1CCCCCCCCN1C[C@H](O)[C@@H](O)[C@H](O)[C@H]1CO,4.82131076022441
Cc1ccc(-n2[nH]c(C)c(C(c3cccc(O)c3)c3c(C)[nH]n(-c4ccc(C)c(C)c4)c3=O)c2=O)cc1C,4.82102305270683
O=C(/C=C(O)/C=C/c1ccc(O)c(O)c1)c1cc(Cl)ccc1O,4.82102305270683
CCOC(=O)[C@]12CCC(C)(C)C[C@H]1C1=CC[C@@H]3[C@@]4(C)C[C@H](O)CC(C)(C)[C@@H]4CC[C@@]3(C)[C@]1(C)CC2,4.819988880942282
C=C(C)[C@@H]1CC[C@]2(C(=O)NCCCN)CC[C@]3(C)[C@H](CC[C@@H]4[C@@]5(C)CC[C@H](OC(C)=O)[C@@](C)(COC(C)=O)[C@@H]5CC[C@]43C)[C@@H]12,4.818156412055227
C=C(C)[C@@H]1CC[C@]2(COC(c3ccccc3)(c3ccccc3)c3ccccc3)CC[C@]3(C)[C@H](CC[C@@H]4[C@@]5(C)[C@H](C(=O)OC)[C@H](OC(C)=O)C(C)(C)[C@@H]5CC[C@]43C)[C@@H]12,4.818156412055227
Cc1nnc(SCc2nc3ccccc3[nH]2)s1,4.816730156317195
CC(C)C(NC(=O)[C@@H]1C[C@@H](OC(=O)CCN)CN1C(=O)[C@@H](NC(=O)OC(C)(C)C)C(C)(C)C)P(=O)(Oc1ccccc1)Oc1ccccc1,4.816445466381138
CN(C(=O)c1ccc(NC(=O)Cc2cccc(NC(=O)C3CCN(C(=O)c4ccccc4)CC3)c2)cc1)C1CC1,4.81553571065301
CC[C@H](C)[C@H](NC(=O)[C@H](CCC(=O)O)NC(=O)[C@H](CCC(=O)O)NC(=O)[C@@H](Cc1ccc(OP(=O)(O)O)cc1)NC(C)=O)C(=O)N[C@@H](CCC(=O)O)C(=O)O,4.815308569182402
Cc1ccc(-c2cc(C(=O)Nc3ccc(S(=O)(=O)Nc4cc(C)on4)cc3)c3ccccc3n2)c(C)c1,4.812479279163537
O=C(O)c1cccc(NC(=S)NN=Cc2ccccc2OCc2ccc(Br)cc2)c1,4.812479279163537
O=C1N=c2ccccc2=C1Nc1ccc(S(=O)(=O)Nc2nccs2)cc1,4.809668301829708
CC(=O)Nc1cc2c(nc1C)nc(C)n2Cc1ccc(Br)cc1,4.80955624029331
O=C(c1cc(Cc2n[nH]c(=O)c3ccccc23)ccc1F)N1CCN(C(=O)C2CC2)CC1,4.807906682547966
CCOc1ccc(CN=Nc2ccc(S(=O)(=O)Nc3ccccc3C(=O)O)cc2[N+](=O)[O-])cc1,4.806875401645539
O=C(Cn1cc(COc2cc(O)c3c(=O)c4cc(O)ccc4oc3c2)nn1)Nc1ccc(O)cc1O,4.806318970458719
COc1cc(O)c(C(C)=O)c(CC(=O)O)c1,4.805735483974483
Cc1nc(S)sc1Cc1cc(Cl)ccc1Cl,4.804100347590766
CSCC[C@H](NC(=O)c1ccccn1)C(=O)Nc1nc(-c2ccccc2)cs1,4.804100347590766
O=C(O)c1cccc(NC(=S)NN=Cc2ccccc2OCc2cccc(Br)c2)c1,4.801342913045578
O=c1cc(-c2cnn(Cc3ccc(OC(F)(F)F)cc3)c2)[nH]c2ccccc12,4.801342913045578
CCCCN(c1cccc(-c2ccc(C(F)(F)F)cc2)c1C)S(=O)(=O)c1ccc(OC(C)C(=O)O)c(C)c1C,4.799998134593398
CCCCN(c1cccc(-c2ccc(Cl)cc2)c1C)S(=O)(=O)c1ccc(OC(CC)C(=O)O)c(C)c1C,4.799998134593398
CCCCN(c1cccc(-c2ccc(Cl)cc2)c1C)S(=O)(=O)c1ccc(OC(C)C(=O)O)c(OC)c1Cl,4.799998134593398
CCCCN(c1cccc(-c2ccc(Cl)cc2)c1C)S(=O)(=O)c1ccc(O[C@@H](C)C(=O)O)c(C)c1C,4.799998134593398
CCCCN(c1cccc(-c2ccc(OC)cc2)c1C)S(=O)(=O)c1ccc(OC(C)C(=O)O)c(C)c1C,4.799998134593398
CCCCN(c1cccc(-c2ccc(C)cc2)c1C)S(=O)(=O)c1ccc(OC(C)C(=O)O)c(C)c1C,4.799998134593398
CCCCN(c1cccc(-c2ccc(Cl)cc2)c1C)S(=O)(=O)c1ccc(OC(C)C(=O)O)c(F)c1OC,4.799998134593398
CCCCN(c1cccc(-c2ccc(Cl)cc2)c1C)S(=O)(=O)c1ccc(OC(C)C(=O)O)c(C2CCCCC2)c1,4.799998134593398
Cc1c(-c2ccc(Cl)cc2)cccc1N(CC1CC1)S(=O)(=O)c1ccc(OC(C)C(=O)O)c(C)c1C,4.799998134593398
CCCCCN(c1cccc(-c2ccc(Cl)cc2)c1C)S(=O)(=O)c1ccc(OC(C)C(=O)O)c(C)c1C,4.799998134593398
Cc1cc(S(=O)(=O)N(CCC(C)C)c2cccc(-c3ccc(C(F)(F)F)cc3)c2)ccc1OCC(=O)O,4.799998134593398
COc1ccc2c(=O)c3c(O)cc(OCc4cn(CC(=O)Nc5ccc(OC)c(OC)c5)nn4)cc3oc2c1,4.798602875679548
CC(=O)OC1CC2(C)C(C(C)=O)CCC2C2CCC3CC4(CC(=O)C3(C)C12)OCCO4,4.797157634805368
CC(C)(O)c1ccc(NC(=O)c2cc(C(=O)NCc3ccc(F)c(F)c3)c(F)cc2Cl)cc1,4.795880017344075
N=C1SC(c2ccccc2)C(=O)N1c1ncc(Cc2ccccc2Cl)s1,4.795880017344075
C=C(C)[C@@H]1CC[C@]2(C(=O)O)CC[C@]3(C)[C@H](CC[C@@H]4[C@@]5(C)CC[C@H](O)[C@@](C)(CO)[C@@H]5CC[C@]43C)[C@@H]12,4.795880017344075
Cc1ccc(NP(=O)(O)OP(=O)(O)OP(=O)(O)OP(=O)(O)OC[C@H]2O[C@@H](n3cnc4c(N)ncnc43)[C@H](O)[C@@H]2O)cc1,4.795880017344075
COc1cc(/C=C/c2cc(Cl)ccc2O)cc(OC)c1,4.795880017344075
O=C(NC1CC1)c1cncc(-c2cccc(C(=O)N[C@H]3CN[C@@H](C(=O)Nc4ccc(Cl)c(C(F)(F)F)c4)C3)c2)c1,4.795880017344075
COc1cc(-c2ccc(OCCBr)cc2)c(OC)c(O)c1-c1ccc(O)cc1,4.79317412396815
[C]C([C])=[C][C][C]C([C])([O])[C]1[C]c2c(c([C][C]=C([C])[C])c([O])c3c(=O)c4cc([O])ccc4oc23)O1,4.79317412396815
O=C(c1cc(I)ccc1Cl)N1CCN(c2nc(Cl)ncc2Br)CC1,4.790484985457369
CC1(C)CC[C@]2(C(=O)OCc3ccccc3)CC[C@]3(C)C(=CC[C@@H]4[C@@]5(C)CC(N=O)CC(C)(C)[C@@H]5CC[C@]43C)[C@@H]2C1,4.787812395596042
Cc1ccccc1S(=O)(=O)Nc1ccc(NC(=O)Nc2ccc([N+](=O)[O-])cc2)cc1,4.787812395596042
Cc1ccc(S(=O)(=O)Nc2ccc(Nc3nccn4c(-c5ccc6ccccc6c5)cnc34)cc2)cc1,4.787812395596042
CC(C)n1cc(CN2CCC(C(=O)Nc3cccc(-c4cccc(Cl)c4)c3)CC2)cn1,4.784812030502868
O=C(Nc1ccccc1N1CCN(C(=O)c2ccc(Cl)cc2)CC1)c1cccnc1,4.7842302915823565
O=C(Cc1ccc(NC(=O)C2CCN(C(=O)C3CCC3)CC2)cc1)Nc1ccc(C(=O)N2CCOCC2)cc1,4.782805681993495
Cc1ccc(S(=O)(=O)CC2CCc3ccccc3C2=O)cc1,4.782516055786093
CCc1nnc(NS(=O)(=O)c2ccc(N=Cc3c(C)[nH]n(-c4ccc(C)c(C)c4)c3=O)cc2)s1,4.782516055786093
CC(C)C(NC(=O)[C@@H]1CCCN1C(=O)[C@@H](NC(=O)OC(C)(C)C)C(C)C)P(=O)(Oc1ccccc1)Oc1ccccc1,4.782241694453887
O=C1C=CC(=O)c2c(O)c(N3CCN(CCO)CC3)c(Cl)c(O)c21,4.78012743667646
NCCNC(=O)c1cccc(-c2ccc3c(c2)C(=O)Nc2cc(OC(F)(F)F)ccc2N3)c1,4.779212223834125
CC(=O)N1N=C(c2cc3ccccc3oc2=O)CC1c1ccccc1Cl,4.774690718274137
Cc1cc(=O)oc2c3c(ccc12)O/C(=N/Nc1ccc([N+](=O)[O-])cc1[N+](=O)[O-])C3=O,4.774690718274137
Cc1cnc(Nc2cnn(C)c2)nc1N1CC2CCCC(C1)N2CC#N,4.773993305270821
CN(CCC#N)C(=O)COC(=O)c1c2c(nc3ccccc13)/C(=C/c1ccco1)CC2,4.772113295386326
COc1ccc(/C=C\C(=O)O[C@H]2CC[C@]3(C)[C@H]4CC=C5[C@@H]6CC(C)(C)CC[C@]6(C(=O)O)CC[C@@]5(C)[C@]4(C)CC[C@H]3C2(C)C)cc1,4.772113295386326
COc1ccc(/C=C/C(=O)O[C@H]2CC[C@@]3(C)C(CC[C@]4(C)C3CC=C3[C@@H]5CC(C)(C)CC[C@]5(C(=O)O)CC[C@]34C)C2(C)C)cc1,4.772113295386326
C[C@H]1[C@H](C)CC[C@]2(C(=O)O)CC[C@]3(C)C(=CC[C@@H]4[C@@]5(C)C[C@@H](O)[C@H](O)[C@@](C)(CO)[C@@H]5CC[C@]43C)[C@H]12,4.769551078621726
Cc1ccccc1-n1c(Cn2nc(-c3cccc(O)c3)c3c(N)ncnc32)nc2cccc(C)c2c1=O,4.769551078621726
O=C(NO)c1ccc(C(=O)Nc2cccc(Nc3ncc(-c4cccnc4)s3)c2)cc1,4.769551078621726
C[C@H]1[C@H](C)CC[C@]2(C(=O)O)CC[C@]3(C)C(=CC[C@@H]4[C@@]5(C)C[C@@H](O)[C@H](O)[C@@](C)(CO)C5CC[C@]43C)[C@H]12,4.769551078621726
C=C(C)[C@@H]1CC[C@]2(CO)CC[C@]3(C)[C@H](CC[C@@H]4[C@@]5(C)CC[C@H](O)C(C)(C)[C@@H]5CC[C@]43C)[C@@H]12,4.769551078621726
CC12CCC(=O)N1C(C(=O)N1CCN(S(=O)(=O)c3ccc(Br)cc3Cl)CC1)CS2,4.769168046568172
N#C/C(=C\c1ccc[nH]1)c1nc2ccccc2s1,4.768275616671484
Cc1ccccc1CSCC1Nc2ccc(C(=O)NCCc3ccccc3)cc2NC1=O,4.764471553092451
COc1ccc(-c2cc(C(=O)Nc3ccc(S(=O)(=O)Nc4onc(C)c4C)cc3)c3ccccc3n2)cc1,4.761953896871205
O=C(Nc1ccc(NS(=O)(=O)c2ccccc2Cl)cc1)Nc1ccc([N+](=O)[O-])cc1,4.761953896871205
C/C=C\C=C/C(=O)Nc1cccc(C2=NOC3(C2)C[C@@H](C(N)=O)N(C(=O)COc2ccc(Cl)cc2)C3)c1,4.761953896871205
NC(=O)c1cccc2cn(-c3ccc([C@@H]4CCCNC4)cc3)nc12,4.761953896871205
COC(=O)[C@H](Cc1ccc(OCc2cn(CC(=O)O[C@H]3CC[C@]4(C)[C@H]5CC=C6[C@@H]7CC(C)(C)CC[C@]7(C(=O)OCc7ccccc7)CC[C@@]6(C)[C@]5(C)CC[C@H]4C3(C)C)nn2)cc1)NC(=O)OC(C)(C)C,4.756961951313706
[C]Oc1cc(-c2ccc([O])cc2)c(O[C])c([O])c1-c1ccc(O[C][C]=C([C])[C])cc1,4.756961951313706
O=C(Nc1ccc(NS(=O)(=O)c2cccc(Cl)c2)cc1)Nc1cccc([N+](=O)[O-])c1,4.756961951313706
Cc1cccc(-n2nc3c(c2NC(=O)c2ccc(Br)o2)CSC3)c1,4.756961951313706
Nc1n[nH]c2cccc(-c3ccc(C(=O)N4CCN(C(=O)c5ccc(F)cc5)CC4)cc3)c12,4.755475488429917
O=C(COc1cc(O)c2c(=O)cc(-c3ccccc3)oc2c1)Nc1ccccc1Br,4.7544873321858505
O=C(Cn1cc(COc2cc(O)c3c(=O)c4ccc(O)cc4oc3c2)nn1)Nc1ccc(O)cc1O,4.754240644032723
CC1(C)CC2CC(C)(CN2S(=O)(=O)c2ccc(C(=O)Nc3cccc(S(=O)(=O)N4CCOCC4)c3)cc2)C1,4.7540680456613975
Nc1cccc(NC(=O)c2cc(Sc3nncs3)c(F)cc2N)c1,4.752026733638194
Cc1ccc2sc(NNC(=O)c3cc(=O)c4ccccc4o3)nc2c1C,4.752026733638194
Cc1cccc(-n2nc3c(c2NC(=O)c2ccco2)CSC3)c1C,4.749579997691106
CCOCc1nnc(NC(=O)c2c(OC)cccc2OC)s1,4.745911353080926
CC(=O)Nc1ccccc1-c1cccc2c(C(C)C)c[nH]c12,4.7447274948966935
COc1cc(-c2ccc(O)cc2)c(OC)c(O)c1-c1ccc(OCCBr)cc1,4.7447274948966935
CN(CCC#N)C(=O)COC(=O)c1c2c(nc3ccccc13)/C(=C\c1ccco1)CC2,4.7447274948966935
CCOc1cc(/C=C/c2cc(OC)cc(OC)c2)ccc1O,4.7447274948966935
CN(C)CCCNC(=O)[C@H](CC(C)(C)C)NC(=O)c1cccc(CNC(=O)c2ccc(OCCN(C)C)cc2)c1,4.7447274948966935
COC(=O)c1cccc(NC(=O)c2ccc[n+]([O-])c2)c1,4.744679242634891
CSCC[C@H](NC(=O)c1ccccc1N)C(=O)Nc1nc(-c2ccccc2)cs1,4.739928612014925
Cc1csc(NC(=O)c2cc(-c3ccco3)nc3ccccc23)n1,4.735182176990463
CCc1n[nH]c(=S)n1[NH+]=C[c-]1cc(OC)cc([N+](=O)[O-])c1=O,4.734616075043825
O=C(Cn1cccc(NCc2ccccc2Cl)c1=O)NCc1ccc(Cl)c(Cl)c1,4.732828271596986
O=C(Cn1cccc(NCc2ccc(Cl)c(Cl)c2)c1=O)Nc1ccc(Cl)c(Cl)c1,4.732828271596986
COc1ccc(C2=NN(c3nc(-c4ccccc4)c(CC(=O)O)s3)C(c3ccco3)C2)cc1,4.732828271596986
Cc1cccc(N(Cc2ccccc2)C(=O)Cc2ccc(S(=O)(=O)N3CCOCC3)s2)c1,4.730814067186048
CC(=O)O[C@@H]1O[C@H](OC(=O)[C@]23CCC(C)(C)C[C@H]2C2=CC[C@@H]4[C@@]5(C)C[C@@H](O)[C@H](O)C(C)(C)[C@@H]5CC[C@@]4(C)[C@]2(C)CC3)[C@@H](OC(C)=O)[C@H](OC(C)=O)[C@H]1OC(C)=O,4.730487055782084
CNC(=O)/C=C/C(=O)Nc1cccc(C(N)=O)c1,4.729996999894941
NCc1ccc(-c2ccc3c(c2)C(=O)Nc2cc(OC(F)(F)F)ccc2O3)s1,4.729204746623152
CN1CCN(C(=O)c2cccc(-c3ccc4c(c3)C(=O)Nc3cc(OC(F)(F)F)ccc3O4)c2)CC1,4.729204746623152
CN1C(=O)c2ccc(-c3cccc(NS(C)(=O)=O)c3)cc2Oc2ccc(OC(F)(F)F)cc21,4.729204746623152
CS(=O)(=O)Nc1cccc(-c2ccc3c(c2)C(=O)Nc2cc(-c4ccc(OC(F)(F)F)cc4)ccc2O3)c1,4.729204746623152
O=C(CN1CCN(c2ccccc2F)CC1)Nc1cccc(F)c1,4.728158393463501
COc1cc(-c2ccc(O)cc2)c(OC)c(OCCBr)c1-c1ccc(O)cc1,4.72584215073632
Oc1c(Br)cc(CC=Nc2cc(O)c3cccnc3c2O)cc1Br,4.725634293552575
O=C(/C=C/c1ccc(O)c(O)c1)OC1C(O)CC(OC(=O)/C=C/c2ccc(O)c(O)c2)(C(=O)O)CC1O,4.723607136930465
Nc1cc(F)c(Sc2nncs2)cc1C(=O)Nc1cccc(C(F)(F)F)c1,4.723538195826756
CC1=C(C(=O)[C@@H](C)c2ccccc2)C(c2ccccc2Cl)NC(=S)N1,4.723538195826756
CN(C(=O)c1ccc(NC(=O)Cc2cccc(NC(=O)C3CCN(C(=O)C4CCCCC4)CC3)c2)cc1)C1CC1,4.722574167724139
C[C@H]1[C@H](C)CC[C@]2(C(=O)O)CC[C@]3(C)C(=CC[C@@H]4[C@@]5(C)CC[C@@H](O)C(C)(C)C5CC[C@]43C)[C@H]12,4.721246399047171
Nc1ncnc2c1ncn2[C@@H]1O[C@H](COC(=O)c2ccc(S(=O)(=O)Nc3ccccc3)cc2)[C@@H](O)[C@H]1O,4.721246399047171
Cc1ccc(-c2cc(-c3cccc(Br)c3)nc(SCc3cccc(F)c3)n2)cc1,4.721246399047171
Cc1ccc(-c2cc(-c3cccc(Br)c3)nc(SCc3ccccc3Cl)n2)cc1,4.721246399047171
Cc1ccc(-c2cc(-c3cccc(Br)c3)nc(SCc3ccc(F)cc3)n2)cc1,4.721246399047171
Cc1ccc(-c2cc(-c3ccc(Br)cc3)nc(SCc3ccccc3Br)n2)cc1,4.721246399047171
Cc1ccc(-c2cc(-c3ccc(Br)cc3)nc(SCc3ccc(Cl)cc3)n2)cc1,4.721246399047171
Fc1ccc(CSc2nc(-c3ccc(Br)cc3)cc(-c3ccc(Br)cc3)n2)cc1,4.721246399047171
CCOC(=O)COC(=O)[C@]12CCC(C)(C)C[C@H]1C1=CC[C@@H]3[C@@]4(C)C[C@@H](O)[C@H](O)C(C)(C)[C@@H]4CC[C@@]3(C)[C@]1(C)CC2,4.721246399047171
Fc1cccc(CSc2nc(-c3ccc(Br)cc3)cc(-c3cccc(Br)c3)n2)c1,4.721246399047171
Clc1ccc(CSc2nc(-c3ccc(Br)cc3)cc(-c3ccc(Br)cc3)n2)cc1,4.721246399047171
Fc1ccccc1CSc1nc(-c2ccc(Br)cc2)cc(-c2ccc(Br)cc2)n1,4.721246399047171
COc1ccc(-c2nnc3n(-c4ccccc4)c(=O)c4cnn(-c5ccccc5)c4n23)cc1,4.721246399047171
C[C@H]1[C@H](C)CC[C@]2(C(=O)O)CC[C@]3(C)C(=CC[C@@H]4[C@@]5(C)CC[C@@H](O)C(C)(C)[C@@H]5CC[C@]43C)[C@H]12,4.721246399047171
Clc1ccccc1CSc1nc(-c2ccc(Br)cc2)cc(-c2ccc(Br)cc2)n1,4.721246399047171
Fc1cccc(CSc2nc(-c3ccc(Br)cc3)cc(-c3ccc(Br)cc3)n2)c1,4.721246399047171
Clc1ccccc1CSc1nc(-c2ccc(Br)cc2)cc(-c2cccc(Br)c2)n1,4.721246399047171
CCOC(=O)c1c(C)[nH]c(/C=C2\C(=O)Nc3ccccc32)c1C,4.721246399047171
Cc1ccnc(-c2ccc(C(=O)N3CCN(C(=O)c4cccc(N(C)C)c4)CC3)cc2)c1,4.719649306953994
COc1cc(-c2ccc(O)cc2)c(OC)c(OCc2ccccc2)c1-c1ccc(O)cc1,4.718966632752273
C=C(C)[C@@H]1CC[C@]2(COC(=O)C(=O)OCC#CCO)CC[C@]3(C)[C@@H](CC[C@@H]4[C@@]5(C)CC[C@H](OC(=O)C(=O)OCC#CCO)[C@@](C)(COC(=O)C(=O)OCC#CCO)[C@@H]5CC[C@]43C)C12,4.718966632752273
N#CC1C(=S)N=C(N)C(c2nc(-c3ccccc3)cs2)C12CCCC2,4.718966632752273
O=C(Nc1ccc(O)cc1C(=O)O)c1cccc(Br)c1,4.718171533439482
NCCCC[C@H](NC(=O)c1ccccc1)C(=O)Nc1nc(-c2ccccc2)cs1,4.716698771296451
CCOC(=O)C1=C(C)N=c2s/c(=C\c3cc(Cl)c(OCC(=O)O)c(Cl)c3)c(=O)n2C1c1cccc(OC)c1,4.716698771296451
CCCOc1c(OC)c(-c2ccc(O)cc2)cc(OC)c1-c1ccc(O)cc1,4.714442690992226
Cc1cc(C)nc(Sc2cc(C(=O)Nc3cccc(C#N)c3)c(N)cc2F)n1,4.714442690992226
O=C(Nc1ccc(NS(=O)(=O)c2cccc(Cl)c2)cc1)Nc1ccc([N+](=O)[O-])cc1,4.714442690992226
O=C(N/N=C/c1ccc(O)cc1)c1ccc(Nc2ccnc3cc(Cl)ccc23)cc1,4.712870379280889
CCCCC(=O)C1CCN(Cc2ccccc2)CC1,4.712086352923967
O=C(Nc1nnc(-c2ccccc2)o1)c1cc(-c2cccs2)nc2ccccc12,4.709965388637482
Cc1ccc(-n2c(SCc3cc(=O)n4ccsc4n3)nnc2-c2cccnc2)c(C)c1,4.708009904653819
O=C(/C=C(O)/C=C/c1cc(O)ccc1O)c1cc(O)ccc1O,4.707743928643524
O=C(Nc1ccc2nc(-c3ccco3)c(-c3ccco3)nc2c1)N1CCN(c2ccccn2)CC1,4.705533773838407
CCC(C)C(NC(=O)C(C)n1cccc(NC(=O)Oc2ccccc2)c1=O)P(=O)(Oc1ccccc1)Oc1ccccc1,4.70421305974839
CCCCC1=CC2=CC(=O)C(C)(OC(=O)CCc3ccccc3)C(=O)C2=CO1,4.703334809738469
CCCCC(Sc1nc2cc(Cl)ccc2s1)C(=O)NS(=O)(=O)c1ccccc1,4.701146923590294
Cc1cccc(S(=O)(=O)Nc2ccc(NC(=O)Nc3ccc([N+](=O)[O-])cc3)cc2)c1,4.701146923590294
COc1ccc(Br)cc1[CH-]/N=[NH+]/c1ccc(S(=O)(=O)Nc2ccccc2C(=O)O)cc1[N+](=O)[O-],4.701146923590294
CCCN(c1cccc(-c2ccc(Cl)cc2)c1C)S(=O)(=O)c1ccc(OC(C)C(=O)O)c(C)c1C,4.699991797446187
CCCCN(c1ccc(C)c(-c2ccc(Cl)cc2)c1)S(=O)(=O)c1ccc(OC(C)C(=O)O)c(C)c1C,4.699991797446187
CCCCN(c1cccc(-c2ccc(Cl)cc2)c1C)S(=O)(=O)c1ccc(OC(C)C(=O)O)c(C)c1C,4.699991797446187
Cc1c(-c2ccc(Cl)cc2)cccc1N(CCCC(F)(F)F)S(=O)(=O)c1ccc(OC(C)C(=O)O)c(C)c1C,4.699991797446187
CCCCN(c1ccc(F)c(-c2ccc(Cl)cc2)c1)S(=O)(=O)c1ccc(OC(C)C(=O)O)c(C)c1C,4.699991797446187
COCCN(c1cccc(-c2ccc(Cl)cc2)c1C)S(=O)(=O)c1ccc(OC(C)C(=O)O)c(C)c1C,4.699991797446187
CCCCN(c1cccc(-c2ccc(Cl)cc2)c1C)S(=O)(=O)c1ccc(O[C@H](C)C(=O)O)c(C)c1C,4.699991797446187
CCCCN(c1cccc(-c2ccc(Cl)c(Cl)c2)c1C)S(=O)(=O)c1ccc(OC(C)C(=O)O)c(C)c1C,4.699991797446187
CCCCN(c1c(C)cc(C)c(-c2ccc(Cl)cc2)c1C)S(=O)(=O)c1ccc(OC(C)C(=O)O)c(C)c1C,4.699991797446187
Nc1ncnc2c1c(Cc1cccc3ccccc13)nn2CC1CCNCC1,4.698970004336019
Cc1[nH]c2ccccc2c1-c1nnc(-c2ccc(C(c3c(-c4ccccc4)[nH]c4ccccc34)c3c(-c4ccccc4)[nH]c4ccccc34)cc2)o1,4.698970004336019
c1ccc(-c2[nH]c3ccccc3c2C(c2ccc(-c3nnc(-c4c[nH]c5ccccc45)o3)cc2)c2c(-c3ccccc3)[nH]c3ccccc23)cc1,4.698970004336019
Nc1ncnc2c1c(-c1cnc3ccccc3c1)nn2CC1CCNCC1,4.698970004336019
Cc1[nH]c2ccccc2c1-c1nnc(-c2ccc(C(c3c[nH]c4ccc(Br)cc34)c3c[nH]c4ccc(Br)cc34)cc2)o1,4.698970004336019
Cc1[nH]c2ccccc2c1-c1nnc(-c2ccc(C(c3c(C)n(C)c4ccccc34)c3c(C)n(C)c4ccccc34)cc2)o1,4.698970004336019
NC(=O)c1cccc(NC(=O)CCCC(=O)O)c1,4.698970004336019
Clc1ccc2sc(SCc3cn(Cc4ccccc4Cl)nn3)nc2c1,4.698970004336019
Cc1ccc(NC(=O)c2ccc(CNC(=O)CCl)cc2)cc1Nc1nccc(-c2cccnc2)n1,4.698970004336019
Cn1cc(-c2nnc(-c3ccc(C(c4c(-c5ccccc5)[nH]c5ccccc45)c4c(-c5ccccc5)[nH]c5ccccc45)cc3)o2)c2ccccc21,4.698970004336019
Clc1ccc2sc(SCc3cn(Cc4ccc(Br)cc4)nn3)nc2c1,4.698970004336019
Clc1ccc2sc(SCc3cn(Cc4ccccc4Br)nn3)nc2c1,4.698970004336019
Clc1ccc2sc(SCc3cn(Cc4ccccc4)nn3)nc2c1,4.698970004336019
O=c1c(-c2cccc(Cl)c2)coc2cc(O)cc(O)c12,4.698970004336019
Cn1cc(C(c2ccc(-c3nnc(-c4c[nH]c5ccccc45)o3)cc2)c2cn(C)c3ccccc23)c2ccccc21,4.698970004336019
Cn1cc(-c2nnc(-c3ccc(C(c4cn(C)c5ccccc45)c4cn(C)c5ccccc45)cc3)o2)c2ccccc21,4.698970004336019
Cn1cc(-c2nnc(-c3ccc(C(c4c[nH]c5ccccc45)c4c[nH]c5ccccc45)cc3)o2)c2ccccc21,4.698970004336019
O=C1NC(=O)C(c2c[nH]c3ccccc23)=C1c1c[nH]c2ccccc12,4.698970004336019
O=C1N=C(S)SC1=Cc1ccc(SC2CCCC2)c([N+](=O)[O-])c1,4.698970004336019
N#Cc1ccc2[nH]cc(C(c3ccc(-c4nnc(-c5c[nH]c6ccccc56)o4)cc3)c3c[nH]c4ccc(C#N)cc34)c2c1,4.698970004336019
Cn1cc(-c2nnc(-c3ccc(C(c4c[nH]c5ccc(Cl)cc45)c4c[nH]c5ccc(Cl)cc45)cc3)o2)c2ccccc21,4.698970004336019
O=C(O)c1ccc(C(=O)C(=Cc2ccc(F)c([N+](=O)[O-])c2)S(=O)Cc2ccc(Br)cc2)cc1,4.698970004336019
O=C(Nc1ccc(Cl)c(Cl)c1)N1Cc2ccc(-c3ccncc3)cc2C1,4.698970004336019
Cc1ccc(NC(=O)c2ccc(CN)cc2)cc1Nc1nccc(-c2cccnc2)n1,4.698970004336019
O=C(Nc1ccc(Cl)c(Cl)c1)N1CCCc2ccc(-c3ccncc3)cc21,4.698970004336019
O=C(O)c1ccc(C(=O)/C(=C\c2ccc(F)c([N+](=O)[O-])c2)Sc2ccc(Br)cc2)cc1,4.698970004336019
Cn1cc(-c2nnc(-c3ccc(C(c4c[nH]c5ccc(Br)cc45)c4c[nH]c5ccc(Br)cc45)cc3)o2)c2ccccc21,4.698970004336019
Cn1cc(-c2nnc(-c3ccc(C(c4c[nH]c5ccc(C#N)cc45)c4c[nH]c5ccc(C#N)cc45)cc3)o2)c2ccccc21,4.698970004336019
C[C@H]1[C@H](C)CC[C@]2(C(=O)O)CC[C@]3(C)C(=CC[C@@H]4[C@@]5(C)C[C@@H](O)[C@H](O)C(C)(C)[C@@H]5CC[C@]43C)[C@H]12,4.698970004336019
C[C@H]1[C@H](C)CC[C@]2(C(=O)O)CC[C@]3(C)C(=CC[C@@H]4[C@@]5(C)C[C@@H](O)[C@H](O)C(C)(C)C5CC[C@]43C)[C@H]12,4.698970004336019
O=C(/C=C(O)/C=C/c1cc(O)ccc1O)c1ccc(O)cc1O,4.698970004336019
C/C(=C/C(=O)O)C(=O)Nc1cccc(C(N)=O)c1,4.698970004336019
CCN(CC)C(=O)/C=C\C(=O)Nc1cccc(C(N)=O)c1,4.698970004336019
Oc1cc(O)cc(-c2ccc3cc(O)ccc3c2)c1,4.698970004336019
Oc1ccc(-c2ccc(-c3cc(O)cc(O)c3)cc2)cc1,4.698970004336019
Oc1ccc(-c2cccc(-c3cc(O)cc(O)c3)c2)cc1,4.698970004336019
COc1cccc(C(c2c(N)c3ccccc3oc2=O)c2c(N)c3ccccc3oc2=O)c1,4.698970004336019
O=C(Nc1ccc(S(=O)(=O)Nc2nccs2)cc1)c1cc(-c2ccccc2)nc2ccccc12,4.698970004336019
COc1ccc(NC(=O)N2CCOc3ccc(-c4ccncc4)cc3C2)cc1,4.698970004336019
Nc1c(C(c2ccccc2Cl)c2c(N)c3ccccc3oc2=O)c(=O)oc2ccccc12,4.698970004336019
Nc1c(C(c2ccccc2)c2c(N)c3ccccc3oc2=O)c(=O)oc2ccccc12,4.698970004336019
Nc1c(C(c2cccc(F)c2)c2c(N)c3ccccc3oc2=O)c(=O)oc2ccccc12,4.698970004336019
Nc1c(C(c2cccc(Cl)c2)c2c(N)c3ccccc3oc2=O)c(=O)oc2ccccc12,4.698970004336019
Cc1c(C(c2ccc(-c3nnc(-c4cn(C)c5ccccc45)o3)cc2)c2c(C)n(C)c3ccccc23)c2ccccc2n1C,4.698970004336019
Clc1ccc2[nH]cc(C(c3ccc(-c4nnc(-c5c[nH]c6ccccc56)o4)cc3)c3c[nH]c4ccc(Cl)cc34)c2c1,4.698970004336019
Nc1c(C(c2ccc([N+](=O)[O-])cc2)c2c(N)c3ccccc3oc2=O)c(=O)oc2ccccc12,4.698970004336019
Clc1cc(Cl)cc(Cn2cc(CSc3nc4cc(Cl)ccc4s3)nn2)c1,4.698970004336019
Clc1cc(Cl)cc(Cn2cc(CSc3nc4ccccc4s3)nn2)c1,4.698970004336019
COc1cc(C(c2c(N)c3ccccc3oc2=O)c2c(N)c3ccccc3oc2=O)cc(Cl)c1O,4.698970004336019
O=C(O)c1ccc(C(=O)/C(=C\c2ccc(Cl)c([N+](=O)[O-])c2)S(=O)(=O)Cc2ccc(Br)cc2)cc1,4.698970004336019
COc1cc(C(c2c(N)c3ccccc3oc2=O)c2c(N)c3ccccc3oc2=O)cc(Br)c1O,4.698970004336019
Fc1ccccc1Cn1cc(CSc2nc3cc(Cl)ccc3s2)nn1,4.698970004336019
Fc1cccc(Cn2cc(CSc3nc4ccccc4s3)nn2)c1,4.698970004336019
Fc1cccc(Cn2cc(CSc3nc4cc(Cl)ccc4s3)nn2)c1,4.698970004336019
CNC(=O)/C=C\C(=O)Nc1cccc(C(N)=O)c1,4.698970004336019
Clc1ccc(Cn2cc(CSc3nc4ccccc4s3)nn2)cc1,4.698970004336019
Clc1ccc(Cn2cc(CSc3nc4cc(Cl)ccc4s3)nn2)cc1,4.698970004336019
Cc1cccc(C(c2c(N)c3ccccc3oc2=O)c2c(N)c3ccccc3oc2=O)c1,4.698970004336019
CC(=O)CCC(=O)Nc1cccc(C(N)=O)c1,4.698970004336019
Nc1c(C(c2cccc(Br)c2)c2c(N)c3ccccc3oc2=O)c(=O)oc2ccccc12,4.698970004336019
Cc1c(C(c2ccc(-c3nnc(-c4c[nH]c5ccccc45)o3)cc2)c2c(C)n(C)c3ccccc23)c2ccccc2n1C,4.698970004336019
Nc1c(C(c2ccc(O)cc2)c2c(N)c3ccccc3oc2=O)c(=O)oc2ccccc12,4.698970004336019
Cc1ccc(S(=O)(=O)c2ccc(C=C3SC(S)=NC3=O)cc2[N+](=O)[O-])cc1,4.698970004336019
Nc1c(C(c2ccccc2F)c2c(N)c3ccccc3oc2=O)c(=O)oc2ccccc12,4.698970004336019
COc1cccc(N(C)C(=O)N2CCOc3ccc(-c4ccncc4)cc3C2)c1,4.698970004336019
CCN1CCC(CCn2nc(Cc3cccc4ccccc34)c3c(N)ncnc32)CC1,4.698970004336019
CCN1CCC(Cn2nc(Cc3cccc4ccccc34)c3c(N)ncnc32)CC1,4.698970004336019
O=C(O)c1ccc(C(=O)/C(=C\c2ccc(F)c([N+](=O)[O-])c2)S(=O)(=O)Cc2ccc(Br)cc2)cc1,4.698970004336019
Fc1ccc(Cn2cc(CSc3nc4cc(Cl)ccc4s3)nn2)cc1,4.698970004336019
Cc1ccc(C(c2c(N)c3ccccc3oc2=O)c2c(N)c3ccccc3oc2=O)cc1,4.698970004336019
CC1(C)Cc2c(-c3ccncc3)c(-c3ccccc3C#N)nn2C1,4.698970004336019
Cc1cccc(-c2nn3c(c2-c2ccc(O)cc2)CC(C)(C)C3)n1,4.698970004336019
CC1=C(C)C(=O)N(c2cccc(C(N)=O)c2)C1=O,4.698970004336019
CC(C)(CC(=O)Nc1cccc(C(N)=O)c1)C(=O)O,4.698970004336019
CC(C)(C)c1ccc(Cn2cc(CSc3nc4ccccc4s3)nn2)cc1,4.698970004336019
CC(C)(C)c1ccc(Cn2cc(CSc3nc4cc(Cl)ccc4s3)nn2)cc1,4.698970004336019
NC(=O)c1cccc(NC(=O)/C=C\C(=O)N2CCCC2)c1,4.698970004336019
NC(=O)c1cccc(NC(=O)/C=C/C(=O)O)c1,4.698970004336019
NC(=O)c1cccc(NC(=O)/C=C\C(=O)O)c1,4.698970004336019
CCNC(=O)[C@H](CCC1CCCCC1)NC(=O)c1ccc(CNC(=O)c2cnn(-c3ccccc3)c2N)cc1,4.698970004336019
Cc1ccc2[nH]c(=O)c(CN(CCc3ccccc3)C(c3nnnn3Cc3ccco3)C(C)C)cc2c1,4.698970004336019
Cc1[nH]c2ccccc2c1-c1nnc(-c2ccc(C(c3cn(C)c4ccccc34)c3cn(C)c4ccccc34)cc2)o1,4.698970004336019
Cc1[nH]c2ccccc2c1-c1nnc(-c2ccc(C(c3c[nH]c4ccccc34)c3c[nH]c4ccccc34)cc2)o1,4.698970004336019
Cc1[nH]c2ccccc2c1-c1nnc(-c2ccc(C(c3c[nH]c4ccc(Cl)cc34)c3c[nH]c4ccc(Cl)cc34)cc2)o1,4.698970004336019
Cc1[nH]c2ccccc2c1-c1nnc(-c2ccc(C(c3c[nH]c4ccc(C#N)cc34)c3c[nH]c4ccc(C#N)cc34)cc2)o1,4.698970004336019
C=C(C)C(=O)NCc1ccc(C(=O)Nc2ccc(C)c(Nc3nccc(-c4cccnc4)n3)c2)cc1,4.698970004336019
Brc1ccccc1Cn1cc(CSc2nc3ccccc3s2)nn1,4.698970004336019
Brc1ccc(Cn2cc(CSc3nc4ccccc4s3)nn2)cc1,4.698970004336019
C(=C\n1ncc2c(N3CCCCCC3)ncnc21)/c1ccccc1,4.698970004336019
C/C(=C/C(=O)Nc1cccc(C(N)=O)c1)C(=O)O,4.698970004336019
c1ccc2c(-c3nnc(-c4ccc(C(c5c[nH]c6ccccc56)c5c[nH]c6ccccc56)cc4)o3)c[nH]c2c1,4.698970004336019
C/C=C/C(=O)NCc1ccc(C(=O)Nc2ccc(C)c(Nc3nccc(-c4cccnc4)n3)c2)cc1,4.698970004336019
C=C(C)[C@@H]1CC[C@]2(COC(c3ccccc3)(c3ccccc3)c3ccccc3)CC[C@]3(C)[C@H](CC[C@@H]4[C@@]5(C)[C@H](C(=O)OC)[C@H](O)C(C)(C)[C@@H]5CC[C@]43C)[C@@H]12,4.696803942579511
[C]Oc1cc(-c2ccc(O[C][C]=C([C])[C])cc2)c(O[C])c([O])c1-c1ccc([O])cc1,4.696803942579511
Cc1ccc(S(=O)(=O)Nc2ccc(Nc3nccn4c(-c5ccccc5Oc5ccccc5)cnc34)cc2)cc1,4.696803942579511
C#CCOc1ccc(-c2cc(OC)c(-c3ccc(O)cc3)c(OCC#C)c2OC)cc1,4.696803942579511
CCN(CC)CC(=O)O[C@H]1CC[C@]2(C)[C@H]3CC=C4[C@@H]5CC(C)(C)CC[C@]5(C(=O)OCc5ccccc5)CC[C@@]4(C)[C@]3(C)CC[C@H]2C1(C)C,4.696803942579511
Cc1ccc(-c2cc(C(=O)Nc3ccc(S(=O)(=O)Nc4onc(C)c4C)cc3)c3ccccc3n2)cc1,4.696803942579511
CC[C@]12c3[nH]c4ccc(OC)cc4c3CCN1C(=O)C(CC(=O)NCc1cccc(C(F)(F)F)c1)C[C@@H]2C(=O)N1CCN(C(=O)c2ccco2)CC1,4.695832728275604
C[C@H]1[C@H](C)CC[C@]2(C(=O)OCc3ccccc3)CC[C@]3(C)C(=CC[C@@H]4[C@@]5(C)CC(N=O)CC(C)(C)[C@@H]5CC[C@]43C)[C@H]12,4.694648630553377
COc1cccc(NC(=O)c2cc(Sc3nccn3C)c(F)cc2N)c1,4.694648630553377
O=C(NN=CC=Cc1ccco1)c1cc(-c2ccc3ccccc3c2)n[nH]1,4.692503962086787
CCOc1cc(/C=C2\SC(=O)N(Cc3cccc([N+](=O)[O-])c3)C2=O)ccc1OCc1ccc(C)cc1,4.692290076595193
Cc1ccc(-n2nc3c(c2NC(=O)/C=C\c2ccc4c(c2)OCO4)CSC3)cc1,4.690369832574102
O=C(Nc1ccc(NS(=O)(=O)c2ccccc2Cl)cc1)Nc1cccc([N+](=O)[O-])c1,4.690369832574102
COCCN(CCOC)C(=O)CSc1ccc(S(=O)(=O)N2CCN(C)CC2)cn1,4.688394459945532
CC1(C)CC[C@]2(C(=O)OCc3ccccc3)CC[C@]3(C)C(=CC[C@@H]4[C@@]5(C)Cc6cn(C7CC7)nc6C(C)(C)[C@@H]5CC[C@]43C)[C@@H]2C1,4.688246138944246
C[C@H]1[C@H](C)CC[C@]2(C(=O)O)CC[C@]3(C)C(=CC[C@@H]4[C@@]5(C)C[C@H](O)CC(C)(C)[C@@H]5CC[C@]43C)[C@H]12,4.686132779630847
CC(C)(O)c1ccccc1CC[C@@H](SCC1(CC(=O)[O-])CC1)c1cccc(/C=C/c2ccc3ccc(Cl)cc3n2)c1,4.686132779630847
CC(=O)OCc1cn(CCCCCCn2cc(COC(=O)[C@]34CCC(C)(C)C[C@H]3C3=CC[C@@H]5[C@@]6(C)CC[C@H](O)C(C)(C)[C@@H]6CC[C@@]5(C)[C@]3(C)CC4)nn2)nn1,4.684029654543083
CC(=O)N1N=C(c2cc3ccccc3oc2=O)CC1c1ccc(Cl)cc1Cl,4.684029654543083
C#Cc1ccc([C@H]2C=C(C(=O)NCc3nc4ccccc4[nH]3)O[C@@H](OCc3ccc(CO)cc3)C2)cc1,4.684029654543083
CN(Cc1ccccc1)C(=O)c1ccc(NC(=O)Cc2ccc(NC(=O)C3CCN(C(=O)C4CCCC4)CC3)cc2)cc1,4.6832121883979045
CC1(C)CC[C@]2(C(=O)OCc3ccccc3)CC[C@]3(C)C(=CC[C@@H]4[C@@]5(C)CCC(N=O)C(C)(C)[C@@H]5CC[C@]43C)[C@@H]2C1,4.681936665037238
CC1(C)CC[C@]2(C(=O)OCc3ccccc3)CC[C@]3(C)C(=CCC4[C@@]5(C)CCC(N=O)C(C)(C)C5CC[C@]43C)[C@@H]2C1,4.681936665037238
CCNC(=O)Nc1ccc2ncc(-c3ccc(OC)cc3)cc2n1,4.681102285372513
CC1CCc2c(sc(NC(=O)COc3cccc(C=O)c3)c2C#N)C1,4.680893940690224
O=C(NNc1nc2c(cnn2-c2ccccc2)c(=O)n1-c1ccccc1)c1ccccc1,4.679853713888946
Cc1ccnc(NS(=O)(=O)c2ccc(NC(=O)c3cc(-c4ccc(Br)cc4)nc4ccccc34)cc2)n1,4.679853713888946
O=C1OC(c2ccc3ccccc3c2O)(c2ccc3ccccc3c2O)c2ccccc21,4.679853713888946
CN1C(=O)c2ccc(-c3cccc(N(C)S(C)(=O)=O)c3)cc2Oc2ccc(OC(F)(F)F)cc21,4.679210022301194
Cc1ccc(C(=O)Nc2ccc(OCCCCN(C)C)cc2)cc1Nc1nccc(-c2cccnc2)n1,4.677822068615024
Cc1cccc(-c2n[nH]cc2-c2ccc3ncccc3n2)n1,4.6777807052660805
CC1(C)CC[C@]2(C(=O)O)CC[C@]3(C)C(=CC[C@@H]4[C@@]5(C)CC[C@@H](O)C(C)(C)C5CC[C@]43C)[C@@H]2C1,4.6777807052660805
Cc1cccc(-c2nn3c(c2-c2ccncc2)C(C)C(C)(C)C3)n1,4.6777807052660805
COC(=O)c1ccc(COC(=O)c2ccc(-n3cnnn3)cc2)o1,4.676644754243716
NS(=O)(=O)c1ccc(NC(=O)COC(=O)c2c3c(nc4ccccc24)/C(=C\c2ccc4c(c2)OCO4)CCC3)cc1,4.675717544702307
O=C(N/N=C/c1cccc(F)c1)c1cc(-c2ccco2)nc2ccccc12,4.675717544702307
Cc1[nH]n(-c2ccc(Cl)cc2)c(=O)c1C(c1ccccc1O)c1c(C)[nH]n(-c2ccc(Cl)cc2)c1=O,4.675717544702307
COc1ccccc1CNc1ncc(C(=O)NC2CCN(C)CC2)c(NC2CCCC2)n1,4.675511766692344
CN(C(=O)c1ccc(NC(=O)Cc2cccc(NC(=O)C3CCN(C(=O)C4CCCC4)CC3)c2)cc1)C1CC1,4.6727637072529005
COC(=O)c1ccc(CSc2nnc(CNC(=O)COc3ccc(Cl)cc3)o2)o1,4.670541099940278
Cc1ccc(Nc2nnc(SCC(=O)C(C#N)c3nc4ccccc4[nH]3)s2)c(C)c1,4.669586226650809
Cc1cc(S(=O)(=O)N2CCN(C(=O)CCC(=O)N3CCOCC3)CC2)ccc1Br,4.668451239492477
Cc1ccc(S(=O)(=O)N2CCN(C(=O)Cn3cnc4c3c(=O)n(C)c(=O)n4C)CC2)cc1C,4.668410759044863
CCOC(=O)C1=C(C)NC(SC)N(C)C1c1cccc(O)c1,4.667561540084395
Cc1ccc(-n2nc3c(c2NC(=O)/C=C\c2ccc4c(c2)OCO4)CSC3)c(C)c1,4.667561540084395
C=CCn1/c(=N/C(=O)c2cc(-c3cccs3)nc3ccccc23)sc2cc(S(N)(=O)=O)ccc21,4.665546248849069
Cc1ccc(-c2cc(C(=O)Nc3ccc(S(=O)(=O)Nc4nccs4)cc3)c3ccccc3n2)c(C)c1,4.665546248849069
Oc1ccc(-c2cn3c(n2)SCC3)cc1O,4.665526143088463
CC1(C)CC[C@]2(C(=O)OCc3ccccc3)CC[C@]3(C)C(=CC[C@@H]4[C@@]5(C)C[C@H](O)[C@H](O)C(C)(C)[C@@H]5CC[C@]43C)[C@@H]2C1,4.663540266151471
Oc1ccc(Br)cc1-c1nc2cc(Cl)ccc2s1,4.657577319177793
C[N+](C)(C)CCN1C(=O)c2cccc3cccc(c23)C1=O,4.657577319177793
CC[C@H](C)[C@H](NC(=O)[C@H](CCC(=O)O)NC(=O)[C@H](CCC(=O)O)NC(=O)[C@H](Cc1ccc(P(=O)(O)O)cc1)NC(C)=O)C(=O)N[C@@H](CCC(=O)O)C(=O)O,4.657577319177793
CC1(C)CC[C@]2(C(=O)O)CC[C@]3(C)C(=CCC4[C@@]5(C)CC[C@H](O)C(C)(C)C5CC[C@]43C)[C@@H]2C1,4.655607726314889
O=C1N(c2cccc(Cl)c2)C(c2ccccc2)N2CCCN12,4.653940566947426
CCCCSc1cc(=O)[nH]c(N)n1,4.653842697767992
O=C(Nc1ccc(NS(=O)(=O)c2ccccc2F)cc1)Nc1ccc([N+](=O)[O-])cc1,4.653647025549361
O=C(Nc1ccc(S(=O)(=O)Nc2nccs2)cc1)c1cc(-c2ccccc2Cl)nc2ccccc12,4.653647025549361
COc1ccccc1NS(=O)(=O)c1cccc(-n2c(O)c(C=Nc3ccccc3C(=O)O)c3ccccc3c2=O)c1,4.653647025549361
CCCC(Sc1nc2cc(Cl)ccc2s1)C(=O)NS(=O)(=O)c1ccccc1,4.653647025549361
COc1ccccc1CN1C[C@@H]2C[C@@H](c3ccc4nsnc4c3)N3CCC[C@@]23C1=O,4.652123800390197
CC1(C)CC[C@]2(C(=O)OCc3ccccc3)CC[C@]3(C)C(=CCC4[C@@]5(C)CC(N=O)C(N=O)C(C)(C)C5CC[C@]43C)[C@@H]2C1,4.651695136951839
CC1CC[C@]2(C(=O)OCc3ccccc3)CC[C@]3(C)C(=CC[C@@H]4[C@@]5(C)C[C@H](O)CC(C)(C)[C@@H]5CC[C@]43C)[C@@H]2[C@H]1C,4.651695136951839
Cc1cc(C)cc(NC(=O)C(OC(=O)c2ccc(NC(=O)CC#N)cc2)c2ccccc2)c1,4.651695136951839
CC1(C)CC[C@]2(C(=O)OCc3ccccc3)CC[C@]3(C)C(=CC[C@@H]4[C@@]5(C)CC(N=O)C(N=O)C(C)(C)[C@@H]5CC[C@]43C)[C@@H]2C1,4.651695136951839
C[C@H]1[C@H](C)CC[C@]2(C(=O)OCc3ccccc3)CC[C@]3(C)C(=CC[C@@H]4[C@@]5(C)C[C@H](O)CC(C)(C)[C@@H]5CC[C@]43C)[C@H]12,4.651695136951839
CCCc1ncc(CN2CCC(C(=O)Nc3cccc(-c4cscn4)c3)CC2)cn1,4.6507419044872105
CC1(C)CC[C@]2(C(=O)O)CC[C@]3(C)C(=CC[C@@H]4[C@@]5(C)CC[C@@H](O)C(C)(C)[C@@H]5CC[C@]43C)[C@@H]2C1,4.650004100737144
CCOC(=O)COC(=O)[C@]12CCC(C)(C)C[C@H]1C1=CC[C@@H]3[C@@]4(C)C[C@H](O)CC(C)(C)[C@@H]4CC[C@@]3(C)[C@]1(C)CC2,4.647817481888637
O=C(Cn1cccc(NCc2ccc(Cl)c(Cl)c2)c1=O)NCCc1ccc(Cl)c(Cl)c1,4.647817481888637
O=C(Nc1cccc(S(=O)(=O)NC2=NCCC2)c1)c1cc(-c2ccco2)nc2ccccc12,4.6439741428068775
COc1ccccc1C(=O)N1CCN(C(=O)c2ccc(-c3cccc4[nH]nc(N)c34)cc2)CC1,4.642827742276967
C/C=C\C=C\C(=O)Nc1cccc(C2=NOC3(C2)C[C@@H](C(N)=O)N(C(=O)C(c2ccccc2)c2ccccc2)C3)c1,4.642065152999546
O=C(Nc1ccc(S(=O)(=O)Nc2nccs2)cc1)/C(=C/c1ccccc1Cl)NC(=O)c1ccccc1,4.642065152999546
Cc1cc(O)cc(O)c1C(=O)O[C@H]1[C@@H]2COC(/C=C/C=O)=CC2=CC(=O)[C@@]1(C)O,4.640164517660112
Cc1ccc(C(=O)Nc2cc(C(C)(C)C)on2)cc1/C=C/n1cnc2c(NC3CC3)ncnc21,4.638272163982407
CN(C)CCNC(=O)[C@H](CC(C)(C)C)NC(=O)c1cccc(CNC(=O)c2ccc(OCCN(C)C)cc2)c1,4.638272163982407
CS(=O)(=O)c1ccc2nc(NC(=O)NCc3cccnc3)sc2c1,4.638272163982407
Cc1ccc(C(=O)Nc2cccc(C(F)(F)F)c2)cc1/C=C/n1cnc2c(NC3CC3)ncnc21,4.638272163982407
COc1cc(/C=C/c2cc(OC)c(O)c(OC)c2)cc(OC)c1,4.638272163982407
CSCC[C@H](NC(=O)[C@H](CC(C)C)NC(=O)[C@H](CO)NC(=O)[C@@H]1CCCN1C(=O)[C@@H](NC(=O)[C@@H](N)CCCNC(=N)N)C(C)C)C(=O)O,4.636952405478906
CC1(C)CC[C@]2(C(=O)OC3CC3)CC[C@]3(C)C(=CC[C@@H]4[C@@]5(C)C[C@H](O)CC(C)(C)[C@@H]5CC[C@]43C)[C@@H]2C1,4.636388020107856
C=CCOC(=O)[C@]12CCC(C)(C)C[C@H]1C1=CC[C@@H]3[C@@]4(C)C[C@H](O)CC(C)(C)[C@@H]4CC[C@@]3(C)[C@]1(C)CC2,4.636388020107856
N#C/C(=C\c1ccc(O)cc1O)c1nc2ccccc2s1,4.634699251362012
N#CC1C(=S)N=C(N)C(c2nc(-c3ccccc3)cs2)C12CCCCC2,4.634512015109101
Cc1cc(NCCCCCCCNc2cc(C)nc3cc([N+](=O)[O-])ccc23)c2ccc([N+](=O)[O-])cc2n1,4.634512015109101
CC[C@H]1O[C@@H](NC(=S)NN=Cc2cccc(Cl)c2)[C@H](O)[C@@H](O)[C@@H]1O,4.634512015109101
CC[C@H](NC(=O)c1ccccc1)C(=O)Nc1nc(-c2ccccc2)cs1,4.632644078973981
CC1=C(C(=O)[C@H](C)c2ccccc2)C(c2ccccc2Cl)NC(=S)N1,4.632644078973981
Cc1ccc(NS(=O)(=O)c2ccc(/[NH+]=N/[CH-]c3ccccc3OCC(=O)O)c([N+](=O)[O-])c2)c(C)c1,4.632644078973981
[C]Oc1cc(-c2ccc([O])cc2)c(O[C])c(O[C][C]=C([C])[C])c1-c1ccc([O])cc1,4.6307841425898575
CC(O)c1ccc(Nc2nc3c(C(N)=O)cc(F)cc3s2)cc1,4.6307841425898575
CS(=O)(=O)Nc1cccc(-c2ccc3c(c2)Oc2ccc(OC(F)(F)F)cc2C(=O)N3)c1,4.629209435480733
O=[N+]([O-])c1ccc(Cl)c(S(=O)(=O)Nc2cccc(-c3ccc(N4CCCC4)nn3)c2)c1,4.628932137728264
CC1=NN(S(=O)(=O)CCc2ccc([N+](=O)[O-])cc2)C(c2ccccc2O)C1,4.628932137728264
O=C(CC1N=C2c3ccccc3N=C(SCc3ccc(Cl)cc3)N2C1=O)NCc1ccco1,4.627087997029894
Fc1ccc(CSc2nnc(COc3ccnc4ccccc34)o2)cc1,4.625434939277235
C[C@H](NC(=O)c1ccccc1)C(=O)Nc1nc(-c2ccccc2)cs1,4.6252516539898965
CCOC(=O)CN1C(=O)NC2NC(=O)NC21,4.624153563690844
Cc1ccccc1C(=O)N=c1ccn(-c2nc3ccccc3nc2NS(=O)(=O)c2ccc(F)cc2)cc1,4.623423042943488
C=C(C)[C@@H]1CC[C@]2(C(=O)NCCCN)CC[C@]3(C)[C@H](CC[C@@H]4[C@@]5(C)CC[C@H](O)[C@@](C)(CO)[C@@H]5CC[C@]43C)[C@@H]12,4.623423042943488
COCCn1/c(=N/C(=O)c2cc(-c3cccs3)nc3ccccc23)sc2cc(S(N)(=O)=O)ccc21,4.623423042943488
O=C(COC(=O)c1ccc(Oc2ccccc2)cc1)Nc1nnc(-c2ccccc2)o1,4.623423042943488
CC1(C)CC[C@]2(C(=O)OCc3ccccc3)CC[C@]3(C)C(=CC[C@@H]4[C@@]5(C)CC[C@H](OC(=O)Cn6cc(COC(=O)Cc7ccc8ccccc8c7)nn6)C(C)(C)[C@@H]5CC[C@]43C)[C@@H]2C1,4.621602099051862
COC(=O)[C@H](Cc1ccccc1)NC(=O)[C@]12CC[C@@H](C)[C@H](C)[C@H]1C1=CC[C@@H]3[C@@]4(C)C[C@@H](OC(C)=O)[C@H](OC(C)=O)C(C)(C)[C@@H]4CC[C@@]3(C)[C@]1(C)CC2,4.621602099051862
COc1ccc(NC(=O)c2cc(Sc3nccn3C)c(F)cc2N)cc1,4.621602099051862
Cc1ccc(NC(=O)c2ccc(C(=O)Nc3ccccc3N)s2)cc1Nc1ncc(-c2cccnc2)s1,4.619788758288394
Cc1ccc(C(=O)Nc2cc(N3CCN(C)CC3)cc(C(F)(F)F)c2)cc1/C=C/n1cnc2c(NC3CC3)ncnc21,4.619788758288394
Nc1ccccc1NC(=O)c1ccc(C(=O)Nc2cccc(Nc3ncc(-c4cccnc4)s3)c2)s1,4.619788758288394
N[C@@H](CSC(c1ccccc1)(c1ccccc1)c1ccc(-c2ccccc2)cc1)C(=O)O,4.619788758288394
COc1cc(/C=C/c2ccccc2O)cc(OC)c1,4.619788758288394
Nc1ccccc1NC(=O)c1ccc(C(=O)Nc2cccc(Nc3ncc(-c4cccnc4)s3)c2)cn1,4.619788758288394
CCCCC1=CC2=CC(=O)C(C)(OC(=O)CC)C(=O)C2=CO1,4.619788758288394
CS(=O)(=O)c1ccc2nc(NC(=O)NCc3cccs3)sc2c1,4.619788758288394
OCCN1CCN(c2ncnc3c2sc2nc(N4CCOCC4)c4c(c23)CCC4)CC1,4.6164359514633055
C[C@H]1[C@H](C)CC[C@]2(C(=O)OCc3ccccc3)CC[C@]3(C)C(=CC[C@@H]4[C@@]5(C)CC(=O)CC(C)(C)[C@@H]5CC[C@]43C)[C@H]12,4.616184634019569
CCOC(=O)C1=C(C)NC(SC)N(C)C1c1ccccc1,4.616184634019569
CC1CCc2c(sc(NC(=O)COc3ccc(C=O)cc3)c2C#N)C1,4.61475131759678
O=c1c(CO)cc(CO)cc(CO)c1O,4.609064892896621
C#CCn1/c(=N/C(=O)c2cc(-c3cccs3)nc3ccccc23)sc2cc(S(N)(=O)=O)ccc21,4.609064892896621
CC1(C)CC[C@]2(COC(=O)CCC(=O)O)CC[C@]3(C)C(=CC[C@@H]4[C@@]5(C)Cc6cn[nH]c6C(C)(C)[C@@H]5CC[C@]43C)[C@@H]2C1,4.607303046740334
Cc1ccc(-n2c(SCC(=O)N3Cc4ccccc4CC3C(=O)O)nnc2-c2cccnc2)c(C)c1,4.6041670798980165
CCC(C)C(NC(=O)[C@@H]1CCCN1C(=O)[C@@H](NC(=O)OCc1ccccc1)C(C)(C)C)P(=O)(Oc1ccccc1)Oc1ccccc1,4.604149623981219
O=C(CCC(=O)Nc1ccccc1Br)N/N=C/c1c2ccccc2cc2ccccc12,4.6020599913279625
O=C(CCC(=O)Nc1cccc(Cl)c1)NN=Cc1c2ccccc2cc2ccccc12,4.6020599913279625
CC(=O)NCCNP(=O)(O)OP(=O)(O)OP(=O)(O)OC[C@H]1O[C@@H](n2cnc3c(N)ncnc32)[C@H](O)[C@@H]1O,4.6020599913279625
CCCOCc1nc2c(c(C)nn2-c2ccccc2)c(=O)[nH]1,4.6020599913279625
CCOCc1nc2c(c(C)nn2-c2ccccc2)c(=O)n1CC(=O)OCC,4.6020599913279625
CCOC(=O)Cn1c(CCl)nc2c(c(C)nn2-c2ccccc2)c1=O,4.6020599913279625
CCOC(=O)c1ccccc1NC(=O)c1ccc2c(SCC(=O)O)c3c(nc2c1)CCCC3,4.6020599913279625
CNc1ncnc2c1ncn2/C=C/c1cc(NC(=O)c2cccc(C(F)(F)F)c2)ccc1C,4.6020599913279625
COC(=O)[C@@H]1CSC(c2ccccc2)=N1,4.6020599913279625
CCOc1ccc(S(=O)(=O)N2CCCCC2)cc1-c1nnc2c(n1)c(C)nn2C,4.6020599913279625
CN(C)CCN1Cc2ccc3c4c(ccc(c24)C1)CN(CCN(C)C)C3,4.6020599913279625
CS(=O)(=O)N1CCCC(NC(=O)[C@H](CCC2CCCCC2)NC(=O)c2ccc(CNC(=O)c3cnc4ccccn34)cc2)C1,4.6020599913279625
COc1cccc(S(=O)(=O)Nc2ccc(NC(=O)Nc3ccc([N+](=O)[O-])cc3)cc2)c1,4.6020599913279625
COCc1nc2c(c(C)nn2-c2ccccc2)c(=O)n1Cc1ccccc1,4.6020599913279625
COCC1c2c(-c3ccncc3)c(-c3cccc(C)n3)nn2CC1(C)C,4.6020599913279625
Cc1ccc(NC(=O)c2ccc(C(=O)Nc3ccccc3N)s2)cc1Nc1ncc(-c2cccnc2)cn1,4.6020599913279625
Cc1cc(-c2c(-c3cccc(C)n3)nn3c2C(C)C(C)(C)C3)ccn1,4.6020599913279625
Cc1ccc(NC(=O)c2ccc(N)c(N)c2)cc1Nc1nccc(-c2cccnc2)n1,4.6020599913279625
Cc1ccn(-c2ccc(-c3ncco3)cc2)c(=O)c1-c1ccc2nc(N)ncc2c1,4.6020599913279625
Cc1oc(-c2ccccc2)nc1CCOc1ccc(Cc2c(C(=O)O)cnn2-c2ccccc2)cc1,4.6020599913279625
Cc1nn(C)c2nnc(Nc3ccc(S(=O)(=O)N4CCCCC4)cc3)nc12,4.6020599913279625
Cc1nn(C)c2nnc(Nc3ccc(S(=O)(=O)N4CCOCC4)cc3)nc12,4.6020599913279625
Cc1oc(-c2ccccc2)nc1CCOc1ccc(Cc2c(C(=O)O)nnn2-c2ccccc2)cc1,4.6020599913279625
Cc1oc(-c2ccccc2)nc1CCOc1cccc(Cc2c(C(=O)O)nnn2-c2ccccc2)c1,4.6020599913279625
CCOc1ccccc1N(C(=O)c1snc(C(N)=O)c1N)C(C(=O)NCC1CCCO1)c1ccc2ncccc2c1,4.600811020875485
CC1(C)CC[C@]2(C(=O)O)CC[C@]3(C)C(=CC[C@@H]4[C@@]5(C)Cc6nccnc6C(C)(C)[C@@H]5CC[C@]43C)[C@@H]2C1,4.600326278518962
COc1ccc(S(=O)(=O)Nc2c(C)cc(C)cc2C)cc1,4.599997654072044
Cn1ncnc1[C@@H]1c2n[nH]c(=O)c3cc(F)cc(c23)N[C@H]1c1ccc(F)cc1,4.599997654072044
CCCCN(c1cccc(-c2ccc(Cl)cc2)c1C)S(=O)(=O)c1ccc(OC(C)C(=O)O)c(OC)c1OC,4.599997654072044
Cc1cccc(C)c1Nc1nnc(SCC(=O)C(C#N)c2nc3ccccc3[nH]2)s1,4.598599459218456
CCCC(=O)O[C@@H]1C[C@]2(C)[C@H]3CC=C4[C@@H]5CC(C)(C)CC[C@]5(C(=O)O)CC[C@@]4(C)[C@]3(C)CC[C@H]2C(C)(C)[C@H]1OC(=O)CCC,4.598599459218456
COC(=O)c1nc2c(-c3ccc(O)c(O)c3)c(O)c(O)c(-c3ccc(O)cc3)c2s1,4.598599459218456
CCOC(=O)c1ccc(NC(=O)COc2ccccc2CNCCO)cc1,4.597085517168477
COc1ccc(-c2cc(C(=O)Nc3cccc(S(=O)(=O)NCc4ccco4)c3)c3ccccc3n2)cc1OC,4.596879478824183
Cn1ccnc1Sc1cc(C(=O)Nc2cccc(CN)c2)c(N)cc1F,4.596879478824183
Cc1ccc(C2CC(c3cccs3)=NN2C(=O)CSc2nc(=O)n3ccc(C)cc3n2)cc1,4.5951662833800615
CC1(C)CC[C@]2(C(=O)OCCBr)CC[C@]3(C)C(=CC[C@@H]4[C@@]5(C)C[C@H](O)CC(C)(C)[C@@H]5CC[C@]43C)[C@@H]2C1,4.5951662833800615
COc1cccc(OCc2cc(CN=Nc3ccc(C(=O)O)cc3)ccc2OC)c1,4.5934598195660445
NN=C1c2ccccc2C(=O)C1C(=O)C(c1ccccc1)c1ccccc1,4.5934598195660445
CCc1nnc(NS(=O)(=O)c2ccc(N=Cc3c(C)[nH]n(-c4ccc(Cl)cc4)c3=O)cc2)s1,4.5934598195660445
CCCCCCCCCC(=O)OCc1cn(CC(=O)O[C@H]2CC[C@]3(C)[C@H]4CC=C5[C@@H]6CC(C)(C)CC[C@]6(C(=O)O)CC[C@@]5(C)[C@]4(C)CC[C@H]3C2(C)C)nn1,4.591760034688151
[C]Oc1cc(-c2ccc([O])cc2)c(O[C])c([O])c1-c1ccc([O])c([C][C]=C([C])[C])c1,4.590066876668706
CCCCCN(CCCCC)C(=O)[C@H](C)NC(=O)[C@@H](NC(=O)[C@H](Cc1ccc(OP(=O)(O)O)cc1)NC(C)=O)C(C)C,4.590066876668706
CC[C@H]1O[C@@H](NC(=S)NN=Cc2ccc([N+](=O)[O-])cc2)[C@H](O)[C@@H](O)[C@@H]1O,4.590066876668706
CCN(CCCCOc1ccc(-c2cc(=O)c3c(O)c(OC)c(OC)cc3o2)cc1)Cc1ccccc1OC,4.588717086982616
O=C(CSc1ccc(Br)c2cccc(Cl)c12)Nc1ccc(S(=O)(=O)Nc2nccs2)cc1,4.58838029403677
Nc1cccc(NC(=O)CN2CCN(c3ccccc3F)CC2)c1,4.58838029403677
CN(C)C(CNC(=O)c1cc(-c2ccco2)nc2ccccc12)c1ccccc1,4.586700235918748
Cc1ccc(C)c(N2CCN(S(=O)(=O)c3ccc4[nH]c(=O)c(=O)[nH]c4c3)CC2)c1,4.586700235918748
CC(=O)N[C@@H](Cc1ccc(OP(=O)(O)O)cc1)C(=O)N[C@H](C(=O)N[C@H](C)C(=O)NCCC1CCCCC1)C(C)C,4.585026652029182
Cc1cccc(-c2nn3c(c2-c2ccncc2)CC(C)(C)C3)n1,4.585026652029182
COc1cc(/C=C/c2cccc(O)c2)cc(OC)c1,4.585026652029182
Cc1ccc(NC(=O)c2ccc(N)cc2)cc1Nc1nccc(-c2cccnc2)n1,4.584999992096291
COc1ccc(-c2cc(C(=O)NNC(=S)NC(=O)c3c(-c4ccccc4)noc3C)[nH]n2)cc1,4.583359492661719
COc1ccc(C(=O)NNc2nc3c(cnn3-c3ccccc3)c(=O)n2-c2ccccc2)cc1,4.583359492661719
COc1ccc(NC(=O)Cn2cc(COc3cc(OC(C)=O)c4c(=O)c5ccc(Br)cc5oc4c3)nn2)cc1OC,4.583193128177055
COc1ccc(CCNC(=O)c2ccc(NC3=NC4CS(=O)(=O)CC4S3)cc2)cc1OC,4.5806225948608725
O=C1Nc2cc(OC(F)(F)F)ccc2Oc2ccc(CCB(O)O)cc21,4.579202899000155
CS(=O)(=O)Nc1cccc(-c2ccc3c(c2)Oc2cc(OC(F)(F)F)ccc2NC3=O)c1,4.579202899000155
COc1ccc(C(=O)NNC(=S)NC(=O)c2cc(-c3ccccc3)nc3ccccc23)cc1,4.578396073130169
C=CCOc1ccc(-c2cc(OC)c(-c3ccc(O)cc3)c(O)c2OC)cc1,4.576754126063192
CC[C@H]1O[C@@H](NC(=S)NN=Cc2ccccc2O)[C@H](O)[C@@H](O)[C@@H]1O,4.575118363368933
Cc1ccc(NC(=O)c2cc(-c3ccco3)nc3ccccc23)cc1S(=O)(=O)N1CCOCC1,4.575118363368933
Cc1cccc2sc(NNC(=O)c3cc(-c4cccs4)nc4ccccc34)nc12,4.573488738635425
COc1ccc(-c2nc3cc(C(=O)O)ccc3n2CCCn2c(-c3ccc(O)c(OC)c3)nc3cc(C(F)(F)F)ccc32)cc1,4.573488738635425
O=C(Nc1ccc(NS(=O)(=O)c2cccc(C(F)(F)F)c2)cc1)Nc1ccc([N+](=O)[O-])cc1,4.573488738635425
CCOc1c(Cl)cc(C(=O)Nc2ccccc2C(=O)O)cc1Cl,4.572530120448188
CSCCC(NC(=O)c1ccccc1)C(=O)Nc1nc(-c2ccccc2)cs1,4.568636235841013
CCN1\C(=C/C=C/C=C/C=C/c2sc3ccccc3[n+]2CC)Sc2ccccc21,4.568636235841013
O=C(N/N=C/c1ccc(F)cc1)c1cc(-c2ccco2)nc2ccccc12,4.567030709125595
O=C(O)c1cccc(-n2cccc2C=C2NC(=O)N(c3ccc(Cl)cc3)C2=O)c1,4.567030709125595
O=C(O)c1ccc(/C=N/NC(=O)c2ccc(CN3c4cccc5cccc(c45)S3(=O)=O)cc2)cc1,4.565431095965801
Cc1ccc(S(=O)(=O)Nc2ccc(Nc3nccn4c(-c5cccc(OC(F)(F)F)c5)cnc34)cc2)cc1,4.565431095965801
Cc1oc(-c2ccccc2)nc1CCOc1cccc(C2CN(C(=O)OCC(C)C)CCC2C(=O)O)c1,4.563837352959244
CCCOC(=O)[C@]12CCC(C)(C)C[C@H]1C1=CC[C@@H]3[C@@]4(C)C[C@H](O)CC(C)(C)[C@@H]4CC[C@@]3(C)[C@]1(C)CC2,4.563837352959244
Cc1nn(-c2ccc(Cl)cc2)c(Cl)c1/C=N/NC(=O)c1ccc(NS(=O)(=O)c2cccs2)cc1,4.562249437179612
O=C(N/N=C/c1ccccc1)c1ccc(Nc2ccnc3cc(Cl)ccc23)cc1,4.561774192395471
O=c1cc(-c2ccccc2)oc2cc(OCc3ccc(Cl)nc3)cc(O)c12,4.560667306169737
Cc1oc(-c2ccccc2)nc1CCOc1cccc(C2=C(C(=O)O)CCN(Cc3ccccc3)C2)c1,4.560667306169737
O=C(Nc1nnc(-c2cccs2)o1)c1cc(-c2ccccc2)nc2ccccc12,4.559090917934783
O=C(CSc1nnc(SCc2ccccc2)s1)N/N=C/C=C/c1ccco1,4.559090917934783
C[C@H]1[C@H](C)CC[C@]2(C(=O)O)CC[C@]3(C)C(=CC[C@@H]4[C@@]5(C)CC[C@H](OC(=O)CCC(=O)O)C(C)(C)[C@@H]5CC[C@]43C)[C@H]12,4.559090917934783
O=C(O)Cc1sc(N=NCc2ccccc2)nc1-c1ccccc1,4.557520230935552
N#Cc1c(NC(=O)CSc2ncnc3sccc23)oc(-c2ccco2)c1-c1ccco1,4.555955204081924
CC(C)C(Sc1nc2cc(Cl)ccc2s1)C(=O)NS(=O)(=O)c1ccccc1,4.554395796726403
CC1(C)CC[C@]2(C(=O)O)CC[C@]3(C)C(=CC[C@@H]4[C@@]5(C)C[C@@H](O)[C@H](O)C(C)(C)C5CC[C@]43C)[C@@H]2C1,4.552841968657781
Oc1ccc(/C=C/c2cc(O)cc(O)c2)cc1,4.552841968657781
CC1(C)CC[C@]2(C(=O)O)CC[C@]3(C)C(=CC[C@@H]4[C@@]5(C)C[C@@H](O)[C@H](O)C(C)(C)[C@@H]5CC[C@]43C)[C@@H]2C1,4.552841968657781
COc1ccc(NC(=O)c2cc(-c3ccco3)nc3ccccc23)cc1S(=O)(=O)N1CCOCC1,4.55129368009492
COC(=O)[C@]12CCC(C)(C)C[C@H]1C1=CC[C@@H]3[C@@]4(C)C[C@H](O)CC(C)(C)[C@@H]4CC[C@@]3(C)[C@]1(C)CC2,4.55129368009492
CNc1ncc2cc(-c3cc(F)ccc3F)c(=O)n(CCCCN)c2n1,4.55129368009492
Cc1cc(C)c2nc(NNC(=O)c3cc(=O)c4ccccc4o3)sc2c1,4.549750891680639
CC[C@H]1O[C@@H](NC(=S)NN=Cc2ccc(Cl)cc2)[C@H](O)[C@@H](O)[C@@H]1O,4.548213564475709
O=C(O)CSc1cc(C(=O)c2ccccc2O)cn2c(=O)c3c(-c4ccccc4)csc3nc12,4.546681659952962
Cc1cc(N(CCCl)CCCl)ccc1C=NNC(=O)Cc1cc(=O)oc2cc(O)ccc12,4.542118103266008
Cc1cn([C@H]2CC[C@@H](COP(=O)(O)OP(=O)(O)OP(=O)(O)O)O2)c(=O)[nH]c1=O,4.542118103266008
CCOC(=O)c1c(-c2ccccc2Cl)csc1NC(=O)CSc1nc(C)cc(=O)[nH]1,4.542118103266008
CC1CCN(S(=O)(=O)c2ccc(NC(=O)Cn3nnc(-c4ccccc4F)n3)cc2)CC1,4.541815564429737
C[C@H]1[C@H](C)CC[C@]2(C(=O)O)CC[C@]3(C)C(=CC[C@@H]4[C@@]5(C)CC(=O)CC(C)(C)[C@@H]5CC[C@]43C)[C@H]12,4.539102157243452
Cn1ccnc1Sc1cc(NC(=O)c2cccc(N)c2)c(N)cc1F,4.539102157243452
O=C(NNS(=O)(=O)c1ccc2ccccc2c1)c1cc(-c2ccccn2)nc2ccccc12,4.539102157243452
CC(C)C(NC(=O)Cn1cccc(NC(=O)Oc2ccccc2)c1=O)P(=O)(Oc1ccccc1)Oc1ccccc1,4.5379016188648444
CC(C)(C)C[C@H](NC(=O)c1cccc(CN)c1)C(=O)Nc1ccc(CCNC(=O)CC(C)(C)CC(=O)NCCOc2ccc(C(=O)O)cc2)cc1,4.537602002101044
CC(=O)O[C@@H]1C[C@]2(C)[C@H]3CC=C4[C@@H]5CC(C)(C)CC[C@]5(C(=O)OCc5ccccc5)CC[C@@]4(C)[C@]3(C)CC[C@H]2C(C)(C)C1=O,4.537602002101044
COc1ccc2oc(=O)c(-c3csc(Nc4cccc(O)c4)n3)cc2c1,4.537602002101044
CC1(C)CC[C@]2(C(=O)OCc3ccccc3)CC[C@]3(C)C(=CC[C@@H]4[C@@]5(C)C[C@@H](O)C(=O)C(C)(C)[C@@H]5CC[C@]43C)[C@@H]2C1,4.537602002101044
Nn1cnn2c(SCC(=O)Nc3nnc(SCC(=O)Nc4ccc(S(N)(=O)=O)cc4)s3)nnc12,4.536107011014093
NC(=O)/C(=N\OC(=O)c1ccco1)c1nc(-c2ccc(Br)cc2)cs1,4.534617148551582
Cc1cc2[nH]c(=O)c(=O)[nH]c2cc1S(=O)(=O)N1CCN(c2cccc(C(F)(F)F)c2)CC1,4.534617148551582
O=S(=O)(Nc1nccs1)c1ccc(Nc2nnc(-c3ccccc3)c3ccccc23)cc1,4.534617148551582
O=C(Cc1ccc(NC(=O)C2CCN(C(=O)C3CCCC3)CC2)cc1)Nc1cccc(C(=O)N2CCCCC2)c1,4.534290063581759
O=c1cc(O)cc2oc(-c3ccc(O)c(-c4c(O)cc(O)c5c(=O)cc(-c6ccc(O)cc6)oc45)c3)cc(O)c1-2,4.531652669587842
C=C(C)[C@@H]1CC[C@]2(C(=O)NCCCCCCNCC)CC[C@]3(C)[C@H](CC[C@@H]4[C@@]5(C)CC[C@H](OC(C)=O)[C@@](C)(COC(C)=O)[C@@H]5CC[C@]43C)[C@@H]12,4.530177984021837
COc1ccc(NC(=O)Cn2cc(COc3cc(O)c4c(=O)c5cc(Br)ccc5oc4c3)nn2)cc1OC,4.525201181199368
O=C(c1cc2ccc(F)cc2[nH]1)N1C[C@]2(CCN(C3CCNC3)C2)c2ccccc21,4.522878745280337
CC(=O)Nc1ccccc1-c1nccc2c1[nH]c1ccccc12,4.522878745280337
O=C(c1cc2cc(F)ccc2[nH]1)N1C[C@]2(CCN(C3CCCNC3)C2)c2ccccc21,4.522878745280337
Clc1cccc(Nc2ncnc3[nH]c4ccccc4c23)c1,4.522878745280337
COc1cc2ncnc(N3CCN(C(=S)NCc4ccc5c(c4)OCO5)CC3)c2cc1OC,4.522878745280337
NC(=O)C[C@H](N)C(=O)NCc1cc(C(=O)O)c(Nc2ccc(I)cc2F)c(F)c1F,4.522878745280337
C[C@@H](c1cc2cccnc2cc1F)n1cnc2ncc(-c3cnn(C)c3)nc21,4.522878745280337
CN1CCN(Cc2ccc(C(=O)Nc3ccc(OCCN4CCOCC4)c4ccccc34)cc2)CC1,4.522878745280337
C[C@@H]1CCC(N2CC[C@]3(CN(C(=O)c4cc5ccc(F)cc5[nH]4)c4ccccc43)C2)CN1,4.522878745280337
C[C@@H]1CCC(N2CC[C@]3(CN(C(=O)c4cc5ccccc5[nH]4)c4ccccc43)C2)CN1,4.522878745280337
COc1ccccc1CNc1ncc(C(=O)NCCCN2CCCC2=O)c(NC2CCCC2)n1,4.522878745280337
CNC(=O)c1cc(Oc2ccc(NC(=O)c3ccc(CN4CCN(C)CC4)cc3)cc2)ccn1,4.522878745280337
CN1CCC(NC(=O)c2cnc(Nc3cc(Cl)cc(Cl)c3)nc2N[C@@H]2COC[C@H]2O)CC1,4.522878745280337
Cc1c(CN(C)C(=O)/C=C/c2cnc3c(c2)CCC(=O)N3)c2ccccc2n1C,4.522878745280337
Cc1c(Cc2c(Cl)cccc2Cl)c(=O)ccn1/C=C/c1ccc(-c2c[nH]c(CNC(=O)Nc3ncc(Br)s3)n2)cc1,4.522878745280337
CC(c1cc2cc(-c3cnn(C)c3)cnc2cc1F)n1nnc2ncc(-c3cnn(CCO)c3)nc21,4.522878745280337
CC(=O)c1ccc(N2CCN(C(=O)CN3CC[C@@H](C(=O)Nc4ccc(O)c(Cl)c4)C3)CC2)cc1,4.522878745280337
Cc1cccc2c(CN(C)C(=O)/C=C/c3cnc4c(c3)CCC(=O)N4)c(C)n(C)c12,4.522878745280337
CN(C)CCN1CCN(C(=O)c2cc(C(C)(C)C)sc2NC(=O)Nc2cccc(Cl)c2Cl)CCC1=O,4.522878745280337
COc1ccc(C(C)=NNC(=O)CNc2cc(Br)c(C)c(Br)c2)c(OC)c1,4.522878745280337
CN1C(=O)COc2c1cnc1ccc(Sc3nnc4c(F)cc(-c5cnn(C)c5)cn34)cc21,4.522878745280337
COc1cc2c(C(=O)N3CCCCCC3)cn(C(C)C)c(=O)c2cc1OC,4.522878745280337
CC1=NN(S(=O)(=O)c2ccc(C)cc2)C(c2ccccc2O)C1,4.522878745280337
C=C(C)C1CCC2(COC(=O)C(=O)OC)CCC3(C)C(CCC4C5(C)CCC(OC(=O)C(=O)OC)C(C)(COC(=O)C(=O)OC)C5CCC43C)C12,4.521433504406157
Oc1ccc(C[C@H]2CNC(=S)N2CC2CCCN2C[C@H](Cc2ccccc2)N2C[C@H](Cc3ccc(O)cc3)N(CCc3ccccc3)C2=S)cc1,4.515700160653214
O=C1NC[C@H](Cc2ccccc2)N(C[C@@H]2CCCN2C[C@H](Cc2ccccc2)N2C[C@H](Cc3ccc(O)cc3)N(CCc3ccccc3)C(=O)C2=O)C1=O,4.511449283499556
CCOC(=O)CCCCCC(=O)Nc1ccc2c(c1)CC(=O)N([C@H](C)CO)C[C@@H](C)[C@H](CN(C)Cc1ccc3c(c1)OCO3)O2,4.510998302688623
CC1(C)CC[C@]2(C(=O)O)CC[C@]3(C)C(=CC[C@@H]4[C@@]5(C)CC[C@H](OC(=O)Cn6cc(COC(=O)Cc7ccccc7)nn6)C(C)(C)[C@@H]5CC[C@]43C)[C@@H]2C1,4.510041520575165
Cn1ccnc1Sc1cc(C(=O)Nc2cccc(F)c2)c(N)cc1F,4.510041520575165
CN(C(=O)c1ccc(C(=O)Nc2ccccc2N)cc1)c1cccc(Nc2nccc(-c3cccnc3)n2)c1,4.508638306165727
CC1=NN(S(=O)(=O)c2ccccc2)C(c2ccccc2O)C1,4.508638306165727
CCCC(Sc1nc2ccc(OCC)cc2s1)C(=O)NS(=O)(=O)c1ccccc1,4.508638306165727
COc1ccccc1NC(=O)Nc1nc(Nc2ccc(S(=O)(=O)Nc3nc(C)cc(C)n3)cc2)nc(Oc2cccc(O)c2)n1,4.507239610973162
CCOC(=O)C1=C(C)NC(NN)N(C)C1c1ccccc1,4.507239610973162
CCc1cccc2c(C=NNC(=O)c3cccc(S(=O)(=O)Nc4ccccc4Cl)c3)c[nH]c12,4.505845405981558
CCOc1cc(/C=C2\SC(=O)N(Cc3cccc([N+](=O)[O-])c3)C2=O)ccc1OCc1ccccc1,4.505845405981558
COc1c(Cl)c(-c2ccc(O)cc2)c(OC)c(O)c1-c1ccc(O)cc1,4.504455662453552
Cc1ccccc1CN1C(=O)C(C)Sc2ccc(-c3ccco3)cc21,4.504455662453552
O=C(Cn1cccc(NCc2ccc(Cl)c(Cl)c2)c1=O)NCCc1ccccc1,4.504455662453552
O=C(O)c1cnc2c([N+](=O)[O-])cccc2c1O,4.504205980225132
CCOC(=O)Cn1/c(=N/C(=O)c2cc(-c3cccs3)nc3ccccc23)sc2cc(S(N)(=O)=O)ccc21,4.503070351926785
CN(C)c1ccc(/C=N/NC(=O)c2ccc(Nc3ccnc4cc(Cl)ccc34)cc2)cc1,4.502793819296046
Nc1n[nH]c2cccc(-c3ccc(C(=O)NCCNC(=O)c4ccc(Br)cc4)cc3)c12,4.500175504160421
CC(=O)N1c2ccc(-c3ccc(C(=O)O)cc3)cc2[C@H](Nc2ccc(Cl)cc2)C[C@@H]1C,4.499996931948306
CCOC(=O)c1ccc(NC(=O)NC2CC3CCC(C2)N3)cc1,4.498475182597372
C[C@H]1[C@H](C)CC[C@]2(C(=O)OCc3ccccc3)CC[C@]3(C)C(=CC[C@@H]4[C@@]5(C)C[C@@H](O)C(=O)C(C)(C)[C@@H]5CC[C@]43C)[C@H]12,4.497572880015567
O=C1N(c2cccc(Cl)c2)C(c2ccc(Cl)cc2)N2CCCN12,4.497395374526333
OCc1nc2c(s1)c(-c1ccc(O)cc1)c(O)c1oc3cc(O)c(O)cc3c12,4.496209316942819
O=c1[nH]cnc2c1C(c1ccccc1)c1c(nc[nH]c1=O)O2,4.49540681825906
Cc1c(Cc2c(Cl)cccc2Cl)c(=O)ccn1CCc1ccc(-c2c[nH]c(CNC(=O)Nc3ncc[nH]3)n2)cc1,4.494850021680094
CS(=O)(=O)c1ccc2nc(NC(=O)NCCc3cnc[nH]3)sc2c1,4.494850021680094
O=C(CSc1nc2ccccc2[nH]1)Nc1nc2ccc(C(=O)O)cc2s1,4.494850021680094
COc1ccc2sc(NC(=O)NCc3nc4ccccc4[nH]3)nc2c1,4.494850021680094
O=C(Nc1nc2ccccc2s1)OCc1nc2ccccc2[nH]1,4.494850021680094
O=c1ccc2ccc(OCC(O)CSc3nnc(-c4ccco4)c(-c4ccco4)n3)cc2o1,4.494850021680094
O=c1ccc2ccc(OCC(O)CSc3nnc(-c4ccccc4)c(-c4ccccc4)n3)cc2o1,4.494850021680094
O=C(NCc1nc(-c2ccccc2)c[nH]1)Nc1nc(-c2ccccc2)cs1,4.494850021680094
CN(C)CCOc1ccc(C(=O)NCc2cccc(C(=O)N[C@@H](CC(C)(C)C)C(=O)NCc3ccccn3)c2)cc1,4.494850021680094
O=c1oc2ccccc2cc1OCC(O)CSc1nnc(-c2ccco2)c(-c2ccco2)n1,4.494850021680094
O=C(CSc1nc2ccccc2[nH]1)Nc1nc2ccccc2s1,4.494850021680094
COc1cccc2sc(NC(=O)NCc3nc4ccccc4[nH]3)nc12,4.494850021680094
O=C(O)CSc1nc2ccccc2[nH]1,4.494850021680094
Nc1nc2ccc(C(=O)O)cc2s1,4.494850021680094
Cn1cc(CNC(=O)/C=C/c2cnc3c(c2)CCC(=O)N3)c2ccccc21,4.494850021680094
Cc1ccc(NC(=O)c2ccc(C(=O)Nc3ccccc3N)nc2)cc1Nc1ncc(-c2cccnc2)cn1,4.494850021680094
O=c1ccc2ccc(OCC(O)CSc3nnc(-c4cccc(F)c4)c(-c4cccc(F)c4)n3)cc2o1,4.494850021680094
O=c1ccc2ccc(OCC(O)CSc3nnc(-c4ccc(F)cc4)c(-c4ccc(F)cc4)n3)cc2o1,4.494850021680094
O=c1/c(=C\c2ccc(O)cc2)sc2n1C(c1ccccc1)C(c1ccccc1)=NN=2,4.493494967595128
COc1ccc(NC(=O)CSc2nc3nc(-c4cccs4)cc(C(F)(F)F)c3c(=O)[nH]2)c(OC)c1,4.493494967595128
C=CCOc1ccc(-c2c(OC)cc(-c3ccc(O)cc3)c(OC)c2O)cc1,4.492144128304169
COc1ccc(NC(=O)Cn2cc(COc3cc(OC(C)=O)c4c(=O)c5cc(Br)ccc5oc4c3)nn2)cc1OC,4.490394295388444
COc1cc(C=O)ccc1OCC(=O)Nc1sc2c(c1C#N)CCOC2,4.489723155582645
Cc1ccc(C2(SC[C@H](N)C(=O)O)c3ccccc3-c3ccccc32)cc1,4.488116639021126
O=C(O)c1ccccc1NS(=O)(=O)c1ccc(N=[NH+]Cc2ccc([O-])c(O)c2)c([N+](=O)[O-])c1,4.487742638706036
CN(Cc1ccccc1)S(=O)(=O)c1ccc(Cl)c(C(=O)N2CCC2)c1,4.483398528473466
N#Cc1c(SCc2c(Cl)cccc2Cl)nc(N)[nH]c1=S,4.482804102050026
O=C(CCCC(=O)Nc1ccc(Br)cc1)N/N=C/c1c2ccccc2cc2ccccc12,4.481486060122113
O=c1c(NCc2ccc(Cl)c(Cl)c2)cccn1Cc1ccccc1,4.481486060122113
COC(=O)[C@@]1(C)[C@@H]2CC[C@]3(C)[C@H](CC=C4[C@@H]5[C@@H](C)[C@H](C)CC[C@]5(C(=O)O)CC[C@]43C)[C@@]2(C)C[C@@H](OC(C)=O)[C@@H]1OC(C)=O,4.481486060122113
Cc1nn(C)c2nnc(Nc3ccc(S(N)(=O)=O)cc3)nc12,4.481486060122113
O=C(CCC(=O)Nc1ccc(Br)cc1)N/N=C/c1c2ccccc2cc2ccccc12,4.481486060122113
COc1ccc(NC(=O)Cn2cc(COc3cc(OC(C)=O)c4c(=O)c5ccc(OC)cc5oc4c3)nn2)c(OC)c1,4.479385478121764
COCCN(C)/N=N/c1ccc(C(=O)Nc2cccc(Nc3nccc(-c4cccnc4)n3)c2)cc1,4.479002888672577
COc1cccc(Nc2nc(-c3sc(NC(=O)c4ccco4)nc3C)cs2)c1,4.478861916295964
CCOC(=O)C1=C(C)NC(SC)N(C)C1c1ccc([N+](=O)[O-])cc1,4.47755576649368
Nc1cc(F)c(Sc2nncs2)cc1C(=O)Nc1cccc(F)c1,4.473660722610156
CCn1c2ccccc2c2cc(C=Nn3c(-c4cc(C)[nH]n4)n[nH]c3=S)ccc21,4.4723700991286615
COC(=O)[C@]12CC[C@@H](C)[C@H](C)[C@H]1C1=CC[C@@H]3[C@@]4(C)C[C@@H](O)[C@@H](O)C(C)(C)[C@@H]4CC[C@@]3(C)[C@]1(C)CC2,4.4723700991286615
C[C@]12CCC3C(C(=O)C[C@H]4C[C@@H](O)CC[C@]34C)C1CCC2=O,4.471623291154592
O=[N+]([O-])c1cccc(Nc2nccc(-c3cccnc3)n2)c1,4.470002635357373
Cc1nn(C)c2nnc(Nc3ccc(S(=O)(=O)NCC(O)CO)cc3)nc12,4.468521082957745
CC1(C)CC[C@]2(C(=O)O)CC[C@]3(C)C(=CC[C@@H]4[C@@]5(C)C[C@H](O)[C@H](O)C(C)(C)C5CC[C@]43C)[C@@H]2C1,4.468521082957745
CC1(C)CC[C@]2(C(=O)O)CC[C@]3(C)C(=CC[C@@H]4[C@@]5(C)C[C@H](O)[C@H](O)C(C)(C)[C@@H]5CC[C@]43C)[C@@H]2C1,4.468521082957745
O=C(Nc1nnc(SCc2ccc(F)cc2)s1)C1Cc2ccccc2CN1C(=O)c1ccco1,4.468521082957745
C=C(C)[C@@H]1CC[C@]2(C(=O)NCCCCCCNC(C)=O)CC[C@]3(C)[C@H](CC[C@@H]4[C@@]5(C)CC[C@H](OC(C)=O)[C@@](C)(COC(C)=O)[C@@H]5CC[C@]43C)[C@@H]12,4.467245621007502
Cc1ccccc1CN1C[C@@H]2C[C@@H](c3ccc4nsnc4c3)N3CCC[C@@]23C1=O,4.4671819461328335
O=C(O)COc1ccccc1/C=N/NC(=O)c1cc(-c2ccc(Cl)cc2)nc2ccccc12,4.465973893943865
N[C@@H](CSC1(c2ccc(Cl)cc2)c2ccccc2-c2ccccc21)C(=O)O,4.465973893943865
O=C(Cn1cccc(NCc2ccccc2)c1=O)NCc1ccccc1,4.465973893943865
CC1(C)CC[C@]2(C(=O)O)CC[C@]3(C)C(=CCC4[C@@]5(C)CC[C@H](OC(=O)CCC(=O)O)C(C)(C)C5CC[C@]43C)[C@@H]2C1,4.464705879957229
CCCCC1=CC2=CC(=O)C(C)(OC(=O)c3cccs3)C(=O)C2=CO1,4.46344155742847
C#CCN(C[C@@H]1c2c(c(O)n(-c3ccccc3)c2O)C[C@@H](OC(=O)Nc2cccs2)[C@H]1OC(=O)Nc1cccs1)S(=O)(=O)c1ccc(C)cc1,4.462180904926726
CC1(C)CC[C@]2(C(=O)O)CC[C@]3(C)C(=CC[C@@H]4[C@@]5(C)CC[C@H](OC(=O)CCC(=O)O)C(C)(C)[C@@H]5CC[C@]43C)[C@@H]2C1,4.459996055149973
C=C(C)[C@@H]1CC[C@]2(COC(=O)C(=O)NCCCC)CC[C@]3(C)[C@H](CC[C@@H]4[C@@]5(C)CC[C@H](OC(=O)C(=O)NCCCC)[C@@](C)(COC(=O)C(=O)NCCCC)[C@@H]5CC[C@]43C)[C@@H]12,4.459670525209126
COc1cc(OC)cc(-c2ccc(-c3ccc(O)cc3)cc2)c1,4.455931955649724
Cc1ccc(NC(=O)c2ccc(C(=O)Nc3ccccc3N)nc2)cc1Nc1ncc(-c2cccnc2)s1,4.455931955649724
CC(=O)O[C@@H]1C[C@]2(C)[C@H]3CC=C4[C@@H]5[C@@H](C)[C@H](C)CC[C@]5(C(=O)O)CC[C@@]4(C)[C@]3(C)CC[C@H]2C(C)(C)[C@H]1OC(C)=O,4.455931955649724
O=C(NC(=S)Nc1cccc(S(=O)(=O)NC2=NCCC2)c1)c1cc(-c2ccco2)nc2ccccc12,4.455931955649724
C[C@@H](NC(=O)[C@@H](C)NC(=O)c1ccc(S(=O)(=O)Oc2ccc(/C=C/[N+](=O)[O-])cc2)cc1)C(=O)O,4.455931955649724
CCC(c1nc2ccccc2c(=O)n1CCCn1ccnc1)N1C(=O)c2ccccc2C1=O,4.453951133598266
Cc1cccc2sc(NNC(=O)c3cc(=O)c4ccccc4o3)nc12,4.453457336521869
CSCC[C@H](NC(=O)c1cccnc1)C(=O)Nc1nc(-c2ccccc2)cs1,4.453457336521869
C[C@@H]1CN([C@H](C)CO)C(=O)c2cc(NC(=O)c3ccncc3)ccc2O[C@@H]1CN(C)C(=O)Nc1ccccc1,4.453457336521869
COc1cc2c(ccc3cc(OC)c(OC)c(O)c32)cc1O,4.453370979728273
COc1cc(-c2ccc(O)cc2)c(OC)c(OC(=O)c2ccco2)c1-c1ccc(O)cc1,4.450996737974212
Cc1cc(C=O)ccc1OCC(=O)Nc1sc2c(c1C#N)CCC(C)C2,4.449160394934215
COc1cc(C=O)ccc1OCC(=O)Nc1sc2c(c1C#N)CCC2,4.448550002027125
CCc1cccc2c1NC(=O)C21N2CCCC2C(C(=O)c2ccc3ccccc3c2)C12C(=O)Nc1ccccc12,4.447331783887806
O=C(Nc1ccc(NS(=O)(=O)c2cccc(F)c2)cc1)Nc1ccc([N+](=O)[O-])cc1,4.446116973356125
O=c1[nH]c(NNC(=S)NCc2ccccc2)nc2c1C1(CCCCC1)Cc1ccccc1-2,4.446116973356125
COc1ccc(NC(=O)CN2CCN(c3ccc(F)cc3F)CC2)cc1OC,4.444905551421681
CCOC(=O)C1=C(C)NC(SC)N(C)C1c1cccc(OC)c1OC,4.444905551421681
O=C(Nc1ccc(N2CCCC2)cc1)c1cc(Br)ccc1Cl,4.444905551421681
C=C(C)[C@@H]1CC[C@]2(COC(=O)C(=O)NC(C)C)CC[C@]3(C)[C@H](CC[C@@H]4[C@@]5(C)CC[C@H](OC(=O)C(=O)NC(C)C)[C@@](C)(COC(=O)C(=O)NC(C)C)[C@@H]5CC[C@]43C)[C@@H]12,4.444905551421681
O=C(c1cc(Cc2n[nH]c(=O)c3ccccc23)ccc1F)N1CCn2c(nnc2-c2ccc(Br)o2)C1,4.444736221685872
CC1=NN(C(=O)c2ccccc2Cl)C(c2ccccc2O)C1,4.443697499232713
Nc1c(C(=O)Nc2cccc(F)c2)sc2nc(-c3cccs3)ccc12,4.443697499232713
CNCCOc1ccc(C(=O)NCc2cccc(C(=O)N[C@@H](COC(C)(C)C)C(=O)Nc3ccc(CCC(=O)O)cc3)c2)cc1,4.443697499232713
COc1ccccc1OCc1ccc(C(=O)N2CCN(C(=O)c3ccco3)CC2)cc1,4.443480406260482
CC(C)(C)n1nc2c(c1NC(=O)c1ccc(S(=O)(=O)N3CCCC3)cc1)CSC2,4.442492798094342
O=C(Nc1ccc(NS(=O)(=O)c2cccc(F)c2)cc1)Nc1ccccc1[N+](=O)[O-],4.442492798094342
O=C(/C=C(O)/C=C/c1cccc(O)c1)c1cc(Cl)ccc1O,4.438898616350944
Cc1ccc(C(=O)Nc2ccc(Cl)c(C(F)(F)F)c2)cc1/C=C/n1cnc2c(NC3CC3)ncnc21,4.431798275933005
O=C1NC[C@@H](CCCCN2C[C@H](Cc3ccc(O)cc3)N(CCC3CCCCC3)C(=O)C2=O)N(CC2CCCCC2)C1=O,4.429457060118103
CCC(=O)n1cc2c(n1)C(C)(C)[C@@H]1CC[C@]3(C)[C@H](CC=C4[C@@H]5CC(C)(C)CC[C@]5(C(=O)O)CC[C@]43C)[C@@]1(C)C2,4.429457060118103
CC1(C)CC[C@]2(C(=O)OCCCBr)CC[C@]3(C)C(=CC[C@@H]4[C@@]5(C)C[C@H](O)CC(C)(C)[C@@H]5CC[C@]43C)[C@@H]2C1,4.429457060118103
Cn1c2ccccc2c2cc(/C=N/NC(=O)c3cc(O)ccc3O)ccc21,4.428291168191312
O=C1NC[C@H](Cc2ccccc2)N(C[C@H]2CCCN2C[C@H](Cc2ccccc2)N2C[C@H](Cc3ccc(O)cc3)N(CC3CCCCCC3)C(=O)C2=O)C1=O,4.425968732272281
CCN(CC)C(=O)CSc1ncnc2c(-c3cccs3)nsc12,4.424812155072339
NC(=O)[C@H]1CC2(CC(c3cccc(NC(=O)COc4ccc(Cl)cc4)c3)=NO2)CN1C(=O)CC(c1ccccc1)c1ccccc1,4.423658649794207
CC(=O)O[C@@H]1C[C@]2(C)[C@H]3CC=C4[C@@H]5[C@@H](C)[C@H](C)CC[C@]5(C(=O)O)CC[C@@]4(C)[C@]3(C)CC[C@H]2C(C)(C)[C@H]1O,4.423658649794207
Cc1cc(C)c2nc(NNC(=O)c3ccc(S(=O)(=O)N4CCc5ccccc5C4)cc3)sc2c1,4.419075024324381
O=C(Nc1ccc(S(=O)(=O)Nc2nccs2)cc1)c1cccc(N2C(=O)c3ccccc3C2=O)c1,4.417936637088292
CCOc1cc(/C=C2\SC(=O)N(Cc3cccc([N+](=O)[O-])c3)C2=O)ccc1OCc1ccc([N+](=O)[O-])cc1,4.416461180745648
CCC(Sc1nc2ccsc2c(=O)n1Cc1ccc(C(=O)O)cc1)C(=O)Nc1ccc(C)c(Cl)c1,4.413412695328245
Cc1noc(C)c1NC(=O)N(C)C[C@@H]1Oc2c(NC(=O)c3ccncc3)cccc2C(=O)N([C@H](C)CO)C[C@@H]1C,4.412289034981089
COc1ccc(C(=O)OCc2cn(CC(=O)O[C@H]3CC[C@]4(C)[C@H]5CC=C6[C@@H]7CC(C)(C)CC[C@]7(C(=O)OCc7ccccc7)CC[C@@]6(C)[C@]5(C)CC[C@H]4C3(C)C)nn2)cc1,4.410050398674292
CN1CCN(C(=O)CSc2nc(-c3ccncc3)ccc2C#N)CC1,4.409113601626762
Cc1nn(C)c2nnc(Nc3ccc(S(=O)(=O)NCCO)cc3)nc12,4.4089353929735005
O=C(NC1CC1)c1cncc(-c2ccc(C(=O)N[C@H]3CN[C@@H](C(=O)Nc4ccc(Cl)c(C(F)(F)F)c4)C3)cc2)c1,4.408601448718751
c1coc(-c2ccc3nncn3c2)c1,4.407601153884436
CC1=C(C(=O)O)C(c2ccc(C)cc2)NC(=S)N1,4.406713932979542
Cc1ccc([N+](=O)[O-])cc1S(=O)(=O)Nc1cccc(-c2ccc(N3CCCC3)nn2)c1,4.406713932979542
COc1ccc(NS(=O)(=O)c2ccc(NC(=S)NC(=O)C=Cc3ccc(C)cc3)cc2)nn1,4.405607449624573
CCOC(=O)C1=C(C)n2nnnc2N(C)C1c1ccccc1,4.404503778174426
COc1cc(Cl)c(O)c([C@@H]2O[C@H](CO)[C@@H](O)[C@H](O)[C@H]2O)c1,4.400116927926312
CN(C)CCN1Cc2cccc3cccc(c23)C1,4.3979400086720375
CN1Cc2ccc3c4c(ccc(c24)C1)CN(C)C3,4.3979400086720375
O=c1c2cnn(-c3ccccc3)c2n2c(-c3ccccc3)nnc2n1-c1ccccc1,4.3979400086720375
Cc1ccc(NC(=O)c2cccc(C(F)(F)F)c2)cc1/C=C/n1cnc2c(Nc3ccncn3)ncnc21,4.3979400086720375
CN(C)CCN1C(=O)c2cccc3cccc(c23)C1=O,4.3979400086720375
CSCC[C@H](NC(=O)N1CCCCC1)C(=O)Nc1nc(-c2ccccc2)cs1,4.3979400086720375
CSc1ccccc1Nc1nc(N2CCNCC2)nc2c(NCC3CC3)ncnc12,4.3979400086720375
COc1ccccc1-n1c(SCc2cc(=O)oc3cc(O)ccc23)nc2ccccc2c1=O,4.39577394691553
O=S(=O)(O)c1cc(O)c2ccc(Nc3ccccc3)cc2c1,4.394694953858891
C[C@H]1[C@H](C)CC[C@]2(C(=O)O)CC[C@]3(C)C(=CC[C@@H]4[C@@]5(C)Cc6cn[nH]c6C(C)(C)[C@@H]5CC[C@]43C)[C@H]12,4.393618634889395
COc1ccc(NC(=O)N(C)C[C@H]2Oc3ccc(NC(=O)c4ccncc4)cc3C(=O)N([C@H](C)CO)C[C@@H]2C)cc1,4.393618634889395
Cc1[nH]c2ncnc(Nc3cccc(Cl)c3)c2c1C,4.392544976785332
COc1ccc(NS(=O)(=O)c2ccc(NC(=S)NC(=O)C=Cc3ccccc3)cc2)nn1,4.391473966422806
C=C(C)[C@@H]1CC[C@]2(C(=O)NCC(=O)N[C@@H](Cc3ccccc3)C(=O)OC)CC[C@]3(C)[C@H](CC[C@@H]4[C@@]5(C)CC[C@H](O)[C@@](C)(CO)[C@@H]5CC[C@]43C)[C@@H]12,4.391473966422806
O=C(Nc1ccn(CCCN(CCCn2ccc(NC(=O)OCc3ccccc3)nc2=O)CCc2cc3ccccc3[nH]2)c(=O)n1)OCc1ccccc1,4.39040559077478
O=C(/C=C(O)/C=C/c1ccc(O)cc1O)c1ccccc1O,4.39040559077478
CC1(C)CC[C@]2(C(=O)O)CC[C@]3(C)C(=CC[C@@H]4[C@@]5(C)C[C@@H](OC(=O)c6ccccc6)CC(C)(C)[C@@H]5CC[C@]43C)[C@@H]2C1,4.39040559077478
C[C@H]1[C@H](C)CC[C@]2(C(=O)OCc3ccccc3)CC[C@]3(C)C(=CC[C@@H]4[C@@]5(C)C[C@@H](O)[C@H](O)C(C)(C)[C@@H]5CC[C@]43C)[C@H]12,4.390000296157769
O=c1c(F)cn(C2CCCO2)c(=O)n1CCCCCN1C[C@H](O)[C@@H](O)[C@H](O)[C@H]1CO,4.387640052032226
O=C(C1=C(O)/C(=C/c2ccc(O)c(O)c2)CCC1)c1ccccc1,4.3872161432802645
Nc1ncnc2c1ncn2[C@@H]1O[C@H](COP(=O)(O)OP(=O)(O)OP(=O)(O)OP(=O)(O)Oc2ccccc2)[C@@H](O)[C@H]1O,4.3872161432802645
CCC(C)n1c(=O)c(C(=O)Nc2ccccc2S(N)(=O)=O)c(O)c2ccccc21,4.386158178123931
CC1(C)CC[C@]2(C(=O)O)CC[C@]3(C)C(=CC[C@@H]4[C@@]5(C)CC[C@H](OC(=O)COCCOCCNC(=O)c6ccc(C(=O)c7ccc(NC(=O)CCCC[C@@H]8SC[C@@H]9NC(=O)N[C@@H]98)cc7)cc6)C(C)(C)[C@@H]5CC[C@]43C)[C@@H]2C1,4.386158178123931
CC1=C(C(=O)[C@H](C)c2ccccc2)C(c2ccc(C)cc2)NC(=S)N1,4.3851027839668655
COc1ccccc1C=CC=NNC(=O)c1cc(-c2ccco2)n[nH]1,4.3851027839668655
COc1ccc(Oc2c(OC)cc(NCc3ccc(CN)cc3)c3ncccc23)cc1,4.384049948343599
CCn1c(SCC(=O)Nc2nc(-c3ccc(C)cc3)cs2)nnc1-c1ccccc1O,4.380906669373258
CC(C)C(NC(=O)C(C)n1cccc(NC(=O)Oc2ccccc2)c1=O)P(=O)(Oc1ccccc1)Oc1ccccc1,4.379135524734879
Cc1ccc(-n2nnnc2SCC(=O)c2nnc(-c3ccc(Cl)cc3)o2)cc1,4.377785977033705
COc1cc(OC)cc(-c2ccc3cc(O)ccc3c2)c1,4.376750709602099
Cc1cccc2sc(NNC(=O)c3ccc(S(=O)(=O)N4CC(C)CC(C)C4)cc3)nc12,4.375717904164332
Cc1cc(C)c2sc(NNC(=O)c3ccc(S(=O)(=O)N4CCc5ccccc5C4)cc3)nc2c1,4.374687549038327
CCOc1cc(/C=C2\SC(=O)N(Cc3cccc([N+](=O)[O-])c3)C2=O)ccc1OS(=O)(=O)c1ccc(C)cc1,4.374276090474244
C#CCN(C[C@@H]1c2c(c(O)n(-c3ccccc3)c2O)C[C@@H](OC(=O)NCc2ccccc2)[C@H]1OC(=O)NCc1ccccc1)S(=O)(=O)c1ccc(C)cc1,4.373659632624958
CC(=O)O[C@H]1CC(C)(C)[C@@H]2CC[C@]3(C)[C@H](CC=C4[C@@H]5CC(C)(C)CC[C@]5(C(=O)O)CC[C@]43C)[C@@]2(C)C1,4.372634143407267
CCn1c2ccccc2c2cc(NC(=O)CSc3nccc(=O)[nH]3)ccc21,4.372634143407267
COc1ccc(OC)c(/C=C/C(=O)OCC(=O)Nc2nnc(-c3ccccc3)o2)c1,4.371611069949688
COc1ccc(NC(=O)Cn2cc(COc3cc(OC(C)=O)c4c(=O)c5cc(OC)ccc5oc4c3)nn2)c(OC)c1,4.370590400897281
Cc1ccc(C)c(NC(=O)C(OC(=O)c2ccc(NC(=O)CC#N)cc2)c2ccccc2)c1,4.369572124974976
CC(=O)NCCCC[C@H](NC(=O)c1ccccc1)C(=O)Nc1nc(-c2ccccc2)cs1,4.368556230986828
O=C(O)c1ccc(COc2ccc3ccccc3c2/C=N/c2ccc(N3CCOCC3)cc2)cc1,4.367000027061367
C=C(C)[C@@H]1CC[C@]2(C(=O)O)CC[C@]3(C)[C@H](CC[C@@H]4[C@@]5(C)CC[C@H](O)C(C)(C)[C@@H]5CC[C@]43C)[C@@H]12,4.366531544420414
CCc1cccc(-c2nn3c(c2-c2ccncc2)C(C)C(C)(C)C3)n1,4.366531544420414
CCCCCCCCCCCCCCCc1cccc(O)c1C(=O)O,4.366531544420414
COS(=O)(=O)[C@@H]1C[C@]2(C)[C@H]3CC=C4[C@@H]5[C@@H](C)[C@H](C)CC[C@]5(C(=O)OCc5ccccc5)CC[C@@]4(C)[C@]3(C)CC[C@H]2C(C)(C)[C@H]1O,4.36251027048749
Cc1ccc(/C=N/NC(=O)c2ccc(Nc3ccnc4cc(Cl)ccc34)cc2)cc1,4.358922686674625
Cn1ccnc1Sc1cc(C(=O)Nc2nccs2)c(N)cc1F,4.357535479757878
CC(C)C[C@@H](CNCC(=O)[C@H](CC(=O)O)NC(=O)c1[nH]cnc1C(=O)N[C@H](C[NH3+])CC(C)C)NC(=O)c1nc[nH]c1C(=O)N[C@@H](Cc1ccccc1)C(=O)O,4.356547323513812
N#Cc1cccc(NC(=O)c2cc(Sc3nncs3)c(F)cc2N)c1,4.3535962737769305
CCOC(=O)C1=C(C)NC(SC)N(C)C1c1ccc(C)cc1,4.35261702988538
Cc1ccc(C)c(CC(=O)Nc2ccccc2-c2cccc3c2[nH]c2ccccc23)c1,4.350665141287858
O=C(NNC(=O)c1cc2cc(Br)ccc2oc1=O)c1ccc(O)cc1O,4.349692476868063
COc1cc(C=Cc2ccc3c(Br)cc(Br)c(O)c3n2)ccc1O,4.347753658996677
Nc1ncnc2c1ncn2[C@@H]1O[C@H](COC(=O)c2ccc(S(=O)(=O)NCc3ccccc3)cc2)[C@@H](O)[C@H]1O,4.346787486224656
C=CCC[C@@H]1N[C@H](CO)[C@H](O)[C@H](O)[C@H]1C,4.346787486224656
Cc1cccc(C2(c3cccc(C)c3)CC2C(=O)Nc2ccc([N+](=O)[O-])cc2O)c1,4.342944147142896
CCc1nnc(NS(=O)(=O)c2ccc(NC(=S)NC(=O)C=Cc3ccc(F)cc3)cc2)s1,4.342944147142896
CCOC(=O)C1=C(C)n2nnnc2N(C)C1c1cccc(O)c1,4.341035157335565
CN(C)c1cccc(C(=O)N2CCN(C(=O)c3ccc(-c4ccccn4)cc3)CC2)c1,4.341035157335565
Cc1c(C(=O)NNC(=O)c2ccccc2O)oc2ccc(Br)cc12,4.33913452199613
CCOC(=O)c1ccccc1-n1c(O)c2c(c1O)C(C=Cc1ccccc1)c1sc(=O)[nH]c1S2,4.338187314462739
COc1cccc(C2c3c(-c4cc(Cl)c(C)cc4O)n[nH]c3C(=O)N2Cc2cccnc2)c1,4.337242168318426
C=C(C)[C@@H]1CC[C@]2(C(=O)O)CC[C@]3(C)[C@H](CC[C@@H]4[C@@]5(C)[C@H](C(=O)OC)[C@H](OC(C)=O)C(C)(C)[C@@H]5CC[C@]43C)[C@@H]12,4.333482019445119
CC(C)C(Sc1nc2cc(Cl)ccc2s1)C(=O)NS(C)(=O)=O,4.332547047110047
CCOc1cc(/C=C2\SC(=O)N(Cc3cccc([N+](=O)[O-])c3)C2=O)ccc1OCc1ccc(F)cc1,4.332453660488484
CCOC(=O)[C@]12CC[C@@H](C)[C@H](C)[C@H]1C1=CC[C@@H]3[C@@]4(C)C[C@@H](O)[C@H](O)C(C)(C)[C@@H]4CC[C@@]3(C)[C@]1(C)CC2,4.330683119433888
CC1(C)CC[C@]2(C(=O)OCc3ccccc3)CC[C@]3(C)C(=CC[C@@H]4[C@@]5(C)CC(N=O)C(=O)C(C)(C)[C@@H]5CC[C@]43C)[C@@H]2C1,4.329754146925876
CC1(C)CC[C@]2(C(=O)OCc3ccccc3)CC[C@]3(C)C(=CCC4[C@@]5(C)CC(N=O)C(=O)C(C)(C)C5CC[C@]43C)[C@@H]2C1,4.329754146925876
CC1(C)CC[C@]2(C(=O)OCc3ccccc3)CC[C@]3(C)C(=CC[C@@H]4[C@@]5(C)Cc6cn(CC(=O)O)nc6C(C)(C)[C@@H]5CC[C@]43C)[C@@H]2C1,4.326979092871103
O=C(O)c1cc(NC(=O)c2cc([N+](=O)[O-])cc([N+](=O)[O-])c2)cc(NC(=O)c2cc([N+](=O)[O-])cc([N+](=O)[O-])c2)c1,4.326979092871103
CC1=C(C(=O)[C@@H](C)c2ccccc2)C(c2ccc(C)cc2)NC(=S)N1,4.325138859262188
OC[C@H]1O[C@@H](O[C@@H]2OC=C[C@H]3[C@H](O)[C@@H]4O[C@]4(CO)[C@@H]23)[C@H](O)[C@@H](O)[C@@H]1O,4.320572103387881
N#C/C(=C\c1ccc(OCc2ccccc2)cc1)c1nc2ccccc2s1,4.319392571008212
CCC(C)C(NC(=O)Cn1cccc(NC(=O)Oc2ccccc2)c1=O)P(=O)(Oc1ccccc1)Oc1ccccc1,4.315693353928369
CC1(C)CC[C@]2(C(=O)OCc3ccccc3)CC[C@]3(C)C(=CC[C@@H]4[C@@]5(C)C[C@@H](OC(=O)c6ccccc6)CC(C)(C)[C@@H]5CC[C@]43C)[C@@H]2C1,4.315154638355588
CC(C)C(NC(=O)[C@@H]1C[C@H](O)CN1C(=O)[C@@H](NC(=O)OC(C)(C)C)C(C)(C)C)P(=O)(Oc1ccccc1)Oc1ccccc1,4.3128278954052
CC1(C)CC[C@]2(C(=O)OCCCCBr)CC[C@]3(C)C(=CC[C@@H]4[C@@]5(C)C[C@H](O)CC(C)(C)[C@@H]5CC[C@]43C)[C@@H]2C1,4.3124710387853655
COc1ccc(C)c2c1C(=O)OC(C)C2,4.309803919971486
CC(=O)c1cccc(NC(=O)C(OC(=O)c2cccc(S(=O)(=O)N(C)c3ccccc3)c2)c2ccccc2)c1,4.308891973383256
COc1cccc(C(=O)N2CCN(C(=O)c3ccc(-c4cccc5[nH]nc(N)c45)cc3)CC2)c1,4.308034897232639
CC1(C)CC[C@]2(C(=O)O)CC[C@]3(C)C(=CC[C@@H]4[C@@]5(C)Cc6cn(S(C)(=O)=O)nc6C(C)(C)[C@@H]5CC[C@]43C)[C@@H]2C1,4.30715308072277
Nc1nc2c(s1)=C(c1ccc(O)cc1)C(=O)C(=O)C=2c1ccc(O)cc1,4.304518323509803
COc1cc2ncccc2cc1NC(=O)c1csc2cncnc12,4.301029995663981
COc1ccc(-n2c(C(=O)O)c(Oc3cccc(C(F)(F)F)c3)c3ccccc32)cc1,4.301029995663981
COc1ccc(C(=O)c2c(C)n(Cc3cccc(O[C@@H](C)C(=O)O)c3)c3ncccc23)cc1,4.301029995663981
CC(C)(C)c1ccc(-n2c(C(=O)O)c(Oc3ccc(-c4cc(C(F)(F)F)c[nH]4)cc3)c3cccnc32)cc1,4.301029995663981
CCc1ccc(-c2nc3cc(NC(=O)c4cc([N+](=O)[O-])ccc4Cl)ccc3o2)cc1,4.301029995663981
Cc1nn(C)c2nnc(Nc3ccc(S(=O)(=O)NC(CO)C(C)C)cc3)nc12,4.301029995663981
CCCCC(=O)Nc1ccccc1-c1cccc2c1[nH]c1ccccc12,4.301029995663981
CC1CCc2c(sc(NC(=O)COc3ccccc3C=O)c2C#N)C1,4.301029995663981
Cc1nn(-c2ccccc2)c2nc(CCl)n(CC#N)c(=O)c12,4.301029995663981
C(=C\n1ncc2c(NC3CCCCC3)ncnc21)/c1ccccc1,4.301029995663981
CCOCc1nc2c(c(C)nn2-c2ccccc2)c(=O)[nH]1,4.301029995663981
CC(C)c1cccc(-n2c(C(=O)O)c(Oc3cccc(O)c3)c3ccccc32)c1,4.301029995663981
O=c1[nH]c(O)c(-c2ccc(OCCCOc3ccc(Oc4ccccc4)cc3)cc2)s1,4.301029995663981
CCOc1ccc(S(=O)(=O)NCCN)cc1-c1nnc2c(n1)c(C)nn2C,4.301029995663981
CCOc1ccc(S(=O)(=O)NCCN2CCOCC2)cc1-c1nnc2c(n1)c(C)nn2C,4.301029995663981
CCOc1ccc(S(=O)(=O)NCCO)cc1-c1nnc2c(n1)c(C)nn2C,4.301029995663981
O=C1NC(=O)c2cc(Nc3ccc(F)cc3)c(Nc3ccc(F)cc3)cc21,4.301029995663981
O=C1NC(=O)c2cc(Nc3ccccc3)c(Nc3ccccc3)cc21,4.301029995663981
O=C1Nc2ccccc2/C1=C/c1ccc[nH]1,4.301029995663981
O=C1Nc2ccccc2/C1=C\c1ccc(O)cc1,4.301029995663981
Cc1ccc(C=O)c(OCC(=O)Nc2sc3c(c2C#N)CCC(C)C3)c1,4.301029995663981
CCNc1ccccc1-c1cccc2c1[nH]c1ccccc12,4.301029995663981
FC(F)C(F)(F)Oc1cccc(Nc2nccc(-c3ccc(Cl)cc3)n2)c1,4.301029995663981
C=C(CN(C)C)C(=O)c1ccc(OCc2ccccc2)c(O)c1,4.301029995663981
C[C@@H](Oc1cc(Cn2c(=O)n(-c3ccc(C(C)(C)C)cc3)c3ccc(C(F)(F)F)cc32)ccc1Cl)C(=O)O,4.301029995663981
C[C@@H](Oc1cc(Cn2c(=O)n(-c3nc4ccc(Cl)cc4s3)c3ccc(C(F)(F)F)cc32)ccc1Cl)C(=O)O,4.301029995663981
C[C@@H](Oc1cc(Cn2c(=O)n(-c3noc4cc(Cl)ccc34)c3ccc(C(F)(F)F)cc32)ccc1Cl)C(=O)O,4.301029995663981
O=C(Cc1ccc(F)cc1)Nc1ccccc1-c1cccc2c1[nH]c1ccccc12,4.301029995663981
CC(C)(C)c1ccc(-n2c(C(=O)O)c(Oc3cccc(O)c3)c3ccccc32)cc1,4.301029995663981
CC(C)(C)c1ccc(-n2c(C(=O)O)c(Oc3cccc(S(C)(=O)=O)c3)c3ccc(Cl)nc32)cc1,4.301029995663981
CC(=O)Nc1ccccc1-c1cccc2c1C(=O)c1ccccc1-2,4.301029995663981
CC(=O)Nc1ccccc1-c1cccc2c1C(O)c1ccccc1-2,4.301029995663981
CC(=O)Nc1ccccc1-c1cccc2c1oc1ccccc12,4.301029995663981
CC(=O)Nc1ccccc1-c1cccc2c3c([nH]c12)CCNC3,4.301029995663981
CC(=O)Nc1ccccc1-c1cccc2c3ccccc3n(C)c12,4.301029995663981
CC(C)(C)c1ccc(-n2c(C(=O)O)c(Oc3cccc(C(F)(F)F)c3)c3cccnc32)cc1,4.301029995663981
CC(=O)Nc1ccccc1-c1cccc2c3ccccc3n(Cc3ccccc3)c12,4.301029995663981
CC(=O)Nc1ccccc1-c1cn2c3ccccc3c3cccc(c1=O)c32,4.301029995663981
C[C@@H](Oc1cc(Cn2c(=O)n(-c3noc4ccc(Cl)cc34)c3ccc(C(F)(F)F)cc32)ccc1Cl)C(=O)O,4.301029995663981
CC(=O)Nc1ccccc1-c1cn2c3ccccc3c3ccnc(c1=O)c32,4.301029995663981
C[C@@H](Oc1cc(Cn2c(=O)n(Cc3ccc(Cl)cc3)c3ccc(C(F)(F)F)cc32)ccc1Cl)C(=O)O,4.301029995663981
CC(=O)Nc1ccncc1-c1cccc2c1[nH]c1ccccc12,4.301029995663981
C[C@@H](Oc1cc(Cn2c(=O)n(C(=O)c3ccc(Cl)cc3)c3ccc(C(F)(F)F)cc32)ccc1Cl)C(=O)O,4.301029995663981
CC(=O)Nc1cnccc1-c1cccc2c1[nH]c1ccccc12,4.301029995663981
O=S(=O)(Nc1ccccc1-c1cccc2c1[nH]c1ccccc12)c1ccccc1,4.301029995663981
CCCc1cc2c(C(F)(F)F)noc2c(CCC)c1OCC(C)(C)C(=O)O,4.301029995663981
CCCc1nn(C)c2nnc(-c3cc(S(=O)(=O)N4CCN(C)CC4)ccc3OCC)nc12,4.301029995663981
CCN(C(C)=O)c1ccccc1-c1cccc2c1[nH]c1ccccc12,4.301029995663981
CCN(CC)Cc1nc2c(c(C)nn2-c2ccccc2)c(=O)[nH]1,4.301029995663981
CCN(CC)c1ccc(Nc2cc3c(cc2Nc2ccc(N(CC)CC)cc2)C(=O)NC3=O)cc1,4.301029995663981
O=C(Nc1cccc(-c2ccnc3cc(-c4ccncc4)nn23)c1)c1cccc(C(F)(F)F)c1,4.301029995663981
CCCc1cc(Oc2ccccc2)ccc1OCCCOc1ccc(-c2sc(=O)[nH]c2O)cc1C,4.301029995663981
CNC(=O)[C@H](CC(C)(C)C)NC(=O)c1cccc(CNC(=O)c2ccc(OCCNC(=O)CC(C)(C)CC(=O)NCCc3ccc(NC(C)=O)cc3)cc2)c1,4.301029995663981
CNCCOc1ccc(C(=O)NCc2cccc(C(=O)N[C@@H](C)C(=O)Nc3ccc(CCC(=O)O)cc3)c2)cc1,4.301029995663981
CCCc1cc(Oc2ccccc2)ccc1OCCCOc1ccc(-c2sc(=O)[nH]c2O)cc1CCC,4.301029995663981
CCCc1cc(Oc2ccc(NS(=O)(=O)c3ccc(C)cc3)cc2)ccc1OCCCOc1ccc(-c2sc(=O)[nH]c2O)cc1,4.301029995663981
COc1ccc2c(-n3c(=O)n(Cc4cccc([C@@]5(C)OC(O)=NC5=O)c4)c4cc(C(F)(F)F)ccc43)noc2c1,4.301029995663981
CCCc1cc(Oc2ccccc2)ccc1OCCCOc1ccc(-c2sc(=O)[nH]c2O)cc1OC,4.301029995663981
CCCc1cc(Oc2ccccc2)ccc1OCCCOc1ccc(-c2sc(=O)[nH]c2O)cc1Cl,4.301029995663981
C[C@@H](Oc1ccc2ncccc2c1)c1c(Cl)ccc(F)c1Cl,4.301029995663981
C[C@@]1(C(=O)O)CCc2ccc(OCCCOc3ccc(OCC(F)(F)F)cc3Cl)cc2O1,4.301029995663981
CCOc1ccc(S(=O)(=O)N(CC)CC)cc1-c1nnc2c(n1)c(C)nn2C,4.301029995663981
CCOc1ccc(S(=O)(=O)N2CCCC2)cc1-c1nnc2c(n1)c(C)nn2C,4.301029995663981
CCOc1cc(N2CCC(O)CC2)ccc1Nc1ncc2c(n1)N(C)c1ccccc1C(=O)N2C,4.301029995663981
COc1ccc2c(-n3c(=O)n(Cc4cccc([C@@]5(C)OC(O)=NC5=O)c4)c4ccccc43)noc2c1,4.301029995663981
CCCc1cc(Oc2ccc(F)cc2)ccc1OCCCOc1ccc(-c2sc(=O)[nH]c2O)cc1,4.301029995663981
CN(c1ccccc1)c1cc2c(cc1N(C)c1ccccc1)C(=O)NC2=O,4.301029995663981
CN(c1ccccc1)c1cc2c(cc1Nc1ccccc1)C(=O)NC2=O,4.301029995663981
CNCCOc1ccc(C(=O)NCc2cccc(C(=O)N[C@@H](CC3CCCCC3)C(=O)Nc3ccc(CCC(=O)O)cc3)c2)cc1,4.301029995663981
CNCCOc1ccc(C(=O)NCc2cccc(C(=O)N[C@H](C(=O)Nc3ccc(CCC(=O)O)cc3)C(C)C)c2)cc1,4.301029995663981
CCCc1cc(Oc2ccc(NS(C)(=O)=O)cc2)ccc1OCCCOc1ccc(-c2sc(=O)[nH]c2O)cc1,4.301029995663981
CCCc1cc(Oc2ccc(OC)cc2)ccc1OCCCOc1ccc(-c2sc(=O)[nH]c2O)cc1,4.301029995663981
CCCc1cc(Oc2ccc(S(C)(=O)=O)cc2)ccc1OCCCOc1ccc(-c2sc(=O)[nH]c2O)cc1,4.301029995663981
CCCc1cc(Oc2ccccc2)ccc1OCCCCOc1ccc(-c2sc(=O)[nH]c2O)cc1,4.301029995663981
CCC[C@H](Oc1cccc(Cn2c(C)c(C(=O)c3ccc(Cl)cc3)c3ccc(OC(F)(F)F)cc32)c1)C(=O)O,4.301029995663981
Cc1ccc2onc(-n3c(=O)n(Cc4ccc(Cl)c(O[C@H](C)C(=O)O)c4)c4cc(C(F)(F)F)ccc43)c2c1,4.301029995663981
COc1ccc2c(-n3c(=O)n(Cc4ccc(Cl)c(O[C@H](C)C(=O)O)c4)c4ccc(C(F)(F)F)cc43)noc2c1,4.301029995663981
CS(=O)(=O)Nc1ccc(C(F)(F)F)cc1-c1cccc2c1[nH]c1ccccc12,4.301029995663981
COc1ccncc1NC(=O)c1ccnc(NC(=O)C2CC2)c1,4.301029995663981
O=C1NC(=O)c2cc(NC3CCCCC3)c(NC3CCCCC3)cc21,4.301029995663981
COc1ccc2c(-n3c(=O)n(Cc4ccccc4[C@@]4(C)OC(O)=NC4=O)c4cc(C(F)(F)F)ccc43)noc2c1,4.301029995663981
CNC(=O)c1cccc(CNC(=O)c2ccc(OCCNC(=O)CC(C)(C)CC(=O)NCCc3ccc(NC(=O)[C@H](CC(C)(C)C)NC(C)=O)cc3)cc2)c1,4.301029995663981
COc1ccc2c(-n3c(=O)n(Cc4cccc(O[C@H](C)C(=O)O)c4)c4cc(C(F)(F)F)ccc43)noc2c1,4.301029995663981
CCCc1cc(Oc2ccc(-c3ccccc3)cc2)ccc1OCCCOc1ccc(-c2sc(=O)[nH]c2O)cc1,4.301029995663981
CCCc1cc(Oc2ccccc2)ccc1OCCCOc1ccc(-c2sc(=O)[nH]c2O)cc1,4.301029995663981
COc1ccc(NC(=S)NN=C2C(=O)Nc3ccccc32)cc1,4.301029995663981
COc1ccc2[nH]c3c(-c4ccccc4NC(C)=O)cccc3c2c1,4.301029995663981
COc1ccc(Nc2cc3c(cc2Nc2ccc(OC)cc2)C(=O)NC3=O)cc1,4.301029995663981
COc1ccc2c(-n3c(=O)n(Cc4cc(O[C@H](C)C(=O)O)ccc4Cl)c4cc(C(F)(F)F)ccc43)noc2c1,4.301029995663981
O=C(Nc1cnccc1-c1ccc(Cl)cc1)c1ccnc(NC(=O)C2CC2)c1,4.301029995663981
O=C(Nc1cnccc1-c1ccc(F)cc1)c1ccnc(NC(=O)C2CC2)c1,4.301029995663981
O=C(Nc1cnccc1-c1ccccc1)c1ccnc(NC(=O)C2CC2)c1,4.301029995663981
COCc1nc2c(c(C)nn2-c2ccccc2)c(=O)[nH]1,4.301029995663981
COc1ccc2c(-n3c(=O)n(Cc4cc(O[C@H](C)C(=O)O)ccc4Cl)c4ccccc43)noc2c1,4.301029995663981
COc1ccc2c(-n3c(=O)n(Cc4cc([C@@]5(C)OC(O)=NC5=O)ccc4Cl)c4cc(C(F)(F)F)ccc43)noc2c1,4.301029995663981
COc1ccc2c(-n3c(=O)n(Cc4cc([C@@]5(C)OC(O)=NC5=O)ccc4Cl)c4ccccc43)noc2c1,4.301029995663981
COc1ccc2c(-n3c(=O)n(Cc4ccc(Cl)c(O[C@@H](C)C(=O)O)c4)c4cc(C(F)(F)F)ccc43)noc2c1,4.301029995663981
COc1ccc2c(-n3c(=O)n(Cc4ccc(Cl)c(O[C@H](C)C(=O)O)c4)c4cc(C(F)(F)F)ccc43)noc2c1,4.301029995663981
COc1ccc2c(-n3c(=O)n(Cc4ccc(Cl)c(O[C@H](C)C(=O)O)c4)c4cc(OC(F)(F)F)ccc43)noc2c1,4.301029995663981
COc1ccc2c(-n3c(=O)n(Cc4ccc(Cl)c(O[C@H](C)C(=O)O)c4)c4ccc(OC(F)(F)F)cc43)noc2c1,4.301029995663981
COc1ccc2c(-n3c(=O)n(Cc4ccc(Cl)c(O[C@H](C)C(=O)O)c4)c4ccccc43)noc2c1,4.301029995663981
COc1ccc2c(-n3c(=O)n(Cc4ccc([C@@]5(C)OC(O)=NC5=O)cc4)c4cc(C(F)(F)F)ccc43)noc2c1,4.301029995663981
CN(C)CC(CSCCN)C(=O)c1ccc(OCc2ccccc2)cc1,4.301029995663981
CC(C)N1CCN(C(=O)c2ccc(NC(=O)Nc3ccc(-c4nc(C5CCOCC5)nc(N5C6CCC5COC6)n4)cc3)cc2)CC1,4.301029995663981
Nc1ccc2c(c1)/C(=C/c1ccc[nH]1)C(=O)N2,4.301029995663981
Nc1ccc(C(F)(F)F)cc1-c1cccc2c1[nH]c1ccccc12,4.301029995663981
Cc1cc(C)c(/C=C2\C(=O)Nc3ccc(N)cc32)[nH]1,4.301029995663981
CCOc1ccc(S(=O)(=O)N2CCN(C)CC2)cc1-c1nnc2c(n1)c(C)nn2C,4.301029995663981
CCOc1ccc(S(=O)(=O)N2CCNCC2)cc1-c1nnc2c(n1)c(C)nn2C,4.301029995663981
COc1ccccc1C(=O)Nc1ccccc1-c1cccc2c1[nH]c1ccccc12,4.301029995663981
CC(Nc1ccccc1-c1cccc2c1[nH]c1ccccc12)C(F)(F)F,4.301029995663981
CC[C@@H](Oc1cccc(-n2c(C)c(C(=O)c3ccc(OC)cc3)c3ccc(OC(F)(F)F)cc32)c1)C(=O)O,4.301029995663981
CCOc1ccc(S(=O)(=O)N2CCOCC2)cc1-c1nnc2c(n1)c(C)nn2C,4.301029995663981
CC[C@@H](Oc1cccc(Cn2c(=O)n(-c3noc4cc(OC)ccc34)c3ccc(C(F)(F)F)cc32)c1)C(=O)O,4.301029995663981
CCOc1cccc(Oc2c(C(=O)O)n(-c3ccc(C(C)(C)C)cc3)c3ccccc23)c1,4.301029995663981
CCCc1cc(Oc2ccc(C)cc2)ccc1OCCCOc1ccc(-c2sc(=O)[nH]c2O)cc1,4.301029995663981
CCCc1cc(Oc2ccc(C3CCCC3)cc2)ccc1OCCCOc1ccc(-c2sc(=O)[nH]c2O)cc1,4.301029995663981
CN(C)CC(CSc1ccccc1)C(=O)c1ccc(OCc2ccccc2)cc1,4.301029995663981
CCCc1cc(Oc2ccc(C(F)(F)F)cc2)ccc1OCCCOc1ccc(-c2sc(=O)[nH]c2O)cc1,4.301029995663981
CCCc1cc(C(=O)CC)cc(CCC)c1NC(C(=O)O)c1ccc(C(C)C)cc1,4.301029995663981
Cc1cccc2c1/C(=C/c1ccc(N(C)C)c3ccccc13)C(=O)N2,4.301029995663981
Cc1cccc2c(-n3c(=O)n(Cc4ccc(Cl)c(O[C@H](C)C(=O)O)c4)c4cc(C(F)(F)F)ccc43)noc12,4.301029995663981
Cc1cccc(N)c1-c1cccc2c1[nH]c1ccccc12,4.301029995663981
CN(C)S(=O)(=O)c1ccc2c(c1)/C(=C/c1cc3c([nH]1)CCCC3)C(=O)N2,4.301029995663981
CCCc1cc(Oc2ccc(CC(C)C)cc2)ccc1OCCCOc1ccc(-c2sc(=O)[nH]c2O)cc1,4.301029995663981
CCCc1cc(Oc2ccc(Cl)cc2)ccc1OCCCOc1ccc(-c2sc(=O)[nH]c2O)cc1,4.301029995663981
Cc1c[nH]c(NC(=O)Nc2ccnc(Cl)c2)n1,4.301029995663981
CC(=O)Nc1ccc(CCNC(=O)CC(C)(C)CC(=O)NCCOc2ccc(C(=O)NCc3cccc(C(=O)N[C@@H](CC(C)(C)C)C(=O)O)c3)cc2)cc1,4.301029995663981
COc1ccc(C(=O)c2c(C)n(Cc3cc(O[C@@H](C)C(=O)O)ccc3F)c3ncccc23)cc1,4.301029995663981
COc1ccc(C(=O)c2c(C)n(Cc3ccc(Cl)c(O[C@@H](C)C(=O)O)c3)c3nc(OC)ccc23)cc1,4.301029995663981
COc1ccc(C(=O)c2c(C)n(Cc3ccc(F)c(O[C@@H](C)C(=O)O)c3)c3ncccc23)cc1,4.301029995663981
COc1ccc(C(=O)c2c(C)n(Cc3cccc(O[C@@H](C)C(=O)O)c3)c3nc(C)ccc23)cc1,4.301029995663981
CC1(C)CC[C@]2(C(=O)OCCBr)CC[C@]3(C)C(=CC[C@@H]4[C@@]5(C)C[C@@H](O)[C@H](O)C(C)(C)[C@@H]5CC[C@]43C)[C@@H]2C1,4.301029995663981
Cc1nn(-c2ccccc2)c2nc(CCl)n(C)c(=O)c12,4.301029995663981
Cc1cccc(C=O)c1OCC(=O)Nc1sc2c(c1C#N)CCC(C)C2,4.301029995663981
Cc1cnc(Nc2cnn(C)c2)nc1N1CC(CC#N)(N2CCN(C)CC2)C1,4.301029995663981
Cc1ccc2c(-n3c(=O)n(Cc4ccc(Cl)c(O[C@H](C)C(=O)O)c4)c4cc(C(F)(F)F)ccc43)noc2c1,4.301029995663981
C=C(CN(C)C)C(=O)c1ccc(OS(=O)(=O)c2ccc(C(=O)O)c(O)c2)cc1,4.301029995663981
CCC(=O)c1ccc(OC(C(=O)O)c2ccccc2)cc1,4.301029995663981
C=C(CN(C)C)C(=O)c1ccc(OS(=O)(=O)c2ccc(C(=O)O)cc2)cc1,4.301029995663981
CC(C)(C)c1ccc(-n2c(C(=O)O)c(Oc3cccc(-c4cc(C(F)(F)F)c[nH]4)c3)c3ccc(Cl)nc32)cc1,4.301029995663981
CC(C)(C)C[C@H](N)C(=O)Nc1ccc(CCNC(=O)CC(C)(C)CC(=O)NCCOc2ccc(C(=O)NCc3cccc(C(=O)O)c3)cc2)cc1,4.301029995663981
Cc1nn(C)c2nnc(Nc3ccc(S(=O)(=O)N4CCCC4)cc3)nc12,4.301029995663981
CC(C)(C)c1ccc(-n2c(C(=O)O)c(Oc3cccc(C(F)(F)F)c3)c3cc(O)ccc32)cc1,4.301029995663981
CC(C)(C)C[C@H](NC(=O)c1cccc(CNC(=O)c2ccc(OCCNC(=O)CC(C)(C)CC(=O)NCCc3ccc(N)cc3)cc2)c1)C(=O)O,4.301029995663981
COc1ccc(C(=O)c2c(C)n(Cc3cc(O[C@@H](C)C(=O)O)ccc3Cl)c3nc(OC)ccc23)cc1,4.301029995663981
COc1ccc(C(=O)c2c(C)n(Cc3cc(O[C@@H](C)C(=O)O)ccc3F)c3nc(OC)ccc23)cc1,4.301029995663981
CC(=O)N[C@@H](CC(C)(C)C)C(=O)Nc1ccc(CCNC(=O)CC(C)(C)CC(=O)NCCOc2ccc(C(=O)NCc3cccc(C(=O)O)c3)cc2)cc1,4.301029995663981
Cc1ccc(-c2cccc3c2[nH]c2ccccc23)c(N)c1,4.301029995663981
C[C@]1(c2cccc(Cn3c(=O)n(-c4noc5cc(Cl)ccc45)c4ccccc43)c2)OC(O)=NC1=O,4.301029995663981
Cc1nn(C)c2nnc(Nc3ccc(S(=O)(=O)N4CCN(C)CC4)cc3)nc12,4.301029995663981
Cc1nn(-c2ccccc2)c2nc(CN3CCCCC3)[nH]c(=O)c12,4.301029995663981
Cc1nn(-c2ccccc2)c2nc(CN3CCOCC3)[nH]c(=O)c12,4.301029995663981
c1cc(N2CCCC2)[c-]2[cH-][cH-][cH-][c-]2n1,4.301029995663981
CC1(C)Cc2c(-c3ccncc3)c(-c3ccccn3)nn2C1,4.301029995663981
COc1ccc(C(=O)NC[C@@H](O)CO)cc1/C=C/c1ccc(Cl)cc1,4.301029995663981
COc1ccc(C(=O)NC[C@H](O)CO)cc1/C=C/c1ccc(Cl)cc1,4.301029995663981
O=C(Nc1ccccc1-c1cccc2c1[nH]c1ccccc12)C1CCCCC1,4.301029995663981
O=C(Nc1ccccc1-c1cccc2c1[nH]c1ccccc12)c1ccco1,4.301029995663981
COc1ccccc1N(C(=O)c1snc(C(N)=O)c1N)C(C(=O)NCc1ccccc1)c1ccc(O)cc1,4.300864995108978
N#C/C(=C/c1cn(-c2ccccc2)nc1-c1cccc(S(=O)(=O)N2CCCC2)c1)C(=O)NCc1ccco1,4.300162274132754
Cc1ccc(-c2ccnc(Nc3cccc(OC(F)(F)C(F)F)c3)n2)cc1,4.299998815998418
O=C(O)CC(CCc1ccccc1)OC1OC(CO)C(O)C(O)C1O,4.299036821840451
CC[C@H]1O[C@@H](NC(=S)NN=Cc2cccc(Br)c2)[C@H](O)[C@@H](O)[C@@H]1O,4.297569463554475
C=C(C)[C@@H]1CC[C@]2(C(=O)OC3CCCCC3)CC[C@]3(C)[C@H](CC[C@@H]4[C@@]5(C)CC[C@H](O)[C@@](C)(CO)[C@@H]5CC[C@]43C)[C@@H]12,4.297569463554475
CC1=NN(C(=O)c2ccccc2C)C(c2ccccc2O)C1,4.296708621881339
CCN(CC)CCOC(=O)[C@]12CCC(C)(C)C[C@H]1C1=CC[C@@H]3[C@@]4(C)C[C@@H](O)[C@H](O)C(C)(C)[C@@H]4CC[C@@]3(C)[C@]1(C)CC2,4.292429823902063
NCc1ccc(S(=O)(=O)Nc2ccc(NC(=O)Nc3cccc([N+](=O)[O-])c3)cc2)cc1,4.29073003902417
Cc1cc(=O)oc2c(O)c(O)ccc12,4.2839966563652006
Nc1nc(COc2ccccc2C=O)nc(Nc2ccccc2)n1,4.283162276700476
Cc1ccc2nc(NNC(=O)c3ccc(S(=O)(=O)N4CCc5ccccc5C4)cc3)sc2c1,4.278189384787454
Cc1ccc(-c2nc3cc(C(=O)NCCCn4ccnc4)ccc3c(O)c2O)cc1,4.277851639988837
Cc1ccc(Cl)cc1N1CCN(S(=O)(=O)c2ccc3[nH]c(=O)c(=O)[nH]c3c2)CC1,4.277366077466188
CC1(C)CC[C@]2(C(=O)OCc3ccccc3)CC[C@]3(C)C(=CC[C@@H]4[C@@]5(C)CC(=O)[C@H](O)C(C)(C)[C@@H]5CC[C@]43C)[C@@H]2C1,4.276544327964814
CCCc1cc(=O)[nH]c(SCC(=O)N2N=C(c3ccc(Cl)cc3)CC2c2ccco2)n1,4.276134035556496
[C]Oc1cc(-c2ccc(O[C][C]=C([C])[C])cc2)c(O[C])c(O[C][C]=C([C])[C])c1-c1ccc([O])cc1,4.274905478918531
O=C1/C(=C2/SC(=O)N(Cc3cccc([N+](=O)[O-])c3)C2=O)Nc2ccc(Cl)cc21,4.274251667004452
CNCCOC(=O)[C@]12CCC(C)(C)C[C@H]1C1=CCC3[C@@]4(C)CC[C@H](O)C(C)(C)C4CC[C@@]3(C)[C@]1(C)CC2,4.274088367704952
CNCCOC(=O)[C@]12CCC(C)(C)C[C@H]1C1=CC[C@@H]3[C@@]4(C)CC[C@H](O)C(C)(C)[C@@H]4CC[C@@]3(C)[C@]1(C)CC2,4.274088367704952
CC(=O)N1N=C(C)CC1c1ccccc1OCc1ccc(Cl)nc1,4.274088367704952
Cc1ccc(Nc2nc(Nc3ccc(C)cc3)nc(SC3=NCCS3)n2)cc1,4.27083521030723
N#C/C(=C\c1ccccc1OCC(=O)O)c1nc2ccccc2s1,4.2693792021127175
CC(=O)n1cc2c(n1)C(C)(C)[C@@H]1CC[C@]3(C)[C@H](CC=C4[C@@H]5CC(C)(C)CC[C@]5(C(=O)O)CC[C@]43C)[C@@]1(C)C2,4.269217724333611
Oc1cc(O)c2c(c1)O[C@@H](c1ccc(O)c(O)c1)[C@H](O)C2,4.269217724333611
C=C(C)[C@@H]1CC[C@]2(C=O)CC[C@]3(C)[C@H](CC[C@@H]4[C@@]5(C)[C@H](C(=O)OC)[C@H](OC(C)=O)C(C)(C)[C@@H]5CC[C@]43C)[C@@H]12,4.269217724333611
Nc1nc2c(s1)c(-c1ccc(O)cc1)c(O)c1oc3cc(O)c(O)cc3c12,4.266000713461613
CC(C)n1cc(CN2CCC(C(=O)Nc3cccc(-c4cscn4)c3)CC2)cn1,4.263308755636778
C=C(C)[C@@H]1CC[C@]2(C(=O)NCCCCCCNC(=O)/C=C/C(=O)O)CC[C@]3(C)[C@H](CC[C@@H]4[C@@]5(C)CC[C@H](OC(C)=O)[C@@](C)(COC(C)=O)[C@@H]5CC[C@]43C)[C@@H]12,4.261219441515631
[C][C]Oc1ccc([N]S(=O)(=O)c2ccc(Cl)c([N]N=C3C(=O)[N]C(=S)[N]C3=O)c2)cc1Br,4.259637310505756
C=C(C)[C@@H]1CC[C@]2(C(=O)NCCCCCCN(CC)CC)CC[C@]3(C)[C@H](CC[C@@H]4[C@@]5(C)CC[C@H](OC(C)=O)[C@@](C)(COC(C)=O)[C@@H]5CC[C@]43C)[C@@H]12,4.254925208417943
COC(=O)[C@H](CC(C)C)N1Cc2cc(OC)cc(OC)c2-c2ccccc2S1(=O)=O,4.254925208417943
Cc1ccc(OCC(=O)c2c(N)n(C)c(=O)n(C)c2=O)c([N+](=O)[O-])n1,4.254612878679991
C[C@H]1[C@H](C)CC[C@]2(C(=O)OCc3ccccc3)CC[C@]3(C)C(=CC[C@@H]4[C@@]5(C)C[C@@H](O)CC(C)(C)[C@@H]5CC[C@]43C)[C@H]12,4.253365801062421
Nc1ncnc2c1ncn2[C@@H]1O[C@H](COC(=O)c2ccc(S(=O)(=O)NCCCc3ccccc3)cc2)[C@@H](O)[C@H]1O,4.251811972993799
Clc1ccc(C(Cl)Cn2ncc3c(NCc4ccncc4)ncnc32)cc1,4.248720896016658
CCN(Cc1ccccc1)S(=O)(=O)c1ccc(C(=O)Nc2nnc(-c3ccccc3OC)o2)cc1,4.247951552180561
Cc1cccc2sc(NNC(=O)c3ccc(S(=O)(=O)N4CCc5ccccc5C4)cc3)nc12,4.246416941107094
Nc1c(C(=O)NCC2CCCO2)sc2nc3c(c(-c4ccco4)c12)CC/C3=C\c1ccco1,4.246018828872132
O=C1C(=O)N(c2nc3ccc(Cl)cc3s2)C(c2ccco2)C1C(=O)c1ccco1,4.245651664288981
O=C(Cn1cccc(NCc2ccccc2Cl)c1=O)Nc1ccc(Cl)c(Cl)c1,4.2441251443275085
COc1cc(/C=c2\sc3n(c2=O)C(c2ccccc2)C(c2ccccc2)=NN=3)ccc1O,4.24184537803261
O=C(c1ccc2c(=O)n(Cc3ccco3)c(=S)[nH]c2c1)N1CCN(Cc2ccccc2)CC1,4.238824186844268
Cc1ccc(S(=O)(=O)N2CCN(c3nc(Cl)ncc3Br)CC2)cc1,4.236572006437063
O=C(NNC(=O)c1cc(-c2ccc(Cl)cc2)nc2ccccc12)c1csc(N2CCOCC2)n1,4.236572006437063
O=C1/C(=C2/SC(=O)N(Cc3cccc([N+](=O)[O-])c3)C2=O)Nc2ccccc21,4.23328979273774
CC(=O)N1N=C(c2cc3ccccc3oc2=O)CC1c1ccc(O)cc1,4.23284413391782
O=C(NC(=S)Nc1cc(-c2nc3ccccc3[nH]2)ccc1Cl)c1ccc2c(c1)OCO2,4.229884705212898
Cc1ccc(C(=O)Nc2cccc(C(C)(C)C)c2)cc1/C=C/n1cnc2c(NC3CC3)ncnc21,4.229147988357856
CC(C)C(NC(=O)[C@@H]1C[C@@H](c2ccccc2)CN1C(=O)[C@@H](NC(=O)OC(C)(C)C)C(C)(C)C)P(=O)(Oc1ccccc1)Oc1ccccc1,4.22548303427145
O=C1NCC(O)NC12O[C@H](CO)[C@@H](O)[C@H](O)[C@H]2O,4.223298816011589
N#Cc1c(N)nc(SCC(=O)c2ccc(Cl)cc2)c(C#N)c1-c1ccsc1,4.221848749616356
CS(=O)(=O)c1ccc(C(=O)OC[C@H]2O[C@@H](n3cnc4c(N)ncnc43)[C@H](O)[C@@H]2O)cc1,4.221848749616356
Cc1ccc(C(=O)Nc2cccc(C(C)C)c2)cc1/C=C/n1cnc2c(NC3CC3)ncnc21,4.221848749616356
COc1ccc(-c2csc(NC(=O)c3ccccc3NS(=O)(=O)c3ccc(C)cc3)n2)cc1,4.221125527997261
COC(=O)C1CCCc2sc(NC(=O)COc3ccc(C=O)cc3OC)c(C#N)c21,4.220042948753094
Cc1c(-c2ccnc(C(F)(F)F)c2)ccc2c1CCNC2=O,4.219999701663429
COc1cccc(C(=O)N2CCN(C(=O)c3ccc(-c4cccnc4)cc3)CC2)c1,4.217026005055952
CCOC(=O)C1=C(C)n2nnnc2N(C)C1c1ccc(C)cc1,4.213958789757446
CC1=C(C(=O)[C@@H](C)c2ccccc2)C(c2ccccc2)NC(=S)N1,4.213958789757446
Cc1ccc(C(=O)Nc2cccc([N+](=O)[O-])c2)cc1S(=O)(=O)Nc1ccc(NC(=O)c2ccccc2)cc1,4.213958789757446
CC(C)Cn1c(=O)c(C(=O)Nc2ccccc2S(N)(=O)=O)c(O)c2ccccc21,4.213603538627695
CC1(C)CC[C@]2(C(=O)OCc3ccccc3)CC[C@]3(C)C(=CCC4[C@@]5(C)C/C(=N\OCc6ccccc6)C(=O)C(C)(C)C5CC[C@]43C)[C@@H]2C1,4.212539525481585
CC1(C)CC[C@]2(C(=O)OCc3ccccc3)CC[C@]3(C)C(=CC[C@@H]4[C@@]5(C)C/C(=N\OCc6ccccc6)C(=O)C(C)(C)[C@@H]5CC[C@]43C)[C@@H]2C1,4.212539525481585
O=[N+]([O-])c1cccc(Nc2nccc(-c3ccncc3)n2)c1,4.212335083150178
COc1ccc(/C=C(\C#N)c2nc3ccccc3s2)cc1OC,4.211760902617832
CCN(CC)CCCCOC(=O)[C@]12CCC(C)(C)C[C@H]1C1=CC[C@@H]3[C@@]4(C)C[C@@H](O)[C@H](O)C(C)(C)[C@@H]4CC[C@@]3(C)[C@]1(C)CC2,4.2076083105017466
C[C@H]1[C@H](C)CC[C@]2(C(=O)OCn3cccn3)CC[C@]3(C)C(=CC[C@@H]4[C@@]5(C)C[C@@H](O)[C@H](O)C(C)(C)[C@@H]5CC[C@]43C)[C@H]12,4.20690839982342
Cc1ccc(S(=O)(=O)Nc2ccccc2C(=O)Nc2nc(-c3ccc(F)cc3)cs2)cc1,4.206209615309182
O=C1[N]C(=S)[N]C(=O)C1=N[N]c1ccc(S(=O)(=O)N2[C][C]c3ccccc32)cc1,4.204815410317576
CC1(C)CC[C@]2(C(=O)OCC(=O)O)CC[C@]3(C)C(=CC[C@@H]4[C@@]5(C)CC[C@H](O)C(C)(C)[C@@H]5CC[C@]43C)[C@@H]2C1,4.20342566678957
CC1(C)CC[C@]2(C(=O)OCC(=O)O)CC[C@]3(C)C(=CCC4[C@@]5(C)CC[C@H](O)C(C)(C)C5CC[C@]43C)[C@@H]2C1,4.20342566678957
CCOC(=O)C1=C(C)NC(NN)N(C)C1c1cccc(O)c1,4.202732459169283
COc1cc(C=CC(=O)CC(=O)C=Cc2ccc(O)c(OC)c2)ccc1O,4.202732459169283
CC(=O)O[C@@H]1C[C@]2(C)[C@H]3CC=C4[C@@H]5CC(C)(C)CC[C@]5(C(=O)OCc5ccccc5)CC[C@@]4(C)[C@]3(C)CC[C@H]2C(C)(C)[C@@H]1O,4.200659450546418
Cc1oc2c(cc(NS(=O)(=O)c3ccc4c5c(cccc35)C(=O)N4)c3ccccc32)c1C(=O)OC(C)C,4.199282921717615
O=C(N/N=C/c1ccc(Cl)c(Cl)c1)c1ccc(Nc2ccnc3cc(Cl)ccc23)cc1,4.198939470152144
Cc1ccnc(-c2ccc(C(=O)N3CCN(C(=O)c4cccc(F)c4)CC3)cc2)c1,4.198596289982645
CCn1cc2c(n1)C(C)(C)[C@@H]1CC[C@]3(C)[C@H](CC=C4[C@@H]5CC(C)(C)CC[C@]5(C(=O)OCc5ccccc5)CC[C@]43C)[C@@]1(C)C2,4.189767482004916
COc1cc(/C=C(\C#N)c2nc3ccccc3s2)cc(OC)c1OC,4.187822225841246
C/C(=C\COc1ccc2ccc(=O)oc2c1)CC/C=C(\C)CCC(O)C(C)(C)O,4.187086643357144
COC(=O)C1=C(C)n2nnnc2N(C)C1c1ccccc1,4.186419011431808
O=C(NNc1nc2c(cnn2-c2ccccc2)c(=O)n1-c1ccccc1)c1ccc(Cl)cc1,4.18309616062434
N#C/C(=C\c1ccc2c(c1)OCO2)c1nc2ccccc2s1,4.180587688790675
CC1(C)CC[C@]2(C(=O)OCc3ccccc3)CC[C@]3(C)C(=CC[C@@H]4[C@@]5(C)C[C@@H](O)[C@@H](O)C(C)(C)[C@@H]5CC[C@]43C)[C@@H]2C1,4.180456064458132
CC1(C)C2CC[C@]3(C)[C@H](C(=O)C=C4[C@@H]5C[C@@](C)(C(=O)O)CC[C@]5(C)CC[C@]43C)[C@@]2(C)CC[C@@H]1O,4.180456064458132
Cc1cccc(-c2nn3c(c2-c2ccc(O)cc2)C(C)C(C)(C)C3)n1,4.180456064458132
CC1(C)CC[C@]2(C(=O)OCn3cccn3)CC[C@]3(C)C(=CC[C@@H]4[C@@]5(C)C[C@@H](O)[C@H](O)C(C)(C)[C@@H]5CC[C@]43C)[C@@H]2C1,4.180456064458132
C[C@H]1[C@H](C)CC[C@]2(C(=O)O)CC[C@]3(C)C(=CC[C@@H]4[C@@]5(C)Cc6nonc6C(C)(C)[C@@H]5CC[C@]43C)[C@H]12,4.178486471595227
CC1(C)CC[C@]2(C(=O)OCc3ccccc3)CC[C@]3(C)C(=CCC4[C@@]5(C)CCC(=O)C(C)(C)C5CC[C@]43C)[C@@H]2C1,4.176525770829699
O=C(Nc1ccn([C@H]2CC[C@@H](CO)O2)c(=O)n1)c1ccccc1,4.176388852713253
C/C(=C\COc1cc2oc(=O)ccc2cc1O)CC/C=C(\C)CCC1OC1(C)C,4.173925197299174
C=C(C)[C@@H]1CC[C@]2(C(=O)NCC(=O)O)CC[C@]3(C)[C@H](CC[C@@H]4[C@@]5(C)CC[C@H](O)[C@@](C)(CO)[C@@H]5CC[C@]43C)[C@@H]12,4.169411331314856
CC1(C)CC[C@]2(C(=O)O)CC[C@]3(C)C(=CC[C@@H]4[C@@]5(C)C[C@H](O)[C@H](O)[C@@](C)(CO)[C@@H]5CC[C@]43C)[C@@H]2C1,4.168770306132937
O=C(Cn1cccc(NCCCc2ccccc2)c1=O)NCCc1ccc(Cl)c(Cl)c1,4.167491087293763
CC(C)(Oc1ccc(CCNC(=O)c2ccc(Cl)cc2)cc1)C(=O)NS(C)(=O)=O,4.164309428507575
O=C1/C(=C2/SC(=O)N(Cc3cccc([N+](=O)[O-])c3)C2=O)Nc2ccc(Br)cc21,4.162664131984985
CN(CCc1ccc(-c2ccccc2)cc1)Cc1cn(C)c2ccc(C(=O)Nc3ccc(F)cc3)cc12,4.161150909262744
C=C(C)[C@@H]1CC[C@]2(C(=O)OCCCCCC)CC[C@]3(C)[C@H](CC[C@@H]4[C@@]5(C)CC[C@H](O)[C@@](C)(CO)[C@@H]5CC[C@]43C)[C@@H]12,4.1605219526258015
C[C@H]1[C@H](C)CC[C@]2(C(=O)OCc3ccccc3)CC[C@]3(C)C(=CC[C@@H]4[C@@]5(C)C[C@@H]6O[C@@H]6C(C)(C)[C@@H]5CC[C@]43C)[C@H]12,4.158015195409886
CCOC(=O)C1CCc2sc(NC(=O)COc3ccc(C=O)cc3OC)c(C#N)c21,4.156269034887908
CSc1nc(NCc2ccccc2)c2ccn(Cc3ccc(F)cc3)c2n1,4.154901959985743
[C]C([C])=[C][C][C]/C([C])=[C]/[C][C]/C([C])=[C]/[C]Oc1ccc2ccc(=O)oc2c1,4.154901959985743
C=C(CN(C)C)C(=O)c1ccc(OS(=O)(=O)c2ccc(C(=O)N(C)C)cc2)cc1,4.154901959985743
CCOC(=O)C1=C(C)NC(NN)N(C)C1c1ccc(C)cc1,4.148130399270234
Cc1ccc(C(=O)Nc2cc(N3CCOCC3)cc(C(F)(F)F)c2)cc1/C=C/n1cnc2c(NC3CC3)ncnc21,4.142667503568732
N#Cc1c(SCc2ccccc2)nc2c(c1-c1cccs1)CCCC2,4.142667503568732
CCOC(=O)C1=C(C)NC(NN)N(C)C1c1ccc([N+](=O)[O-])cc1,4.140261433802853
COc1c(O)ccc2c(=O)c3c(O)cc4c(c3oc12)C(C)(C)C(CO)O4,4.138465589140962
C=C(C)[C@@H]1CC[C@]2(C(=O)NCCCN(CC)CC)CC[C@]3(C)[C@H](CC[C@@H]4[C@@]5(C)CC[C@H](OC(C)=O)[C@@](C)(COC(C)=O)[C@@H]5CC[C@]43C)[C@@H]12,4.137868620686962
C[C@H]1[C@H](C)CC[C@]2(C(=O)OCc3ccccc3)CC[C@]3(C)C(=CC[C@@H]4[C@@]5(C)Cc6cn[nH]c6C(C)(C)[C@@H]5CC[C@]43C)[C@H]12,4.137272471682025
COc1ccc(/C=C2\SC(=O)N(CCC(=O)Nc3ccc(S(=O)(=O)Nc4nccs4)cc3)C2=O)cc1,4.13608262304214
CCN(CC)C(=O)CSc1nc(Cc2ccccc2)nc2ccccc12,4.134286189991004
CC(=O)C1=C(C)OC2(O)c3ccccc3C(=O)C12O,4.134150130041464
COc1ccc(/C=N/NC(=O)Cn2c(Cc3ccc(OC)c(OC)c3)nc3ccccc32)cc1,4.134037764833871
Cc1ccc(-c2nn3c(-c4ccco4)nnc3c3ccccc23)cc1S(=O)(=O)NCC1CCCO1,4.134008199873724
O=c1nccc(N=NCc2ccccc2)[nH]1,4.133990461863665
CCOc1ccc(CCNC(=O)CN2C(=O)c3cccnc3Oc3ccc(Cl)cc32)cc1,4.1339786369261
CCOc1ccccc1N(C(=O)c1snc(C(N)=O)c1N)C(C(=O)NCc1ccccc1)c1ccc(O)cc1,4.133966812310496
CCn1nc(/C=C/c2ccccc2)nc2c(=O)n(C)c(=O)nc1-2,4.133966812310496
CN1CCN(C(c2ccccn2)c2cc(Cl)c3cccnc3c2O)CC1,4.133949075990725
COC(=O)c1c(C)nc(C)c2c(=O)oc3ccccc3c12,4.133931340395265
Cc1nc(Nc2cccc(O)c2)c2c3c(sc2n1)CCC3,4.133895871377041
CCCCc1nnc(NC(=O)c2ccc(OCc3c(C)noc3C)cc2)s1,4.13386040525535
CC(=O)C(C(C)=O)C1(O)C(=O)c2ccccc2C1=O,4.133736296632804
Oc1ccc(C=NN2CCOCC2)c(O)c1O,4.133718569724462
Oc1ccc(C=NN2CCCCC2)c(O)c1O,4.133694934972173
CCC(=O)O[C@@H]1C[C@]2(C)[C@H]3CC=C4[C@@H]5[C@@H](C)[C@H](C)CC[C@]5(C(=O)O)CC[C@@]4(C)[C@]3(C)CC[C@H]2C(C)(C)[C@H]1OC(=O)CC,4.132532512140949
Cc1ccc(NC(=O)c2cccc(C(F)(F)F)c2)cc1/C=C/n1cnc2c(NC3CC3)ncnc21,4.130768280269024
N#Cc1c(SCc2ccc(F)cc2)nc2c(c1-c1cccs1)CCCC2,4.130768280269024
O=C(NN=CC=Cc1ccccc1[N+](=O)[O-])c1cc(-c2ccc3ccccc3c2)n[nH]1,4.129011186239425
NCc1cccc(S(=O)(=O)Nc2ccc(NC(=O)Nc3ccc([N+](=O)[O-])cc3)cc2)c1,4.127261172527331
Cn1c(=O)c2c(ncn2C)n(C)c1=O,4.125518182300533
CCCC(=O)O[C@H]1CC(C)(C)[C@@H]2CC[C@]3(C)[C@H](CC=C4[C@@H]5CC(C)(C)CC[C@]5(C(=O)O)CC[C@]43C)[C@@]2(C)C1,4.121478204498794
O=C(Nc1ccc(S(=O)(=O)NCc2ccco2)cc1)c1cc(NS(=O)(=O)c2cccs2)cc(NS(=O)(=O)c2cccs2)c1,4.120330794367947
CCOC(=O)CCCOC(=O)[C@]12CCC(C)(C)C[C@H]1C1=CC[C@@H]3[C@@]4(C)CC[C@H](O)C(C)(C)[C@@H]4CC[C@@]3(C)[C@]1(C)CC2,4.119998611678231
CC1=C(C(=O)[C@H](C)c2ccccc2)C(c2ccccc2)NC(=S)N1,4.1180450286604
COc1ccc(-c2cnnn2-c2ccc(NC(=O)c3ccc(S(=O)(=O)N4CCCCC4)cc3)cc2)cc1OC,4.11656570631699
CCOC(=O)CCCOC(=O)[C@]12CCC(C)(C)C[C@H]1C1=CCC3[C@@]4(C)CC[C@H](O)C(C)(C)C4CC[C@@]3(C)[C@]1(C)CC2,4.115204636051019
CC(C)C(NC(=O)C(C)n1cccc(NC(=O)OC(C)(C)C)c1=O)P(=O)(Oc1ccccc1)Oc1ccccc1,4.113622093241428
CCCCCCCCC(=O)OCc1cn(CC(=O)O[C@H]2CC[C@]3(C)[C@H]4CC=C5[C@@H]6CC(C)(C)CC[C@]6(C(=O)O)CC[C@@]5(C)[C@]4(C)CC[C@H]3C2(C)C)nn1,4.112945621949043
COc1cccc(NC(=O)c2cccc(C(=O)Nc3cccc(OC)c3)c2)c1,4.111259039317107
Cc1ccc(-n2c(O)cc(N(CCc3ccccc3)C(=S)Nc3ccc(N(C)C)cc3)c2O)cc1,4.1095789811990855
CCCC(=O)O[C@@H]1C[C@]2(C)[C@H]3CC=C4[C@@H]5[C@@H](C)[C@H](C)CC[C@]5(C(=O)O)CC[C@@]4(C)[C@]3(C)CC[C@H]2C(C)(C)[C@H]1O,4.108462542327436
COc1ccc2ccccc2c1/C=N/NC(=O)c1nnn(-c2nonc2N)c1C(C)C,4.107905397309519
O=C(CN1CCN(c2ccccc2F)CC1)Nc1cccc(C(F)(F)F)c1,4.105130343254747
Cc1cc(O)cc(O)c1C(=O)O[C@H]1[C@@H]2COC(/C=C/[C@H](C)O)=CC2=CC(=O)[C@@]1(C)O,4.104577453960592
CCCC(=O)O[C@@H]1C[C@]2(C)[C@H]3CC=C4[C@@H]5[C@@H](C)[C@H](C)CC[C@]5(C(=O)O)CC[C@@]4(C)[C@]3(C)CC[C@H]2C(C)(C)[C@H]1OC(=O)CCC,4.104025267640935
Cc1ccccc1COc1ccc(C(=O)C2C(=O)C(=O)N(CCCn3ccnc3)C2c2ccco2)cc1,4.096910013008056
CC(=O)O[C@@H]1C[C@]2(C)[C@H]3CC=C4[C@@H]5CC(C)(C)CC[C@]5(C(=O)OCc5ccccc5)CC[C@@]4(C)[C@]3(C)CC[C@H]2C(C)(C)[C@H]1O,4.096910013008056
CCn1cc(/C=N/NC(=O)c2cc3c(ccc4ccccc43)o2)c2ccccc21,4.096910013008056
O=S(=O)(NC(=Nc1ccc(Cl)c(S(=O)(=O)Nc2ccccc2Cl)c1)c1ccc(F)cc1)c1ccccc1,4.096910013008056
O=C(CNc1cccc2ccccc12)N/N=C/c1ccc([N+](=O)[O-])cc1,4.096910013008056
CCCCCCCCC(=O)OCc1cn(CC(=O)O[C@H]2CC[C@]3(C)[C@H]4CC=C5[C@@H]6CC(C)(C)CC[C@]6(C(=O)OCc6ccccc6)CC[C@@]5(C)[C@]4(C)CC[C@H]3C2(C)C)nn1,4.096367483915762
CCC(=O)O[C@H]1CC(C)(C)[C@@H]2CC[C@]3(C)[C@H](CC=C4[C@@H]5CC(C)(C)CC[C@]5(C(=O)O)CC[C@]43C)[C@@]2(C)C1,4.095825631715837
COc1cc(OC)c([C@@H](OC)[C@H](C)O)cc1OC,4.09366495819491
CC1(C)CC[C@]2(C(=O)OCc3ccccc3)CC[C@]3(C)C(=CC[C@@H]4[C@@]5(C)C[C@@H](OC(=O)CCC(=O)O)CC(C)(C)[C@@H]5CC[C@]43C)[C@@H]2C1,4.092051478387727
OC[C@H]1O[C@@]2(CC(c3ccc4c(c3)OCO4)=NO2)[C@H](O)[C@@H](O)[C@@H]1O,4.089909454405932
O=C(N[C@@H](CO)C(=O)Nc1nc(-c2ccccc2)cs1)c1ccccc1,4.087246696328677
CC(C)C(NC(=O)[C@@H]1CCCCN1C(=O)[C@@H](NC(=O)OC(C)(C)C)C(C)(C)C)P(=O)(Oc1ccccc1)Oc1ccccc1,4.087034379295896
CC1(C)C2CC[C@]3(C)[C@H](CC=C4[C@@H]5C[C@@](C)(C(=O)O)CC[C@]5(C)CC[C@]43C)[C@@]2(C)CC[C@@H]1O,4.086186147616283
CC1(C)[C@@H](O)CC[C@]2(C)[C@H]3CC=C4[C@@H]5C[C@@](C)(C(=O)O)CC[C@]5(C)CC[C@@]4(C)[C@]3(C)CC[C@@H]12,4.086186147616283
COc1cccc2c1C(=O)CCC2O,4.086186147616283
CCCOC(=O)[C@]12CC[C@@H](C)[C@H](C)[C@H]1C1=CC[C@@H]3[C@@]4(C)C[C@@H](O)[C@H](O)C(C)(C)[C@@H]4CC[C@@]3(C)[C@]1(C)CC2,4.0835460514500745
C[C@H]1[C@H](C)CC[C@]2(C(=O)OCc3ccccc3)CC[C@]3(C)C(=CC[C@@H]4[C@@]5(C)CC(N=O)C(=O)C(C)(C)[C@@H]5CC[C@]43C)[C@H]12,4.081445469449727
Nc1n[nH]c2cccc(-c3ccc(C(=O)N4CCN(C(=O)c5ccc(F)c(F)c5)CC4)cc3)c12,4.078209514341813
C=CCOc1c(OC)c(-c2ccc(O)cc2)cc(OC)c1-c1ccc(O)cc1,4.076755981369724
COC(=O)C1=C(C)NC(SC)N(C)C1c1ccccc1,4.074687908500351
COC(=O)[C@]1(Cc2ccc(O)cc2)OC(=O)C(O)=C1c1ccc(O)cc1,4.069917366607629
CC(C)c1cc2cc3ccc(=O)oc3cc2o1,4.066512712151295
CN1CCC(O)(c2nc(-c3ccc(F)cc3)c(-c3ccncc3)o2)CC1,4.061685462386115
C[C@]1(c2nc3cccc(C(N)=O)c3[nH]2)CCCN1,4.050609993355088
CC1=C(C(=O)O)C(c2ccccc2)NC(=S)N1,4.048176964684088
COc1ccc(CNP(=O)(O)OP(=O)(O)OP(=O)(O)OC[C@H]2OC(n3cnc4c(N)ncnc43)[C@H](O)[C@@H]2O)cc1,4.045757490560675
[C]C([C])=[C][C][C]/C([C])=[C]/[C][C]/C([C])=[C]/[C]c1c([O])c2ccccc2oc1=O,4.045757490560675
C[C@H]1[C@H](C)CC[C@]2(C(=O)OC3CC3)CC[C@]3(C)C(=CC[C@@H]4[C@@]5(C)C[C@@H](O)[C@H](O)C(C)(C)[C@@H]5CC[C@]43C)[C@H]12,4.040005161671584
CCCCOC(=O)[C@]12CC[C@@H](C)[C@H](C)[C@H]1C1=CC[C@@H]3[C@@]4(C)C[C@@H](O)[C@H](O)C(C)(C)[C@@H]4CC[C@@]3(C)[C@]1(C)CC2,4.035740369803151
Cc1cccc(-c2nn3c(c2-c2ccncc2)C(CO)C(C)(C)C3)n1,4.031517051446065
COc1cc(C2=C(c3c[nH]c4ccccc34)C(=O)NC2=O)cc(OC)c1OC,4.031517051446065
CC[C@H]1O[C@@H](NC(=S)NN=Cc2ccc(Br)cc2)[C@H](O)[C@@H](O)[C@@H]1O,4.030584087646019
O=C(NNC(=O)c1ccccc1O)c1ccccc1O,4.027144821072396
Cc1c(C(=O)NNC(=O)c2ccccc2O)oc2ccccc12,4.026816708090088
CC(=O)NNC(=S)NC(=O)c1ccc(C)cc1,4.026816708090088
O=C(N/N=C/c1ccoc1)c1cc(O)cc(O)c1,4.0268074690597
O=C(N/N=C/c1cccnc1)c1cc(O)c(O)c(O)c1,4.02676127685575
COc1ccc(C(=O)NNC(=S)NC(=O)c2cccs2)cc1,4.02674742015256
O=C1NC(=O)N(CCc2ccccc2)C(=O)C1=CNNC(=O)c1ccccc1O,4.02674742015256
O=C1NC(=O)N(Cc2ccco2)C(=O)C1=CNNC(=O)c1ccccc1O,4.026742801349744
Cc1cccc(C(=O)NCC(=O)NNC(=O)c2ccccc2O)c1,4.026728945236015
O=C(NNC(=S)NC(=O)c1cccs1)c1ccc(O)cc1,4.02671047110536
O=C(CCl)NNC(=O)c1c(O)c2ccccc2[nH]c1=O,4.026655053428071
Cc1nc2ccccc2n1CC(=O)c1ccc(O)c(O)c1,4.026655053428071
O=C(NNC(=O)c1ccccc1F)c1cccc(-n2cccc2)c1,4.026655053428071
CC1CCCC(C)N1N=Cc1ccc(O)c(O)c1,4.026622729715015
O=C(NC(=S)NNC(=O)c1ccccc1O)c1cccnc1,4.026608877431568
O=C(NNC(=O)c1c(O)c2ccccc2[nH]c1=O)c1ccccc1,4.026530389503343
O=C(CSc1nnc(-c2ccccc2)n1Cc1ccccc1)NNC(=O)c1ccccc1O,4.026525773008098
COc1ccc(C(=O)CC=NNC(=O)c2ccc(Cl)cc2)cc1,4.026525773008098
O=C(CCc1ccc(S(=O)(=O)N2CCOCC2)cc1)NN=Cc1ccc(O)c(O)c1O,4.02650730751783
O=C(N/[NH+]=C/[c-]1cc([N+](=O)[O-])cc([N+](=O)[O-])c1=O)/C(=C\c1cccs1)NC(=O)c1ccccc1,4.026502691267937
O=C(NNC(=O)c1ccc2ccccc2c1O)Nc1ccc(F)cc1,4.026493458915349
COc1ccc(/C=C2\SC(=O)N(CC(=O)NNC(=O)c3ccccc3O)C2=O)cc1,4.026493458915349
CCC(=O)Nc1ccc2nc3c(=O)[nH]c(=S)[nH]c3nc2c1,4.026493458915349
CC(=O)NC(CC(=O)NNC(=O)c1cc2ccccc2cc1O)c1ccccc1,4.026493458915349
O=C(NNC(=S)NC1CCCCC1)c1ccccc1O,4.026493458915349
CC1=CC(/C=N/n2c(COc3ccccc3C)nc3ccccc3c2=O)C(=O)C([N+](=O)[O-])=C1,4.026488842812652
Cc1cc2oc3ccc(NCCCn4ccnc4)cc3c(=O)c2cc1C,4.026488842812652
CCC(NNC(=O)c1ccccc1O)=C1C(=O)NC(=O)N(Cc2ccccc2)C1=O,4.026488842812652
Cc1cc(C(=O)N/[NH+]=C/[c-]2cc(Cl)cc([N+](=O)[O-])c2=O)c2ccccc2n1,4.02648422675902
O=C(NNC(=O)c1ccccc1O)c1ccc(-c2ccc([N+](=O)[O-])cc2)o1,4.026479610754451
COc1ccc(C)cc1NC(=O)NNC(=O)c1cc2ccccc2cc1O,4.026479610754451
COc1ccc(CC(=O)N/[NH+]=C/[c-]2cc([N+](=O)[O-])cc(Br)c2=O)cc1,4.026479610754451
COc1ccc(NC(=O)NNC(=O)c2cc3ccccc3cc2O)cc1,4.026474994798943
COC(=O)Nc1ccc(S(=O)(=O)NNC(=O)c2c(O)c3ccccc3n(C)c2=O)cc1,4.026474994798943
Cc1nc2ccccc2c(=O)n1N=Cc1cc(Br)cc(Br)c1O,4.026470378892497
Cc1cc2cc(CNC(=O)c3ccc(C)c([N+](=O)[O-])c3)ccc2[nH]1,4.026470378892497
CCOc1ccc(NC(=O)NNC(=O)c2ccc3ccccc3c2O)cc1,4.02646576303511
O=C(NNC(=S)NC(=O)c1cccnc1)c1ccc(F)cc1,4.026461147226781
O=C(CCCN1C(=O)/C(=C/c2cccs2)SC1=S)NNC(=O)c1ccccc1O,4.026461147226781
O=C(CSc1nc2ccccc2s1)N/[NH+]=C/[c-]1cc([N+](=O)[O-])ccc1=O,4.026461147226781
C=CCN1C(=O)/C(=N\NC(=O)CNC(=O)/C=C/c2ccco2)c2ccccc21,4.026461147226781
CNC(=S)NNC(=O)c1oc2nc(-c3ccccc3)cc(-c3ccco3)c2c1N,4.026456531467511
CN1C(=O)C(C=NNC(=O)c2cc3ccccc3cc2O)c2ccccc21,4.026456531467511
Cc1ccc(S(=O)(=O)N2CCC(C(=O)NNC(=O)c3ccccc3O)CC2)cc1C,4.026451915757296
CCN(CC(=O)Nc1c(F)cccc1F)C(=O)/C=C/c1ccc2ccccc2n1,4.026451915757296
O=C(CSc1nnc(-c2ccccc2O)n1Cc1ccccc1)NNC(=O)c1ccccc1O,4.026438068920982
CCOc1ccc(C(=O)CCC(=O)NNC(=O)c2ccccc2O)cc1,4.026438068920982
CCc1ccccc1NC(=O)NNC(=O)c1ccc2ccccc2c1O,4.026433453406985
[C]C([N][N]C(=O)c1ccc(-c2ccccc2)cc1)=C1C(=O)c2ccccc2C1=O,4.026428837942038
COc1ccc(/C=C2\SC(=O)N(CC(=O)NNC(=O)c3ccccc3O)C2=O)cc1OC,4.026428837942038
Cc1ccccc1C(=O)NNC(=S)NC(=O)c1cccnc1,4.026424222526141
Cc1ccc(/C=C2\SC(=S)N(CCC(=O)NNC(=O)c3ccccc3O)C2=O)cc1,4.026419607159294
Cc1cc(=O)oc2cc(OCC(=O)N/[NH+]=C/[c-]3cc([N+](=O)[O-])ccc3=O)ccc12,4.026419607159294
COc1ccc(NC(=O)NNC(=O)c2ccc3ccccc3c2O)cc1OC,4.026419607159294
O=C(NN=Cc1cc(Br)cc(Cl)c1O)c1ccc2c(c1)OCO2,4.026419607159294
Cc1cc([N+](=O)[O-])c(=O)[c-](/C=[NH+]/n2c(CO[N-][C+](C)c3ccccc3)nc3ccccc3c2=O)c1,4.026419607159294
Cc1ccc(NC(=O)NNC(=O)c2cc3ccccc3cc2O)cc1,4.026419607159294
Nc1ccc([N+](=O)[O-])cc1C(=O)NNC(=O)c1ccco1,4.026414991841495
CCn1c(SCC(=O)c2ccc(O)c(O)c2)nnc1-c1ccccc1OC,4.026414991841495
O=C(NNC(=O)c1cc2ccccc2cc1O)Nc1ccc(F)cc1F,4.026414991841495
O=C(NNC(=O)C1CCN(S(=O)(=O)c2ccccc2C(F)(F)F)CC1)c1ccccc1O,4.026414991841495
Cc1cccc(-n2c(O)c(C=NNC(=O)c3ccccc3Cl)c3ccccc3c2=O)n1,4.026405761353037
CC(=NNC(=O)c1nnn(-c2nonc2N)c1CN(C)c1ccccc1)c1ccccc1O,4.026405761353037
Cc1nnc(SC(=Cc2ccc(OCc3ccc(C(=O)O)cc3)cc2)C(=O)O)[nH]1,4.026405761353037
O=C(N/[NH+]=C/[c-]1cc([N+](=O)[O-])ccc1=O)/C(=C\c1cccs1)NC(=O)c1ccccc1,4.026405761353037
Cc1ccc(/C=C2\SC(=S)N(CCCC(=O)NNC(=O)c3ccccc3O)C2=O)cc1,4.026401146182377
CC(C)(C)c1ccc(C(=O)NCC(=O)NNC(=O)c2ccccc2O)cc1,4.026396531060761
COc1cc([N+](=O)[O-])c[c-](/C=[NH+]/NC(=O)c2cc(C)nc3ccccc23)c1=O,4.026396531060761
O=C(N/[NH+]=C/[c-]1cc([N+](=O)[O-])ccc1=O)c1cccc(N2CCCC2=O)c1,4.026396531060761
COc1ccc(C(=O)NNC(=S)NC(=O)c2cccnc2)cc1,4.026391915988187
Cc1ccc(O)c(-c2cc(C(=O)Nc3ccc(S(=O)(=O)Nc4nccc(C)n4)cc3)[nH]n2)c1,4.026391915988187
Cc1cc(C)c(C)c(S(=O)(=O)N2CCC(C(=O)NNC(=O)c3ccccc3O)CC2)c1C,4.026391915988187
COc1ccccc1N(C)S(=O)(=O)c1ccc(C(=O)NNC(=O)c2ccccc2O)cc1,4.026391915988187
Oc1ccc(CN=Nc2ncnc3c2ncn3Cc2ccccc2)cc1O,4.026391915988187
COc1ccccc1C(=O)NNC(=O)c1ccc(NC(=O)CC(C)C)cc1,4.026387300964656
Cn1c(=O)c(C(=O)NNC(=O)c2ccccc2F)c(O)c2ccccc21,4.026382685990165
Cc1ccccc1C(=O)Nc1cccc(C(=O)N/[NH+]=C/[c-]2cc(Cl)cc([N+](=O)[O-])c2=O)c1,4.026382685990165
Cc1nnc(SC(=Cc2ccc(-c3ccc(C(=O)O)c(Cl)c3)o2)C(=O)O)[nH]1,4.026382685990165
COc1ccc2nc(C)cc(SCC(=O)NN=Cc3ccc(O)c(O)c3)c2c1,4.026382685990165
Cc1ccc(C(=O)Nc2nc(C(C)(C)C)cs2)s1,4.026382685990165
Cc1ccc(S(=O)(=O)N2CCC(C(=O)NNC(=O)c3ccccc3O)CC2)cc1,4.026382685990165
COc1ccccc1NC(=O)NNC(=O)c1cc2ccccc2cc1O,4.026382685990165
Cc1ccc(O)c(C=NNC(=O)COc2ccc3c(C)cc(=O)oc3c2)c1,4.026382685990165
Cc1cc(Br)cc(C=NNC(=O)c2ccc3c(c2)OCO3)c1O,4.026382685990165
O=C(NNC(=O)c1cc(Cl)ccc1O)c1cccc(S(=O)(=O)N2CCOCC2)c1,4.026382685990165
O=C(Cc1ccccc1)NNC(=S)NC(=O)c1cccnc1,4.026382685990165
O=C(Cc1ccccc1)NN=Cc1cc(Br)cc(Br)c1O,4.026382685990165
COc1cc(=O)[c-](/C=[NH+]/NC(=O)c2ccncc2)c(OC)c1[N+](=O)[O-],4.026382685990165
NS(=O)(=O)c1ccc(NC(=O)c2cccc(N3C(=O)c4ccccc4C3=O)c2)cc1,4.026382685990165
Cc1cc(C)c2c(N)c(C(=O)NN)sc2n1,4.026382685990165
O=c1ccc([N+](=O)[O-])c[c-]1C=[NH+]NC(=S)Nc1ccc(Cl)cc1Cl,4.026382685990165
O=C(CNC(=O)c1ccccc1F)NNC(=O)c1ccccc1O,4.026341153426423
O=C1C([N+](=O)[O-])=CC=CC1/C=N/n1cnc2scc(-c3ccc(Cl)cc3)c2c1=O,4.026341153426423
O=C(CNC(=O)c1cccc(Br)c1)NN=Cc1cc(Br)cc(Br)c1O,4.026341153426423
Cc1c(NC(=S)N[NH+]=C[c-]2cc([N+](=O)[O-])ccc2=O)c(=O)n(-c2ccccc2)n1C,4.026341153426423
CC(=O)c1ccc(NC(=O)CN2C(=O)C(=CC(C)=Cc3ccccc3)SC2=S)cc1,4.026341153426423
CCC1=NN(C(=O)c2cccc([N+](=O)[O-])c2)C(O)(c2ccc(C)cc2)C1,4.026341153426423
COC(=O)Nc1ccc(S(=O)(=O)NNC(=O)c2c(O)c3ccccc3[nH]c2=O)cc1,4.026341153426423
O=C(NC(C(=O)N[NH+]=C[c-]1cc([N+](=O)[O-])ccc1=O)c1n[nH]c(=O)c2ccccc12)c1ccccc1,4.026341153426423
COc1ccc(NS(=O)(=O)c2cc(NC(=O)/C=C/c3cc(OC)c(OC)c(OC)c3)ccc2N2CCCCC2)cc1,4.026341153426423
O=C(NC(=S)NNC(=O)c1cccs1)c1ccccc1,4.026341153426423
O=[N+]([O-])c1cc(Br)c(O)c(CN=Nc2nnnn2-c2cccc3ccccc23)c1,4.026341153426423
O=C(CCN1C(=O)/C(=C\c2ccccc2)SC1=S)NNC(=O)c1ccccc1O,4.026341153426423
O=C(CCN1CCN(c2ccccc2)CC1)NN=Cc1ccc(O)c(O)c1O,4.026341153426423
O=C(CCNC(=O)c1ccc(Br)cc1)NNC(=O)c1ccccc1O,4.026341153426423
O=C(O)c1ccccc1/C=N/NC(=O)c1cc(-c2ccco2)nc2ccccc12,4.026341153426423
Cc1[nH]n(-c2ccccc2)c(=O)c1N=Nc1ccccc1O,4.026341153426423
Cc1cc(C(=O)N[NH+]=C[c-]2cc(Cl)cc([N+](=O)[O-])c2=O)[nH]n1,4.026341153426423
COc1cc(Br)cc2cc(C(=O)N3CCN(C(=O)c4ccco4)CC3)c(=O)oc12,4.026341153426423
CCc1ccc(NC(=O)NNC(=O)c2ccc3ccccc3c2O)cc1,4.026341153426423
O=C(N/[NH+]=C/[c-]1cc(Cl)cc([N+](=O)[O-])c1=O)c1ccc2c(c1)OCO2,4.026341153426423
O=C(CN1C(=O)S/C(=C\c2ccccc2)C1=O)NNC(=O)c1ccccc1O,4.026341153426423
Cc1ccc(-n2c(O)c(C=NNC(=O)C3COc4ccccc4O3)c3ccccc3c2=O)cc1,4.026341153426423
CC(=NNC(=O)c1c(C)nc2ccccn12)c1ccc(O)cc1O,4.026341153426423
O=C1C=CC([N+](=O)[O-])=CC1/C=N/n1c(COc2ccccc2)nc2ccccc2c1=O,4.026295010791243
Cc1cc(C(=O)N/[NH+]=C/[c-]2cc(Br)cc([N+](=O)[O-])c2=O)c2ccccc2n1,4.026295010791243
O=C(NN=Cc1sc(=O)[nH]c1-[n+]1ccc2ccccc2c1)c1ccccc1[O-],4.026295010791243
CC(=NNC(=O)c1cc(O)c(O)c(O)c1)c1ccc([N+](=O)[O-])cc1,4.026295010791243
O=C(N/[NH+]=C/[c-]1cc(Cl)cc([N+](=O)[O-])c1=O)c1cccc(S(=O)(=O)N2CCOCC2)c1,4.026295010791243
O=C(NNC(=O)c1ccc2ccccc2c1O)c1cccs1,4.026295010791243
Cc1cc(C)c(-c2cc(NC(=O)COC(=O)c3ccc(NC(=O)CC#N)cc3)n(-c3ccccc3)n2)cc1C,4.026295010791243
O=C1COc2ccc(C(=O)COC(=O)C=Cc3ccc(Br)o3)cc2N1,4.026295010791243
O=C(NNC(=O)C1CCN(S(=O)(=O)c2ccccc2)CC1)c1ccccc1O,4.026295010791243
O=C(N/[NH+]=C/[c-]1cccc([N+](=O)[O-])c1=O)c1cccs1,4.026253486610831
NC(=O)CCC1NC(=S)N(Cc2ccccc2)C1=O,4.026253486610831
CCOc1ccc(Nc2ccc(N)c(S(=O)(=O)O)c2)cc1,4.026253486610831
O=C1NC(=S)NC1=Cc1ccco1,4.026253486610831
CCOC(=O)c1c(C)[nH]c(C(=O)N/[NH+]=C/[c-]2cc([N+](=O)[O-])ccc2=O)c1C,4.026253486610831
Cc1cc([N+](=O)[O-])c[c-](/C=[NH+]/NC(=O)C2COc3ccccc3O2)c1=O,4.026165837488118
CC1=NN(C(=O)c2ccccc2)C(O)(c2ccc(Br)cc2)C1,4.026165837488118
Cc1nnc(SC(=Cc2ccc(-c3ccc(C(=O)O)cc3)o2)C(=O)O)[nH]1,4.02612432565592
CCCCCCn1c(=O)c(C(=O)Nc2ncccc2O)c(O)c2ccccc21,4.026078206051142
O=C1/C(=C/c2cn(-c3ccccc3)nc2-c2ccc(OCc3ccccc3)cc2)SC(=S)N1CCS(=O)(=O)O,4.026078206051142
COc1ccc(/C=N\NC(=O)c2cc(O)c(O)c(O)c2)cc1CN1CCN(c2ccc(F)cc2)CC1,4.026078206051142
O=C1NC(=O)N(Cc2ccco2)C(=O)C1=CNNC(=O)c1ccccc1,4.02603670259391
O=c1oc2ccccc2c2oc3cc(O)c(O)cc3c12,4.02603670259391
Cc1ccccc1NC(=O)NNC(=O)c1ccc2ccccc2c1O,4.02603670259391
O=C(CP(=O)(c1ccccc1)c1ccccc1)NN=Cc1cc(Br)cc(Br)c1O,4.02603670259391
Cn1c(SCC(=O)NNC(=O)c2ccccc2O)nnc1-c1ccccc1,4.02599059229277
O=c1cc(-c2ccc(O)c(O)c2)oc2ccc3ccccc3c12,4.025902996205869
NNC(=O)c1nc[nH]c1C(=O)Nc1ccccn1,4.02586150948843
COC(=O)c1cc(O)c(O)c(O)c1,4.025644920995208
C=C(C)[C@@H]1CC[C@]2(C(=O)OCC#CCOC(=O)CCC(=O)O)CC[C@]3(C)[C@H](CC[C@@H]4[C@@]5(C)CC[C@H](OC(C)=O)[C@@](C)(COC(C)=O)[C@@H]5CC[C@]43C)[C@@H]12,4.024568191490737
OC[C@H]1O[C@@H](c2cc(O)cc(Cl)c2O)[C@H](O)[C@@H](O)[C@@H]1O,4.022276394711152
CCCCCCCCN(CCCCCCCC)C(=O)[C@H](C)NC(=O)[C@@H](NC(=O)[C@H](Cc1ccc(OP(=O)(O)O)cc1)NC(C)=O)C(C)C,4.018181392829336
CNc1ncnc2c1ncn2CCc1cc(NC(=O)c2cccc(C(F)(F)F)c2)ccc1C,4.017728766960432
CCOc1cc(/C=C2\SC(=O)N(Cc3cccc([N+](=O)[O-])c3)C2=O)ccc1OCc1ccc(Cl)cc1,4.017050711425501
C=C(C)[C@@H]1CC[C@]2(C(=O)OCCN(CCCCCCNC(C)=O)C(C)=O)CC[C@]3(C)[C@H](CC[C@@H]4[C@@]5(C)CC[C@H](OC(C)=O)[C@@](C)(COC(C)=O)[C@@H]5CC[C@]43C)[C@@H]12,4.015022873584507
O=C(CN1CCN(c2ccccc2)CC1)Nc1nccs1,4.013676222949234
C[C@H]1[C@H](C)CC[C@]2(C(=O)O[C@@H]3O[C@H](CO)[C@@H](O)[C@H](O)[C@H]3O)CC[C@]3(C)C(=CC[C@@H]4[C@@]5(C)CC[C@H](O)C(C)(C)C5CC[C@]43C)[C@H]12,4.013228265733755
CCCCN(CCCC)c1nc(-c2cccn2CCCc2ccccc2)nc(N2CCCCCC2)n1,4.013228265733755
C=C(C)[C@@H]1CC[C@]2(COC(=O)CCC(=O)O)CC[C@]3(C)[C@H](CC[C@@H]4[C@@]5(C)CC[C@H](OC(=O)CCC(=O)O)[C@@](C)(COC(=O)CCC(=O)O)[C@@H]5CC[C@]43C)[C@@H]12,4.009661145212399
COC(=O)c1ccc(N=CC2C(=O)Nc3ccccc32)cc1,4.008773924307505
N=C(N)NCCC[C@H](N)C(=O)N[C@@H](Cc1c[nH]c2ccccc12)C(=O)N[C@@H](Cc1c[nH]c2ccccc12)C(=O)O,4.008773924307505
COc1ccc2c(=O)c3c(OC(C)=O)cc(OCc4cn(CC(=O)Nc5ccc(OC)c(OC)c5)nn4)cc3oc2c1,4.005990966876387
Cc1[nH]c2ncnc(Nc3cccc(F)c3)c2c1C,4.00436480540245
O=C(OCCOc1ccc2ccc(=O)oc2c1)c1ccc(Cl)cc1Cl,4.00436480540245
CCOc1cc(/C=C2\SC(=O)N(Cc3cccc([N+](=O)[O-])c3)C2=O)ccc1OCc1cccc([N+](=O)[O-])c1,4.003926345514724
NC(=O)c1ccc(OCC2CCCCC2)cc1,4.0
CN(C)CCC(=O)c1ccc(OCc2ccccc2)cc1,4.0
C[C@H]1NC[C@@H](O)[C@@H](O)[C@H]1CO,4.0
N#CC(Cc1ccc(O)c(O)c1)C(N)=S,4.0
CCOC(=O)c1nc2c(-c3ccc(O)cc3)c(O)c(O)c(-c3ccc(O)cc3)c2s1,4.0
CCOC(=O)c1nc2c(-c3ccc(O)c(O)c3)c(O)c(O)c(-c3ccc(O)cc3)c2s1,4.0
COc1ccc(-c2c(-c3cccc(C)n3)nn3c2C(C)C(C)(C)C3)cc1,4.0
COc1ccc(-c2cnc3ccc(NC(=O)NC(C)(C)C)nc3c2)cc1OC,4.0
COc1ccc(-c2ccc(-c3cc(OC)cc(OC)c3)cc2)cc1,4.0
C=C(C)Cn1c(O)c(CN(C)C)sc1=NN=c1scc(O)n1C,4.0
C=C(C)Cn1c(O)c(C)sc1=NN=c1scc(O)n1C,4.0
Nc1ncnc2c1ncn2C1OC(COC(=O)c2ccc([S+](=O)([O-])Oc3ccc(/C=C/[N+](=O)[O-])cc3)cc2)C(O)C1O,4.0
COc1cc(/C=C/[N+](=O)[O-])ccc1OS(=O)(=O)c1ccc(C(=O)OC[C@H]2O[C@@H](n3cnc4c(N)ncnc43)[C@H](O)[C@@H]2O)cc1,4.0
COC(=O)c1ccccc1SCC(CN(C)C)C(=O)c1ccc(OCc2ccccc2)cc1,4.0
C=CCn1c(O)c(CC(=O)O)sc1=NN=c1scc(O)n1C,4.0
COC(=O)c1nc2c(-c3ccc(O)cc3)c(O)c(O)c(-c3ccc(O)cc3)c2s1,4.0
COC(=O)c1nc2c(s1)c(-c1ccc(O)cc1)c(O)c1oc3cc(O)c(O)cc3c12,4.0
C=CCn1c(O)c(C)sc1=NN=c1scc(O)n1C,4.0
C=C(C)CN1C(=O)C(=C)SC1=NN=c1scc(O)n1C,4.0
C=C(C)Cn1c(O)c(OS(=O)O)sc1=NN=c1scc(O)n1C,4.0
C=C(C)Cn1c(O)c(O)sc1=NN=c1scc(O)n1C,4.0
C=C(C)Cn1c(O)c(CO)sc1=NN=c1scc(O)n1C,4.0
C=C(C)Cn1c(O)csc1=NN=c1scc(O)n1C,4.0
CCc1cccc(-c2nn3c(c2-c2ccnc(Cl)c2)C(C)C(C)(C)C3)n1,4.0
CCc1cccc(-c2nn3c(c2-c2ccc(OC)cc2)C(C)C(C)(C)C3)n1,4.0
CN(C)CCCC(=O)c1ccc(OCc2ccccc2)cc1,4.0
C[C@H](CCC(=O)O)[C@H]1CC[C@H]2[C@@H]3[C@H](O)C[C@@H]4C[C@H](O)CC[C@]4(C)[C@H]3C[C@H](O)[C@]12C,4.0
C[C@@H]1C[C@H]1C(=O)N1CCN(c2cnc(C#N)c(-c3cnn(C)c3)n2)C[C@H]1C,4.0
Cn1nnc2c(C(N)=O)ncn2c1=O,4.0
Cc1ccc(Nc2cc3c(cc2Nc2ccc(C)cc2)C(=O)NC3=O)cc1,4.0
CN(C)CCC(=O)c1ccc(OCc2ccccc2)c(O)c1,4.0
CSCC[C@@H](NC(=O)c1ccccc1)C(=O)Nc1nc(-c2ccccc2)cs1,4.0
CCN(CC)CCCOc1ccc(NC(=O)c2ccc(C)c(Nc3nccc(-c4cccnc4)n3)c2)cc1,4.0
CCNC(=O)Nc1nc2ccc(C(=O)N3CCN(C)CC3)cc2[nH]1,4.0
CCNC(=O)Nc1nc2ccc(C(=O)Nc3ccncc3)cc2[nH]1,4.0
CCNC(=O)Nc1ccc2ncc(-c3ccc(OC)c(OC)c3)cc2n1,4.0
CCOC(=O)C1CCN(CCC(=O)c2ccc(OCc3ccccc3)cc2)CC1,4.0
[C]C([C])=[C][C@@H]1[C][C@H]([C])c2c([O])cc([C])c3c2C1=C([C])C(=O)C3=O,4.0
CN(C)CC(CNNC(N)=O)C(=O)c1ccc(OCc2ccccc2)cc1,4.0
CCOC(=O)c1nc2c(s1)c(-c1ccc(O)cc1)c(O)c1oc3cc(O)c(O)cc3c12,4.0
CCc1cccc(-c2nn3c(c2-c2ccc(O)cc2)[C@H](C)C(C)(C)C3)n1,4.0
Cc1ccc(C)c(N2C(=O)/C(=C/c3ccc(F)cc3)S/C2=N\NC(=O)c2cc3ccccc3oc2=O)c1,4.0
CCc1cccc(-c2nn3c(c2-c2ccc(O)cc2)C(C)C(C)(C)C3)n1,4.0
C[C@@H](NC(=O)c1ccc(S(=O)(=O)Oc2ccc(/C=C/[N+](=O)[O-])cc2)cc1)C(=O)N[C@H](C)C(=O)OC(C)(C)C,4.0
OCCCCCCCCCCn1cc(CN[C@H]2[C@H](O)[C@@H](O)[C@H](O)[C@@H](O)[C@@H]2O)nn1,4.0
O=C(CCc1nc2ccccc2c(=O)[nH]1)Nc1ccc(C(=O)Nc2cccc3cccnc23)cc1,4.0
C[C@@H]1CN(c2ccc(F)cc2C(F)(F)F)CCN1S(=O)(=O)c1ccc([C@@](O)(C(N)=O)C(F)(F)F)s1,4.0
C=C(CN1CCOCC1)C(=O)c1ccc(OCc2ccccc2)cc1,4.0
Cc1ccc(CNc2nc(N)nc3[nH]c4cc(C)c(O)cc4c23)cc1,4.0
FC(F)C(F)(F)Oc1cccc(Nc2nccc(-c3ccncc3)n2)c1,4.0
O=[N+]([O-])/C=C/c1ccc(O)cc1,4.0
O=[N+]([O-])/C=C/c1ccc(O)c(O)c1,4.0
Oc1ccc(-c2c(O)c(O)c(-c3ccc(O)c(O)c3)c3ncsc23)cc1,4.0
CCOCc1nc2c(c(C)nn2-c2ccccc2)c(=O)n1CC#N,4.0
Cc1ccc(C(=O)Nc2ccc(OCCCCN3CCOCC3)cc2)cc1Nc1nccc(-c2cccnc2)n1,4.0
CCOCc1nc2c(c(C)nn2-c2ccccc2)c(=O)n1C,4.0
Nc1n[nH]c2cccc(-c3ccc(C(=O)NCCNC(=O)c4cccc(F)c4)cc3)c12,4.0
O=C(CCCCCCC(=O)Nc1ccccc1)NO,4.0
Cc1cccc(-c2nn3c(c2-c2ccnc(Cl)c2)CC(C)(C)C3)n1,4.0
Cc1cccc(-c2nn3c(c2-c2ccnc(Cl)c2)C(C)C(C)(C)C3)n1,4.0
Cc1cccc(-c2nn3c(c2-c2ccc(O)cc2)[C@H](C)C(C)(C)C3)n1,4.0
Cc1cccc(-c2nn3c(c2-c2ccc(O)cc2)[C@@H](C)C(C)(C)C3)n1,4.0
CNC(=O)c1cc(F)cc2sc(Nc3ccc(C(C)NC)cc3)nc12,4.0
COc1cc(/C=C/[N+](=O)[O-])ccc1O[S+](=O)([O-])c1ccc(C(=O)OCC2OC(n3cnc4c(N)ncnc43)C(O)C2O)cc1,4.0
O=C(CCN1CCCCC1)c1ccc(OCc2ccccc2)cc1,4.0
O=C(CCN1CCOCC1)c1ccc(OCc2ccccc2)cc1,4.0
COc1ccc(C(=O)NCCNC(=O)c2ccc(-c3cccc4[nH]nc(N)c34)cc2)cc1,4.0
COc1ccc(C(=O)N2CCN(C(=O)c3ccc(-c4cccc5[nH]nc(N)c45)cc3)CC2)cc1,4.0
CCCCCCCCCCCn1cc(CN[C@H]2[C@H](O)[C@@H](O)[C@H](O)[C@@H](O)[C@@H]2O)nn1,4.0
CCCCC[C@H]1NC[C@@H](O)[C@@H](O)[C@H]1CO,4.0
CCCCCCCCCCn1cc(CN[C@H]2[C@H](O)[C@@H](O)[C@H](O)[C@@H](O)[C@@H]2O)nn1,4.0
CCCCCCCCCN1C[C@H](O)[C@@H](O)[C@H](O)[C@H]1CO,4.0
O=c1[nH][nH]c(=O)c2cc(OCc3cccc(Br)c3)ccc12,4.0
CCc1cccc(-c2nn3c(c2-c2ccc(O)cc2)[C@@H](C)C(C)(C)C3)n1,4.0
Cc1ccc(C(=O)Nc2ccc(OCCCN3CCCCC3)cc2)cc1Nc1nccc(-c2cccnc2)n1,4.0
Cc1ccc(C(=O)Nc2ccc(OCCCN3CCCC3)cc2)cc1Nc1nccc(-c2cccnc2)n1,4.0
Nc1ccccc1NC(=O)c1ccc(CNCOC(=O)c2cccnc2)cc1,4.0
Cc1ccc(SCC(CN(C)C)C(=O)c2ccc(OCc3ccccc3)cc2)cc1C,4.0
O=C(CCc1cn(Cc2ccc(Cl)cc2)c2ccccc12)Nc1ccc([N+](=O)[O-])cc1,4.0
O=C(CCc1cn(Cc2ccc(Cl)cc2)c2ccccc12)Nc1ccncc1,4.0
C=C1CC[C@@](C)(c2cc(Br)c(C)cc2O)[C@H]1C,4.0
CCOC(=O)c1ccc(-c2c(-c3cccc(C)n3)nn3c2C(C)C(C)(C)C3)cc1,4.0
CC(=O)NC(Cc1ccc(OS(=O)(=O)c2ccc(C(=O)OC[C@H]3O[C@@H](n4cnc5c(N)ncnc54)[C@H](O)[C@@H]3O)cc2)cc1)C(N)=O,4.0
Cc1cccc2c(=O)[nH]c(CCC(=O)Nc3ccc(C(=O)Nc4cccc5cccnc45)cc3)nc12,4.0
COc1ccc(Nc2cc3c(cc2Nc2ccccc2)C(=O)NC3=O)cc1,4.0
COc1ccc2oc3cc(OCc4cn(CC(=O)Nc5ccc(OC)c(OC)c5)nn4)cc(OC(C)=O)c3c(=O)c2c1,4.0
COc1ccc(Nc2cc(-c3ccc(C(=O)NCCNC(=O)c4ccc(C(C)(C)C)cc4)cc3)ncn2)cc1,4.0
COc1ccc2oc3cc(OCc4cn(CC(=O)Nc5ccc(OC)c(OC)c5)nn4)cc(O)c3c(=O)c2c1,4.0
CCCCCCCCCCN[C@H]1[C@H](O)[C@@H](O)[C@H](O)[C@@H](O)[C@@H]1O,4.0
COc1cc(OCc2cccc3ccccc23)ccc1C(N)=O,4.0
O=c1[nH]c2sccc2c2cc(OCc3ccccc3)ccc12,4.0
COc1cc(OC)cc(C(=O)N2CCN(C(=O)c3ccc(-c4cccc5[nH]nc(N)c45)cc3)CC2)c1,4.0
COc1cc(OCC2CCCCC2)ccc1C(N)=O,4.0
C=CCN1C(=O)C(=C)SC1=NN=c1scc(O)n1C,4.0
Oc1ccc(-c2c(O)c(O)c(-c3ccc(O)cc3)c3scnc23)cc1,4.0
CC[C@H](C)[C@H](NC(=O)[C@H](CCC(=O)O)NC(=O)[C@H](CCC(=O)O)NC(=O)C(Cc1ccc(OP(=O)(O)O)cc1)c1ccccc1)C(=O)N[C@@H](CCC(=O)O)C(=O)O,4.0
OCc1nc2c(-c3ccc(O)cc3)c(O)c(O)c(-c3ccc(O)cc3)c2s1,4.0
O[C@@H]1[C@@H](O)[C@H](O)[C@@H](NCc2cn(CCC(c3ccccc3)c3ccccc3)nn2)[C@H](O)[C@H]1O,4.0
CCOc1ccc(S(=O)(=O)NC(C)(CO)CO)cc1-c1nnc2c(n1)c(C)nn2C,4.0
O[C@@H]1[C@@H](O)[C@H](O)[C@@H](NCc2cn(Cc3cc(OCc4ccccc4)cc(OCc4ccccc4)c3)nn2)[C@H](O)[C@H]1O,4.0
C=C(CN1CCNCC1)C(=O)c1ccc(OCc2ccccc2)cc1,4.0
O[C@@H]1[C@@H](O)[C@H](O)[C@@H](NCc2cn(CCCCC3CCCCC3)nn2)[C@H](O)[C@H]1O,4.0
CC(=O)NC(Cc1ccc(NP(=O)(O)OP(=O)(O)OP(=O)(O)OP(=O)(O)OC[C@H]2O[C@@H](n3cnc4c(N)ncnc43)[C@H](O)[C@@H]2O)cc1)C(N)=O,4.0
C=C(CN(C)C)C(=O)c1ccc(OCc2ccccc2)cc1,4.0
CC1(C)Cc2c(-c3ccc(O)cc3)c(-c3ccccn3)nn2C1,4.0
O=C(N/N=C1\S/C(=C\c2ccc(F)cc2)C(=O)N1c1cccc(Cl)c1)c1cc2ccccc2oc1=O,4.0
COc1cc(OCc2cccc(Br)c2)ccc1C(N)=O,4.0
COc1cc(/C=C/[N+](=O)[O-])ccc1O,4.0
CC(C)(C)NC(=O)c1ccc(S(=O)(=O)Oc2ccc(/C=C/[N+](=O)[O-])cc2)cc1,4.0
C=C(CN1CCCCC1)C(=O)c1ccc(OCc2ccccc2)cc1,4.0
C=C(CN(C)C)C(=O)c1ccccc1,4.0
Cc1cccc(N2C(=O)/C(=C/c3ccc(F)cc3)S/C2=N\NC(=O)c2cc3ccccc3oc2=O)c1C,4.0
COCc1nc2c(c(C)nn2-c2ccccc2)c(=O)n1C,4.0
Cn1cc(-c2cnc3ccc(NC(=O)Nc4ccccc4)nc3c2)cn1,4.0
CC(=O)Oc1ccc2c(OC(C)=O)c(C/C=C(\C)CC/C=C(\C)CCC3OC3(C)C)c(=O)oc2c1,4.0
O=C(Nc1ccc([N+](=O)[O-])cc1Cl)c1cc(Cl)ccc1O,4.0
COc1cc(O)c2c(=O)c(-c3cccc(Cl)c3)coc2c1,4.0
CC(C)n1nc(C#Cc2cccc(C(F)(F)F)c2)c2c(N)ncnc21,4.0
COCc1nc2c(c(C)nn2-c2ccccc2)c(=O)n1CC#N,4.0
COc1cc(-c2cnc3ccc(NC(=O)NC(C)(C)C)nc3c2)ccc1O,4.0
CCOc1ccc(S(=O)(=O)NC(C)(C)CO)cc1-c1nnc2c(n1)c(C)nn2C,4.0
O=c1[nH]c2sccc2c2cc(OCc3cccc(Br)c3)ccc12,4.0
CCCCCCCCC[C@H]1NC[C@@H](O)[C@@H](O)[C@H]1CO,4.0
COc1cc(/C=C/c2cc(C(C)(C)C)c(O)c(C(C)(C)C)c2)cc(OC)c1,4.0
CCCCCCCCn1cc(CN[C@H]2[C@H](O)[C@@H](O)[C@H](O)[C@@H](O)[C@@H]2O)nn1,4.0
COc1ccc2nc(NC(=O)c3cc(C)n(-c4sc(C)cc4C#N)c3C)[nH]c2c1,4.0
Cn1cc(-c2cnc3ccc(NC(=O)NCCc4ccccc4)nc3c2)cn1,4.0
C/C(=C\c1ccc(O)c(O)c1)[N+](=O)[O-],4.0
COc1cc(OC)cc(-c2ccc3cc(OC)ccc3c2)c1,4.0
Nc1ncnc2c1ncn2[C@@H]1O[C@H](COC(=O)c2ccc(S(=O)(=O)Oc3ccc(/C=C/[N+](=O)[O-])cc3)cc2)[C@@H](O)[C@H]1O,4.0
Nc1ncnc2c1ncn2[C@@H]1O[C@H](COC(=O)c2ccc(S(N)(=O)=O)cc2)[C@@H](O)[C@H]1O,4.0
Clc1cccc(Nc2ncnc3[nH]c(-c4ccccc4)c(-c4ccccc4)c23)c1,4.0
CCOC(=O)COC(=O)[C@]12CC[C@@H](C)[C@H](C)[C@H]1C1=CC[C@@H]3[C@@]4(C)C[C@@H](O)[C@H](O)C(C)(C)[C@@H]4CC[C@@]3(C)[C@]1(C)CC2,3.991399828238082
O=C(O)[C@H](CCCCNc1ccc([N+](=O)[O-])cc1[N+](=O)[O-])Nc1ccc([N+](=O)[O-])cc1[N+](=O)[O-],3.987584625237567
C=C(C)[C@@H]1CC[C@]2(C(=O)NCC(=O)OC)CC[C@]3(C)[C@H](CC[C@@H]4[C@@]5(C)CC[C@H](OC(C)=O)[C@@](C)(COC(C)=O)[C@@H]5CC[C@]43C)[C@@H]12,3.987162775294828
CC1(C)CC[C@]2(C(=O)O)CC[C@]3(C)C(=CC[C@@H]4[C@@]5(C)C[C@@H](O)[C@H](O)[C@@](C)(CO)[C@@H]5CC[C@]43C)[C@@H]2C1,3.986320302708808
O=C(CNC(=O)c1ccccc1)Nc1nc(-c2ccccc2)cs1,3.9788107009300617
C[C@H]1[C@H](C)CC[C@]2(C(=O)O[C@@H]3O[C@H](CO)[C@@H](O)[C@H](O)[C@H]3O)CC[C@]3(C)C(=CC[C@@H]4[C@@]5(C)C[C@@H](O)[C@H](O)C(C)(C)C5CC[C@]43C)[C@H]12,3.9746941347352296
CCCC(=O)O[C@H]1CC(C)(C)[C@@H]2CC[C@]3(C)[C@H](CC=C4[C@@H]5CC(C)(C)CC[C@]5(C(=O)OCc5ccccc5)CC[C@]43C)[C@@]2(C)C1,3.966978555317089
C[C@H]1[C@H](C)CC[C@]2(C(=O)OCc3ccccc3)CC[C@]3(C)C(=CC[C@@H]4[C@@]5(C)C[C@H](O)[C@H](O)C(C)(C)[C@@H]5CC[C@]43C)[C@H]12,3.966978555317089
CCCC(Sc1nc2cc(Cl)ccc2s1)C(=O)NS(=O)(=O)c1ccc(NC(C)=O)cc1,3.9665762445130506
COc1cc(-c2ccccc2)c(OC)c(O)c1-c1ccc(O)cc1,3.9657727392294495
O=C(N/N=C/c1ccc(Cl)cc1Cl)c1ccc(Nc2ccnc3cc(Cl)ccc23)cc1,3.96433016534832
CCCCN(CCCC)c1nc(-c2cccn2CCc2ccccc2)nc(N2CCCCCC2)n1,3.962573502059376
O=c1c2cnn(-c3ccccc3)c2nc(N/N=C/c2ccc(F)cc2)n1-c1ccccc1,3.958607314841775
CCOC(=O)Cn1cc2c(n1)C(C)(C)[C@@H]1CC[C@]3(C)[C@H](CC=C4[C@@H]5CC(C)(C)CC[C@]5(C(=O)OCc5ccccc5)CC[C@]43C)[C@@]1(C)C2,3.9546770212133424
C/C(C[C@H](c1ccccc1)c1c(O)c2ccccc2oc1=O)=N\Nc1ccc([N+](=O)[O-])cc1[N+](=O)[O-],3.9423338960901706
CC1(C)CC[C@]2(C(=O)O)CC[C@]3(C)C(=CC[C@@H]4[C@@]5(C)CC[C@H](OC(=O)COCCOCCNC(=O)c6ccc(C(=O)c7ccc(NC(=O)CN=[N+]=[N-])cc7)cc6)C(C)(C)[C@@H]5CC[C@]43C)[C@@H]2C1,3.9396799713117145
C=C(C)[C@@H](C)CC[C@@H](C)C1CC[C@@]2(C)[C@@H]3CC[C@H]4[C@H](C)c5[nH]c6ccccc6c5C[C@@]45C[C@@]35CC[C@]12C,3.938547520912807
C[C@H]1[C@H](C)CC[C@]2(C(=O)O)CC[C@]3(C)C(=CC[C@@H]4[C@@]5(C)C[C@H](O)[C@H](O)C(C)(C)C5CC[C@]43C)[C@H]12,3.935542010773082
O=C(Cn1cccc(NCc2ccccc2)c1=O)N[C@H](CO)c1ccccc1,3.9193735130781935
CC1(C)CC[C@]2(C(=O)OCCCCN3CCOCC3)CC[C@]3(C)C(=CC[C@@H]4[C@@]5(C)C[C@@H](O)[C@H](O)C(C)(C)[C@@H]5CC[C@]43C)[C@@H]2C1,3.91721462968355
CCC(=O)O[C@H]1CC(C)(C)[C@@H]2CC[C@]3(C)[C@H](CC=C4[C@@H]5CC(C)(C)CC[C@]5(C(=O)OCc5ccccc5)CC[C@]43C)[C@@]2(C)C1,3.9161391991334273
O=S(=O)(c1ccc(F)cc1)N1CCN(c2nc(Cl)ncc2Br)CC1,3.913640169325252
O=C(CCC(=O)Nc1ccc(Br)cc1)N/N=C/c1ccc(F)cc1,3.913640169325252
O=C(N[C@@H]1O[C@H](CO)[C@@H](O)[C@H](O)[C@H]1O)C1=COc2ccccc2O1,3.903089986991944
CC1(C)CC[C@]2(C(=O)OCc3ccccc3)CC[C@]3(C)C(=CC[C@@H]4[C@@]5(C)Cc6cn(Cc7ccccc7)nc6C(C)(C)[C@@H]5CC[C@]43C)[C@@H]2C1,3.8996294548824375
c1nc(N2CCC3(CCCCN3)CC2)c2[nH]cnc2n1,3.8996294548824375
CCC(C)C(NC(=O)C(C)n1cccc(NC(=O)OC(C)(C)C)c1=O)P(=O)(Oc1ccccc1)Oc1ccccc1,3.891096872332687
C=C(C)[C@@H]1CC[C@]2(C(=O)NCC(=O)N[C@@H](Cc3ccccc3)C(=O)O)CC[C@]3(C)[C@H](CC[C@@H]4[C@@]5(C)CC[C@H](O)[C@@](C)(CO)[C@@H]5CC[C@]43C)[C@@H]12,3.889410289700751
CNC(=O)CC[C@H](NC(=O)c1ccccc1)C(=O)Nc1nc(-c2ccccc2)cs1,3.886056647693163
CC(=O)O[C@H]1CC[C@]2(C)[C@H]3CC=C4[C@@H]5[C@@H](C)[C@H](C)CC[C@]5(C(=O)O)CC[C@@]4(C)[C@]3(C)CC[C@H]2C1(C)C,3.882728704344236
OC[C@H]1O[C@@H](c2cc(O)c(Br)cc2O)[C@H](O)[C@@H](O)[C@@H]1O,3.86518562967954
C=C(C)[C@@H]1CC[C@]2(COC(C)=O)CC[C@]3(C)[C@H](CC[C@@H]4[C@@]5(C)CC[C@H](OC(C)=O)[C@@](C)(COC(C)=O)[C@@H]5CC[C@]43C)[C@@H]12,3.8446639625349386
COc1ccc(/C=N/NC(=O)c2ccc(Nc3ccnc4cc(Cl)ccc34)cc2)cc1,3.8430875742999833
CCCCCCCCCC(=O)OCc1cn(CC(=O)O[C@H]2CC[C@]3(C)[C@H]4CC=C5[C@@H]6CC(C)(C)CC[C@]6(C(=O)OCc6ccccc6)CC[C@@]5(C)[C@]4(C)CC[C@H]3C2(C)C)nn1,3.841939206063395
CC1(C)CC[C@]2(C(=O)O)CC[C@]3(C)C(=CC[C@@H]4[C@@]5(C)C[C@@H](O)[C@@H](O)C(C)(C)[C@@H]5CC[C@]43C)[C@@H]2C1,3.841637507904751
CC1(C)CC[C@]2(C(=O)O)CC[C@]3(C)C(=CC[C@@H]4[C@@]5(C)C[C@@H](O)[C@@H](O)C(C)(C)C5CC[C@]43C)[C@@H]2C1,3.841637507904751
Cc1ccc(C(=O)Nc2cc(C(C)(C)C)nn2C)cc1/C=C/n1cnc2c(NC3CC3)ncnc21,3.835647144215563
O=C(Nc1ccc(NS(=O)(=O)c2ccc(-c3ccccc3)cc2)cc1)Nc1ccc([N+](=O)[O-])cc1,3.823908740944319
O=C(Nc1ccc(NS(=O)(=O)c2cccc(C(=O)O)c2)cc1)Nc1ccccc1[N+](=O)[O-],3.823908740944319
Cc1cccc(S(=O)(=O)Nc2ccc(NC(=O)Nc3ccccc3[N+](=O)[O-])cc2)c1,3.823908740944319
O=C(Nc1ccc(NS(=O)(=O)c2ccc(Cl)cc2)cc1)Nc1cccc([N+](=O)[O-])c1,3.823908740944319
O=C(Nc1ccc(NS(=O)(=O)c2ccc(Cl)cc2)cc1)Nc1ccc([N+](=O)[O-])cc1,3.823908740944319
O=C(Nc1ccc(NS(=O)(=O)c2ccc(C(F)(F)F)cc2)cc1)Nc1ccccc1[N+](=O)[O-],3.823908740944319
O=C(Nc1ccc(NS(=O)(=O)c2ccc(C(F)(F)F)cc2)cc1)Nc1cccc([N+](=O)[O-])c1,3.823908740944319
O=C(Nc1ccc(NS(=O)(=O)c2ccc(C(F)(F)F)cc2)cc1)Nc1ccc([N+](=O)[O-])cc1,3.823908740944319
Cc1ccccc1S(=O)(=O)Nc1ccc(NC(=O)Nc2cccc([N+](=O)[O-])c2)cc1,3.823908740944319
Cc1ccccc1S(=O)(=O)Nc1ccc(NC(=O)Nc2ccccc2[N+](=O)[O-])cc1,3.823908740944319
O=C(Nc1ccc(NS(=O)(=O)c2ccc(C(=O)O)cc2)cc1)Nc1cccc([N+](=O)[O-])c1,3.823908740944319
O=C(Nc1ccc(NS(=O)(=O)c2ccc(C(=O)O)cc2)cc1)Nc1ccccc1[N+](=O)[O-],3.823908740944319
O=C(Nc1ccc(NS(=O)(=O)c2ccc(-c3ccccc3)cc2)cc1)Nc1ccccc1[N+](=O)[O-],3.823908740944319
O=C(Nc1ccc(NS(=O)(=O)c2ccc(C(=O)O)cc2)cc1)Nc1ccc([N+](=O)[O-])cc1,3.823908740944319
O=C(Nc1ccc(NS(=O)(=O)c2ccc(-c3ccccc3)cc2)cc1)Nc1cccc([N+](=O)[O-])c1,3.823908740944319
Nc1ncnc2c1ncn2[C@@H]1O[C@H](COC(=O)c2ccc(S(=O)(=O)F)cc2)[C@@H](O)[C@H]1O,3.823908740944319
Cc1cccc(S(=O)(=O)Nc2ccc(NC(=O)Nc3cccc([N+](=O)[O-])c3)cc2)c1,3.823908740944319
O=C(Nc1ccc(NS(=O)(=O)c2cccc(C(F)(F)F)c2)cc1)Nc1ccccc1[N+](=O)[O-],3.823908740944319
O=C(Nc1ccc(NS(=O)(=O)c2cccc(C(F)(F)F)c2)cc1)Nc1cccc([N+](=O)[O-])c1,3.823908740944319
O=C(Nc1ccc(NS(=O)(=O)c2ccc(Oc3ccccc3)cc2)cc1)Nc1ccccc1[N+](=O)[O-],3.823908740944319
O=C(Nc1ccc(NS(=O)(=O)c2ccc(Oc3ccccc3)cc2)cc1)Nc1ccc([N+](=O)[O-])cc1,3.823908740944319
O=C(Nc1ccc(NS(=O)(=O)c2ccc(F)cc2)cc1)Nc1ccccc1[N+](=O)[O-],3.823908740944319
O=C(Nc1ccc(NS(=O)(=O)c2ccc(F)cc2)cc1)Nc1cccc([N+](=O)[O-])c1,3.823908740944319
O=C(Nc1ccc(NS(=O)(=O)c2cccc(C(=O)O)c2)cc1)Nc1cccc([N+](=O)[O-])c1,3.823908740944319
N#Cc1cccc(S(=O)(=O)Nc2ccc(NC(=O)Nc3ccc([N+](=O)[O-])cc3)cc2)c1,3.823908740944319
Nc1ccc(S(=O)(=O)Nc2ccc(NC(=O)Nc3ccccc3[N+](=O)[O-])cc2)cc1,3.823908740944319
CC(=O)Nc1ccc(S(=O)(=O)Nc2ccc(NC(=O)Nc3ccccc3[N+](=O)[O-])cc2)cc1,3.823908740944319
N#Cc1c(SCC(=O)c2ccccc2)nc2c(c1-c1ccsc1)CCCC2,3.823908740944319
N#Cc1ccc(S(=O)(=O)Nc2ccc(NC(=O)Nc3ccccc3[N+](=O)[O-])cc2)cc1,3.823908740944319
O=C(Nc1ccc(NS(=O)(=O)c2ccccc2F)cc1)Nc1ccccc1[N+](=O)[O-],3.823908740944319
O=C(Nc1ccc(NS(=O)(=O)c2ccccc2F)cc1)Nc1cccc([N+](=O)[O-])c1,3.823908740944319
O=C(Nc1ccc(NS(=O)(=O)c2cccc(C(=O)O)c2)cc1)Nc1ccc([N+](=O)[O-])cc1,3.823908740944319
O=C(Nc1ccc(NS(=O)(=O)c2ccc(Cl)cc2)cc1)Nc1ccccc1[N+](=O)[O-],3.823908740944319
O=C(Nc1ccc(NS(=O)(=O)c2ccccc2Cl)cc1)Nc1ccccc1[N+](=O)[O-],3.823908740944319
O=C(Nc1ccc(NS(=O)(=O)c2ccccc2C(F)(F)F)cc1)Nc1ccccc1[N+](=O)[O-],3.823908740944319
O=C(Nc1ccc(NS(=O)(=O)c2ccccc2C(F)(F)F)cc1)Nc1cccc([N+](=O)[O-])c1,3.823908740944319
O=C(Nc1ccc(NS(=O)(=O)c2cccc(F)c2)cc1)Nc1cccc([N+](=O)[O-])c1,3.823908740944319
O=C(Nc1ccc(NS(=O)(=O)c2cccc(Cl)c2)cc1)Nc1ccccc1[N+](=O)[O-],3.823908740944319
N#Cc1ccccc1S(=O)(=O)Nc1ccc(NC(=O)Nc2ccccc2[N+](=O)[O-])cc1,3.823908740944319
N#Cc1ccc(S(=O)(=O)Nc2ccc(NC(=O)Nc3cccc([N+](=O)[O-])c3)cc2)cc1,3.823908740944319
COc1ccc(S(=O)(=O)Nc2ccc(NC(=O)Nc3ccccc3[N+](=O)[O-])cc2)cc1,3.823908740944319
COc1cccc(S(=O)(=O)Nc2ccc(NC(=O)Nc3ccccc3[N+](=O)[O-])cc2)c1,3.823908740944319
COc1ccc(S(=O)(=O)Nc2ccc(NC(=O)Nc3cccc([N+](=O)[O-])c3)cc2)cc1,3.823908740944319
N#Cc1ccccc1S(=O)(=O)Nc1ccc(NC(=O)Nc2cccc([N+](=O)[O-])c2)cc1,3.823908740944319
N#Cc1ccccc1S(=O)(=O)Nc1ccc(NC(=O)Nc2ccc([N+](=O)[O-])cc2)cc1,3.823908740944319
N#Cc1cccc(S(=O)(=O)Nc2ccc(NC(=O)Nc3ccccc3[N+](=O)[O-])cc2)c1,3.823908740944319
N#Cc1cccc(S(=O)(=O)Nc2ccc(NC(=O)Nc3cccc([N+](=O)[O-])c3)cc2)c1,3.823908740944319
COc1cccc(S(=O)(=O)Nc2ccc(NC(=O)Nc3cccc([N+](=O)[O-])c3)cc2)c1,3.823908740944319
N#Cc1ccc(S(=O)(=O)Nc2ccc(NC(=O)Nc3ccc([N+](=O)[O-])cc3)cc2)cc1,3.823908740944319
NCc1ccccc1S(=O)(=O)Nc1ccc(NC(=O)Nc2cccc([N+](=O)[O-])c2)cc1,3.823908740944319
NCc1cccc(S(=O)(=O)Nc2ccc(NC(=O)Nc3ccccc3[N+](=O)[O-])cc2)c1,3.823908740944319
CCc1ccc(S(=O)(=O)Nc2ccc(NC(=O)Nc3ccc([N+](=O)[O-])cc3)cc2)cc1,3.823908740944319
CCc1ccc(S(=O)(=O)Nc2ccc(NC(=O)Nc3ccccc3[N+](=O)[O-])cc2)cc1,3.823908740944319
O=c1c2cnn(-c3ccccc3)c2n2c(Nc3ccccc3)nnc2n1-c1ccccc1,3.823908740944319
NCc1ccccc1S(=O)(=O)Nc1ccc(NC(=O)Nc2ccccc2[N+](=O)[O-])cc1,3.823908740944319
NCc1ccc(S(=O)(=O)Nc2ccc(NC(=O)Nc3ccccc3[N+](=O)[O-])cc2)cc1,3.823908740944319
CC1(C)CC[C@]2(C(=O)OCCO)CC[C@]3(C)C(=CC[C@@H]4[C@@]5(C)C[C@@H](O)[C@H](O)C(C)(C)[C@@H]5CC[C@]43C)[C@@H]2C1,3.820000358220839
Cc1ccc(NC(=O)c2cccc(C(F)(F)F)c2)cc1/C=C/n1cnc2c(NCCCN(C)C)ncnc21,3.804100347590766
C[C@H]1[C@H](C)CC[C@]2(C(=O)O)CC[C@]3(C)C(=CC[C@@H]4[C@@]5(C)C[C@H](O)[C@H](O)C(C)(C)[C@@H]5CC[C@]43C)[C@H]12,3.787812395596042
CC(C)C(NC(=O)[C@@H]1C[C@@H](C2CCCCC2)CN1C(=O)[C@@H](NC(=O)OC(C)(C)C)C(C)(C)C)P(=O)(Oc1ccccc1)Oc1ccccc1,3.787279845582158
COc1cccc2c1C(O)CCC2O,3.7746907182741367
OC[C@H]1O[C@@H](c2cc(O)c(Cl)cc2O)[C@H](O)[C@@H](O)[C@@H]1O,3.769806621130954
Nc1ncnc2c1ncn2[C@@H]1O[C@H](COC(=O)c2ccc(S(=O)(=O)Oc3ccccc3)cc2)[C@@H](O)[C@H]1O,3.769551078621726
O=C(CCC(=O)Nc1ccc(Br)cc1)N/N=C/c1cccc(Br)c1,3.769551078621726
OC[C@H]1N[C@H](CO)[C@@H](O)[C@H]1O,3.767003889607846
O=C(O)c1cc2ccc(=O)oc2cc1O,3.76421912967244
CSCC[C@H](NC(=O)c1ccncc1)C(=O)Nc1nc(-c2ccccc2)cs1,3.761953896871205
CC1(C)CC[C@]2(C(=O)OCc3ccccc3)CC[C@]3(C)C(=CC[C@@H]4[C@@]5(C)CC(NO)C(=O)C(C)(C)[C@@H]5CC[C@]43C)[C@@H]2C1,3.747146969020106
CC1(C)CC[C@]2(C(=O)OCc3ccccc3)CC[C@]3(C)C(=CCC4[C@@]5(C)CC(NO)C(=O)C(C)(C)C5CC[C@]43C)[C@@H]2C1,3.746904414150968
CC1(C)CC[C@]2(C(=O)OCc3ccccc3)CC[C@]3(C)C(=CC[C@@H]4[C@@]5(C)Cc6cn(Cc7ccc(Cl)cc7Cl)nc6C(C)(C)[C@@H]5CC[C@]43C)[C@@H]2C1,3.746177561291927
CC[C@H]1O[C@@H](NC(=S)NN=Cc2cccc(O)c2)[C@H](O)[C@@H](O)[C@@H]1O,3.7447274948966935
COc1cccc2c1C(=O)OC(C)C2,3.7447274948966935
Cn1cc2c(n1)C(C)(C)[C@@H]1CC[C@]3(C)[C@H](CC=C4[C@@H]5CC(C)(C)CC[C@]5(C(=O)OCc5ccccc5)CC[C@]43C)[C@@]1(C)C2,3.72584215073632
C[C@H]1[C@H](C)CC[C@]2(C(=O)OCC(=O)O)CC[C@]3(C)C(=CC[C@@H]4[C@@]5(C)CC[C@H](O)C(C)(C)[C@@H]5CC[C@]43C)[C@H]12,3.72584215073632
CC[C@H]1O[C@@H](NC(=S)NN=Cc2ccc(C)cc2)[C@H](O)[C@@H](O)[C@@H]1O,3.7157949322982056
C=C(C)[C@@H]1CC[C@]2(C(=O)OCC#CCO)CC[C@]3(C)[C@H](CC[C@@H]4[C@@]5(C)CC[C@H](O)[C@@](C)(CO)[C@@H]5CC[C@]43C)[C@@H]12,3.7121982700697735
C=C(C)[C@@H]1CC[C@]2(C(=O)NCCCCCCNC(=O)CCC(=O)O)CC[C@]3(C)[C@H](CC[C@@H]4[C@@]5(C)CC[C@H](OC(C)=O)[C@@](C)(COC(C)=O)[C@@H]5CC[C@]43C)[C@@H]12,3.7121982700697735
C=C(C)[C@@H]1CC[C@]2(C(=O)O)CC[C@]3(C)[C@H](CC[C@@H]4[C@@]5(C)[C@H](C(=O)O)[C@H](O)C(C)(C)[C@@H]5CC[C@]43C)[C@@H]12,3.711974464611637
COC(=O)C1=CC2=CC(=O)[C@@](C)(O)[C@@H](OC(=O)c3c(C)cc(O)cc3O)[C@@H]2CO1,3.6989700043360174
C/C=C/C1=CC2=CC(=O)[C@@](C)(OC(=O)c3c(C)cc(O)cc3O)C(=O)C2=CO1,3.6989700043360174
C/C=C/C1=CC2=CC(=O)[C@@](C)(OC(=O)c3c(C)cc(O)cc3O)[C@@H](O)[C@@H]2CO1,3.6989700043360174
C/C=C/C1=CC2=CC(=O)[C@@](C)(O)[C@@H](OC(=O)c3c(C)cc(O)cc3O)[C@@H]2CO1,3.6989700043360174
CSCC[C@H](NC(=O)c1cccc(C)c1)C(=O)Nc1nc(-c2ccccc2)cs1,3.6989700043360174
CSCC[C@H](NC(=O)C1CCCCC1)C(=O)Nc1nc(-c2ccccc2)cs1,3.6989700043360174
COC(OC)C1=CC2=CC(=O)[C@@](C)(O)[C@@H](OC(=O)c3c(C)cc(O)cc3O)[C@@H]2CO1,3.6989700043360174
O=C(O)CN(/N=C/c1cccc2ccccc12)C(=O)CCC(=O)Nc1ccccc1Cl,3.6989700043360174
COC(=O)CCC1=CC2=CC(=O)[C@@](C)(O)[C@@H](OC(=O)c3c(C)cc(O)cc3O)[C@@H]2CO1,3.6989700043360174
CC[C@H]1O[C@@H](NC(=S)NN=Cc2ccncc2)[C@H](O)[C@@H](O)[C@@H]1O,3.6989700043360174
Nc1c(C(=O)Nc2cccc(Cl)c2)sc2nc(-c3ccncc3)ccc12,3.6989700043360174
CC(C=NNC(=O)CCC(=O)Nc1ccc(Br)cc1)c1ccc2ccccc2c1,3.6989700043360174
CCCC[C@@H](O)/C=C(C)/C=C/C=C/C(=O)N1CCCC1=O,3.6989700043360174
Cc1cc(O)cc(O)c1C(=O)O[C@H]1[C@@H]2COC(/C=C/CO)=CC2=CC(=O)[C@@]1(C)O,3.6989700043360174
CC(C)[C@H](NC(=O)c1ccccc1)C(=O)Nc1nc(-c2ccccc2)cs1,3.6989700043360174
CC(/C=C/CCC(=O)N1CCCC1=O)=C\C1CCCCO1,3.6989700043360174
CCCCC(=O)C=C(C)C=CCCC(=O)N1CCCC1=O,3.6989700043360174
CCCC[C@@H](O)/C=C(C)/C=C/C=C\C(=O)N1CCCC1=O,3.6989700043360174
Cc1cc(O)cc(O)c1C(=O)O[C@H]1C2=COC(/C=C/CO)=CC2=CC(=O)[C@@]1(C)O,3.6989700043360174
Cc1cc(O)cc(O)c1C(=O)O[C@]1(C)C(=O)C=C2C=C(/C=C/CO)OC=C2C1=O,3.6989700043360174
Cc1cc(O)cc(O)c1C(=O)O[C@H]1[C@@H]2COC(/C=C/C(=O)O)=CC2=CC(=O)[C@@]1(C)O,3.6989700043360174
NCc1cccc(S(=O)(=O)Nc2ccc(NC(=O)Nc3cccc([N+](=O)[O-])c3)cc2)c1,3.6989700043360174
CSCC[C@H](NC(=O)c1ccccc1C)C(=O)Nc1nc(-c2ccccc2)cs1,3.6989700043360174
C[C@@]1(CO)[C@H](O)CC[C@@]2(C)[C@H]1CC[C@H]1C[C@@H]3C[C@@]12CC[C@]3(O)CO,3.6989700043360174
C[C@H]1[C@H](C)CC[C@]2(C(=O)O)CC[C@]3(C)C(=CC[C@@H]4[C@@]5(C)C[C@@H](O)[C@@H](O)C(C)(C)C5CC[C@]43C)[C@H]12,3.671620396561262
CC(=O)O[C@@]1(C)C[C@@H](O)[C@]2(O)C=CO[C@@H](O[C@@H]3O[C@H](CO)[C@@H](O)[C@H](O)[C@H]3O)[C@@H]21,3.669992299127241
CCCCCCCCCCCCCCCC(=O)OCc1cn(CC(=O)O[C@H]2CC[C@]3(C)[C@H]4CC=C5[C@@H]6CC(C)(C)CC[C@]6(C(=O)O)CC[C@@]5(C)[C@]4(C)CC[C@H]3C2(C)C)nn1,3.6550185860727424
CC1(C)CC[C@]2(C(=O)O)CC[C@]3(C)C(=CCC4[C@@]5(C)CCC(N=O)C(C)(C)C5CC[C@]43C)[C@@H]2C1,3.647817481888637
CC1(C)CC[C@]2(C(=O)O)CC[C@]3(C)C(=CC[C@@H]4[C@@]5(C)CCC(N=O)C(C)(C)[C@@H]5CC[C@]43C)[C@@H]2C1,3.647817481888637
O=C(Nc1ccc(NS(=O)(=O)c2ccc(Oc3ccccc3)cc2)cc1)Nc1cccc([N+](=O)[O-])c1,3.647817481888637
C[C@H]1CNC[C@@H](O)[C@@H](O)[C@@H]1O,3.645891560852599
Cc1ccc(C(=O)Nc2cc(C(F)(F)F)ccc2F)cc1/C=C/n1cnc2c(NC3CC3)ncnc21,3.6270879970298937
Cc1ccc(NC(=O)c2cccc(C(F)(F)F)c2)cc1/C=C/n1cnc2c(Nc3ccccn3)ncnc21,3.614393726401688
O=[N+]([O-])c1ccc([C-]2N=[O+]C3(OC(CO)C(O)C(O)C3O)S2)cc1,3.6020599913279625
CCOc1ccc(-c2ccc(-c3cc(CC(=O)[O-])ccc3OC)c(CN(CC)C(=O)C3CC3)c2)cn1,3.6020599913279625
OC[C@H]1O[C@]2(ON=C(c3ccc(-c4ccccc4)cc3)S2)[C@H](O)[C@@H](O)[C@@H]1O,3.6020599913279625
Cc1nccn1CCCCOc1ccc2ccc(=O)oc2c1,3.591760034688151
Cc1ccc(C(=O)Nc2ncc(C(C)(C)C)s2)cc1/C=C/n1cnc2c(NC3CC3)ncnc21,3.573488738635425
CC1Cc2c(C=O)ccc(O)c2C(=O)O1,3.560667306169737
OC[C@H]1O[C@@]2(CC(c3cc4ccccc4[nH]3)=NO2)[C@H](O)[C@@H](O)[C@@H]1O,3.552841968657781
C=C(C)[C@@H]1CC[C@]2(C(=O)OCCBr)CC[C@]3(C)[C@H](CC[C@@H]4[C@@]5(C)CC[C@H](O)[C@@](C)(CO)[C@@H]5CC[C@]43C)[C@@H]12,3.539102157243452
Cc1cc(O[C@H](C)C(=O)NC[C@H]2CC[C@H](C(=O)O)CC2)c2c3c(c(=O)oc2c1)CCC3,3.5352124803540628
CC1(C)CC[C@]2(C(=O)O[C@@H]3O[C@H](CO)[C@@H](O)[C@H](O)[C@H]3O)CC[C@]3(C)C(=CC[C@@H]4[C@@]5(C)CC[C@H](O)C(C)(C)C5CC[C@]43C)[C@@H]2C1,3.533132379645891
O=C(OCCCOc1ccc2ccc(=O)oc2c1)c1ccc(Cl)cc1Cl,3.5228787452803374
O=C(OCCCCOc1ccc2ccc(=O)oc2c1)c1ccc(Cl)cc1Cl,3.5228787452803374
O=C(/C=C/c1ccc2ccccc2c1)OCCOc1ccc2ccc(=O)oc2c1,3.5228787452803374
Cc1cc(C)cc(-n2cccc2-c2nc(N3CCCCCC3)nc(N3CCCCCC3)n2)c1,3.5228787452803374
O=C(N[C@@H]1O[C@H](CO)[C@@H](O)[C@H](O)[C@H]1O)[C@@H]1COc2ccccc2O1,3.5228787452803374
COc1ccc(/C=N/NC(=O)c2ccc(Nc3ccnc4cc(Cl)ccc34)cc2)cc1OC,3.5192602644064337
COc1ccccc1CNC(=O)Cn1cccc(NCc2ccccc2)c1=O,3.511449283499556
CC1Cc2cccc(O)c2C(=O)O1,3.500312917381597
O=C(N[C@@H]1O[C@H](CO)[C@@H](O)[C@H](O)[C@H]1O)[C@H]1COc2ccccc2O1,3.4948500216800937
O=S(=O)(Nc1ccc(-c2nc3ccccc3[nH]2)cc1)c1ccccc1,3.489186989487504
COc1cc2cc(Oc3cc(O[C@@H]4O[C@H](CO)[C@@H](O)[C@H](O)[C@H]4O[C@@H]4O[C@H](CO)[C@@H](O)[C@H](O)[C@H]4O)c4ccc(=O)oc4c3)c(=O)oc2cc1O,3.47755576649368
CC[C@H]1O[C@@H](NC(=S)NN=Cc2ccc(O)cc2)[C@H](O)[C@@H](O)[C@@H]1O,3.467882883751196
CCCNc1cccn(CC(=O)NCc2ccccc2)c1=O,3.464705879957229
NOC(=O)c1cn([C@@H]2O[C@H](CO)[C@@H](O)[C@H](O)[C@H]2O)nn1,3.4559319556497243
Cc1ccc(-c2nc([C@@H]3O[C@H](CO)[C@@H](O)[C@H](O)[C@H]3O)no2)cc1,3.4559319556497243
O=C1Cc2c([nH]c3ccc(Br)cc23)-c2ccccc2N1,3.4559319556497243
O=[N+]([O-])c1ccccc1S(=O)(=O)Nc1ccc(-c2nc3ccccc3[nH]2)cc1,3.4467239538629
CCCCN(CCCC)c1nc(-c2cccn2C2CCCCC2)nc(N2CCCCCC2)n1,3.443697499232713
O=C(Nc1ccc(NS(=O)(=O)c2ccc(F)cc2)cc1)Nc1ccc([N+](=O)[O-])cc1,3.431798275933005
CC[C@H]1O[C@@H](NC(=S)NN=Cc2ccccc2Cl)[C@H](O)[C@@H](O)[C@@H]1O,3.431798275933005
CC(=O)Nc1cccn(CC(=O)NCc2ccc(Cl)c(Cl)c2)c1=O,3.4294570601181027
O=C(Nc1ccc(NS(=O)(=O)c2ccc(Cl)c(Cl)c2)cc1)Nc1cccc([N+](=O)[O-])c1,3.4179366370882915
COc1ccc(CNc2ccnc3oc4ccccc4c23)cc1,3.4067139329795424
COC(=O)[C@]12CCC(C)(C)C[C@H]1C1=CC[C@@H]3[C@@]4(C)C[C@@H](O)[C@H](O)C(C)(C)[C@@H]4CC[C@@]3(C)[C@]1(C)CC2,3.405607449624573
O=C1N=C(Nc2ccc(-c3nc4ccccc4[nH]3)cc2)CN1,3.401209493236885
O=C1O/C(=C\c2ccc(O)cc2)C(O)=C1c1ccc(O)cc1,3.397940008672037
O=C([O-])c1cn([C@H]2O[C@H](CO)[C@@H](O)[C@H](O)[C@H]2O)nn1,3.397940008672037
CC[C@H]1O[C@@H](NC(=S)NN=Cc2ccc(OC)cc2)[C@H](O)[C@@H](O)[C@@H]1O,3.3909394500699133
C[C@]1(O)C[C@@H](O)[C@]2(O)C=CO[C@@H](O[C@H]3O[C@H](CO)[C@@H](O)[C@H](O)[C@H]3O)[C@@H]21,3.3799681048737025
Cc1ccc(NC(=O)CSc2nc(-c3ccccc3F)nc3c2Cc2c(CO)cnc(C)c2O3)cc1,3.3795516152882907
O=C(c1ccc(-c2nccs2)cc1)N1CCN(C(=O)c2cccc(F)c2)CC1,3.3524410002341547
COc1cc(O)c2c(=O)c(CO)c(C)oc2c1,3.342944147142896
O=C(O)C1CCC(Cn2c(=S)[nH]c3ccc(F)cc3c2=O)CC1,3.3383765907707703
O=C(NCCCCCCNC(=O)Nc1cccc([N+](=O)[O-])c1)Nc1cccc([N+](=O)[O-])c1,3.3363932918754795
CC1(C)CC[C@]2(C(=O)OCc3ccccc3)CC[C@]3(C)C(=CCC4[C@@]5(C)CC[C@H](O)C(C)(C)C5CC[C@]43C)[C@@H]2C1,3.336299074610352
CC1(C)CC[C@]2(C(=O)OCc3ccccc3)CC[C@]3(C)C(=CC[C@@H]4[C@@]5(C)CC[C@H](O)C(C)(C)[C@@H]5CC[C@]43C)[C@@H]2C1,3.336299074610352
CC[C@H]1O[C@@H](NC(=S)NN=Cc2ccccc2[N+](=O)[O-])[C@H](O)[C@@H](O)[C@@H]1O,3.314975214894286
Cc1noc(C)c1S(=O)(=O)N1CCN(c2nc(N3CCOCC3)ncc2Br)CC1,3.3010299956639813
O=C(c1ccc(-c2nccs2)cc1)N1CCN(C(=O)c2ccc(Cl)cc2Cl)CC1,3.3010299956639813
O=C(c1ccc(-c2ccccn2)cc1)N1CCN(C(=O)c2cccc(C(F)(F)F)c2)CC1,3.3010299956639813
CCCS(=O)(=O)N1CCN(c2nc(Cl)ncc2Br)CC1,3.3010299956639813
O=S(=O)(c1cc(Cl)sc1Cl)N1CCN(c2nc(N3CCOCC3)ncc2Br)CC1,3.3010299956639813
O=C(c1ccc(Cl)cc1[N+](=O)[O-])N1CCN(c2nc(N3CCOCC3)ncc2Br)CC1,3.3010299956639813
Cc1ccc(-c2ccc(C(=O)N3CCN(C(=O)c4cccc(F)c4)CC3)cc2)cn1,3.3010299956639813
Cc1ccc(-c2ccc(C(=O)N3CCN(C(=O)c4cccc(N(C)C)c4)CC3)cc2)cn1,3.3010299956639813
O=S(=O)(C1CC1)N1CCN(c2nc(Cl)ncc2Br)CC1,3.3010299956639813
Cc1ccnc(-c2ccc(C(=O)N3CCN(C(=O)c4ccc(C(C)(C)C)cc4)CC3)cc2)c1,3.3010299956639813
Cc1cccc(CN2C(=O)/C(=N\Nc3nncs3)c3ccccc32)c1,3.3010299956639813
COC(=O)c1cn([C@@H]2O[C@H](CO)[C@@H](O)[C@H](O)[C@H]2O)nn1,3.3010299956639813
S=C1N=C(Nc2ccc(-c3nc4ccccc4[nH]3)cc2)CNN1,3.2938798902972968
N=C1N=C(Nc2ccc(-c3nc4ccccc4[nH]3)cc2)CN1,3.287434472126692
CC[C@H]1O[C@@H](NC(=S)NN=Cc2ccc(C(F)(F)F)cc2)[C@H](O)[C@@H](O)[C@@H]1O,3.2804201422862764
COc1ccc(-c2nc([C@@H]3O[C@H](CO)[C@@H](O)[C@H](O)[C@H]3O)no2)cc1,3.259637310505756
CC1(C)CC[C@]2(C(=O)OCc3ccccc3)CC[C@]3(C)C(=CC[C@@H]4[C@@]5(C)C[C@@H](O[Si](C)(C)C(C)(C)C)[C@@H](O)C(C)(C)[C@@H]5CC[C@]43C)[C@@H]2C1,3.236572006437063
c1ccc(-n2cccc2-c2nc(N3CCCCCC3)nc(N3CCCCCC3)n2)cc1,3.221848749616356
O=C(Nc1ccc(NS(=O)(=O)c2ccc(Cl)c(Cl)c2)cc1)Nc1ccccc1[N+](=O)[O-],3.221848749616356
CCCCCCN(CCCCCC)c1nc(-c2cccn2Cc2ccccc2)nc(N(CCCC)CCCC)n1,3.221848749616356
OC[C@H]1O[C@@H](n2cc(Cc3ccccc3)nn2)[C@H](O)[C@@H](O)[C@@H]1O,3.221848749616356
C=C(C)[C@@H](C)CC[C@@H](C)[C@H]1CC[C@@]2(C)[C@@H]3CC[C@H]4[C@H](C)C(=O)CC[C@@]45C[C@@]35CC[C@]12C,3.2191068913129213
Cc1n[nH]c(C)c1/N=N/c1ccc(-c2nc3ccccc3[nH]2)cc1,3.2062794431864763
OC[C@H]1O[C@@H](n2cc(-c3cccc4ccccc34)nn2)[C@H](O)[C@@H](O)[C@@H]1O,3.204119982655925
OC[C@H]1O[C@@H](c2cc3ccccc3[nH]2)[C@H](O)[C@@H](O)[C@@H]1O,3.204119982655925
O=[N+]([O-])c1ccc(-c2noc([C@@H]3O[C@H](CO)[C@@H](O)[C@H](O)[C@H]3O)n2)cc1,3.1870866433571443
CC[C@H]1CC[C@@H](O)[C@@H](CO[C@@H]2O[C@H](CO)[C@@H](O)[C@H](O)[C@H]2O)N1,3.173925197299174
OCc1cn([C@H]2O[C@H](CO)[C@@H](O)[C@H](O)[C@H]2O)nn1,3.173925197299174
C[C@H]1C[C@H](C)CN(CCCNc2ccc(C(=O)Nc3ccc(C(F)(F)F)cc3)cc2[N+](=O)[O-])C1,3.1733422081241303
N#Cc1ccc(C2=NO[C@]3(O[C@H](CO)[C@@H](O)[C@H](O)[C@H]3O)S2)cc1,3.154901959985743
COc1cc(/C=N/NC(=O)c2ccc(Nc3ccnc4cc(Cl)ccc34)cc2)cc(OC)c1OC,3.125895237005137
NC(=O)[C@@]1(n2cc(-c3ccc4ccccc4c3)nn2)O[C@H](CO)[C@@H](O)[C@H](O)[C@H]1O,3.107905397309519
O=C(O)c1ccc2c3c1C(=O)N(c1ccccc1)C3=CCC2,3.096910013008056
OC[C@H]1O[C@@]2(CC(c3c[nH]c4ccccc34)=NO2)[C@H](O)[C@@H](O)[C@@H]1O,3.096910013008056
O=C(Cn1cccc(NCc2ccccc2)c1=O)NC1CCN(Cc2ccccc2)CC1,3.089909454405932
CC1(C)C2CC[C@]3(C)[C@H](C(=O)C=C4[C@@H]5C[C@@](C)(C(=O)O)CC[C@]5(C)CC[C@]43C)[C@@]2(C)CC[C@@H]1O[C@H]1O[C@H](C(=O)O)[C@@H](O)[C@H](O)[C@H]1O[C@@H]1O[C@H](C(=O)O)[C@@H](O)[C@H](O)[C@H]1O,3.085128182459949
C/C(=N/Nc1ccc([N+](=O)[O-])cc1[N+](=O)[O-])c1ccc(-n2nncc2C(C)(C)C)cc1,3.057942316158605
COc1ccc(OC)c(NS(=O)(=O)c2ccc(NS(=O)(=O)c3cccc([N+](=O)[O-])c3)cc2)c1,3.0323116495466875
OC[C@H]1O[C@@H](c2cc(O)ccc2O)[C@H](O)[C@@H](O)[C@@H]1O,3.0101054362812265
CC1(C)CC[C@]2(C(=O)OCc3ccccc3)CC[C@]3(C)C(=CCC4[C@@]5(C)Cc6nonc6C(C)(C)C5CC[C@]43C)[C@@H]2C1,2.999132278468773
O=CNc1cccc([N+](=O)[O-])c1,2.975227086920368
O=C(O)c1ccc2c3c1C(=O)N(Cc1ccccc1)C3=CCC2,2.958607314841774
O=C(O)c1ccc2c3c1C(=O)N(Cc1ccccc1)C3(O)CCC2,2.920818753952375
O=c1ccc2ccc(Oc3cc4ccc(O)c(-c5c(OC6O[C@H](CO)[C@@H](O)[C@H](O)[C@H]6O)ccc6ccc(=O)oc56)c4oc3=O)cc2o1,2.91721462968355
CCCCCSC(=O)c1c(C(=O)O)ccc2c1C(=O)CCC2,2.886056647693163
c1ccc(C2=NCCCCO2)cc1,2.853871964321762
O=c1ccc2ccc(O)c(-c3c(OC4O[C@H](CO)[C@@H](O)[C@H](O)[C@H]4O)ccc4ccc(=O)oc34)c2o1,2.806875401645539
CC1(C)CC[C@]2(C(=O)OCC(=O)O)CC[C@]3(C)C(=CC[C@@H]4[C@@]5(C)C[C@@H](O)[C@H](O)C(C)(C)[C@@H]5CC[C@]43C)[C@@H]2C1,2.7822529267372067
CC1(C)CC[C@]2(C(=O)OCc3ccccc3)CC[C@]3(C)C(=CC[C@@H]4[C@@]5(C)C[C@@H](O[Si](C)(C)C(C)(C)C)[C@H](O)C(C)(C)[C@@H]5CC[C@]43C)[C@@H]2C1,2.7677664788852665
CCCNc1cccn(CC(=O)NCc2ccc(Cl)c(Cl)c2)c1=O,2.7520267336381936
C[C@@H]1O[C@@H](O)[C@@H](O)[C@H](O)[C@@H]1O,2.605548319173784
O[C@@H]1[C@@H](OC[C@H]2O[C@H](CN(CC3CCCCC3)CC3CCCCC3)[C@@H](O)[C@@H]2O)O[C@H](CN(CC2CCCCC2)CC2CCCCC2)[C@H]1O,2.552841968657781
O[C@H]1[C@H](O)[C@@H](CN(CC2CCCCC2)CC2CCCCC2)O[C@@H]1/C=C/[C@H]1O[C@H](CN(CC2CCCCC2)CC2CCCCC2)[C@@H](O)[C@@H]1O,2.3819519032879075
Cc1ccc(C(=O)N[C@@H]2O[C@H](CO)[C@@H](O)[C@H](O)[C@H]2O)cc1,2.346787486224656
CCCCCC#Cc1cn([C@@H]2O[C@H](CO)[C@@H](O)[C@H](O)[C@H]2O)c(=O)[nH]c1=O,2.214670164989233
CC(C)CC(N)C(=O)N1CCOCC1,2.1870866433571443
c1ccc(C2=NC3CCCCC3N2)cc1,2.107905397309519
O=NC(S[C@@H]1O[C@H](CO)[C@@H](O)[C@H](O)[C@H]1O)c1ccc([N+](=O)[O-])cc1,2.0
c1ccc(C2=NCCO2)cc1,1.621602099051862
