Observed,Predicted,Residual
10.82390874094432,10.584399193959747,0.23950954698457316
10.522878745280336,10.109838750062082,0.41303999521825396
10.221848749616356,9.971576778168474,0.2502719714478818
10.221848749616356,9.937827218107984,0.2840215315083725
10.193820026016112,10.033774128975114,0.16004589704099814
10.096910013008056,9.805063935672498,0.291846077335558
10.0,9.886463427487257,0.11353657251274285
10.0,9.698970004335951,0.30102999566404876
10.0,9.464830917532522,0.535169082467478
10.0,9.745846336080325,0.2541536639196753
9.958607314841776,9.75839134872169,0.20021596612008707
9.943028323846583,9.694289712648914,0.2487386111976697
9.920818753952377,9.99355053779891,-0.07273178384653356
9.886056647693165,9.678317590024449,0.20773905766871614
9.886056647693165,9.853520056658436,0.03253659103472906
9.886056647693165,9.77909526446347,0.10696138322969517
9.886056647693165,9.497715813806632,0.3883408338865326
9.886056647693165,9.771163625109313,0.11489302258385159
9.886056647693165,9.758421566098216,0.12763508159494918
9.886056647693165,9.753174902498573,0.13288174519459162
9.886056647693165,9.553609231170254,0.33244741652291054
9.886056647693165,9.778862711108784,0.10719393658438037
9.886056647693165,9.364097724294075,0.5219589233990902
9.795880017344077,9.921021795338795,-0.1251417779947186
9.795880017344077,9.68124610061899,0.1146339167250865
9.795880017344077,9.669925841663781,0.12595417568029532
9.747146969020108,9.684365834495189,0.06278113452491851
9.747146969020108,9.681661560158824,0.06548540886128329
9.744727494896694,9.868144392982968,-0.12341689808627443
9.721246399047171,9.553795242260712,0.16745115678645917
9.703334809738468,9.661737849259236,0.04159696047923234
9.69897000433602,9.592190832866864,0.10677917146915661
9.69897000433602,9.570970033656117,0.12799997067990354
9.69897000433602,9.518701447445082,0.18026855689093857
9.69897000433602,9.470150470910575,0.2288195334254457
9.69897000433602,9.045088681132912,0.6538813232031089
9.69897000433602,9.619896957339494,0.07907304699652684
9.69897000433602,9.47049493828285,0.22847506605317136
9.69897000433602,9.483550596776782,0.2154194075592386
9.69897000433602,9.663426549543095,0.035543454792925644
9.69897000433602,9.56371594191921,0.13525406241681104
9.69897000433602,9.59542499145624,0.10354501287978124
9.65051499783199,9.500679841409985,0.1498351564220055
9.638272163982409,9.666854914690433,-0.028582750708023852
9.63264407897398,9.562825799641933,0.06981827933204698
9.603800652904264,9.506374924915445,0.09742572798881888
9.602059991327964,9.572947060240434,0.029112931087530214
9.602059991327964,9.243950388385317,0.3581096029426476
9.585026652029182,9.544875272085177,0.04015137994400497
9.585026652029182,9.517101896244899,0.06792475578428281
9.568636235841012,9.498708862516363,0.06992737332464927
9.568636235841012,9.469251876309533,0.09938435953147895
9.557520230935552,9.44764031831828,0.10987991261727181
9.55284196865778,9.519802272228135,0.033039696429645105
9.55284196865778,9.36094854770483,0.19189342095295103
9.55284196865778,9.501623957561833,0.0512180110959477
9.55284196865778,9.523640457054352,0.029201511603428543
9.537602002101044,9.302785501023836,0.23481650107720853
9.527243550682789,9.291576482372555,0.23566706831023332
9.522878745280336,9.411524336659134,0.11135440862120127
9.522878745280336,9.465197860333262,0.05768088494707335
9.522878745280336,9.538196812384067,-0.015318067103731181
9.522878745280336,9.524540600644665,-0.0016618553643290568
9.522878745280336,9.491893401434053,0.030985343846282376
9.522878745280336,9.490159065820006,0.03271967946032994
9.508638306165729,9.44297503005958,0.06566327610614842
9.508638306165729,9.168462661634189,0.3401756445315396
9.508638306165729,9.46820066344523,0.04043764272049799
9.508638306165729,9.447807112865561,0.060831193300167286
9.508638306165729,9.44840214226498,0.06023616390074871
9.508638306165729,9.489774670592592,0.01886363557313686
9.494850021680094,9.381627956403731,0.11322206527636247
9.494850021680094,9.447326189351118,0.0475238323289755
9.494850021680094,9.485959421881452,0.00889059979864193
9.494850021680094,9.464887416851358,0.029962604828735806
9.481486060122112,9.445116296665057,0.03636976345705456
9.481486060122112,9.47246638544134,0.009019674680772027
9.481486060122112,9.485959421881452,-0.004473361759339767
9.481486060122112,9.396264655632153,0.08522140448995863
9.481486060122112,9.463780052355581,0.017706007766530973
9.481486060122112,9.434196045672786,0.04729001444932557
9.481486060122112,8.75078469906966,0.7307013610524518
9.481486060122112,9.440601040527008,0.0408850195951036
9.468521082957745,9.258489276043411,0.21003180691433343
9.468521082957745,9.419888595058486,0.048632487899258336
9.468521082957745,9.411521953763273,0.056999129194471365
9.468521082957745,9.436904354466826,0.03161672849091879
9.468521082957745,9.482341050426577,-0.013819967468831962
9.468521082957745,9.413975435333489,0.05454564762425562
9.455931955649724,9.435570360537733,0.020361595111991093
9.455931955649724,9.397307626707661,0.05862432894206293
9.455931955649724,9.43839294883702,0.017539006812704372
9.443697499232712,9.379669563017355,0.06402793621535707
9.443697499232712,9.353436034869812,0.09026146436290006
9.443697499232712,9.346887084382034,0.09681041485067787
9.443697499232712,9.346294366084024,0.09740313314868843
9.443697499232712,9.324307789427161,0.11938970980555119
9.443697499232712,9.38220214145249,0.06149535778022219
9.443697499232712,9.44818905754798,-0.004491558315267596
9.443697499232712,9.41034170435019,0.033355794882522716
9.443697499232712,9.424940782219613,0.018756717013099333
9.431798275933003,9.367631214459577,0.06416706147342666
9.431798275933003,9.39012013343681,0.041678142496193615
9.431798275933003,8.872063121685649,0.5597351542473543
9.431798275933003,9.367631214459577,0.06416706147342666
9.431798275933003,9.387108660300697,0.044689615632306
9.431798275933003,9.393515751199589,0.03828252473341465
9.42693598216088,9.416406442245366,0.010529539915513197
9.42021640338319,9.326005082526645,0.09421132085654449
9.42021640338319,9.313810411449891,0.1064059919332987
9.42021640338319,9.393653968112806,0.02656243527038349
9.42021640338319,9.399364053626362,0.020852349756827593
9.42021640338319,9.349460141794019,0.07075626158917103
9.42021640338319,9.38543965083565,0.03477675254753976
9.4089353929735,9.383230189573947,0.02570520339955351
9.4089353929735,9.152113968734344,0.2568214242391562
9.4089353929735,9.392961027527216,0.015974365446284722
9.406713932979542,9.352653193494143,0.05406073948539891
9.397940008672036,9.38524231300695,0.012697695665085718
9.397940008672036,9.376342433269311,0.021597575402724445
9.397940008672036,9.374419650569866,0.02352035810216968
9.397940008672036,9.352384793779557,0.04555521489247916
9.397940008672036,9.390485461899953,0.007454546772082793
9.397940008672036,9.38134935890498,0.016590649767055154
9.397940008672036,9.269260991186377,0.12867901748565913
9.397940008672036,8.739593815658997,0.6583461930130383
9.397940008672036,9.326167651788221,0.07177235688381423
9.397940008672036,9.32241913802549,0.075520870646546
9.397940008672036,9.234807913207419,0.1631320954646167
9.397940008672036,9.342586367961232,0.05535364071080373
9.397940008672036,9.394334889814536,0.0036051188575001447
9.397940008672036,8.928271695491235,0.4696683131808008
9.397940008672036,9.698970004335951,-0.30102999566391553
9.397940008672036,9.394570843896677,0.0033691647753588683
9.397940008672036,9.186244639440392,0.21169536923164323
9.397940008672036,9.33668565270998,0.061254355962056195
9.397940008672036,9.464830917532522,-0.06689090886048632
9.387216143280265,9.224164246460989,0.163051896819276
9.387216143280265,9.328943489880523,0.05827265339974197
9.387216143280265,9.17539012659644,0.2118260166838244
9.387216143280265,9.295708333647466,0.09150780963279814
9.387216143280265,9.381627956403731,0.005588186876533285
9.387216143280265,9.403775013631437,-0.016558870351172317
9.387216143280265,9.34135492660038,0.045861216679885075
9.387216143280265,9.3408864652103,0.046329678069964686
9.387216143280265,9.38238776002627,0.004828383253993707
9.3767507096021,9.24865074233144,0.12809996727065887
9.3767507096021,9.477040448812135,-0.10028973921003548
9.3767507096021,9.310937512204363,0.06581319739773583
9.3767507096021,9.355677015029986,0.021073694572113055
9.3767507096021,9.349333596333542,0.027417113268557003
9.366531544420411,9.379943509844075,-0.013411965423664185
9.366531544420411,9.361622920414652,0.004908624005759421
9.366531544420411,9.336597350749752,0.02993419367065897
9.366531544420411,9.350619123150373,0.01591242127003767
9.356547323513812,9.31801519332753,0.03853213018628132
9.356547323513812,9.28571003559979,0.07083728791402244
9.356547323513812,9.359095780256645,-0.002548456742832883
9.346787486224656,9.387108660300697,-0.04032117407604119
9.346787486224656,9.304344696409888,0.04244278981476768
9.346787486224656,9.346442522687024,0.0003449635376320259
9.346787486224656,9.315392071294864,0.0313954149297917
9.346787486224656,9.32743808951251,0.01934939671214586
9.346787486224656,9.33859953637345,0.00818794985120519
9.346787486224656,9.319181526973058,0.027605959251598478
9.337242168318426,9.175857009953887,0.16138515836453848
9.337242168318426,9.307127714599849,0.030114453718576684
9.337242168318426,9.188897613253037,0.14834455506538902
9.337242168318426,9.337258117983119,-1.5949664692982424e-05
9.337242168318426,9.337258117983119,-1.5949664692982424e-05
9.337242168318426,9.279692903051686,0.05754926526673998
9.337242168318426,9.359337880750882,-0.022095712432456338
9.327902142064282,9.313136476628369,0.014765665435913178
9.327902142064282,9.31474247735499,0.013159664709291974
9.327902142064282,9.349333596333542,-0.021431454269260186
9.327902142064282,9.38220214145249,-0.054299999388208064
9.327902142064282,9.327798448328009,0.00010369373627305833
9.327902142064282,9.327798448328009,0.00010369373627305833
9.327902142064282,9.33859953637345,-0.010697394309168828
9.327902142064282,9.2408891032124,0.08701303885188238
9.318758762624412,9.22167918482707,0.09707957779734322
9.318758762624412,9.33012012921087,-0.011361366586458033
9.318758762624412,9.135776259744537,0.1829825028798755
9.318758762624412,9.396264655632153,-0.07750589300774102
9.318758762624412,9.334754606911034,-0.015995844286621264
9.318758762624412,9.279149659591068,0.039609103033344084
9.309803919971486,9.189785956162618,0.12001796380886809
9.309803919971486,9.308895885931612,0.0009080340398739395
9.309803919971486,9.336597350749752,-0.026793430778266014
9.309803919971486,9.296955760428103,0.01284815954338292
9.309803919971486,9.305154779273192,0.004649140698294474
9.30189945437661,9.349440917693464,-0.04754146331685405
9.30102999566398,9.043522610768282,0.2575073848956979
9.30102999566398,9.285634724974425,0.015395270689554152
9.30102999566398,9.11403287894134,0.1869971167226403
9.30102999566398,9.260797106174802,0.040232889489177026
9.30102999566398,9.32003751404741,-0.01900751838343062
9.30102999566398,9.228179463005068,0.0728505326589115
9.30102999566398,9.289497853531838,0.011532142132141487
9.30102999566398,9.165264624615988,0.13576537104799158
9.30102999566398,9.292042658986558,0.008987336677421354
9.30102999566398,9.298212582591864,0.002817413072115471
9.30102999566398,9.152988606897818,0.14804138876616157
9.30102999566398,9.114865473621622,0.18616452204235756
9.30102999566398,9.208080084987454,0.09294991067652525
9.30102999566398,9.301410544262517,-0.00038054859853708933
9.30102999566398,9.248040352129864,0.05298964353411506
9.30102999566398,9.254458745676693,0.04657124998728612
9.30102999566398,9.177520584114351,0.12350941154962847
9.30102999566398,9.29934935604651,0.001680639617468671
9.30102999566398,9.31257613634282,-0.011546140678840189
9.30102999566398,9.257079387077289,0.043950608586690976
9.30102999566398,9.297213184565825,0.00381681109815446
9.292429823902063,9.200305447870306,0.09212437603175694
9.292429823902063,9.275995995680526,0.016433828221536828
9.292429823902063,9.322673763787863,-0.030243939885799875
9.292429823902063,9.331333762781602,-0.03890393887953891
9.292429823902063,9.328746027066646,-0.03631620316458317
9.292429823902063,9.211368212931195,0.08106161097086861
9.292429823902063,9.352366528834747,-0.05993670493268333
9.292429823902063,9.318065354087713,-0.025635530185649458
9.292429823902063,8.871238760887364,0.42119106301469955
9.2839966563652,9.289968350737288,-0.005971694372087555
9.2839966563652,9.293638824365637,-0.009642168000436158
9.2839966563652,9.281793137054033,0.002203519311168023
9.2839966563652,9.085356753628613,0.19863990273658771
9.2839966563652,9.027798990004117,0.2561976663610839
9.2839966563652,9.315392071294864,-0.0313954149296638
9.2839966563652,9.273416834046605,0.010579822318595333
9.2839966563652,9.264239964679042,0.019756691686158234
9.2839966563652,9.266342359149615,0.017654297215585757
9.2839966563652,9.234261382233905,0.049735274131295526
9.275724130399212,9.249478224285607,0.02624590611360489
9.275724130399212,9.268023932586424,0.00770019781278819
9.267606240177033,9.353436034869812,-0.08582979469277952
9.267606240177033,9.14420103880045,0.12340520137658295
9.267606240177033,9.257720431878646,0.009885808298387033
9.267606240177033,9.270933858307728,-0.0033276181306955976
9.267606240177033,9.240971134570431,0.026635105606601428
9.267606240177033,9.381627956403731,-0.11402171622669854
9.267606240177033,9.287465099007038,-0.019858858830005488
9.259637310505756,9.275995995680526,-0.01635868517477057
9.259637310505756,9.113233526989864,0.14640378351589156
9.259637310505756,9.26769183033233,-0.008054519826574236
9.259637310505756,9.251707808966128,0.007929501539628347
9.259637310505756,9.24686830101006,0.012769009495695371
9.2518119729938,9.255912395084527,-0.004100422090727918
9.2518119729938,9.346294366084024,-0.09448239309022455
9.2518119729938,9.284301192474649,-0.032489219480849485
9.2518119729938,9.183983755510466,0.06782821748333312
9.2518119729938,9.287049911459118,-0.03523793846531831
9.2518119729938,9.287565611843963,-0.03575363885016358
9.244125144327509,9.25337586109845,-0.009250716770941025
9.244125144327509,9.235547936586705,0.008577207740803061
9.244125144327509,9.266342359149615,-0.022217214822106257
9.244125144327509,9.367631214459577,-0.12350607013206805
9.236572006437065,9.120839837793037,0.11573216864402802
9.236572006437065,9.159938238817968,0.07663376761909646
9.236572006437065,9.242787539990406,-0.006215533553341146
9.236572006437065,9.041279079689353,0.1952929267477117
9.229147988357855,9.241199061478765,-0.012051073120909805
9.229147988357855,9.25552336669645,-0.026375378338594047
9.229147988357855,9.212957548003596,0.01619044035425965
9.229147988357855,9.158398869477537,0.07074911888031821
9.229147988357855,9.271223161852724,-0.04207517349486878
9.221848749616356,9.332000825472745,-0.11015207585638898
9.221848749616356,9.27314682046746,-0.051298070851103716
9.221848749616356,9.131189908335687,0.09065884128066948
9.221848749616356,9.085345474083804,0.1365032755325526
9.221848749616356,9.164314612796135,0.05753413682022135
9.221848749616356,9.187263248019969,0.0345855015963874
9.221848749616356,9.12735058248283,0.09449816713352632
9.221848749616356,9.011930277464156,0.20991847215220005
9.221848749616356,9.205964362143702,0.015884387472654637
9.221848749616356,9.233707557524259,-0.011858807907902502
9.221848749616356,9.156552626327253,0.06529612328910339
9.221848749616356,9.155420381669817,0.06642836794653917
9.221848749616356,9.028699741651806,0.19314900796454992
9.221848749616356,9.17258303335534,0.049265716261016834
9.221848749616356,9.134632267551332,0.08721648206502408
9.221848749616356,8.896828491574414,0.3250202580419419
9.221848749616356,9.26815791881707,-0.046309169200714706
9.221848749616356,8.867480737038745,0.35436801257761097
9.221848749616356,9.23944782015393,-0.01759907053757459
9.221848749616356,8.825447482739527,0.3964012668768291
9.221848749616356,9.26020428513092,-0.0383555355145635
9.221848749616356,9.553609231170254,-0.33176048155389815
9.220403508742177,9.26135378181713,-0.04095027307495336
9.214670164989233,9.228502869133669,-0.013832704144435937
9.214670164989233,8.951607343348288,0.2630628216409452
9.214670164989233,9.254542895609886,-0.039872730620652774
9.214670164989233,9.279692903051686,-0.06502273806245285
9.20971483596676,9.265512561151784,-0.05579772518502324
9.207608310501746,9.313810411449891,-0.10620210094814553
9.207608310501746,9.28571003559979,-0.07810172509804403
9.207608310501746,9.193553462748092,0.014054847753653732
9.207608310501746,9.241278872667086,-0.03367056216534081
9.207608310501746,9.222561945737496,-0.01495363523575044
9.200659450546418,9.295708333647466,-0.09504888310104853
9.200659450546418,9.239106553841816,-0.03844710329539858
9.200659450546418,9.160329208636496,0.04033024190992229
9.200659450546418,9.210939167960612,-0.010279717414194423
9.200659450546418,9.19325473095046,0.007404719595957232
9.193820026016112,8.997225214783937,0.19659481123217581
9.193820026016112,9.187756217842896,0.0060638081732165006
9.193820026016112,9.074158896014998,0.11966113000111456
9.191789027075778,9.205817250948003,-0.014028223872225354
9.187086643357144,9.185254168144631,0.0018324752125131738
9.187086643357144,9.159472789659656,0.027613853697488366
9.187086643357144,8.970026074116905,0.21706056924023898
9.18045606445813,9.178401698642062,0.0020543658160683265
9.18045606445813,9.175106794727386,0.005349269730745121
9.17979854051436,9.22118922372374,-0.04139068320938044
9.173925197299171,9.150630865216838,0.023294332082333113
9.173925197299171,9.149813195380577,0.02411200191859386
9.154901959985745,9.110723665743008,0.04417829424273734
9.154901959985745,9.23740490845069,-0.08250294846494555
9.154901959985745,9.233744322178264,-0.07884236219251939
9.154901959985745,9.12561478626155,0.029287173724194204
9.154901959985745,9.210980223153932,-0.05607826316818709
9.154901959985745,9.101487009480772,0.05341495050497258
9.154901959985745,9.139857226256527,0.015044733729217441
9.154901959985745,9.16258437577016,-0.007682415784415753
9.154901959985745,9.174694614345462,-0.019792654359717332
9.154901959985745,9.217829490698053,-0.06292753071230806
9.154901959985745,9.070540816466009,0.084361143519736
9.154901959985745,9.112626941875595,0.04227501811014989
9.154901959985745,9.062352272089521,0.09254968789622353
9.154901959985745,9.113286541155617,0.04161541883012809
9.154901959985745,9.068317363421484,0.08658459656426132
9.148741651280924,9.15522476454168,-0.006483113260756568
9.148741651280924,9.10157259190638,0.047169059374542854
9.148741651280924,9.17539012659644,-0.026648475315516507
9.148741651280924,8.993913134097397,0.15482851718352642
9.142667503568733,9.20083620932894,-0.05816870576020783
9.142667503568733,9.108722140837923,0.03394536273080995
9.142667503568733,8.916653701850887,0.2260138017178459
9.136677139879543,9.13328650912279,0.0033906307567530547
9.130768280269024,9.19101673895413,-0.06024845868510553
9.130768280269024,9.150594368249381,-0.019826087980357343
9.1249387366083,8.672754337207191,0.45218439940110855
9.1249387366083,9.076170527019894,0.04876820958840611
9.1249387366083,8.863333387757685,0.26160534885061537
9.1249387366083,9.142645443223673,-0.01770670661537288
9.119186407719209,9.138852679992306,-0.019666272273097363
9.119186407719209,8.814669806829926,0.3045166008892828
9.119186407719209,9.160329208636496,-0.04114280091728695
9.113509274827518,9.173306016856554,-0.059796742029035954
9.113509274827518,9.088902505839785,0.024606768987732508
9.113509274827518,9.13380952585674,-0.02030025102922295
9.113509274827518,9.22167918482707,-0.10816990999955145
9.113509274827518,9.098689266625989,0.014820008201528623
9.10790539730952,9.094413652466752,0.013491744842767162
9.10790539730952,9.011549109888698,0.09635628742082147
9.102372908709558,9.079300988398325,0.023071920311233285
9.096910013008056,9.051696978282456,0.045213034725600565
9.096910013008056,9.136731693481533,-0.03982168047347656
9.096910013008056,9.234879636584429,-0.13796962357637277
9.096910013008056,9.072635699579763,0.024274313428293226
9.096910013008056,9.131946246683261,-0.03503623367520525
9.096910013008056,8.898858627574961,0.19805138543309475
9.096910013008056,8.898858627574961,0.19805138543309475
9.096910013008056,9.196309128008727,-0.09939911500067034
9.096910013008056,9.152071060295093,-0.055161047287036524
9.096910013008056,9.051094101975822,0.045815911032233814
9.096910013008056,9.061239241603264,0.035670771404792134
9.096910013008056,9.05244420394551,0.0444658090625456
9.096910013008056,8.912502137134199,0.1844078758738572
9.09151498112135,9.147208853708221,-0.05569387258687186
9.080921907623926,9.028737380677857,0.052184526946069454
9.080921907623926,9.159938238817968,-0.07901633119404217
9.080921907623926,9.094413652466752,-0.013491744842825781
9.065501548756432,9.084103909989697,-0.018602361233265086
9.065501548756432,9.302785501023836,-0.23728395226740417
9.060480747381382,8.384865767002413,0.6756149803789686
9.060480747381382,9.085508296991284,-0.025027549609902167
9.05700040663396,8.051620357450433,1.0053800491835272
9.05453141486818,8.210027072353764,0.8445043425144156
9.045757490560677,8.990338012871383,0.05541947768929312
9.045757490560677,8.854774077899044,0.1909834126616321
9.045757490560677,9.063176348770265,-0.017418858209587995
9.045757490560677,9.0499314816704,-0.004173991109723829
9.045757490560677,8.865506894778777,0.1802505957818994
9.045757490560677,8.972601966941573,0.07315552361910349
9.045757490560677,9.177097089044118,-0.13133959848344112
9.045757490560677,9.131189908335687,-0.0854324177750101
9.036212172654444,8.675357519522382,0.360854653132062
9.031517051446064,8.874447148805446,0.15706990264061815
9.0268721464003,8.816438730599288,0.21043341580101327
9.017728766960431,9.093612634000902,-0.07588386704047068
9.013228265733757,9.066335414613595,-0.05310714887983892
9.013228265733757,9.054435253600145,-0.041206987866388545
9.008773924307503,9.021224932374718,-0.012451008067214886
9.0,9.052396222395252,-0.05239622239525232
9.0,9.074303809348123,-0.0743038093481232
9.0,8.913316853725757,0.08668314627424323
9.0,9.016436335141819,-0.01643633514181886
9.0,9.029218752119048,-0.02921875211904812
9.0,8.915520370752969,0.08447962924703134
9.0,8.917335748609633,0.08266425139036748
9.0,8.724934740410603,0.27506525958939676
9.0,8.962708763675876,0.037291236324124455
9.0,8.656518914816743,0.3434810851832566
9.0,9.01229042070251,-0.012290420702509408
9.0,9.464830917532522,-0.46483091753252204
9.0,9.007527461954288,-0.007527461954287773
9.0,9.011389500460707,-0.01138950046070697
9.0,8.977276495370436,0.022723504629563962
9.0,8.851317602403602,0.14868239759639756
9.0,8.941054469868373,0.058945530131627066
8.995678626217357,8.945849154866393,0.04982947135096438
8.995678626217357,8.711984375390108,0.2836942508272493
8.991399828238082,9.015520700524187,-0.0241208722861046
8.987162775294827,9.17539012659644,-0.18822735130161306
8.987162775294827,8.880765392401432,0.10639738289339462
8.987162775294827,9.044055609551554,-0.0568928342567272
8.97061622231479,9.05254370479284,-0.08192748247804893
8.97061622231479,9.186244639440392,-0.2156284171256022
8.97061622231479,8.950177933662534,0.020438288652256276
8.958607314841775,8.93916860692248,0.01943870791929392
8.958607314841775,8.896828491574414,0.061778823267360394
8.958607314841775,8.790680376007403,0.1679269388343716
8.958607314841775,8.856008866513763,0.10259844832801157
8.958607314841775,9.08101170439797,-0.12240438955619481
8.958607314841775,8.905212625530861,0.05339468931091318
8.958607314841775,8.902331460179367,0.05627585466240781
8.958607314841775,8.992059815760031,-0.03345250091825669
8.958607314841775,9.025309196990774,-0.0667018821489993
8.958607314841775,8.062967430025704,0.8956398848160703
8.958607314841775,8.984712631720045,-0.026105316878270557
8.958607314841775,8.90462335037788,0.053983964463894196
8.958607314841775,8.999229769274763,-0.040622454432988064
8.956642168027559,8.67979983650053,0.2768423315270283
8.954677021213342,8.933666013198845,0.02101100801449718
8.954677021213342,8.933814562817387,0.02086245839595513
8.94692155651658,9.135776259744537,-0.18885470322795683
8.928117992693874,8.84529352847486,0.0828244642190139
8.920818753952375,8.954405074630266,-0.033586320677891024
8.920818753952375,8.789198036565043,0.1316207173873316
8.920818753952375,8.968617653902204,-0.047798899949828666
8.920818753952375,8.578495411807225,0.3423233421451499
8.920818753952375,8.541356982577861,0.37946177137451365
8.920818753952375,8.625186736769601,0.29563201718277377
8.920818753952375,8.899616802553242,0.02120195139913328
8.920818753952375,8.832311684201493,0.0885070697508823
8.920818753952375,8.876191842794066,0.04462691115830886
8.920818753952375,8.971323367521832,-0.05050461356945668
8.920818753952375,8.699313671075872,0.2215050828765026
8.920818753952375,8.66356620623929,0.2572525477130849
8.920818753952375,9.029642572044924,-0.10882381809254937
8.91721462968355,8.934580407459666,-0.01736577777611714
8.903089986991944,8.386925434739064,0.5161645522528797
8.899629454882437,8.910228665799668,-0.010599210917231261
8.896196279044043,8.764441836435495,0.13175444260854796
8.886056647693163,8.657234537019932,0.22882211067323155
8.886056647693163,9.052191001913785,-0.16613435422062217
8.886056647693163,8.80071723405342,0.08533941363974229
8.886056647693163,8.902097697432556,-0.016041049739392577
8.886056647693163,8.915240678754737,-0.029184031061573634
8.886056647693163,8.769811741151031,0.11624490654213204
8.886056647693163,8.943705641884433,-0.05764899419127012
8.886056647693163,8.74906843071845,0.13698821697471253
8.886056647693163,9.114706194179757,-0.22864954648659364
8.886056647693163,8.84528272295472,0.04077392473844377
8.886056647693163,8.890808728885034,-0.004752081191870872
8.869666231504993,9.243950388385317,-0.37428415688032324
8.861769097913378,8.66551483447711,0.19625426343626806
8.853871964321762,8.8365057400248,0.01736622429696233
8.853871964321762,8.875878856699378,-0.022006892377616438
8.853871964321762,8.680403401810652,0.17346856251110943
8.853871964321762,8.948711139416597,-0.09483917509483497
8.853871964321762,8.913949503740648,-0.06007753941888616
8.853871964321762,8.9633631482163,-0.10949118389453893
8.853871964321762,8.858829566164735,-0.004957601842972892
8.853871964321762,8.400799464447251,0.45307249987451037
8.85078088734462,8.988348312901719,-0.13756742555709955
8.847711655616944,8.833931747665911,0.01377990795103301
8.82682351277468,8.67010703112543,0.15671648164925145
8.823908740944319,8.575832462449792,0.2480762784945263
8.823908740944319,8.778778114971304,0.045130625973014205
8.818156412055227,8.850446286360404,-0.03228987430517627
8.796729909783021,8.797171592463107,-0.0004416826800852647
8.795880017344075,8.611608064847388,0.1842719524966867
8.795880017344075,8.661783716752216,0.1340963005918585
8.795880017344075,8.648597458161888,0.14728255918218736
8.795880017344075,8.745845988519614,0.050034028824461174
8.795880017344075,8.517000140374138,0.27887987696993655
8.795880017344075,8.476919129123434,0.3189608882206407
8.769551078621726,8.781372932813708,-0.01182185419198234
8.769551078621726,8.894671329484916,-0.12512025086319056
8.769551078621726,8.761650423719669,0.00790065490205727
8.769551078621726,8.667082414929999,0.10246866369172736
8.7594507517174,8.783225507670686,-0.023774755953285265
8.744727494896694,8.851418793498244,-0.10669129860155024
8.744727494896694,8.705556109072504,0.03917138582419
8.744727494896694,8.856200233243506,-0.11147273834681215
8.744727494896694,8.877499948699892,-0.1327724538031987
8.723538195826755,8.705630411567924,0.017907784258831327
8.721246399047171,8.725073653225989,-0.003827254178817796
8.721246399047171,8.874690782421865,-0.15344438337469413
8.721246399047171,8.793959877523928,-0.07271347847675713
8.721246399047171,8.58690812861158,0.13433827043559177
8.716722334558472,8.425826270640936,0.2908960639175362
8.712198270069774,8.751396038535184,-0.03919776846541012
8.698970004336019,8.603382366400265,0.09558763793575409
8.698970004336019,8.772698767423007,-0.07372876308698828
8.698970004336019,8.416673553975698,0.28229645036032025
8.698970004336019,8.539882970045833,0.15908703429018622
8.698970004336019,8.723705712732976,-0.024735708396956824
8.68837535480105,8.680928075718434,0.007447279082615665
8.679853713888946,8.638237125917955,0.04161658797099044
8.674360993000928,8.680928075718434,-0.0065670827175061675
8.67366413907125,8.56285854845152,0.11080559061973005
8.673393743112328,8.734531171127967,-0.06113742801563937
8.671620396561263,8.57506401896807,0.09655637759319369
8.657577319177793,8.502065067310154,0.1555122518676395
8.657577319177793,8.446438756753867,0.21113856242392615
8.657577319177793,8.789198036565043,-0.1316207173872499
8.649751981665837,8.57856070663069,0.07119127503514733
8.647817481888637,8.58298738669703,0.0648300951916081
8.642065152999546,8.461775462516783,0.18028969048276267
8.638272163982407,8.585651478960411,0.05262068502199568
8.638272163982407,8.561696009896037,0.07657615408636964
8.638272163982407,8.64487836202921,-0.006606198046803513
8.638272163982407,8.537143903680397,0.10112826030201028
8.638272163982407,8.473946630646159,0.1643255333362479
8.638272163982407,8.592383537766983,0.04588862621542411
8.638272163982407,8.451485894773537,0.18678626920886998
8.636388020107855,8.75191890724855,-0.11553088714069482
8.634528153286132,8.805103197962064,-0.17057504467593176
8.619788758288394,8.492043203117577,0.12774555517081687
8.619788758288394,8.496180826298332,0.12360793199006181
8.619788758288394,8.779284917532923,-0.15949615924452942
8.619788758288394,8.672822471902132,-0.05303371361373799
8.619788758288394,8.571657349956793,0.04813140833160112
8.619788758288394,8.730175299076,-0.11038654078760679
8.619788758288394,8.347827911051098,0.2719608472372954
8.619788758288394,8.465397102696235,0.15439165559215873
8.619788758288394,8.593424046479148,0.026364711809245378
8.619788758288394,8.625493273647283,-0.005704515358889495
8.610924374808178,8.74906843071845,-0.13814405591027246
8.603800652904264,8.640300535895344,-0.03649988299108031
8.602059991327963,8.31006512757933,0.2919948637486325
8.602059991327963,8.559195999437314,0.04286399189064838
8.602059991327963,8.620854535083833,-0.018794543755870308
8.602059991327963,8.55995833271824,0.04210165860972204
8.600326278518962,8.800314435759594,-0.19998815724063235
8.593459819566045,8.67419283194706,-0.08073301238101571
8.59176003468815,8.795473005766718,-0.20371297107856812
8.585026652029182,8.755802472522452,-0.17077582049327056
8.585026652029182,8.627907083177423,-0.042880431148240916
8.568636235841012,8.56784658085806,0.0007896549829524702
8.568636235841012,8.6459542962944,-0.07731806045338807
8.568636235841012,8.334701450025417,0.23393478581559535
8.568636235841012,8.676288131394124,-0.10765189555311139
8.55284196865778,8.858885060064265,-0.3060430914064849
8.55284196865778,8.594355629958086,-0.041513661300305316
8.55284196865778,8.455055946673603,0.0977860219841773
8.55284196865778,8.407555745660439,0.14528622299734195
8.55284196865778,8.564169638304689,-0.011327669646908234
8.55284196865778,8.591368388569858,-0.038526419912077614
8.537602002101044,8.029776943093147,0.5078250590078977
8.537602002101044,8.383961247036199,0.15364075506484554
8.537602002101044,8.557006185026264,-0.019404182925219615
8.537602002101044,8.515354226074418,0.022247776026626198
8.537602002101044,8.531457972236987,0.006144029864056932
8.528708288941061,8.394848276147066,0.1338600127939955
8.522878745280337,8.508090108754024,0.014788636526313681
8.522878745280337,8.533835797276756,-0.010957051996419054
8.522878745280337,8.523790317368599,-0.0009115720882615364
8.522878745280337,8.540753786854163,-0.017875041573825357
8.522878745280337,8.549250706095055,-0.02637196081471771
8.522878745280337,8.341905700730184,0.18097304455015362
8.522878745280337,8.403751764722484,0.1191269805578532
8.522878745280337,8.518493138901283,0.004385606379054607
8.522878745280337,8.36377100010135,0.15910774517898751
8.522878745280337,8.339443814647867,0.18343493063247074
8.522878745280337,8.412721253840386,0.11015749143995102
8.522878745280337,8.606162786097315,-0.08328404081697727
8.522878745280337,8.482558124447376,0.040320620832961396
8.522878745280337,8.293550025435865,0.22932871984447267
8.522878745280337,8.322602478032286,0.2002762672480518
8.522878745280337,8.442330345944429,0.08054839933590863
8.522878745280337,8.489204181542878,0.033674563737459806
8.522878745280337,8.581479863825683,-0.05860111854534544
8.522878745280337,8.49713762644792,0.025741118832417698
8.522878745280337,8.496268536569229,0.02661020871110864
8.522878745280337,8.523557533825327,-0.0006787885449899278
8.522878745280337,8.523834319444214,-0.0009555741638767046
8.522878745280337,8.52357032867182,-0.0006915833914824532
8.522878745280337,8.581165653252333,-0.058286907971995205
8.522878745280337,8.523834319444214,-0.0009555741638767046
8.522878745280337,8.531272873924442,-0.00839412864410427
8.522878745280337,8.27698195607587,0.24589678920446723
8.522878745280337,8.389653390049107,0.13322535523123058
8.522878745280337,8.518204222483961,0.004674522796376479
8.522878745280337,8.525628215414766,-0.002749470134428833
8.522878745280337,8.27698195607587,0.24589678920446723
8.522878745280337,8.898858627574961,-0.3759798822946241
8.522878745280337,8.55446940118895,-0.03159065590861232
8.522878745280337,8.52357032867182,-0.0006915833914824532
8.522878745280337,8.51847509968142,0.00440364559891826
8.522878745280337,8.494182633594809,0.028696111685528436
8.522878745280337,8.54520849889294,-0.022329753612602588
8.522878745280337,8.53552067627885,-0.012641930998512407
8.522878745280337,8.571657349956793,-0.04877860467645512
8.522878745280337,8.50328403450711,0.01959471077322661
8.522878745280337,8.397441333946631,0.12543741133370645
8.522878745280337,8.514336279547326,0.00854246573301154
8.522878745280337,8.635876474634367,-0.11299772935402963
8.522878745280337,8.896828491574414,-0.37394974629407685
8.522878745280337,8.549966066060753,-0.027087320780415425
8.522878745280337,8.405872317447905,0.11700642783243254
8.522878745280337,8.425228868382991,0.09764987689734639
8.522878745280337,8.523453869239127,-0.0005751239587894474
8.522878745280337,8.523453869239127,-0.0005751239587894474
8.522878745280337,8.375066375026725,0.1478123702536127
8.522878745280337,8.558399927275694,-0.0355211819953567
8.522878745280337,8.522302660288558,0.0005760849917795241
8.522878745280337,8.523790317368599,-0.0009115720882615364
8.522878745280337,8.52308963417218,-0.00021088889184284199
8.522878745280337,8.52308963417218,-0.00021088889184284199
8.522878745280337,8.503156394388045,0.019722350892292795
8.522878745280337,8.867480737038745,-0.3446019917584078
8.522878745280337,8.531457972236987,-0.008579226956650032
8.522878745280337,8.507798973089503,0.015079772190834007
8.522878745280337,8.523557533825327,-0.0006787885449899278
8.522878745280337,8.381965479606846,0.1409132656734915
8.522878745280337,8.316376383952537,0.2065023613278001
8.522878745280337,8.537469357963154,-0.014590612682816584
8.522878745280337,8.555203840518146,-0.03232509523780891
8.522878745280337,8.502742664248919,0.02013608103141884
8.522878745280337,8.442330345944429,0.08054839933590863
8.522878745280337,7.793596431301403,0.7292823139789348
8.508638306165727,8.505766029759734,0.0028722764059931905
8.508638306165727,8.496180826298332,0.012457479867395094
8.508638306165727,8.432020115090456,0.07661819107527101
8.507938958569444,8.52901904007426,-0.02108008150481666
8.498940737782249,8.534724772985467,-0.03578403520321771
8.498269733945246,8.320426910078456,0.17784282386678996
8.49569991411904,8.69005531485331,-0.1943554007342705
8.494850021680094,8.421256759169722,0.07359326251037146
8.494850021680094,8.376797818067848,0.11805220361224578
8.494850021680094,8.485227771124007,0.009622250556086342
8.494850021680094,8.499338266739185,-0.004488245059091511
8.49417249463761,8.067096322969547,0.42707617166806244
8.489454989793387,8.48332765844132,0.006127331352066889
8.481486060122112,8.407285401018264,0.07420065910384821
8.481486060122112,8.496180826298332,-0.014694766176219787
8.481486060122112,8.535088762464992,-0.05360270234288045
8.481486060122112,8.516251341795611,-0.034765281673498905
8.47755576649368,8.448278114563337,0.02927765193034304
8.468521082957745,8.416870325217605,0.0516507577401395
8.468521082957745,8.527827633347785,-0.05930655039004051
8.468521082957745,8.413674035771901,0.05484704718584332
8.468521082957745,8.337072948965018,0.13144813399272692
8.468521082957745,8.400427477132146,0.06809360582559876
8.46344155742847,8.590386926396544,-0.12694536896807485
8.459056430288225,8.387990197236391,0.0710662330518339
8.455931955649724,8.483286896741255,-0.027354941091530804
8.455931955649724,8.50507728205128,-0.04914532640155578
8.455931955649724,8.354933131946432,0.10099882370329283
8.455931955649724,8.461542451888732,-0.005610496239008
8.454692883534175,8.420046092831768,0.03464679070240706
8.449814727441218,8.57064914390971,-0.12083441646849202
8.443697499232712,8.573525893582493,-0.1298283943497811
8.443697499232712,8.478061478779324,-0.034363979546611745
8.443697499232712,8.378927421220727,0.06477007801198553
8.443697499232712,8.436642490959867,0.007055008272844887
8.443697499232712,8.469508608366002,-0.02581110913328999
8.443697499232712,8.338955261005717,0.10474223822699535
8.443697499232712,8.261830002290417,0.18186749694229576
8.443697499232712,8.335113172415783,0.10858432681692953
8.443697499232712,8.395912207352822,0.047785291879890224
8.443697499232712,8.415779556545452,0.027917942687260222
8.443697499232712,8.506146463796204,-0.062448964563492027
8.431798275933005,8.372085157493618,0.05971311843938665
8.431798275933005,8.533908867645843,-0.10211059171283843
8.431798275933005,8.309792883812952,0.12200539212005346
8.428291168191313,8.0888737447377,0.3394174234536127
8.423092567827736,8.288009701271001,0.13508286655673452
8.421362301772982,8.10297099981563,0.31839130195735166
8.42021640338319,8.241400713039207,0.17881569034398304
8.4089353929735,8.406664508728342,0.0022708842451582
8.4089353929735,8.493906353389544,-0.0849709604160438
8.4089353929735,8.389738362400982,0.01919703057251887
8.407823242604133,8.402135647038431,0.005687595565701642
8.400007822415901,8.212308336887634,0.18769948552826676
8.39897391554397,8.34793073098273,0.05104318456123913
8.397940008672037,8.45663667654339,-0.058696667871352304
8.397940008672037,8.423487194357591,-0.025547185685553586
8.397940008672037,8.0868743058928,0.31106570277923673
8.397940008672037,8.317843015874066,0.08009699279797111
8.397940008672037,8.413007604647404,-0.015067595975366999
8.397940008672037,8.260825885253869,0.13711412341816853
8.397940008672037,8.3855325103157,0.012407498356337143
8.397940008672037,8.399908571224742,-0.0019685625527046113
8.397940008672037,8.430262592734625,-0.03232258406258737
8.397940008672037,8.311076215327235,0.08686379334480243
8.397940008672037,8.541356982577861,-0.14341697390582375
8.397940008672037,8.299450305251593,0.09848970342044439
8.397940008672037,8.434562195348015,-0.036622186675977275
8.397940008672037,8.361775326992758,0.03616468167927955
8.397940008672037,8.347444727030261,0.0504952816417763
8.389978975335854,8.238509369839775,0.15146960549607869
8.387216143280265,8.266372863124232,0.1208432801560324
8.387216143280265,8.393525067845355,-0.006308924565090024
8.387216143280265,7.387699753177181,0.9995163901030839
8.378823718224965,8.368715839635689,0.010107878589275643
8.3767507096021,7.977154299014784,0.3995964105873151
8.3767507096021,8.38878312356895,-0.012032413966851507
8.3767507096021,8.23009566886632,0.14665504073578006
8.3767507096021,8.496180826298332,-0.1194301166962326
8.366531544420413,8.457008428906873,-0.09047688448645985
8.366531544420413,8.365224801658327,0.0013067427620860883
8.366531544420413,8.36651375810309,1.778631732207714e-05
8.357536606504857,8.325835851651227,0.03170075485362922
8.356547323513812,8.229337044103936,0.1272102794098764
8.35359627377693,8.30721162087288,0.046384652904048806
8.346787486224656,8.150248406425481,0.19653907979917484
8.337242168318426,7.768608294675001,0.5686338736434244
8.337242168318426,8.299084398932465,0.03815776938596116
8.337242168318426,7.829017631026163,0.5082245372922625
8.327902142064282,7.912787825200257,0.4151143168640248
8.327902142064282,8.106979394878781,0.22092274718550087
8.327902142064282,8.22888438629742,0.09901775576686234
8.326520500663236,8.098505304938705,0.22801519572453088
8.320572103387882,8.486606310563834,-0.16603420717595263
8.319211624604925,7.938319289523505,0.3808923350814206
8.318758762624412,7.566255567173919,0.752503195450493
8.318758762624412,8.43815575356103,-0.11939699093661815
8.318758762624412,8.315958494557663,0.0028002680667498225
8.318758762624412,8.335211665423271,-0.016452902798858915
8.317256007554551,8.212308336887634,0.10494767066691679
8.309803919971486,8.261974737031844,0.04782918293964222
8.309803919971486,8.250364310691369,0.05943960928011727
8.308918507877031,8.270512125035792,0.03840638284123976
8.30715308072277,8.297112306223902,0.010040774498868643
8.301029995663981,8.293797210142277,0.007232785521704699
8.301029995663981,8.27233524365929,0.028694752004691182
8.301029995663981,8.258245278333881,0.042784717330100364
8.301029995663981,8.259825703749579,0.04120429191440245
8.301029995663981,8.01171422524929,0.2893157704146905
8.301029995663981,8.279323507907131,0.021706487756850024
8.301029995663981,8.329595888707706,-0.0285658930437247
8.301029995663981,8.27665748205234,0.024372513611641722
8.301029995663981,8.302971012158213,-0.0019410164942321728
8.301029995663981,7.9284293869327085,0.37260060873127276
8.301029995663981,8.29549509495663,0.005534900707351298
8.301029995663981,8.300589862670684,0.0004401329932974818
8.301029995663981,8.413996180036802,-0.11296618437282113
8.301029995663981,8.541356982577861,-0.24032698691388
8.301029995663981,8.295703288778794,0.005326706885186994
8.301029995663981,8.291654623000792,0.009375372663189552
8.301029995663981,8.390863414272632,-0.08983341860865046
8.301029995663981,8.217597765074188,0.08343223058979277
8.301029995663981,8.28439372376279,0.016636271901191435
8.301029995663981,7.836791913099888,0.46423808256409327
8.301029995663981,7.955577941195065,0.34545205446891636
8.301029995663981,8.268310496494992,0.032719499168988975
8.301029995663981,8.305855706074999,-0.004825710411017425
8.301029995663981,8.246024887692357,0.055005107971624057
8.301029995663981,8.133970677206573,0.16705931845740807
8.301029995663981,8.274565525824443,0.02646446983953865
8.301029995663981,8.152138349102989,0.14889164656099219
8.301029995663981,8.1163578600627,0.18467213560128037
8.301029995663981,7.947551910267164,0.3534780853968176
8.301029995663981,8.412721253840386,-0.11169125817640513
8.301029995663981,8.215121715062716,0.08590828060126476
8.301029995663981,8.39063252770974,-0.08960253204575963
8.301029995663981,8.293618109017766,0.007411886646215393
8.301029995663981,8.209111191115895,0.09191880454808654
8.301029995663981,8.299743042269398,0.001286953394583179
8.301029995663981,8.300589862670684,0.0004401329932974818
8.301029995663981,8.488861800408792,-0.18783180474481043
8.301029995663981,7.81795404565195,0.4830759500120312
8.301029995663981,8.25892246235725,0.04210753330673178
8.301029995663981,7.839519123832445,0.4615108718315364
8.301029995663981,8.224725818373125,0.07630417729085615
8.300509466670935,8.249218576283472,0.05129089038746315
8.292429823902063,8.260226704185696,0.03220311971636747
8.292429823902063,8.196206437895896,0.09622338600616764
8.292429823902063,8.308995844771307,-0.016566020869243303
8.275724130399212,8.219209693938934,0.05651443646027765
8.275724130399212,8.20371639520741,0.07200773519180181
8.267606240177031,8.232603177560602,0.03500306261642905
8.267606240177031,8.245427886372713,0.022178353804317652
8.267606240177031,8.179591058451143,0.08801518172588807
8.259637310505756,8.307271231973013,-0.04763392146725742
8.259637310505756,8.38547436483845,-0.12583705433269365
8.259637310505756,8.378368635113315,-0.11873132460755897
8.2518119729938,8.227566315766353,0.024245657227446316
8.2518119729938,8.298320274258582,-0.046508301264783114
8.2518119729938,7.347754736113252,0.9040572368805471
8.2518119729938,8.403083111005225,-0.15127113801142578
8.244125144327509,8.260226704185696,-0.016101559858187287
8.244125144327509,8.260226704185696,-0.016101559858187287
8.244125144327509,8.146393500432094,0.09773164389541478
8.236572006437063,8.446438756753867,-0.20986675031680413
8.230996061137837,8.040971522714637,0.19002453842320044
8.229147988357855,7.932855196562301,0.2962927917955547
8.229147988357855,8.219184933232112,0.009963055125743026
8.224753740259764,8.244685523014562,-0.019931782754797567
8.221848749616356,8.128798947673058,0.09304980194329815
8.221848749616356,8.117097385067854,0.10475136454850187
8.221848749616356,8.05340162799413,0.16844712162222564
8.221848749616356,8.24151202972565,-0.019663280109293524
8.221848749616356,8.11771118570034,0.10413756391601581
8.221848749616356,7.839519123832445,0.3823296257839113
8.221848749616356,8.171781319757823,0.050067429858533075
8.221848749616356,8.169067457154375,0.052781292461981266
8.214670164989233,8.183826736853137,0.030843428136096307
8.207608310501746,8.119372751977954,0.08823555852379172
8.207608310501746,8.021715613349857,0.18589269715188905
8.207608310501746,8.238249327247122,-0.030641016745375893
8.200659450546418,8.270348229796634,-0.06968877925021566
8.200659450546418,8.102926711035789,0.09773273951062933
8.198970004336019,8.156365756170198,0.04260424816582109
8.193820026016112,8.30178787588143,-0.10796784986531804
8.193820026016112,8.270116584611246,-0.07629655859513385
8.193820026016112,8.337626838422958,-0.14380681240684545
8.190440285364732,8.102151460041174,0.08828882532355742
8.187086643357144,8.155475245604906,0.03161139775223809
8.18045606445813,8.006362973734864,0.17409309072326629
8.18045606445813,8.114668489841545,0.06578757461658569
8.18045606445813,8.167459686855274,0.012996377602856768
8.18045606445813,8.058139369820305,0.12231669463782602
8.18045606445813,8.188721191956866,-0.00826512749873487
8.177178354696895,8.210182501682093,-0.03300414698519738
8.173925197299173,8.245811017901636,-0.0718858206024624
8.167491087293763,8.059230007194168,0.10826108009959512
8.167491087293763,8.1243075409907,0.04318354630306409
8.167491087293763,8.145220423877523,0.022270663416239955
8.166852888087215,8.02656134842296,0.14029153966425412
8.161781235513615,8.015663406444988,0.14611782906862736
8.161150909262744,8.313403504049397,-0.15225259478665265
8.161150909262744,8.13164005703355,0.02951085222919403
8.155212392120031,7.9834174808210046,0.1717949112990267
8.154901959985743,8.339443814647867,-0.18454185466212358
8.154901959985743,8.0840026159249,0.07089934406084275
8.154901959985743,7.871253657820077,0.28364830216566617
8.154901959985743,8.011068778531186,0.14383318145455704
8.154901959985743,8.223726834430657,-0.06882487444491403
8.154901959985743,7.9305432637948865,0.22435869619085658
8.154901959985743,8.169493953690969,-0.014591993705225903
8.154901959985743,8.138942179589547,0.015959780396196166
8.154901959985743,8.17553387608967,-0.020631916103926784
8.154901959985743,8.077135746208828,0.07776621377691484
8.149384869476037,8.06682698244005,0.08255788703598732
8.148741651280925,8.233175048533386,-0.0844333972524609
8.148741651280925,7.957107992578671,0.19163365870225402
8.148741651280925,8.196016746460424,-0.047275095179498905
8.142667503568731,8.008518069779184,0.13414943378954725
8.142667503568731,7.994895229761298,0.1477722738074334
8.142667503568731,8.235964024864494,-0.0932965212957626
8.136677139879545,8.152178748754515,-0.01550160887497043
8.136677139879545,8.169596290102962,-0.032919150223417404
8.130768280269024,8.093706200824826,0.03706207944419759
8.130768280269024,7.864379530111131,0.2663887501578932
8.130768280269024,8.04124123465789,0.089527045611133
8.1249387366083,8.101073864041854,0.023864872566445428
8.119186407719209,7.899106100004828,0.22008030771438047
8.113509274827518,8.174645615653944,-0.06113634082642605
8.10790539730952,8.104820577428741,0.0030848198807778004
8.10790539730952,8.058139369820305,0.04976602748921444
8.102372908709558,7.848610997982501,0.2537619107270572
8.102372908709558,8.009439785639248,0.09293312307030988
8.102372908709558,8.03541348664511,0.06695942206444805
8.102372908709558,8.271023754993108,-0.16865084628354943
8.096910013008056,8.369410071968613,-0.2725000589605564
8.096910013008056,8.030624206280462,0.06628580672759377
8.096910013008056,7.810237066112404,0.2866729468956519
8.096910013008056,7.958439677887549,0.13847033512050722
8.096367822361946,7.690736429613034,0.40563139274891213
8.09151498112135,8.106601055376613,-0.015086074255263426
8.09151498112135,8.155436993636512,-0.06392201251516205
8.086186147616283,7.893582088842427,0.19260405877385622
8.080921907623926,8.093498419313645,-0.012576511689719183
8.080921907623926,8.179037569500482,-0.0981156618765553
8.080921907623926,8.0603335173589,0.02058839026502568
8.080921907623926,7.975363264211003,0.1055586434129232
8.080921907623926,8.071686464345039,0.0092354432788877
8.065501548756432,8.034750402894185,0.030751145862247142
8.060480747381382,8.009336376019986,0.05114437136139571
8.060480747381382,8.01238090642894,0.04809984095244246
8.05551732784983,7.8400473952200045,0.2154699326298264
8.05551732784983,7.662350070229955,0.3931672576198757
8.050609993355087,8.133747638620195,-0.0831376452651078
8.047207556955907,7.8996913709479735,0.14751618600793392
8.045757490560675,8.026793811323303,0.018963679237371522
8.045757490560675,8.016012479006703,0.029745011553972134
8.045757490560675,7.756630813721725,0.28912667683894977
8.045757490560675,8.013136947623067,0.03262054293760741
8.045757490560675,7.814025242161396,0.23173224839927897
8.045757490560675,7.928928474696013,0.11682901586466166
8.045757490560675,8.00414076296719,0.041616727593485336
8.045757490560675,8.156418679842112,-0.11066118928143709
8.040958607678906,7.84662147301916,0.19433713465974645
8.040958607678906,7.907160441176948,0.13379816650195853
8.040958607678906,8.01134381959124,0.02961478808766671
8.040958607678906,8.107939943325162,-0.06698133564625586
8.036212172654444,7.90718245160157,0.12902972105287436
8.036212172654444,7.963689705328671,0.07252246732577383
8.036212172654444,8.092482383206638,-0.056270210552193944
8.032453032382065,8.115505725107283,-0.08305269272521798
8.031517051446064,8.010050863123867,0.021466188322197155
8.031517051446064,8.075744124528429,-0.0442270730823644
8.031517051446064,8.050991494526562,-0.019474443080497394
8.0268721464003,7.912839726480281,0.11403241992001956
8.0268721464003,7.766871212651916,0.26000093374838507
8.0268721464003,8.031634738236065,-0.004762591835763885
8.0268721464003,7.9428898930200775,0.08398225338022325
8.023422293100944,8.058016288000012,-0.034593994899067226
8.022276394711152,8.075760061787852,-0.053483667076699604
8.014573525916997,8.150308500656195,-0.13573497473919716
8.013228265733755,7.387699753177181,0.6255285125565742
8.011138197355576,8.033279157386842,-0.022140960031265422
8.005243055412372,8.08861778419624,-0.08337472878386798
8.00436480540245,8.02562708290106,-0.02126227749861087
8.00436480540245,8.076633963888401,-0.07226915848595183
8.003050751504619,8.174913405492699,-0.17186265398808054
8.0,8.127648218502229,-0.12764821850222852
8.0,7.99773662459529,0.0022633754047101107
8.0,7.9995157672042545,0.0004842327957454984
8.0,7.9995157672042545,0.0004842327957454984
8.0,7.998603868661629,0.0013961313383710205
8.0,8.00402073742395,-0.004020737423950038
8.0,7.718984609708502,0.2810153902914978
8.0,7.910799770911393,0.0892002290886067
8.0,7.978040195521327,0.02195980447867285
8.0,8.024468635132756,-0.024468635132755878
8.0,7.9995157672042545,0.0004842327957454984
8.0,7.9995157672042545,0.0004842327957454984
8.0,7.99838788398894,0.0016121160110600385
8.0,7.987394446579376,0.01260555342062375
8.0,7.746513188286942,0.2534868117130582
8.0,8.080049420926732,-0.0800494209267324
8.0,7.979830035822219,0.020169964177781274
8.0,7.998110524309824,0.0018894756901763898
8.0,7.964532268384616,0.03546773161538397
8.0,7.991517517706539,0.008482482293461047
8.0,7.963851654868924,0.036148345131075565
8.0,7.387985404095022,0.6120145959049781
8.0,7.713511900599921,0.2864880994000787
8.0,7.958234019246185,0.04176598075381488
8.0,7.941543286658538,0.05845671334146196
8.0,7.734451752472871,0.26554824752712936
8.0,7.888894289173968,0.11110571082603204
8.0,7.9320402234910174,0.06795977650898255
8.0,8.048026132220143,-0.048026132220142514
8.0,7.8342455752091595,0.16575442479084046
8.0,7.838520830239919,0.1614791697600806
8.0,7.985022196943311,0.014977803056688721
8.0,8.023755644691622,-0.02375564469162228
8.0,7.849044609925933,0.150955390074067
8.0,7.997183628856696,0.0028163711433037975
8.0,7.982094328244997,0.017905671755002572
8.0,7.7877625856687756,0.21223741433122445
8.0,7.900245108240156,0.09975489175984364
8.0,7.988360834875092,0.011639165124908146
8.0,7.810726471824524,0.18927352817547582
8.0,7.996692468316321,0.0033075316836788105
8.0,7.9957897331899055,0.0042102668100945095
8.0,7.910986798301099,0.0890132016989007
8.0,7.984923487145871,0.015076512854128588
8.0,8.032544846429591,-0.03254484642959099
8.0,7.994146459676036,0.005853540323964346
8.0,7.992235655923428,0.007764344076571561
8.0,7.812674352981304,0.18732564701869592
8.0,7.956762814965329,0.04323718503467067
8.0,7.982667981965497,0.01733201803450335
8.0,7.989778854942002,0.010221145057998093
8.0,7.974349495945041,0.025650504054959278
8.0,7.99745763697704,0.0025423630229601812
8.0,7.9795116033254345,0.02048839667456548
8.0,8.019903908088844,-0.019903908088844346
8.0,7.962165958776127,0.03783404122387335
8.0,7.987201725147456,0.012798274852544367
8.0,7.984869472018389,0.015130527981611408
8.0,7.9904656545487605,0.009534345451239545
8.0,7.932890350933171,0.06710964906682904
8.0,7.8606174204365304,0.13938257956346956
8.0,8.033559929923452,-0.03355992992345236
8.0,8.034804625769643,-0.034804625769643494
8.0,7.990571383633127,0.009428616366872866
8.0,7.983911013201018,0.016088986798981963
8.0,7.904794402422416,0.09520559757758384
8.0,7.993458636423942,0.006541363576057613
8.0,7.987554935520475,0.012445064479525314
8.0,7.989164166971727,0.010835833028273179
8.0,7.772098766605616,0.22790123339438395
8.0,7.9991493793919926,0.0008506206080074463
8.0,7.951903078342689,0.04809692165731061
8.0,7.832573101939491,0.16742689806050937
8.0,7.880214674876183,0.11978532512381701
8.0,7.9948990485580405,0.005100951441959545
8.0,7.982075023660288,0.017924976339712018
8.0,7.998368117100042,0.0016318828999581925
8.0,7.84566646186806,0.15433353813194017
8.0,7.99691956882344,0.0030804311765599834
8.0,8.060293024657986,-0.06029302465798558
7.992110621805479,7.996773688267047,-0.0046630664615676665
7.97469413473523,8.109983753307796,-0.13528961857256672
7.9672661637671744,7.959165617358615,0.008100546408559062
7.959398380346712,7.9311317244845965,0.028266655862115186
7.958607314841775,8.035358889611631,-0.07675157476985639
7.958607314841775,7.81795404565195,0.14065326918982457
7.958607314841775,8.069374023172049,-0.11076670833027435
7.958607314841775,7.869352287736569,0.08925502710520572
7.958607314841775,7.72888161157495,0.2297257032668245
7.958607314841775,7.8974294619686,0.061177852873174565
7.958607314841775,7.694780645276476,0.2638266695652982
7.958607314841775,8.030946005622187,-0.07233869078041266
7.958607314841775,7.831571424635233,0.1270358902065416
7.950851231752651,7.970241034801195,-0.01938980304854443
7.950781977329818,7.931405359113488,0.019376618216329966
7.943095148663527,7.798347432771483,0.14474771589204405
7.939302159646388,7.822578317988699,0.11672384165768879
7.935542010773082,8.06633685482756,-0.13079484405447772
7.924453038607469,7.814997914553244,0.1094551240542252
7.921180816901151,7.843233287084678,0.07794752981647246
7.920818753952375,7.884135324057541,0.03668342989483353
7.920818753952375,8.212308336887634,-0.2914895829352595
7.920818753952375,8.160413888304152,-0.23959513435177726
7.920818753952375,7.895512267660801,0.025306486291573727
7.920818753952375,7.950453086903042,-0.029634332950666753
7.920818753952375,7.611417694436417,0.30940105951595775
7.920818753952375,8.05144598401169,-0.13062723005931431
7.920818753952375,7.974109767488755,-0.05329101353637977
7.920818753952375,8.1490104369655,-0.22819168301312587
7.920818753952375,7.7149663330239475,0.20585242092842737
7.920818753952375,7.895447772828768,0.025370981123606917
7.920818753952375,7.995281588824184,-0.07446283487180949
7.920818753952375,7.760882369793905,0.15993638415846956
7.920818753952375,7.738403600920626,0.18241515303174882
7.920818753952375,7.828013257922964,0.09280549602941068
7.920818753952375,7.810639156920406,0.11017959703196922
7.913640169325252,7.8910461991750775,0.02259397015017406
7.910094888560602,7.904520039131668,0.005574849428933604
7.908507516498209,7.387699753177181,0.5208077633210282
7.906578314837764,7.899106100004828,0.0074722148329362525
7.892790030352131,8.107725672182001,-0.2149356418298698
7.886056647693163,8.106979394878781,-0.2209227471856181
7.886056647693163,8.05340162799413,-0.16734498030096745
7.886056647693163,7.724674019238013,0.16138262845514983
7.886056647693163,7.894721580861265,-0.008664933168102351
7.886056647693163,8.068588282294622,-0.1825316346014585
7.886056647693163,7.868248431313762,0.01780821637940111
7.886056647693163,8.058139369820305,-0.1720827221271417
7.886056647693163,7.933590721247758,-0.04753407355459505
7.886056647693163,7.897577802910572,-0.011521155217408818
7.886056647693163,7.939738833059431,-0.05368218536626834
7.886056647693163,7.932563984789133,-0.04650733709596988
7.886056647693163,7.878025852044071,0.008030795649092148
7.886056647693163,7.938941777779237,-0.052885130086074206
7.876148359032914,7.829061111283498,0.04708724774941597
7.863279432843593,7.73760898632721,0.12567044651638337
7.856985199745905,7.899106100004828,-0.04212090025892312
7.853871964321762,8.061754806680849,-0.20788284235908705
7.853871964321762,7.67202884171308,0.18184312260868207
7.853871964321762,7.319638026752082,0.5342339375696801
7.853871964321762,7.688971833156269,0.16490013116549296
7.853871964321762,7.870005471584309,-0.016133507262547475
7.853871964321762,7.831146039117141,0.0227259252046208
7.853871964321762,7.697506850288375,0.15636511403338726
7.850791809969353,7.737902316595917,0.11288949337343634
7.846701716601362,7.794144954321433,0.052556762279929004
7.845576026885353,7.7512535444128385,0.0943224824725144
7.84163750790475,7.841180572794856,0.0004569351098941965
7.837734385701978,7.698869517988265,0.1388648677137132
7.832682665251823,7.825767231661286,0.0069154335905370345
7.829738284605042,7.874687659966022,-0.044949375360980426
7.828887385319604,7.842314220349672,-0.01342683503006814
7.826813731587726,7.737104516612533,0.08970921497519324
7.823908740944319,7.9774075930412165,-0.15349885209689784
7.823908740944319,7.50479171528887,0.31911702565544875
7.823908740944319,7.7907883848407735,0.033120356103545134
7.823908740944319,7.7474118237998795,0.07649691714443918
7.823908740944319,7.712132653287559,0.11177608765675995
7.823908740944319,7.779357843153349,0.04455089779096966
7.823908740944319,7.763228059539808,0.06068068140451022
7.823908740944319,7.269742542121035,0.5541661988232836
7.823908740944319,7.871255764073462,-0.047347023129143295
7.8230410194130915,7.791731596905881,0.031309422507210805
7.818194010053928,7.681620671237103,0.13657333881682465
7.817068892298723,7.918320592271934,-0.10125169997321137
7.804100347590766,7.820365015882735,-0.01626466829196893
7.8013777094948065,7.761921748024301,0.03945596147050523
7.797241446511812,7.717277939664112,0.07996350684770004
7.795880017344075,7.58371956931608,0.21216044802799505
7.795880017344075,7.545238528214019,0.25064148913005635
7.795880017344075,7.66413259644019,0.13174742090388492
7.795880017344075,7.441622425759317,0.35425759158475767
7.795880017344075,7.643651877737781,0.15222813960629367
7.795880017344075,7.912488679376355,-0.11660866203227993
7.795880017344075,7.800964872795714,-0.005084855451639392
7.795880017344075,6.993972087652869,0.8019079296912057
7.795880017344075,7.872293258346286,-0.0764132410022107
7.79317412396815,7.808242389509974,-0.015068265541824388
7.774690718274137,7.715543815594983,0.05914690267915379
7.771217998016301,7.6057130203908985,0.16550497762540228
7.769806696356897,7.785631060918411,-0.015824364561514592
7.769551078621726,7.5550481748749245,0.21450290374680137
7.769551078621726,7.7113137506550835,0.05823732796664238
7.769551078621726,7.499805878841061,0.26974519978066525
7.769551078621726,8.222846477922896,-0.4532953993011706
7.769551078621726,7.65812725674197,0.11142382187975564
7.769551078621726,7.725447836239341,0.044103242382385055
7.769551078621726,7.7041034125313255,0.06544766609040042
7.769551078621726,8.27698195607587,-0.5074308774541443
7.763877823663264,7.770920489015688,-0.007042665352424038
7.760700520873107,7.4480900891122745,0.3126104317608327
7.756961951313706,7.77589374773421,-0.01893179642050402
7.7523666278060945,7.721767342208672,0.030599285597422643
7.752026733638194,7.7875233714321235,-0.035496637793929864
7.7495799976911055,7.791347024704385,-0.04176702701327972
7.7495799976911055,7.744640490951007,0.004939506740098132
7.744968836654449,7.43698086447989,0.3079879721745593
7.744727494896693,7.671643021810947,0.0730844730857454
7.744727494896693,7.618384334835141,0.12634316006155188
7.744727494896693,7.7311426517882875,0.013584843108405131
7.744727494896693,7.8220510638205845,-0.0773235689238918
7.744727494896693,7.702346167475966,0.042381327420726755
7.744727494896693,7.413447904221585,0.33127959067510737
7.744727494896693,7.56464338354072,0.18008411135597235
7.744727494896693,7.484471160696585,0.26025633420010763
7.738023808602187,7.6340724355352245,0.10395137306696256
7.735182176990463,7.6569323960146605,0.07824978097580271
7.728390698621168,7.730502687872398,-0.0021119892512295735
7.7281583934635005,7.754344935442773,-0.02618654197927217
7.72584215073632,7.75998530495217,-0.034143154215849236
7.721246399047171,7.522208580582126,0.19903781846504476
7.721246399047171,7.6919311795639,0.029315219483271093
7.721246399047171,7.747970036523968,-0.02672363747679718
7.721246399047171,6.750174813858368,0.9710715851888034
7.721246399047171,7.725321478033808,-0.00407507898663706
7.721246399047171,7.660670989038978,0.060575410008192776
7.721246399047171,7.717284497598348,0.003961901448823468
7.721246399047171,7.7883899295633725,-0.06714353051620137
7.721246399047171,7.904118659628435,-0.18287226058126382
7.721246399047171,7.593748944547093,0.12749745450007843
7.721246399047171,7.280730822266926,0.44051557678024533
7.718966632752272,7.869201359763556,-0.15023472701128426
7.712198270069773,7.899106100004828,-0.1869078299350555
7.707743928643524,7.780947732405156,-0.07320380376163271
7.701146923590294,7.690414880612968,0.010732042977325662
7.698970004336019,7.680413396870673,0.01855660746534582
7.698970004336019,7.512573835085351,0.18639616925066793
7.698970004336019,6.785906038106419,0.9130639662295996
7.698970004336019,7.468176813131132,0.23079319120488684
7.698970004336019,7.6553180035788735,0.04365200075714526
7.698970004336019,7.521455948840082,0.17751405549593713
7.698970004336019,7.174029052725176,0.5249409516108425
7.698970004336019,7.400133372112184,0.2988366322238347
7.698970004336019,7.588600662767732,0.11036934156828693
7.698970004336019,7.320084261920144,0.3788857424158749
7.698970004336019,7.518178120518699,0.18079188381731992
7.698970004336019,7.680575236463289,0.018394767872729645
7.698970004336019,7.758169836849057,-0.05919983251303851
7.698970004336019,7.62893216160468,0.07003784273133906
7.698970004336019,7.682695001907374,0.016275002428645102
7.698970004336019,7.767265578520937,-0.06829557418491827
7.698970004336019,7.7585725132722825,-0.05960250893626373
7.698970004336019,7.542819330864738,0.15615067347128075
7.698970004336019,7.553522086639214,0.14544791769680465
7.698970004336019,7.289601208014352,0.409368796321667
7.698970004336019,7.592924921721836,0.106045082614183
7.696803942579511,7.476317219553114,0.22048672302639716
7.694648630553377,7.689625000258204,0.005023630295172943
7.692503962086787,7.695802118495463,-0.003298156408675368
7.692503962086787,7.705954823052222,-0.013450860965434686
7.684029654543082,7.718379697556184,-0.034350043013102294
7.680061560019691,7.76851507574288,-0.08845351572318894
7.67778070526608,7.6435899815079305,0.03419072375814913
7.67778070526608,7.6514888441820235,0.026291861084056123
7.67778070526608,7.699704040176043,-0.02192333490996301
7.67778070526608,7.604630589727398,0.07315011553868178
7.67778070526608,7.380611793559941,0.29716891170613824
7.67778070526608,7.715366548521089,-0.0375858432550098
7.67778070526608,7.5378988333676755,0.13988187189840406
7.67778070526608,7.529090578169731,0.14869012709634877
7.67778070526608,7.74875748094088,-0.07097677567480076
7.67778070526608,7.444136983385426,0.23364372188065374
7.673664139071248,7.64883220285939,0.024831936211858086
7.673664139071248,7.6604750036143665,0.013189135456881829
7.671620396561262,7.6836097537096055,-0.011989357148343593
7.661344334421299,7.623318845299071,0.03802548912222825
7.658963580782055,7.740215040600513,-0.08125145981845794
7.657577319177793,7.418770005941586,0.23880731323620719
7.657577319177793,7.579062329636003,0.07851498954179004
7.657577319177793,7.694106334795188,-0.0365290156173943
7.657577319177793,7.7797250684179495,-0.12214774924015614
7.657577319177793,7.405651256992586,0.2519260621852073
7.657577319177793,7.564085365308668,0.09349195386912523
7.657577319177793,7.7369902429917214,-0.07941292381392806
7.657577319177793,7.840892001602874,-0.1833146824250802
7.657577319177793,7.643025752827703,0.014551566350090361
7.657577319177793,7.602423398970715,0.05515392020707832
7.657577319177793,7.776007260571154,-0.1184299413933605
7.657577319177793,7.687689084165968,-0.030111764988174805
7.647817481888637,7.5857293936081405,0.062088088280496834
7.645891560852599,7.730151704329733,-0.08426014347713462
7.645891560852599,7.651941230228737,-0.006049669376138489
7.645891560852599,7.406340669490121,0.23955089136247754
7.638272163982407,7.651764846894588,-0.013492682912181309
7.638272163982407,7.6757515504464875,-0.037479386464080555
7.638272163982407,7.568530219808059,0.06974194417434809
7.638272163982407,6.947613136829834,0.6906590271525728
7.638272163982407,7.684037513907977,-0.04576534992556969
7.638272163982407,7.438399557072815,0.19987260690959197
7.638272163982407,7.529852576326785,0.10841958765562154
7.638272163982407,7.751222260248967,-0.11295009626655972
7.638272163982407,6.523786206562379,1.1144859574200279
7.638272163982407,7.283143589514443,0.35512857446796353
7.638272163982407,7.588387763030266,0.049884400952141306
7.634064658465652,7.6245256259529235,0.009539032512728696
7.625251653989896,7.387699753177181,0.23755190081271493
7.619969752032169,7.516123227357439,0.10384652467473021
7.619788758288394,6.902846355717522,0.7169424025708713
7.619788758288394,7.5593780736581175,0.0604106846302761
7.619788758288394,7.42420842685554,0.19558033143285325
7.619788758288394,7.62802241825919,-0.008233659970795948
7.619788758288394,7.586117799083781,0.033670959204612494
7.619788758288394,7.791145849838445,-0.17135709155005152
7.619788758288394,7.672478609983478,-0.05268985169508422
7.619788758288394,7.328550890796738,0.29123786749165603
7.619788758288394,6.845785106642491,0.774003651645903
7.619788758288394,7.551474789588444,0.06831396869994943
7.619788758288394,7.2742376529421175,0.3455511053462761
7.6182860032185316,7.783738340553384,-0.16545233733485265
7.61261017366127,7.679626129261865,-0.0670159556005947
7.609064892896621,7.595080388910662,0.013984503985958519
7.605121533857356,7.6926920897176325,-0.0875705558602764
7.602059991327962,7.481851983796925,0.120208007531037
7.602059991327962,7.436793512688971,0.16526647863899058
7.602059991327962,7.614121541304527,-0.012061549976565722
7.602059991327962,7.848610997982501,-0.24655100665453933
7.595166283380061,7.6343903029353415,-0.039224019555280876
7.586703473032976,7.599226336490705,-0.012522863457729017
7.585026652029182,7.632152053937815,-0.0471254019086329
7.585026652029182,7.554721113050596,0.030305538978585567
7.585026652029182,7.558571239675456,0.026455412353725727
7.585026652029182,7.1798586851517925,0.4051679668773893
7.585026652029182,7.729505480796813,-0.14447882876763085
7.585026652029182,7.433418515011021,0.15160813701816078
7.585026652029182,7.5758389174211676,0.009187734608014253
7.584442810430426,7.368313937111634,0.21612887331879183
7.572040629617149,7.429269533310384,0.142771096306765
7.568958054664114,7.4875137028847565,0.08144435177935794
7.568636235841012,7.568489527236911,0.00014670860410159747
7.568636235841012,7.557398451244751,0.011237784596261235
7.567993787913952,7.627352546776145,-0.059358758862193106
7.562249437179612,7.626991025300564,-0.06474158812095165
7.560667306169737,7.681476759860776,-0.1208094536910389
7.560667306169737,7.651949814552541,-0.09128250838280394
7.560667306169737,7.630590164357517,-0.06992285818777955
7.560667306169737,7.715975418792331,-0.1553081126225937
7.560667306169737,7.5684597615507725,-0.007792455381035346
7.560667306169737,7.762399140326536,-0.2017318341567993
7.552841968657781,7.1851232282104,0.36771874044738073
7.552841968657781,7.498375099388141,0.05446686926963995
7.552841968657781,7.887183150125777,-0.3343411814679964
7.552841968657781,7.340005535796121,0.21283643286165965
7.552841968657781,7.36352456052646,0.1893174081313207
7.552841968657781,7.033339624212753,0.5195023444450273
7.552841968657781,7.324045781646911,0.2287961870108699
7.552841968657781,7.450051508756943,0.10279045990083713
7.552841968657781,6.5303349392163454,1.0225070294414351
7.552841968657781,7.543307706859606,0.009534261798174626
7.551219441251208,7.69821146495645,-0.14699202370524223
7.549750891680639,7.651715400790074,-0.10196450910943522
7.537602002101044,7.490953392613871,0.046648609487172976
7.537602002101044,7.319929733654019,0.21767226844702492
7.537602002101044,6.8504861072151755,0.6871158948858689
7.537602002101044,7.597768199658928,-0.06016619755788355
7.537602002101044,7.55506409838175,-0.017462096280705275
7.537602002101044,7.48844437233452,0.04915762976652438
7.536109575326312,7.666259627901897,-0.1301500525755852
7.536107011014092,7.503868113798092,0.032238897216000595
7.536107011014092,7.509628532245073,0.026478478769019098
7.525783735923745,7.621884503313084,-0.09610076738933948
7.523023534240472,7.448711744484864,0.07431178975560737
7.522878745280337,7.567346593262286,-0.044467847981948694
7.522878745280337,7.421590408858987,0.1012883364213506
7.522878745280337,7.437229368993556,0.08564937628678138
7.522878745280337,7.804366732369297,-0.2814879870889593
7.522878745280337,7.38766639274424,0.1352123525360973
7.522878745280337,7.618685686429908,-0.09580694114957033
7.522878745280337,7.434257643463755,0.08862110181658256
7.522878745280337,7.477904916028757,0.04497382925158
7.522878745280337,7.238159465215647,0.2847192800646905
7.522878745280337,7.46019678366186,0.06268196161847772
7.522878745280337,7.525116936791366,-0.0022381915110285533
7.522878745280337,6.919243149168776,0.6036355961115616
7.522878745280337,7.676331242433502,-0.15345249715316456
7.522878745280337,7.4933432765990045,0.029535468681332944
7.522444884514724,7.403801197920386,0.11864368659433744
7.51999305704285,7.403769479458296,0.11622357758455415
7.508638306165727,7.573524703867645,-0.06488639770191806
7.508638306165727,7.24537497292411,0.26326333324161677
7.508638306165727,7.5839410813995904,-0.07530277523386353
7.494850021680094,7.286166533384074,0.20868348829601935
7.494850021680094,7.6480058697060045,-0.15315584802591076
7.494850021680094,7.475139761181927,0.01971026049816693
7.494850021680094,7.621007627811634,-0.1261576061315406
7.493494967595128,7.528459994416458,-0.034965026821330625
7.490797477668897,7.371406120026695,0.11939135764220232
7.490797477668897,7.495444317681971,-0.00464684001307436
7.486141768895504,7.495444317681971,-0.009302548786467746
7.481486060122112,7.233659070094324,0.24782699002778763
7.481486060122112,7.400223967191365,0.08126209293074727
7.481486060122112,7.2711080507045605,0.21037800941755158
7.481486060122112,7.523457945533878,-0.04197188541176633
7.477886961443659,7.487025943354533,-0.009138981910874477
7.47755576649368,7.113485319522391,0.3640704469712892
7.468521082957745,7.480547600673021,-0.012026517715276519
7.468521082957745,6.845785106642491,0.622735976315254
7.468521082957745,7.442193668769787,0.02632741418795792
7.468521082957745,7.478972280656891,-0.010451197699146597
7.468521082957745,7.502711255948579,-0.03419017299083471
7.457363632483233,7.500339629346556,-0.04297599686332276
7.455931955649724,7.294312056647049,0.16161989900267493
7.455931955649724,7.379921445243441,0.0760105104062836
7.455931955649724,7.522985374892249,-0.06705341924252473
7.455931955649724,7.560270567433446,-0.10433861178372172
7.455931955649724,7.368918446618824,0.08701350903090077
7.448550002027125,7.423653436636431,0.024896565390694292
7.447331783887806,7.49309873435025,-0.04576695046244339
7.446116973356125,7.418526753880769,0.027590219475356115
7.443697499232712,7.353129787745012,0.09056771148769993
7.443697499232712,7.3069386278711885,0.13675887136152376
7.443697499232712,7.382998408124703,0.06069909110800964
7.443697499232712,7.099994870148164,0.3437026290845484
7.432033093176845,7.334823006385629,0.09721008679121557
7.431798275933005,7.358627976190459,0.07317029974254563
7.431798275933005,7.45808799164613,-0.02628971571312455
7.429457060118103,7.410711051256564,0.01874600886153832
7.429457060118103,7.40454200749488,0.024915052623223133
7.42021640338319,7.34868639617477,0.07153000720841973
7.42021640338319,7.264982799713676,0.15523360366951344
7.42021640338319,7.355391228631797,0.06482517475139282
7.42021640338319,7.554796609881134,-0.13458020649794378
7.42021640338319,7.374579033224158,0.045637370159031576
7.415309752344025,7.379379754855363,0.03592999748866177
7.411168274405792,7.179784943079239,0.23138333132655298
7.4089353929735005,7.443933738757579,-0.034998345784078566
7.4089353929735005,7.297937018152264,0.11099837482123665
7.4089353929735005,7.401770412884656,0.007164980088844253
7.4089353929735005,7.380702619085649,0.028232773887851614
7.4089353929735005,7.371705171603483,0.037230221370017524
7.405607449624574,7.216542327679222,0.18906512194535186
7.404503778174426,7.552128650441526,-0.14762487226709986
7.401209493236885,7.511929981290818,-0.11072048805393297
7.398048595866478,7.397255118112789,0.000793477753688876
7.397940008672037,6.87664414173217,0.5212958669398668
7.397940008672037,7.167612136155704,0.2303278725163329
7.397940008672037,7.37421482403189,0.0237251846401465
7.397940008672037,7.145852279994518,0.2520877286775187
7.397940008672037,7.140264558327381,0.25767545034465567
7.397940008672037,7.26740581889212,0.13053418977991704
7.397940008672037,7.397255118112789,0.0006848905592473642
7.397940008672037,7.15812342629411,0.23981658237792658
7.397940008672037,6.739338796884222,0.6586012117878148
7.397940008672037,7.214991262652897,0.18294874601913946
7.397940008672037,7.2754952550737695,0.12244475359826712
7.397940008672037,7.139223861235282,0.258716147436755
7.397940008672037,7.195783886139235,0.20215612253280124
7.393618634889395,7.4180209916303195,-0.02440235674092417
7.392544976785332,7.369735355531463,0.02280962125386843
7.392544976785332,7.377045631183283,0.015499345602048464
7.387216143280264,7.441438800230959,-0.05422265695069495
7.387216143280264,7.3370472802981075,0.05016886298215617
7.387216143280264,7.383458198761182,0.003757944519081846
7.387216143280264,7.4927600086844866,-0.10554386540422289
7.387110243623958,7.260579411944468,0.12653083167949042
7.379351306445003,7.562644636065178,-0.18329332962017464
7.376957565753618,6.643209328145829,0.7337482376077888
7.376957565753618,7.30780207032362,0.06915549542999777
7.376750709602099,7.729818891104452,-0.3530681815023531
7.376750709602099,7.64061034808168,-0.2638596384795804
7.376750709602099,7.329675148132302,0.0470755614697973
7.376750709602099,7.341871316208501,0.0348793933935978
7.376750709602099,7.47216227924745,-0.0954115696453508
7.370590400897282,7.4602633662825975,-0.08967296538531588
7.366531544420414,7.410386532357001,-0.043854987936587264
7.366531544420414,7.293795662109082,0.07273588231133221
7.366531544420414,7.168370613852872,0.1981609305675418
7.366531544420414,7.076190453475179,0.2903410909452351
7.365522729839268,8.210027072353764,-0.8445043425144965
7.365172324610844,7.3123682607966245,0.05280406381421976
7.358679881789029,7.6201450596312785,-0.26146517784224965
7.356547323513812,7.156350175380152,0.20019714813366019
7.356547323513812,7.506420750261081,-0.149873426747269
7.356547323513812,7.144197417805117,0.21234990570869527
7.349692476868063,7.334751754873187,0.014940721994876505
7.349692476868063,7.337826446819561,0.01186603004850273
7.346787486224656,7.273677205337952,0.0731102808867039
7.346787486224656,7.288367137662477,0.058420348562179036
7.346787486224656,7.033339624212753,0.3134478620119028
7.346787486224656,7.408819259884684,-0.06203177366002777
7.346787486224656,7.268274987197834,0.07851249902682245
7.346787486224656,7.165575339422546,0.1812121468021104
7.346787486224656,7.372915815595369,-0.026128329370712855
7.346787486224656,7.399338273942448,-0.052550787717791536
7.346787486224656,7.385518236099036,-0.03873074987437963
7.3448615651886175,7.342272743824454,0.002588821364163607
7.3448615651886175,7.335386842467355,0.009474722721262374
7.338187314462739,7.3082287364333505,0.029958578029388505
7.337242168318426,7.227414756552111,0.1098274117663145
7.33630009638115,7.199807038588113,0.13649305779303678
7.329754146925876,7.337604157234785,-0.00785001030890875
7.327994554977048,6.944279108637695,0.3837154463393526
7.327902142064282,7.763084177703043,-0.43518203563876057
7.327902142064282,7.331690484335864,-0.003788342271581868
7.327902142064282,7.392435631411055,-0.06453348934677283
7.327902142064282,7.293866487778649,0.034035654285633044
7.327902142064282,7.31549896218521,0.012403179879072468
7.327902142064282,7.363833544838955,-0.03593140277467288
7.326058001365912,7.336000291342944,-0.009942289977032281
7.318758762624412,7.250610279793131,0.0681484828312815
7.318758762624412,7.1842564331344905,0.1345023294899219
7.318758762624412,6.828655119552266,0.49010364307214616
7.318758762624412,7.161387317512943,0.15737144511146894
7.318758762624412,7.4362206270065485,-0.11746186438213613
7.318758762624412,7.286497551097065,0.03226121152734773
7.318758762624412,7.506114887502045,-0.18735612487763298
7.318615552998157,7.3032213800483765,0.015394172949780405
7.309803919971486,7.082784058005913,0.227019861965573
7.309803919971486,7.190403383354938,0.11940053661654826
7.309803919971486,7.385135675633102,-0.0753317556616162
7.309803919971486,7.102136477462912,0.2076674425085745
7.301073429455696,7.342883534929923,-0.04181010547422748
7.301029995663981,7.212516293428841,0.0885137022351401
7.301029995663981,6.993339936628759,0.30769005903522206
7.301029995663981,7.135987110298195,0.1650428853657866
7.301029995663981,7.149095848451517,0.15193414721246423
7.301029995663981,7.087636984590104,0.21339301107387687
7.301029995663981,7.334104523229428,-0.03307452756544649
7.300162274132754,7.287910224286553,0.012252049846201096
7.2971561066636115,7.30937075845506,-0.012214651791448539
7.294139653531132,7.365087881192429,-0.07094822766129738
7.292429823902063,7.131916717113236,0.16051310678882746
7.292429823902063,7.260424329762443,0.032005494139620616
7.292429823902063,7.2278788861936505,0.0645509377084128
7.292429823902063,7.424135731039673,-0.13170590713760966
7.292429823902063,7.269764701847839,0.02266512205422444
7.292429823902063,7.105910128357743,0.18651969554432046
7.2839966563652,7.266141807773946,0.01785484859125397
7.2839966563652,6.924887139060295,0.3591095173049048
7.2839966563652,7.179007579145858,0.10498907721934181
7.275724130399211,7.090395884292222,0.18532824610698917
7.275724130399211,6.774347785496797,0.5013763449024138
7.275724130399211,7.662350070229955,-0.38662593983074434
7.275724130399211,7.228723777527104,0.04700035287210724
7.275724130399211,7.262413702208036,0.013310428191174672
7.27441392124373,7.265296569191836,0.009117352051894123
7.268008550981071,7.110405809431348,0.15760274154972276
7.267606240177031,7.168603171304539,0.09900306887249233
7.267606240177031,6.973696165648486,0.29391007452854456
7.267606240177031,7.174057276555881,0.09354896362115017
7.267606240177031,7.323404871161899,-0.05579863098486815
7.266000713461613,7.312571317922144,-0.04657060446053052
7.259637310505756,7.356938442114825,-0.09730113160906928
7.259637310505756,7.273344778509465,-0.013707468003708811
7.259637310505756,7.332612412426688,-0.0729751019209317
7.259637310505756,7.181239196068676,0.07839811443708022
7.259637310505756,7.430551950833209,-0.17091464032745307
7.259637310505756,7.237273875158719,0.022363435347036997
7.259637310505756,7.276349484383179,-0.016712173877422742
7.259637310505756,7.324717617797729,-0.06508030729197323
7.259637310505756,7.33925743252383,-0.07962012201807411
7.259637310505756,7.321589811432912,-0.06195250092715643
7.259637310505756,7.329805486940599,-0.07016817643484341
7.259637310505756,7.344634828830227,-0.08499751832447089
7.259637310505756,7.340010191446732,-0.08037288094097583
7.259637310505756,7.354678352798101,-0.09504104229234489
7.259637310505756,7.286734140582209,-0.027096830076453138
7.259637310505756,7.1696296780198985,0.09000763248585741
7.259637310505756,7.3850992980701005,-0.12546198756434457
7.259637310505756,7.222976058138073,0.036661252367682806
7.259637310505756,7.161281613478922,0.09835569702683422
7.259637310505756,7.242218864430226,0.01741844607552956
7.259637310505756,7.110910168634729,0.14872714187102698
7.259637310505756,7.225956946044233,0.03368036446152267
7.259637310505756,7.21470213742918,0.04493517307657591
7.259637310505756,7.270626545900372,-0.01098923539461616
7.259637310505756,7.301049450200702,-0.041412139694946504
7.259637310505756,7.247907470240164,0.011729840265592095
7.251811972993799,7.392087119538914,-0.14027514654511464
7.251811972993799,7.243484722846829,0.008327250146970222
7.251811972993799,7.192728583759186,0.05908338923461365
7.251811972993799,7.2872814841230085,-0.03546951112920915
7.251811972993799,7.201544304435839,0.050267668557959944
7.251811972993799,7.158261745211011,0.09355022778278865
7.251037828712369,7.037012930230329,0.2140248984820401
7.248720896016658,7.500579202897145,-0.2518583068804876
7.245271042717301,7.21528885026961,0.02998219244769018
7.244125144327507,7.246963546283128,-0.0028384019556213502
7.244125144327507,7.1481716143311695,0.09595352999633722
7.244125144327507,7.272951201576166,-0.02882605724865961
7.239577516576788,7.47976608813325,-0.24018857155646156
7.2373214362725635,7.454378347045358,-0.21705691077279443
7.236572006437063,6.982456933981088,0.2541150724559751
7.236572006437063,7.178971645090797,0.05760036134626567
7.236572006437063,7.201704526198769,0.03486748023829378
7.235077015350111,7.179784943079239,0.05529207227087163
7.229147988357855,7.0752217180511305,0.1539262703067248
7.229147988357855,7.272053429822956,-0.04290544146510111
7.229147988357855,7.191239245909017,0.03790874244883824
7.229147988357855,7.21974316527596,0.009404823081895053
7.229147988357855,7.223419656264416,0.00572833209343937
7.224025668870631,7.21443544512409,0.009590223746540616
7.221848749616356,7.184938269802069,0.036910479814286745
7.221848749616356,6.028577362433335,1.193271387183021
7.221848749616356,7.140931594493249,0.08091715512310671
7.221848749616356,7.062743708173283,0.15910504144307325
7.221848749616356,7.1833525714229,0.038496178193455854
7.221848749616356,6.3186056963213595,0.9032430532949967
7.221848749616356,6.6739892446762665,0.5478595049400896
7.221848749616356,7.025576946500681,0.19627180311567471
7.221848749616356,7.115197606705828,0.10665114291052813
7.221848749616356,7.1528573774279876,0.0689913721883686
7.221631710876696,7.316406527801924,-0.09477481692522804
7.2168113089247425,7.22062449265643,-0.003813183731687708
7.215955486182618,7.3342893409927425,-0.1183338548101247
7.215026290045599,7.212965759601741,0.0020605304438578997
7.214670164989233,7.209291219012657,0.005378945976575622
7.214670164989233,7.212965759601741,0.0017044053874917253
7.214670164989233,6.976389074936994,0.2382810900522392
7.214670164989233,6.61980748635084,0.5948626786383926
7.207608310501746,7.1466980488989496,0.06091026160279611
7.207608310501746,7.1893489001657755,0.018259410335970117
7.207608310501746,7.751332494436109,-0.543724183934363
7.207608310501746,7.189013330320901,0.018594980180844267
7.2058921673855005,7.213492617291458,-0.007600449905957873
7.20342566678957,7.178445355392466,0.02498031139710477
7.202417292604885,7.13683974985704,0.06557754274784511
7.200659450546418,7.2248346209010545,-0.024175170354636677
7.200659450546418,7.232705311935234,-0.03204586138881638
7.200659450546418,7.230260745739292,-0.029601295192874133
7.200659450546418,7.1212434949546175,0.07941595559180037
7.200315045651141,7.336847934323094,-0.1365328886719528
7.199593568512473,7.044934029674054,0.15465953883841888
7.199480900891103,6.6383106524223745,0.5611702484687289
7.1938200260161125,7.060059516302733,0.1337605097133796
7.1938200260161125,7.2004061776769985,-0.006586151660886053
7.1938200260161125,7.81795404565195,-0.6241340196358376
7.189969213594161,7.132407906618034,0.057561306976126936
7.187086643357144,7.069477681899742,0.1176089614574023
7.187086643357144,7.146512282246961,0.04057436111018298
7.187086643357144,7.08289013146763,0.10419651188951473
7.1807553715226815,7.113702881655241,0.06705248986744028
7.180456064458131,7.304352418812795,-0.12389635435466406
7.180456064458131,7.1376862323131895,0.04276983214494123
7.180456064458131,7.131684632266741,0.048771432191389685
7.180456064458131,7.204911594808964,-0.024455530350833143
7.180456064458131,6.532563788674187,0.6478922757839438
7.175819994509534,7.062364301861353,0.11345569264818067
7.173925197299173,6.885785288688347,0.28813990861082583
7.167491087293763,6.977583016922087,0.18990807037167645
7.167491087293763,7.13328970694973,0.03420138034403308
7.167491087293763,7.055871128197235,0.11161995909652855
7.167491087293763,7.089339410726449,0.07815167656731425
7.167491087293763,7.163364432917225,0.004126654376538141
7.167491087293763,7.040795418259695,0.12669566903406881
7.1666616110606025,7.1910070984051595,-0.024345487344556993
7.161150909262744,7.084085531667923,0.07706537759482135
7.161150909262744,6.832675361942837,0.3284755473199077
7.161150909262744,7.197960280473028,-0.036809371210283715
7.161150909262744,7.211663048038853,-0.05051213877610827
7.161150909262744,7.065687010060634,0.09546389920211062
7.157390760389438,7.206036193449245,-0.048645433059807175
7.154901959985743,7.154952310414897,-5.0350429154022436e-05
7.154901959985743,7.154901959985743,0.0
7.154901959985743,7.154196666505248,0.0007052934804949729
7.154901959985743,7.14964898869158,0.005252971294162911
7.154901959985743,7.154901959985743,0.0
7.154901959985743,7.154901959985743,0.0
7.154901959985743,6.849968754999057,0.3049332049866864
7.154901959985743,6.9672604351237934,0.18764152486194963
7.154901959985743,7.153338071274324,0.0015638887114191036
7.154901959985743,7.154901959985743,0.0
7.154901959985743,7.1529494512426455,0.001952508743097603
7.154901959985743,7.153223061751937,0.001678898233806514
7.154901959985743,7.155093811523714,-0.0001918515379708552
7.154901959985743,7.151191944518397,0.0037100154673463948
7.154901959985743,7.153436016667837,0.00146594331790606
7.154901959985743,7.154901959985743,0.0
7.154901959985743,7.154244409618068,0.0006575503676753414
7.154901959985743,7.155449043410004,-0.000547083424261352
7.154901959985743,7.150982324739069,0.003919635246673714
7.154901959985743,7.14261112726659,0.012290832719153322
7.154901959985743,6.975620701366998,0.17928125861874467
7.154901959985743,7.168142531437073,-0.013240571451329508
7.154901959985743,7.082771340949392,0.07213061903635065
7.154901959985743,7.15514478002981,-0.00024282004406650515
7.154901959985743,7.15298411103322,0.0019178489525231157
7.154901959985743,7.145566227783682,0.009335732202060854
7.154901959985743,7.15302194340381,0.0018800165819330417
7.154901959985743,7.1520296819149785,0.0028722780707646223
7.154901959985743,7.154901959985743,0.0
7.154901959985743,7.154901959985743,0.0
7.1487416512809245,7.146868485050104,0.0018731662308208996
7.1487416512809245,7.1572496794859415,-0.008508028205016949
7.1487416512809245,6.959490319768313,0.18925133151261164
7.145693958198919,7.156038476959485,-0.010344518760565968
7.1444808443322,7.165577979085766,-0.021097134753565783
7.142667503568731,7.13263931694807,0.010028186620661295
7.142667503568731,6.935912560161551,0.20675494340718004
7.142667503568731,7.227001887067006,-0.08433438349827505
7.136677139879544,7.217023645060079,-0.08034650518053521
7.136677139879544,7.048616397224615,0.08806074265492914
7.136677139879544,6.990021524935704,0.14665561494383983
7.136677139879544,7.241910266600705,-0.10523312672116081
7.136677139879544,7.43698086447989,-0.3003037246003455
7.130768280269024,6.829819013687804,0.30094926658121945
7.130768280269024,7.11206248648322,0.018705793785803948
7.130768280269024,7.131971789293391,-0.0012035090243669444
7.130768280269024,6.926202763409215,0.20456551685980884
7.129596094720973,7.139886162728865,-0.010290068007892117
7.1249387366083,7.127489829389847,-0.002551092781547304
7.1249387366083,6.778491333062563,0.3464474035457368
7.1249387366083,7.157172657437221,-0.03223392082892129
7.119186407719209,6.908059626298856,0.21112678142035257
7.1180450286604,7.0516685571140165,0.06637647154638326
7.113509274827518,7.1759317230450765,-0.062422448217558824
7.113509274827518,7.006529755036029,0.1069795197914889
7.107905397309519,7.113442812304741,-0.005537414995221646
7.107905397309519,7.155510221260995,-0.047604823951475694
7.102372908709558,6.946236972363704,0.1561359363458541
7.096910013008056,7.285285985940046,-0.18837597293198982
7.096910013008056,6.771033464197425,0.32587654881063166
7.096910013008056,7.133632796011937,-0.036722783003880544
7.096910013008056,7.21899783328194,-0.12208782027388398
7.096910013008056,7.030065282707012,0.06684473030104421
7.096910013008056,6.997839114561466,0.09907089844659023
7.096910013008056,7.054221513182349,0.042688499825707105
7.096910013008056,5.96805291501896,1.128857097989096
7.091514981121351,7.009838015005271,0.08167696611608033
7.091514981121351,6.982989744700082,0.10852523642126943
7.091514981121351,6.868093030617762,0.2234219505035897
7.090228032229065,6.811147993177991,0.2790800390510748
7.086716098239582,7.037481004890637,0.049235093348944936
7.086186147616283,6.754167194213183,0.33201895340310017
7.080921907623926,7.1842564331344905,-0.10333452551056421
7.080921907623926,7.024996600732532,0.0559253068913943
7.080921907623926,7.037083688692085,0.04383821893184159
7.075720713938118,6.849652276157428,0.22606843778068964
7.075720713938118,7.115511312000201,-0.039790598062083404
7.075720713938118,7.076469750048153,-0.0007490361100348508
7.070581074285707,7.0198340224360765,0.05074705184963069
7.070581074285707,7.005583976836541,0.06499709744916604
7.0655015487564325,6.951014801329421,0.11448674742701126
7.0655015487564325,6.307146999733937,0.7583545490224957
7.064996848546345,7.068612526899047,-0.0036156783527019343
7.064996848546345,7.058459551961191,0.006537296585154451
7.064492734175287,6.296647721123379,0.7678450130519083
7.055517327849831,7.0876794904979095,-0.032162162648078585
7.055517327849831,7.011561872638345,0.043955455211485805
7.055517327849831,6.93593280295226,0.11958452489757132
7.055517327849831,7.076260260022514,-0.020742932172683304
7.050609993355087,7.023072686132239,0.02753730722284775
7.050609993355087,7.205076657256139,-0.15446666390105257
7.050609993355087,7.013561998636547,0.03704799471853981
7.050609993355087,7.053007739731858,-0.0023977463767712592
7.047691990337874,7.010468994668366,0.037222995669508485
7.046240308266771,8.051620357450433,-1.0053800491836622
7.04599883231843,6.564839814647268,0.4811590176711622
7.04599883231843,7.013356473945457,0.032642358372973135
7.045757490560675,6.675335023120507,0.37042246744016794
7.045757490560675,6.974813566751869,0.0709439238088061
7.045757490560675,6.947279690665234,0.09847779989544048
7.045757490560675,6.981009540425435,0.06474795013523948
7.045757490560675,6.874491330400051,0.17126616016062357
7.045757490560675,6.879909068199216,0.16584842236145914
7.045757490560675,6.676164588659517,0.3695929019011581
7.045757490560675,7.034641032412066,0.011116458148609176
7.045757490560675,6.836266452678176,0.2094910378824988
7.045757490560675,6.908461427748417,0.1372960628122577
7.045757490560675,6.984023493156227,0.06173399740444818
7.045757490560675,6.722425590126082,0.32333190043459314
7.045757490560675,6.910209257397325,0.13554823316334996
7.045757490560675,7.003412582094353,0.04234490846632166
7.045757490560675,6.974895814465544,0.07086167609513083
7.045757490560675,7.038925950476246,0.006831540084428767
7.045757490560675,7.020946868772946,0.024810621787728415
7.045757490560675,6.593432310278109,0.45232518028256585
7.045757490560675,7.166583420785242,-0.12082593022456756
7.045757490560675,6.83127208194118,0.2144854086194945
7.042871802323187,7.114785075005543,-0.07191327268235526
7.040958607678906,7.017666115616392,0.023292492062513936
7.040958607678906,6.983265590582674,0.057693017096232424
7.040958607678906,6.902478905029405,0.1384797026495015
7.040481623027002,7.071543170987277,-0.031061547960274716
7.040481623027002,7.097212876645331,-0.05673125361832909
7.036212172654444,6.838955919267518,0.19725625338692687
7.033858267260968,7.2031604055404905,-0.16930213827952212
7.031517051446065,7.107238544171878,-0.07572149272581274
7.031517051446065,7.326128532257736,-0.2946114808116711
7.026872146400302,6.937339929290017,0.08953221711028458
7.022276394711152,6.997428646279338,0.024847748431814587
7.022276394711152,6.923908051623321,0.09836834308783171
7.022276394711152,7.06697272242136,-0.044696327710207484
7.017728766960431,6.9958949008538065,0.021833866106624633
7.017728766960431,7.061555186531976,-0.04382641957154476
7.017728766960431,6.951350417950405,0.06637834901002648
7.013228265733755,6.7284873021484355,0.2847409635853193
7.013228265733755,7.0512134537673905,-0.03798518803363571
7.008773924307505,6.958844276569689,0.04992964773781594
7.00436480540245,6.6581998889636544,0.3461649164387959
7.00436480540245,6.867515362315218,0.13684944308723246
7.001304841688344,7.037481004890637,-0.03617616320229278
7.0,6.960409376976168,0.039590623023832094
7.0,6.855803180440502,0.1441968195594976
7.0,6.998706550371836,0.0012934496281635788
7.0,6.965766784624952,0.034233215375047976
7.0,6.844326780384372,0.15567321961562808
7.0,6.874037548005962,0.1259624519940381
7.0,6.972242979687612,0.02775702031238758
7.0,6.853309228328808,0.14669077167119227
7.0,6.7925258027081235,0.20747419729187655
7.0,6.932235236156304,0.06776476384369623
7.0,6.94981678868744,0.05018321131255998
7.0,6.78294409802621,0.2170559019737901
7.0,7.034372702533736,-0.034372702533736366
7.0,6.944046833893612,0.0559531661063879
7.0,6.741531866794553,0.25846813320544726
7.0,6.998034923985163,0.001965076014837308
7.0,6.97854864975648,0.021451350243520295
7.0,6.994744722860296,0.005255277139704084
7.0,6.987984316606877,0.012015683393123311
7.0,6.954954485701919,0.04504551429808057
7.0,6.961546366684059,0.03845363331594065
7.0,7.00268931691348,-0.0026893169134796224
7.0,6.995918820262777,0.004081179737222662
7.0,6.976047813155241,0.02395218684475875
7.0,6.942501020892923,0.05749897910707702
7.0,6.98579315678911,0.014206843210890163
7.0,6.907084745979001,0.09291525402099943
7.0,6.955297436067996,0.044702563932004225
7.0,6.697373605508718,0.30262639449128237
7.0,6.955650348601492,0.044349651398507994
7.0,7.114985414121763,-0.11498541412176344
7.0,6.916813595255802,0.0831864047441977
7.0,6.952339076339878,0.0476609236601222
7.0,6.99259510731713,0.0074048926828700345
7.0,6.959826895469994,0.04017310453000622
7.0,7.159538709406215,-0.15953870940621506
7.0,6.971422385592706,0.028577614407294227
7.0,6.962106461937509,0.03789353806249096
7.0,6.9414619610091135,0.0585380389908865
7.0,6.9569645643496925,0.04303543565030754
7.0,6.9820197965904205,0.01798020340957951
6.995678626217357,7.839519123832445,-0.843840497615088
6.991399828238082,7.027020249306323,-0.03562042106824137
6.991399828238082,7.011788161181163,-0.020388332943080734
6.991399828238082,7.030293901351474,-0.03889407311339177
6.987162775294828,7.00289727048591,-0.015734495191082054
6.987162775294828,7.0516685571140165,-0.06450578181918853
6.982966660701219,7.001643197103954,-0.01867653640273481
6.978810700930062,6.804725553661635,0.1740851472684266
6.974039090143621,7.177913778776181,-0.20387468863255975
6.97061622231479,6.949566583807186,0.021049638507604662
6.97061622231479,6.948484176012628,0.022132046302162145
6.96657624451305,6.986347448543911,-0.019771204030861078
6.96657624451305,6.899030599307516,0.06754564520553341
6.963371838403274,6.990988147762459,-0.027616309359184577
6.958607314841775,6.849292588119537,0.10931472672223741
6.958607314841775,6.892645226785165,0.06596208805660986
6.958607314841775,6.733103006670274,0.2255043081715007
6.958607314841775,6.969107951872347,-0.01050063703057269
6.958607314841775,6.936892357829692,0.02171495701208226
6.958607314841775,6.590290727189624,0.36831658765215103
6.958607314841775,5.640181043415322,1.3184262714264525
6.958607314841775,7.029574263041959,-0.07096694820018445
6.958607314841775,6.930673128134696,0.027934186707078368
6.958607314841775,6.836063815853533,0.12254349898824124
6.958607314841775,6.658999103069214,0.2996082117725605
6.958607314841775,7.1696164066813655,-0.21100909183959082
6.950781977329818,5.997559795287849,0.9532221820419693
6.950781977329818,6.978811323349264,-0.028029346019446066
6.950781977329818,6.783921020629957,0.16686095669986134
6.950781977329818,7.2057527586504095,-0.2549707813205915
6.946998429599692,6.365416205873732,0.5815822237259596
6.943095148663527,7.006181902319894,-0.06308675365636685
6.935991513468276,6.258297472394762,0.6776940410735142
6.935542010773082,6.662640085167756,0.2729019256053258
6.935542010773082,6.881700891838381,0.05384111893470056
6.935542010773082,6.677910277924836,0.25763173284824603
6.935542010773082,7.102501309837829,-0.1669592990647475
6.935542010773082,6.9481648063259245,-0.012622795552842625
6.931814138253838,6.897210837637485,0.03460330061635286
6.931073020671121,7.001612847229335,-0.070539826558214
6.928117992693874,6.65378628751547,0.2743317051784038
6.924453038607469,6.965439445319342,-0.04098640671187326
6.924453038607469,6.9240214949975885,0.00043154360988051366
6.920818753952375,6.753139625209357,0.1676791287430177
6.920818753952375,6.955588811665297,-0.03477005771292241
6.920818753952375,6.881714898141614,0.03910385581076081
6.920818753952375,6.889961421359697,0.030857332592677977
6.920818753952375,6.844786395288279,0.0760323586640963
6.920818753952375,6.3186056963213595,0.6022130576310154
6.920818753952375,6.816266390197531,0.104552363754844
6.920818753952375,6.966270878825877,-0.04545212487350181
6.920818753952375,6.973509953940723,-0.052691199988347925
6.920818753952375,6.960409376976168,-0.039590623023793015
6.917214629683549,6.881800386434954,0.03541424324859488
6.913640169325252,6.92808982212103,-0.014449652795778256
6.913640169325252,6.909872607563714,0.0037675617615375856
6.903089986991944,6.944876568074623,-0.041786581082678964
6.903089986991944,6.899374988102611,0.003714998889332577
6.903089986991944,6.605603362948407,0.297486624043537
6.903089986991944,6.830582830411279,0.07250715658066476
6.903089986991944,6.993707357977073,-0.09061737098512967
6.902985768821967,6.899374988102611,0.003610780719355944
6.899629454882437,6.9457049150361065,-0.04607546015366992
6.899629454882437,6.705797536906823,0.19383191797561405
6.899629454882437,6.835673211601951,0.06395624328048566
6.899629454882437,6.325224195096465,0.5744052597859719
6.899629454882437,6.5593272326376475,0.3403022222447891
6.892993653618456,6.902342913464837,-0.00934925984638113
6.892790030352131,7.179784943079239,-0.2869949127271081
6.892790030352131,6.875060372833522,0.017729657518609443
6.890253581016719,7.075360700786557,-0.18510711976983796
6.889410289700751,6.946905686427777,-0.05749539672702575
6.889410289700751,6.8127478343856716,0.07666245531507965
6.889242023717165,6.9197174232348075,-0.03047539951764211
6.886056647693163,6.883227446150022,0.0028292015431414796
6.886056647693163,7.096856234728673,-0.21079958703550972
6.886056647693163,6.715016765876526,0.17103988181663698
6.886056647693163,6.83848407858691,0.047572569106253404
6.886056647693163,6.858482576326482,0.027574071366680997
6.886056647693163,6.84864860826767,0.0374080394254932
6.886056647693163,6.783462470141398,0.10259417755176514
6.882728704344236,6.844647445165787,0.03808125917844851
6.8794260687941495,6.789077382993455,0.0903486858006941
6.876148359032914,6.8282730772623275,0.04787528177058675
6.876148359032914,6.975224366101723,-0.09907600706880881
6.876148359032914,6.861544158113333,0.014604200919580812
6.8696662315049934,7.320385230400478,-0.4507189988954847
6.866461091629782,6.848458720897987,0.01800237073179556
6.866461091629782,6.603201828257756,0.2632592633720261
6.863279432843593,6.813725453864069,0.049553978979524516
6.863279432843593,6.918317200633735,-0.055037767790141245
6.860120913598763,6.761200972100266,0.09891994149849737
6.860120913598763,6.7563745151578285,0.10374639844093458
6.856985199745905,6.794946142416898,0.06203905732900683
6.853996066189131,6.608354175889244,0.24564189029988714
6.853871964321762,6.595643135704209,0.25822882861755314
6.853871964321762,6.911452474864808,-0.057580510543045804
6.853871964321762,6.658777606176192,0.1950943581455702
6.853871964321762,6.446450423561909,0.40742154075985315
6.853871964321762,6.669705555272205,0.18416640904955717
6.853871964321762,6.755509918301646,0.09836204602011556
6.853871964321762,6.748474359279231,0.1053976050425307
6.853871964321762,6.853761538555491,0.00011042576627051659
6.853871964321762,6.635060638771725,0.21881132555003724
6.85078088734462,6.735182742286999,0.11559814505762134
6.85078088734462,6.85892892624144,-0.008148038896819365
6.847711655616944,6.4436023069487005,0.40410934866824366
6.847711655616944,6.901114868232051,-0.053403212615107165
6.844663962534938,6.1096359500898405,0.7350280124450972
6.84163750790475,6.878133008803043,-0.03649550089829301
6.83889035263304,6.8087335535399465,0.030156799093093767
6.838631997765026,6.820685425894128,0.017946571870897543
6.835647144215563,6.724127969867688,0.11151917434787517
6.832682665251824,6.567840445073556,0.2648422201782683
6.8297382846050425,6.7792558269077405,0.050482457697301975
6.826813731587726,6.793192693064563,0.03362103852316256
6.826813731587726,6.829277492796921,-0.0024637612091948924
6.826813731587726,6.762587080010773,0.06422665157695295
6.826813731587726,6.839382912531838,-0.01256918094411219
6.823908740944319,6.846004648664323,-0.02209590772000425
6.823908740944319,6.821555529106308,0.002353211838010516
6.823908740944319,6.862692602440213,-0.038783861495894634
6.823908740944319,6.9364962618570445,-0.11258752091272584
6.823908740944319,6.303042992159458,0.5208657487848605
6.823908740944319,6.5089543306023145,0.3149544103420041
6.823908740944319,6.24811842977459,0.5757903111697287
6.823908740944319,6.828671741988363,-0.004763001044044479
6.823908740944319,6.907065753528019,-0.08315701258370023
6.821948810943301,6.618404505310854,0.2035443056324473
6.821023052706831,7.1997103113711285,-0.3786872586642973
6.818156412055227,6.829440213632176,-0.011283801576948527
6.8124792791635365,6.520696144391855,0.2917831347716815
6.806875401645538,6.796918936442072,0.009956465203465825
6.806875401645538,6.859174233811641,-0.05229883216610265
6.806875401645538,6.759670575021447,0.04720482662409076
6.804100347590767,6.614565574357363,0.18953477323340362
6.804100347590767,6.655257158036898,0.14884318955386888
6.804100347590767,6.850683854150848,-0.046583506560081034
6.804100347590767,6.93450462556922,-0.1304042779784531
6.801342913045577,6.654065785074363,0.14727712797121395
6.801342913045577,6.746065956403139,0.05527695664243826
6.798602875679549,6.832596221959392,-0.03399334627984274
6.795880017344075,6.762373091073422,0.033506926270653103
6.795880017344075,6.592049800951605,0.20383021639247012
6.795880017344075,6.751199251599891,0.044680765744184114
6.795880017344075,6.731576251756916,0.06430376558715878
6.795880017344075,6.576569854269355,0.21931016307472007
6.79317412396815,6.833399011866838,-0.040224887898688166
6.79317412396815,7.000147031915841,-0.20697290794769074
6.790484985457369,6.7644073288133315,0.026077656644037717
6.790484985457369,6.789620025540011,0.0008649599173580214
6.790484985457369,6.8113332110565095,-0.020848225599140235
6.790484985457369,6.6081044269917335,0.18238055846563572
6.785156151952302,6.848408564077716,-0.0632524121254141
6.785156151952302,6.5920046152386504,0.1931515367136516
6.779891911959945,6.697398280740633,0.08249363121931186
6.779891911959945,6.775222958448568,0.004668953511377083
6.779891911959945,6.5346135706045,0.24527834135544513
6.777283528852417,6.823382831702172,-0.04609930284975494
6.777283528852417,6.794384286360464,-0.017100757508047515
6.777283528852417,6.702119723121011,0.07516380573140591
6.774690718274137,6.92586793854825,-0.1511772202741133
6.774690718274137,7.1798586851517925,-0.40516796687765577
6.772113295386326,6.872622040987965,-0.1005087456016387
6.769551078621726,6.6561992764625995,0.11335180215912644
6.769551078621726,6.293293033696472,0.47625804492525425
6.769551078621726,6.9379270451537804,-0.16837596653205456
6.767003889607846,6.5346510317937545,0.23235285781409143
6.767003889607846,6.646280700497722,0.12072318911012392
6.764471553092451,6.5770602200397645,0.18741133305268676
6.764471553092451,6.782200459743432,-0.017728906650980925
6.764471553092451,6.715638000409495,0.048833552682956416
6.764471553092451,6.6076910929829,0.1567804601095517
6.764471553092451,6.6121102627861505,0.15236129030630075
6.761953896871205,6.790814477829312,-0.028860580958107285
6.7594507517174005,6.639273141595732,0.12017761012166872
6.756961951313706,6.485191621279438,0.27177033003426754
6.756961951313706,6.637120055539972,0.1198418957737335
6.756590017609955,6.7614298680967515,-0.004839850486796138
6.752026733638193,6.759526377103036,-0.007499643464843331
6.752026733638193,6.60213982117658,0.14988691246161245
6.7495799976911055,6.763880555924275,-0.014300558233169447
6.747146969020107,6.3910292964394815,0.3561176725806252
6.745905962850536,6.450865177490169,0.29504078536036715
6.7447274948966935,6.57974335484427,0.16498414005242346
6.7447274948966935,6.7112136421985396,0.03351385269815399
6.7447274948966935,6.773236886164166,-0.028509391267472317
6.7447274948966935,6.473712868930924,0.27101462596577
6.7447274948966935,6.689919763241781,0.05480773165491293
6.742321425130816,6.715957971224286,0.026363453906530054
6.742321425130816,6.73194454079414,0.010376884336676717
6.739928612014925,6.797006712233938,-0.05707810021901327
6.73754891026957,6.735839721860927,0.001709188408643314
6.73754891026957,6.769289042852863,-0.03174013258329289
6.73754891026957,6.6971032659869945,0.0404456442825758
6.73754891026957,6.9122659150585735,-0.1747170047890032
6.732986946971932,6.608783847804604,0.12420309916732819
6.730487055782083,6.829345576567602,-0.0988585207855186
6.730487055782083,6.674863699194518,0.05562335658756545
6.730487055782083,6.68988482955584,0.04060222622624288
6.7281583934635005,6.307348519826624,0.42080987363687683
6.7281583934635005,6.636527206552251,0.0916311869112496
6.72600388624072,6.620230630636834,0.10577325560388662
6.72584215073632,6.397904513473801,0.32793763726251957
6.721246399047171,6.485899539476434,0.2353468595707371
6.721246399047171,6.665872476921455,0.05537392212571657
6.718966632752272,6.676765386989438,0.04220124576283357
6.716879765040225,6.388055137419009,0.32882462762121634
6.714442690992226,6.678393355703146,0.036049335289080275
6.714442690992226,6.688604950521132,0.025837740471094328
6.714442690992226,6.7268055075427196,-0.012362816550493427
6.7121982700697735,6.728610740863711,-0.01641247079393704
6.7121982700697735,6.548189899115071,0.16400837095470244
6.7121982700697735,6.719692737478925,-0.007494467409151717
6.711997117232051,6.5195338371012905,0.19246328013076042
6.710522891487877,6.82542191661922,-0.11489902513134265
6.707743928643524,6.6301359043015875,0.07760802434193614
6.705533773838408,6.684018650840971,0.021515122997437075
6.705533773838408,6.780288153518116,-0.07475437967970766
6.703334809738469,6.706519782329247,-0.003184972590777768
6.699480900891103,6.593730777841625,0.10575012304947862
6.699480900891103,6.54878949953577,0.1506914013553331
6.698970004336019,6.743640472493497,-0.044670468157478105
6.698970004336019,6.3887011551437105,0.31026884919230824
6.698970004336019,6.745222865904955,-0.046252861568936154
6.698970004336019,6.764006194688389,-0.0650361903523704
6.698970004336019,6.144937967717023,0.5540320366189961
6.698970004336019,6.638975722904768,0.05999428143125041
6.698970004336019,6.6354078882266485,0.06356211610937024
6.698970004336019,6.5896056742230344,0.1093643301129843
6.698970004336019,6.7815383367807,-0.08256833244468087
6.698970004336019,6.637170760049587,0.06179924428643169
6.698970004336019,6.640611847902599,0.05835815643342013
6.698970004336019,6.480431743505615,0.21853826083040406
6.698970004336019,6.730779201100853,-0.031809196764834624
6.698970004336019,6.640625843654173,0.05834416068184556
6.69517601376751,7.034016091633164,-0.3388400778656546
6.692503962086787,6.59070373546777,0.10180022661901766
6.686132779630847,6.535911750106417,0.15022102952443017
6.681936665037238,6.740015665796938,-0.05807900075970007
6.681936665037238,6.664373356328336,0.017563308708901992
6.679853713888946,6.70016576269017,-0.02031204880122406
6.6777807052660805,6.456713953957424,0.2210667513086566
6.6777807052660805,6.755853034850619,-0.07807232958453891
6.6777807052660805,6.5714535758083565,0.10632712945772393
6.6777807052660805,6.703236610813722,-0.025455905547641322
6.675717544702307,6.688656650623839,-0.012939105921532246
6.670094173644883,6.716250686564828,-0.0461565129199446
6.669586226650809,6.362801297459198,0.30678492919161116
6.665546248849069,6.561088792559354,0.10445745628971537
6.661543506395395,6.671045967448033,-0.00950246105263819
6.6595558851598815,6.65404475936686,0.0055111257930215984
6.6595558851598815,6.78373159834058,-0.12417571318069864
6.657992070982661,6.655498253156932,0.0024938178257283283
6.657577319177793,6.432695195078547,0.22488212409924646
6.657577319177793,6.499889347377629,0.15768797180016403
6.657577319177793,6.7889039749526745,-0.13132665577488112
6.657577319177793,6.441866059792821,0.21571125938497282
6.657577319177793,6.091016738799673,0.5665605803781206
6.657577319177793,6.655498253156932,0.0020790660208609424
6.657577319177793,6.588376136877943,0.0692011822998504
6.657577319177793,5.959587544687148,0.6979897744906456
6.657577319177793,6.636550582429753,0.021026736748040342
6.655607726314889,6.768533852797539,-0.11292612648264999
6.649751981665837,6.62100249767047,0.02874948399536681
6.646083769079636,6.531267069035901,0.11481670004373523
6.6439741428068775,6.796398083760843,-0.15242394095396516
6.642065152999546,6.241634542076681,0.40043061092286525
6.642065152999546,6.562329032277185,0.07973612072236147
6.6401645176601125,6.299648886468722,0.3405156311913906
6.638272163982407,6.542685456474772,0.09558670750763465
6.638272163982407,6.579163565066214,0.059108598916193245
6.638272163982407,6.156350979025369,0.48192118495703795
6.638272163982407,6.618013327661592,0.020258836320815377
6.638272163982407,6.819170096685245,-0.18089793270283838
6.638272163982407,6.7601762713581905,-0.12190410737578361
6.638272163982407,6.44504145914471,0.19323070483769733
6.638272163982407,6.587192773332402,0.05107939065000533
6.634512015109101,6.478489502252526,0.1560225128565742
6.632644078973981,6.80148454548295,-0.16884046650896867
6.630784142589857,6.6898553756200325,-0.05907123303017592
6.630784142589857,6.7652803226403675,-0.1344961800505109
6.628932137728263,6.331086601588665,0.2978455361395982
6.625251653989896,6.6205035301103905,0.004748123879505073
6.625251653989896,6.2891119229689005,0.33613973102099504
6.623423042943488,6.530703321863991,0.09271972107949633
6.621602099051863,6.647372908717493,-0.025770809665630168
6.621602099051863,6.663356290983107,-0.0417541919312443
6.619788758288394,6.5588725877164205,0.06091617057197318
6.619788758288394,6.294058509127227,0.32573024916116644
6.619788758288394,6.647721814971202,-0.027933056682808655
6.619788758288394,6.595604615959451,0.024184142328942393
6.619788758288394,6.533484294065013,0.08630446422338078
6.619788758288394,6.5822656745520804,0.03752308373631319
6.619788758288394,6.662595057165516,-0.04280629887712273
6.619788758288394,6.433611460829856,0.18617729745853762
6.619788758288394,6.4852750755203745,0.13451368276801912
6.619788758288394,6.568059450124088,0.05172930816430554
6.614393726401688,6.724721850141515,-0.11032812373982726
6.614393726401688,6.621418544605356,-0.007024818203667849
6.61261017366127,6.432443744224828,0.18016642943644268
6.610833915635467,6.430612882938954,0.18022103269651346
6.609064892896621,6.45749505639918,0.1515698364974405
6.609064892896621,6.622372063586232,-0.01330717068961107
6.605548319173783,6.579989544653972,0.025558774519811145
6.603800652904264,6.418100337300119,0.18570031560414435
6.6020599913279625,6.434045364331552,0.16801462699641068
6.6020599913279625,6.488699217820435,0.11336077350752749
6.6020599913279625,6.669048479539807,-0.06698848821184455
6.6020599913279625,6.514200066200175,0.08785992512778762
6.6020599913279625,6.538350270136073,0.06370972119188956
6.600326278518962,6.455946325263362,0.1443799532555996
6.600326278518962,6.59974700545185,0.0005792730671112523
6.600326278518962,6.745656843565933,-0.1453305650469714
6.600326278518962,6.539542143086661,0.06078413543230088
6.600326278518962,6.5808787852664095,0.019447493252552128
6.600326278518962,6.475925588612793,0.12440068990616826
6.600326278518962,6.551632130377176,0.0486941481417853
6.600326278518962,6.577157165793251,0.02316911272571076
6.600326278518962,6.325224195096465,0.27510208342249687
6.600326278518962,6.630459019038218,-0.03013274051925663
6.596879478824182,6.603300883824904,-0.006421405000722302
6.5951662833800615,6.431751410016017,0.1634148733640446
6.5934598195660445,5.973016044737342,0.6204437748287024
6.586700235918748,6.69122166828257,-0.10452143236382216
6.585026652029182,6.506696309414882,0.07833034261429983
6.585026652029182,6.157847831708299,0.42717882032088283
6.585026652029182,6.444243303881654,0.14078334814752758
6.585026652029182,6.642732012879594,-0.05770536085041211
6.585026652029182,6.6001077511597614,-0.015081099130579645
6.585026652029182,6.54040712625641,0.04461952577277195
6.585026652029182,6.403491684191295,0.18153496783788636
6.585026652029182,6.56370973393574,0.021316918093441828
6.585026652029182,7.000052163639569,-0.4150255116103869
6.583359492661719,6.270456567559809,0.31290292510191
6.581698708680255,6.569935901245429,0.011762807434826605
6.580044251510242,6.477559466956957,0.10248478455328502
6.578396073130168,6.471103441918765,0.10729263121140331
6.573488738635424,6.605497937462298,-0.032009198826873586
6.571865205971211,6.5879522338921985,-0.01608702792098793
6.568636235841012,6.387585089111573,0.18105114672943934
6.568636235841012,6.3427100749242,0.2259261609168126
6.568636235841012,6.479970575655592,0.08866566018541988
6.568636235841012,6.416997448882183,0.15163878695882893
6.567030709125595,6.35296207190142,0.2140686372241749
6.559090917934782,5.9438838869441915,0.6152070309905904
6.559090917934782,6.79861689580458,-0.239525977869798
6.552997101533838,6.506144163350407,0.04685293818343084
6.552841968657781,6.483933355231655,0.06890861342612542
6.552841968657781,6.264171499936032,0.2886704687217483
6.552841968657781,6.489670153053389,0.06317181560439167
6.55129368009492,6.524853098894651,0.026440581200269264
6.55129368009492,6.460239865401362,0.09105381469355844
6.55129368009492,6.553488628780911,-0.002194948685990461
6.543633966870956,6.49414075668607,0.049493210184886394
6.539102157243452,6.5377893934497795,0.0013127637936722891
6.537602002101044,6.453625873628908,0.08397612847213676
6.537602002101044,6.230003058026566,0.30759894407447863
6.537602002101044,5.738834433244497,0.7987675688565474
6.537602002101044,6.392537861612355,0.14506414048868965
6.537602002101044,6.339534094391153,0.19806790770989124
6.537602002101044,6.408900747431851,0.1287012546691937
6.530177984021837,6.044242695430288,0.48593528859154844
6.522878745280337,6.259179905382342,0.26369883989799536
6.522878745280337,6.6122600184613445,-0.08938127318100708
6.522878745280337,6.410553843823092,0.11232490145724583
6.522878745280337,6.385826516158853,0.13705222912148418
6.522878745280337,6.167401344826487,0.3554774004538501
6.522878745280337,6.562642558407818,-0.039763813127480674
6.522878745280337,6.648274608934219,-0.1253958636538819
6.51999305704285,6.355404717284994,0.1645883397578558
6.51999305704285,6.389732897490142,0.13026015955270775
6.519949917349564,6.165596617757959,0.35435329959160455
6.518557371497695,6.489281484441195,0.029275887056500416
6.517126416391246,6.418228236548569,0.0988981798426769
6.515700160653214,6.3036733425243545,0.2120268181288596
6.514278573518419,6.582499449982027,-0.06822087646360764
6.514278573518419,6.624524028799339,-0.11024545528091956
6.514278573518419,6.4568999376696095,0.05737863584880998
6.511449283499555,6.3596072338508005,0.1518420496487547
6.510041520575165,6.2438456890792216,0.26619583149594384
6.510041520575165,6.429826301970715,0.08021521860445002
6.509002705984747,6.347349601915933,0.16165310406881428
6.508638306165727,6.459917467315914,0.04872083884981304
6.508638306165727,6.539493583750904,-0.03085527758517692
6.508638306165727,6.323108391066462,0.18552991509926464
6.508638306165727,6.393953065999462,0.11468524016626525
6.507239610973162,6.060134679667892,0.44710493130526974
6.507239610973162,6.474937645178575,0.032301965794586884
6.506104323841626,6.7848852942595865,-0.27878097041796046
6.504455662453552,6.530067959831499,-0.025612297377946902
6.504455662453552,6.400982896782967,0.10347276567058472
6.500312917381596,6.477738600885422,0.022574316496173807
6.500312917381596,6.38485787070055,0.11545504668104556
6.494850021680094,6.3176916273556145,0.17715839432447922
6.494850021680094,6.325204997291436,0.16964502438865736
6.494850021680094,6.87664414173217,-0.381794120052076
6.494850021680094,6.469564512990844,0.025285508689250058
6.494850021680094,6.32717877072957,0.16767125095052382
6.490797477668897,6.505086268790942,-0.014288791122044842
6.490730254623813,6.107746762073737,0.3829834925500757
6.489454989793388,6.532927260338242,-0.043472270544853586
6.488116639021126,6.577617439844617,-0.08950080082349121
6.486782399932061,6.5846596933756,-0.09787729344353924
6.481486060122112,6.361088251752773,0.12039780836933911
6.481486060122112,6.271551074235521,0.20993498588659065
6.481486060122112,6.11110531367935,0.37038074644276175
6.480610465222231,6.489237225980737,-0.008626760758506435
6.480172006224281,6.449365023824291,0.030806982399989913
6.478861916295964,6.431629504675481,0.04723241162048275
6.47755576649368,6.733744436141438,-0.25618866964775844
6.476253533188435,6.420918828026627,0.05533470516180827
6.476253533188435,6.672169710022307,-0.19591617683387152
6.473660722610156,6.443787616819683,0.02987310579047353
6.468993954885645,6.089322698060875,0.37967125682477043
6.468521082957745,6.31093529252187,0.15758579043587506
6.468521082957745,6.438031815266584,0.030489267691161004
6.468521082957745,6.339187501791016,0.12933358116672888
6.468521082957745,6.47077755783589,-0.002256474878145731
6.465973893943865,6.54805667556804,-0.08208278162417493
6.462180904926726,6.461996838101081,0.00018406682564453547
6.460923901207224,6.512107185721845,-0.05118328451462162
6.460923901207224,6.4449748044449215,0.015949096762302162
6.45983329017955,6.366359236180561,0.09347405399898889
6.455931955649724,6.535656064498565,-0.07972410884884074
6.455882327666203,6.25633144294274,0.19955088472346372
6.454692883534176,6.450735322470256,0.003957561063920423
6.454692883534176,6.3514912182905325,0.1032016652436436
6.453457336521868,6.446916102954357,0.006541233567511462
6.453001073554724,6.446916102954357,0.006084970600366724
6.452225294612178,6.308866070613241,0.14335922399893697
6.443697499232712,6.469868236525963,-0.026170737293250923
6.443697499232712,6.427655996488691,0.016041502744021052
6.443697499232712,7.347754736113252,-0.90405723688054
6.443697499232712,6.433407955352959,0.010289543879753005
6.443697499232712,6.486455911368867,-0.04275841213615461
6.443697499232712,6.457780630190669,-0.014083130957956769
6.443697499232712,6.067450042835662,0.37624745639705015
6.443697499232712,6.353775073515133,0.08992242571757902
6.443697499232712,6.279918323436929,0.16377917579578316
6.440093374963888,6.429418606266575,0.010674768697312764
6.434152181326482,6.488746078897386,-0.05459389757090438
6.431798275933005,6.305106752596564,0.12669152333644096
6.431798275933005,6.1548118551941275,0.27698642073887747
6.431798275933005,6.323367777982859,0.10843049795014625
6.430896349585608,6.2965001751625564,0.13439617442305174
6.427128397799519,6.281753463714264,0.1453749340852557
6.421360790031928,6.669657197316814,-0.24829640728488656
6.42021640338319,6.232930099587388,0.18728630379580213
6.42021640338319,6.178224252132025,0.24199215125116513
6.4159968823543885,6.409388969329813,0.006607913024575751
6.414539270491499,6.2014574916818805,0.21308177880961843
6.4089353929735005,6.297231434176638,0.11170395879686268
6.4089353929735005,6.7797213217197445,-0.37078592874624405
6.4089353929735005,6.378730667063926,0.03020472590957457
6.4089353929735005,6.649625762959067,-0.24069036998556648
6.4089353929735005,6.518967423048367,-0.1100320300748665
6.405607449624574,6.520898170545703,-0.11529072092112891
6.404503778174426,6.464717488089769,-0.060213709915342584
6.402304814074488,6.420024856450824,-0.017720042376335954
6.401209493236885,6.3516326358443465,0.049576857392538365
6.400116927926312,6.65378628751547,-0.25366935958915793
6.400116927926312,6.016141843513841,0.3839750844124712
6.400116927926312,6.455136055221019,-0.05501912729470693
6.400116927926312,6.419345217396801,-0.01922828947048849
6.400116927926312,6.386214713600454,0.013902214325858253
6.400116927926312,6.423118641350113,-0.02300171342380075
6.400056920649286,6.2974953178578525,0.10256160279143334
6.400056920649286,6.300756140583464,0.0993007800658221
6.3979400086720375,6.503664202482365,-0.10572419381032727
6.3979400086720375,6.366162020276849,0.03177798839518875
6.3979400086720375,6.377395891224159,0.020544117447878207
6.3979400086720375,6.4755665188303295,-0.07762651015829203
6.3979400086720375,6.369444267105472,0.02849574156656587
6.3979400086720375,6.298436632565198,0.09950337610683935
6.3979400086720375,6.2937009814356735,0.10423902723636402
6.3979400086720375,6.365882792010616,0.03205721666142125
6.3979400086720375,6.4336950908723365,-0.03575508220029899
6.3979400086720375,6.255111307346431,0.1428287013256062
6.3979400086720375,6.383736699389553,0.014203309282484256
6.3979400086720375,6.374999136572539,0.022940872099498577
6.3979400086720375,6.353254088963735,0.04468591970830271
6.3979400086720375,6.3626766690424095,0.03526333962962802
6.3979400086720375,6.374480554893226,0.023459453778811756
6.3979400086720375,6.227261705546719,0.1706783031253183
6.3979400086720375,6.249154932532179,0.14878507613985814
6.3979400086720375,6.38288520839166,0.0150548002803772
6.3979400086720375,6.366122646163328,0.03181736250870948
6.3979400086720375,6.388747477813009,0.00919253085902838
6.3979400086720375,6.373905829918921,0.024034178753116642
6.3979400086720375,6.38885136660444,0.009088642067597519
6.39469495385889,6.32780625053095,0.06688870332794039
6.393618634889394,6.451026307785217,-0.05740767289582216
6.393618634889394,6.447639903811037,-0.05402126892164283
6.391473966422806,6.2034593096595865,0.1880146567632197
6.391473966422806,6.264790576154988,0.12668339026781794
6.39040559077478,6.281753823211976,0.10865176756280359
6.38933983691012,6.37751191183797,0.011827925072150691
6.38933983691012,6.259264306695182,0.13007553021493834
6.3872161432802645,6.125009947146125,0.26220619613414
6.386158178123931,6.522774338748655,-0.13661616062472426
6.3829996588791005,6.277255124074948,0.10574453480415258
6.3829996588791005,6.3049671669334595,0.07803249194564099
6.377785977033705,6.434851710615027,-0.0570657335813225
6.376750709602099,6.438634756878272,-0.06188404727617236
6.376750709602099,6.5171481171283006,-0.14039740752620133
6.376750709602099,6.3532502130159605,0.02350049658613873
6.375717904164332,5.966685170066958,0.40903273409737384
6.373659632624958,6.44574290457177,-0.07208327194681186
6.367542707815275,6.325336529212282,0.04220617860299303
6.366531544420413,6.206050697246788,0.1604808471736252
6.364516253185088,6.33181665358033,0.03269959960475788
6.363819240193515,6.239133588653016,0.12468565154049926
6.359518563029578,6.14608319416861,0.21343536886096803
6.356547323513812,6.154472941142268,0.20207438237154385
6.356547323513812,6.14922475772519,0.20732256578862174
6.356547323513812,6.276049838081446,0.08049748543236657
6.35261702988538,6.3914011415419765,-0.038784111656596565
6.349692476868063,6.119228410025218,0.23046406684284548
6.348721986001856,6.385418297549435,-0.03669631154757891
6.347753658996677,6.703574319653787,-0.35582066065710993
6.347753658996677,6.498210451781943,-0.15045679278526602
6.3469998598891575,6.268526180608,0.07847367928115734
6.346787486224656,6.240758994516899,0.10602849170775741
6.346787486224656,6.40898161450816,-0.06219412828350368
6.346787486224656,6.190059495576529,0.15672799064812715
6.346787486224656,6.086020465407349,0.2607670208173074
6.346787486224656,6.137192538433462,0.20959494779119403
6.346787486224656,6.172130558169884,0.1746569280547723
6.346787486224656,6.351624420809164,-0.004836934584507624
6.341988603342887,6.450289786800114,-0.10830118345722628
6.341988603342887,6.438490984539142,-0.0965023811962542
6.337653043069112,6.24675112516498,0.09090191790413193
6.337242168318426,6.300776634851884,0.0364655334665418
6.337242168318426,6.344635975634306,-0.007393807315880352
6.337242168318426,6.298914267762635,0.038327900555790606
6.334419008982047,6.267987457837965,0.06643155114408206
6.334419008982047,6.176444216079448,0.15797479290259897
6.332547047110046,6.37523663930144,-0.04268959219139479
6.33161408331,6.435743785228329,-0.10412970191832915
6.330683119433887,6.300884818881951,0.029798300551936663
6.329754146925875,6.964736329144764,-0.6349821822188888
6.328003797349959,6.1337636481433035,0.19424014920665567
6.328003797349959,6.193029412890766,0.13497438445919308
6.327902142064282,6.1355496238583065,0.19235251820597554
6.3223930472795065,6.363420953179735,-0.04102790590022831
6.321481620959887,6.580060838086857,-0.25857921712696985
6.320572103387882,6.004920192074866,0.31565191131301606
6.319664486585436,6.202504237893748,0.11716024869168873
6.318758762624412,6.229988478929558,0.08877028369485451
6.318758762624412,6.183459871525448,0.1352988910989641
6.318758762624412,5.900161611713793,0.4185971509106192
6.318758762624412,5.889818090091776,0.42894067253263657
6.318758762624412,6.076839367316154,0.24191939530825834
6.318758762624412,6.296086949785787,0.022671812838625627
6.318758762624412,6.144549266845404,0.17420949577900835
6.318758762624412,6.228076393004374,0.09068236962003873
6.31695296176115,6.223860329781859,0.09309263197929152
6.316052869248487,6.2963589271351275,0.019693942113359952
6.315154638355588,5.961420737591039,0.35373390076454836
6.314258261397736,6.17882627506274,0.13543198633499642
6.309803919971486,5.816064488220136,0.49373943175134993
6.309803919971486,6.108147426027047,0.20165649394443896
6.309803919971486,6.219586848158775,0.09021707181271132
6.309803919971486,6.185459479996137,0.12434443997534927
6.308918507877031,6.234397095925682,0.07452141195134931
6.308918507877031,5.839460590982758,0.46945791689427363
6.306273051076353,6.377061330430228,-0.07078827935387544
6.305000167252905,6.2306650736766995,0.07433509357620505
6.304518323509802,6.37425551463599,-0.0697371911261877
6.3036436112666685,5.95561981481569,0.3480237964509785
6.301029995663981,6.4619871100922825,-0.1609571144283013
6.301029995663981,6.420211772948356,-0.11918177728437485
6.301029995663981,6.178151200992576,0.12287879467140517
6.301029995663981,6.1286044699294315,0.17242552573454972
6.301029995663981,6.355833025674969,-0.054803030010988074
6.301029995663981,6.268167728146405,0.032862267517575816
6.301029995663981,6.278307855975585,0.02272213968839587
6.301029995663981,6.336083166515979,-0.035053170851997884
6.301029995663981,6.212154663941565,0.08887533172241646
6.300513799260864,6.277127042244488,0.02338675701637616
6.298432014944073,6.2692484776407476,0.029183537303325124
6.294992040666664,6.253973148002413,0.04101889266425118
6.29413628771608,6.119819466229403,0.17431682148667704
6.292429823902063,6.3118906793274006,-0.019460855425337265
6.292429823902063,6.300243407600353,-0.007813583698289328
6.292429823902063,6.3136352886528515,-0.021205464750788217
6.290730039024169,6.269998050816564,0.020731988207605134
6.290730039024169,6.287503856793538,0.0032261822306303145
6.289882634888183,6.310533765622343,-0.020651130734159473
6.287350298372789,6.017140936291684,0.270209362081105
6.2839966563652006,6.237941329868265,0.04605532649693522
6.2839966563652006,6.020499646558321,0.26349700980687984
6.2839966563652006,6.3174195138084785,-0.033422857443278
6.279014255846261,6.242612349320515,0.03640190652574571
6.277876344118495,6.123979113828707,0.15389723028978786
6.27642098432889,6.194469326031173,0.08195165829771689
6.275724130399211,6.325028402409042,-0.049304272009830896
6.270025714300445,6.475168794871092,-0.20514308057064667
6.270025714300445,6.093507907655114,0.17651780664533057
6.269217724333611,6.2262136289380345,0.04300409539557659
6.267606240177031,6.124819724846205,0.1427865153308261
6.267606240177031,5.8512938369864695,0.4163124031905614
6.267606240177031,6.064542504096712,0.2030637360803187
6.267606240177031,6.396123276933882,-0.12851703675685133
6.266000713461613,6.149859196248972,0.11614151721264143
6.262807357295262,6.161096883872477,0.10171047342278516
6.261439372640169,5.720190176899257,0.541249195740912
6.261219441515631,6.356574925842385,-0.09535548432675434
6.259637310505756,6.143198767394203,0.11643854311155266
6.259637310505756,6.189325163471206,0.07031214703455024
6.259637310505756,6.513957087314465,-0.25431977680870954
6.259637310505756,6.531045522153055,-0.2714082116472989
6.259637310505756,6.295716351393549,-0.03607904088779268
6.259637310505756,6.295775307724658,-0.03613799721890221
6.259637310505756,6.171710600538124,0.08792670996763174
6.259637310505756,6.50258281356015,-0.24294550305439433
6.259637310505756,6.429606042763336,-0.1699687322575798
6.259637310505756,6.322444695509566,-0.06280738500381045
6.259637310505756,6.206936278568028,0.052701031937727905
6.259637310505756,6.608121196878478,-0.34848388637272176
6.259637310505756,6.28075694453851,-0.021119634032753964
6.259637310505756,6.173567710031693,0.08606960047406265
6.259637310505756,6.174503643674831,0.0851336668309246
6.259637310505756,6.125153812154753,0.1344834983510026
6.259637310505756,6.2215669481364175,0.03807036236933836
6.259637310505756,6.145758535528032,0.11387877497772347
6.259637310505756,6.291368779464849,-0.03173146895909351
6.259637310505756,6.191985877697067,0.06765143280868902
6.259637310505756,6.426263698920159,-0.1666263884144028
6.259637310505756,6.377179128616537,-0.11754181811078102
6.259637310505756,5.82710945505893,0.4325278554468257
6.259637310505756,6.336926340615053,-0.07728903010929677
6.259637310505756,6.17206097001429,0.08757634049146557
6.259637310505756,6.355246078088009,-0.09560876758225323
6.259637310505756,6.222544711984279,0.03709259852147717
6.259637310505756,6.040185579461162,0.21945173104459403
6.259637310505756,6.22170564140977,0.03793166909598611
6.250263684430939,6.196052826940656,0.05421085749028265
6.249491605148654,6.226609381804374,0.022882223344280028
6.248720896016658,6.47650887935404,-0.22778798333738237
6.247183568811728,5.980884612138787,0.2662989566729408
6.245651664288982,6.2150165071046155,0.030635157184366157
6.244887733604928,6.126459808730642,0.1184279248742861
6.244887733604928,6.193188777323488,0.051698956281439834
6.2441251443275085,6.370601105150623,-0.12647596082311452
6.2441251443275085,6.2871090786500305,-0.04298393432252201
6.242300374912261,5.9169312311912705,0.3253691437209909
6.238072161579471,6.194926640020632,0.04314552155883966
6.238072161579471,6.323801039820143,-0.08572887824067177
6.236572006437063,6.370487819239896,-0.13391581280283305
6.236572006437063,6.101221889906783,0.1353501165302804
6.236572006437063,5.975994937949088,0.2605770684879749
6.235077015350111,6.164285140627043,0.07079187472306803
6.234331445240986,6.36325162135842,-0.12892017611743345
6.229147988357855,5.95992086434963,0.2692271240082249
6.229147988357855,6.237506855365859,-0.008358867008003479
6.229147988357855,5.960804387956688,0.26834360040116767
6.229147988357855,6.197792890623215,0.0313550977346404
6.229147988357855,6.167632839191417,0.0615151491664383
6.221848749616356,6.372590852246753,-0.15074210263039678
6.221848749616356,5.80749683842667,0.4143519111896863
6.221848749616356,6.356759771719602,-0.13491102210324613
6.221848749616356,5.900113409923495,0.32173533969286083
6.221848749616356,6.262578321796462,-0.040729572180105755
6.221848749616356,6.1873696278443795,0.03447912177197665
6.221848749616356,6.378345248935748,-0.1564964993193918
6.221848749616356,6.164571389714925,0.057277359901431346
6.221848749616356,6.088373446944094,0.13347530267226215
6.221848749616356,6.225090713927021,-0.0032419643106651463
6.221848749616356,6.355050410654835,-0.13320166103847875
6.220924225639893,5.942202047960749,0.27872217767914353
6.219682687859849,6.35189007982673,-0.13220739196688136
6.219682687859849,6.223372037625983,-0.003689349766133887
6.218963061378869,6.3452772373590705,-0.12631417598020178
6.214670164989233,6.231461971451241,-0.01679180646200784
6.214670164989233,6.177917967426043,0.036752197563189704
6.214670164989233,6.286408130399798,-0.07173796541056543
6.214670164989233,6.109401667959935,0.1052684970292983
6.214670164989233,6.092056000267408,0.12261416472182507
6.213958789757446,6.294815430016719,-0.08085664025927297
6.209011524911184,7.033339624212753,-0.8243280993015691
6.208863974184242,5.799277386742287,0.40958658744195464
6.207608310501746,6.1869405961657336,0.02066771433601211
6.207608310501746,6.009508498116056,0.1980998123856894
6.207608310501746,6.179578111514019,0.028030198987726962
6.207608310501746,6.139208686624146,0.06839962387759968
6.20690839982342,6.145761033914549,0.061147365908871265
6.20690839982342,6.138829682535016,0.06807871728840365
6.200997366572283,6.1312075300958675,0.06978983647641535
6.200659450546418,6.277430432259311,-0.07677098171289298
6.200659450546418,5.52648473522146,0.6741747153249582
6.199970640755866,6.060119295749802,0.1398513450060639
6.198596289982644,6.11111763249007,0.08747865749257411
6.196542884351587,6.149122000596368,0.04742088375521902
6.195860567664649,6.362419529577544,-0.16655896191289443
6.1944991418416,6.033479391847892,0.1610197499937085
6.194003282659082,6.183538400584431,0.01046488207465135
6.1938200260161125,5.963577375040813,0.23024265097529906
6.1938200260161125,6.142430221163821,0.05138980485229183
6.187086643357144,6.152514162394191,0.03457248096295373
6.187086643357144,5.895393688705727,0.29169295465141687
6.187086643357144,6.366387623405927,-0.17930098004878303
6.187086643357144,6.01120408546683,0.17588255789031404
6.187086643357144,6.195190828279751,-0.00810418492260645
6.187086643357144,6.0912618612495315,0.0958247821076128
6.184982855504627,6.073015793130946,0.11196706237368126
6.18111458540599,6.265916951623175,-0.0848023662171844
6.181061866969181,5.859676407993849,0.3213854589753318
6.180456064458131,5.930274820452011,0.25018124400611974
6.180456064458131,6.091016738799673,0.08943932565845802
6.177831920631983,6.217593779826035,-0.0397618591940514
6.177831920631983,5.651634739969416,0.5261971806625674
6.177178354696896,5.930549487402168,0.24662886729472877
6.175874166083451,6.398646078326284,-0.2227719122428331
6.173925197299173,6.6739892446762665,-0.5000640473770934
6.173277479831008,6.181668824397749,-0.008391344566740955
6.173277479831008,6.213505310107254,-0.04022783027624577
6.172630726946174,6.054953843914117,0.11767688303205759
6.170696227168975,6.1294545155704885,0.04124171159848622
6.170696227168975,6.236728734036542,-0.06603250686756734
6.170053304058364,5.960058074234097,0.20999522982426644
6.168770306132936,6.241436828929241,-0.07266652279630481
6.167491087293763,5.910283019080543,0.2572080682132203
6.167491087293763,6.123354911918528,0.044136175375235176
6.167491087293763,6.198818048991669,-0.031326961697905276
6.167491087293763,6.223255173255926,-0.055764085962162646
6.165999168848947,6.110808613290189,0.05519055555875774
6.164309428507575,6.042748453550417,0.12156097495715734
6.161780778092375,6.0758873252729115,0.08589345281946326
6.161150909262744,6.1791930541086,-0.018042144845855645
6.161150909262744,6.279918323436929,-0.1187674141741848
6.161150909262744,5.973248063906385,0.18790284535635937
6.1598939055432425,5.9994861847993874,0.160407720743855
6.157996449290077,5.815579196141448,0.34241725314862936
6.15676722190199,6.1032433136818405,0.05352390822014996
6.155522824254319,6.351716881051519,-0.19619405679720003
6.154901959985743,6.199958049476812,-0.04505608949106854
6.154901959985743,6.13142555449647,0.023476405489272878
6.154901959985743,6.372999556968325,-0.2180975969825818
6.154901959985743,6.173076700198318,-0.018174740212574925
6.154901959985743,6.221659215955393,-0.06675725596964988
6.152449686946641,5.981090315610679,0.1713593713359618
6.149966742310231,6.100385235447572,0.049581506862659275
6.1487416512809245,5.6033666336533345,0.54537501762759
6.1432711096171175,6.25010675266217,-0.10683564304505211
6.140165467725366,5.965700180066977,0.1744652876583883
6.137999883359545,6.213671821632971,-0.07567193827342589
6.136677139879544,5.499268721947907,0.6374084179316375
6.136677139879544,6.0303060855320085,0.10637105434753558
6.133712660915805,6.25878877325214,-0.12507611233633487
6.130915050968056,6.172244398906921,-0.04132934793886456
6.130768280269024,5.930283869735415,0.20048441053360833
6.130768280269024,6.239133588653016,-0.10836530838399216
6.1295960947209736,6.008744259221313,0.12085183549966061
6.129011186239424,5.895891510921908,0.23311967531751598
6.1249387366083,6.216754851219512,-0.09181611461121175
6.1249387366083,6.051827951609427,0.0731107849988728
6.1249387366083,6.040715200713754,0.08422353589454623
6.1249387366083,6.166992844913513,-0.042054108305213056
6.120330794367947,6.12523396473904,-0.004903170371093779
6.119186407719209,6.034055371351594,0.08513103636761432
6.119186407719209,6.0634972783242835,0.055689129394925097
6.119186407719209,5.763332790699321,0.3558536170198874
6.119186407719209,5.94270500628111,0.17648140143809865
6.119186407719209,5.8822698613126265,0.2369165464065821
6.11690664142431,6.059310933038724,0.0575957083855867
6.11690664142431,5.9477126768758755,0.16919396454843483
6.115317910566342,6.033129325851832,0.08218858471451007
6.114000248610756,6.004953448123154,0.10904680048760174
6.113509274827518,6.020167157202069,0.09334211762544875
6.113509274827518,5.88560897496977,0.2279002998577475
6.111259039317107,6.231190215006532,-0.11993117568942502
6.110138278741811,5.895554875763828,0.21458340297798273
6.107905397309519,6.055116723356094,0.052788673953425125
6.102372908709558,5.486226272700156,0.6161466360094021
6.102372908709558,6.2466273813156725,-0.14425447260611435
6.100726812682396,6.22501024902305,-0.12428343634065442
6.100179497572904,6.111178099567505,-0.010998601994601565
6.100179497572904,5.9207045842670905,0.1794749133058131
6.100179497572904,6.081467814542369,0.018711683030534942
6.100089266209717,6.064038512574976,0.03605075363474075
6.100089266209717,6.037636747675994,0.06245251853372302
6.096910013008056,6.273456211953199,-0.17654619894514312
6.096910013008056,5.850052593097044,0.24685741991101207
6.096910013008056,5.863673870979111,0.23323614202894483
6.095825631715837,6.05601500759842,0.03981062411741654
6.094824991461839,6.044798180232594,0.05002681122924457
6.092588639225414,5.792663136199744,0.29992550302567
6.091997798827446,6.07908976273511,0.012908036092335706
6.09151498112135,6.0217431326328095,0.06977184848854012
6.09151498112135,5.966565285880402,0.12494969524094746
6.09151498112135,6.07908976273511,0.012425218386239223
6.090872058010739,6.069249598097788,0.021622459912951086
6.087246696328677,6.2401317548645965,-0.1528850585359196
6.086186147616283,5.9657448486828955,0.12044129893338784
6.086186147616283,6.027600902903067,0.05858524471321669
6.086186147616283,5.999411359002366,0.08677478861391741
6.086186147616283,5.922621892233856,0.16356425538242725
6.086186147616283,5.8894541186562686,0.19673202896001474
6.084072788302884,6.188934836918367,-0.10486204861548298
6.07847999262515,5.825342057402347,0.2531379352228029
6.078313524516398,6.031701454631197,0.04661206988520128
6.076755981369724,5.985615250709148,0.09114073066057582
6.075720713938118,5.913364019920374,0.16235669401774366
6.071092309756047,6.082485371093839,-0.01139306133779261
6.070581074285707,6.250425838484489,-0.1798447641987817
6.070581074285707,5.949347603153669,0.12123347113203842
6.065501548756432,6.10056713165469,-0.03506558289825801
6.065501548756432,6.012895280634435,0.052606268121996536
6.065501548756432,6.083628741437592,-0.018127192681160587
6.063486257521107,5.955157329763168,0.10832892775793912
6.060480747381382,6.189441571161717,-0.1289608237803348
6.060480747381382,6.021934386048613,0.03854636133276834
6.060480747381382,5.7915243608435585,0.2689563865378233
6.060480747381382,5.821406136492859,0.23907461088852244
6.057000406633959,6.046871362518861,0.010129044115098296
6.057000406633959,5.986073558715535,0.07092684791842352
6.050609993355087,5.967934292380526,0.08267570097456112
6.050609993355087,6.06422125024924,-0.013611256894153101
6.049148541111453,6.066402662539135,-0.017254121427681568
6.047691990337874,6.080024657341802,-0.032332667003927895
6.046240308266771,6.046871362518861,-0.0006310542520893136
6.045757490560675,6.820253218896995,-0.7744957283363201
6.045757490560675,5.774979501210195,0.2707779893504796
6.045757490560675,6.046242251692275,-0.000484761131600564
6.045757490560675,5.782366871131763,0.26339061942891195
6.045757490560675,5.954455202906516,0.09130228765415893
6.045757490560675,5.608065087564613,0.4376924029960616
6.045757490560675,5.939600662902683,0.10615682765799139
6.045757490560675,5.7795405040991055,0.2662169864615693
6.045757490560675,5.6263554142641,0.4194020762965751
6.044312249686494,5.8890300151976955,0.15528223448879874
6.043831569524636,6.045031407147314,-0.001199837622677613
6.043351420794797,6.164146619417409,-0.1207951986226119
6.043351420794797,5.573049934003015,0.4703014867917821
6.040958607678906,5.923545151852275,0.11741345582663154
6.040005161671584,5.936553525371525,0.10345163630005949
6.039053804266169,5.953629556652776,0.08542424761339351
6.03763066432998,5.896595193484814,0.141035470845166
6.037157318798758,6.61980748635084,-0.5826501675520825
6.037157318798758,5.847007375098189,0.19014994370056915
6.0343280287798935,5.949667315918341,0.08466071286155241
6.031517051446064,6.039641029236227,-0.00812397779016294
6.031050319018657,5.965926056151627,0.06512426286703032
6.030584087646019,6.295519339730089,-0.2649352520840704
6.029188389127482,5.87427134884272,0.1549170402847615
6.026872146400301,6.010253983943659,0.01661816245664216
6.026872146400301,5.997747003355395,0.02912514304490621
6.026041313893296,6.107345275873921,-0.08130396198062506
6.020907099361674,6.114080822100446,-0.09317372273877211
6.0195421077239,6.024100211348951,-0.004558103625050158
6.017728766960431,6.3379578036594415,-0.32022903669901037
6.016373712875465,6.008885773520068,0.007487939355397266
6.013676222949234,6.115351582744704,-0.10167535979546916
6.013228265733755,5.944331302835882,0.06889696289787306
6.013228265733755,6.1349913948903865,-0.12176312915663168
6.008773924307505,5.467185523607044,0.5415884007004612
6.004737849662705,6.008481333099876,-0.0037434834371712356
6.004364805402449,5.492744466677663,0.5116203387247866
6.0,5.846064428505623,0.15393557149437687
6.0,5.996499277469512,0.003500722530487721
6.0,6.009126166102867,-0.009126166102866762
6.0,5.949773724686571,0.05022627531342927
6.0,6.023741281994849,-0.02374128199484904
6.0,6.057642645319417,-0.057642645319416985
6.0,5.9696323679295515,0.030367632070448458
6.0,5.997168363594416,0.002831636405583815
6.0,6.002509816005506,-0.002509816005505705
6.0,5.906672425335773,0.09332757466422681
6.0,5.981842081957747,0.018157918042253307
6.0,5.97293801429749,0.027061985702509617
6.0,5.946340339387636,0.0536596606123636
6.0,5.927770051619154,0.07222994838084595
6.0,5.923830625634073,0.07616937436592686
6.0,5.887949067739737,0.11205093226026275
6.0,5.969952671450423,0.03004732854957659
6.0,5.966151341132723,0.03384865886727706
6.0,5.91786208182064,0.08213791817935956
6.0,5.944668127869681,0.05533187213031887
6.0,5.976434584267401,0.02356541573259907
6.0,5.969581205508081,0.03041879449191942
6.0,5.976434584267401,0.02356541573259907
6.0,5.969581205508081,0.03041879449191942
6.0,5.842371355582787,0.1576286444172128
6.0,5.866078964044511,0.1339210359554892
6.0,5.889295462208908,0.1107045377910918
6.0,5.909534773236498,0.09046522676350222
6.0,5.887907954402276,0.11209204559772434
6.0,5.878147671042563,0.12185232895743692
6.0,6.168753839811071,-0.16875383981107106
6.0,5.9458343103984435,0.054165689601556544
6.0,5.915141794656083,0.08485820534391664
6.0,5.98019758299076,0.019802417009239903
6.0,5.945957374607611,0.054042625392389354
6.0,5.989928101874192,0.010071898125808332
6.0,5.942920989272782,0.057079010727218105
6.0,5.928065588084879,0.07193441191512129
6.0,5.9511335194414405,0.048866480558559466
6.0,5.903685635383172,0.09631436461682785
6.0,5.895279550243509,0.10472044975649109
6.0,5.919302717625052,0.08069728237494811
6.0,5.9043590211091255,0.09564097889087453
6.0,5.9547641770529856,0.04523582294701445
6.0,5.948924089436048,0.05107591056395222
6.0,5.924189655842677,0.0758103441573228
6.0,6.146813471574312,-0.1468134715743119
6.0,5.784893798016887,0.21510620198311337
6.0,5.916463366957638,0.08353663304236214
6.0,5.988432731268162,0.011567268731837999
6.0,5.92536463808148,0.07463536191851983
6.0,5.794691152883682,0.20530884711631803
6.0,5.990459605690785,0.009540394309214939
6.0,6.005448984758111,-0.005448984758110953
6.0,6.009797063326703,-0.009797063326702826
6.0,5.99863475599681,0.001365244003189936
6.0,5.699356206173106,0.300643793826894
6.0,6.070712319931676,-0.07071231993167615
6.0,5.9933675609855115,0.0066324390144885115
6.0,5.989053293906748,0.01094670609325199
6.0,5.989053293906748,0.01094670609325199
6.0,5.9946048455544565,0.005395154445543504
6.0,5.967777702802447,0.03222229719755276
6.0,5.622451516480912,0.3775484835190879
6.0,5.923947310163276,0.07605268983672442
6.0,5.876041307994731,0.1239586920052691
6.0,5.942920989272782,0.057079010727218105
6.0,5.928065588084879,0.07193441191512129
6.0,5.63208780492608,0.36791219507392015
6.0,5.847981361971591,0.15201863802840876
6.0,5.883070172899453,0.116929827100547
6.0,5.838880514136072,0.161119485863928
6.0,5.6692157792203375,0.3307842207796625
6.0,5.649806433205557,0.35019356679444336
6.0,5.99863475599681,0.001365244003189936
6.0,5.9946048455544565,0.005395154445543504
6.0,5.998179785003738,0.0018202149962620595
6.0,5.992446155542539,0.00755384445746099
6.0,5.9078110899460015,0.09218891005399854
6.0,5.976385304242616,0.023614695757384396
6.0,5.933470988078612,0.06652901192138838
6.0,5.993422761144402,0.006577238855597578
6.0,5.994878151537992,0.005121848462008138
6.0,6.073928944017976,-0.07392894401797623
6.0,6.003445028273628,-0.0034450282736280258
6.0,5.927420358520359,0.07257964147964113
6.0,5.9889924803214685,0.01100751967853153
6.0,5.998697648370277,0.0013023516297225868
6.0,5.89581670560255,0.10418329439745033
6.0,5.881352388867738,0.1186476111322623
6.0,6.069103403611189,-0.06910340361118905
6.0,5.962263005339519,0.03773699466048086
6.0,5.994666009721727,0.005333990278272971
6.0,6.070337744839521,-0.07033774483952104
6.0,5.983119422726416,0.016880577273584052
6.0,5.988353681639946,0.011646318360053698
6.0,5.984464200546831,0.015535799453169297
6.0,6.008888703018801,-0.00888870301880118
6.0,5.885256911951583,0.11474308804841726
6.0,5.993493327829443,0.006506672170557337
6.0,6.012340605017516,-0.012340605017516104
6.0,5.993147090310147,0.006852909689852638
6.0,5.993411684736216,0.006588315263783784
6.0,5.99713734982331,0.0028626501766897405
6.0,5.976765124359467,0.023234875640532948
6.0,5.998631281278118,0.0013687187218822672
6.0,6.272829378903705,-0.2728293789037046
6.0,5.991225429069303,0.008774570930697223
6.0,5.916167385092551,0.08383261490744864
6.0,5.990843587434643,0.00915641256535693
6.0,6.186430579852133,-0.18643057985213307
6.0,5.946720558174215,0.0532794418257847
6.0,5.994277482567686,0.0057225174323143335
6.0,5.932671591589407,0.06732840841059318
6.0,5.967990589203349,0.032009410796651316
6.0,5.9542737208305,0.04572627916950012
6.0,6.4804772268565625,-0.48047722685656247
6.0,5.985372775195662,0.014627224804337757
6.0,5.942097750245544,0.05790224975445568
6.0,5.95754349665472,0.04245650334527973
6.0,5.984362095203329,0.015637904796671265
6.0,5.9820178932223556,0.017982106777644447
6.0,5.92414169223054,0.0758583077694599
6.0,5.897132847255469,0.10286715274453062
6.0,5.994666009721727,0.005333990278272971
6.0,5.904475268973669,0.09552473102633119
6.0,5.964698201136851,0.035301798863149436
6.0,5.996092137301348,0.003907862698651954
6.0,5.996098022994708,0.0039019770052917124
6.0,5.994140212237819,0.005859787762180879
6.0,5.993321710071552,0.006678289928448322
6.0,5.993147090310147,0.006852909689852638
6.0,5.993025799638199,0.006974200361801408
6.0,5.9835845691767435,0.01641543082325647
6.0,6.015013983403873,-0.015013983403872722
6.0,5.987650928280816,0.012349071719183868
6.0,5.982490332578465,0.01750966742153537
6.0,5.9835845691767435,0.01641543082325647
6.0,5.9404396347144175,0.059560365285582506
6.0,5.976156812190614,0.0238431878093861
6.0,5.972030130406146,0.02796986959385439
6.0,6.035671604803055,-0.03567160480305542
6.0,5.985511289342586,0.014488710657413861
6.0,5.974670002511518,0.025329997488482192
6.0,5.950957444831719,0.049042555168281154
6.0,5.985511289342586,0.014488710657413861
6.0,5.985511289342586,0.014488710657413861
6.0,5.939251410263792,0.06074858973620767
6.0,5.981612422347767,0.01838757765223331
6.0,5.996753291609386,0.003246708390613584
6.0,5.987520812142298,0.012479187857701746
6.0,5.96765908163927,0.032340918360730164
6.0,5.967613163724879,0.032386836275120956
6.0,5.963864758278265,0.03613524172173488
6.0,6.019529441972711,-0.019529441972711226
6.0,5.902145195615563,0.09785480438443717
6.0,5.977636369651784,0.022363630348215757
6.0,6.002686595410792,-0.002686595410792414
6.0,5.9892678395313,0.010732160468699625
6.0,5.9965810757519815,0.0034189242480184845
6.0,6.001564351687423,-0.0015643516874233043
6.0,5.9835856143124735,0.01641438568752651
6.0,6.008736005526255,-0.008736005526254864
6.0,5.995581392963664,0.00441860703633612
6.0,5.992216069637955,0.007783930362045055
6.0,5.995029706027099,0.004970293972901274
6.0,5.995581392963664,0.00441860703633612
6.0,5.995029706027099,0.004970293972901274
6.0,5.892707519573294,0.1072924804267057
6.0,5.92648422116528,0.07351577883471982
6.0,5.999560489343807,0.00043951065619296514
6.0,6.060203335222229,-0.06020333522222909
6.0,5.993455788845058,0.006544211154942303
6.0,5.9806000270429776,0.01939997295702245
6.0,5.993455788845058,0.006544211154942303
6.0,5.993455788845058,0.006544211154942303
6.0,6.018045319670439,-0.01804531967043932
6.0,5.994132705098912,0.005867294901087838
6.0,6.002527369119847,-0.0025273691198473003
6.0,5.964735369349553,0.03526463065044716
6.0,5.60911728077076,0.3908827192292401
6.0,6.062051931920288,-0.062051931920287906
6.0,6.02770994248561,-0.027709942485610206
6.0,6.034148805339581,-0.03414880533958087
6.0,5.9910678158368444,0.008932184163155554
6.0,5.995219817243004,0.004780182756996432
6.0,6.101349477799818,-0.10134947779981829
6.0,6.186540413901098,-0.1865404139010982
6.0,6.285421869653685,-0.28542186965368543
6.0,5.960706238171517,0.039293761828482765
6.0,5.957701471238837,0.04229852876116258
6.0,6.001308908971201,-0.0013089089712012836
6.0,5.993177825326875,0.006822174673125403
6.0,5.660348708626112,0.3396512913738876
6.0,5.963415174557244,0.03658482544275632
6.0,5.964735369349553,0.03526463065044716
6.0,5.633042704996876,0.36695729500312435
6.0,5.95913380106144,0.04086619893856014
6.0,5.960037020266485,0.039962979733514814
6.0,5.94608678159011,0.05391321840988983
6.0,5.998287236429798,0.0017127635702021138
6.0,6.03010878430178,-0.03010878430178021
6.0,6.141903493222395,-0.1419034932223946
6.0,5.9902168475608075,0.009783152439192477
6.0,5.955037558302786,0.04496244169721386
6.0,6.094799436300313,-0.09479943630031329
6.0,6.061948272536812,-0.0619482725368119
6.0,5.892855693928497,0.10714430607150316
6.0,6.016877420539046,-0.016877420539046284
6.0,5.995256718438449,0.004743281561551349
6.0,5.884195527463531,0.1158044725364693
6.0,5.504317731284104,0.49568226871589616
6.0,5.957701471238837,0.04229852876116258
6.0,5.9998323963724705,0.0001676036275295445
6.0,6.000854732293509,-0.000854732293508853
6.0,6.000763302142755,-0.0007633021427553288
6.0,6.153632838614476,-0.15363283861447563
6.0,5.968618091697534,0.03138190830246579
6.0,6.077134855271551,-0.0771348552715514
6.0,6.012268457718272,-0.012268457718271897
6.0,6.0750448071476555,-0.07504480714765549
6.0,6.168408248778703,-0.16840824877870286
6.0,6.168697202570148,-0.16869720257014809
6.0,6.011681525425996,-0.01168152542599632
6.0,6.132614992150502,-0.13261499215050243
6.0,6.057167557157695,-0.05716755715769484
6.0,5.99171673799691,0.00828326200308993
6.0,6.0144454567395655,-0.014445456739565543
6.0,5.9932924411364725,0.006707558863527474
6.0,5.95461159040992,0.04538840959008006
6.0,5.987541379235392,0.012458620764608241
6.0,5.991105906114929,0.008894093885071008
6.0,5.996505593410584,0.0034944065894162435
6.0,5.988766393424951,0.011233606575048682
6.0,5.960706238171517,0.039293761828482765
6.0,5.996080816072368,0.0039191839276320195
6.0,5.985318082858416,0.0146819171415844
6.0,5.930328809663787,0.06967119033621305
6.0,5.989181168482842,0.01081883151715779
6.0,5.996663449768022,0.003336550231978208
6.0,5.996663449768022,0.003336550231978208
6.0,5.948454850615504,0.051545149384495836
6.0,5.991105906114929,0.008894093885071008
6.0,5.996505593410584,0.0034944065894162435
6.0,5.987646227595161,0.012353772404838814
6.0,5.988774988352617,0.011225011647383099
6.0,5.910595396234568,0.08940460376543236
6.0,5.992213427562839,0.007786572437161077
6.0,5.876000000057819,0.12399999994218103
6.0,6.086577703762902,-0.0865777037629023
6.0,5.786041917460508,0.21395808253949156
6.0,5.746093749160646,0.25390625083935436
6.0,6.00060521914619,-0.0006052191461902723
6.0,6.001308908971201,-0.0013089089712012836
6.0,6.000763302142755,-0.0007633021427553288
6.0,5.993177825326875,0.006822174673125403
6.0,5.992327028452423,0.007672971547576957
6.0,6.028926262130105,-0.028926262130105407
6.0,6.016535125867346,-0.016535125867346068
6.0,5.971852774370566,0.028147225629433947
6.0,5.976302662309201,0.02369733769079918
6.0,5.739743673156357,0.26025632684364286
6.0,5.989860035479967,0.010139964520033296
6.0,5.985736667849337,0.01426333215066311
6.0,5.987646227595161,0.012353772404838814
6.0,5.996802291128366,0.003197708871634397
6.0,5.988624269045377,0.011375730954623187
6.0,5.996444139982644,0.003555860017356416
6.0,6.013608043978519,-0.013608043978519113
6.0,6.001690691527952,-0.001690691527952204
6.0,5.962840378102671,0.03715962189732913
6.0,5.977364066407927,0.022635933592073165
6.0,5.880714287177437,0.11928571282256328
6.0,5.848806810072418,0.15119318992758224
6.0,5.846096151071221,0.1539038489287794
6.0,5.863775018590999,0.13622498140900063
6.0,5.905199869629362,0.09480013037063806
6.0,5.928431842891381,0.07156815710861864
6.0,5.872445448008005,0.12755455199199517
6.0,5.964211107721844,0.0357888922781564
6.0,6.002918058813447,-0.0029180588134467556
6.0,5.97367247179607,0.026327528203929695
6.0,5.97345467065306,0.026545329346940427
6.0,5.976954952980718,0.02304504701928156
6.0,5.86246755399018,0.1375324460098204
6.0,5.996499277469512,0.003500722530487721
6.0,5.93693352374601,0.06306647625399009
6.0,5.840903030769595,0.15909696923040517
6.0,5.999378164980752,0.0006218350192481736
6.0,5.908863430020405,0.09113656997959474
6.0,5.989699213778056,0.010300786221944414
6.0,5.989699213778056,0.010300786221944414
6.0,5.9191605216381715,0.08083947836182848
6.0,6.001082710251992,-0.001082710251991692
6.0,5.988385065588003,0.011614934411997346
6.0,6.001082710251992,-0.001082710251991692
6.0,6.001142442551027,-0.00114244255102669
6.0,6.001522355284997,-0.0015223552849965571
6.0,5.9764594055591065,0.023540594440893514
6.0,5.977373916960575,0.022626083039424927
6.0,5.988169888127448,0.011830111872551896
6.0,5.962661226003651,0.037338773996348884
6.0,5.995143577626466,0.004856422373533675
6.0,5.974889606341223,0.02511039365877732
6.0,5.995143577626466,0.004856422373533675
6.0,5.983285710626034,0.016714289373966018
6.0,6.002935904940832,-0.002935904940832401
6.0,5.98329303942505,0.016706960574950358
6.0,6.007428484858829,-0.007428484858828632
6.0,6.000327526843146,-0.00032752684314640845
6.0,5.997782728487244,0.0022172715127561915
6.0,5.995516700517298,0.004483299482702208
6.0,5.950868910788439,0.04913108921156084
6.0,5.982604314130358,0.017395685869641575
6.0,6.035450551975132,-0.03545055197513225
6.0,5.927185870768561,0.07281412923143904
6.0,5.911276001104664,0.08872399889533611
6.0,5.968564441347648,0.031435558652352036
6.0,5.745755681222918,0.254244318777082
6.0,5.881306318857831,0.11869368114216883
6.0,5.840317783328153,0.1596822166718468
6.0,5.930762293703548,0.06923770629645176
6.0,5.870836625466365,0.12916337453363536
6.0,5.988473832921801,0.011526167078199201
6.0,5.993376343762146,0.006623656237853659
6.0,6.095358314962894,-0.09535831496289404
6.0,5.978172836946936,0.021827163053064425
6.0,5.984867741191309,0.01513225880869129
6.0,5.991907302117824,0.008092697882175592
6.0,5.991907302117824,0.008092697882175592
6.0,6.000327526843146,-0.00032752684314640845
6.0,5.997782728487244,0.0022172715127561915
6.0,6.2195884699935,-0.2195884699935
6.0,5.822492706354058,0.17750729364594164
6.0,5.9940549087286685,0.005945091271331471
6.0,5.987540410111989,0.012459589888011102
6.0,5.9666451565537315,0.03335484344626849
6.0,5.973774994162482,0.02622500583751819
5.995678626217357,5.946764690247095,0.048913935970261946
5.993106292052099,5.997058397128231,-0.003952105076131751
5.991399828238082,5.917578878595675,0.07382094964240693
5.989276134608227,5.674590807859029,0.31468532674919825
5.988429556402721,5.679108275182155,0.30932128122056657
5.987162775294828,6.137889108286844,-0.15072633299201588
5.987162775294828,5.985399032849205,0.001763742445622718
5.982966660701219,5.995324713380212,-0.012358052678992593
5.982966660701219,5.759726599878155,0.22324006082306447
5.982966660701219,5.765192789244489,0.2177738714567301
5.982966660701219,5.9566128425996725,0.0263538181015468
5.980053318321158,6.13010388441217,-0.15005056609101253
5.979638717352293,6.056567004164296,-0.07692828681200314
5.979224511806442,6.087569892333606,-0.10834538052716436
5.978810700930062,5.902486925368164,0.07632377556189773
5.97469413473523,6.072284672782246,-0.09759053804701612
5.97469413473523,5.938840552111059,0.0358535826241706
5.97469413473523,5.5262081673031584,0.44848596743207114
5.971022294791222,6.071696678286961,-0.10067438349573887
5.969805214643249,5.79481117066921,0.1749940439740394
5.969400278034049,5.966435635194735,0.002964642839314635
5.96617430604669,5.872156738079266,0.09401756796742422
5.960585880823863,5.9543480633398405,0.006237817484022301
5.958607314841775,5.892993636778613,0.06561367806316198
5.958607314841775,6.032057768229269,-0.07345045338749401
5.958607314841775,5.916145667615617,0.04246164722615742
5.958607314841775,5.722890785650241,0.2357165291915333
5.958607314841775,5.8592199117103325,0.09938740313144212
5.958607314841775,5.920456729404303,0.03815058543747174
5.958607314841775,5.938450767567502,0.020156547274273073
5.958607314841775,5.900454671305686,0.058152643536089066
5.958607314841775,5.913993748539007,0.04461356630276736
5.958607314841775,5.865543523298885,0.0930637915428898
5.958607314841775,5.9153352560237105,0.043272058818064174
5.958607314841775,5.931611589668903,0.02699572517287141
5.958607314841775,5.864954869076742,0.09365244576503251
5.958607314841775,5.992630049836516,-0.03402273499474173
5.958607314841775,5.9289179325507355,0.029689382291039124
5.958607314841775,5.910477901647413,0.0481294131943617
5.958607314841775,5.916816850047879,0.04179046479389559
5.958607314841775,4.461859282119966,1.4967480327218086
5.958607314841775,5.935815074526793,0.02279224031498206
5.958607314841775,5.835927526979593,0.12267978786218148
5.958607314841775,5.54049261525605,0.41811469958572456
5.958607314841775,5.9159551751756405,0.042652139666134126
5.958607314841775,5.912443439088787,0.046163875752987416
5.958607314841775,5.92097503778588,0.037632277055895
5.958607314841775,5.92431837964035,0.03428893520142484
5.958607314841775,5.972962121180386,-0.01435480633861097
5.958607314841775,5.9117875520351975,0.04681976280657718
5.958607314841775,5.759750406037433,0.19885690880434126
5.95663772197887,6.13835669025961,-0.18171896828074008
5.954677021213342,5.922244489463736,0.03243253174960614
5.954594872933028,6.148723606359827,-0.19412873342679848
5.950781977329818,5.777844073582583,0.1729379037472354
5.950781977329818,6.785906038106419,-0.8351240607766011
5.948076083953893,5.908512654549949,0.03956342940394375
5.94692155651658,5.491790032445995,0.4551315240705849
5.943095148663527,5.821971632650321,0.12112351601320626
5.938170692705301,5.942511923143737,-0.004341230438436483
5.93800122662597,5.960371090392166,-0.022369863766195763
5.937042165915489,5.446550134021892,0.4904920318935977
5.937042165915489,5.876851129662404,0.06019103625308553
5.929223537156565,5.842287001649975,0.08693653550658986
5.929223537156565,5.8393608073832,0.08986272977336451
5.929223537156565,5.85630143616302,0.07292210099354524
5.928117992693874,5.906229148457613,0.02188884423626103
5.928117992693874,5.805253351288463,0.12286464140541131
5.924453038607469,5.96602275528944,-0.041569716681970625
5.920818753952375,5.259754427624066,0.6610643263283089
5.920818753952375,5.9723778474133935,-0.05155909346101861
5.920818753952375,5.846178566776925,0.07464018717544985
5.920818753952375,5.8271370044003685,0.09368174955200637
5.920818753952375,5.865801976015815,0.05501677793655979
5.920818753952375,5.881192135180137,0.039626618772238054
5.920818753952375,5.762709722878598,0.15810903107377694
5.920818753952375,5.713067243329193,0.20775151062318198
5.920818753952375,5.581246900634309,0.3395718533180663
5.920818753952375,5.693840627291074,0.2269781266613009
5.920410177937011,5.68899254228491,0.23141763565210116
5.918292729902651,6.003869741553618,-0.0855770116509671
5.917214629683549,5.782253012717052,0.1349616169664971
5.917214629683549,5.731417463556814,0.18579716612673547
5.914709421769935,5.976754834621362,-0.06204541285142717
5.913640169325252,5.984088782229231,-0.07044861290397897
5.910094888560602,5.856885408802815,0.053209479757787115
5.910094888560602,5.986100151608489,-0.0760052630478869
5.910094888560602,5.824217776842025,0.0858771117185766
5.905528871358355,6.241634542076681,-0.3361056707183261
5.903089986991944,5.863579906291184,0.039510080700759787
5.903089986991944,5.94415891321443,-0.04106892622248637
5.903089986991944,4.728576487997883,1.1745134989940604
5.899998417198648,5.82541821767114,0.07458019952750838
5.899998417198648,5.875704140519843,0.02429427667880546
5.899974269892137,5.981477014830394,-0.08150274493825638
5.899629454882437,5.864500671042157,0.035128783840279176
5.897223385116559,5.922329878342352,-0.025106493225792725
5.892790030352131,5.942959056004091,-0.05016902565196002
5.892111974817201,5.926805413818966,-0.03469343900176458
5.890084136976206,5.779212235723944,0.11087190125226254
5.890041992921547,5.929229435479105,-0.039187442557557794
5.886056647693163,5.890941797478356,-0.004885149785192944
5.886056647693163,5.870632295617975,0.015424352075187997
5.886056647693163,5.66453182048695,0.22152482720621336
5.886056647693163,5.417297105047316,0.46875954264584685
5.886056647693163,6.018129662928238,-0.13207301523507464
5.886056647693163,5.975882590684084,-0.08982594299092117
5.886056647693163,5.79577558962653,0.09028105806663334
5.886056647693163,5.632861001823873,0.25319564586929033
5.886056647693163,5.794499718296558,0.09155692939660476
5.8794260687941495,5.720564966106735,0.15886110268741493
5.878440155812499,5.8440863229157,0.03435383289679894
5.878000503440344,5.8440863229157,0.033914180524643456
5.876148359032914,5.685728863600518,0.1904194954323959
5.876148359032914,5.870356135257427,0.005792223775487493
5.875169850586141,6.085819158980613,-0.2106493083944727
5.872895201635192,5.9924115193373035,-0.11951631770211169
5.872895201635192,5.824701384511778,0.04819381712341375
5.872571222148402,5.994009287168632,-0.12143806502023047
5.870000928042575,5.845297535167589,0.024703392874986463
5.8696662315049934,5.857058887565649,0.012607343939344595
5.8696662315049934,5.553858893692381,0.31580733781261205
5.8696662315049934,5.918405587238356,-0.04873935573336219
5.866461091629782,5.662048293900821,0.2044127977289607
5.866461091629782,5.745441812883618,0.12101927874616436
5.865822892423234,5.935948523332567,-0.07012563090933366
5.86359655186601,5.887670543939757,-0.024073992073747164
5.86359655186601,5.775090622048672,0.08850592981733829
5.863279432843593,5.733840116399094,0.12943931644449957
5.8607507824283935,5.354199579789283,0.5065512026391108
5.8607507824283935,5.8981293988011005,-0.03737861637270701
5.860120913598763,5.917802306870468,-0.05768139327170463
5.858863909879261,5.848739807013707,0.01012410286555454
5.857923538926715,6.031660515330874,-0.1737369764041592
5.856985199745905,5.88036866706554,-0.023383467319635365
5.856985199745905,5.737867973938207,0.11911722580769801
5.854492828590337,5.854717965138533,-0.00022513654819533713
5.853871964321762,5.786707487061491,0.06716447726027042
5.853871964321762,6.087310409335562,-0.2334384450138005
5.853871964321762,6.565774679815273,-0.7119027154935109
5.853871964321762,5.752673758283346,0.10119820603841578
5.853871964321762,5.276026306936124,0.5778456573856374
5.853871964321762,5.634557061999696,0.21931490232206574
5.853871964321762,5.947505922349037,-0.09363395802727492
5.853871964321762,5.882702393823146,-0.028830429501383925
5.853871964321762,5.805916981838627,0.04795498248313468
5.853871964321762,5.930447676603534,-0.07657571228177229
5.853871964321762,5.848138367055196,0.005733597266566193
5.852323675758901,5.798000703828072,0.054322971930828245
5.85078088734462,5.889335154620377,-0.038554267275756615
5.847711655616944,5.867785364849344,-0.020073709232399928
5.844663962534938,5.790334820928589,0.05432914160634894
5.844663962534938,5.936553525371525,-0.09188956283658722
5.844663962534938,5.727136212007124,0.11752775052781406
5.84163750790475,5.678042338369504,0.16359516953524622
5.84163750790475,5.8231045823078995,0.01853292559685027
5.840132152907433,5.652241452107756,0.1878907007996773
5.838332587562264,5.826163420995107,0.012169166567156608
5.838033383635925,5.703682791235722,0.13435059240020308
5.835647144215563,6.0092808887623255,-0.17363374454676261
5.832682665251824,5.921389929889056,-0.08870726463723155
5.830031826003108,6.071968071297343,-0.24193624529423552
5.8297382846050425,5.8413788077510596,-0.011640523146017046
5.8297382846050425,5.880951521516197,-0.051213236911154425
5.8297382846050425,5.731524083752407,0.09821420085263544
5.82915179635669,5.967931934464865,-0.13878013810817436
5.825358807339551,5.762120277273402,0.06323853006614932
5.823908740944319,5.359358482403245,0.4645502585410739
5.823908740944319,5.669409064785139,0.1544996761591797
5.823908740944319,5.744386456225918,0.07952228471840073
5.823908740944319,5.9258456486591475,-0.10193690771482888
5.823908740944319,6.216260453996057,-0.3923517130517382
5.823908740944319,5.630580618655829,0.19332812228848972
5.823908740944319,5.729448018766019,0.09446072217830004
5.823908740944319,5.842967252970054,-0.01905851202573494
5.823908740944319,5.436357246440829,0.3875514945034899
5.823908740944319,5.5766890822212085,0.24721965872311014
5.821954549582578,5.782441683540894,0.0395128660416848
5.821954549582578,5.712894608509132,0.10905994107344608
5.821023052706831,5.884653928020448,-0.063630875313617
5.820161071976813,5.771132915694029,0.0490281562827839
5.8198741248359465,5.720243244425687,0.09963088041025969
5.818156412055227,5.6442895389955,0.17386687305972703
5.818156412055227,5.852985634792312,-0.034829222737085
5.815308569182401,5.71417887298661,0.10112969619579104
5.8124792791635365,5.691024497616526,0.12145478154701017
5.806041021980813,5.902925569377352,-0.09688454739653896
5.800000874803203,5.658842453200518,0.1411584216026851
5.800000874803203,5.682981247918039,0.11701962688516421
5.79997073344623,5.736961840388406,0.06300889305782409
5.79997073344623,5.861062135471037,-0.06109140202480656
5.79997073344623,6.016141843513841,-0.21617111006761114
5.798876102792621,5.821555397049649,-0.022679294257028637
5.7979996527877145,5.790165828424582,0.00783382436313218
5.795880017344075,5.5315138820847105,0.2643661352593645
5.795880017344075,5.51161649931319,0.284263518030885
5.795880017344075,5.923113485539042,-0.12723346819496673
5.795880017344075,5.410951599540962,0.3849284178031134
5.795880017344075,5.849175949815337,-0.0532959324712623
5.79317412396815,5.9854109862870235,-0.1922368623188735
5.792365632611038,5.693383721815749,0.09898191079528917
5.788078915691491,6.04992557407902,-0.26184665838752874
5.786216700664696,5.849126461310053,-0.06290976064535769
5.785156151952302,5.650726437502625,0.1344297144496771
5.782516055786093,5.6503811357682,0.13213492001789362
5.782516055786093,5.424226022430606,0.3582900333554875
5.782516055786093,5.940653486195942,-0.15813743040984907
5.779107750780481,5.928760677426127,-0.1496529266456461
5.778846678045294,6.047540264568036,-0.26869358652274133
5.777283528852417,5.734859681532891,0.042423847319525976
5.774949303861951,5.61599957329248,0.15894973056947137
5.774690718274137,5.804077001175496,-0.029386282901358918
5.774690718274137,5.874857690542406,-0.1001669722682692
5.773142429711276,5.694373993659089,0.07876843605218742
5.772113295386326,5.525296965351048,0.24681633003527814
5.769551078621726,5.482582762991017,0.286968315630709
5.769551078621726,5.787682429653938,-0.018131351032212528
5.769551078621726,5.6296630196525275,0.13988805896919843
5.769551078621726,5.870385872135411,-0.10083479351368485
5.769551078621726,5.87645995239152,-0.10690887376979408
5.769551078621726,5.949971768829752,-0.18042069020802654
5.769295686387431,5.950918534973097,-0.18162284858566569
5.761452112318672,5.760699092943487,0.0007530193751845715
5.757210190521324,5.5893677466502805,0.1678424438710433
5.756961951313706,5.462016632150059,0.29494531916364686
5.75448733218585,5.643821892572863,0.11066543961298692
5.75448733218585,5.821343883679796,-0.06685655149394609
5.753999025514739,5.729400289400867,0.0245987361138722
5.747146969020107,5.741290234345717,0.005856734674389408
5.74521031260279,5.83173269680811,-0.08652238420531955
5.7447274948966935,5.712973109500854,0.03175438539583997
5.7447274948966935,5.769389901082905,-0.024662406186211072
5.7447274948966935,6.255939509186719,-0.5112120142900256
5.7447274948966935,5.64237012809677,0.10235736679992335
5.742321425130816,5.621513481200646,0.12080794393017058
5.741602195904491,5.702796374374566,0.038805821529924955
5.739964408466519,5.711123989034254,0.028840419432264675
5.739928612014925,5.730657484917867,0.00927112709705824
5.73796234567482,5.761979255316269,-0.02401690964144887
5.735890843694191,5.456369709825416,0.27952113386877553
5.73118809626022,5.6130809430059125,0.1181071532543072
5.729787145103757,5.604722603852436,0.12506454125132116
5.729321163855293,5.59303617968859,0.13628498416670354
5.72584215073632,5.838629060180889,-0.11278690944456837
5.725380380908762,5.742106463779127,-0.016726082870365033
5.723538195826755,5.809345537439188,-0.08580734161243253
5.721246399047171,5.692825210571921,0.028421188475250325
5.721246399047171,5.814325717733683,-0.0930793186865122
5.721246399047171,5.70636108565792,0.014885313389251031
5.721246399047171,5.6870927955086055,0.03415360353856567
5.721246399047171,5.751242333755873,-0.029995934708701988
5.721246399047171,5.437230707787202,0.2840156912599694
5.721246399047171,5.6060741486988785,0.11517225034829259
5.721246399047171,5.4121225549385175,0.3091238441086537
5.721246399047171,5.714156698792859,0.0070897002543119925
5.720623281343046,5.808971267447839,-0.08834798610479222
5.71669877129645,5.342909692176166,0.37378907912028403
5.714442690992226,5.758393164279194,-0.04395047328696755
5.7121982700697735,5.800120387209531,-0.08792211713975728
5.709965388637482,5.686076059300106,0.023889329337375642
5.707743928643524,5.550432977202725,0.15731095144079887
5.707743928643524,5.581979622500554,0.12576430614296985
5.707743928643524,5.792191354265756,-0.08444742562223251
5.703334809738469,5.679697878695449,0.023636931043020226
5.703334809738469,5.711234378450067,-0.007899568711597915
5.703334809738469,5.736305324146755,-0.032970514408286355
5.701146923590294,5.804548679455583,-0.10340175586528932
5.700057099977233,5.672992322411493,0.027064777565739995
5.700057099977233,5.764910475944095,-0.06485337596686236
5.700057099977233,5.757261118494212,-0.05720401851697954
5.700057099977233,5.599562066856976,0.1004950331202572
5.700028801930125,5.824594813868507,-0.12456601193838246
5.698970004336019,5.640129675561562,0.05884032877445655
5.698970004336019,5.707457437369393,-0.008487433033374181
5.698970004336019,5.827916988802841,-0.12894698446682185
5.698970004336019,5.369124729740072,0.3298452745959466
5.698970004336019,5.522111406440497,0.17685859789552172
5.698970004336019,5.18548263049392,0.5134873738420991
5.698970004336019,5.518448448716886,0.18052155561913263
5.698970004336019,5.723679660394114,-0.024709656058095497
5.698970004336019,6.006794898797721,-0.30782489446170214
5.698970004336019,5.7213760386985335,-0.02240603436251476
5.698970004336019,5.477699622608908,0.2212703817271109
5.698970004336019,5.449683738085529,0.24928626625048977
5.698970004336019,5.474640420123816,0.22432958421220306
5.698970004336019,5.77756970829267,-0.07859970395665083
5.698970004336019,5.935784054138177,-0.2368140498021578
5.698970004336019,5.695245116208616,0.0037248881274027923
5.698970004336019,5.761975446593113,-0.06300544225709448
5.696803942579511,5.570013054759669,0.12679088781984227
5.694648630553376,5.646912897668979,0.04773573288439703
5.694648630553376,5.767417506798035,-0.072768876244659
5.692932049338701,5.862414830790579,-0.16948278145187778
5.692503962086787,5.600907871308095,0.09159609077869213
5.692076296388118,5.547780987878673,0.14429530850944516
5.690369832574101,5.6854200867698,0.0049497458043008535
5.690369832574101,5.730753935591812,-0.040384103017711226
5.690369832574101,5.757944377746802,-0.06757454517270123
5.690369832574101,5.538001994679336,0.15236783789476505
5.689519108537325,5.774268391873814,-0.0847492833364889
5.686132779630847,5.387299529458303,0.29883325017254414
5.684029654543082,5.642730700120921,0.04129895442216114
5.681936665037238,5.6078213324140505,0.07411533262318759
5.681936665037238,5.798797723093101,-0.11686105805586333
5.681936665037238,5.575018730325221,0.10691793471201727
5.679230771661313,5.546464591424182,0.13276618023713116
5.6777807052660805,5.729635975645062,-0.05185527037898119
5.6777807052660805,5.559453473540782,0.11832723172529835
5.6777807052660805,5.608783414343302,0.06899729092277873
5.6777807052660805,5.78985095168788,-0.11207024642179952
5.6777807052660805,5.212169572889662,0.46561113237641827
5.6777807052660805,5.82160939122309,-0.14382868595700948
5.6777807052660805,5.709705840900704,-0.031925135634623736
5.6777807052660805,5.742562901607061,-0.06478219634098092
5.6777807052660805,5.428144650579685,0.2496360546863956
5.675717544702307,5.433124950048458,0.24259259465384897
5.675717544702307,5.706055407001809,-0.030337862299502305
5.673664139071249,5.63580657250416,0.03785756656708905
5.670398751643481,5.694804157614811,-0.02440540597133012
5.667561540084394,5.653429762425797,0.014131777658596967
5.665546248849069,5.688734550716186,-0.0231883018671164
5.66354026615147,5.683761664248561,-0.02022139809709067
5.663140179083191,5.611624510810175,0.05151566827301579
5.661543506395395,5.810836782030471,-0.14929327563507577
5.661543506395395,5.753269849831196,-0.0917263434358011
5.661543506395395,5.689106725417048,-0.02756321902165304
5.660151216962364,5.5616160702618584,0.09853514670050512
5.6595558851598815,5.588263784999416,0.07129210016046539
5.6595558851598815,5.644040368013988,0.015515517145893831
5.657577319177793,5.608716181032262,0.04886113814553106
5.657577319177793,5.471633040068407,0.18594427910938638
5.657577319177793,5.613831053923752,0.04374626525404146
5.657577319177793,5.444895219842317,0.21268209933547677
5.657577319177793,5.715547361105483,-0.05797004192768984
5.657577319177793,5.481391733615834,0.17618558556195918
5.657577319177793,5.57215352807432,0.08542379110347298
5.657577319177793,5.663360965159045,-0.005783645981251695
5.657577319177793,5.598639000612899,0.058938318564893954
5.657577319177793,5.634582900425997,0.02299441875179653
5.657577319177793,5.619520144846938,0.03805717433085576
5.657577319177793,5.633226247334563,0.024351071843230265
5.657577319177793,5.639631680937063,0.017945638240730588
5.657577319177793,5.489204065343416,0.1683732538343774
5.657577319177793,5.655984847105555,0.001592472072238671
5.657577319177793,5.652033375989062,0.005543943188730971
5.657577319177793,5.509558776487669,0.14801854269012438
5.657577319177793,5.622541061351332,0.03503625782646136
5.657577319177793,5.634368117321646,0.023209201856147388
5.657577319177793,5.640706503755606,0.01687081542218749
5.657577319177793,5.637255190613078,0.02032212856471549
5.657577319177793,5.554519003982646,0.10305831519514719
5.657577319177793,5.587264593910562,0.07031272526723154
5.657577319177793,5.616715943675398,0.04086137550239499
5.657577319177793,5.532811124564881,0.1247661946129126
5.655607726314889,5.481281887413808,0.17432583890108067
5.654038458186859,5.445427471989432,0.20861098619742702
5.653647025549361,5.520468552310609,0.1331784732387522
5.651695136951839,5.699022016517245,-0.04732687956540538
5.649364391741045,5.233857629348716,0.4155067623923294
5.648715807085038,5.6367861734202815,0.011929633664756523
5.647817481888637,5.959823288442067,-0.31200580655342947
5.645507399410564,5.6273443756964845,0.018163023714079074
5.6439741428068775,5.551170524456198,0.09280361835067907
5.642065152999546,5.465050857133307,0.17701429586623885
5.639595945270061,5.655465340508998,-0.015869395238937045
5.638272163982407,5.553751637145226,0.08452052683718136
5.638272163982407,5.702107410083231,-0.06383524610082425
5.638272163982407,5.6035690752583625,0.034703088724044484
5.638272163982407,5.618113829291942,0.02015833469046502
5.638272163982407,5.5933756012744125,0.04489656270799447
5.638272163982407,5.615942735711237,0.022329428271169682
5.638272163982407,5.609317970165733,0.028954193816673524
5.638272163982407,5.598124411780683,0.040147752201724174
5.638272163982407,5.5976252146787715,0.04064694930363544
5.638272163982407,5.465985874954059,0.17228628902834764
5.638272163982407,5.611132164469207,0.02713999951320023
5.638272163982407,5.593093533826118,0.04517863015628887
5.638272163982407,5.569171182628065,0.0691009813543415
5.638272163982407,5.608267060301874,0.030005103680532663
5.638272163982407,5.531829984497704,0.10644217948470303
5.638272163982407,5.605847372219071,0.03242479176333557
5.638272163982407,5.528695500059891,0.10957666392251575
5.638272163982407,5.53599987171209,0.10227229227031653
5.638272163982407,5.603240534734737,0.035031629247670004
5.638272163982407,5.587127951676144,0.05114421230626309
5.638272163982407,5.593169915433458,0.04510224854894851
5.638272163982407,5.488654470228393,0.14961769375401435
5.638272163982407,5.526868684678927,0.11140347930347971
5.638272163982407,5.513308571738333,0.1249635922440735
5.638272163982407,5.565524827966656,0.0727473360157509
5.638272163982407,5.557639021628796,0.0806331423536113
5.638272163982407,5.486849719951742,0.15142244403066485
5.638272163982407,5.600456559080014,0.03781560490239322
5.638272163982407,5.555159053118144,0.08311311086426265
5.638272163982407,5.615878701260904,0.022393462721503
5.638272163982407,5.589419006313639,0.04885315766876808
5.638272163982407,5.416528107097803,0.22174405688460386
5.638272163982407,5.497865954589283,0.14040620939312376
5.638272163982407,5.5528471975826665,0.0854249663997404
5.638272163982407,5.609282433443967,0.028989730538439673
5.638272163982407,5.609580130514504,0.02869203346790261
5.638272163982407,5.608200007318532,0.030072156663875305
5.638272163982407,5.562393544426024,0.07587861955638253
5.638272163982407,5.403727798096945,0.23454436588546201
5.638272163982407,5.528637225091629,0.10963493889077824
5.638272163982407,5.611658333857155,0.026613830125252314
5.632644078973981,5.477361254830205,0.15528282414377603
5.631403678647631,5.39209062783433,0.23931305081330123
5.630784142589857,5.529958096726136,0.10082604586372046
5.629116983222394,5.436896145973453,0.19222083724894112
5.627087997029893,5.737835651364748,-0.11074765433485556
5.625251653989896,5.5299448026332065,0.09530685135668904
5.625251653989896,5.491559957164326,0.13369169682556947
5.623423042943488,5.540994447434315,0.08242859550917281
5.623423042943488,5.651741629460175,-0.028318586516687283
5.623423042943488,5.714696002350198,-0.09127295940671054
5.619969752032169,5.539490680671057,0.0804790713611121
5.619788758288394,5.865203980510558,-0.2454152222221646
5.619788758288394,5.421601711836555,0.1981870464518387
5.619788758288394,5.462074639263462,0.1577141190249316
5.619788758288394,5.509495761190441,0.11029299709795293
5.619788758288394,5.690543807823737,-0.07075504953534306
5.619788758288394,5.582397905490381,0.03739085279801291
5.619788758288394,5.595586443390666,0.024202314897727284
5.617982957425132,5.487305367164757,0.1306775902603743
5.616184634019569,5.729023656177889,-0.11283902215831976
5.614393726401688,5.65841216604527,-0.04401843964358232
5.613322716039162,5.847424624685703,-0.234101908646541
5.610833915635467,5.691162773397195,-0.08032885776172716
5.607303046740334,5.626874357723888,-0.01957131098355358
5.605548319173783,5.574840522149516,0.030707797024267514
5.6020599913279625,5.674587101341972,-0.07252711001400947
5.6020599913279625,5.544763439812912,0.05729655151505053
5.6020599913279625,5.671377866958029,-0.06931787563006608
5.6020599913279625,5.434467817035637,0.16759217429232542
5.6020599913279625,5.669639470793675,-0.06757947946571274
5.6020599913279625,5.499093563310356,0.10296642801760658
5.6020599913279625,5.266944378031528,0.33511561329643413
5.6020599913279625,5.390507805564746,0.21155218576321655
5.6020599913279625,5.317764328807137,0.28429566252082594
5.6020599913279625,5.457856291224333,0.14420370010362937
5.6020599913279625,5.5205036756730514,0.08155631565491106
5.59999938302362,5.58984510134374,0.010154281679880306
5.599980364934842,6.325224195096465,-0.7252438301616229
5.596707854841746,5.609225631525439,-0.01251777668369325
5.5951662833800615,5.648150663999422,-0.052984380619360394
5.5951662833800615,5.553278659259878,0.0418876241201831
5.5934598195660445,5.653197073041123,-0.05973725347507841
5.590066876668706,5.784661137480523,-0.19459426081181697
5.58838029403677,5.266195999204073,0.32218429483269695
5.586700235918748,5.492333314160341,0.09436692175840733
5.586700235918748,5.496142109522563,0.09055812639618477
5.585026652029182,5.4860483353351635,0.09897831669401835
5.585026652029182,5.5162125478671,0.06881410416208222
5.585026652029182,5.757534845744361,-0.17250819371517956
5.585026652029182,5.428559826371656,0.15646682565752545
5.585026652029182,5.515651518106497,0.06937513392268446
5.581698708680255,5.308845947203241,0.2728527614770142
5.581532979053399,5.468494587232716,0.11303839182068298
5.581036169296377,5.186936534579899,0.39409963471647824
5.578396073130168,5.795117182634615,-0.216721109504447
5.578396073130168,5.469307770090362,0.10908830303980643
5.576754126063192,5.753969612640441,-0.17721548657724906
5.574465779501736,5.5982698622840115,-0.023804082782275415
5.573488738635424,5.5609353229418295,0.012553415693594694
5.571865205971211,5.306771933667867,0.2650932723033437
5.568636235841012,5.447313394103329,0.12132284173768326
5.568636235841012,5.559072314715119,0.009563921125892882
5.568636235841012,5.587663861816263,-0.01902762597525065
5.568636235841012,5.687364084993751,-0.11872784915273904
5.568636235841012,5.3716655573870336,0.19697067845397864
5.568636235841012,5.69083897374888,-0.12220273790786784
5.568636235841012,5.972592356008589,-0.4039561201675772
5.56700026150232,5.7124342097725735,-0.14543394827025313
5.565431095965801,5.503368220803422,0.06206287516237907
5.565431095965801,5.5104751954703595,0.05495590049544141
5.562249437179612,5.377928115309366,0.18432132187024575
5.562249437179612,5.575206228456829,-0.01295679127721705
5.560667306169737,5.559325989243938,0.0013413169257994184
5.560667306169737,5.564480470934511,-0.003813164764773447
5.5598862788877685,6.2075044414025395,-0.647618162514771
5.559090917934782,4.905990094877964,0.6531008230568176
5.559090917934782,5.6276072884295,-0.06851637049471826
5.557520230935552,5.834318270699261,-0.2767980397637091
5.557520230935552,5.537038754014696,0.02048147692085589
5.555955204081924,5.453636486419718,0.10231871766220557
5.554395796726403,5.379246360412871,0.1751494363135313
5.554395796726403,5.427154358008834,0.12724143871756866
5.552841968657781,5.52733168995558,0.025510278702200573
5.552841968657781,5.533046033676821,0.01979593498095955
5.552841968657781,5.519326613867053,0.03351535479072787
5.552841968657781,5.519326613867053,0.03351535479072787
5.552841968657781,5.53374789606482,0.01909407259296092
5.552841968657781,5.487028877523755,0.065813091134026
5.552841968657781,5.504358170331433,0.048483798326347305
5.552841968657781,5.525856996624978,0.026984972032802368
5.552841968657781,5.513566083399328,0.03927588525845227
5.552841968657781,5.521097642355086,0.03174432630269486
5.552841968657781,5.52733168995558,0.025510278702200573
5.552841968657781,5.725976165830714,-0.1731341971729332
5.552841968657781,5.527080365858155,0.02576160279962547
5.552841968657781,5.533046033676821,0.01979593498095955
5.552841968657781,5.536463675617823,0.016378293039957192
5.552841968657781,5.450733787672202,0.10210818098557883
5.552841968657781,5.387814233642539,0.16502773501524182
5.552841968657781,5.542845194984793,0.009996773672988013
5.552841968657781,5.52430208357525,0.028539885082530247
5.552841968657781,5.518096883931628,0.03474508472615234
5.55129368009492,5.5073125652977275,0.04398111479719269
5.549750891680639,5.513211713623965,0.03653917805667373
5.549750891680639,5.467976089568188,0.08177480211245136
5.549750891680639,5.417758167146986,0.13199272453365296
5.543633966870956,5.275691531799867,0.26794243507108906
5.543633966870956,5.502268410711139,0.04136555615981763
5.542572307053515,5.259068400113173,0.283503906940342
5.541060138109674,5.502078035141262,0.038982102968411425
5.5406075122407685,5.51509747611554,0.02551003612522873
5.53985418250825,5.650772665089067,-0.11091848258081694
5.539102157243452,5.604974914918613,-0.06587275767516143
5.537602002101044,5.5084900685747265,0.029111933526317912
5.537602002101044,5.50645604873314,0.031145953367904156
5.537602002101044,5.469110375026694,0.06849162707435053
5.536107011014092,5.528776678931963,0.007330332082129409
5.531652669587842,5.625818121113657,-0.09416545152581435
5.531209737900388,5.594540267202898,-0.06333052930250993
5.530177984021837,5.630446934056205,-0.10026895003436831
5.530177984021837,5.391992140498661,0.13818584352317576
5.529736553034922,5.747094976070274,-0.21735842303535247
5.527243550682788,5.449444837912979,0.07779871276980899
5.525783735923745,5.506675099619747,0.01910863630399806
5.525638023967369,5.839460590982758,-0.31382256701538846
5.52432881167557,5.366273299350165,0.15805551232540527
5.523313257054355,5.455547195044761,0.06776606200959367
5.522878745280337,5.592966434587065,-0.07008768930672726
5.522878745280337,5.387051034523013,0.13582771075732403
5.522878745280337,5.563992948986916,-0.04111420370657903
5.522878745280337,5.6586867438938055,-0.13580799861346815
5.522878745280337,5.205738442585622,0.3171403026947157
5.522878745280337,5.4937103774313405,0.0291683678489969
5.522878745280337,5.464519986612613,0.05835875866772433
5.522878745280337,5.39778859763005,0.1250901476502877
5.522878745280337,5.322947725074545,0.199931020205792
5.522878745280337,5.344165328738038,0.17871341654229944
5.522878745280337,5.379741053874245,0.14313769140609267
5.522878745280337,5.37559605825887,0.14728268702146696
5.517698232776557,5.795046779984814,-0.2773485472082564
5.515758525723032,5.533447457406463,-0.017688931683430553
5.514278573518419,5.599024338435986,-0.08474576491756647
5.512861624522813,5.694080272886429,-0.18121864836361556
5.512861624522813,5.449141857956768,0.06371976656604517
5.512861624522813,5.3480422277616535,0.16481939676115953
5.511449283499555,5.169738157888914,0.3417111256106411
5.5101820916985496,5.34872325004461,0.16145884165393998
5.510041520575165,6.091016738799673,-0.5809752182245074
5.510041520575165,5.554193008862892,-0.04415148828772697
5.510041520575165,5.477930342643423,0.032111177931742674
5.510041520575165,5.511227198326301,-0.0011856777511356498
5.508638306165727,5.298912861196596,0.2097254449691306
5.508638306165727,5.346167741719646,0.16247056444608088
5.507239610973162,5.375003031938546,0.1322365790346165
5.507239610973162,5.441905882023776,0.06533372894938605
5.50003813440381,5.4616123274772574,0.0384258069265524
5.50003813440381,5.49721592363118,0.002822210772629674
5.50003813440381,5.548704608889388,-0.048666474485577815
5.50003813440381,5.525940309339965,-0.025902174936154765
5.50003813440381,5.595421184823959,-0.09538305042014894
5.50003813440381,5.548865956070242,-0.04882782166643196
5.498940737782249,5.322807337808017,0.1761333999742316
5.498940737782249,5.351384769990157,0.14755596779209146
5.495257363728312,5.158241535665893,0.3370158280624187
5.494850021680094,5.5512415806677,-0.05639155898760606
5.494850021680094,5.386099036814574,0.10875098486551948
5.494850021680094,5.455635735897402,0.03921428578269204
5.494850021680094,5.190647856644386,0.30420216503570785
5.494850021680094,5.281749335587824,0.21310068609226995
5.490931954982838,5.476206955710191,0.014724999272647032
5.488116639021126,5.381231462551069,0.10688517647005646
5.488116639021126,5.545568768449442,-0.05745212942831657
5.488116639021126,5.889818090091776,-0.40170145107065025
5.486782399932061,5.594667402421826,-0.10788500248976529
5.486782399932061,5.210870141361222,0.27591225857083845
5.485452247339714,5.621513481200646,-0.13606123386093216
5.481486060122112,5.527215628664758,-0.04572956854264554
5.481486060122112,5.646449398113432,-0.16496333799131957
5.481486060122112,5.347143402427255,0.13434265769485698
5.481486060122112,5.4256420722675465,0.05584398785456557
5.481486060122112,5.564988884706345,-0.08350282458423308
5.481486060122112,5.476341820309649,0.005144239812462814
5.481486060122112,5.476341820309649,0.005144239812462814
5.481486060122112,6.845785106642491,-1.3642990465203786
5.479254528480517,5.527090312404523,-0.04783578392400578
5.479254528480517,5.436277694880097,0.04297683360042015
5.47755576649368,5.562185470484583,-0.08462970399090342
5.469651079823194,5.500600237533175,-0.030949157709980746
5.468521082957745,5.314096948717745,0.15442413423999923
5.468521082957745,5.41514663451855,0.05337444843919492
5.468521082957745,5.396322326385008,0.07219875657273622
5.468521082957745,5.585131418383753,-0.1166103354260084
5.468521082957745,5.451262549862223,0.0172585330955215
5.468521082957745,5.362646383005991,0.10587469995175347
5.468521082957745,5.652590369690378,-0.18406928673263323
5.467245621007502,5.3424129272944505,0.12483269371305195
5.467245621007502,5.407982995488978,0.05926262551852446
5.466609291982449,5.441858717588791,0.02475057439365802
5.464579281943827,5.538303236009353,-0.07372395406552634
5.464058996346937,5.5039740605270016,-0.03991506418006452
5.46344155742847,5.491790032445995,-0.028348475017525132
5.461929212956829,5.7115450144642645,-0.2496158015074359
5.461175011062096,5.432964279474687,0.028210731587408944
5.459670525209127,5.375070629183432,0.08459989602569529
5.459670525209127,5.453507855573347,0.006162669635779494
5.458420756053419,5.3769388381967165,0.08148191785670278
5.458420756053419,5.386400320899623,0.07202043515379586
5.458295976715712,5.467656035184115,-0.009360058468402599
5.458000392775788,5.496921589553435,-0.03892119677764683
5.457299030551889,5.607831047057,-0.15053201650511117
5.455931955649724,5.535348710428289,-0.07941675477856425
5.455931955649724,5.17400795884606,0.2819239968036644
5.455931955649724,5.370967123490692,0.08496483215903261
5.455931955649724,5.244674259532935,0.2112576961167889
5.452225294612178,5.491311718807482,-0.03908642419530395
5.447088549783491,5.306195419883555,0.1408931298999354
5.44648105985103,5.350705948055962,0.09577511179506804
5.446359663768646,5.570777768743605,-0.12441810497495887
5.446359663768646,5.50583295916699,-0.05947329539834367
5.44490555142168,5.462016632150059,-0.017111080728378525
5.44490555142168,5.042262376144977,0.4026431752767028
5.443697499232712,5.430730244447254,0.012967254785458238
5.443697499232712,5.405022171567232,0.0386753276654801
5.443697499232712,5.641243002650969,-0.19754550341825627
5.443697499232712,5.5956862445181725,-0.15198874528546025
5.443697499232712,5.270978467663872,0.17271903156884072
5.438898616350944,5.404708598288148,0.034190018062795424
5.435333935747911,5.376706947597979,0.05862698814993195
5.434270212168872,5.522003244240596,-0.087733032071724
5.432268037451931,5.414389854801047,0.017878182650884256
5.431798275933005,5.351085153238154,0.08071312269485098
5.431798275933005,5.403388116717094,0.028410159215910724
5.429457060118103,5.187626075821797,0.241830984296306
5.429457060118103,5.450124572923129,-0.020667512805026433
5.429223631205252,5.3732041859290955,0.05601944527615643
5.428291168191312,5.2140933992970195,0.21419776889429265
5.427593132441944,5.207261602943399,0.2203315294985453
5.427128397799519,5.739624163480334,-0.31249576568081494
5.425968732272281,5.346907917918202,0.07906081435407941
5.422508200162774,5.4773903234826875,-0.05488212331991349
5.42021640338319,5.342082098412615,0.0781343049705745
5.42021640338319,5.4078146641746985,0.012401739208491414
5.42021640338319,5.447146577754033,-0.02693017437084322
5.42021640338319,5.185219124131964,0.2349972792512256
5.42021640338319,5.197512622881332,0.2227037805018579
5.42021640338319,5.34429068104373,0.07592572233946004
5.41907502432438,5.347224143837381,0.07185088048699928
5.417936637088291,5.364373131523557,0.05356350556473366
5.417936637088291,5.505348136453278,-0.08741149936498704
5.417368560510363,5.233988897536999,0.1833796629733646
5.415895029600547,5.391974680048093,0.023920349552454034
5.415668775632469,5.57574979904462,-0.16008102341215125
5.4152905157442,5.5354250139884105,-0.12013449824421052
5.414869142302521,5.319959741156809,0.09490940114571256
5.413412695328245,5.142451214939937,0.2709614803883076
5.412289034981089,5.531577389831429,-0.11928835485034028
5.412289034981089,5.395749843521321,0.0165391914597679
5.411168274405792,5.529504193851825,-0.11833591944603228
5.4089353929735005,5.508567944633851,-0.0996325516603509
5.4089353929735005,6.523786206562379,-1.1148508135888786
5.4089353929735005,5.386562004789495,0.022373388184005805
5.408267761048164,5.328033186823832,0.080234574224332
5.407823242604133,5.326863932162759,0.08095931044137394
5.402304814074488,5.504028809802514,-0.10172399572802604
5.401209493236885,5.46862387822719,-0.06741438499030483
5.400662867007511,5.230734321249629,0.16992854575788208
5.400007822415902,5.403809961121572,-0.003802138705670366
5.400007822415902,5.407828496598683,-0.007820674182781318
5.3979400086720375,5.362484392048042,0.03545561662399521
5.3979400086720375,5.194331925293557,0.20360808337848013
5.3979400086720375,5.446560484972706,-0.04862047630066879
5.3979400086720375,5.434532186219943,-0.03659217754790589
5.3979400086720375,5.162351290002961,0.23558871866907616
5.3979400086720375,5.316353777481763,0.08158623119027464
5.3979400086720375,5.024891130653676,0.37304887801836184
5.3979400086720375,5.326461525776687,0.0714784828953503
5.39577394691553,5.22368888867353,0.1720850582419997
5.3952341152961125,5.510247523312471,-0.11501340801635873
5.388701637703571,5.440914857322303,-0.052213219618732154
5.388382889445664,5.536895634215365,-0.14851274476970122
5.3872161432802645,5.322153001288462,0.06506314199180263
5.3872161432802645,5.077447154626063,0.3097689886542012
5.3872161432802645,5.371771048580664,0.015445094699600759
5.386158178123931,5.155998220348042,0.23015995777588838
5.384559728783053,5.6782071595531205,-0.2936474307700676
5.38153350780092,5.281041155667219,0.10049235213370089
5.3810110796350665,5.389515081553183,-0.008504001918116622
5.379968104873703,5.3560445613660566,0.023923543507646805
5.379239510005794,5.352893009688367,0.026346500317426802
5.377785977033705,5.354846255287556,0.02293972174614911
5.3769999834366455,5.391802878643546,-0.014802895206900146
5.376750709602099,5.339552621233046,0.03719808836905347
5.376750709602099,5.249911630398292,0.12683907920380744
5.376750709602099,5.280184204561988,0.09656650504011122
5.375717904164332,5.491790032445995,-0.11607212828166347
5.373659632624958,5.247371948368828,0.12628768425612957
5.373659632624958,5.347046779683244,0.026612852941713783
5.371611069949688,5.336820396520498,0.03479067342919073
5.370896349822864,5.198072322763796,0.17282402705906819
5.368556230986828,5.347372365640413,0.0211838653464147
5.366531544420413,5.330309704229947,0.036221840190465926
5.366531544420413,5.2791890997319255,0.0873424446884874
5.366531544420413,5.224476926624734,0.14205461779567852
5.366531544420413,5.291575997608012,0.0749555468124008
5.366531544420413,5.301723693811609,0.0648078506088039
5.366531544420413,5.310566024559544,0.05596551986086862
5.366531544420413,5.277235642984672,0.08929590143574107
5.366531544420413,5.306996410035893,0.05953513438451985
5.366531544420413,5.300496940807498,0.06603460361291535
5.366531544420413,5.295399604316464,0.07113194010394874
5.366531544420413,5.277538522963697,0.08899302145671584
5.366531544420413,5.342231664729209,0.024299879691203508
5.366531544420413,5.299022478484279,0.06750906593613415
5.366531544420413,5.308078265259574,0.058453279160838534
5.366531544420413,5.28768161865797,0.07884992576244265
5.366531544420413,5.27870063223083,0.08783091218958283
5.366531544420413,5.267977352681924,0.09855419173848912
5.366531544420413,5.298891105467056,0.06764043895335714
5.364516253185088,5.310469442407129,0.05404681077795903
5.364516253185088,5.470507036108718,-0.10599078292363018
5.362510270487489,5.567424335778767,-0.20491406529127865
5.359518563029578,5.462016632150059,-0.10249806912048065
5.357733381097327,5.088163048979921,0.26957033211740544
5.356547323513812,5.5124458416527515,-0.1558985181389394
5.356547323513812,5.302914768943114,0.053632554570698154
5.356547323513812,5.236816038824527,0.11973128468928529
5.354577730650908,5.260880007562302,0.09369772308860558
5.349692476868063,5.454580116630803,-0.1048876397627394
5.348528147800957,5.234958122723572,0.11357002507738478
5.348140730753051,5.695927811350237,-0.3477870805971861
5.348140730753051,5.827412250753296,-0.4792715200002453
5.3469998598891575,5.268814798888438,0.07818506100071954
5.346787486224656,5.522957319832949,-0.1761698336082933
5.346787486224656,5.314765738836356,0.03202174738829999
5.346787486224656,5.346528497542524,0.0002589886821322551
5.346787486224656,5.323976693590524,0.022810792634132326
5.346787486224656,5.289289078631832,0.05749840759282421
5.346787486224656,5.181460866581892,0.16532661964276407
5.346787486224656,5.3316992354628745,0.015088250761781552
5.346787486224656,5.266059198578535,0.08072828764612083
5.345823458122039,5.488566640445643,-0.1427431823236036
5.34008379993015,5.090506537952184,0.24957726197796593
5.337242168318426,5.26148503976214,0.07575712855628591
5.334419008982047,5.498465490992828,-0.16404648201078142
5.330032630091496,5.371696886224607,-0.0416642561331102
5.330000131185909,5.33286754739203,-0.00286741620612041
5.3293831135996745,5.3438936092826275,-0.014510495682952929
5.329197715739056,5.412394309604959,-0.08319659386590317
5.328827157284916,5.109569981554135,0.21925717573078085
5.328827157284916,5.527849442031545,-0.1990222847466292
5.327902142064282,5.43821745125702,-0.11031530919273802
5.327902142064282,5.231731893687772,0.09617024837651034
5.325138859262188,5.465292878846313,-0.14015401958412443
5.325138859262188,5.420353400074269,-0.0952145408120808
5.323397830417981,5.343878732616498,-0.020480902198516837
5.322758154053346,5.51200866361532,-0.18925050956197342
5.320572103387882,5.284380385646068,0.03619171774181407
5.320027305722581,5.48147680501969,-0.16144949929710872
5.319664486585436,5.226859267540056,0.0928052190453803
5.319664486585436,5.435159041386141,-0.11549455480070492
5.319664486585436,4.9222257917104555,0.39743869487498085
5.318758762624412,5.158412450840924,0.16034631178348846
5.318758762624412,5.260090038095761,0.05866872452865124
5.318758762624412,5.142344288059919,0.17641447456449377
5.315154638355588,5.490994338869865,-0.17583970051427755
5.314258261397736,5.377843010278442,-0.06358474888070553
5.313274378925458,5.442264097688204,-0.128989718762746
5.3124710387853655,5.281291950602485,0.0311790881828804
5.309803919971486,5.4070792540679475,-0.09727533409646139
5.308918507877031,5.275180497396823,0.0337380104802083
5.305394801066431,5.262411019222715,0.04298378184371554
5.30434324006381,5.32931010433563,-0.024966864271820377
5.302770657240282,5.260000355537482,0.042770301702800495
5.302000424349328,5.288028950489945,0.013971473859382577
5.30189945437661,5.316300315820315,-0.014400861443705004
5.30189945437661,5.410566296271247,-0.10866684189463705
5.30189945437661,5.864453340069383,-0.5625538856927728
5.301725423325633,5.338947969870979,-0.037222546545346624
5.301029995663981,4.817426069113622,0.48360392655035955
5.301029995663981,5.264863925070229,0.036166070593751876
5.301029995663981,5.505886527062034,-0.20485653139805304
5.301029995663981,5.340061120482528,-0.03903112481854709
5.301029995663981,5.096139539152385,0.20489045651159632
5.301029995663981,5.327605102747347,-0.026575107083365523
5.301029995663981,5.522222605727012,-0.2211926100630306
5.301029995663981,5.369879410062178,-0.0688494143981968
5.301029995663981,5.057013965815522,0.24401602984845905
5.301029995663981,5.272369789031646,0.028660206632335594
5.301029995663981,5.263925214093239,0.037104781570742595
5.301029995663981,5.269936890350243,0.031093105313738434
5.301029995663981,5.226139056457551,0.07489093920642986
5.301029995663981,5.701019875673462,-0.399989880009481
5.301029995663981,5.3183539178529236,-0.017323922188942298
5.301029995663981,5.19510690081419,0.1059230948497909
5.301029995663981,5.267424870285633,0.033605125378348255
5.301029995663981,5.571536510480963,-0.27050651481698207
5.301029995663981,5.390959797540774,-0.08992980187679311
5.300515099054699,5.42973158068652,-0.1292164816318202
5.300162274132754,5.365317587075046,-0.06515531294229149
5.299988937677888,5.1766249157505415,0.12336402192734663
5.299988937677888,5.254338773143117,0.04565016453477089
5.299988937677888,5.294144048948621,0.005844888729266806
5.299988937677888,5.2255717846909135,0.0744171529869746
5.299988937677888,5.2959876937216,0.004001243956287759
5.298432014944073,5.377928115309366,-0.07949610036529364
5.295334814545472,5.170424314034083,0.12491050051138952
5.292429823902063,5.519067191400742,-0.2266373674986788
5.292429823902063,5.17644251826905,0.11598730563301363
5.292429823902063,5.363981332338768,-0.07155150843670466
5.292004253577071,5.258598728797755,0.03340552477931613
5.291215074534333,5.406060657206872,-0.11484558267253941
5.291015178892631,5.331940499689967,-0.04092532079733591
5.290730039024169,5.333334375002535,-0.04260433597836588
5.288192770958808,5.19822866246319,0.08996410849561798
5.288024145648244,5.195012860914328,0.09301128473391618
5.2839966563652006,5.371167250307859,-0.08717059394265814
5.2839966563652006,5.430918889676966,-0.14692223331176546
5.282329496997738,5.2760401306599185,0.006289366337819402
5.281498311132726,5.240664511688147,0.0408337994445791
5.281498311132726,5.268547457780517,0.012950853352208469
5.280420142286276,5.4862407798024115,-0.2058206375161351
5.276544327964814,5.2525551876897945,0.023989140275019416
5.275724130399211,5.242342337570611,0.033381792828599544
5.275724130399211,5.1995540650076,0.07617006539161064
5.275724130399211,5.224744016488601,0.05098011391060986
5.275724130399211,5.256685335608615,0.019038794790596114
5.275724130399211,5.239571097064477,0.03615303333473374
5.275724130399211,5.2257708734107595,0.04995325698845132
5.275724130399211,5.185838391226913,0.08988573917229825
5.275724130399211,5.194713618539913,0.08101051185929808
5.275724130399211,5.20567516530029,0.07004896509892067
5.275724130399211,5.258616719385966,0.017107411013244977
5.275724130399211,5.050787707921936,0.22493642247727497
5.275724130399211,5.215320596605232,0.06040353379397878
5.275724130399211,5.230251023683326,0.04547310671588445
5.275724130399211,5.264571880496696,0.011152249902514733
5.275724130399211,5.266940054344405,0.008784076054805467
5.275724130399211,5.100353291743511,0.17537083865569958
5.274823698580863,5.4617857048668,-0.1869620062859374
5.273272790973428,5.277028249945897,-0.0037554589724697607
5.273272790973428,5.392373843967431,-0.11910105299400353
5.272052290455203,5.240179833043275,0.03187245741192868
5.271646217978772,5.209859665932841,0.06178655204593131
5.268411234813261,5.217583739368054,0.050827495445206594
5.267606240177031,5.173211448175633,0.09439479200139811
5.267606240177031,4.891051140095915,0.3765551000811156
5.266802734893431,5.273573338038645,-0.00677060314521416
5.265200170411153,5.570784331113285,-0.3055841607021321
5.259637310505756,5.288849835735579,-0.029212525229823427
5.259637310505756,5.28554649431345,-0.025909183807693914
5.259637310505756,5.259803112584144,-0.0001658020783876779
5.259637310505756,5.286040761966377,-0.026403451460621064
5.259637310505756,5.320538450721184,-0.06090114021542803
5.259637310505756,5.320538450721184,-0.06090114021542803
5.259637310505756,5.720190176899257,-0.4605528663935008
5.259637310505756,5.281205750942919,-0.02156844043716344
5.259637310505756,5.221515623661623,0.038121686844132974
5.259637310505756,5.351611336766007,-0.09197402626025131
5.259637310505756,5.270052410699352,-0.010415100193595705
5.259637310505756,5.29218792084115,-0.0325506103353943
5.259637310505756,5.27148044854487,-0.011843138039114187
5.259637310505756,5.384865483088449,-0.12522817258269292
5.259637310505756,5.3012983899854556,-0.04166107947969966
5.259637310505756,5.453475034236904,-0.19383772373114816
5.259637310505756,5.407400528641486,-0.14776321813573023
5.259637310505756,5.274178402713853,-0.014541092208097517
5.259637310505756,5.2757513959074975,-0.01611408540174164
5.259637310505756,5.3014136230339535,-0.04177631252819758
5.259637310505756,5.406347582566138,-0.1467102720603819
5.259637310505756,5.504016884339429,-0.24437957383367337
5.259637310505756,5.284004112603951,-0.024366802098195528
5.259637310505756,5.4216325978485855,-0.16199528734282964
5.259637310505756,5.3231280483149135,-0.0634907378091576
5.259637310505756,5.291335747613758,-0.0316984371080018
5.259637310505756,5.385914021587338,-0.1262767110815819
5.259637310505756,5.649806433205557,-0.39016912269980075
5.259637310505756,5.293479837208208,-0.03384252670245225
5.259637310505756,5.335385583842515,-0.07574827333675938
5.259637310505756,5.362700825863916,-0.10306351535816027
5.259637310505756,5.60911728077076,-0.349479970265004
5.259637310505756,5.454085130115963,-0.19444781961020752
5.259637310505756,5.389330591589844,-0.12969328108408806
5.259637310505756,5.329517385889343,-0.06988007538358687
5.259637310505756,5.311649380459527,-0.05201206995377117
5.259637310505756,5.362535899606218,-0.10289858910046235
5.259637310505756,5.504317731284104,-0.24468042077834795
5.259637310505756,5.369628545062158,-0.1099912345564018
5.259637310505756,5.633042704996876,-0.37340539449111976
5.259637310505756,5.312291048437836,-0.05265373793208017
5.259637310505756,5.468437772168033,-0.2088004616622774
5.259637310505756,5.504317731284104,-0.24468042077834795
5.259637310505756,5.259754427624066,-0.00011711711831008387
5.259637310505756,5.283962102494225,-0.024324791988469485
5.259637310505756,5.378245900406981,-0.1186085899012248
5.259637310505756,5.290335665824171,-0.030698355318414805
5.259637310505756,5.319090372038319,-0.05945306153256347
5.259637310505756,5.660348708626112,-0.4007113981203565
5.259637310505756,5.247729786671244,0.011907523834511657
5.259637310505756,5.277818792159092,-0.018181481653336107
5.259637310505756,5.277818792159092,-0.018181481653336107
5.259637310505756,5.312134476268529,-0.05249716576277308
5.259637310505756,5.2623345107217885,-0.0026972002160325914
5.259637310505756,5.284620398761228,-0.02498308825547202
5.259637310505756,5.242570847116268,0.017066463389487474
5.259637310505756,5.295280824748549,-0.03564351424279355
5.259637310505756,5.3032850677258585,-0.04364775722010261
5.259637310505756,5.3237475067068205,-0.06411019620106462
5.259637310505756,5.284648998478009,-0.025011687972253505
5.259637310505756,5.274032313831854,-0.014395003326098
5.259637310505756,5.305105798854798,-0.045468488349041714
5.259637310505756,5.308655550089542,-0.04901823958378593
5.259637310505756,5.267466877883121,-0.007829567377364732
5.259637310505756,5.319125768891783,-0.0594884583860269
5.259637310505756,5.399107454439611,-0.13947014393385526
5.259637310505756,5.337819058454399,-0.0781817479486433
5.259637310505756,5.364983420195841,-0.1053461096900854
5.259637310505756,5.63208780492608,-0.37245049442032396
5.259637310505756,5.304395177375605,-0.044757866869849394
5.259637310505756,5.331951487439022,-0.0723141769332658
5.259637310505756,5.319199454798982,-0.05956214429322593
5.259637310505756,5.411198796567911,-0.15156148606215503
5.259637310505756,5.296032096390826,-0.03639478588507039
5.259637310505756,5.308655550089542,-0.04901823958378593
5.259637310505756,5.3353160459925055,-0.07567873548674964
5.259637310505756,5.622451516480912,-0.36281420597515623
5.259637310505756,5.333223230297684,-0.07358591979192841
5.259637310505756,5.472905774962112,-0.21326846445635628
5.259637310505756,5.346610507376204,-0.08697319687044835
5.259637310505756,5.354527243252474,-0.09488993274671831
5.259637310505756,5.295280824748549,-0.03564351424279355
5.259637310505756,5.35983602396453,-0.10019871345877451
5.259637310505756,5.325961239281651,-0.06632392877589499
5.259637310505756,5.328657438077254,-0.06902012757149834
5.259637310505756,5.305105798854798,-0.045468488349041714
5.258848401148216,5.36040864346799,-0.10156024231977323
5.258848401148216,5.027905644710445,0.23094275643777173
5.256411849840096,5.141578383676498,0.11483346616359835
5.255550542553202,5.340497969755488,-0.08494742720228654
5.254925208417943,5.336843738562007,-0.0819185301440637
5.251811972993799,5.230668141310844,0.02114383168295575
5.251811972993799,5.2211903103471915,0.030621662646607817
5.251811972993799,5.428005977539314,-0.17619400454551482
5.251811972993799,5.273193371059754,-0.021381398065954293
5.249491605148654,5.236046859494759,0.013444745653894863
5.248951965179812,5.275081638411865,-0.026129673232052397
5.247183568811728,5.206621440721057,0.040562128090670946
5.2441251443275085,5.154691674664508,0.08943346966300059
5.2441251443275085,5.00136218545594,0.24276295887156873
5.2441251443275085,5.097425352216834,0.14669979211067474
5.2441251443275085,5.421601711836555,-0.1774765675090464
5.24184537803261,5.221735304338963,0.02011007369364748
5.241088107602026,5.339360705672937,-0.09827259807091071
5.2403321553103694,5.3561506874933675,-0.11581853218299809
5.240030142445693,5.316494914825492,-0.07646477237979887
5.240015047576483,5.424577020676112,-0.18456197309962885
5.239050048589103,5.24039363251063,-0.0013435839215265588
5.238523220455298,5.399484181100032,-0.16096096064473375
5.237921912665361,5.442860061079797,-0.2049381484144357
5.236572006437063,5.069553591136359,0.16701841530070372
5.236572006437063,5.474577023273377,-0.23800501683631392
5.236572006437063,5.226139056457551,0.010432949979511719
5.236572006437063,5.098883274625233,0.1376887318118305
5.236572006437063,5.334453843295175,-0.0978818368581118
5.235823867609669,5.33492652290287,-0.09910265529320039
5.234260541478872,5.4350908256179675,-0.2008302841390952
5.232844133917819,5.291064542409429,-0.05822040849160981
5.231361898752386,5.1255438528123465,0.10581804594003952
5.231000260603502,5.225843111636038,0.005157148967463776
5.229221603830853,5.4382210270505285,-0.20899942321967568
5.229147988357855,5.18575974074218,0.043388247615675724
5.229147988357855,5.183349994246317,0.04579799411153829
5.229147988357855,5.119883210029351,0.10926477832850434
5.229147988357855,5.163536375395439,0.06561161296241647
5.229147988357855,5.154219962045043,0.07492802631281226
5.229147988357855,5.1694969719238495,0.05965101643400583
5.229147988357855,5.195229625189936,0.03391836316791963
5.229147988357855,5.181880497497941,0.04726749085991422
5.229147988357855,5.1706507088034614,0.05849727955439388
5.229147988357855,5.179791182787084,0.04935680557077138
5.229147988357855,5.1730516007064855,0.05609638765136982
5.229147988357855,5.155538221870001,0.07360976648785389
5.229147988357855,4.936902520140177,0.2922454682176783
5.229147988357855,5.1735002520039615,0.05564773635389386
5.229147988357855,5.155914438109961,0.07323355024789446
5.229147988357855,5.162369653878446,0.06677833447940973
5.22767829327708,5.455032282194486,-0.22735398891740566
5.22548303427145,5.221136562843998,0.004346471427452592
5.223298816011589,5.406695551036425,-0.18339673502483667
5.223153591304701,5.220846800371366,0.002306790933334746
5.221848749616356,5.317523105129883,-0.09567435551352688
5.221848749616356,4.920198978041837,0.3016497715745192
5.221848749616356,4.982138509119988,0.23971024049636824
5.221848749616356,5.066934086977807,0.15491466263854914
5.221848749616356,5.21261419224242,0.009234557373936525
5.221848749616356,5.285604357786895,-0.06375560817053927
5.221848749616356,4.817426069113622,0.40442268050273444
5.220403508742176,5.278243597444031,-0.05784008870185531
5.219682687859849,5.346022018607614,-0.12633933074776493
5.219610671529047,5.150703058331624,0.06890761319742289
5.218891164270534,5.160815978656265,0.05807518561426939
5.2182446253475305,5.006499826236709,0.21174479911082145
5.215382707367125,5.330232885019522,-0.11485017765239736
5.215382707367125,5.402688915267399,-0.1873062079002743
5.215382707367125,5.224688942891666,-0.009306235524540796
5.214670164989233,5.191717888086338,0.022952276902894475
5.214670164989233,5.2057749432197316,0.008895221769501305
5.214670164989233,5.056347450242686,0.15832271474654647
5.213248577854438,5.152986160876288,0.06026241697815049
5.212539525481585,5.1461856165422315,0.06635390893935345
5.209011524911184,5.378118590105936,-0.16910706519475216
5.207608310501746,5.202765490503343,0.0048428199984025255
5.207608310501746,5.188834606164294,0.018773704337451846
5.207608310501746,5.145897833720368,0.06171047678137764
5.207608310501746,5.146416983857818,0.0611913266439279
5.207608310501746,5.1950195350493695,0.012588775452376133
5.207608310501746,5.179544841902811,0.02806346859893427
5.207608310501746,5.193616377819989,0.01399193268175658
5.207608310501746,5.19249251697173,0.015115793530015686
5.207608310501746,5.177996033969177,0.029612276532568593
5.207608310501746,5.188753737790521,0.01885457271122437
5.207608310501746,5.197661054840342,0.009947255661403531
5.207608310501746,5.1855899564715395,0.022018354030206133
5.207608310501746,5.186541418934056,0.02106689156768926
5.207608310501746,5.300410002992698,-0.09280169249095227
5.207608310501746,5.206367268349985,0.001241042151760574
5.207608310501746,5.191647697408774,0.0159606130929717
5.207608310501746,5.18805541827911,0.019552892222635343
5.207608310501746,5.186979557364817,0.020628753136928246
5.207608310501746,5.20359922023358,0.004009090268165316
5.207608310501746,5.200100653250499,0.007507657251246691
5.207608310501746,5.19341054654921,0.014197763952535247
5.207608310501746,5.08815224643816,0.119456064063586
5.207608310501746,5.193671607527358,0.013936702974387316
5.20690839982342,5.416300769847578,-0.20939237002415823
5.204119982655925,4.948884788152945,0.2552351945029798
5.204119982655925,4.422384300551166,0.7817356821047587
5.20266319922465,5.130215039855684,0.07244815936896654
5.202040356262804,5.3479524726865355,-0.14591211642373114
5.200659450546418,5.210934802139374,-0.01027535159295656
5.200659450546418,5.0385046140286445,0.1621548365177734
5.200659450546418,5.14131465509166,0.05934479545475746
5.199970640755866,5.189470153371216,0.010500487384649482
5.199970640755866,5.121023731092162,0.07894690966370366
5.198596289982644,5.072658352416171,0.12593793756647376
5.197910742118268,5.373891275492869,-0.1759805333746005
5.197226274708024,5.4365569872960045,-0.23933071258798044
5.1944991418416,5.288573507691697,-0.09407436585009687
5.1938200260161125,5.057815886090504,0.13600413992560867
5.1938200260161125,5.2542015429506685,-0.06038151693455607
5.1938200260161125,5.211100506213018,-0.017280480196905756
5.1938200260161125,5.190431602522593,0.0033884234935195323
5.1938200260161125,5.38667126905402,-0.19285124303790724
5.189565844077327,5.15648600376285,0.033079840314477416
5.188424994129407,5.6313768716346875,-0.44295187750528076
5.188223978397096,5.105219012236807,0.08300496616028852
5.187086643357144,5.2433324805445904,-0.056245837187446135
5.187086643357144,5.436739398513776,-0.24965275515663166
5.187086643357144,5.595477578921387,-0.4083909355642428
5.187086643357144,5.198325884216248,-0.011239240859103994
5.184422251675732,5.209859665932841,-0.02543741425710877
5.184223079701637,5.082876470158235,0.10134660954340191
5.18111458540599,4.651766343271589,0.5293482421344011
5.180456064458131,5.137857804174981,0.042598260283149614
5.180456064458131,5.73767201806114,-0.5572159536030092
5.180456064458131,5.059060065276854,0.12139599918127697
5.180456064458131,5.167693741806433,0.012762322651697744
5.180456064458131,5.1877226020235865,-0.0072665375654557
5.179207618911796,5.276300697986799,-0.09709307907500264
5.175874166083451,5.049694111263479,0.1261800548199723
5.173925197299173,5.2444604281725224,-0.07053523087334934
5.173925197299173,5.084838967358127,0.08908622994104576
5.173925197299173,5.087383732118536,0.08654146518063754
5.172630726946174,5.120431901181972,0.05219882576420254
5.168770306132936,4.619171259813648,0.5495990463192886
5.167491087293763,5.3232356758635,-0.1557445885697364
5.167491087293763,5.075350497727415,0.0921405895663483
5.167491087293763,5.255509912015667,-0.08801882472190403
5.167491087293763,5.407812438257315,-0.24032135096355134
5.166852888087215,5.219268812220939,-0.05241592413372409
5.165579296318468,5.212115974455336,-0.046536678136868126
5.163675884293248,5.245478489993062,-0.08180260569981446
5.163232952605794,4.97290826918769,0.19032468341810382
5.162348442153608,5.161985592088539,0.0003628500650689759
5.161780778092375,5.352068145782672,-0.19028736769029742
5.161213855053406,5.113774794919926,0.047439060133480204
5.161150909262744,5.0427999594864845,0.11835094977625982
5.161150909262744,5.227631443183266,-0.06648053392052145
5.161150909262744,5.376197637819624,-0.21504672855687978
5.161150909262744,5.129941248117712,0.03120966114503254
5.161150909262744,5.124606719140337,0.03654419012240773
5.160345619535736,5.270776197032486,-0.11043057749675
5.158015195409886,5.221448150139064,-0.06343295472917809
5.154901959985743,5.125924296865055,0.02897766312068839
5.154901959985743,4.9524693593535005,0.20243260063224255
5.154901959985743,4.855880562809673,0.29902139717607046
5.154901959985743,4.942752881768043,0.21214907821770002
5.154901959985743,5.1736941101313665,-0.01879215014562341
5.154901959985743,5.288247127672856,-0.13334516768711335
5.154901959985743,5.572074866760061,-0.41717290677431773
5.154901959985743,5.184808240312099,-0.029906280326356338
5.152427340857888,5.0802621307481015,0.07216521010978649
5.151195298948196,5.136999128768365,0.014196170179831213
5.150949309430487,5.1718508836913655,-0.020901574260878242
5.150949309430487,5.144593144261167,0.006356165169320249
5.150514997831991,5.391884598692401,-0.24136960086041004
5.14978275820161,5.480441111255606,-0.3306583530539964
5.1487416512809245,5.164002938503362,-0.01526128722243758
5.146301788223825,5.236161860287579,-0.0898600720637539
5.146301788223825,4.931451027141563,0.2148507610822623
5.14545106418705,5.232340583358107,-0.08688951917105747
5.1444808443322,4.965014423999925,0.17946642033227533
5.142667503568731,5.052607351361746,0.09006015220698504
5.142667503568731,5.273306833687028,-0.13063933011829665
5.142667503568731,5.124912244503291,0.0177552590654404
5.142667503568731,5.027693614478808,0.11497388908992345
5.137272471682025,5.137079629417441,0.00019284226458449183
5.136677139879544,5.036319387346991,0.10035775253255341
5.135133085671474,5.135123948921216,9.136750257709991e-06
5.13430394008393,5.121058920878799,0.013245019205131214
5.13399992204554,5.134618332494041,-0.0006184104485011943
5.130768280269024,5.191978112238268,-0.061209831969244455
5.130768280269024,4.9463162544919985,0.18445202577702524
5.1295960947209736,5.034353107516563,0.09524298720441049
5.129186576084402,5.036912789587797,0.09227378649660523
5.126679398184601,5.186559884869048,-0.05988048668444712
5.1249387366083,5.083250551872829,0.04168818473547109
5.1249387366083,5.148325553834621,-0.023386817226320744
5.1249387366083,5.097561152358638,0.027377584249661524
5.1249387366083,4.924995591677926,0.19994314493037368
5.1249387366083,5.214593212872684,-0.08965447626438383
5.119186407719209,5.140184020705034,-0.020997612985825143
5.117475462045119,5.020018213448051,0.09745724859706861
5.1164220669589096,5.424226022430606,-0.30780395547169626
5.114638779968487,5.14438943634291,-0.029750656374422313
5.114073660198569,5.256738746664435,-0.14266508646586562
5.113960724433557,5.213933342991576,-0.0999726185580192
5.113509274827518,5.188446471995463,-0.07493719716794534
5.110138278741811,5.199209912569027,-0.08907163382721617
5.110138278741811,4.353765280470441,0.7563729982713703
5.107905397309519,5.097462214796641,0.010443182512878124
5.107905397309519,4.952485664110104,0.15541973319941516
5.107905397309519,5.169890518332222,-0.06198512102270293
5.107794054024227,5.077638254982396,0.030155799041830633
5.107293362194334,4.990105833135769,0.11718752905856533
5.106238237942057,4.873754401987232,0.2324838359548247
5.1054070520770445,5.260063264009128,-0.15465621193208356
5.104577453960593,5.317294708636966,-0.2127172546763738
5.102372908709558,5.185324965921102,-0.08295205721154364
5.102372908709558,4.884451493289387,0.21792141542017074
5.100015437450609,5.2858068042400514,-0.1857913667894424
5.100015437450609,4.984783659868001,0.11523177758260772
5.100015437450609,4.993723317130743,0.1062921203198659
5.100007782892403,5.324256424667347,-0.22424864177494364
5.0996328713435295,5.1124653899168475,-0.01283251857331802
5.096910013008056,4.8970611944849365,0.19984881852311975
5.096910013008056,4.843188145256926,0.25372186775113015
5.096910013008056,5.071681239920167,0.025228773087889067
5.096910013008056,5.019177886520572,0.07773212648748462
5.096910013008056,5.087285286963426,0.009624726044630272
5.096910013008056,5.087285286963426,0.009624726044630272
5.096910013008056,4.893001089429181,0.2039089235788749
5.09528445472132,4.966648295563465,0.1286361591578542
5.09528445472132,4.843800193160668,0.25148426156065185
5.094743951251549,5.278631461681749,-0.1838875104301998
5.093234110459273,5.2910227156519944,-0.1977886051927218
5.09151498112135,5.123550603302649,-0.03203562218129985
5.09151498112135,4.913445177146647,0.17806980397470262
5.09151498112135,4.914415398171604,0.17709958294974548
5.09151498112135,5.035445794408447,0.05606918671290284
5.090443970758825,5.213846881512532,-0.12340291075370668
5.083493412884844,5.198072322763796,-0.11457890987895158
5.081445469449727,5.120525183229358,-0.03907971377963104
5.080921907623926,5.052489626319171,0.028432281304755058
5.080921907623926,5.05925029304281,0.021671614581116216
5.080921907623926,5.093086835168001,-0.012164927544074722
5.080921907623926,5.057038898703762,0.023883008920163817
5.080921907623926,5.292587171515579,-0.21166526389165252
5.080921907623926,5.074917544156297,0.006004363467629226
5.080921907623926,5.069653004431691,0.011268903192235058
5.080921907623926,5.04791984352713,0.03300206409679607
5.080921907623926,5.04063261082146,0.04028929680246662
5.080398976215889,5.1261129032815695,-0.04571392706568034
5.0757724187398825,5.175464270432208,-0.09969185169232553
5.075720713938118,4.477472145562863,0.5982485683752552
5.074069402131529,5.281785538638693,-0.20771613650716425
5.070581074285707,5.244674259532935,-0.17409318524722828
5.069050968832477,5.056700140343372,0.012350828489105403
5.068033885271827,5.225572839158624,-0.15753895388679684
5.067526235322847,5.271943492694434,-0.20441725737158656
5.066512712151295,4.956218160570363,0.11029455158093171
5.065501548756432,4.956157786492965,0.10934376226346654
5.065501548756432,5.248843917796453,-0.18334236904002132
5.065501548756432,5.116338965917177,-0.050837417160745524
5.062983892535186,4.98984202268103,0.07314186985415638
5.060980223551334,4.988195635500302,0.07278458805103138
5.060480747381382,5.047611780504802,0.01286896687657979
5.060480747381382,5.121336690703918,-0.06085594332253663
5.057000406633959,4.80479684287447,0.2522035637594886
5.055517327849831,5.077097822259498,-0.02158049440966714
5.055517327849831,5.026343773954235,0.02917355389559617
5.055517327849831,5.010947636628956,0.044569691220875285
5.055517327849831,5.017123936445372,0.03839339140445919
5.054088483180727,5.022378725715131,0.031709757465595345
5.053154886039377,5.070893566931344,-0.017738680891967284
5.050609993355087,5.16905328689368,-0.11844329353859351
5.050609993355087,5.11609324761375,-0.06548325425866341
5.049999969853415,5.061592312817582,-0.011592342964166669
5.049988031665045,5.201789708678128,-0.15180167701308367
5.0496838360754,5.061592312817582,-0.011908476742181762
5.048176964684088,5.027662037470079,0.02051492721400905
5.045757490560675,5.071208850284065,-0.025451359723390077
5.045757490560675,5.032801730628554,0.012955759932120614
5.045757490560675,4.982315938529554,0.06344155203112045
5.045757490560675,4.8546862230036085,0.19107126755706627
5.045757490560675,4.8546862230036085,0.19107126755706627
5.042778173934248,5.0618980668868145,-0.019119892952566886
5.040481623027002,5.085280499456171,-0.044798876429168466
5.038578905933552,4.8860843085483685,0.1524945973851839
5.037157318798758,5.062667948523598,-0.025510629724839973
5.036212172654444,5.108805686918149,-0.07259351426370486
5.0343280287798935,5.0405535846964815,-0.006225555916588021
5.033858267260968,5.019368540607421,0.014489726653547308
5.031517051446064,4.848325736655391,0.1831913147906734
5.031517051446064,4.978869303834091,0.05264774761197355
5.030000139977383,5.047025480999392,-0.017025341022009144
5.027195677663422,4.968725796684532,0.05846988097889039
5.022276394711152,5.010706247710494,0.011570147000658615
5.022276394711152,5.3166759142542555,-0.29439951954310306
5.019133445417921,5.3711092217883,-0.351975776370379
5.017728766960431,4.958313622186977,0.05941514477345411
5.014124642691606,5.158693306577868,-0.144568663886262
5.013676222949234,5.2097019553202175,-0.19602573237098309
5.013228265733755,5.258840565537391,-0.24561229980363652
5.008773924307505,4.950133452847543,0.05864047145996221
5.008773924307505,4.94415967688016,0.064614247427345
5.008021209005417,4.925011217230102,0.08300999177531487
5.006563769502389,5.037409509251198,-0.03084573974880911
5.005682847330363,4.970900489426663,0.03478235790370032
5.004364805402449,5.0851711896062906,-0.08080638420384112
5.004364805402449,4.830086394205696,0.17427841119675325
5.002613615602687,5.177555254285829,-0.1749416386831415
5.000869458712629,4.98984202268103,0.011027436031598725
5.0,4.891104719851909,0.10889528014809091
5.0,4.900731448892506,0.09926855110749422
5.0,4.688924006167353,0.31107599383264706
5.0,5.1497463939735235,-0.14974639397352352
5.0,5.024575617000039,-0.024575617000039074
5.0,5.177613232749055,-0.17761323274905472
5.0,5.106255630004426,-0.1062556300044264
5.0,5.055168887363537,-0.05516888736353742
5.0,5.008447958919391,-0.008447958919391318
5.0,5.050082742781218,-0.050082742781217604
5.0,5.002347856370553,-0.00234785637055257
5.0,5.206240229047449,-0.20624022904744876
5.0,5.041162771638208,-0.04116277163820836
5.0,5.038643812277012,-0.0386438122770123
5.0,5.063539178918412,-0.0635391789184121
5.0,5.177061460275346,-0.17706146027534597
5.0,5.025465157477719,-0.02546515747771938
5.0,5.052607351361746,-0.05260735136174599
5.0,5.052607351361746,-0.05260735136174599
5.0,5.0057832997316805,-0.005783299731680458
5.0,5.012196074346248,-0.012196074346247698
5.0,5.049381874889386,-0.04938187488938617
5.0,5.172906020267981,-0.1729060202679813
5.0,5.063969789638102,-0.06396978963810174
5.0,5.038783603813166,-0.038783603813166145
5.0,5.054325819680974,-0.05432581968097416
5.0,5.068633833858007,-0.06863383385800681
5.0,5.013663118932191,-0.01366311893219141
5.0,5.016772175398533,-0.016772175398532596
5.0,5.029404408346251,-0.029404408346250577
5.0,5.076553561326343,-0.07655356132634328
5.0,5.08663074714017,-0.08663074714016972
5.0,5.0135906794703375,-0.013590679470337541
5.0,5.019587522903211,-0.019587522903210974
5.0,5.025694089602199,-0.0256940896021991
5.0,5.0604072773550275,-0.06040727735502749
5.0,5.209757849970251,-0.20975784997025126
5.0,5.102655334025051,-0.10265533402505067
5.0,7.387699753177181,-2.3876997531771806
5.0,5.038426737300256,-0.03842673730025581
5.0,5.04414416781401,-0.04414416781400998
5.0,4.982066318067011,0.017933681932989387
5.0,4.9879986154368785,0.012001384563121498
5.0,5.0502876669185275,-0.050287666918527485
5.0,5.254168934075288,-0.2541689340752882
5.0,5.147574097904072,-0.14757409790407205
5.0,4.935649996378379,0.06435000362162135
5.0,5.100104567714469,-0.10010456771446918
5.0,5.0057832997316805,-0.005783299731680458
5.0,5.034499072471338,-0.034499072471337655
5.0,5.056344419535703,-0.05634441953570324
5.0,5.0416717586746005,-0.04167175867460049
5.0,5.044468245874626,-0.04446824587462572
5.0,5.098599373531433,-0.09859937353143344
5.0,5.071912668095666,-0.0719126680956661
5.0,5.077151014952454,-0.07715101495245413
5.0,5.086906783885072,-0.08690678388507234
5.0,5.004687607596263,-0.004687607596262744
5.0,5.004687607596263,-0.004687607596262744
5.0,5.258111582848088,-0.25811158284808844
5.0,4.8600679327598435,0.1399320672401565
5.0,5.008098155865271,-0.008098155865271295
5.0,5.092649097482196,-0.0926490974821963
5.0,5.130748275331435,-0.13074827533143463
5.0,5.024534973325197,-0.024534973325197384
5.0,5.079845635651934,-0.07984563565193437
5.0,4.97998547005835,0.020014529941650316
5.0,5.150389202232375,-0.1503892022323754
5.0,5.181326256190026,-0.18132625619002596
5.0,5.054738590808819,-0.054738590808819154
5.0,5.032591707805143,-0.03259170780514342
5.0,5.078799787698938,-0.07879978769893814
5.0,4.9597865741548155,0.0402134258451845
5.0,5.054414073281696,-0.054414073281695785
5.0,4.974166875168674,0.02583312483132616
5.0,5.074921568173159,-0.07492156817315898
5.0,5.251041104165769,-0.2510411041657692
5.0,4.786274768755262,0.2137252312447382
5.0,5.189617150179217,-0.18961715017921676
5.0,5.375717463806027,-0.3757174638060272
5.0,5.114280615208463,-0.11428061520846278
5.0,5.142395776327677,-0.1423957763276773
5.0,5.127893561181302,-0.12789356118130168
5.0,5.018838236564034,-0.018838236564033828
5.0,5.09322795058358,-0.09322795058357958
5.0,5.179241902375117,-0.17924190237511706
5.0,5.155293713515937,-0.15529371351593735
5.0,5.1871426331009705,-0.18714263310097046
5.0,5.010109464878219,-0.010109464878219399
5.0,4.858337980171877,0.14166201982812332
5.0,5.1180653987792315,-0.1180653987792315
5.0,5.136459559573627,-0.13645955957362688
5.0,5.212169572889662,-0.2121695728896622
5.0,5.276026306936124,-0.2760263069361244
5.0,5.052735593628294,-0.052735593628294275
5.0,5.154880627258803,-0.15488062725880258
5.0,5.467185523607044,-0.4671855236070437
5.0,5.182748580991496,-0.18274858099149593
5.0,5.069322740993104,-0.06932274099310387
5.0,5.1075289061324245,-0.1075289061324245
5.0,5.0375195560779895,-0.03751955607798951
5.0,5.0841348580492145,-0.0841348580492145
5.0,5.049005469886338,-0.04900546988633803
5.0,5.068353195564604,-0.06835319556460373
5.0,5.001710497545174,-0.00171049754517405
5.0,5.002457903396422,-0.0024579033964222674
5.0,5.061273566135151,-0.061273566135151114
5.0,4.815186781403468,0.1848132185965321
5.0,5.074790638489988,-0.07479063848998813
5.0,5.052661598752523,-0.05266159875252274
5.0,5.0419366884033225,-0.04193668840332254
5.0,5.056241381839373,-0.05624138183937344
5.0,5.019320525732773,-0.01932052573277332
5.0,5.139087201664175,-0.1390872016641751
5.0,5.045494023273491,-0.04549402327349128
5.0,5.016040401512636,-0.01604040151263586
5.0,5.492744466677663,-0.4927444666776628
5.0,5.2982340290602155,-0.29823402906021546
5.0,5.212791482231787,-0.21279148223178712
5.0,5.01678703243487,-0.016787032434869786
5.0,4.825678502576757,0.174321497423243
5.0,5.050797192119736,-0.05079719211973632
5.0,4.980890233225273,0.019109766774726644
5.0,4.963106029601052,0.03689397039894793
5.0,5.057008232045929,-0.057008232045928864
5.0,5.221548870669616,-0.22154887066961582
5.0,5.299335763548272,-0.29933576354827185
5.0,4.922906194143938,0.0770938058560624
5.0,4.961873062748921,0.03812693725107863
5.0,4.916473605818255,0.08352639418174501
5.0,5.019263591673672,-0.01926359167367231
5.0,5.019263591673672,-0.01926359167367231
5.0,5.033982439365715,-0.03398243936571532
5.0,5.014573896577589,-0.014573896577588563
5.0,5.017613609997979,-0.01761360999797912
5.0,5.005440015839094,-0.005440015839093704
5.0,5.032392527062948,-0.03239252706294771
5.0,5.038388312657309,-0.03838831265730924
5.0,4.955343846112918,0.04465615388708244
5.0,5.134913656061375,-0.13491365606137506
5.0,5.061392316164728,-0.061392316164727845
5.0,5.274483114918536,-0.27448311491853605
5.0,5.04486160540813,-0.04486160540812989
5.0,5.0484030555768244,-0.04840305557682445
5.0,5.0290381402327515,-0.02903814023275153
5.0,4.964536075605051,0.03546392439494905
5.0,5.057402163017218,-0.05740216301721812
5.0,5.051962999217707,-0.051962999217707306
5.0,4.972716250697824,0.027283749302175586
5.0,5.115557445393949,-0.11555744539394919
5.0,5.0152684824652765,-0.015268482465276456
5.0,5.030631690776213,-0.03063169077621275
5.0,5.2030332950257705,-0.2030332950257705
5.0,4.997065419730585,0.002934580269415399
5.0,5.0404069746397795,-0.04040697463977949
5.0,4.964211678106696,0.035788321893304165
5.0,5.016136413981892,-0.016136413981891806
5.0,5.2184626011406205,-0.21846260114062055
5.0,5.039692767353628,-0.039692767353628255
5.0,5.087870557877606,-0.087870557877606
5.0,5.0275032543724185,-0.027503254372418517
5.0,4.991320606719376,0.008679393280623948
5.0,5.005219267710418,-0.0052192677104176965
5.0,5.035445794408447,-0.03544579440844675
5.0,5.045877965636491,-0.045877965636490714
5.0,5.042017141610921,-0.04201714161092074
5.0,5.02363309069985,-0.023633090699849646
5.0,5.086739370783521,-0.0867393707835209
5.0,5.189039809918913,-0.18903980991891256
5.0,5.393411023668939,-0.3934110236689392
5.0,5.1678086965522345,-0.16780869655223452
5.0,5.092735049427406,-0.0927350494274064
5.0,5.045790026806964,-0.04579002680696398
5.0,5.5262081673031584,-0.5262081673031584
5.0,5.275691531799867,-0.2756915317998674
5.0,5.158216939825783,-0.1582169398257829
5.0,5.13403447545414,-0.13403447545413982
5.0,5.009759052875048,-0.00975905287504819
5.0,5.013230793100263,-0.013230793100262872
5.0,5.002985891598683,-0.0029858915986826773
5.0,5.087699928866843,-0.08769992886684275
5.0,5.146301694349906,-0.1463016943499058
5.0,5.005258755484092,-0.005258755484091715
5.0,5.024758934982491,-0.02475893498249082
5.0,4.923392601515194,0.07660739848480613
5.0,4.90685094040565,0.09314905959435027
5.0,5.0179197681877215,-0.017919768187721452
5.0,5.00383052740652,-0.0038305274065200123
5.0,4.748501508828481,0.25149849117151923
5.0,4.991300641208511,0.008699358791488976
5.0,5.005405569623885,-0.00540556962388461
5.0,5.065379418110153,-0.0653794181101528
5.0,5.1228382786260545,-0.12283827862605445
5.0,5.136762190176108,-0.1367621901761078
5.0,5.12736810604594,-0.12736810604593973
5.0,5.034887550551061,-0.034887550551061075
5.0,5.084838967358127,-0.08483896735812735
5.0,5.029751613590688,-0.029751613590687676
5.0,5.033524136678047,-0.033524136678047434
5.0,5.051426095076505,-0.051426095076505085
5.0,5.118093270018384,-0.11809327001838366
5.0,5.209486102922102,-0.209486102922102
5.0,5.6378727190455225,-0.6378727190455225
5.0,5.267259184018984,-0.2672591840189842
5.0,5.272335808732758,-0.2723358087327581
5.0,5.0512666761086304,-0.05126667610863045
5.0,5.005997200461172,-0.005997200461171914
5.0,5.0052993566544295,-0.005299356654429488
5.0,5.109094667055324,-0.10909466705532367
5.0,5.005188813785622,-0.005188813785622415
5.0,5.035445794408447,-0.03544579440844675
5.0,5.212169572889662,-0.2121695728896622
5.0,5.276026306936124,-0.2760263069361244
5.0,5.003192727008375,-0.003192727008374696
5.0,4.983798227433423,0.016201772566576622
5.0,5.0181257459935065,-0.01812574599350647
5.0,4.983920757079349,0.016079242920651104
5.0,5.03628323056985,-0.03628323056985039
5.0,5.22368888867353,-0.22368888867353043
5.0,4.957996272005454,0.04200372799454577
5.0,5.381201876054521,-0.38120187605452127
5.0,5.06799441309111,-0.06799441309111032
5.0,4.989694130231455,0.010305869768544973
5.0,5.1049334001196405,-0.10493340011964047
5.0,5.053553916513811,-0.053553916513810584
5.0,5.137451537969168,-0.1374515379691683
5.0,5.0474331307916005,-0.0474331307916005
5.0,5.0290003794820235,-0.029000379482023497
5.0,4.9953859039207265,0.004614096079273544
5.0,4.988630285768618,0.011369714231381778
5.0,5.028868525410472,-0.02886852541047169
5.0,4.822829148341029,0.17717085165897117
5.0,4.832778087600709,0.16722191239929085
5.0,5.060419855364994,-0.06041985536499439
5.0,5.016051588151102,-0.01605158815110208
5.0,5.022318196294631,-0.02231819629463061
5.0,4.784208406780529,0.21579159321947117
5.0,5.161527551771016,-0.16152755177101596
5.0,5.136902263769369,-0.1369022637693691
5.0,5.028503156031601,-0.028503156031600696
5.0,4.902145339860837,0.09785466013916277
5.0,5.077058163259442,-0.07705816325944159
5.0,5.400446698459119,-0.4004466984591186
5.0,5.109191318253317,-0.10919131825331707
5.0,5.106977368598264,-0.10697736859826357
5.0,5.599845456089672,-0.599845456089672
5.0,5.243308370756399,-0.24330837075639877
5.0,5.119864131858894,-0.11986413185889422
5.0,5.070855652251251,-0.07085565225125112
5.0,5.044281772788444,-0.044281772788443696
5.0,5.082165799507172,-0.08216579950717229
5.0,5.0057832997316805,-0.005783299731680458
5.0,4.770762173312604,0.22923782668739623
5.0,4.933580779113676,0.06641922088632413
5.0,5.026665359891715,-0.026665359891715035
5.0,5.0410398708518125,-0.04103987085181249
5.0,4.9476476634454825,0.05235233655451754
5.0,5.0023676759287845,-0.0023676759287845073
5.0,5.041552736803587,-0.04155273680358729
5.0,5.176406831150375,-0.17640683115037525
5.0,4.979378068869051,0.020621931130948568
5.0,5.064354170702234,-0.06435417070223437
5.0,5.062953110398134,-0.06295311039813356
5.0,5.147437745828693,-0.14743774582869307
5.0,5.165493292112082,-0.16549329211208175
5.0,5.096728362111557,-0.09672836211155733
5.0,5.170543185219704,-0.1705431852197039
5.0,5.082803192082742,-0.0828031920827419
5.0,5.071985258315777,-0.0719852583157774
5.0,5.084991029772955,-0.08499102977295525
5.0,5.159330288198551,-0.159330288198551
5.0,4.9982034424191335,0.001796557580866498
5.0,4.976418014366634,0.02358198563336611
5.0,4.9377846695534915,0.06221533044650851
5.0,5.02309128328733,-0.023091283287329567
5.0,4.874766495265567,0.12523350473443262
5.0,5.10488660444344,-0.10488660444343978
5.0,5.0484247367874575,-0.04842473678745751
5.0,4.81105540741367,0.18894459258632956
5.0,4.751526085366579,0.24847391463342117
5.0,5.160572203187136,-0.16057220318713572
5.0,4.970584360049226,0.02941563995077434
5.0,4.889668666061857,0.11033133393814332
5.0,5.0310979393341295,-0.03109793933412952
5.0,5.0012025351770255,-0.00120253517702551
5.0,5.025710344910634,-0.025710344910634397
5.0,4.917902305844221,0.08209769415577917
5.0,4.93013029530991,0.06986970469009002
5.0,5.002799827929376,-0.002799827929376164
5.0,5.057202065652599,-0.05720206565259911
5.0,5.136783025386338,-0.1367830253863378
5.0,5.045091268461986,-0.04509126846198619
5.0,5.185100140996175,-0.185100140996175
5.0,5.044796052949087,-0.04479605294908673
5.0,4.957040170485571,0.04295982951442934
5.0,4.956267421138768,0.04373257886123216
5.0,5.018645390287675,-0.018645390287675312
5.0,4.93238933419898,0.06761066580101982
5.0,5.25527840628654,-0.2552784062865401
5.0,5.0036531285580015,-0.003653128558001484
5.0,5.048996739000819,-0.04899673900081858
5.0,5.0776195544364064,-0.07761955443640645
5.0,5.043038990598855,-0.04303899059885463
5.0,5.259165228272773,-0.25916522827277344
5.0,5.0650319967125546,-0.06503199671255455
5.0,5.1638022679243525,-0.16380226792435248
5.0,5.067384552340168,-0.06738455234016794
5.0,5.020398261699905,-0.02039826169990544
5.0,4.934556174036297,0.0654438259637029
5.0,4.980496956609905,0.019503043390095343
5.0,5.008266177434254,-0.00826617743425384
5.0,4.962215663297658,0.037784336702341825
5.0,4.961349618867125,0.03865038113287511
5.0,5.265043021490737,-0.26504302149073666
5.0,5.1360847694033875,-0.13608476940338754
5.0,5.062078165105869,-0.062078165105869054
5.0,5.016458990438036,-0.01645899043803567
5.0,5.129152387649765,-0.1291523876497651
5.0,5.083142979573328,-0.08314297957332784
5.0,5.010863378982656,-0.010863378982656435
5.0,5.2182981328267335,-0.2182981328267335
5.0,5.237781385038795,-0.23778138503879465
5.0,5.192940793427821,-0.19294079342782133
5.0,5.029511453527516,-0.029511453527516274
5.0,5.039019762880941,-0.03901976288094122
5.0,5.1771060216033,-0.1771060216032998
5.0,5.194848152161968,-0.19484815216196782
5.0,5.2290291829356645,-0.22902918293566454
5.0,5.189820031516963,-0.18982003151696336
5.0,5.063778944759547,-0.06377894475954715
5.0,5.035381161867708,-0.03538116186770779
5.0,5.084243173998774,-0.08424317399877435
5.0,5.21784535910076,-0.2178453591007603
5.0,5.168228616741929,-0.16822861674192868
5.0,5.01353348738426,-0.013533487384259857
5.0,5.219695221080224,-0.2196952210802241
5.0,5.087622906449244,-0.0876229064492442
5.0,5.0857619685704005,-0.08576196857040053
5.0,5.025723891964565,-0.025723891964564594
5.0,5.0509575684300705,-0.05095756843007049
5.0,5.0326603600338595,-0.032660360033859526
5.0,5.057537310848417,-0.05753731084841718
5.0,5.11576663589922,-0.1157666358992202
5.0,5.094315465471477,-0.09431546547147729
5.0,5.053309755566604,-0.053309755566603556
4.995678626217358,4.7129937038290635,0.28268492238829435
4.991399828238082,5.0385046140286445,-0.04710478579056243
4.991399828238082,4.896413686863423,0.0949861413746591
4.991399828238082,4.950036884686084,0.041362943551997766
4.990549104201306,4.9466046425306285,0.04394446167067745
4.989276134608227,4.903734188670815,0.08554194593741204
4.988852639224203,4.884569779472855,0.10428285975134788
4.987162775294828,5.0829763547152655,-0.09581357942043756
4.987162775294828,4.977726301246855,0.00943647404797332
4.9870000507645935,5.098593800643199,-0.11159374987860549
4.986320302708807,5.088976214337275,-0.10265591162846732
4.985059650207064,4.915375198868355,0.06968445133870915
4.984221243610959,4.985709570104301,-0.0014883264933418516
4.983802646487561,4.896538571919635,0.08726407456792629
4.983000069254019,5.060681803732437,-0.07768173447841775
4.982966660701219,4.701969185026641,0.2809974756745781
4.980675962846309,4.8440330285500455,0.13664293429626362
4.980302269019808,4.964653757586635,0.015648511433172807
4.979224511806442,5.103135026067193,-0.12391051426075084
4.979224511806442,5.047912505350065,-0.0686879935436231
4.978810700930062,4.803688450853412,0.17512225007665005
4.978810700930062,5.011820794175038,-0.03301009324497617
4.978810700930062,5.18101565843894,-0.20220495750887846
4.9764183423350605,4.936219534257648,0.040198808077412274
4.97571962395292,4.927890200991222,0.04782942296169779
4.97469413473523,5.1579516133315355,-0.18325747859630592
4.97469413473523,5.02942829674197,-0.054734162006740306
4.972650392225243,4.868668644225554,0.10398174799968896
4.97061622231479,4.903121718693369,0.06749450362142095
4.97061622231479,4.988195635500302,-0.01757941318551204
4.963000037223874,4.987881434390801,-0.0248813971669275
4.962693049102909,4.987881434390801,-0.025188385287892245
4.959358108455463,4.904320449717127,0.055037658738336326
4.958607314841775,4.906780471419641,0.05182684342213406
4.958607314841775,5.118932008870794,-0.16032469402901928
4.958607314841775,4.90227760222289,0.05632971261888464
4.958607314841775,5.041868044995384,-0.08326073015360969
4.9570702666568405,4.829578953982232,0.1274913126746089
4.9542859410591324,4.823783818036149,0.1305021230229837
4.952958896584093,4.736498683691048,0.21646021289304507
4.951674749068778,5.300459106797505,-0.34878435772872685
4.950781977329818,4.852386829401544,0.09839514792827408
4.950781977329818,4.928375163791694,0.022406813538124126
4.950781977329818,4.477472145562863,0.4733098317669553
4.950781977329818,4.928375163791694,0.022406813538124126
4.946998429599692,4.961807389248336,-0.014808959648644482
4.94692155651658,4.897560225899442,0.04936133061713832
4.94692155651658,5.018108201474715,-0.07118664495813487
4.943095148663527,4.913776948324369,0.02931820033915855
4.931814138253839,4.905622089913706,0.02619204834013278
4.929223537156565,4.848973150187224,0.0802503869693405
4.929223537156565,5.048914803527916,-0.11969126637135119
4.927382523454764,4.854140687984447,0.07324183547031637
4.925147004118752,4.7793001625468134,0.14584684157193895
4.923432369555062,4.862683501507953,0.060748868047109106
4.922268820347608,5.04406238319432,-0.12179356284671172
4.920818753952375,4.69693113003954,0.22388762391283468
4.920818753952375,4.887621142697829,0.03319761125454601
4.920818753952375,4.923966057068492,-0.003147303116117328
4.920818753952375,4.795338477839424,0.12548027611295076
4.920818753952375,4.82368207419691,0.09713667975546514
4.920818753952375,4.828491630843718,0.09232712310865665
4.920818753952375,4.4140707137154624,0.5067480402369124
4.920818753952375,4.899958854036391,0.020859899915984137
4.920818753952375,4.946433416742689,-0.025614662790314213
4.919734372660155,5.011479527123246,-0.09174515446309073
4.91721462968355,4.983810439551247,-0.06659580986769686
4.91721462968355,4.6382321950677925,0.27898243461575767
4.916139199133427,4.834593720776395,0.08154547835703241
4.91560693423224,4.668256652525346,0.24735028170689422
4.914816491947222,4.8193536630121905,0.09546282893503122
4.913640169325252,4.861421665259454,0.052218504065797866
4.910094888560602,5.039416419246511,-0.12932153068590946
4.910094888560602,4.891010031054726,0.01908485750587552
4.910094888560602,4.9377846695534915,-0.027689780992889546
4.907630300370879,4.978311210985035,-0.07068091061415593
4.9058434382174765,5.016306837137939,-0.1104633989204622
4.903089986991944,4.893790826898198,0.009299160093745762
4.903089986991944,4.932346216745069,-0.02925622975312514
4.903089986991944,4.866488738161506,0.03660124883043814
4.903089986991944,4.721410371202337,0.18167961578960679
4.903089986991944,4.732793735272165,0.1702962517197788
4.903089986991944,4.776755277113846,0.12633470987809758
4.903089986991944,4.866488738161506,0.03660124883043814
4.903089986991944,4.721509237270059,0.18158074972188487
4.900008766455316,4.861734199731875,0.038274566723440984
4.900008766455316,4.896927940808338,0.0030808256469780915
4.900008766455316,4.902721563755293,-0.0027127972999769767
4.900008766455316,4.861498187145263,0.03851057931005286
4.900008766455316,4.877344753120166,0.02266401333514967
4.900008766455316,4.898025831867969,0.001982934587346996
4.900008766455316,4.831984982365659,0.06802378408965648
4.8996294548824375,4.869309869163017,0.03031958571942095
4.8996294548824375,4.911810137581687,-0.012180682699249878
4.898493503860072,4.920693538184201,-0.022200034324129092
4.896196279044043,4.864692316161872,0.031503962882171166
4.896196279044043,4.950349757832793,-0.05415347878875032
4.896196279044043,4.887246667054921,0.00894961198912192
4.896196279044043,4.887246667054921,0.00894961198912192
4.893469146177619,4.842627869627318,0.05084127655030102
4.891299703105535,4.992864995769091,-0.1015652926635564
4.889410289700751,4.959677389796303,-0.0702671000955517
4.889410289700751,4.967659097802726,-0.07824880810197499
4.888401475119606,5.096669314853597,-0.208267839733991
4.887730231582729,4.762977716990082,0.12475251459264758
4.886390848926972,5.344481029680412,-0.4580901807534401
4.886056647693163,5.0489558817965605,-0.16289923410339746
4.886056647693163,4.772803014875696,0.11325363281746714
4.884056823060945,5.129701681192449,-0.24564485813150405
4.882728704344236,4.841784861323546,0.04094384302068921
4.882728704344236,4.902126732348515,-0.01939802800427959
4.879656437561975,4.81363329247123,0.06602314509074514
4.87942606879415,4.84422738501518,0.03519868377897062
4.876148359032914,4.632042979188145,0.2441053798447692
4.876148359032914,4.817681667733632,0.05846669129928195
4.874193541860473,4.889835865818009,-0.015642323957536064
4.8704389976909175,4.8290081150351245,0.04143088265579298
4.866461091629782,4.870527461406971,-0.004066369777189216
4.861760476534812,4.900626715183342,-0.038866238648529894
4.860120913598763,4.875092723167629,-0.014971809568866234
4.860120913598763,4.776935189605939,0.0831857239928242
4.856048883576037,4.818228805955969,0.03782007762006767
4.855643772631817,4.909173072446803,-0.05352929981498633
4.853871964321762,4.72143099790822,0.13244096641354197
4.853871964321762,4.871520937259292,-0.017648972937529983
4.853871964321762,4.864783339281394,-0.010911374959632347
4.853871964321762,4.72143099790822,0.13244096641354197
4.853871964321762,4.812303670257657,0.04156829406410445
4.853871964321762,4.859173933792792,-0.005301969471029899
4.853871964321762,4.865830209557906,-0.011958245236144194
4.853871964321762,4.851708180075258,0.0021637842465036528
4.853871964321762,4.865837524448571,-0.011965560126808938
4.853871964321762,4.852409548436425,0.0014624158853369096
4.853871964321762,4.833271251602833,0.02060071271892916
4.853871964321762,4.8937610595057,-0.03988909518393857
4.853871964321762,4.827254423951063,0.02661754037069919
4.853871964321762,4.739663268573337,0.11420869574842474
4.853871964321762,4.864416639050546,-0.010544674728784287
4.852261858880012,4.894113868226223,-0.04185200934621136
4.85210735516715,4.803090253638519,0.049017101528630924
4.851089006890644,4.729589072922173,0.12149993396847059
4.851089006890644,4.868616918802281,-0.017527911911637162
4.85078088734462,4.75514929623042,0.09563159111420028
4.85078088734462,4.840211828410427,0.01056905893419291
4.850442208138421,4.83245938025507,0.01798282788335115
4.849485002168009,4.957163225364244,-0.10767822319623477
4.849485002168009,4.931442248479344,-0.08195724631133494
4.848323769152953,4.870483865378462,-0.02216009622550974
4.847986999949166,4.911811734207065,-0.06382473425789925
4.847711655616943,4.750365878958646,0.09734577665829747
4.8474059220725305,4.603973922380621,0.24343199969190987
4.846246093544813,4.878768606257543,-0.03252251271273021
4.844663962534939,4.741728169879708,0.10293579265523078
4.844663962534939,4.870330969115507,-0.02566700658056842
4.844056982028163,4.882656245270669,-0.03859926324250651
4.843511423949983,4.90095510575813,-0.05744368180814696
4.837137006678074,4.899423562440858,-0.062286555762783635
4.837047470654274,4.83999787011138,-0.0029503994571058456
4.835647144215563,4.929731712104907,-0.09408456788934405
4.832682665251824,4.845441345679464,-0.01275868042763939
4.832682665251824,4.796468106288178,0.036214558963646226
4.829210409553609,4.8652887010429975,-0.0360782914893889
4.829210409553609,4.900556588194642,-0.07134617864103365
4.829210409553609,4.980747857184767,-0.15153744763115817
4.826813731587726,4.834814535399591,-0.008000803811865076
4.823908740944319,5.070004893984314,-0.24609615303999544
4.823908740944319,4.836313677696055,-0.012404936751736706
4.823908740944319,5.0964301615492245,-0.2725214206049058
4.823908740944319,4.891978781058485,-0.06807004011416673
4.823908740944319,4.99574357496987,-0.17183483402555133
4.823908740944319,5.0320429115625664,-0.2081341706182478
4.823908740944319,4.826155327837338,-0.0022465868930190425
4.823908740944319,4.817355117166049,0.006553623778269291
4.823908740944319,4.812568373688151,0.011340367256167383
4.823908740944319,4.821540286722998,0.002368454221320704
4.823908740944319,4.9276839216736965,-0.10377518072937786
4.823908740944319,4.897939552247521,-0.074030811303202
4.823908740944319,4.852202281397153,-0.028293540452834165
4.823908740944319,4.635241700647151,0.18866704029716796
4.823908740944319,4.853820011174994,-0.029911270230675413
4.823908740944319,4.825687907477517,-0.0017791665331987616
4.823908740944319,4.846102749661917,-0.022194008717598024
4.823908740944319,5.486226272700156,-0.6623175317558374
4.823908740944319,4.842728628881695,-0.018819887937376656
4.823908740944319,5.225279749773242,-0.4013710088289235
4.823908740944319,4.711606795719477,0.11230194522484194
4.823908740944319,4.846484019250877,-0.022575278306558033
4.823908740944319,4.830648520114905,-0.006739779170586324
4.823908740944319,4.856853985070064,-0.03294524412574518
4.823908740944319,4.970639048168539,-0.1467303072242201
4.823908740944319,4.838612236283907,-0.014703495339587924
4.823908740944319,4.8233841815949425,0.0005245593493761191
4.823908740944319,4.836114735531397,-0.012205994587078273
4.823908740944319,4.851163938733046,-0.02725519778872698
4.823908740944319,4.815878846764931,0.00802989417938793
4.823908740944319,4.859519361973677,-0.03561062102935875
4.823908740944319,5.499268721947907,-0.675359981003588
4.823908740944319,4.833295470058358,-0.009386729114039483
4.823908740944319,5.23024896806982,-0.40634022712550166
4.823908740944319,4.788351876055542,0.035556864888776296
4.823908740944319,4.859519361973677,-0.03561062102935875
4.823908740944319,4.842070803229302,-0.018162062284983627
4.823908740944319,4.8168678783323156,0.007040862612003096
4.823908740944319,4.867290105689719,-0.04338136474540022
4.823908740944319,4.900694753662088,-0.0767860127177693
4.823908740944319,4.844000806503694,-0.020092065559375705
4.823908740944319,6.3186056963213595,-1.4946969553770408
4.823908740944319,4.816009310732623,0.007899430211695702
4.823908740944319,4.862865078414168,-0.03895633746984917
4.823908740944319,4.83525845530364,-0.011349714359321084
4.823908740944319,5.96805291501896,-1.1441441740746416
4.823908740944319,4.772275864116114,0.05163287682820439
4.823908740944319,4.833302869568537,-0.00939412862421829
4.823908740944319,4.775770003011918,0.04813873793240031
4.823908740944319,4.908228353032281,-0.08431961208796235
4.823908740944319,4.818464833455217,0.005443907489101285
4.823908740944319,5.186936534579899,-0.36302779363558013
4.823908740944319,6.028577362433335,-1.2046686214890165
4.823908740944319,4.84931187729295,-0.025403136348631783
4.823908740944319,5.013004617449297,-0.18909587650497794
4.823908740944319,5.146824433941477,-0.3229156929971584
4.82131076022441,4.905990094877964,-0.08467933465355415
4.82102305270683,4.789822969076264,0.03120008363056659
4.82102305270683,4.745392499383064,0.07563055332376667
4.819988880942282,4.760844653820769,0.05914422712151346
4.818156412055227,4.933750193181956,-0.11559378112672825
4.818156412055227,4.738024422729493,0.08013198932573395
4.816730156317195,4.816412728463997,0.0003174278531981045
4.816445466381138,4.799761783495146,0.016683682885991757
4.81553571065301,4.85013598446726,-0.03460027381424968
4.815308569182402,4.884451493289387,-0.06914292410698586
4.812479279163537,4.793618394826038,0.01886088433749933
4.812479279163537,4.800632638935606,0.01184664022793136
4.809668301829708,4.780368646770368,0.02929965505934007
4.80955624029331,4.91079157592143,-0.10123533562811993
4.807906682547966,4.83486731649157,-0.02696063394360415
4.806875401645539,4.776551104601797,0.030324297043741844
4.806318970458719,4.850784052559418,-0.04446508210069933
4.805735483974483,4.764270184601711,0.041465299372772435
4.804100347590766,4.9268703255878705,-0.12276997799710454
4.804100347590766,4.80792261339402,-0.0038222658032536216
4.801342913045578,4.806210729688784,-0.004867816643206346
4.801342913045578,5.037052752542186,-0.23570983949660818
4.799998134593398,4.858257524867405,-0.058259390274006506
4.799998134593398,4.838026415108323,-0.038028280514924795
4.799998134593398,4.794498470335341,0.005499664258056924
4.799998134593398,4.763768600019932,0.036229534573466005
4.799998134593398,4.7951041600976625,0.004893974495735698
4.799998134593398,4.788769971868261,0.01122816272513738
4.799998134593398,4.807674046624119,-0.007675912030721044
4.799998134593398,4.816033158484143,-0.01603502389074496
4.799998134593398,4.820497131572903,-0.02049899697950508
4.799998134593398,4.796981310141302,0.0030168244520965004
4.799998134593398,4.854138470246456,-0.05414033565305765
4.798602875679548,4.680562983631619,0.1180398920479293
4.797157634805368,4.799044202069142,-0.0018865672637744524
4.795880017344075,4.8767372399275795,-0.08085722258350447
4.795880017344075,4.8529836860815765,-0.0571036687375015
4.795880017344075,4.6089562755360705,0.18692374180800453
4.795880017344075,4.671291893836505,0.12458812350756965
4.795880017344075,4.754203921673243,0.04167609567083197
4.795880017344075,4.911502717302815,-0.11562269995873997
4.79317412396815,4.778077782643793,0.015096341324356999
4.79317412396815,4.81211103802666,-0.018936914058509835
4.790484985457369,5.0780401235443,-0.28755513808693056
4.787812395596042,4.7835319967242915,0.004280398871750357
4.787812395596042,4.633290870204556,0.15452152539148578
4.787812395596042,4.821902303719011,-0.034089908122969526
4.784812030502868,4.771361023145913,0.013451007356954925
4.7842302915823565,4.8169295157111565,-0.0326992241288
4.782805681993495,4.963904622442696,-0.18109894044920072
4.782516055786093,4.735832000537299,0.04668405524879393
4.782516055786093,4.757709123704331,0.02480693208176188
4.782241694453887,4.759532073540322,0.022709620913564876
4.78012743667646,4.764877611207737,0.015249825468722555
4.779212223834125,4.949076866242897,-0.16986464240877197
4.774690718274137,4.82511359384499,-0.05042287557085334
4.774690718274137,4.750658275358995,0.02403244291514195
4.773993305270821,4.97881294628768,-0.2048196410168588
4.772113295386326,4.740076229637996,0.03203706574833021
4.772113295386326,4.765651276067328,0.006462019318997925
4.772113295386326,4.765651276067328,0.006462019318997925
4.769551078621726,4.752357280476683,0.017193798145043182
4.769551078621726,4.858680367475605,-0.08912928885387927
4.769551078621726,4.943081070056338,-0.173529991434612
4.769551078621726,4.752357280476683,0.017193798145043182
4.769551078621726,4.686205357089724,0.0833457215320017
4.769168046568172,4.816759358299804,-0.047591311731632224
4.768275616671484,4.784721093955815,-0.01644547728433121
4.764471553092451,4.781680127112232,-0.017208574019780265
4.761953896871205,4.7440641021450976,0.01788979472610741
4.761953896871205,4.687411024473237,0.0745428723979682
4.761953896871205,4.774741908957472,-0.012788012086266676
4.761953896871205,4.8206203610924945,-0.058666464221289516
4.756961951313706,4.751587774032806,0.00537417728089995
4.756961951313706,4.728475100351832,0.028486850961873422
4.756961951313706,4.573555615880334,0.18340633543337148
4.756961951313706,4.860555750713476,-0.10359379939977043
4.755475488429917,5.069127718386112,-0.3136522299561957
4.7544873321858505,4.981922975269418,-0.22743564308356756
4.754240644032723,4.908302984963845,-0.15406234093112126
4.7540680456613975,4.767571971635603,-0.0135039259742058
4.752026733638194,4.749185735103917,0.002840998534276551
4.752026733638194,4.7214577276201455,0.030569006018048128
4.749579997691106,4.77173791929821,-0.022157921607103503
4.745911353080926,4.75638129816491,-0.010469945083984022
4.7447274948966935,4.76836802049704,-0.023640525600346685
4.7447274948966935,4.778077782643793,-0.03335028774709947
4.7447274948966935,4.740076229637996,0.004651265258697634
4.7447274948966935,4.721546535979377,0.023180958917316197
4.7447274948966935,4.831169552605045,-0.08644205770835178
4.744679242634891,4.730876048744291,0.013803193890600696
4.739928612014925,4.714437696697154,0.02549091531777048
4.735182176990463,4.7395744698634426,-0.004392292872979375
4.734616075043825,4.702301075237772,0.03231499980605346
4.732828271596986,4.771787613370756,-0.038959341773769474
4.732828271596986,4.785488600745714,-0.052660329148727314
4.732828271596986,4.740417299461447,-0.007589027864460363
4.730814067186048,4.77433186965764,-0.04351780247159187
4.730487055782084,4.6476029690675995,0.08288408671448444
4.729996999894941,4.766450678218613,-0.036453678323671745
4.729204746623152,4.93335940261042,-0.204154655987268
4.729204746623152,4.9864606418063255,-0.2572558951831736
4.729204746623152,4.774124194734629,-0.04491944811147697
4.729204746623152,4.831574977552485,-0.10237023092933306
4.728158393463501,4.7018737914815745,0.026284601981926947
4.72584215073632,4.812988269282525,-0.08714611854620458
4.725634293552575,4.744180047751102,-0.01854575419852722
4.723607136930465,4.701210692238079,0.022396444692385664
4.723538195826756,4.766457203689657,-0.042919007862900926
4.723538195826756,4.656288480710556,0.06724971511620037
4.722574167724139,4.7272115175370475,-0.004637349812908198
4.721246399047171,4.8546862230036085,-0.1334398239564374
4.721246399047171,4.639558478190522,0.08168792085664922
4.721246399047171,4.749412183111155,-0.028165784063983956
4.721246399047171,4.7570040446082515,-0.03575764556108041
4.721246399047171,4.759483438302324,-0.03823703925515254
4.721246399047171,4.753802223329171,-0.032555824281999435
4.721246399047171,4.786340524494605,-0.06509412544743398
4.721246399047171,4.766109243317732,-0.0448628442705612
4.721246399047171,4.514556041531548,0.20669035751562337
4.721246399047171,4.7508282723603,-0.02958187331312878
4.721246399047171,4.790821711114323,-0.06957531206715206
4.721246399047171,4.753200770339197,-0.03195437129202627
4.721246399047171,4.651909382398033,0.06933701664913805
4.721246399047171,4.8546862230036085,-0.1334398239564374
4.721246399047171,4.762063636535426,-0.0408172374882545
4.721246399047171,4.757709956685578,-0.03646355763840692
4.721246399047171,4.754984880051357,-0.033738481004186305
4.721246399047171,4.7489609844031655,-0.02771458535599436
4.719649306953994,4.802279153244424,-0.08262984629042958
4.718966632752273,4.701060646278574,0.01790598647369901
4.718966632752273,4.6296741439284625,0.08929248882381025
4.718966632752273,4.684376018968559,0.0345906137837142
4.718171533439482,4.828679823464859,-0.11050829002537732
4.716698771296451,4.7394593917673475,-0.022760620470896775
4.716698771296451,4.792799082068375,-0.07610031077192403
4.714442690992226,4.745320151006607,-0.03087746001438063
4.714442690992226,4.793904307155165,-0.07946161616293868
4.714442690992226,4.656273691268057,0.058168999724169446
4.712870379280889,4.647116618628008,0.06575376065288108
4.712086352923967,4.695399292183057,0.01668706074090931
4.709965388637482,4.704841725292654,0.005123663344827278
4.708009904653819,4.780636358128499,-0.07262645347467966
4.707743928643524,4.689721488326529,0.018022440316994626
4.705533773838407,4.796339699085805,-0.09080592524739828
4.70421305974839,4.529804109458212,0.17440895029017867
4.703334809738469,4.690956229650756,0.012378580087712976
4.701146923590294,4.802603067927019,-0.10145614433672545
4.701146923590294,4.550956372003409,0.15019055158688488
4.701146923590294,4.683471366875413,0.01767555671488097
4.699991797446187,4.742278904431989,-0.042287106985801515
4.699991797446187,4.768588564066683,-0.0685967666204963
4.699991797446187,4.763768600019932,-0.06377680257374507
4.699991797446187,4.730102920306772,-0.030111122860584594
4.699991797446187,4.761760009199547,-0.06176821175335956
4.699991797446187,4.737286403374924,-0.03729460592873668
4.699991797446187,4.763768600019932,-0.06377680257374507
4.699991797446187,4.7726818533269615,-0.07269005588077437
4.699991797446187,4.747575188363621,-0.04758339091743391
4.698970004336019,4.77511376136663,-0.0761437570306116
4.698970004336019,4.726956593719179,-0.027986589383160343
4.698970004336019,4.7211483046905665,-0.02217830035454771
4.698970004336019,4.818189894223447,-0.11921988988742793
4.698970004336019,4.74147519376631,-0.042505189430291246
4.698970004336019,4.725286742384191,-0.02631673804817236
4.698970004336019,4.802093842093651,-0.10312383775763223
4.698970004336019,4.730557418140541,-0.031587413804522235
4.698970004336019,4.7744773994242635,-0.07550739508824478
4.698970004336019,4.725490211666403,-0.026520207330384515
4.698970004336019,4.728527291490792,-0.02955728715477335
4.698970004336019,4.730190406550199,-0.03122040221418043
4.698970004336019,4.727604891962548,-0.028634887626528993
4.698970004336019,4.610675815817803,0.08829418851821558
4.698970004336019,4.729139302674773,-0.03016929833875448
4.698970004336019,4.730808173892583,-0.03183816955656393
4.698970004336019,4.7555896343532185,-0.05661963001719972
4.698970004336019,4.704272580843848,-0.005302576507829393
4.698970004336019,4.848610804612439,-0.14964080027642002
4.698970004336019,4.743512505159214,-0.04454250082319522
4.698970004336019,5.02727632340739,-0.32830631907137153
4.698970004336019,4.721465717197772,-0.022495712861752892
4.698970004336019,5.022226435708374,-0.3232564313723554
4.698970004336019,4.844554509807328,-0.14558450547130963
4.698970004336019,4.879664703214154,-0.18069469887813483
4.698970004336019,4.720491183174577,-0.021521178838558086
4.698970004336019,4.745866374779531,-0.04689637044351258
4.698970004336019,4.745077435862855,-0.046107431526836606
4.698970004336019,4.461859282119966,0.23711072221605267
4.698970004336019,4.461859282119966,0.23711072221605267
4.698970004336019,4.666815919887962,0.032154084448056786
4.698970004336019,4.752169610798773,-0.05319960646275401
4.698970004336019,4.77046680442051,-0.07149680008449089
4.698970004336019,4.670090784240101,0.02887922009591737
4.698970004336019,4.699391531901268,-0.000421527565249491
4.698970004336019,4.719749927714807,-0.020779923378788645
4.698970004336019,4.7285828811649555,-0.029612876828936763
4.698970004336019,4.695999670324569,0.002970334011449971
4.698970004336019,5.053776054096516,-0.354806049760497
4.698970004336019,4.713887514997529,-0.014917510661510036
4.698970004336019,4.682569699061395,0.016400305274623328
4.698970004336019,4.744367584161366,-0.0453975798253472
4.698970004336019,4.744406730933627,-0.045436726597608335
4.698970004336019,4.727167227436263,-0.02819722310024453
4.698970004336019,4.779239671204532,-0.08026966686851367
4.698970004336019,4.690500699698689,0.008469304637329422
4.698970004336019,4.728531662640594,-0.029561658304575467
4.698970004336019,4.729820875301427,-0.030850870965408284
4.698970004336019,4.707056410723752,-0.008086406387732836
4.698970004336019,4.702677179054256,-0.0037071747182375603
4.698970004336019,4.692762763334291,0.006207241001727759
4.698970004336019,4.727856116593004,-0.028886112256985008
4.698970004336019,4.727020574883087,-0.02805057054706861
4.698970004336019,4.718577182446897,-0.019607178110878642
4.698970004336019,4.766450678218613,-0.06748067388259393
4.698970004336019,4.718874798355592,-0.019904794019573124
4.698970004336019,4.7305492014356725,-0.03157919709965373
4.698970004336019,4.724181580638872,-0.02521157630285309
4.698970004336019,4.773584627475048,-0.07461462313902967
4.698970004336019,4.724706465046753,-0.025736460710734654
4.698970004336019,4.7291386391303165,-0.030168634794297766
4.698970004336019,4.6733716789392235,0.025598325396795296
4.698970004336019,4.745395862369648,-0.0464258580336292
4.698970004336019,4.729165855830139,-0.030195851494120518
4.698970004336019,4.812574992022267,-0.11360498768624794
4.698970004336019,4.8060362546468856,-0.1070662503108668
4.698970004336019,4.789918619467497,-0.09094861513147823
4.698970004336019,4.704370434869272,-0.005400430533253342
4.698970004336019,4.7254635727093275,-0.02649356837330874
4.698970004336019,4.689673105741332,0.009296898594686631
4.698970004336019,4.709684315093212,-0.010714310757193424
4.698970004336019,4.591841882582833,0.10712812175318565
4.698970004336019,4.783597952178803,-0.08462794784278405
4.698970004336019,4.792955650349267,-0.09398564601324821
4.698970004336019,4.719266211412046,-0.020296207076027528
4.698970004336019,4.722488728315107,-0.023518723979088385
4.698970004336019,5.042213967776763,-0.34324396344074426
4.698970004336019,4.754808868150441,-0.05583886381442227
4.698970004336019,4.754808868150441,-0.05583886381442227
4.698970004336019,4.711968387148208,-0.012998382812189568
4.698970004336019,4.735524405817962,-0.036554401481943444
4.698970004336019,4.730684623261786,-0.031714618925767546
4.698970004336019,4.724868279328223,-0.025898274992203874
4.698970004336019,4.745657833797694,-0.046687829461674824
4.698970004336019,4.731203547495682,-0.03223354315966365
4.698970004336019,4.75709352631129,-0.05812352197527115
4.698970004336019,4.715116714157031,-0.016146709821012628
4.698970004336019,4.7204307251354525,-0.02146072079943373
4.698970004336019,4.688157461398793,0.010812542937225444
4.698970004336019,4.752894686010768,-0.05392468167474895
4.698970004336019,4.725371794169585,-0.026401789833566447
4.698970004336019,4.749009832903738,-0.05003982856771927
4.696803942579511,4.701423018262898,-0.004619075683386598
4.696803942579511,4.728475100351832,-0.03167115777232077
4.696803942579511,4.733767020536447,-0.03696307795693521
4.696803942579511,4.7407682837480865,-0.04396434116857506
4.696803942579511,4.727394441358765,-0.030590498779253572
4.696803942579511,4.721952362472343,-0.025148419892831342
4.695832728275604,4.716223759085646,-0.020391030810042565
4.694648630553377,4.676931002077802,0.017717628475574898
4.694648630553377,4.751679237456108,-0.05703060690273176
4.692503962086787,4.663185428244186,0.02931853384260119
4.692290076595193,4.5928297539705,0.09946032262469284
4.690369832574102,4.743478657484755,-0.053108824910653496
4.690369832574102,4.558343256562947,0.13202657601115497
4.688394459945532,4.723437393909923,-0.035042933964390954
4.688246138944246,4.572976234081992,0.11526990486225408
4.686132779630847,5.259754427624066,-0.5736216479932192
4.686132779630847,4.730166885555696,-0.04403410592484924
4.684029654543083,4.812701068046313,-0.12867141350323053
4.684029654543083,4.792051248896126,-0.10802159435304315
4.684029654543083,4.715648855939848,-0.031619201396765106
4.6832121883979045,4.75382584690376,-0.07061365850585588
4.681936665037238,4.666600388162565,0.015336276874672983
4.681936665037238,4.666600388162565,0.015336276874672983
4.681102285372513,4.624984201825171,0.056118083547342046
4.680893940690224,4.697629451362472,-0.01673551067224821
4.679853713888946,4.539732536752172,0.1401211771367734
4.679853713888946,4.68864194782248,-0.008788233933533895
4.679853713888946,4.666253065125424,0.013600648763521406
4.679210022301194,4.741492102770156,-0.06228208046896189
4.677822068615024,4.765179765934774,-0.0873576973197503
4.6777807052660805,4.75988710221406,-0.08210639694797983
4.6777807052660805,4.72143099790822,-0.04365029264213938
4.6777807052660805,4.558849463357119,0.1189312419089612
4.676644754243716,4.710088222486382,-0.033443468242666086
4.675717544702307,4.69054721123902,-0.014829666536712693
4.675717544702307,4.652591841321361,0.023125703380945772
4.675717544702307,4.675060750366467,0.000656794335839983
4.675511766692344,4.740560701809681,-0.06504893511733734
4.6727637072529005,4.728450870223223,-0.05568716297032239
4.670541099940278,4.766426560818981,-0.09588546087870231
4.669586226650809,4.762888218723837,-0.09330199207302758
4.668451239492477,4.717477173300589,-0.04902593380811204
4.668410759044863,4.731206383036567,-0.06279562399170402
4.667561540084395,4.631975823605888,0.035585716478506946
4.667561540084395,4.743450035321737,-0.07588849523734176
4.665546248849069,4.681613819333611,-0.016067570484541882
4.665546248849069,4.691459716122655,-0.02591346727358612
4.665526143088463,4.744825847660987,-0.07929970457252455
4.663540266151471,4.651766343271589,0.01177392287988166
4.657577319177793,4.755109457454425,-0.09753213827663121
4.657577319177793,4.6991241149069305,-0.04154679572913711
4.657577319177793,4.743007225014245,-0.0854299058364516
4.655607726314889,4.72143099790822,-0.0658232715933309
4.653940566947426,4.729474797527788,-0.07553423058036213
4.653842697767992,4.867521183220954,-0.21367848545296209
4.653647025549361,4.5354961699204175,0.11815085562894367
4.653647025549361,4.681669899682839,-0.028022874133477593
4.653647025549361,4.6450378154861145,0.008609210063246664
4.653647025549361,4.821600790424628,-0.16795376487526692
4.652123800390197,4.659176565457952,-0.007052765067754763
4.651695136951839,4.633607733773773,0.018087403178066452
4.651695136951839,4.52149079720091,0.1302043397509296
4.651695136951839,4.642320164292879,0.0093749726589607
4.651695136951839,4.633607733773773,0.018087403178066452
4.651695136951839,4.52149079720091,0.1302043397509296
4.6507419044872105,4.6378514937623745,0.012890410724835988
4.650004100737144,4.72143099790822,-0.07142689717107586
4.647817481888637,4.6837322545016615,-0.035914772613024226
4.647817481888637,4.7125221225454705,-0.06470464065683323
4.6439741428068775,4.615200341518728,0.02877380128814977
4.642827742276967,4.861652738380012,-0.21882499610304507
4.642065152999546,4.7051368065272205,-0.06307165352767452
4.642065152999546,4.664337955684604,-0.022272802685058046
4.640164517660112,4.49581774958411,0.14434676807600155
4.638272163982407,5.056414786833218,-0.4181426228508114
4.638272163982407,4.755092679679743,-0.11682051569733609
4.638272163982407,4.74017565688173,-0.10190349289932321
4.638272163982407,4.545380502059386,0.09289166192302112
4.638272163982407,4.643922565235638,-0.005650401253230797
4.636952405478906,4.609109056986754,0.02784334849215231
4.636388020107856,4.621887659863413,0.014500360244443122
4.636388020107856,4.6495997791580965,-0.013211759050240524
4.634699251362012,4.68806667223641,-0.053367420874397276
4.634512015109101,4.680489236388907,-0.045977221279806635
4.634512015109101,4.676807107668336,-0.04229509255923514
4.634512015109101,4.526156381835534,0.10835563327356645
4.632644078973981,4.633184529901584,-0.000540450927602798
4.632644078973981,4.656288480710556,-0.02364440173657467
4.632644078973981,4.656916774507563,-0.02427269553358169
4.6307841425898575,4.608577192611351,0.022206949978506252
4.6307841425898575,4.931502219783836,-0.30071807719397814
4.629209435480733,4.712247551256226,-0.08303811577549336
4.628932137728264,4.577285325930535,0.05164681179772934
4.628932137728264,4.625221643321835,0.0037104944064294543
4.627087997029894,4.684431331963845,-0.05734333493395116
4.625434939277235,4.693600927953012,-0.06816598867577728
4.6252516539898965,4.63443923040336,-0.00918757641346346
4.624153563690844,4.7948668051005034,-0.1707132414096595
4.623423042943488,4.654726213703317,-0.03130317075982969
4.623423042943488,4.740143589822467,-0.11672054687897937
4.623423042943488,4.667689816579724,-0.04426677363623632
4.623423042943488,4.669013327692308,-0.045590284748819876
4.621602099051862,4.60716866799758,0.014433431054282408
4.621602099051862,4.698639928739059,-0.07703782968719697
4.621602099051862,4.7245554041296165,-0.10295330507775446
4.619788758288394,4.656320210511033,-0.03653145222263898
4.619788758288394,4.550390447152404,0.06939831113598949
4.619788758288394,4.694235994195866,-0.07444723590747238
4.619788758288394,4.6593948309216895,-0.03960607263329585
4.619788758288394,4.671773700017795,-0.05198494172940116
4.619788758288394,4.647951412380136,-0.028162654091742567
4.619788758288394,4.61370797674264,0.006080781545753311
4.619788758288394,4.769327949384569,-0.1495391910961752
4.6164359514633055,4.776549508452412,-0.16011355698910634
4.616184634019569,4.753952913736247,-0.1377682797166777
4.616184634019569,4.56866726157568,0.047517372443889094
4.61475131759678,4.654426948972687,-0.03967563137590702
4.609064892896621,4.658196852476788,-0.04913195958016736
4.609064892896621,4.655103525005216,-0.046038632108595046
4.607303046740334,4.672340257523829,-0.06503721078349489
4.6041670798980165,4.672952990296624,-0.06878591039860726
4.604149623981219,4.761785199057644,-0.15763557507642467
4.6020599913279625,4.684908018910823,-0.0828480275828607
4.6020599913279625,4.7422274455822535,-0.140167454254291
4.6020599913279625,4.585851443051895,0.01620854827606788
4.6020599913279625,4.557492663338843,0.04456732798911922
4.6020599913279625,4.6386396259286835,-0.036579634600721
4.6020599913279625,4.624608054554258,-0.022548063226295767
4.6020599913279625,4.654341696864635,-0.05228170553667244
4.6020599913279625,4.496983762851952,0.10507622847601095
4.6020599913279625,4.619978136032173,-0.01791814470421027
4.6020599913279625,4.492176478646693,0.10988351268126983
4.6020599913279625,4.632542586429547,-0.03048259510158413
4.6020599913279625,4.662035683609708,-0.059975692281745374
4.6020599913279625,4.524957392058376,0.07710259926958685
4.6020599913279625,4.639433258689893,-0.03737326736193047
4.6020599913279625,4.524724347667809,0.07733564366015333
4.6020599913279625,4.713899319632686,-0.11183932830472365
4.6020599913279625,4.59897575360721,0.003084237720752725
4.6020599913279625,4.777915768245028,-0.17585577691706522
4.6020599913279625,4.712080409832779,-0.11002041850481614
4.6020599913279625,4.698887359902099,-0.09682736857413676
4.6020599913279625,4.518357649301839,0.08370234202612359
4.6020599913279625,4.6193114342490835,-0.01725144292112102
4.6020599913279625,4.6863817609307175,-0.08432176960275495
4.6020599913279625,4.733851634139815,-0.1317916428118524
4.600811020875485,4.647384988784335,-0.04657396790885038
4.600326278518962,4.630260658857782,-0.029934380338820787
4.599997654072044,4.685042517383965,-0.0850448633119214
4.599997654072044,4.752240894193526,-0.15224324012148216
4.599997654072044,4.685134151145862,-0.08513649707381798
4.598599459218456,4.696045070257517,-0.09744561103906069
4.598599459218456,4.634050927162704,-0.035451467944247916
4.598599459218456,4.41050534040725,0.18809411881120663
4.597085517168477,4.686418040740133,-0.089332523571656
4.596879478824183,4.633385096947552,-0.0365056181233685
4.596879478824183,4.6957906454446166,-0.0989111666204332
4.5951662833800615,4.725276087850596,-0.13010980447053466
4.5951662833800615,4.575665311294643,0.019500972085418233
4.5934598195660445,4.67723931259939,-0.08377949303334553
4.5934598195660445,4.6312343823124,-0.037774562746355045
4.5934598195660445,4.665942931536665,-0.0724831119706204
4.591760034688151,4.477472145562863,0.11428788912528809
4.590066876668706,4.655040189727225,-0.06497331305851883
4.590066876668706,4.698200227875445,-0.10813335120673884
4.590066876668706,4.412353293977796,0.17771358269090953
4.588717086982616,4.6145950505350815,-0.025877963552465744
4.58838029403677,4.626321904735037,-0.03794161069826707
4.58838029403677,4.676112801232438,-0.0877325071956685
4.586700235918748,4.655953956442631,-0.06925372052388301
4.586700235918748,4.571747667863335,0.014952568055413451
4.585026652029182,4.64569080032948,-0.060664148300298315
4.585026652029182,4.5590278550479475,0.025998796981234307
4.585026652029182,4.650430412859264,-0.06540376083008237
4.584999992096291,4.8683076725642485,-0.2833076804679573
4.583359492661719,4.630068178648087,-0.046708685986367904
4.583359492661719,4.583502959608923,-0.00014346694720401842
4.583193128177055,4.5527098398533985,0.030483288323656765
4.5806225948608725,4.724773545558301,-0.14415095069742812
4.579202899000155,4.748360564371707,-0.16915766537155186
4.579202899000155,4.725998400761647,-0.14679550176149192
4.578396073130169,4.586195548092421,-0.007799474962252084
4.576754126063192,4.567490637702157,0.009263488361034966
4.575118363368933,4.375765849806532,0.1993525135624008
4.575118363368933,4.598742021464065,-0.023623658095131894
4.573488738635425,4.607531123280965,-0.03404238464553977
4.573488738635425,4.619982069689251,-0.046493331053826026
4.573488738635425,4.408210694812965,0.16527804382246014
4.572530120448188,4.682037210894731,-0.10950709044654339
4.568636235841013,4.619171259813648,-0.05053502397263454
4.568636235841013,4.6147153772982685,-0.046079141457255446
4.567030709125595,4.611004622772454,-0.043973913646859764
4.567030709125595,4.6598711166351245,-0.09284040750952993
4.565431095965801,4.593461279049269,-0.02803018308346772
4.565431095965801,4.670598471214902,-0.10516737524910091
4.563837352959244,4.796819857637236,-0.23298250467799164
4.563837352959244,4.6228027179513385,-0.05896536499209404
4.562249437179612,4.589678876883218,-0.027429439703605674
4.561774192395471,4.560321219066375,0.0014529733290959967
4.560667306169737,4.746896873505906,-0.18622956733616913
4.560667306169737,4.712459217260683,-0.15179191109094603
4.559090917934783,4.658777293615887,-0.09968637568110417
4.559090917934783,4.598158528576061,-0.03906761064127817
4.559090917934783,4.455085224099887,0.1040056938348961
4.557520230935552,4.659635290927034,-0.1021150599914824
4.555955204081924,4.637240414384851,-0.08128521030292735
4.554395796726403,4.675828957887832,-0.12143316116142966
4.552841968657781,4.422384300551166,0.1304576681066143
4.552841968657781,4.641558870007137,-0.08871690134935672
4.552841968657781,4.422384300551166,0.1304576681066143
4.55129368009492,4.593562247652067,-0.04226856755714703
4.55129368009492,4.549073050865151,0.0022206292297690666
4.55129368009492,4.720798482078096,-0.16950480198317575
4.549750891680639,4.612607725148323,-0.06285683346768423
4.548213564475709,4.440424119497489,0.10778944497821996
4.546681659952962,4.594782274959017,-0.04810061500605478
4.542118103266008,4.551310707563421,-0.009192604297413531
4.542118103266008,4.726914267150235,-0.18479616388422748
4.542118103266008,4.658369552168723,-0.1162514489027151
4.541815564429737,4.582792096057185,-0.04097653162744752
4.539102157243452,4.569032371944587,-0.029930214701135327
4.539102157243452,4.674371340761179,-0.13526918351772732
4.539102157243452,4.615080153471197,-0.07597799622774559
4.5379016188648444,4.488388939898226,0.04951267896661804
4.537602002101044,4.6171604021412485,-0.07955840004020409
4.537602002101044,4.533431994707101,0.0041700073939434645
4.537602002101044,4.622009559478456,-0.08440755737741146
4.537602002101044,4.523885478034063,0.013716524066981428
4.536107011014093,4.607572984333868,-0.07146597331977489
4.534617148551582,4.606393766854954,-0.07177661830337279
4.534617148551582,4.625036148286454,-0.09041899973487233
4.534617148551582,4.617525232487265,-0.08290808393568305
4.534290063581759,4.630886793832642,-0.09659673025088278
4.531652669587842,4.577918702040566,-0.046266032452723316
4.530177984021837,4.518792581641926,0.011385402379910481
4.525201181199368,4.629283256780277,-0.10408207558090865
4.522878745280337,4.57445682441454,-0.051578079134202426
4.522878745280337,4.709239359325107,-0.18636061404476933
4.522878745280337,4.57765023646461,-0.05477149118427249
4.522878745280337,4.726783149260837,-0.20390440398049936
4.522878745280337,4.664474389517349,-0.14159564423701188
4.522878745280337,4.682188559905716,-0.1593098146253782
4.522878745280337,4.629579450758097,-0.10670070547775978
4.522878745280337,4.61328248237956,-0.09040373709922278
4.522878745280337,4.574790274295478,-0.05191152901514062
4.522878745280337,4.593097836427677,-0.07021909114733926
4.522878745280337,4.649226915639708,-0.1263481703593703
4.522878745280337,4.9332563619741485,-0.4103776166938111
4.522878745280337,4.720863536625416,-0.1979847913450783
4.522878745280337,4.712218347094518,-0.1893396018141802
4.522878745280337,4.7211158124533625,-0.19823706717302514
4.522878745280337,4.613334058420441,-0.09045531314010358
4.522878745280337,4.589529495427915,-0.06665075014757793
4.522878745280337,4.660413382619209,-0.13753463733887195
4.522878745280337,4.627211151924248,-0.10433240664391086
4.522878745280337,4.644472815026898,-0.1215940697465605
4.522878745280337,4.61974534227125,-0.09686659699091305
4.522878745280337,4.664795457049082,-0.14191671176874454
4.522878745280337,4.559566024635858,-0.03668727935552063
4.521433504406157,4.490622885259295,0.030810619146861562
4.515700160653214,4.528824874269681,-0.013124713616466721
4.511449283499556,4.503666841990568,0.007782441508988214
4.510998302688623,4.5834299693416645,-0.07243166665304113
4.510041520575165,4.523198506700796,-0.013156986125630432
4.510041520575165,4.692474970678652,-0.18243345010348655
4.508638306165727,4.64879792932308,-0.14015962315735297
4.508638306165727,4.584813556603512,-0.07617525043778528
4.508638306165727,4.837234510897521,-0.3285962047317943
4.507239610973162,4.554656522658723,-0.04741691168556095
4.507239610973162,4.506839461809149,0.0004001491640126531
4.505845405981558,4.5439482005050875,-0.03810279452352994
4.505845405981558,4.441097839689914,0.06474756629164347
4.504455662453552,4.624887461029591,-0.12043179857603903
4.504455662453552,4.6028081220896055,-0.09835245963605388
4.504455662453552,4.576280385975486,-0.07182472352193425
4.504205980225132,4.55942910863613,-0.05522312841099808
4.503070351926785,4.624601450940317,-0.12153109901353254
4.502793819296046,4.487805409685142,0.014988409610904085
4.500175504160421,4.944226392166486,-0.44405088800606585
4.499996931948306,4.601030830495474,-0.10103389854716749
4.498475182597372,4.612865472726685,-0.11439029012931279
4.497572880015567,4.444098270653131,0.05347460936243564
4.497395374526333,4.719488024084388,-0.2220926495580553
4.496209316942819,4.469990573176522,0.026218743766296626
4.49540681825906,4.715061163491293,-0.21965434523223326
4.494850021680094,4.699485785197352,-0.20463576351725798
4.494850021680094,4.616108249774689,-0.12125822809459486
4.494850021680094,4.583439507716977,-0.08858948603688344
4.494850021680094,4.815375663795314,-0.3205256421152205
4.494850021680094,4.6039336775396755,-0.1090836558595818
4.494850021680094,4.552860251062804,-0.0580102293827105
4.494850021680094,4.565042725483722,-0.0701927038036283
4.494850021680094,4.71204218050557,-0.21719215882547616
4.494850021680094,4.719153746702236,-0.22430372502214269
4.494850021680094,4.578336156725487,-0.08348613504539326
4.494850021680094,4.584085604988737,-0.08923558330864356
4.494850021680094,4.659941350597467,-0.16509132891737366
4.494850021680094,4.649114964424512,-0.15426494274441804
4.494850021680094,4.7346513810184,-0.2398013593383066
4.494850021680094,4.6773881832227415,-0.1825381615426478
4.494850021680094,4.652914166046262,-0.15806414436616834
4.494850021680094,4.537435068565557,-0.042585046885463385
4.494850021680094,4.554856358073035,-0.060006336392941506
4.493494967595128,4.486839692563949,0.006655275031178576
4.493494967595128,4.565074852749562,-0.07157988515443403
4.492144128304169,4.567490637702157,-0.07534650939798837
4.490394295388444,4.505213107627147,-0.01481881223870296
4.489723155582645,4.587152919130799,-0.09742976354815358
4.488116639021126,4.572734398992248,-0.0846177599711222
4.487742638706036,4.528659880572477,-0.04091724186644097
4.483398528473466,4.589932274729545,-0.10653374625607892
4.482804102050026,4.614011412390493,-0.13120731034046695
4.481486060122113,4.5480011371675415,-0.06651507704542858
4.481486060122113,4.606666489246543,-0.1251804291244305
4.481486060122113,4.529931824632539,-0.048445764510425704
4.481486060122113,4.566384659089194,-0.08489859896708118
4.481486060122113,4.563744553421944,-0.0822584932998307
4.479385478121764,4.570037504188017,-0.09065202606625267
4.479002888672577,4.660840194729373,-0.1818373060567966
4.478861916295964,4.595681211970673,-0.11681929567470917
4.47755576649368,4.449453202280548,0.028102564213131842
4.473660722610156,4.607916469529301,-0.13425574691914477
4.4723700991286615,4.546427367054843,-0.0740572679261815
4.4723700991286615,4.297134077215765,0.17523602191289633
4.471623291154592,4.541243557450485,-0.06962026629589246
4.470002635357373,4.553643430098502,-0.08364079474112884
4.468521082957745,4.5012638907463565,-0.03274280778861183
4.468521082957745,4.422384300551166,0.04613678240657837
4.468521082957745,4.422384300551166,0.04613678240657837
4.468521082957745,4.537283087580523,-0.06876200462277815
4.467245621007502,4.43122247766612,0.03602314334138246
4.4671819461328335,4.616832632807865,-0.14965068667503179
4.465973893943865,4.520550183265043,-0.05457628932117853
4.465973893943865,4.579881314109771,-0.11390742016590671
4.465973893943865,4.272267334855254,0.19370655908861067
4.464705879957229,4.4653606603972795,-0.0006547804400502955
4.46344155742847,4.552058492506522,-0.08861693507805235
4.462180904926726,4.467944041115652,-0.005763136188926765
4.459996055149973,4.4653606603972795,-0.005364605247306642
4.459670525209126,4.448566216743315,0.011104308465810675
4.455931955649724,4.596740278852897,-0.1408083232031725
4.455931955649724,4.546337996008537,-0.09040604035881294
4.455931955649724,4.446843341227534,0.009088614422190666
4.455931955649724,4.525993059591282,-0.07006110394155751
4.455931955649724,4.428509863696184,0.027422091953540395
4.453951133598266,4.547044815485946,-0.09309368188768019
4.453457336521869,4.593005036546461,-0.1395477000245915
4.453457336521869,4.482532483608892,-0.0290751470870223
4.453457336521869,4.483782405249083,-0.030325068727213633
4.453370979728273,4.555091091324854,-0.10172011159658112
4.450996737974212,4.532868719166847,-0.08187198119263428
4.449160394934215,4.576651022195225,-0.12749062726101013
4.448550002027125,4.654471428569653,-0.20592142654252754
4.447331783887806,4.55208318912587,-0.10475140523806381
4.446116973356125,4.341024372654825,0.10509260070130022
4.446116973356125,4.502787553669137,-0.05667058031301142
4.444905551421681,4.573234344104938,-0.1283287926832566
4.444905551421681,4.562577319989175,-0.11767176856749373
4.444905551421681,4.624573214471053,-0.1796676630493721
4.444905551421681,4.441256339487834,0.0036492119338467077
4.444736221685872,4.590885266828961,-0.14614904514308868
4.443697499232713,4.527203112008788,-0.08350561277607493
4.443697499232713,4.549829429393671,-0.10613193016095757
4.443697499232713,4.607054429890408,-0.1633569306576952
4.443480406260482,4.477479697284976,-0.03399929102449395
4.442492798094342,4.51944341301762,-0.0769506149232777
4.442492798094342,4.31030456030418,0.13218823779016198
4.438898616350944,4.573991636829437,-0.13509302047849303
4.431798275933005,4.557569544312651,-0.12577126837964592
4.429457060118103,4.48541179744287,-0.0559547373247673
4.429457060118103,4.410027237861295,0.019429822256808116
4.429457060118103,4.433794282357048,-0.00433722223894506
4.428291168191312,4.45530989216772,-0.0270187239764077
4.425968732272281,4.471469328003227,-0.045500595730946
4.424812155072339,4.5709755347447425,-0.14616337967240334
4.423658649794207,4.557219289453227,-0.1335606396590192
4.423658649794207,4.460234295290693,-0.03657564549648562
4.419075024324381,4.437572742279306,-0.01849771795492483
4.417936637088292,4.449323170220791,-0.031386533132498506
4.416461180745648,4.396175409294108,0.020285771451539425
4.413412695328245,4.554002432338348,-0.14058973701010302
4.412289034981089,4.479822613939982,-0.06753357895889334
4.410050398674292,4.462688706844813,-0.052638308170521064
4.409113601626762,4.532787439182672,-0.1236738375559101
4.4089353929735005,4.509346949203905,-0.10041155623040421
4.408601448718751,4.72049600070705,-0.3118945519882992
4.407601153884436,4.566417166006609,-0.15881601212217245
4.406713932979542,4.432451888032977,-0.025737955053434902
4.406713932979542,4.5169657562701575,-0.11025182329061511
4.405607449624573,4.41722385808042,-0.011616408455846994
4.404503778174426,4.459710160834159,-0.055206382659732434
4.400116927926312,4.337675724081214,0.06244120384509877
4.3979400086720375,4.55878034328428,-0.16084033461224223
4.3979400086720375,4.60012800271648,-0.20218799404444265
4.3979400086720375,4.472747728081458,-0.07480771940942077
4.3979400086720375,4.4268565577572945,-0.028916549085256982
4.3979400086720375,4.635086295468204,-0.23714628679616645
4.3979400086720375,4.462883165910925,-0.06494315723888722
4.3979400086720375,4.66690469373485,-0.26896468506281224
4.39577394691553,4.50425501096766,-0.1084810640521301
4.394694953858891,4.497853921347587,-0.10315896748869591
4.393618634889395,4.451059528157185,-0.057440893267790116
4.393618634889395,4.474362105258057,-0.08074347036866136
4.392544976785332,4.803123174437011,-0.41057819765167913
4.391473966422806,4.415918035626609,-0.0244440692038026
4.391473966422806,4.237430520206427,0.1540434462163791
4.39040559077478,4.526513635970553,-0.13610804519577346
4.39040559077478,4.509683186118701,-0.11927759534392113
4.39040559077478,4.412433650894826,-0.022028060120046433
4.390000296157769,4.728576487997883,-0.3385761918401142
4.387640052032226,4.905990094877964,-0.5183500428457384
4.3872161432802645,4.513512195152666,-0.12629605187240145
4.3872161432802645,4.688924006167353,-0.3017078628870884
4.386158178123931,4.398298422906512,-0.012140244782581355
4.386158178123931,4.368954577251131,0.017203600872799818
4.3851027839668655,4.423219317961502,-0.03811653399463655
4.3851027839668655,4.485665442237227,-0.10056265827036182
4.384049948343599,4.56248343206154,-0.17843348371794043
4.380906669373258,4.4695838793365334,-0.08867720996327577
4.379135524734879,4.500452272053041,-0.12131674731816133
4.377785977033705,4.531171524094359,-0.15338554706065377
4.376750709602099,4.509097997466025,-0.1323472878639258
4.375717904164332,4.420159495458827,-0.0444415912944951
4.374687549038327,4.444252985622318,-0.06956543658399106
4.374276090474244,4.452255828659453,-0.07797973818520898
4.373659632624958,4.448623180325028,-0.07496354770007052
4.372634143407267,4.37612041879121,-0.0034862753839428606
4.372634143407267,4.65498885816779,-0.28235471476052254
4.371611069949688,4.5257386323557744,-0.15412756240608605
4.370590400897281,4.5259639155371,-0.15537351463981963
4.369572124974976,4.542963564621359,-0.17339143964638293
4.368556230986828,4.502805499089061,-0.13424926810223337
4.367000027061367,4.409529873147894,-0.04252984608652621
4.366531544420414,4.471671171077784,-0.10513962665736987
4.366531544420414,4.382296620585404,-0.0157650761649899
4.366531544420414,4.485395623572449,-0.11886407915203545
4.36251027048749,4.382346557629607,-0.019836287142116937
4.358922686674625,4.370340910863176,-0.011418224188550319
4.357535479757878,4.509923115536329,-0.15238763577845038
4.356547323513812,4.456473626737669,-0.09992630322385665
4.3535962737769305,4.515401609437349,-0.16180533566041877
4.35261702988538,4.514706293908543,-0.16208926402316326
4.350665141287858,4.642698313476918,-0.29203317218906033
4.349692476868063,4.38419671891409,-0.03450424204602687
4.347753658996677,4.485401712821033,-0.13764805382435608
4.346787486224656,4.344232104746806,0.0025553814778502826
4.346787486224656,4.430832226356961,-0.08404474013230523
4.342944147142896,4.37079604746027,-0.027851900317373612
4.342944147142896,4.387897552846261,-0.0449534057033647
4.341035157335565,4.466996039373634,-0.12596088203806932
4.341035157335565,4.6715140439788625,-0.3304788866432977
4.33913452199613,4.305190310370685,0.03394421162544514
4.338187314462739,4.421114639549514,-0.08292732508677503
4.337242168318426,4.42899156029465,-0.091749391976224
4.333482019445119,4.28505931490459,0.04842270454052944
4.332547047110047,4.672154922260415,-0.3396078751503673
4.332453660488484,4.359149324940824,-0.026695664452340395
4.330683119433888,4.259914071937467,0.07076904749642132
4.329754146925876,4.334398824598863,-0.00464467767298693
4.329754146925876,4.334398824598863,-0.00464467767298693
4.326979092871103,4.247552504880619,0.07942658799048452
4.326979092871103,4.389834902721461,-0.06285580985035732
4.325138859262188,4.423219317961502,-0.09808045869931359
4.320572103387881,4.308920279152119,0.011651824235761943
4.319392571008212,4.530124212202108,-0.2107316411938962
4.315693353928369,4.470557449093883,-0.15486409516551447
4.315154638355588,4.312912163767274,0.0022424745883133923
4.3128278954052,4.603973922380621,-0.29114602697542047
4.3124710387853655,4.379867734408372,-0.06739669562300676
4.309803919971486,4.389771095533171,-0.07996717556168509
4.308891973383256,4.48383524834662,-0.17494327496336393
4.308034897232639,4.432493292940464,-0.12445839570782447
4.30715308072277,4.331552286739991,-0.024399206017220898
4.304518323509803,4.4524797289103315,-0.1479614054005287
4.301029995663981,4.475113345736159,-0.1740833500721779
4.301029995663981,4.5764698001100586,-0.2754398044460773
4.301029995663981,4.388452481501433,-0.08742248583745216
4.301029995663981,4.36144975829733,-0.06041976263334892
4.301029995663981,4.589620147377817,-0.2885901517138354
4.301029995663981,4.413060275979941,-0.11203028031595963
4.301029995663981,4.6716316858417395,-0.37060169017775824
4.301029995663981,4.44397327274008,-0.14294327707609877
4.301029995663981,4.406202912399053,-0.10517291673507145
4.301029995663981,4.477534090179615,-0.17650409451563398
4.301029995663981,4.3898483443781515,-0.08881834871417027
4.301029995663981,4.438601842571093,-0.13757184690711188
4.301029995663981,4.770078341812713,-0.4690483461487318
4.301029995663981,4.336273882373371,-0.03524388670938983
4.301029995663981,4.321830202312517,-0.02080020664853599
4.301029995663981,4.311896824868735,-0.010866829204753792
4.301029995663981,4.4564402589236245,-0.15541026325964324
4.301029995663981,4.427447546714648,-0.12641755105066643
4.301029995663981,4.461937465627542,-0.16090746996356042
4.301029995663981,4.427063264016274,-0.1260332683522929
4.301029995663981,4.533730375441403,-0.23270037977742142
4.301029995663981,4.522560555161513,-0.22153055949753142
4.301029995663981,4.375791450861106,-0.07476145519712496
4.301029995663981,4.3109796887416065,-0.009949693077625277
4.301029995663981,4.358828283704412,-0.057798288040430634
4.301029995663981,4.329265829781181,-0.028235834117199765
4.301029995663981,4.3102192823617695,-0.00918928669778829
4.301029995663981,4.6237145641478286,-0.3226845684838473
4.301029995663981,4.415676710781001,-0.1146467151170194
4.301029995663981,4.516436111745882,-0.2154061160819012
4.301029995663981,4.463389427583465,-0.16235943191948365
4.301029995663981,4.441607241014224,-0.14057724535024274
4.301029995663981,4.466543153282873,-0.16551315761889196
4.301029995663981,4.573191222473203,-0.2721612268092217
4.301029995663981,4.450768354417711,-0.14973835875372998
4.301029995663981,4.411997983373562,-0.11096798770958038
4.301029995663981,4.429564453140412,-0.1285344574764311
4.301029995663981,4.418681955893005,-0.1176519602290238
4.301029995663981,4.311633288525111,-0.01060329286112971
4.301029995663981,4.437941724384796,-0.1369117287208148
4.301029995663981,4.359622900319078,-0.05859290465509659
4.301029995663981,4.453224062195122,-0.15219406653114032
4.301029995663981,4.352124130269689,-0.051094134605707886
4.301029995663981,4.408434525749196,-0.10740453008521467
4.301029995663981,4.514251424536783,-0.21322142887280204
4.301029995663981,4.611717241446636,-0.3106872457826544
4.301029995663981,4.332886752247662,-0.03185675658368048
4.301029995663981,4.484365734933581,-0.18333573926959978
4.301029995663981,4.3952638459057045,-0.09423385024172326
4.301029995663981,4.42869951789261,-0.12766952222862837
4.301029995663981,4.448734095966592,-0.14770410030261072
4.301029995663981,4.372499300009031,-0.07146930434505006
4.301029995663981,4.38833450894503,-0.08730451328104838
4.301029995663981,4.428604958069172,-0.12757496240519117
4.301029995663981,4.38674406213976,-0.08571406647577895
4.301029995663981,4.314389476576648,-0.013359480912666477
4.301029995663981,4.307146766924822,-0.006116771260840537
4.301029995663981,4.373227707372363,-0.07219771170838207
4.301029995663981,4.418617335705027,-0.11758734004104543
4.301029995663981,4.587402645985471,-0.28637265032149006
4.301029995663981,5.640181043415322,-1.3391510477513409
4.301029995663981,4.333679436215223,-0.03264944055124186
4.301029995663981,4.4467571395949035,-0.14572714393092223
4.301029995663981,4.461057647619387,-0.16002765195540558
4.301029995663981,4.3449625420048035,-0.04393254634082222
4.301029995663981,4.519259894266126,-0.2182298986021447
4.301029995663981,4.500590647901945,-0.19956065223796404
4.301029995663981,4.419829396914608,-0.1187994012506266
4.301029995663981,4.446070283339335,-0.1450402876753536
4.301029995663981,4.410462675990822,-0.10943268032684106
4.301029995663981,4.33069585693024,-0.02966586126625881
4.301029995663981,4.366980598763567,-0.06595060309958534
4.301029995663981,4.330675809152521,-0.029645813488540007
4.301029995663981,4.380421519498968,-0.07939152383498715
4.301029995663981,4.635241700647151,-0.33421170498316943
4.301029995663981,4.307975559206619,-0.006945563542637423
4.301029995663981,4.312990874633134,-0.011960878969152766
4.301029995663981,4.514832719220576,-0.21380272355659447
4.301029995663981,4.457447153480265,-0.15641715781628385
4.301029995663981,4.487761718383535,-0.18673172271955352
4.301029995663981,4.313150208743252,-0.012120213079271025
4.301029995663981,4.434782576928407,-0.13375258126442535
4.301029995663981,4.316698732734466,-0.01566873707048444
4.301029995663981,4.373364572140273,-0.07233457647629216
4.301029995663981,4.366706607350239,-0.06567661168625794
4.301029995663981,4.414396871240001,-0.11336687557601977
4.301029995663981,4.63599086180839,-0.33496086614440834
4.301029995663981,4.350003931368131,-0.048973935704149874
4.301029995663981,4.313764946780112,-0.012734951116130766
4.301029995663981,4.358985520717215,-0.057955525053233536
4.301029995663981,4.364980229453127,-0.06395023378914555
4.301029995663981,4.373837707668868,-0.07280771200488712
4.301029995663981,4.36705901416352,-0.06602901849953913
4.301029995663981,4.366591908677543,-0.0655619130135614
4.301029995663981,4.308996425046473,-0.007966429382491924
4.301029995663981,4.3425920594199585,-0.04156206375597726
4.301029995663981,4.305391929445649,-0.004361933781667382
4.301029995663981,4.305391929445649,-0.004361933781667382
4.301029995663981,4.306706520639918,-0.0056765249759367364
4.301029995663981,4.30640003558591,-0.005370039921928971
4.301029995663981,4.358410889266105,-0.05738089360212406
4.301029995663981,4.312744558051895,-0.011714562387913574
4.301029995663981,4.3235410974967685,-0.02251110183278726
4.301029995663981,4.38991801276406,-0.08888801710007854
4.301029995663981,4.442944137686255,-0.14191414202227381
4.301029995663981,4.4340415700644815,-0.13301157440050027
4.301029995663981,4.518513004258687,-0.21748300859470593
4.301029995663981,4.327044596032205,-0.02601460036822356
4.301029995663981,4.57959484013325,-0.278564844469269
4.301029995663981,4.511169431551019,-0.21013943588703743
4.301029995663981,4.459372168408129,-0.15834217274414808
4.301029995663981,4.438651119912402,-0.13762112424842066
4.301029995663981,4.328800128418407,-0.027770132754425525
4.301029995663981,4.325083458623548,-0.024053462959567007
4.301029995663981,4.498755552245367,-0.19772555658138558
4.301029995663981,4.3358065004962,-0.03477650483221861
4.301029995663981,4.363190183859837,-0.06216018819585578
4.301029995663981,4.272620636524821,0.028409359139160095
4.301029995663981,4.4045126261707415,-0.10348263050676021
4.301029995663981,4.514992992442445,-0.21396299677846375
4.301029995663981,4.432413993820384,-0.13138399815640245
4.301029995663981,4.324614640482203,-0.023584644818221534
4.301029995663981,4.503491842332547,-0.20246184666856593
4.301029995663981,4.4097283084423164,-0.1086983127783352
4.301029995663981,4.493745448038471,-0.19271545237448962
4.301029995663981,4.418656446356708,-0.11762645069272715
4.301029995663981,4.6324328722047445,-0.3314028765407633
4.301029995663981,4.359193770852105,-0.05816377518812388
4.301029995663981,4.373845835669645,-0.07281584000566355
4.301029995663981,4.373489665581596,-0.07245966991761499
4.301029995663981,4.369040493247253,-0.0680104975832716
4.301029995663981,4.409497343532018,-0.10846734786803669
4.301029995663981,4.419871054156211,-0.11884105849222948
4.301029995663981,4.389078519422062,-0.08804852375808103
4.301029995663981,4.4344973012447895,-0.13346730558080822
4.301029995663981,4.481283626740074,-0.18025363107609316
4.301029995663981,4.3089888766577955,-0.007958880993814255
4.301029995663981,4.358309806643253,-0.057279810979271595
4.301029995663981,4.568205063412793,-0.26717506774881183
4.301029995663981,4.3546134004708055,-0.05358340480682422
4.301029995663981,4.411751064655951,-0.11072106899196932
4.301029995663981,4.351816283705621,-0.05078628804163987
4.301029995663981,4.493388213970687,-0.19235821830670563
4.301029995663981,4.424836617774071,-0.12380662211008975
4.301029995663981,4.394877735320143,-0.09384773965616144
4.301029995663981,4.380057953543287,-0.07902795787930561
4.301029995663981,4.379481268750463,-0.0784512730864817
4.301029995663981,4.378965358415956,-0.07793536275197432
4.301029995663981,4.536381986531594,-0.2353519908676125
4.301029995663981,4.355683733074957,-0.0546537374109759
4.301029995663981,4.424999394693009,-0.12396939902902737
4.301029995663981,4.367682474592348,-0.06665247892836668
4.301029995663981,4.367703512217081,-0.06667351655309961
4.301029995663981,4.523983533920075,-0.22295353825609343
4.301029995663981,4.359596549303943,-0.05856655363996133
4.301029995663981,4.40639751655716,-0.10536752089317858
4.301029995663981,4.40639751655716,-0.10536752089317858
4.301029995663981,4.433746886563655,-0.13271689089967342
4.301029995663981,4.489954894471565,-0.188924898807584
4.300864995108978,4.321290478515737,-0.020425483406758538
4.300162274132754,4.366363410509054,-0.06620113637629998
4.299998815998418,4.359012849159847,-0.0590140331614295
4.299036821840451,4.453568596500248,-0.15453177465979717
4.297569463554475,4.282549572322955,0.015019891231520255
4.297569463554475,4.284836581382339,0.012732882172135973
4.296708621881339,4.508023159061178,-0.21131453717983906
4.292429823902063,4.262852454471769,0.029577369430294098
4.29073003902417,4.28274773535177,0.007982303672399382
4.2839966563652006,4.436637911665903,-0.15264125530070238
4.283162276700476,4.459685205374313,-0.1765229286738368
4.278189384787454,4.391221716417738,-0.11303233163028459
4.277851639988837,4.417675304982248,-0.13982366499341126
4.277366077466188,4.484958724315555,-0.20759264684936696
4.276544327964814,4.321790385131511,-0.04524605716669683
4.276134035556496,4.387518106868318,-0.11138407131182149
4.274905478918531,4.555729260733263,-0.2808237818147319
4.274251667004452,4.281432650227946,-0.007180983223493698
4.274088367704952,4.284108314974725,-0.01001994726977351
4.274088367704952,4.284108314974725,-0.01001994726977351
4.274088367704952,4.435862084595312,-0.16177371689036057
4.27083521030723,4.469752152762081,-0.1989169424548507
4.2693792021127175,4.5302071835010524,-0.26082798138833496
4.269217724333611,4.3264610561319286,-0.05724333179831742
4.269217724333611,4.42237433555734,-0.1531566112237286
4.269217724333611,4.3172121756098525,-0.04799445127624136
4.266000713461613,4.31632182290922,-0.050321109447606815
4.263308755636778,4.485557264228123,-0.2222485085913446
4.261219441515631,4.258486246564315,0.0027331949513156317
4.259637310505756,4.372548437191103,-0.11291112668534709
4.254925208417943,4.2317117485341695,0.02321345988377388
4.254925208417943,4.442577677930118,-0.18765246951217485
4.254612878679991,4.354527225959455,-0.09991434727946391
4.253365801062421,4.52149079720091,-0.2681249961384884
4.251811972993799,4.28388854936123,-0.03207657636743111
4.248720896016658,4.549603487797489,-0.3008825917808311
4.247951552180561,4.355163318294349,-0.10721176611378791
4.246416941107094,4.341347249414974,-0.0949303083078803
4.246018828872132,4.321246272700227,-0.0752274438280951
4.245651664288981,4.376742298014275,-0.13109063372529395
4.2441251443275085,4.499610183922468,-0.2554850395949595
4.24184537803261,4.38648865600768,-0.14464327797506993
4.238824186844268,4.294480462520597,-0.055656275676328804
4.236572006437063,4.477773571060312,-0.24120156462324882
4.236572006437063,4.34417486187029,-0.10760285543322645
4.23328979273774,4.271093436820347,-0.03780364408260617
4.23284413391782,4.5382680966621605,-0.30542396274434047
4.229884705212898,4.33730650721574,-0.10742180200284235
4.229147988357856,4.289509119585385,-0.06036113122752873
4.22548303427145,4.37988000426456,-0.15439696999311003
4.223298816011589,4.468815029380584,-0.24551621336899565
4.221848749616356,4.79844118023718,-0.5765924306208241
4.221848749616356,4.158886981093903,0.06296176852245328
4.221848749616356,4.3017359847001915,-0.07988723508383533
4.221125527997261,4.314782758371678,-0.09365723037441676
4.220042948753094,4.355805251760931,-0.1357623030078372
4.219999701663429,4.44319523396613,-0.22319553230270106
4.217026005055952,4.740236921634174,-0.5232109165782219
4.213958789757446,4.4405829833205255,-0.2266241935630795
4.213958789757446,4.312911012112617,-0.09895222235517132
4.213958789757446,4.2180834951870505,-0.004124705429604525
4.213603538627695,4.335860017390934,-0.12225647876323897
4.212539525481585,4.22507335370425,-0.012533828222665022
4.212539525481585,4.22507335370425,-0.012533828222665022
4.212335083150178,4.485108307000569,-0.2727732238503915
4.211760902617832,4.493682536790434,-0.2819216341726021
4.2076083105017466,4.3075303870164445,-0.09992207651469798
4.20690839982342,4.218216686013819,-0.01130828619039903
4.206209615309182,4.301125732236366,-0.09491611692718394
4.204815410317576,4.340295598153185,-0.13548018783560867
4.20342566678957,4.209083431223095,-0.005657764433524726
4.20342566678957,4.209083431223095,-0.005657764433524726
4.202732459169283,4.37423286459982,-0.17150040543053713
4.202732459169283,4.4304229204103525,-0.2276904612410693
4.200659450546418,4.168731326026138,0.03192812452028004
4.199282921717615,4.340948282938567,-0.14166536122095152
4.198939470152144,4.204714569151274,-0.005775098999129646
4.198596289982645,4.475726056803537,-0.27712976682089163
4.189767482004916,4.162812850419002,0.026954631585914157
4.187822225841246,4.439446972041608,-0.25162474620036246
4.187086643357144,4.382814876334175,-0.19572823297703046
4.186419011431808,4.405854411727836,-0.21943540029602815
4.18309616062434,4.3559252996385185,-0.17282913901417807
4.180587688790675,4.407688119281301,-0.22710043049062545
4.180456064458132,4.651766343271589,-0.47131027881345755
4.180456064458132,4.122130545378096,0.058325519080035804
4.180456064458132,4.081581413165636,0.09887465129249584
4.180456064458132,4.194464266770272,-0.01400820231213995
4.178486471595227,4.240238294565753,-0.061751822970525616
4.176525770829699,4.237327824227755,-0.060802053398056444
4.176388852713253,4.344103054830286,-0.16771420211703258
4.173925197299174,4.35466667279593,-0.180741475496756
4.169411331314856,4.230055943977938,-0.060644612663081965
4.168770306132937,4.102499904971376,0.06627040116156113
4.167491087293763,4.313017169047995,-0.1455260817542312
4.164309428507575,4.523284602520017,-0.3589751740124427
4.162664131984985,4.233363627658214,-0.07069949567322897
4.161150909262744,4.274951426802735,-0.11380051753999076
4.1605219526258015,4.091334576843716,0.06918737578208578
4.158015195409886,4.184232857928001,-0.02621766251811497
4.156269034887908,4.325590750850259,-0.16932171596235168
4.154901959985743,4.3006428869411915,-0.14574092695544838
4.154901959985743,4.354245127375336,-0.19934316738959268
4.154901959985743,4.314909352377958,-0.16000739239221495
4.148130399270234,4.393156175842397,-0.24502577657216307
4.142667503568732,4.354444208055583,-0.21177670448685149
4.142667503568732,4.284707244094116,-0.1420397405253837
4.140261433802853,4.268518052441746,-0.12825661863889337
4.138465589140962,4.29597661815478,-0.15751102901381842
4.137868620686962,4.202159443493752,-0.06429082280678955
4.137272471682025,4.33361992115088,-0.1963474494688544
4.13608262304214,4.235251277515392,-0.09916865447325218
4.134286189991004,4.384784885567104,-0.25049869557610016
4.134150130041464,4.48052628652448,-0.3463761564830161
4.134037764833871,4.294340518088022,-0.16030275325415122
4.134008199873724,4.278351819972624,-0.14434362009889945
4.133990461863665,4.403372573703744,-0.26938211184007876
4.1339786369261,4.39832078995751,-0.26434215303140984
4.133966812310496,4.260472458354881,-0.12650564604438497
4.133966812310496,4.381013541374637,-0.2470467290641407
4.133949075990725,4.300797330358533,-0.1668482543678076
4.133931340395265,4.349679342918949,-0.21574800252368398
4.133895871377041,4.332335073629329,-0.19843920225228828
4.13386040525535,4.2949388979037675,-0.1610784926484179
4.133736296632804,4.42400160761934,-0.29026531098653585
4.133718569724462,4.218357247649144,-0.08463867792468172
4.133694934972173,4.234397868052849,-0.1007029330806759
4.132532512140949,4.239533498153303,-0.10700098601235464
4.130768280269024,4.2573974603243885,-0.12662918005536472
4.130768280269024,4.257445290545297,-0.1266770102762731
4.129011186239425,4.249549465585565,-0.12053827934613981
4.127261172527331,4.17080104527111,-0.04353987274377946
4.125518182300533,4.532022855244547,-0.4065046729440134
4.121478204498794,4.153922760583061,-0.03244455608426744
4.120330794367947,4.245652333277981,-0.1253215389100344
4.119998611678231,4.133636822835871,-0.013638211157640079
4.1180450286604,4.312911012112617,-0.1948659834522175
4.11656570631699,4.232933776306543,-0.1163680699895524
4.115204636051019,4.133636822835871,-0.018432186784851368
4.113622093241428,4.210394418171578,-0.09677232493014998
4.112945621949043,4.477472145562863,-0.36452652361381954
4.111259039317107,4.468848063571776,-0.35758902425466843
4.1095789811990855,4.246482383702877,-0.1369034025037914
4.108462542327436,4.34767481792185,-0.23921227559441416
4.107905397309519,4.230822839983623,-0.12291744267410376
4.105130343254747,4.312088347462162,-0.20695800420741506
4.104577453960592,4.081974600624167,0.022602853336424644
4.104025267640935,4.207755364250671,-0.10373009660973587
4.096910013008056,4.213279640662497,-0.11636962765444103
4.096910013008056,4.168731326026138,-0.07182131301808159
4.096910013008056,4.281400198893411,-0.18449018588535449
4.096910013008056,4.267814243416499,-0.17090423040844271
4.096910013008056,4.207589390388838,-0.11067937738078193
4.096367483915762,4.353765280470441,-0.2573977965546783
4.095825631715837,4.154403452251416,-0.05857782053557958
4.09366495819491,4.489190746911473,-0.3955257887165633
4.092051478387727,4.095668641959984,-0.0036171635722563877
4.089909454405932,4.163281565676665,-0.07337211127073306
4.087246696328677,4.382693281672048,-0.2954465853433712
4.087034379295896,4.441984049199632,-0.35494966990373555
4.086186147616283,4.111843459656579,-0.025657312040295643
4.086186147616283,4.111843459656579,-0.025657312040295643
4.086186147616283,4.284886775977404,-0.198700628361121
4.0835460514500745,4.130638351926887,-0.047092300476812454
4.081445469449727,4.171767311427406,-0.09032184197767901
4.078209514341813,4.565518141892386,-0.4873086275505729
4.076755981369724,4.42468038054967,-0.3479243991799468
4.074687908500351,4.398091707938506,-0.32340379943815467
4.069917366607629,4.224811528822098,-0.15489416221446906
4.066512712151295,4.374031317091757,-0.3075186049404621
4.061685462386115,4.29953435172237,-0.23784888933625492
4.050609993355088,4.291945422032811,-0.24133542867772295
4.048176964684088,4.328100815711782,-0.2799238510276938
4.045757490560675,4.172680683197851,-0.1269231926371761
4.045757490560675,4.257314603196578,-0.21155711263590327
4.040005161671584,4.134100017898613,-0.09409485622702896
4.035740369803151,4.103421338223591,-0.06768096842044002
4.031517051446065,4.24523338572372,-0.21371633427765513
4.031517051446065,4.306390269784585,-0.2748732183385201
4.030584087646019,4.046462190781701,-0.015878103135682053
4.027144821072396,4.059541348366709,-0.032396527294313415
4.026816708090088,4.103883780354164,-0.07706707226407605
4.026816708090088,4.211076403959088,-0.1842596958689997
4.0268074690597,4.193478905643442,-0.16667143658374162
4.02676127685575,4.1699529779934785,-0.14319170113772817
4.02674742015256,4.11770202261449,-0.0909546024619301
4.02674742015256,4.056667619450887,-0.0299201992983269
4.026742801349744,4.042625795657588,-0.015882994307843568
4.026728945236015,4.08548310837866,-0.0587541631426447
4.02671047110536,4.106379083754679,-0.07966861264931957
4.026655053428071,4.119078882559802,-0.09242382913173142
4.026655053428071,4.313040827026635,-0.286385773598564
4.026655053428071,4.205689787302919,-0.17903473387484858
4.026622729715015,4.237312551146521,-0.2106898214315054
4.026608877431568,4.054581615692204,-0.027972738260635843
4.026530389503343,4.118033676165053,-0.0915032866617107
4.026525773008098,4.059240150848685,-0.03271437784058673
4.026525773008098,4.234442698674813,-0.20791692566671482
4.02650730751783,4.109117240946422,-0.08260993342859191
4.026502691267937,4.038890633781323,-0.01238794251338593
4.026493458915349,4.05943227675243,-0.0329388178370813
4.026493458915349,4.040380809016114,-0.013887350100765694
4.026493458915349,4.361724743132014,-0.3352312842166656
4.026493458915349,4.097933230273464,-0.07143977135811497
4.026493458915349,4.130660608787993,-0.10416714987264442
4.026488842812652,4.0775295804716025,-0.05104073765895034
4.026488842812652,4.21705598436736,-0.1905671415547081
4.026488842812652,4.044939228621118,-0.018450385808465697
4.02648422675902,4.0315009251463305,-0.0050166983873101145
4.026479610754451,4.064729196492069,-0.03824958573761794
4.026479610754451,4.048552532028684,-0.022072921274233437
4.026479610754451,4.058268883270404,-0.03178927251595365
4.026474994798943,4.0580146089314235,-0.03153961413248041
4.026474994798943,4.0930879373686935,-0.06661294256975037
4.026470378892497,4.172679607378958,-0.14620922848646156
4.026470378892497,4.153461032929227,-0.1269906540367307
4.02646576303511,4.066360135344104,-0.03989437230899462
4.026461147226781,4.0952561939332774,-0.06879504670649617
4.026461147226781,4.0321868494597695,-0.0057257022329881835
4.026461147226781,4.095393304086914,-0.0689321568601331
4.026461147226781,4.177266493681812,-0.15080534645503096
4.026456531467511,4.1482266019748435,-0.12177007050733213
4.026456531467511,4.164651199575239,-0.13819466810772774
4.026451915757296,4.059075068070226,-0.03262315231292945
4.026451915757296,4.227468859701783,-0.20101694394448621
4.026438068920982,4.066578353622297,-0.040140284701314144
4.026438068920982,4.077119996698316,-0.05068192777733316
4.026433453406985,4.061305845530202,-0.034872392123217466
4.026428837942038,4.268400369820487,-0.24197153187844922
4.026428837942038,4.055238798120949,-0.028809960178911354
4.026424222526141,4.08292644629598,-0.056502223769839155
4.026419607159294,4.03205868173154,-0.0056390745722456614
4.026419607159294,4.054320292888328,-0.027900685729034258
4.026419607159294,4.104686464476598,-0.07826685731730354
4.026419607159294,4.098720846321782,-0.07230123916248754
4.026419607159294,4.108234996007505,-0.08181538884821116
4.026419607159294,4.049094029552424,-0.022674422393129667
4.026414991841495,4.11554757055194,-0.08913257871044511
4.026414991841495,4.265836892903756,-0.23942190106226047
4.026414991841495,4.075824089763378,-0.04940909792188286
4.026414991841495,4.055672392529579,-0.029257400688083912
4.026405761353037,4.127429656577878,-0.10102389522484057
4.026405761353037,4.145320857672712,-0.11891509631967523
4.026405761353037,4.138095574117708,-0.11168981276467083
4.026405761353037,4.051384497561625,-0.02497873620858826
4.026401146182377,4.029889530761467,-0.0034883845790893986
4.026396531060761,4.065605143948534,-0.03920861288777289
4.026396531060761,4.04198558605973,-0.015589054998969232
4.026396531060761,4.057482181077139,-0.03108565001637853
4.026391915988187,4.093398015687792,-0.06700609969960514
4.026391915988187,4.144575625708481,-0.11818370972029424
4.026391915988187,4.069137414800929,-0.042745498812742255
4.026391915988187,4.066791742777162,-0.04039982678897491
4.026391915988187,4.2171733901708315,-0.19078147418264457
4.026387300964656,4.151743315080435,-0.12535601411577968
4.026382685990165,4.077978234020815,-0.05159554803065003
4.026382685990165,4.036744757304829,-0.010362071314664156
4.026382685990165,4.171623067687656,-0.14524038169749076
4.026382685990165,4.152953023246105,-0.1265703372559397
4.026382685990165,4.335911393853327,-0.3095287078631621
4.026382685990165,4.041981197027029,-0.01559851103686416
4.026382685990165,4.054471587203927,-0.02808890121376173
4.026382685990165,4.145469849440475,-0.11908716345030967
4.026382685990165,4.105234859653735,-0.07885217366357011
4.026382685990165,4.120983500909328,-0.09460081491916306
4.026382685990165,4.115216862909234,-0.08883417691906903
4.026382685990165,4.16792130744275,-0.1415386214525851
4.026382685990165,4.0963880856979795,-0.0700053997078145
4.026382685990165,4.207392177534207,-0.18100949154404233
4.026382685990165,4.414153422815175,-0.3877707368250096
4.026382685990165,4.0586372667149915,-0.032254580724826454
4.026341153426423,4.055295088857228,-0.028953935430805267
4.026341153426423,4.078696378765216,-0.05235522533879333
4.026341153426423,4.106950097563867,-0.08060894413744357
4.026341153426423,4.0646135128825085,-0.038272359456085425
4.026341153426423,4.1607483489516515,-0.1344071955252284
4.026341153426423,4.165205214695251,-0.1388640612688281
4.026341153426423,4.077221500616094,-0.05088034718967105
4.026341153426423,4.065234806246359,-0.03889365281993573
4.026341153426423,4.166378557728105,-0.14003740430168232
4.026341153426423,4.139458013511682,-0.11311686008525879
4.026341153426423,4.125738711342491,-0.09939755791606775
4.026341153426423,4.032158814698047,-0.005817661271623642
4.026341153426423,4.115591339559711,-0.08925018613328817
4.026341153426423,4.0722193421939235,-0.04587818876750038
4.026341153426423,4.222157386255682,-0.19581623282925875
4.026341153426423,4.22279031424335,-0.1964491608169272
4.026341153426423,4.063701414689168,-0.037360261262745276
4.026341153426423,4.254623022810187,-0.22828186938376405
4.026341153426423,4.050379383667307,-0.02403823024088414
4.026341153426423,4.0426033104787615,-0.016262157052338466
4.026341153426423,4.03930197556507,-0.012960822138646577
4.026341153426423,4.156342033774849,-0.13000088034842605
4.026341153426423,4.190152195115177,-0.1638110416887537
4.026295010791243,4.07035157825088,-0.04405656745963693
4.026295010791243,4.041913695972085,-0.01561868518084264
4.026295010791243,4.1528478704610405,-0.1265528596697978
4.026295010791243,4.089062170582634,-0.06276715979139169
4.026295010791243,4.050873376369224,-0.02457836557798121
4.026295010791243,4.069259852968831,-0.04296484217758856
4.026295010791243,4.242217407077706,-0.21592239628646315
4.026295010791243,4.216676701312142,-0.19038169052089948
4.026295010791243,4.041001955772338,-0.014706944981095482
4.026253486610831,4.063860222712628,-0.037606736101796656
4.026253486610831,4.222726725699838,-0.1964732390890065
4.026253486610831,4.301172182193458,-0.2749186955826266
4.026253486610831,4.244313186931902,-0.2180597003210707
4.026253486610831,4.047970006281642,-0.021716519670810897
4.026165837488118,4.040479462161463,-0.014313624673345515
4.026165837488118,4.323667801720984,-0.29750196423286646
4.02612432565592,4.153709284932661,-0.1275849592767404
4.026078206051142,4.192434400039497,-0.16635619398835466
4.026078206051142,4.11320124258224,-0.08712303653109732
4.026078206051142,4.122104912386269,-0.09602670633512655
4.02603670259391,4.137681136556705,-0.11164443396279555
4.02603670259391,4.309939121883029,-0.2839024192891193
4.02603670259391,4.055968692199301,-0.029931989605390896
4.02603670259391,4.139271382043514,-0.11323467944960441
4.02599059229277,4.0711207263481715,-0.04513013405540178
4.025902996205869,4.356170461985407,-0.3302674657795377
4.02586150948843,4.3678983361395085,-0.3420368266510785
4.025644920995208,4.294375844983297,-0.2687309239880893
4.024568191490737,3.9930359487709226,0.03153224271981481
4.022276394711152,4.038945627157873,-0.016669232446720805
4.018181392829336,4.817426069113622,-0.7992446762842853
4.017728766960432,4.17798493432868,-0.16025616736824766
4.017050711425501,4.085262768373741,-0.06821205694823984
4.015022873584507,4.075560001835822,-0.06053712825131452
4.013676222949234,4.264235509428036,-0.25055928647880155
4.013228265733755,3.935403821576338,0.07782444415741674
4.013228265733755,4.01312514070086,0.00010312503289444663
4.009661145212399,4.038306569859464,-0.0286454246470651
4.008773924307505,4.225652688786076,-0.21687876447857146
4.008773924307505,4.161433453929373,-0.15265952962186802
4.005990966876387,4.21108746015457,-0.2050964932781829
4.00436480540245,4.471746800465594,-0.4673819950631435
4.00436480540245,3.961799131851657,0.042565673550793104
4.003926345514724,4.19201763868236,-0.18809129316763595
4.0,4.533143853171683,-0.5331438531716826
4.0,4.111824645324305,-0.11182464532430458
4.0,4.2077354905001565,-0.2077354905001565
4.0,4.222925439921092,-0.2229254399210916
4.0,4.043028585934173,-0.0430285859341728
4.0,4.136798829015546,-0.13679882901554574
4.0,4.099373599278423,-0.09937359927842326
4.0,4.1179325629536025,-0.11793256295360255
4.0,4.566461535300003,-0.5664615353000029
4.0,4.020006230320959,-0.020006230320959162
4.0,4.019557221310276,-0.019557221310275708
4.0,4.007415790163791,-0.007415790163791236
4.0,4.005880592632148,-0.0058805926321481294
4.0,4.1123407531180165,-0.1123407531180165
4.0,4.0611064474773695,-0.061106447477369485
4.0,4.147815572949742,-0.14781557294974235
4.0,4.080439759189949,-0.08043975918994928
4.0,4.049640213096909,-0.049640213096909136
4.0,4.041123043306509,-0.04112304330650929
4.0,4.042436355565379,-0.04243635556537928
4.0,4.024648181946245,-0.02464818194624474
4.0,4.023514589639278,-0.023514589639278327
4.0,4.0320706443936825,-0.03207064439368246
4.0,4.10741261279244,-0.10741261279243997
4.0,4.090728932998376,-0.09072893299837581
4.0,4.116039954765106,-0.11603995476510587
4.0,4.097076987159199,-0.09707698715919921
4.0,4.161177661557844,-0.1611776615578444
4.0,4.357423639631257,-0.3574236396312571
4.0,4.30982686367259,-0.3098268636725896
4.0,4.182232030746564,-0.18223203074656436
4.0,4.619171259813648,-0.6191712598136476
4.0,4.247102523823383,-0.24710252382338282
4.0,4.267986709803896,-0.26798670980389616
4.0,4.286249197194294,-0.2862491971942944
4.0,4.207114259451047,-0.2071142594510471
4.0,4.085685315511901,-0.08568531551190084
4.0,4.241326617061961,-0.24132661706196057
4.0,4.133418658887177,-0.13341865888717663
4.0,4.043002194578738,-0.04300219457873844
4.0,4.018906982737382,-0.01890698273738156
4.0,4.7688634686854,-0.7688634686854003
4.0,4.018906982737382,-0.01890698273738156
4.0,4.126838497528809,-0.1268384975288086
4.0,4.056578885712952,-0.05657888571295189
4.0,4.107236340530646,-0.10723634053064579
4.0,4.121386434513906,-0.12138643451390596
4.0,4.055623664373319,-0.05562366437331878
4.0,4.2280790864549855,-0.22807908645498554
4.0,4.248159708638056,-0.24815970863805603
4.0,4.0864616750214156,-0.08646167502141555
4.0,4.092551516547211,-0.09255151654721061
4.0,4.1140502868014215,-0.11405028680142149
4.0,4.165712355561183,-0.16571235556118324
4.0,4.196028941477872,-0.19602894147787175
4.0,4.1610077949116855,-0.1610077949116855
4.0,4.572089626055639,-0.5720896260556394
4.0,4.411039273317486,-0.4110392733174857
4.0,4.166410541746773,-0.16641054174677272
4.0,4.141022024716584,-0.14102202471658387
4.0,4.081581413165636,-0.08158141316563583
4.0,4.081581413165636,-0.08158141316563583
4.0,4.262307763505863,-0.2623077635058628
4.0,4.01009049264503,-0.010090492645029592
4.0,4.088666495574145,-0.08866649557414519
4.0,4.08323667632851,-0.08323667632850995
4.0,4.312092601298279,-0.3120926012982794
4.0,4.23915267591452,-0.23915267591451972
4.0,4.048821953845092,-0.048821953845092025
4.0,4.120174270770316,-0.12017427077031595
4.0,4.048821953845092,-0.048821953845092025
4.0,4.244400794141055,-0.24440079414105487
4.0,4.377978710973855,-0.3779787109738546
4.0,4.018906982737382,-0.01890698273738156
4.0,4.047283866444621,-0.047283866444621125
4.0,4.046673046564661,-0.04667304656466076
4.0,4.157734551967442,-0.15773455196744202
4.0,4.180945101610539,-0.180945101610539
4.0,4.092129587909573,-0.09212958790957337
4.0,4.190121811828367,-0.19012181182836674
4.0,4.151344564225551,-0.15134456422555065
4.0,4.0998697990656545,-0.09986979906565452
4.0,4.002726017659546,-0.002726017659545832
4.0,4.11860292179396,-0.11860292179396037
4.0,4.2771514437590294,-0.27715144375902945
4.0,4.144172066002045,-0.1441720660020449
4.0,4.331755386049784,-0.3317553860497844
4.0,4.334314520125085,-0.3343145201250852
4.0,4.165330661836259,-0.16533066183625866
4.0,4.261899815038189,-0.2618998150381886
4.0,4.193194827147228,-0.19319482714722813
4.0,4.295846608059544,-0.2958466080595441
4.0,4.376609893653181,-0.376609893653181
4.0,4.051584041374981,-0.05158404137498085
4.0,4.0864078451116495,-0.08640784511164945
4.0,4.255239794045206,-0.255239794045206
4.0,4.2617428731697595,-0.2617428731697595
4.0,4.116627327787412,-0.1166273277874117
4.0,4.046711405926925,-0.04671140592692513
4.0,4.173444722971365,-0.17344472297136537
4.0,4.057379793086409,-0.05737979308640906
4.0,4.070623268771252,-0.0706232687712518
4.0,4.1545238805404585,-0.1545238805404585
4.0,4.09959544804796,-0.09959544804796039
4.0,4.200144437793165,-0.20014443779316515
4.0,4.793315913629164,-0.7933159136291641
4.0,4.376041353086374,-0.3760413530863742
4.0,4.090064917675429,-0.0900649176754289
4.0,4.1163838701821724,-0.11638387018217244
4.0,4.055146351850994,-0.05514635185099426
4.0,4.345171081641721,-0.3451710816417206
4.0,4.481089337237808,-0.4810893372378082
4.0,4.178815277500919,-0.1788152775009193
4.0,4.234427539964821,-0.23442753996482057
4.0,4.157039612593667,-0.1570396125936666
4.0,4.098947552676426,-0.0989475526764263
4.0,4.2715728081347555,-0.2715728081347555
4.0,4.419153033601264,-0.41915303360126366
4.0,4.1623602983834616,-0.16236029838346155
4.0,4.076763934729056,-0.07676393472905563
4.0,4.041591820387892,-0.04159182038789222
4.0,4.195552921880059,-0.19555292188005868
4.0,4.114434540598751,-0.1144345405987508
4.0,4.218735219035025,-0.21873521903502535
4.0,4.048821953845092,-0.048821953845092025
4.0,4.191954120828401,-0.19195412082840058
4.0,4.157206401267613,-0.15720640126761332
4.0,4.113033243887606,-0.11303324388760583
4.0,4.399578834170715,-0.3995788341707147
4.0,3.991794127006331,0.00820587299366915
4.0,4.03676076952924,-0.03676076952923957
4.0,4.275133988878137,-0.275133988878137
3.991399828238082,4.2045301513782425,-0.21313032314016045
3.987584625237567,4.061680588318982,-0.07409596308141486
3.987162775294828,4.046109016570254,-0.058946241275426026
3.986320302708808,4.102499904971376,-0.11617960226256807
3.9788107009300617,4.475025339327539,-0.49621463839747726
3.9746941347352296,3.9934958493040367,-0.018801714568807082
3.966978555317089,4.010041937598679,-0.04306338228159001
3.966978555317089,4.728576487997883,-0.7615979326807945
3.9665762445130506,4.31475029214501,-0.348174047631959
3.9657727392294495,4.387554063840159,-0.42178132461070916
3.96433016534832,4.121093320906132,-0.15676315555781217
3.962573502059376,3.952185585280762,0.01038791677861406
3.958607314841775,4.068068139107169,-0.10946082426539361
3.9546770212133424,4.015737899027188,-0.06106087781384595
3.9423338960901706,4.033671263070161,-0.09133736697999062
3.9396799713117145,4.055866387892439,-0.11618641658072448
3.938547520912807,3.8963004990267094,0.042247021886097524
3.935542010773082,4.461859282119966,-0.5263172713468842
3.9193735130781935,4.119113481870404,-0.19973996879221012
3.91721462968355,3.9616355108736694,-0.04442088119011922
3.9161391991334273,3.990092978711347,-0.07395377957791949
3.913640169325252,4.390726780652405,-0.4770866113271528
3.913640169325252,4.09974487654874,-0.1861047072234876
3.903089986991944,3.7787368281546483,0.12435315883729592
3.8996294548824375,3.941585850406175,-0.041956395523737644
3.8996294548824375,4.288217525216353,-0.38858807033391507
3.891096872332687,4.194538013034081,-0.30344114070139394
3.889410289700751,4.081286616934614,-0.19187632723386283
3.886056647693163,4.18490361797051,-0.29884697027734664
3.882728704344236,4.083319432121614,-0.2005907277773784
3.86518562967954,3.8201470920635163,0.04503853761602361
3.8446639625349386,3.9915184651980664,-0.14685450266312783
3.8430875742999833,3.8807213969765715,-0.03763382267658821
3.841939206063395,4.353765280470441,-0.511826074407046
3.841637507904751,4.422384300551166,-0.5807467926464152
3.841637507904751,4.422384300551166,-0.5807467926464152
3.835647144215563,3.9723653452606347,-0.13671820104507182
3.823908740944319,3.8478611955110007,-0.023952454566681602
3.823908740944319,3.828445408429923,-0.004536667485603996
3.823908740944319,3.8482566626829513,-0.024347921738632206
3.823908740944319,3.906308869445016,-0.082400128500697
3.823908740944319,3.9437787714217607,-0.1198700304774416
3.823908740944319,3.8277221001615036,-0.0038133592171845088
3.823908740944319,3.824841515018594,-0.0009327740742750557
3.823908740944319,3.9087955191153436,-0.08488677817102452
3.823908740944319,3.9238959228307744,-0.09998718188645528
3.823908740944319,3.8603956311999386,-0.036486890255619464
3.823908740944319,3.835136668066939,-0.011227927122619885
3.823908740944319,3.8243194680791626,-0.00041072713484346934
3.823908740944319,3.8265617084827914,-0.0026529675384723284
3.823908740944319,3.838652843407317,-0.014744102462997954
3.823908740944319,3.826218166124816,-0.002309425180496927
3.823908740944319,3.9211708845560693,-0.09726214361175023
3.823908740944319,3.9383794260373985,-0.11447068509307945
3.823908740944319,3.87517341412998,-0.05126467318566075
3.823908740944319,3.905950673809776,-0.08204193286545669
3.823908740944319,3.82266345324231,0.0012452877020092679
3.823908740944319,3.8675240110940137,-0.043615270149694574
3.823908740944319,3.8621925621130835,-0.03828382116876439
3.823908740944319,3.8005587439111714,0.023349997033147663
3.823908740944319,3.8278563523753526,-0.003947611431033504
3.823908740944319,3.8418658764103557,-0.01795713546603661
3.823908740944319,3.8312223310132874,-0.0073135900689682565
3.823908740944319,3.828318040406872,-0.0044092994625528625
3.823908740944319,4.159660842354978,-0.33575210141065925
3.823908740944319,3.8250629840622428,-0.00115424311792367
3.823908740944319,3.8587379777598905,-0.034829236815571374
3.823908740944319,3.9117198337999524,-0.08781109285563327
3.823908740944319,3.8701320044417877,-0.046223263497468636
3.823908740944319,3.8088130694895708,0.015095671454748327
3.823908740944319,3.850638468769559,-0.02672972782524008
3.823908740944319,3.8860498907706345,-0.062141149826315356
3.823908740944319,3.959639472078498,-0.1357307311341791
3.823908740944319,3.898864449461593,-0.07495570851727384
3.823908740944319,3.8310171506360264,-0.00710840969170734
3.823908740944319,3.8263692013232036,-0.002460460378884477
3.823908740944319,3.8287091365669927,-0.004800395622673648
3.823908740944319,3.8479339952788814,-0.024025254334562263
3.823908740944319,3.839056300694797,-0.015147559750477768
3.823908740944319,3.9006975166408147,-0.07678877569649556
3.823908740944319,3.8393469341864694,-0.015438193242150344
3.823908740944319,3.8981674819543395,-0.07425874101002039
3.823908740944319,3.8283390013995247,-0.004430260455205559
3.823908740944319,3.827358897084973,-0.003450156140653693
3.823908740944319,3.899936515179989,-0.07602777423567009
3.823908740944319,3.8300648865253035,-0.006156145580984429
3.823908740944319,3.851103814585752,-0.02719507364143281
3.823908740944319,3.833878438836508,-0.009969697892188822
3.823908740944319,4.044966413442693,-0.22105767249837394
3.823908740944319,3.8456942653368302,-0.021785524392511135
3.823908740944319,4.020813908554605,-0.1969051676102862
3.823908740944319,3.8258878663740514,-0.0019791254297323313
3.823908740944319,3.8519683583708084,-0.028059617426489325
3.820000358220839,3.886642097859492,-0.06664173963865316
3.804100347590766,3.8813562882348385,-0.07725594064407248
3.787812395596042,4.461859282119966,-0.6740468865239242
3.787279845582158,4.050177942234978,-0.2628980966528198
3.7746907182741367,4.191023793127798,-0.4163330748536609
3.769806621130954,3.8184908726561027,-0.048684251525148436
3.769551078621726,3.879214266243878,-0.10966318762215232
3.769551078621726,4.059871146983657,-0.2903200683619307
3.767003889607846,4.384930091653443,-0.6179262020455969
3.76421912967244,4.032990756235993,-0.2687716265635527
3.761953896871205,4.173974371607682,-0.41202047473647685
3.747146969020106,3.760985903559628,-0.013838934539522008
3.746904414150968,3.760985903559628,-0.01408148940865983
3.746177561291927,3.7962785568603086,-0.050100995568381546
3.7447274948966935,3.8543423979254543,-0.10961490302876076
3.7447274948966935,4.07747139837631,-0.33274390347961624
3.72584215073632,3.8386722031142697,-0.11283005237794974
3.72584215073632,3.960440137751045,-0.234597987014725
3.7157949322982056,3.7515736148629646,-0.03577868256475902
3.7121982700697735,3.816865280245746,-0.10466701017597257
3.7121982700697735,3.792806814866854,-0.08060854479708057
3.711974464611637,3.876364961332417,-0.1643904967207801
3.6989700043360174,3.7171295050060853,-0.018159500670067885
3.6989700043360174,3.7297745484139497,-0.030804544077932317
3.6989700043360174,3.7186666238556234,-0.019696619519605996
3.6989700043360174,3.7704979231023583,-0.0715279187663409
3.6989700043360174,4.181918956040625,-0.4829489517046075
3.6989700043360174,4.0009405028086364,-0.30197049847261903
3.6989700043360174,3.720886257896952,-0.021916253560934518
3.6989700043360174,3.9267547785964436,-0.2277847742604262
3.6989700043360174,3.7106050315783152,-0.011635027242297813
3.6989700043360174,3.7410961120628974,-0.04212610772687997
3.6989700043360174,4.029513136174044,-0.33054313183802675
3.6989700043360174,3.9650743343655104,-0.26610433002949296
3.6989700043360174,3.769419761905915,-0.07044975756989746
3.6989700043360174,3.7273012419448586,-0.028331237608841153
3.6989700043360174,4.100316315355838,-0.4013463110198203
3.6989700043360174,3.8394312577461895,-0.14046125341017213
3.6989700043360174,3.81033765648499,-0.1113676521489726
3.6989700043360174,3.769419761905915,-0.07044975756989746
3.6989700043360174,3.7194632603208384,-0.02049325598482099
3.6989700043360174,3.72740637000668,-0.028436365670662767
3.6989700043360174,3.760789127250117,-0.06181912291409963
3.6989700043360174,3.8340150731341947,-0.13504506879817724
3.6989700043360174,4.119220057051933,-0.42025005271591587
3.6989700043360174,3.8106876328330905,-0.11171762849707312
3.671620396561262,4.461859282119966,-0.7902388855587041
3.669992299127241,3.6093264297685286,0.06066586935871232
3.6550185860727424,4.477472145562863,-0.8224535594901203
3.647817481888637,3.6784854653580106,-0.030667983469373716
3.647817481888637,3.6784854653580106,-0.030667983469373716
3.647817481888637,3.7008369255540705,-0.05301944366543365
3.645891560852599,4.4140707137154624,-0.7681791528628636
3.6270879970298937,3.912897612323203,-0.28580961529330917
3.614393726401688,3.8351520819721627,-0.22075835557047485
3.6020599913279625,3.6355437865614717,-0.033483795233509195
3.6020599913279625,3.7699717415729985,-0.16791175024503602
3.6020599913279625,3.5541898591555596,0.04787013217240288
3.591760034688151,3.9687914606882897,-0.37703142600013884
3.573488738635425,3.7186042059198665,-0.14511546728444147
3.560667306169737,3.728514235059623,-0.16784692888988584
3.552841968657781,3.742541212178646,-0.18969924352086487
3.539102157243452,3.693695026195881,-0.15459286895242919
3.5352124803540628,3.7633346453830057,-0.2281221650289429
3.533132379645891,3.660663640770956,-0.12753126112506497
3.5228787452803374,3.601804690466809,-0.07892594518647167
3.5228787452803374,3.5959991853346285,-0.07312044005429108
3.5228787452803374,3.6998184584278957,-0.1769397131475583
3.5228787452803374,3.637132619715303,-0.11425387443496549
3.5228787452803374,3.5267442863484155,-0.0038655410680781266
3.5192602644064337,3.5648119912873355,-0.04555172688090181
3.511449283499556,3.8647963800164846,-0.3533470965169285
3.500312917381597,3.740001436961975,-0.23968851958037796
3.4948500216800937,3.5267442863484155,-0.03189426466832179
3.489186989487504,3.5987717189990165,-0.10958472951151244
3.47755576649368,3.4901554736877056,-0.012599707194025811
3.467882883751196,3.597266934123434,-0.12938405037223788
3.464705879957229,3.833093826248322,-0.3683879462910933
3.4559319556497243,3.4405151101452165,0.015416845504507837
3.4559319556497243,3.443615517132192,0.01231643851753228
3.4559319556497243,3.8536233708289376,-0.39769141517921325
3.4467239538629,3.5117480959047866,-0.06502414204188645
3.443697499232713,3.545313283139757,-0.10161578390704396
3.431798275933005,3.6160256513503612,-0.18422737541735623
3.431798275933005,3.638276217149921,-0.20647794121691598
3.4294570601181027,3.953131405250032,-0.5236743451319295
3.4179366370882915,3.655954191426176,-0.23801755433788463
3.4067139329795424,3.7433312158242176,-0.3366172828446752
3.405607449624573,3.682515261752462,-0.27690781212788895
3.401209493236885,3.4203515617591793,-0.019142068522294498
3.397940008672037,3.64390469872505,-0.2459646900530128
3.397940008672037,3.386211913864823,0.011728094807214262
3.3909394500699133,3.4603186828950445,-0.06937923282513125
3.3799681048737025,3.5102931654490224,-0.1303250605753199
3.3795516152882907,3.5243796474413354,-0.14482803215304463
3.3524410002341547,4.104120081453256,-0.751679081219101
3.342944147142896,3.6134337706314317,-0.2704896234885359
3.3383765907707703,3.550068292572027,-0.21169170180125674
3.3363932918754795,3.6168384426438935,-0.28044515076841403
3.336299074610352,3.416887405971466,-0.08058833136111376
3.336299074610352,3.416887405971466,-0.08058833136111376
3.314975214894286,3.517212233529106,-0.20223701863482013
3.3010299956639813,3.6819201431422086,-0.38089014747822736
3.3010299956639813,3.8844011286847224,-0.5833711330207412
3.3010299956639813,4.108364829336144,-0.8073348336721624
3.3010299956639813,3.5877653985888465,-0.2867354029248652
3.3010299956639813,3.6519680228538443,-0.350938027189863
3.3010299956639813,3.8474854309243414,-0.5464554352603601
3.3010299956639813,3.972027951158732,-0.6709979554947507
3.3010299956639813,3.873004597694256,-0.571974602030275
3.3010299956639813,4.140798041581134,-0.839768045917153
3.3010299956639813,4.138708361641503,-0.8376783659775215
3.3010299956639813,3.572677081036848,-0.27164708537286675
3.3010299956639813,3.3521821562263847,-0.05115216056240346
3.2938798902972968,3.3604504915768336,-0.06657060127953685
3.287434472126692,3.3571419630669923,-0.06970749094030015
3.2804201422862764,3.4584847159714798,-0.17806457368520334
3.259637310505756,3.395055512128825,-0.13541820162306895
3.236572006437063,3.004396795021853,0.23217521141521003
3.221848749616356,3.4227460100005596,-0.2008972603842034
3.221848749616356,3.353896355086798,-0.1320476054704418
3.221848749616356,3.4283499864813054,-0.20650123686494926
3.221848749616356,3.30228664852747,-0.08043789891111386
3.2191068913129213,3.4220709075631786,-0.20296401625025728
3.2062794431864763,3.329918126335928,-0.12363868314945181
3.204119982655925,3.263082433686779,-0.05896245103085418
3.204119982655925,3.434010320450249,-0.22989033779432377
3.1870866433571443,3.223869337820755,-0.03678269446361071
3.173925197299174,3.2033650716703965,-0.02943987437122253
3.173925197299174,3.2237786042055445,-0.04985340690637052
3.1733422081241303,3.30360771792562,-0.13026550980148954
3.154901959985743,3.360439785233898,-0.20553782524815478
3.125895237005137,3.28628262413549,-0.16038738713035272
3.107905397309519,3.253545900718388,-0.14564050340886858
3.096910013008056,3.212357279797697,-0.11544726678964112
3.096910013008056,3.2736124896763457,-0.17670247666828987
3.089909454405932,3.371998367682324,-0.2820889132763922
3.085128182459949,3.203480089742392,-0.11835190728244305
3.057942316158605,3.210237372617775,-0.1522950564591703
3.0323116495466875,3.1925557586512197,-0.16024410910453213
3.0101054362812265,3.2414516058952754,-0.23134616961404886
2.999132278468773,3.1221979937125917,-0.12306571524381882
2.975227086920368,3.1906702553691835,-0.2154431684488154
2.958607314841774,3.08241372446966,-0.12380640962788592
2.920818753952375,3.0849900100968575,-0.16417125614448258
2.91721462968355,2.992343193536248,-0.07512856385269773
2.886056647693163,3.107032900867427,-0.22097625317426406
2.853871964321762,2.57294390634874,0.2809280579730218
2.806875401645539,2.938515728453056,-0.13164032680751703
2.7822529267372067,2.9697938178664818,-0.18754089112927508
2.7677664788852665,3.004396795021853,-0.23663031613658658
2.7520267336381936,3.3660155904795848,-0.6139888568413912
2.605548319173784,2.9641338790737293,-0.3585855598999452
2.552841968657781,2.6228850853757986,-0.07004311671801755
2.3819519032879075,2.5066711429024893,-0.12471923961458176
2.346787486224656,2.6195087714981415,-0.2727212852734855
2.214670164989233,2.3790874848188777,-0.1644173198296448
2.1870866433571443,2.603605327753378,-0.41651868439623385
2.107905397309519,2.4110302565583255,-0.3031248592488063
2.0,2.200739579300088,-0.2007395793000879
1.621602099051862,2.305249962574084,-0.6836478635222218
