SMILES,Observed,Predicted,Residual
COc1ccccc1-c1ccc2nc(NC(=O)NCCN3CCN(C)CC3)sc2c1,8.7167225,8.311456,0.40526676
CCNC(=O)Nc1nc2ccc(-c3ccccc3OCC)cc2s1,4.465974,3.8187332,0.64724064
COc1ccc(Cl)c(Nc2c(C#N)cnc3cc(OCCCN4CCN(C)CC4)c(OC)cc23)c1,7.0,7.225383,-0.2253828
CCNC(=O)Nc1nc2ccc(-c3ccccc3OC)cc2s1,6.039054,5.166648,0.872406
COc1ccccc1-c1ccc2nc(NC(=O)NCCO)sc2c1,4.7235384,4.1221657,0.6013727
COc1cc(Nc2c(C#N)cnc3cc(OCCCN4CCN(C)CC4)c(OC)cc23)c(Cl)cc1Cl,5.1077943,4.1928453,0.91494894
O=C(Nc1ccc(OC(F)(F)Cl)cc1)c1cnc(N2Cc3cn[nH]c3C2)c(-c2cncnc2)c1,6.935542,7.46801,-0.53246784
N#Cc1cncc(-c2cc(C(=O)Nc3ccc(OC(F)(F)Cl)cc3)cnc2N2C[C@H](O)[C@@H](O)C2)c1,7.167491,5.026432,2.141059
CC1(O)CCN(c2ncc(C(=O)Nc3ccc(OC(F)(F)Cl)cc3)cc2-c2ccn[nH]2)C1,7.8860564,8.245375,-0.35931826
N#Cc1ccncc1-c1cc(C(=O)Nc2ccc(OC(F)(F)Cl)cc2)cnc1N1CC[C@@H](O)C1,4.0,4.915285,-0.9152851
CCNC(=O)Nc1nc2ccc(-c3ccc(N)cc3OC)cc2s1,4.8041005,4.280575,0.5235257
N#Cc1ccc(-c2cc(C(=O)Nc3ccc(OC(F)(F)F)cc3)cnc2N2C[C@H](O)[C@@H](O)C2)[nH]1,4.69897,4.257079,0.44189072
CCOc1ccccc1-c1ccc2nc(NC(=O)NCCN3CCNCC3)sc2c1,8.443698,8.08427,0.3594284
O=C(Nc1ccc(OC(F)(F)Cl)cc1)c1cnc(N2CC3(CNC3)C2)c(-c2ccn[nH]2)c1,6.79588,6.6040306,0.19184923
CCOc1ccccc1-c1ccc2nc(NC(=O)NCCCO)sc2c1,6.1965427,5.3641386,0.83240414
O=C(Nc1ccc(OC(F)(F)F)cc1)c1cnc(N2CC[C@H](CO)C2)c(-c2ccc(Cl)nc2)c1,7.763878,7.549026,0.21485186
CCN(CCO)c1ncc(C(=O)Nc2ccc(SC(F)(F)F)cc2)cc1-c1cncnc1,7.4202166,7.113979,0.3062377
O=C(Nc1ccc(OC(F)(F)Cl)cc1)c1cnc(N2CC[C@@H](O)C2)c(-c2cncc(F)c2)c1,5.318759,4.761181,0.5575781
O=C(Nc1ccc(OC(F)(F)Cl)cc1)c1cnc(N2CC[C@@H](O)C2)c(-c2ccc[nH]2)c1,4.5228786,5.39649,-0.87361145
N#Cc1cncc(-c2cc(C(=O)Nc3ccc(OC(F)(F)Cl)cc3)cnc2N2CC[C@@H](O)C2)c1,4.696804,4.8829355,-0.18613148
O=C(Nc1ccc(OC(F)(F)Cl)cc1)c1cnc(N2C[C@H](O)[C@@H](O)C2)c(-c2cncc(F)c2)c1,6.7447276,5.3593454,1.3853822
NC[C@H]1CN(c2ncc(C(=O)Nc3ccc(OC(F)(F)Cl)cc3)cc2-c2ccn[nH]2)C[C@H]1O,7.0,6.3070765,0.69292355
CN(CCO)c1ncc(C(=O)Nc2ccc(OC(F)(F)F)cc2)cc1-c1cncnc1,5.6382723,5.1116714,0.52660084
COc1ccccc1-c1ccc2nc(NC(=O)NCCCO)sc2c1,9.39794,8.064389,1.3335505
CC(C)n1cnc2cc(C(=O)Nc3ccc(OC(F)(F)Cl)cc3)cc(Br)c21,4.69897,4.5529327,0.1460371
CC(C)n1cnc2cc(C(=O)Nc3ccc(OC(F)(F)Cl)cc3)cc(-n3ccnc3)c21,3.8200004,4.004066,-0.18406558
Cc1cccc(Cl)c1NC(=O)c1cnc(Nc2cc(N3CCN(C(=O)OCCN4CCOCC4)CC3)ncn2)s1,4.026526,3.6420248,0.38450122
Cc1nc(Nc2ncc(C(=O)Nc3c(C)cccc3Cl)s2)cc(N2CCN(C(=O)OCCN3CCOCC3)CC2)n1,5.291015,5.459992,-0.16897678
CCOc1ccccc1-c1ccc2nc(NC(=O)NCCO)sc2c1,5.6133227,6.568354,-0.9550314
Cc1c(F)cncc1-c1cc2cnc(NC(=O)[C@@H]3C[C@@H]3F)cc2n(C)c1=O,5.2596374,4.9441004,0.31553698
C=CCOC(=O)N1CCC(c2cc(Nc3ncc(C(=O)Nc4c(C)cccc4Cl)s3)nc(C)n2)C1,7.6382723,8.500854,-0.86258125
N[C@@H]1[C@H]2CN(c3ncc(C(=O)Nc4ccc(OC(F)(F)Cl)cc4)cc3-c3ccn[nH]3)C[C@@H]12,4.405607,4.109796,0.29581118
CC1(O)CN(c2ncc(C(=O)Nc3ccc(OC(F)(F)F)cc3)cc2-c2ncc[nH]2)C1,8.522879,9.244772,-0.7218933
O=C(Nc1ccc(SC(F)(F)F)cc1)c1cnc(N2CC[C@@H](O)C2)c(-c2cncc(F)c2)c1,5.6382723,4.4785395,1.1597328
CN(CCO)c1ncc(C(=O)Nc2ccc(OC(F)(F)Cl)cc2)cc1-c1cncc(C#N)c1,6.0,5.4395056,0.5604944
CNC(=O)c1ncc(C#Cc2cc(C(=O)Nc3ccc(CN4CCN(CCO)CC4)c(C(F)(F)F)c3)ccc2C)n1C,6.0,6.233642,-0.2336421
O=C(Nc1ccc(OC(F)(F)Cl)cc1)c1cnc(N2CC[C@H](CO)C2)c(-c2cncc(F)c2)c1,7.086186,5.6756554,1.4105306
N#Cc1cncc(-c2cc(C(=O)Nc3ccc(SC(F)(F)F)cc3)cnc2N2CC[C@@H](O)C2)c1,6.0,5.4411163,0.55888367
CN1CCN(Cc2ccc(NC(=O)CCSc3ccc4c(/C=C/c5ccccn5)n[nH]c4c3)cc2C(F)(F)F)CC1,9.30103,8.781337,0.5196934
Cc1ccncc1-c1cc(C(=O)Nc2ccc(OC(F)(F)Cl)cc2)cnc1N1CC[C@@H](O)C1,4.853872,4.2619762,0.5918956
Cc1ccc(C(=O)Nc2ccc(CN3CCN(C)CC3)c(C(F)(F)F)c2)cc1C#Cc1ncc2cccnn12,4.30103,3.6039143,0.6971159
O=C(Nc1ccc(OC(F)(F)F)cc1)c1cnc(N2CC[C@@H](O)C2)c(-c2ccccn2)c1,4.823909,5.054137,-0.23022842
N#Cc1ccc(-c2cc(C(=O)Nc3ccc(OC(F)(F)F)cc3)ccc2N2C[C@H](O)[C@@H](O)C2)[nH]1,6.0,5.639329,0.36067104
COc1ccc(Cl)c(Nc2c(C#N)cnc3cc(OCCCN4CCOCC4)c(OC)cc23)c1,7.7212462,5.4460077,2.2752385
COC(=O)N1CCC(c2cc(Nc3ncc(C(=O)Nc4c(C)cccc4Cl)s3)nc(C)n2)C1,5.221849,4.202648,1.0192008
CCOC(=O)N1CCC(c2cc(Nc3ncc(C(=O)Nc4c(C)cccc4Cl)s3)nc(C)n2)C1,5.0457573,5.6573257,-0.61156845
CC(C)n1c(C2CCOCC2)nc2cc(C(=O)Nc3ccc(OC(F)(F)Cl)cc3)cc(-c3cncnc3)c21,6.1706963,5.03257,1.1381264
C[C@@H]1COCc2nc3cc(C(=O)Nc4ccc(OC(F)(F)Cl)cc4)cc(-c4cncnc4)c3n21,4.0,5.8739986,-1.8739986
COc1nc2cc(C(=O)Nc3ccc(OC(F)(F)Cl)cc3)cc(-c3ccn[nH]3)c2n1[C@H](C)CO,4.6197886,5.34218,-0.7223911
O=C(Nc1ccc(OC(F)(F)Cl)cc1)c1cc(-c2cncnc2)c2c(c1)ncn2C1CC1,4.8292103,5.1879168,-0.35870647
CC(C)n1cnc2cc(C(=O)Nc3ccc(OC(F)(F)Cl)cc3)cc(-c3cncnc3)c21,4.0,5.3767757,-1.3767757
Cc1nc2c(-c3cncnc3)cc(C(=O)Nc3ccc(OC(F)(F)Cl)cc3)cc2n1C,9.045757,8.51361,0.5321474
Cc1nc(Nc2ncc(C(=O)Nc3c(C)cccc3Cl)s2)cc(N2CCN(C(=O)Oc3ccccc3)CC2)n1,6.3005137,5.9313965,0.36911726
COc1nc2cc(C(=O)Nc3ccc(OC(F)(F)Cl)cc3)cc(-c3cncnc3)c2n1[C@H](C)CO,6.0,5.6789846,0.32101536
COc1ccc(NC(=O)N(CCCCC2CCCCC2)CCc2ccc(SC(C)(C)C(=O)O)cc2)cc1,9.387217,9.258946,0.12827015
C[C@@H]1COCc2nc3cc(C(=O)Nc4ccc(OC(F)(F)Cl)cc4)cc(-c4cncs4)c3n21,5.0,5.4995556,-0.4995556
C[C@@H]1COCc2nc3cc(C(=O)Nc4ccc(OC(F)(F)Cl)cc4)cc(-c4cncc(C#N)c4)c3n21,4.69897,4.9068217,-0.20785189
C[C@H](C(F)F)n1cnc2cc(C(=O)Nc3ccc(OC(F)(F)Cl)cc3)cc(-c3ccn[nH]3)c21,4.565431,5.5379987,-0.97256756
Cc1ccc(C(=O)NC2=CC(Cl)C(CN3CCN(CCO)CC3)C=C2)cc1C#Cc1cnc2cccnn12,7.7447276,8.429474,-0.68474627
O=C(Nc1ccc(OC(F)(F)Cl)cc1)c1cnc(N2CC[C@@H](O)C2)c(-c2cccnc2F)c1,4.636388,3.9402986,0.69608927
C[C@@H]1CCOc2nc3cc(C(=O)Nc4ccc(OC(F)(F)Cl)cc4)cc(-c4cncnc4)c3n21,6.600326,6.230727,0.36959887
O=C(Nc1ccc(OC(F)(F)Cl)cc1)c1cnc(N2CC[C@@H](O)C2)c(-c2cnccc2F)c1,6.3565474,4.9454913,1.411056
COc1ncc(-c2cc(C(=O)Nc3ccc(OC(F)(F)Cl)cc3)cnc2N2CC[C@@H](O)C2)cc1C#N,7.5086384,8.131076,-0.6224375
O=C(Nc1ccc(OC(F)(F)F)cc1)c1cnc(N2CC[C@H](CO)C2)c(-c2cnc(Cl)c(F)c2)c1,3.9875846,3.3832903,0.6042943
Cc1nc2cc(C(=O)Nc3ccc(OC(F)(F)Cl)cc3)cc(-c3cncnc3)c2n1C1CC1,5.400663,3.7353067,1.6653562
CC(C)n1cnc2cc(C(=O)Nc3ccc(OC(F)(F)Cl)cc3)cc(-c3cscn3)c21,7.39794,6.521706,0.87623405
CCNC(=O)Nc1nc2ccc(-c3ccccc3)cc2s1,7.3279943,5.6643615,1.6636329
O=C(Nc1ccc(OC(F)(F)Cl)cc1)c1cc(-c2ccn[nH]2)c2c(c1)ncn2C1CC1,3.69897,4.3808,-0.6818297
C[C@@H]1COCc2nc3cc(C(=O)Nc4ccc(OC(F)(F)Cl)cc4)cc(-c4ccn[nH]4)c3n21,6.0,5.043793,0.9562068
C[C@@H]1CCOc2nc3cc(C(=O)Nc4ccc(OC(F)(F)Cl)cc4)cc(-c4cccnn4)c3n21,4.5214334,3.4026847,1.1187487
CC(C)n1cnc2cc(C(=O)Nc3ccc(OC(F)(F)Cl)cc3)cc(C3CSC=N3)c21,5.0,5.0938396,-0.093839645
O=C(Nc1ccc(OC(F)(F)Cl)cc1)c1cc(-c2cncnc2)c2c(c1)ncn2[C@@H]1CCOC1,8.920818,8.370601,0.5502176
O=C(Nc1ccc(OC(F)(F)Cl)cc1)c1cc(-c2ccn[nH]2)c2c(c1)nc1n2[C@H](CF)COC1,7.0655017,5.931136,1.1343656
C[C@H](CO)n1cnc2cc(C(=O)Nc3ccc(OC(F)(F)Cl)cc3)cc(-c3ccn[nH]3)c21,3.6478174,4.1401796,-0.49236226
O=C(Nc1ccc(OC(F)(F)Cl)cc1)c1cc(Br)c2c(c1)nc1n2[C@H](CF)COC1,9.29243,9.272153,0.020277023
C[C@@H]1COCc2nc3cc(C(=O)Nc4ccc(OC(F)(F)Cl)cc4)cc(-c4cnn[nH]4)c3n21,4.386158,4.3185253,0.067632675
COc1nc2cc(C(=O)Nc3ccc(OC(F)(F)Cl)cc3)cc(-c3cncnc3)c2n1C(C)C,5.0609803,4.9668183,0.09416199
C[C@@H](CO)n1cnc2cc(C(=O)Nc3ccc(OC(F)(F)Cl)cc3)cc(-c3ccn[nH]3)c21,9.337242,9.07242,0.264822
CCn1c([C@H](C)O)nc2cc(C(=O)Nc3ccc(OC(F)(F)Cl)cc3)cc(-c3ccn[nH]3)c21,8.638272,8.784915,-0.14664268
Cc1nc2cc(C(=O)Nc3ccc(OC(F)(F)Cl)cc3)cc(-c3cncnc3)c2n1C,6.0655017,5.5955877,0.46991396
O=C(Nc1ccc(OC(F)(F)Cl)cc1)c1cc(-c2cncnc2)c2c(c1)nc1n2[C@H](CO)COC1,8.0,5.1320443,2.8679557
Cc1cn(-c2cc(NC(=O)c3ccc(C)c(Nc4nccc(-c5cccnc5)n4)c3)cc(C(F)(F)F)c2)cn1,6.9914,7.679193,-0.68779325
Cc1ccc(C(=O)Nc2ccc(CN3CCC(N(C)C)CC3)c(C(F)(F)F)c2)cc1-n1cc(-c2cnc3[nH]ncc3c2)nn1,6.8996296,6.377832,0.52179766
Cc1ccc(C(=O)Nc2ccc(CN3CCN(C)CC3)c(C(F)(F)F)c2)cc1C#Cc1cnc2[nH]ncc2c1,7.5850267,6.915248,0.6697788
COc1ccc(Cn2ncc(F)c2-c2cc(C(=O)Nc3ccc(OC(F)(F)Cl)cc3)cc3ncn(C(C)C)c23)cc1,7.229148,6.3137293,0.9154186
Cn1c(C(F)F)nc2cc(C(=O)Nc3ccc(OC(F)(F)Cl)cc3)cc(-c3cncnc3)c21,6.4436975,4.979937,1.4637604
CCn1c(OC)nc2cc(C(=O)Nc3ccc(OC(F)(F)Cl)cc3)cc(-c3cncnc3)c21,2.8068755,3.6809113,-0.87403584
C[C@@H]1CCOc2nc3cc(C(=O)Nc4ccc(OC(F)(F)Cl)cc4)cc(-c4cncc(C#N)c4)c3n21,5.6575775,5.0406437,0.6169338
CC(C)n1cnc2cc(C(=O)Nc3ccc(OC(F)(F)Cl)cc3)cc(-c3[nH]ncc3F)c21,8.956642,6.571015,2.3856273
C[C@@H]1CCOc2nc3cc(C(=O)Nc4ccc(OC(F)(F)Cl)cc4)cc(-c4cscn4)c3n21,5.0675263,5.1166534,-0.049127102
C[C@@H]1COCc2nc3cc(C(=O)Nc4ccc(OC(F)(F)Cl)cc4)cc(-c4ccnnc4)c3n21,4.9469213,5.1421404,-0.19521904
C[C@@H]1COCc2nc3cc(C(=O)Nc4ccc(OC(F)(F)Cl)cc4)cc(-c4cnsc4)c3n21,7.154902,5.934225,1.2206769
C[C@@H]1CCSc2nc3cc(C(=O)Nc4ccc(OC(F)(F)Cl)cc4)cc(-c4ccn[nH]4)c3n21,5.3665314,5.0716205,0.2949109
C[C@@H](CF)n1c(C(F)F)nc2cc(C(=O)Nc3ccc(OC(F)(F)Cl)cc3)cc(-c3cncnc3)c21,4.0,4.5438814,-0.5438814
CN1CCN(Cc2ccc(NC(=O)c3ccc(Cl)c(-n4cc(-c5cnc6[nH]ncc6c5)nn4)c3)cc2C(F)(F)F)CC1,8.080922,8.945203,-0.8642807
C[C@H](CF)n1cnc2cc(C(=O)Nc3ccc(OC(F)(F)Cl)cc3)cc(-c3ccn[nH]3)c21,5.3200274,4.6937237,0.6263037
CC(=O)N1CCC(CNc2nc3cc(OCC4CCN(C(C)=O)CC4)cc(F)c3c(=O)[nH]2)CC1,6.03105,5.660978,0.37007236
C[C@H](CO)n1cnc2cc(C(=O)Nc3ccc(OC(F)(F)Cl)cc3)cc(-c3cncnc3)c21,4.920819,4.3653774,0.5554414
COc1nc2cc(C(=O)Nc3ccc(OC(F)(F)Cl)cc3)cc(-c3ccn[nH]3)c2n1C(C)C,9.30103,9.025529,0.27550125
C[C@@H]1CCSc2nc3cc(C(=O)Nc4ccc(OC(F)(F)Cl)cc4)cc(-c4cncnc4)c3n21,4.6197886,4.644562,-0.02477312
CC(C)n1cnc2cc(C(=O)Nc3ccc(OC(F)(F)Cl)cc3)cc(-c3cnsc3)c21,4.579203,5.20924,-0.63003683
O=C(Nc1ccc(OC(F)(F)Cl)cc1)c1cc(-c2cncnc2)c2c(c1)ncn2[C@H]1C[C@@H](O)C1,9.30103,9.1628275,0.13820267
O=C(Nc1ccc(OC(F)(F)Cl)cc1)c1cc(-c2cncnc2)c2c(c1)ncn2C1CCC1,5.5228786,5.758149,-0.2352705
Cc1ccc(C(=O)Nc2ccc(CN3CCN(C)CC3)c(C(F)(F)F)c2)cc1C#Cc1cnc2cccnn12,5.1426673,5.204685,-0.062017918
O=C(Nc1ccc(OC(F)(F)Cl)cc1)c1cc(-c2cncnc2)c2c(c1)ncn2C1CC(O)C1,5.0,5.1137085,-0.113708496
O=C(Nc1ccc(OC(F)(F)Cl)cc1)c1cc(-c2cncnc2)c2c(c1)nc1n2CC[C@H](O)C1,9.69897,8.987658,0.7113123
CNC(=O)c1cc(C(=O)Nc2ccc(OC(F)(F)Cl)cc2)cc2nc3n(c12)[C@H](C)COC3,7.309804,6.3235273,0.9862766
CN(C)[C@H]1CN(c2ncc(C(=O)Nc3ccc(OC(F)(F)Cl)cc3)cc2-c2ccn[nH]2)C[C@@H]1O,4.0,3.2873197,0.71268034
O=C(Nc1ccc(OC(F)(F)Cl)cc1)c1cc(-c2cncnc2)c2c(c1)nc1n2C[C@@H](O)CC1,6.0,5.226777,0.7732229
O=C(Nc1ccc(OC(F)(F)Cl)cc1)c1cc(-c2ccn[nH]2)c2c(c1)nc1n2C[C@@H](O)CC1,3.9669785,3.886405,0.08057356
Cn1c(CCO)nc2cc(C(=O)Nc3ccc(OC(F)(F)Cl)cc3)cc(-c3cncnc3)c21,9.29243,8.5660095,0.7264204
C[C@H](CO)n1c(C(F)F)nc2cc(C(=O)Nc3ccc(OC(F)(F)Cl)cc3)cc(-c3cncnc3)c21,4.0,4.3899655,-0.38996553
CNc1c(Br)cc(C(=O)Nc2ccc(OC(F)(F)Cl)cc2)cc1NC(=O)CC(=O)OC,9.283997,8.575574,0.70842266
O=C(Nc1ccc(OC(F)(F)Cl)cc1)C1C=C(C2C=NC=NC2)c2c(nc3n2C[C@@H](O)CC3)C1,6.434152,6.2804203,0.15373182
C[C@@H]1C[C@H]1n1cnc2cc(C(=O)Nc3ccc(OC(F)(F)Cl)cc3)cc(-c3cncnc3)c21,4.497573,3.723155,0.7744179
Cc1ccc(C(=O)Nc2ccc(CN3CCN(CCO)CC3)c(Cl)c2)cc1C#Cc1cnc2cccnn12,5.0,7.273818,-2.273818
CC(C)n1c(C(F)F)nc2cc(C(=O)Nc3ccc(OC(F)(F)Cl)cc3)cc(-c3cnsc3)c21,6.30103,5.5761466,0.72488356
Cc1ccc(C(=O)NC2=CC(C3CC3)C(CN3CCN(CCO)CC3)C=C2)cc1C#Cc1cnc2cccnn12,5.0,4.7928114,0.2071886
O=C(Nc1ccc(OC(F)(F)Cl)cc1)c1cnc(N2CC[C@@H](O)C2)c(-c2ncc[nH]2)c1,4.576754,4.3820314,0.19472265
NC12CC1CN(c1ncc(C(=O)Nc3ccc(OC(F)(F)Cl)cc3)cc1-c1ccn[nH]1)C2,6.0604806,5.834443,0.2260375
O=C(Nc1ccc(OC(F)(F)Cl)cc1)c1cnc(N2CCNC3(CC3)C2)c(-c2cncnc2)c1,6.3936186,6.773944,-0.38032532
O=C(Nc1ccc(OC(F)(F)F)cc1)c1cnc(N2CC[C@@H](O)C2)c(-c2cnc(Cl)c(F)c2)c1,6.920819,5.78026,1.1405587
O=C(Nc1ccc(OC(F)(F)Cl)cc1)c1cc(-c2cncnc2)c2c(c1)ncn2C1CC(F)(F)C1,5.0,5.63779,-0.6377902
Cc1nc2cc(C(=O)Nc3ccc(OC(F)(F)Cl)cc3)cc(-c3cncnc3)c2n1C(C)C,6.978811,5.565522,1.4132886
O=C(Nc1ccc(OC(F)(F)F)cc1)c1cnc(N2C[C@H](O)[C@@H](O)C2)c(-c2cccnc2)c1,7.337242,5.357756,1.979486
Cc1ccc(C(=O)Nc2cc(CN3CCN(C)CC3)cc(C(F)(F)F)c2)cc1C#Cc1cnc2cnccn12,5.318759,4.1070046,1.2117543
CN(CCO)c1ncc(C(=O)Nc2ccc(OC(F)(F)Cl)cc2)cc1-c1cncc(F)c1,6.400117,6.770856,-0.37073898
O=C(Nc1ccc(OC(F)(F)F)cc1)c1ccc(N2CCOC2=O)c(-c2cncnc2)c1,5.735891,4.632257,1.1036339
CN(CCO)c1ncc(C(=O)Nc2ccc(SC(F)(F)F)cc2)cc1-c1cncc(F)c1,8.30103,7.3931065,0.9079237
COc1cc(Nc2c(C#N)cnc3cc(/C=C/CCN4CCN(C)CC4)c(OC)cc23)c(Cl)cc1Cl,6.7772837,7.060258,-0.28297424
N#Cc1ccc(-c2cc(C(=O)Nc3ccc(OC(F)(F)Cl)cc3)cnc2N2C[C@H](O)[C@@H](O)C2)[nH]1,9.39794,9.294223,0.10371685
CN1CCN(Cc2ccc(NC(=O)Nc3cc(C#Cc4cnc5cnccn45)n(C)n3)cc2C(F)(F)F)CC1,4.031517,4.1298733,-0.09835625
N#Cc1cncc(-c2cc(C(=O)Nc3ccc(OC(F)(F)Cl)cc3)cnc2N2C[C@@H](O)[C@@H](O)C2)c1,9.2218485,9.225148,-0.0032997131
O=C(Nc1ccc(OC(F)(F)Cl)cc1)c1cc(-c2cncc(F)c2)c2c(c1)ncn2C1CC1,3.7121983,3.606327,0.1058712
O=C1C[C@H](n2cnc3cc(C(=O)Nc4ccc(OC(F)(F)Cl)cc4)cc(-c4cncnc4)c32)CN1,4.7212462,4.870477,-0.14923096
NCC1(O)CCN(c2ncc(C(=O)Nc3ccc(OC(F)(F)Cl)cc3)cc2-c2ccn[nH]2)C1,6.3467875,5.5016594,0.84512806
C[C@@]1(O)CCN(c2ncc(C(=O)Nc3ccc(OC(F)(F)Cl)cc3)cc2-c2ccn[nH]2)C1,4.0,3.688434,0.3115661
O=C(Nc1ccc(OC(F)(F)Cl)cc1)c1cc(-c2cccnn2)c2c(c1)nc1n2C[C@@H](O)CC1,5.8860564,5.984576,-0.0985198
O=C(Nc1ccc(OC(F)(F)Cl)cc1)c1cc(-c2cccnn2)c2c(c1)nc1n2[C@H](CO)CCO1,7.0,6.650424,0.349576
O=C(Nc1ccc(OC(F)(F)Cl)cc1)c1cc(-c2cncnc2)c2c(c1)ncn2[C@H]1COC[C@@H]1O,5.0,4.9375,0.0625
C[C@H](O)Cn1cnc2cc(C(=O)Nc3ccc(OC(F)(F)Cl)cc3)cc(-c3cncnc3)c21,6.0462403,6.057913,-0.011672497
O=C(Nc1ccc(OC(F)(F)Cl)cc1)c1cc(-c2cncnc2)c2c(c1)ncn2[C@H]1CCOC1,7.154902,6.444556,0.71034575
O=C(Nc1ccc(OC(F)(F)Cl)cc1)c1cc(-c2cncnc2)c2c(c1)nc(C(F)F)n2C1CC1,6.0,6.2875237,-0.28752375
O=C(Nc1ccc(OC(F)(F)Cl)cc1)C1C=C(C2CC=CN=N2)c2c(nc3n2[C@H](CO)CCO3)C1,4.3589225,4.5177336,-0.15881109
Cc1ccc(C(=O)Nc2ccc(CN3C[C@H]4CN(C)C[C@H]4C3)c(C(F)(F)F)c2)cc1-n1cc(-c2cnc3[nH]ncc3c2)nn1,4.5850267,4.7295346,-0.14450788
O=C(Nc1ccc(OC(F)(F)Cl)cc1)c1cc(Br)c2c(c1)nc(C(F)F)n2C1CC1,4.6161847,3.772524,0.8436606
CC(=O)N1CCC(COc2cc(F)c3c(=O)[nH]c(NCC4CCN(C(=O)C5CC5)CC4)nc3c2)CC1,4.4634414,3.4330204,1.030421
COc1cc(Nc2c(C#N)cnc3cc(OCCCN4CCOCC4)c(OC)cc23)c(Cl)cc1Cl,4.30103,4.9849606,-0.6839304
CN1CCN(Cc2ccc(NC(=O)c3ccc(F)c(-n4cc(-c5cnc6[nH]ncc6c5)nn4)c3)cc2C(F)(F)F)CC1,7.7281585,6.0993834,1.6287751
O=C(Nc1ccc(OC(F)(F)Cl)cc1)c1cc(-c2ccn[nH]2)c2c(c1)nc1n2CCOC1,5.2596374,4.7358866,0.5237508
C[C@H](C(F)F)n1cnc2cc(C(=O)Nc3ccc(OC(F)(F)Cl)cc3)cc(-c3cncnc3)c21,4.162664,3.8388066,0.3238573
C[C@@H]1CCOc2nc3cc(C(=O)Nc4ccc(OC(F)(F)Cl)cc4)cc(-c4cnsc4)c3n21,4.017729,5.100896,-1.0831671
Cn1c(C(C)(C)O)nc2cc(C(=O)Nc3ccc(OC(F)(F)Cl)cc3)cc(-c3cncnc3)c21,4.5418158,4.174382,0.36743355
C[C@H](CF)n1cnc2cc(C(=O)Nc3ccc(OC(F)(F)Cl)cc3)cc(-c3cncnc3)c21,6.221849,6.519228,-0.29737902
C[C@@H]1COC2NC=NC=C2c2cc(C(=O)Nc3ccc(OC(F)(F)Cl)cc3)cc3nc(C(F)F)n1c23,6.30103,4.873692,1.4273381
CCn1c([C@H](C)O)nc2cc(C(=O)Nc3ccc(OC(F)(F)Cl)cc3)cc(-c3cccnn3)c21,3.5228786,4.580018,-1.0571394
C[C@H](C1CC1)n1cnc2cc(C(=O)Nc3ccc(OC(F)(F)Cl)cc3)cc(-c3cncnc3)c21,5.105407,5.4243865,-0.31897926
CCn1c(OC)nc2cc(C(=O)Nc3ccc(OC(F)(F)Cl)cc3)cc(-c3ccn[nH]3)c21,9.481486,6.6538296,2.8276567
O=C(Nc1ccc(OC(F)(F)Cl)cc1)c1cc(-c2cncnc2)c2c(c1)nc1n2CC[C@@H](O)C1,6.91364,6.636306,0.2773342
Cc1cn[nH]c1-c1cc(C(=O)Nc2ccc(OC(F)(F)Cl)cc2)cc2nc3n(c12)[C@H](C)COC3,5.523313,4.845794,0.67751884
O=C(Nc1ccc(OC(F)(F)Cl)cc1)c1cc(-c2ccn[nH]2)c2c(c1)nc(C(F)F)n2C1CC1,5.6946487,5.12729,0.567359
Cc1ccc(C(=O)Nc2ccc(CN3CC[C@@H](N(C)C)C3)c(C(F)(F)F)c2)cc1-n1cc(-c2cnc3[nH]ncc3c2)nn1,9.09691,8.969581,0.12732983
CCn1c(C(F)F)nc2cc(C(=O)Nc3ccc(OC(F)(F)Cl)cc3)cc(-c3ccnnc3)c21,9.508638,9.175846,0.33279228
O=C(Nc1ccc(OC(F)(F)Cl)cc1)c1cc(-c2cncnc2)c2c(c1)ncn2[C@H]1C[C@H](F)C1,5.0,5.087227,-0.08722687
CCn1c([C@H](C)O)nc2cc(C(=O)Nc3ccc(OC(F)(F)Cl)cc3)cc(-c3cnoc3)c21,9.366531,9.153006,0.21352577
O=C(Nc1ccc(OC(F)(F)Cl)cc1)c1cc(-c2cccnn2)c2c(c1)nc1n2[C@H](CO)COC1,6.0,5.129173,0.8708272
O=C(Nc1ccc(OC(F)(F)Cl)cc1)c1cc(-c2cncnc2)c2c(c1)ncn2CC1COC1,5.9292235,6.2794585,-0.350235
CC(C)(Sc1ccc(CCN(CCCCC2CCCCC2)C(=O)NC2CCCCC2)cc1)C(=O)O,4.8124795,4.292721,0.5197587
C[C@H]1COCc2nc3cc(C(=O)Nc4ccc(OC(F)(F)F)cc4)cc(-c4ccn[nH]4)c3n21,4.30103,4.6441636,-0.34313345
C[C@@H]1COCc2nc3cc(C(=O)Nc4ccc(OC(F)(F)F)cc4)cc(-c4ccn[nH]4)c3n21,4.376751,5.0809445,-0.7041936
C[C@H](CC#N)n1cnc2cc(C(=O)Nc3ccc(OC(F)(F)Cl)cc3)cc(-c3cncnc3)c21,4.6382723,3.9941897,0.64408255
Cn1c(C2CC2)nc2cc(C(=O)Nc3ccc(OC(F)(F)Cl)cc3)cc(-c3cncnc3)c21,5.2596374,4.965577,0.29406023
CC(C)n1c([C@H](C)O)nc2cc(C(=O)Nc3ccc(OC(F)(F)Cl)cc3)cc(-c3cncnc3)c21,7.017729,7.176921,-0.15919209
CC(C)n1c([C@H](C)O)nc2cc(C(=O)Nc3ccc(OC(F)(F)Cl)cc3)cc(-c3cccnn3)c21,3.5192602,4.3163896,-0.7971294
C[C@@H](C(F)F)n1cnc2cc(C(=O)Nc3ccc(OC(F)(F)Cl)cc3)cc(-c3cncnc3)c21,7.29243,6.56653,0.7258997
C[C@@H](CO)n1cnc2cc(C(=O)Nc3ccc(OC(F)(F)Cl)cc3)cc(-c3cncnc3)c21,5.1870866,5.680563,-0.4934764
C[C@H]1COCc2nc3cc(C(=O)Nc4ccc(OC(F)(F)F)cc4)cc(-c4cncnc4)c3n21,6.221849,6.414025,-0.19217587
C[C@@H]1COCc2nc3cc(C(=O)Nc4ccc(OC(F)(F)F)cc4)cc(-c4cncnc4)c3n21,4.47237,4.069919,0.40245104
O=C(Nc1ccc(OC(F)(F)Cl)cc1)c1cc(-c2cncnc2)c2c(c1)ncn2[C@H]1C[C@@H](F)C1,5.6382723,5.325258,0.3130145
CC(=O)N1CCC(COc2cc(F)c3c(=O)[nH]c(NCC4CCN(C(=O)c5ccccn5)CC4)nc3c2)CC1,6.5850267,5.9894876,0.5955391
COC[C@@H](C)n1cnc2cc(C(=O)Nc3ccc(OC(F)(F)Cl)cc3)cc(-c3cncnc3)c21,7.1487417,6.5250034,0.6237383
Cn1c(CO)nc2cc(C(=O)Nc3ccc(OC(F)(F)Cl)cc3)cc(-c3cncnc3)c21,5.958607,5.741256,0.21735096
CC(C)n1c([C@H](C)O)nc2cc(C(=O)Nc3ccc(OC(F)(F)Cl)cc3)cc(-c3ccn[nH]3)c21,7.042872,7.8460636,-0.80319166
CCn1c([C@@H](C)O)nc2cc(C(=O)Nc3ccc(OC(F)(F)Cl)cc3)cc(-c3ccn[nH]3)c21,5.7746906,5.240143,0.5345478
CCOc1nc2cc(C(=O)Nc3ccc(OC(F)(F)Cl)cc3)cc(-c3cncnc3)c2n1C(C)C,7.6716204,8.059221,-0.3876009
O=C(Nc1ccc(OC(F)(F)Cl)cc1)c1cc(-c2cncnc2)c2c(c1)nc1n2[C@H](CO)CO1,6.167491,5.1209307,1.0465603
CS(=O)(=O)Nc1ccc(-c2cn([C@@H]3CN[C@H](C(=O)Nc4ccc(Cl)c(C(F)(F)F)c4)C3)nn2)cn1,7.055517,6.6904564,0.3650608
CCn1cnc2cc(C(=O)Nc3ccc(OC(F)(F)Cl)cc3)cc(-c3ccn[nH]3)c21,8.769551,8.541244,0.22830772
C[C@@H](CF)n1cnc2cc(C(=O)Nc3ccc(OC(F)(F)Cl)cc3)cc(-c3cncnc3)c21,5.455932,4.277359,1.1785731
O=C(Nc1ccc(OC(F)(F)Cl)cc1)c1cc(-c2cccnn2)c2c(c1)ncn2CC(F)F,4.1643095,5.066752,-0.90244246
C[C@H](C(F)F)n1cnc2cc(C(=O)Nc3ccc(OC(F)(F)Cl)cc3)cc(-c3ccnnc3)c21,9.1549015,9.298287,-0.14338589
Cc1nc(Nc2ncc(C(=O)Nc3c(C)cccc3Cl)s2)cc(C2CCN(C(=O)OC(C)C)C2)n1,5.2196827,5.830257,-0.61057425
O=C(Nc1ccc(OC(F)(F)F)cc1)c1cnc(N2CCCC2)c(-c2ccc(CO)nc2)c1,4.30103,4.0929465,0.20808363
CC(C)(C)n1cnc2cc(C(=O)Nc3ccc(OC(F)(F)Cl)cc3)cc(-c3cncnc3)c21,6.958607,6.4818254,0.47678185
Cc1cccc(Cl)c1NC(=O)c1cnc(NC(=O)c2ccc(CN3CCN(C)CC3)cc2)s1,6.90309,6.6391397,0.26395035
N#Cc1ncc(F)cc1-c1cc(C(=O)Nc2ccc(OC(F)(F)Cl)cc2)cnc1N1CC[C@@H](O)C1,7.468521,7.6758537,-0.20733261
Cc1nc(Nc2ncc(C(=O)Nc3c(C)cccc3Cl)s2)cc(C2CCN(C(=O)Oc3ccccc3)C2)n1,5.7212462,4.909606,0.81164026
O=C(Nc1ccc(OC(F)(F)Cl)cc1)c1cnc(N2C[C@H](O)[C@@H](F)C2)c(-c2ccn[nH]2)c1,4.2839966,4.168744,0.115252495
O=C(Nc1ccc(OC(F)(F)Cl)cc1)c1cc(-c2cncnc2)c2c(c1)ncn2CC(F)F,5.0,5.8148108,-0.81481075
CC(C)n1cnc2cc(C(=O)Nc3ccc(OC(F)(F)Cl)cc3)c(F)c(-c3cncnc3)c21,5.221849,4.287462,0.93438673
O=C(Nc1ccc(OC(F)(F)Cl)cc1)c1ccc(N2CC[C@@H](O)C2)c(-c2cncnc2)c1,6.2596374,5.477927,0.78171015
N[C@@H]1[C@H]2CN(c3ncc(C(=O)Nc4ccc(OC(F)(F)Cl)cc4)cc3-c3cncnc3)C[C@@H]12,3.8239088,3.634756,0.18915272
Cc1nc(N=C2NCC(C(=O)Nc3c(C)cccc3Cl)S2)cc(N2CCN(CCO)CC2)n1,5.0,4.621397,0.37860298
Cc1cccc(C)c1/C=C/n1cnc2c(Nc3ccc(P(C)(C)=O)cc3)nc(Oc3cccnc3)nc21,6.4907975,7.617174,-1.1263766
O=C(Nc1ccc(C(F)(F)C(F)(F)F)cc1)c1cnc(N2CC[C@@H](O)C2)c(-c2cncc(F)c2)c1,4.69897,4.466211,0.232759
Nc1ncc(-c2cc(C(=O)Nc3ccc(OC(F)(F)Cl)cc3)cnc2N2CC[C@@H](O)C2)cc1F,7.3467875,6.088924,1.2578635
O=C(Nc1ccc(SC(F)(F)F)c(F)c1)c1cnc(N2CC[C@@H](O)C2)c(-c2cncc(F)c2)c1,4.876148,3.8172426,1.0589056
CCN(CCO)c1ncc(C(=O)Nc2ccc(OC(F)(F)Cl)cc2)cc1-c1cncc(F)c1,7.6777806,8.101623,-0.42384195
O=C(Nc1ccc(OC(F)(F)F)cc1)c1cnc(N2CC[C@@H](O)C2)c(-c2cncs2)c1,4.2742515,3.8497741,0.42447734
NC12CC1CN(c1ncc(C(=O)Nc3ccc(OC(F)(F)Cl)cc3)cc1-c1cncnc1)C2,6.0,5.8900337,0.10996628
O=C(Nc1ccc(OC(F)(F)Cl)cc1)c1cnc(N2CC[C@@H](O)C2)c(-c2cc[nH]n2)c1,6.0925884,5.386495,0.7060933
CC(C)n1cnc2cc(C(=O)Nc3ccc(OC(F)(F)Cl)cc3)c(F)c(Br)c21,4.7695513,4.218439,0.5511122
O=C(Nc1ccc(SC(F)(F)F)cc1)c1cnc(N2CC[C@H](CO)C2)c(-c2cncc(F)c2)c1,5.7447276,4.184787,1.5599408
CCNC(=O)Nc1nc2ccc(-c3ccncc3OC)cc2s1,8.69897,8.707591,-0.008621216
O=C(Nc1ccc(OC(F)(F)Cl)cc1)c1cc(-c2cccnn2)c2c(c1)nc1n2CC[C@H](O)C1,4.723607,4.0132422,0.7103648
COc1ccc(Cn2ncc(F)c2-c2cc(C(=O)Nc3ccc(OC(F)(F)Cl)cc3)cc3ncn(C4CC4)c23)cc1,5.5867004,4.468891,1.1178093
Cc1nc2cc(C(=O)Nc3ccc(OC(F)(F)Cl)cc3)cc(-c3cncnc3)c2n1[C@H](C)CO,5.1739254,4.935749,0.23817635
C[C@@H]1CCOc2nc3cc(C(=O)Nc4ccc(OC(F)(F)Cl)cc4)cc(-c4ccnnc4)c3n21,6.8477116,7.7179756,-0.87026405
Cc1c(F)cncc1-c1cc2cnc(NC(=O)C3CC3)cc2n(C)c1=O,4.4539514,3.8068583,0.64709306
O=C(Nc1ccc(OC(F)(F)Cl)cc1)c1cc(-c2cncnc2)c2c(c1)ncn2C1CCCC1,4.30103,4.0124884,0.2885418
O=C(Nc1ccc(OC(F)(F)Cl)cc1)c1cc(-c2[nH]ncc2F)c2c(c1)ncn2C1CC1,5.6382723,4.3045626,1.3337097
COc1ccccc1-c1c[nH]c2ncc(-c3ccc(N)c(C(=O)N(C)C)c3)cc12,9.337242,9.019317,0.31792545
COc1ncc(-c2cc(C(=O)Nc3ccc(OC(F)(F)Cl)cc3)cc3ncn(C4CC4)c23)cn1,6.8041005,6.323527,0.48057365
C[C@@H]1COCc2nc3cc(C(=O)Nc4ccc(OC(F)(F)Cl)cc4)cc(-c4cnoc4)c3n21,5.6777806,4.899672,0.7781086
CC(C)n1cnc2cc(C(=O)Nc3ccc(OC(F)(F)Cl)cc3)cc(-c3ccn[nH]3)c21,5.725842,4.4575186,1.2683234
Cc1ccc(C(=O)Nc2ccc(CN3CCN(C)CC3)c(C(F)(F)F)c2)cc1-n1cc(-c2cnc3ccccn23)nn1,5.30103,4.1782217,1.1228085
COc1ccc(C(=O)Nc2ccc(OCCCN(C)C)cc2)cc1Nc1nccc(-c2cccnc2)n1,5.6382723,5.296641,0.3416314
Cc1ccc(C(=O)Nc2ccc(CN3CC[C@H](N(C)C)C3)c(C(F)(F)F)c2)cc1-n1cc(-c2cnc3[nH]ncc3c2)nn1,3.4317982,3.1084316,0.32336664
CC1(n2cnc3cc(C(=O)Nc4ccc(OC(F)(F)Cl)cc4)cc(-c4cncnc4)c32)CC1,7.0,6.3999424,0.6000576
O=C(Nc1ccc(OC(F)(F)Cl)cc1)c1cc(-c2cncnc2)c2c(c1)ncn2C1(CO)CC1,6.2596374,5.8525224,0.40711498
C[C@@H](CF)n1c(C(F)F)nc2cc(C(=O)Nc3ccc(OC(F)(F)Cl)cc3)cc(-c3ccn[nH]3)c21,7.2676063,5.4348807,1.8327255
Cc1ccc(C(=O)Nc2ccc(CN3CCN(C)CC3)c(C(F)(F)F)c2)cc1-n1cc(-c2cnc3[nH]nc(C)c3c2)nn1,6.0,5.156539,0.84346104
CC(C)n1c(C(F)F)nc2cc(C(=O)Nc3ccc(OC(F)(F)Cl)cc3)cc(-c3cccnn3)c21,8.0,7.9043064,0.09569359
CC[C@@H]1COCc2nc3cc(C(=O)Nc4ccc(OC(F)(F)Cl)cc4)cc(-c4ccn[nH]4)c3n21,9.337242,9.326976,0.010266304
C[C@H](CF)n1c(C(F)F)nc2cc(C(=O)Nc3ccc(OC(F)(F)Cl)cc3)cc(-c3cncnc3)c21,8.142668,6.6887765,1.4538913
CNc1ncc(-c2cn(-c3cc(C(=O)Nc4ccc(CN5CCN(C)CC5)c(C(F)(F)F)c4)ccc3C)nn2)cn1,4.7695513,5.5060544,-0.7365031
O=C(Nc1ccc(OC(F)(F)Cl)cc1)c1cc(-c2ccn[nH]2)c2c(c1)nc1n2CCCC1,4.5228786,4.885006,-0.3621273
CC(C)n1c(C(F)F)nc2cc(C(=O)Nc3ccc(OC(F)(F)Cl)cc3)cc(-c3ccn[nH]3)c21,4.8370476,4.4668097,0.37023783
CN[C@@H](C)C(=O)N[C@H](C(=O)N1CCC[C@H]1c1nc(C(=O)c2cccc(OCCCOCC(=O)N3CCN(c4cc(Nc5ncc(C(=O)Nc6c(C)cccc6Cl)s5)nc(C)n4)CC3)c2)cs1)C1CCCCC1,5.2596374,4.8203077,0.43932962
O=C(Nc1ccc(OC(F)(F)Cl)cc1)c1cc(-c2cncnc2)c2c(c1)ncn2C1CCOC1,5.5228786,4.0680885,1.4547901
CCn1c([C@H](C)O)nc2cc(C(=O)Nc3ccc(OC(F)(F)Cl)cc3)cc(-c3cncnc3)c21,6.0,5.4523764,0.54762363
O=C(Nc1ccc(OC(F)(F)Cl)cc1)c1cc(-c2cccnn2)c2c(c1)nc1n2CC[C@@H](O)C1,9.1549015,8.669599,0.48530293
COc1cc(-c2cc(C)cc(C)c2)cc([C@@H](C)C#Cc2c(C)nc(N)nc2N)c1,4.225483,3.9055614,0.3199215
C[C@H]1OCC[C@H]1n1cnc2cc(C(=O)Nc3ccc(OC(F)(F)Cl)cc3)cc(-c3cncnc3)c21,5.411168,5.607023,-0.19585466
C[C@@H]1COCc2nc3cc(C(=O)Nc4ccc(OC(F)(F)Cl)cc4)cc(-c4nccs4)c3n21,6.0,5.3168793,0.6831207
C[C@H](CO)n1cnc2cc(C(=O)Nc3ccc(OC(F)(F)Cl)cc3)cc(-c3cccnn3)c21,7.124939,6.076424,1.0485148
C[C@H](n1cnc2cc(C(=O)Nc3ccc(OC(F)(F)Cl)cc3)cc(-c3cncnc3)c21)C(C)(C)O,9.207608,8.980897,0.22671127
C[C@@H](CF)n1cnc2cc(C(=O)Nc3ccc(OC(F)(F)Cl)cc3)cc(-c3ccn[nH]3)c21,7.0649967,5.951441,1.1135559
C[C@@H]1COc2nc3c(n21)C(C1CC=CN=N1)=CC(C(=O)Nc1ccc(OC(F)(F)Cl)cc1)C3,7.39794,4.8618183,2.5361218
C[C@@H]1COc2nc3cc(C(=O)Nc4ccc(OC(F)(F)Cl)cc4)cc(-c4cccnn4)c3n21,6.756962,5.7835226,0.9734392
C[C@@H]1CSc2nc3cc(C(=O)Nc4ccc(OC(F)(F)Cl)cc4)cc(-c4ccn[nH]4)c3n21,7.0457573,5.6198244,1.4259329
O=C(Nc1ccc(OC(F)(F)Cl)cc1)c1cc(-c2cncnc2)c2c(c1)nc1n2[C@H](CO)CCO1,4.2612195,3.6365905,0.624629
CCn1c(C(F)F)nc2cc(C(=O)Nc3ccc(OC(F)(F)Cl)cc3)cc(-c3cccnn3)c21,4.90309,3.9129798,0.99011016
CC(C)n1cnc2cc(C(=O)Nc3ccc(OC(F)(F)Cl)cc3)cc(-c3cccnn3)c21,7.2006593,6.2137914,0.9868679
C[C@H](CF)n1c(C(F)F)nc2cc(C(=O)Nc3ccc(OC(F)(F)Cl)cc3)cc(-c3ccn[nH]3)c21,6.400057,5.2511826,1.1488743
O=C(Nc1ccc(OC(F)(F)Cl)cc1)c1cc(-c2cncnc2)c2c(c1)ncn2[C@H]1C[C@H](O)C1,6.7851562,7.6061873,-0.8210311
CN1CCN(Cc2ccc(NC(=O)c3cccc(C#Cc4cnc5[nH]ncc5c4)c3)cc2C(F)(F)F)CC1,4.30103,4.8959575,-0.5949273
C[C@@H]1Cn2c(nc3cc(C(=O)Nc4ccc(OC(F)(F)Cl)cc4)cc(-c4cncnc4)c32)CO1,4.30103,4.3618727,-0.060842514
CC(C)(CO)n1cnc2cc(C(=O)Nc3ccc(OC(F)(F)Cl)cc3)cc(-c3cncnc3)c21,6.860121,6.562067,0.29805374
COC(=O)c1cc(-c2cncnc2)c2c(c1)ncn2C(C)(C)COC(OC)OC,5.4000077,4.2207403,1.1792674
O=C(Nc1ccc(OC(F)(F)Cl)cc1)c1cc(-c2cncnc2)c2c(c1)ncn2CC1CC1,5.707744,4.689683,1.0180612
CC(C)n1c(C(F)F)nc2cc(C(=O)Nc3ccc(OC(F)(F)Cl)cc3)cc(-c3ccnnc3)c21,7.161151,8.312196,-1.1510448
C[C@@H]1COCc2nc3cc(C(=O)Nc4ccc(OC(F)(F)Cl)cc4)cc(-c4cc(C#N)n[nH]4)c3n21,4.5734887,5.16042,-0.5869312
COc1cccc(NC(=O)N(CCCCC2CCCCC2)CCc2ccc(SC(C)(C)C(=O)O)cc2)c1,4.221849,4.443017,-0.22116804
CC(C)n1cnc2cc(C(=O)Nc3ccc(OC(F)(F)Cl)cc3)cc(-c3cncs3)c21,8.958608,8.751159,0.20744896
N#Cc1cncc(-c2cc(C(=O)Nc3ccc(OC(F)(F)Cl)cc3)cnc2N2CC[C@H](CO)C2)c1,6.0,5.3404384,0.65956163
O=C(Nc1ccc(SC(F)(F)Cl)cc1)c1cnc(N2CC[C@@H](O)C2)c(-c2cncc(F)c2)c1,6.320572,4.0390477,2.2815242
Cc1ccc(-c2cc(C(=O)Nc3ccc(OC(F)(F)F)cc3)cnc2N2CC[C@H](CO)C2)cn1,4.4282913,4.3795934,0.04869795
O=C(Nc1ccc(OC(F)(F)F)cc1)c1ccc(N2C[C@H](CO)[C@@H](O)C2)c(-c2cncs2)c1,8.0,5.79541,2.2045898
Cc1ccc(C(=O)Nc2ccc(CN3CCN(C)CC3)c(C(F)(F)F)c2)cc1-n1cc(-c2cnc3[nH]ncc3c2)nn1,6.2612195,6.084998,0.17622137
O=C(Nc1ccc(OC(F)(F)F)cc1)c1cnc(N2CC[C@H](CO)C2)c(-c2cncc(F)c2)c1,6.8860564,5.774378,1.1116786
CCN(CCO)c1ncc(C(=O)Nc2ccc(OC(F)(F)Cl)cc2)cc1-c1cncnc1,4.154902,3.5627759,0.59212613
COc1cc2ncc(-c3cccc(NC4CCNC4)n3)n2cc1-c1cnn(C)c1,9.148742,8.918083,0.23065853
C[C@@H]1COc2nc3c(n21)C(c1ccn[nH]1)=CC(C(=O)Nc1ccc(OC(F)(F)Cl)cc1)C3,5.0,4.219027,0.78097296
O=C(Nc1ccc(OC(F)(F)Cl)cc1)c1cnc(N2CC[C@@H](CO)[C@@H](O)C2)c(-c2cncnc2)c1,5.5883803,4.701723,0.88665724
O=C(Nc1ccc(OC(F)(F)Cl)cc1)c1ccc(N2C[C@H](O)[C@@H](O)C2)c(-c2cncnc2)c1,9.39794,8.876182,0.5217581
Cc1ncc(-c2cc(C(=O)Nc3ccc(OC(F)(F)F)cc3)cnc2N2CC[C@@H](O)C2)cc1F,7.19382,6.947095,0.24672508
Cc1c(O)cccc1-c1ccc2nc(NC(=O)[C@@H]3C[C@@H]3F)sc2c1,7.1426673,6.339201,0.8034663
NCC1CN(c2ncc(C(=O)Nc3ccc(OC(F)(F)F)cc3)cc2-c2cncc(F)c2)CC1O,8.21467,7.031527,1.1831431
N[C@H]1CN(c2ccc(C(=O)Nc3ccc(OC(F)(F)Cl)cc3)cc2-c2cncc(F)c2)C[C@@H]1O,4.0,4.0436935,-0.043693542
O=C(Nc1ccc(OC(F)(F)F)cc1)c1cnc(N2CCC[C@H](O)C2)c(-c2cncnc2)c1,6.69897,6.4102325,0.2887373
CC(C)n1c(C(F)F)nc2cc(C(=O)Nc3ccc(OC(F)(F)Cl)cc3)cc(-c3cncnc3)c21,5.6540384,3.9943924,1.659646
O=C(Nc1ccc(OC(F)(F)F)cc1)c1cnc(N2CC[C@@H](O)C2)c(-c2cccnc2)c1,8.1549015,9.142193,-0.98729134
NCC1CN(c2ncc(C(=O)Nc3ccc(OC(F)(F)Cl)cc3)cc2-c2cncc(F)c2)CC1O,4.7999983,4.43781,0.36218834
O=C(Nc1nc2ccc(-c3cn([C@@H]4CN[C@H](C(=O)Nc5ccc(Cl)cc5Cl)C4)nn3)nc2s1)C1CC1,5.6575775,4.973671,0.68390656
Cc1ncccc1-c1cc(C(=O)Nc2ccc(OC(F)(F)Cl)cc2)cnc1N1CC[C@@H](O)C1,4.1426673,4.0638466,0.078820705
O=C(Nc1ccc(OC(F)(F)Cl)cc1)c1cnc(N2C[C@@H](O)[C@@H](O)C2)c(-c2cncc(F)c2)c1,5.8860564,5.4407125,0.44534397
Cc1nc(Nc2ncc(C(=O)Nc3c(C)cccc3Cl)s2)cc(C2CCN(C(=O)OCC(C)C)C2)n1,5.703335,5.4349456,0.26838923
O=C(Nc1ccc(OC(F)(F)Cl)cc1)c1cc(-c2cncnc2)c2c(c1)ncn2C1CC[C@H]1O,9.346787,9.188666,0.15812111
COc1cc(-c2ccc(C)cc2)cc([C@@H](C)C#Cc2c(C)nc(N)nc2N)c1,5.0,4.86777,0.1322298
COc1ncc(-c2cc(C(=O)Nc3ccc(OC(F)(F)Cl)cc3)cc3ncn(C(C)C)c23)cn1,5.0,5.138589,-0.1385889
C[C@@H](CC#N)n1cnc2cc(C(=O)Nc3ccc(OC(F)(F)Cl)cc3)cc(-c3cncnc3)c21,6.0,4.7261677,1.2738323
Cc1nc(Nc2ncc(C(=O)Nc3c(C)cccc3Cl)s2)cc(N2CCN(C(=O)OCc3ccccc3)CC2)n1,4.665526,4.9966183,-0.33109236
O=C(Nc1ccc(OC(F)(F)Cl)cc1)c1cc(-c2ccn[nH]2)c2c(c1)nc1n2C[C@H](O)CC1,7.2680087,5.066523,2.2014856
C[C@@H](C1CC1)n1cnc2cc(C(=O)Nc3ccc(OC(F)(F)Cl)cc3)cc(-c3cncnc3)c21,4.5543957,4.512457,0.04193878
O=C(Nc1ccc(OC(F)(F)Cl)cc1)c1cc(-c2cncnc2)c2c(c1)nc1n2CCS(=O)(=O)C1,4.30103,3.7158084,0.58522177
O=C(Nc1ccc(OC(F)(F)Cl)cc1)c1cc(Br)c2c(c1)nc1n2CCS(=O)(=O)C1,9.30103,9.316266,-0.015235901
C[C@H](C(F)F)n1cnc2cc(C(=O)Nc3ccc(OC(F)(F)Cl)cc3)cc(-c3cccnn3)c21,5.876148,4.5934315,1.2827168
C[C@@H](O)Cn1cnc2cc(C(=O)Nc3ccc(OC(F)(F)Cl)cc3)cc(-c3cncnc3)c21,5.2596374,4.8617125,0.3979249
CC(C)c1nc2cc(C(=O)Nc3ccc(OC(F)(F)Cl)cc3)cc(-c3cncnc3)c2n1C,7.387216,7.6912975,-0.30408144
O=C(Nc1ccc(OC(F)(F)Cl)cc1)c1cc(-c2ccn[nH]2)c2c(c1)nc1n2CCC[C@H]1O,4.876148,3.946721,0.92942715
CC(C)n1cnc2cc(C(=O)Nc3ccc(OC(F)(F)Cl)cc3)cc(-n3cnc(C4CC4)c3)c21,7.920819,6.475333,1.4454856
O=C(Nc1ccc(OC(F)(F)Cl)cc1)C1C=C(c2ccn[nH]2)c2c(nc3n2CCC[C@H]3O)C1,8.30103,9.15653,-0.8555002
COc1ccc(Cl)c(Nc2c(C#N)cnc3cc(OC)c(OC)cc23)c1,6.0,4.705573,1.2944269
O=C(Cn1cnc2cc(C(=O)Nc3ccc(OC(F)(F)Cl)cc3)cc(-c3cncnc3)c21)NC1CC1,9.244125,9.313922,-0.06979656
O=C(Nc1ccc(OC(F)(F)Cl)cc1)c1cnc(N2CCN(CC(F)(F)F)CC2)c(-c2ccn[nH]2)c1,4.0264935,3.559032,0.4674616
COCCN1CCN(CC2C=CC(NC(=O)c3ccc(C)c(C#Cc4cnc5cccnn45)c3)=CC2C2CC2)CC1,5.0,5.0753317,-0.07533169
CC(C)n1cnc2cc(C(=O)Nc3ccc(OC(F)(F)Cl)cc3)cc(-c3n[nH]cc3O)c21,8.522879,9.092939,-0.57006073
O=C(Nc1ccc(OC(F)(F)Cl)cc1)C1C=C(c2ccn[nH]2)c2c(nc3n2C[C@H](O)CO3)C1,8.769551,8.562178,0.20737362
O=C(Nc1ccc(-c2cn([C@@H]3CN[C@H](C(=O)Nc4ccc(Cl)c(C(F)(F)F)c4)C3)nn2)cn1)C1CC1,8.522879,8.890126,-0.36724758
CC(C)n1cnc2cc(C(=O)Nc3ccc(OC(F)(F)Cl)cc3)cc(-c3n[nH]cc3C#N)c21,4.47237,4.314761,0.15760899
O=C(Nc1ccc(OC(F)(F)Cl)cc1)c1cc(-c2cncnc2)c2c(c1)nc1n2CCC[C@H]1O,6.4145393,5.226468,1.1880713
CCCCOC(=O)N1CCC(c2cc(Nc3ncc(C(=O)Nc4c(C)cccc4Cl)s3)nc(C)n2)C1,5.180456,5.437981,-0.25752497
O=C(Nc1ccc(OC(F)(F)Cl)cc1)c1cc(-c2cccnn2)c2c(c1)nc1n2CCC[C@H]1O,5.134,5.372056,-0.23805618
Cc1nc2cc(C(=O)Nc3ccc(OC(F)(F)Cl)cc3)cc(-c3cccnn3)c2n1[C@H](C)CO,7.823909,6.488887,1.335022
O=C(Nc1ccc(OC(F)(F)F)cc1)c1cnc(N2C[C@H](CO)[C@@H](O)C2)c(-c2cncc(F)c2)c1,4.595166,4.3818126,0.21335363
N#Cc1ccc(-c2cc(C(=O)Nc3ccc(OC(F)(F)F)cc3)cnc2N2CC[C@@H](O)C2)[nH]1,8.522879,8.932029,-0.40915012
CCN(CCO)c1ncc(C(=O)Nc2ccc(SC(F)(F)F)cc2)cc1-c1cncc(F)c1,5.2596374,4.849125,0.41051245
CN1CCN(Cc2ccc(NC(=O)c3ccc(Br)c(-n4cc(-c5cnc6[nH]ncc6c5)nn4)c3)cc2C(F)(F)F)CC1,6.2596374,7.022746,-0.76310873
N#Cc1ccc(-c2cc(C(=O)Nc3ccc(OC(F)(F)Cl)cc3)cnc2N2CC[C@@H](O)C2)[nH]1,6.30103,5.8894606,0.4115696
N#Cc1cncc(-c2cc(C(=O)Nc3ccc(OC(F)(F)F)cc3)cnc2N2CC[C@H](CO)C2)c1,4.30103,3.6626558,0.6383743
N#Cc1cc(F)cc(-c2cc(C(=O)Nc3ccc(OC(F)(F)Cl)cc3)cnc2C2CC[C@@H](O)N2)c1,4.0457573,4.423857,-0.37809992
O=C(Nc1ccc(OC(F)(F)Cl)cc1)c1cnc(N2CC[C@@H](O)C2)c(-c2[nH]ncc2F)c1,7.154902,6.6928015,0.4621005
Cc1ncc(-c2cc(C(=O)Nc3ccc(OC(F)(F)F)cc3)cnc2N2CC[C@H](CO)C2)cc1F,3.90309,3.432334,0.47075605
O=C(Nc1ccc(OC(F)(F)Cl)cc1)c1cc(-c2ccnnc2)c2c(c1)nc1n2[C@H](CO)COC1,5.2596374,5.226777,0.03286028
O=C(Nc1ccc(OC(F)(F)Cl)cc1)c1ccc(N2C[C@H](O)[C@@H](O)C2)c(-c2ccn[nH]2)c1,6.206908,5.8075027,0.39940548
O=C(Nc1ccc(OC(F)(F)Cl)cc1)c1cnc(N2CCC(O)CC2)c(-c2ccn[nH]2)c1,4.026341,3.4995785,0.5267625
CO[C@H]1CN(c2ncc(C(=O)Nc3ccc(OC(F)(F)Cl)cc3)cc2-c2ccn[nH]2)C[C@@H]1N,7.79588,6.424013,1.3718667
O=C(Nc1ccc(OC(F)(F)F)c(F)c1)c1cnc(N2CC[C@H](CO)C2)c(-c2cncc(F)c2)c1,4.8268137,4.200857,0.62595654
Cc1nc2[nH]ccc2cc1-c1ccn2nc(NC(=O)[C@@H]3C[C@@H]3F)cc2c1,4.7999983,4.463316,0.33668232
CC(C1COC1)n1cnc2cc(C(=O)Nc3ccc(OC(F)(F)Cl)cc3)cc(-c3cncnc3)c21,7.455932,5.4417486,2.0141835
CC(C)n1cnc2cc(C(=O)Nc3ccc(OC(F)(F)Cl)cc3)cc(C(=O)NC3CC3)c21,3.20412,4.317026,-1.1129062
O=C(Nc1ccc(OC(F)(F)Cl)cc1)c1cc(-c2cncnc2)c2c(c1)ncn2[C@H]1COC[C@H]1O,6.0,5.8881845,0.11181545
O=C(Nc1cc2cc(-c3cnc4[nH]ccc4c3)ccn2n1)[C@@H]1C[C@@H]1F,8.0,7.954,0.046000004
CC(C)n1cnc2cc(C(=O)Nc3ccc(OC(F)(F)Cl)cc3)cc(-n3cnnc3)c21,9.0,9.010087,-0.010087013
COc1ccc(CNc2cc(C(=O)Nc3ccc(OC(F)(F)Cl)cc3)cc3ncn(C(C)C)c23)cc1,4.5850267,4.453425,0.13160181
Cc1ccc(C(=O)Nc2ccc(CN3CCCC3)c(C(F)(F)F)c2)cc1-n1cc(-c2cnc3[nH]ncc3c2)nn1,7.39794,6.513361,0.8845792
CCn1c(OC)nc2cc(C(=O)Nc3ccc(OC(F)(F)Cl)cc3)cc(-c3cccnn3)c21,4.5228786,4.7563925,-0.23351383
O=C(Nc1ccc(OC(F)(F)Cl)cc1)c1cc(-c2ccn[nH]2)c2c(c1)nc1n2[C@H](CO)COC1,5.014125,5.2474685,-0.2333436
O=C(Nc1ccc(OC(F)(F)Cl)cc1)C1C=C(c2ccn[nH]2)c2c(nc3n2[C@H](CO)COC3)C1,4.7212462,4.2231483,0.4980979
CNC(=O)c1cc(Oc2ccc(NC(=O)Nc3cc(C(C)(C)C)nn3-c3ccc4ncccc4c3)c(F)c2)ccn1,4.636388,4.385866,0.25052166
O=C(C1CC1)N1CCC(CNc2nc3cc(OCC4CC4)cc(F)c3c(=O)[nH]2)CC1,4.2136035,3.5637286,0.6498749
Cc1ccc(C(=O)Nc2ccc(CN3CCN(C)CC3)c(C(F)(F)F)c2)cc1C#Cc1cnc2[nH]nc(C)c2c1,5.4881167,3.869831,1.6182857
CC(=O)N1CCC(COc2cc(F)c3c(=O)[nH]c(NCC4CCOCC4)nc3c2)CC1,4.696804,4.9733467,-0.27654266
C[C@@H]1COCc2nc3cc(C(=O)Nc4ccc(OC(F)(F)Cl)cc4)cc(-c4[nH]ncc4C#N)c3n21,4.453371,5.0298643,-0.57649326
COc1cc(Nc2c(C#N)cnc3cc(OC)c(OC)cc23)c(Cl)cc1Cl,9.522879,9.00242,0.5204582
O=C(Nc1ccc(OC(F)(F)Cl)cc1)c1cc(-c2ccn[nH]2)c2c(c1)nc1n2CCC[C@@H]1O,8.0,7.792005,0.20799494
CC(C)n1c(C(F)F)nc2cc(C(=O)Nc3ccc(OC(F)(F)Cl)cc3)cc(-c3cscn3)c21,7.245271,7.1753807,0.0698905
CCc1ccccc1-c1ccc2nc(NC(=O)NCCN(C)C)sc2c1,4.604167,4.7602425,-0.15607548
C[C@@H]1COCc2nc3cc(C(=O)Nc4ccc(OC(F)(F)Cl)cc4)cc(-c4cc(C5CC5)n[nH]4)c3n21,6.9172144,6.5331535,0.38406086
COC[C@H](C)n1cnc2cc(C(=O)Nc3ccc(OC(F)(F)Cl)cc3)cc(-c3cncnc3)c21,9.443698,9.159589,0.28410912
CC(C)c1nc2c(-c3cncnc3)cc(C(=O)Nc3ccc(OC(F)(F)Cl)cc3)cc2n1C,6.0,5.824835,0.17516518
O=C(Nc1ccc(OC(F)(F)Cl)cc1)c1cc(-c2cncnc2)c2c(c1)ncn2C[C@H]1CCCO1,8.508638,7.841256,0.66738224
Cc1ccc(C(=O)Nc2ccc(CN3CCN(C)CC3)c(C(F)(F)F)c2)cc1-n1cc(-c2cnc(N)nc2)nn1,6.7695513,5.654252,1.1152992
O=C(Nc1ccc(OC(F)(F)Cl)cc1)c1cc(-c2cncnc2)c2[nH]cnc2c1,4.30103,4.5007253,-0.19969511
CO[C@H]1CN(c2ncc(C(=O)Nc3ccc(OC(F)(F)Cl)cc3)cc2-c2cncc(F)c2)C[C@@H]1N,4.026383,3.4342337,0.59214926
CC(C)n1cnc2cc(C(=O)Nc3ccc(OC(F)(F)Cl)cc3)cc(-c3cnn[nH]3)c21,7.200315,7.1433926,0.056922436
N#Cc1ccncc1-c1cc(C(=O)Nc2ccc(OC(F)(F)Cl)cc2)cnc1N1C[C@H](O)[C@@H](O)C1,8.481486,7.841256,0.6402302
O=C(Nc1ccc(OC(F)(F)F)cc1)c1cnc(N2CC[C@@H](O)C2)c(-c2cnccc2F)c1,3.30103,4.9282084,-1.6271784
CN(CCO)c1ncc(C(=O)Nc2ccc(OC(F)(F)Cl)cc2)cc1-c1cncnc1,5.6382723,4.5865617,1.0517106
Cc1ccc(-c2cc(C(=O)Nc3ccc(OC(F)(F)F)cc3)cnc2N2CC[C@@H](O)C2)cn1,6.304518,7.3652344,-1.0607162
Cc1ccc(-c2cc(C(=O)Nc3ccc(OC(F)(F)F)cc3)cnc2N2CC[C@H](O)C2)cn1,7.075721,5.4012585,1.6744623
CCN(CCO)c1ncc(C(=O)Nc2ccc(OC(F)(F)Cl)cc2)cc1-c1cncc(C#N)c1,5.747147,5.3494453,0.39770174
N#Cc1cncc(-c2cc(C(=O)Nc3ccc(C(F)(F)C(F)(F)F)cc3)cnc2N2CC[C@@H](O)C2)c1,7.2024174,7.841096,-0.63867855
O=C(Nc1ccc(OC(F)(F)F)cc1)c1ccc(N2CC[C@@H](O)C2)c(-c2cncs2)c1,5.0,6.0392694,-1.0392694
O=C(Nc1ccc(OC(F)(F)F)cc1)c1cnc(N2CC[C@@H](O)C2)c(-c2ccc(CO)nc2)c1,6.2456517,5.8341045,0.41154718
Cc1cc(-c2cc(C(=O)Nc3ccc(OC(F)(F)Cl)cc3)ccc2N2C[C@H](N)[C@@H](O)C2)[nH]n1,5.0,5.832307,-0.83230686
O=C(Nc1ccc(OC(F)(F)F)cc1)c1cnc(N2CCCC2)c(-c2ccn[nH]2)c1,5.60206,3.5397425,2.0623174
C[C@@H]1COCc2nc3cc(C(=O)Nc4ccc(OC(F)(F)Cl)cc4)cc(-c4[nH]ncc4F)c3n21,5.6382723,5.876078,-0.23780584
CN1CCN(Cc2ccc(NC(=O)c3ccc(Cl)c(C#Cc4cnc5[nH]ncc5c4)c3)cc2C(F)(F)F)CC1,8.0,7.3140054,0.6859946
C[C@H]1Cn2c(nc3cc(C(=O)Nc4ccc(OC(F)(F)Cl)cc4)cc(-c4cncnc4)c32)CO1,4.69897,4.18626,0.5127096
O=C(Nc1ccc(OC(F)(F)Cl)cc1)c1cc(-c2cncnc2)c2c(c1)ncn2C[C@@H]1CCCO1,4.5228786,7.3112516,-2.788373
O=C(Nc1ccc(OC(F)(F)Cl)cc1)c1cc(-c2cncnc2)c2c(c1)ncn2CC1(O)CC1,5.6777806,5.337405,0.34037542
C[C@@H](C(F)F)n1cnc2cc(C(=O)Nc3ccc(OC(F)(F)Cl)cc3)cc(-c3ccn[nH]3)c21,7.8041005,6.8116713,0.99242926
O=C1Nc2cc(Br)ccc2/C1=C1/Nc2ccccc2/C1=N\OCCN1CCNCC1,6.7399287,5.2265043,1.5134244
CCn1c(CO)nc2cc(C(=O)Nc3ccc(OC(F)(F)Cl)cc3)cc(-c3ccn[nH]3)c21,6.4317985,5.592205,0.8395934
CCOc1ccc(Cc2cc([C@]34OC[C@](CO)(O3)[C@@H](O)[C@H](O)[C@H]4O)ccc2Cl)cc1,5.05061,4.799821,0.25078917
COc1ccc(Cc2cc([C@]34OC[C@](CO)(O3)[C@@H](O)[C@H](O)[C@H]4O)ccc2Cl)cc1,6.1567674,5.645077,0.51169014
N#Cc1cncc(-c2cc(C(=O)Nc3ccc(OC(F)(F)F)cc3)cnc2N2CC[C@@H](O)C2)c1,5.753999,5.5418406,0.21215868
CCN(CCO)c1ncc(C(=O)Nc2ccc(OC(F)(F)F)cc2)cc1-c1ccn[nH]1,4.0132284,3.4363656,0.5768628
Cn1c(C#N)ccc1-c1cc(C(=O)Nc2ccc(OC(F)(F)Cl)cc2)cnc1N1CC[C@@H](O)C1,7.3467875,6.7127867,0.6340008
N#Cc1cncc(-c2cc(C(=O)Nc3ccc(OC(F)(F)F)c(F)c3)cnc2N2CC[C@H](CO)C2)c1,4.4954066,4.1448545,0.35055208
Cc1ccc(C(=O)NNC(=O)c2c(C)cccc2Cl)cc1C#Cc1cnc2ccccc2c1,9.2218485,8.963605,0.25824356
N[C@@H]1[C@H]2CN(c3ncc(C(=O)Nc4ccc(OC(F)(F)F)cc4)cc3-c3cncnc3)C[C@@H]12,8.19382,8.011156,0.18266392
N#Cc1cncc(-c2cc(C(=O)Nc3ccc(SC(F)(F)F)cc3)cnc2N2CC[C@H](CO)C2)c1,4.5228786,4.294573,0.22830582
Cc1ccc(-c2cc(C(=O)Nc3ccc(OC(F)(F)F)cc3)cnc2N2CC[C@@H](CO)C2)cn1,3.8239088,3.6544442,0.16946459
COc1ccccc1-n1c(-c2cc(O)ccc2C)cn2c3c(=O)[nH]c(=O)n(C)c3nc12,5.69897,6.884446,-1.1854763
COCCn1cc(Nc2nccn3c(C#Cc4cc(NC(=O)c5ccnc(C(F)(F)F)c5)ccc4C)cnc23)cn1,7.055517,6.6587486,0.39676857
CC(C)(C)OC(=O)N1C[C@@H](n2cc(-c3ccc(N)nc3)nn2)C[C@H]1C(=O)Nc1ccc(Cl)c(C(F)(F)F)c1,5.7988763,5.022759,0.7761173
Cc1nc(Nc2ncc(C(=O)Nc3c(C)cccc3Cl)s2)cc(C2CCN(C(=O)OCc3ccccc3)C2)n1,5.229148,4.0589185,1.1702294
C[C@@H]1CCc2nc3cc(C(=O)Nc4ccc(OC(F)(F)Cl)cc4)cc(-c4ccn[nH]4)c3n21,4.009661,3.6103616,0.39929962
C[C@H](CF)n1c(C(F)F)nc2cc(C(=O)Nc3ccc(OC(F)(F)Cl)cc3)cc(-c3cccnn3)c21,6.0,6.320877,-0.32087708
CCc1ccc(C(=O)Nc2ccc(CN3CCN(C)CC3)c(C(F)(F)F)c2)cc1-n1cc(-c2cnc3[nH]ncc3c2)nn1,7.6478176,7.2214227,0.42639494
COc1nc2cc(C(=O)Nc3ccc(OC(F)(F)Cl)cc3)cc(-c3cccnn3)c2n1[C@H](C)CO,5.0,5.709541,-0.70954084
N[C@H]1CN(c2ccc(C(=O)Nc3ccc(OC(F)(F)Cl)cc3)cc2-c2cncnc2)C[C@@H]1O,5.1870866,4.761097,0.42598963
O=C(Nc1ccc(OC(F)(F)F)cc1)c1cnc(N2CCNC3(CC3)C2)c(-c2cncnc2)c1,4.6999917,4.233687,0.46630478
Cc1ncc(-c2cc(C(=O)Nc3ccc(OC(F)(F)Cl)cc3)ccc2N2C[C@H](O)[C@@H](O)C2)cn1,9.30103,8.876645,0.42438507
CCN(CCO)c1ncc(C(=O)Nc2ccc(SC(F)(F)F)cc2)cc1-c1ccn[nH]1,5.207608,5.3396664,-0.13205814
CCN(CCO)c1ncc(C(=O)Nc2ccc(OC(F)(F)Cl)cc2)cc1-c1ccn[nH]1,4.6147513,3.9185214,0.69622993
CCn1nc(C#Cc2cc(C(=O)Nc3ccc(CN4CCN(C)CC4)c(C(F)(F)F)c3)ccc2C)c2c(N)ncnc21,4.847987,4.6706424,0.1773448
C[C@@H]1CN(c2cccc(-c3csc(NC(=O)CNC(=O)c4ccn(S(C)(=O)=O)c4)n3)n2)C[C@H](C)O1,4.962693,4.769519,0.19317436
CN(CCO)c1ncc(C(=O)Nc2ccc(OC(F)(F)F)cc2)cc1-c1cncc(F)c1,7.274414,8.133517,-0.8591032
COc1cc(Nc2c(C#N)cnc3cc(OCCON4CCN(C)CC4)c(OC)cc23)c(F)cc1Cl,9.420217,9.230129,0.19008732
O=C(Nc1ccc(OC(F)(F)Cl)cc1)c1cnc(N2CC[C@@H](O)C2)c(-c2cc(F)cnc2Cl)c1,6.5044556,6.0918202,0.41263533
C[C@]1(O)CCN(c2ncc(C(=O)Nc3ccc(OC(F)(F)Cl)cc3)cc2-c2ccn[nH]2)C1,5.5622497,4.659546,0.90270376
CC(=O)N1CCC(COc2cc(F)c3c(=O)[nH]c(NCC4CCN(Cc5ccccn5)CC4)nc3c2)CC1,4.963,4.769519,0.19348097
O=C(Nc1ccc(OC(F)(F)F)cc1)c1cnc(N2Cc3cn[nH]c3C2)c(-c2cncnc2)c1,9.107905,9.269448,-0.16154289
O=C(Nc1ccc(OC(F)(F)Cl)cc1)c1cnc(N2CCNC3(CC3)C2)c(-c2ccn[nH]2)c1,9.180456,8.924499,0.2559576
CC(C)(C#N)c1ncc(C(=O)Nc2ccc(OC(F)(F)F)cc2)cc1-c1cncnc1,6.004365,5.4004097,0.60395527
CN(CCO)c1ncc(C(=O)Nc2ccc(SC(F)(F)F)cc2)cc1-c1ccn[nH]1,7.0,6.335626,0.6643739
CN1CCN(Cc2ccc(NC(=O)c3cccc(-n4cc(-c5cnc6[nH]ncc6c5)nn4)c3)cc2C(F)(F)F)CC1,7.180456,5.2538533,1.9266028
Cc1ccc(C(=O)Nc2ccc(CN3CCN(C)CC3)c(C(F)(F)F)c2)cc1-n1cc(-c2cnc(NC3CC3)nc2)nn1,7.0,5.0275555,1.9724445
O=C(Nc1ccc(OC(F)(F)Cl)cc1)c1cc(-c2cncnc2)c2c(c1)ncn2C1CS(=O)(=O)C1,5.920819,4.5736313,1.3471875
O=C(Nc1ccc(OC(F)(F)Cl)cc1)c1cc(-c2cncnc2)c2c(c1)ncn2[C@@H]1COC[C@@H]1O,8.113509,7.7089453,0.4045639
Cc1ccc(C(=O)Nc2cc(-n3cncn3)cc(C(F)(F)F)c2)cc1-n1cc(-c2cnc3[nH]ncc3c2)nn1,7.7121983,8.287936,-0.57573795
O=C(Nc1ccc(OC(F)(F)Cl)cc1)c1cc(-c2cnoc2)c2c(c1)nc1n2C[C@@H](O)CC1,4.6539407,4.1167274,0.5372133
Cn1c(C(F)F)nc2c(-c3cncnc3)cc(C(=O)Nc3ccc(OC(F)(F)Cl)cc3)cc21,5.6655464,5.025097,0.6404495
O=C1C[C@@H](n2cnc3cc(C(=O)Nc4ccc(OC(F)(F)Cl)cc4)cc(-c4cncnc4)c32)CN1,5.5297365,6.0729113,-0.54317474
COc1ccc(Cc2cc([C@]34OC[C@](CO)(O3)[C@@H](O)[C@H](O)[C@H]4O)ccc2C)cc1,4.8521075,4.092076,0.7600317
NCC1(F)CCN(c2ncc(C(=O)Nc3ccc(OC(F)(F)Cl)cc3)cc2-c2ccn[nH]2)C1,6.8860564,4.7152514,2.170805
O=C(Nc1ccc(OC(F)(F)F)cc1)c1cnc(N2CCC[C@@H](O)C2)c(-c2cncnc2)c1,7.251812,6.1618457,1.0899663
CC(C)n1nc(C#Cc2cccc(C(=O)Nc3cccc(C(F)(F)F)c3)c2)c2c(N)ncnc21,4.30103,3.964941,0.33608913
O=C(Nc1ccc(OC(F)(F)F)cc1)c1cnc(N2CC[C@H](CO)C2)c(-c2ccc(CF)nc2)c1,2.3819518,3.3648973,-0.98294544
N#Cc1cncc(-c2cc(C(=O)Nc3ccc(SC(F)(F)F)c(F)c3)cnc2N2CC[C@@H](O)C2)c1,4.69897,4.2809477,0.41802216
O=C(Nc1ccc(OC(F)(F)F)cc1)c1cnc(N2CC[C@@H](O)C2)c(-c2cncc(F)c2)c1,7.9921107,8.774388,-0.7822776
O=C(Nc1ccc(OC(F)(F)F)cc1)c1cnc(N2CC[C@@H](O)C2)c(-c2ccn[nH]2)c1,5.154902,4.2790093,0.87589264
O=C(Nc1ccc(OC(F)(F)F)cc1)c1cnc(N2CC[C@@H](O)C2)c(-c2cncc(Cl)c2)c1,4.782516,4.6515026,0.1310134
O=C(Nc1ccc(OC(F)(F)Cl)cc1)c1cnc(N2CC[C@@H](O)C2)c(-c2cc(F)cnc2F)c1,4.6958327,4.47783,0.2180028
Cc1ccc(NC(=O)c2ccc(CN3CCN(C)CC3)cc2)cc1Nc1nccc(-c2cccnc2)n1,6.0,4.4969587,1.5030413
CN(C)C(=O)c1ccc(-c2cc(C(=O)Nc3ccc(OC(F)(F)Cl)cc3)cnc2N2CC[C@@H](O)C2)[nH]1,8.0,7.689774,0.31022596
Cc1ncc(-c2cc(C(=O)Nc3ccc(OC(F)(F)F)cc3)cnc2N2CC[C@H](CO)C2)s1,9.69897,8.004189,1.6947813
N[C@@H]1CCCN(c2ncc(C(=O)Nc3ccc(OC(F)(F)Cl)cc3)cc2-c2cncnc2)C1,5.3467875,4.471138,0.87564945
O=C(NC1CC1)c1cncc(-c2ccc(C(=O)N[C@@H](CO)C(=O)Nc3ccc(Cl)c(C(F)(F)F)c3)cc2)c1,4.5985994,4.1984806,0.40011883
CCOc1ccc(Cc2cc([C@]34OC[C@](CO)(O3)[C@@H](O)[C@H](O)[C@H]4O)ccc2C)cc1,9.283997,8.818025,0.46597195
C[C@@H]1COCc2nc3cc(C(=O)Nc4ccc(OC(F)(F)Cl)cc4)cc(-c4cc(O)ccn4)c3n21,8.124939,7.614701,0.5102382
CC(C)n1c([C@@H](C)O)nc2cc(C(=O)Nc3ccc(OC(F)(F)Cl)cc3)cc(-c3ccn[nH]3)c21,7.2395773,7.8960304,-0.65645313
CCNc1ncc(-c2cn(-c3cc(C(=O)Nc4ccc(CN5CCN(C)CC5)c(C(F)(F)F)c4)ccc3C)nn2)cn1,4.6575775,3.8951812,0.76239634
N#Cc1cncc(-c2cc(C(=O)Nc3ccc(OC(F)(F)F)c(F)c3)cnc2N2CC[C@@H](O)C2)c1,8.568636,9.029819,-0.4611826
O=C(Nc1ccc(OC(F)(F)F)cc1)c1ccc(N2C[C@H](O)[C@@H](O)C2)c(-c2cncnc2)c1,4.30103,4.9637203,-0.66269016
O=C(Nc1cc2cc(-c3cc4cc[nH]c4nc3Cl)ccn2n1)[C@@H]1C[C@@H]1F,4.69897,4.829974,-0.13100433
Cc1ncc(NC(=O)c2ccc(CN3CCN(C)CC3)c(C(F)(F)F)c2)cc1Nc1nccc(-c2cccnc2)n1,6.177832,4.908432,1.2694001
O=C(Nc1ccc(OC(F)(F)F)cc1)c1cnc(N2CCC[C@H](O)C2)c(-c2cccnc2)c1,7.4436975,6.622857,0.82084036
Cc1ccc(-c2cc[nH]n2)cc1-c1ccc2nc(NC(=O)[C@@H]3C[C@@H]3F)sc2c1,4.086186,3.3887825,0.69740343
O=C(Nc1ccc(OC(F)(F)F)cc1)c1cnc(N2CC[C@@H](O)C2)c(-c2ccc(F)nc2)c1,4.920819,5.077587,-0.15676832
Cc1cn(-c2cc(NC(=O)c3ccc(C)c(Nc4nccc(-c5cnccn5)n4)c3)cc(C(F)(F)F)c2)cn1,5.0,7.421752,-2.421752
O=C(Nc1ccc(OC(F)(F)Cl)cc1)c1cnc(OC2CCOCC2)c(-c2cncnc2)c1,5.537602,4.225027,1.3125749
O=C(Nc1ccc(OC(F)(F)F)c(F)c1)c1cnc(N2CC[C@@H](O)C2)c(-c2cncc(F)c2)c1,8.19897,7.27115,0.9278197
CN(C)Cc1cc(C(=O)N[C@@H]2CCc3ccc(Oc4ccnc5c4CCC(=O)N5)cc3C2)cc(C(F)(F)F)c1,6.537602,5.605857,0.93174505
COc1cc(N2C3CCC2CN(c2cc(-c4ccccc4O)nnc2N)C3)ccn1,4.026392,3.9456978,0.0806942
CCNC(=O)Nc1nc2ccc(-c3ccc(OC)cc3OC)cc2s1,4.9706163,5.105815,-0.1351986
CC(C)(O)Cn1cnc2cc(C(=O)Nc3ccc(OC(F)(F)Cl)cc3)cc(-c3cncnc3)c21,4.609065,4.3473997,0.26166534
Cc1ccc(Nc2ncc3c(n2)N(C)C(=O)N(c2cc(NC(=O)c4cccc(C(F)(F)F)c4)ccc2C)C3)cn1,5.6757174,4.100206,1.5755115
CC(C)n1cnc2cc(C(=O)Nc3ccc(OC(F)(F)Cl)cc3)cc(-c3ccn(C)n3)c21,8.721247,7.9729896,0.74825716
Cc1cccc(C)c1-c1cc2cnc(Nc3cccc(N)c3)nc2oc1=O,6.4436975,7.162388,-0.7186904
Cn1cc(-c2cnc3c(-c4csc(C(=O)N[C@@H]5CCCC[C@@H]5N)c4)cnn3c2)cn1,6.1140003,7.39925,-1.2852497
O=C(Nc1ccc(OC(F)(F)Cl)cc1)c1cnc(N2CCC3(CNC3)C2)c(-c2ccn[nH]2)c1,3.154902,3.3000145,-0.14511251
Cc1ccc(C(=O)Nc2ccc(CN3Cc4cn[nH]c4C3)c(Cl)c2)cc1C#Cc1cnc2cccnn12,9.426936,8.817389,0.6095476
C[C@]1(O)CCc2nc3cc(C(=O)Nc4ccc(OC(F)(F)Cl)cc4)cc(-c4ccn[nH]4)c3n2C1,5.161151,4.9110794,0.25007153
Cc1ncncc1-c1cc(C(=O)Nc2ccc(OC(F)(F)Cl)cc2)ccc1N1C[C@H](O)[C@@H](O)C1,4.7542405,4.155841,0.59839964
Cc1ccc(O)cc1-c1ccc2nc(NC(=O)[C@@H]3C[C@@H]3F)sc2c1,6.3496923,5.0018673,1.347825
Nc1ncc(-c2cc(C(=O)Nc3ccc(OC(F)(F)F)cc3)cnc2N2CC[C@@H](O)C2)cc1F,7.537602,7.349158,0.18844414
O=C(Nc1ccc(OC(F)(F)Cl)cc1)c1cnc(N2CCC[C@@H](O)C2)c(-c2ccn[nH]2)c1,8.69897,7.805377,0.89359283
CN(CCO)c1ncc(C(=O)Nc2ccc(SC(F)(F)F)cc2)cc1-c1cncnc1,6.337242,5.4952965,0.84194565
O=C(Nc1ccc(OC(F)(F)C(F)(F)F)cc1)c1cnc(N2CC[C@@H](O)C2)c(-c2cncc(F)c2)c1,5.6197886,5.7007,-0.08091116
O=C(Nc1ccc(OC(F)(F)F)cc1)c1cnc(N2CC[C@@H](O)C2)c(-c2ccc[nH]2)c1,5.0,4.841735,0.15826511
C[C@H]1COCc2nc3cc(C(=O)Nc4ccc(OC(F)(F)Cl)cc4)cc(-c4cncnc4)c3n21,5.2596374,5.8919954,-0.6323581
O=C(NC1CC1)c1cncc(-c2cccc(C(=O)N[C@@H](CO)C(=O)Nc3ccc(Cl)c(C(F)(F)F)c3)c2)c1,7.7351823,6.687194,1.0479884
CN(C)[C@H]1CN(c2ncc(C(=O)Nc3ccc(OC(F)(F)F)cc3)cc2-c2cncc(F)c2)C[C@@H]1O,8.045757,6.434819,1.6109381
CN(CCO)c1ncc(C(=O)Nc2ccc(SC(F)(F)F)cc2)cc1-c1cncc(C#N)c1,5.0,4.1465163,0.8534837
Cn1c(=O)c(-c2c(Cl)cccc2Cl)cc2cnc(Nc3ccc(OC4OC(CO)C(O)C(O)C4O)cc3)nc21,6.0,5.2725735,0.7274265
O=C(Nc1ccc(OC(F)(F)F)cc1)c1cnc(N2C[C@H](CO)[C@@H](O)C2)c(-c2cncs2)c1,8.30103,6.723014,1.5780163
N#Cc1ccncc1-c1cc(C(=O)Nc2ccc(OC(F)(F)F)cc2)cnc1N1CC[C@@H](O)C1,4.3851027,3.7024214,0.6826813
N[C@H]1CN(c2ccc(C(=O)Nc3ccc(OC(F)(F)Cl)cc3)cc2-c2ccn[nH]2)C[C@@H]1O,5.835647,6.366611,-0.5309639
O=C(Nc1ccc(OC(F)(F)Cl)cc1)c1cnc(N2CCOCC2)c(-c2ccn[nH]2)c1,6.935542,5.5766287,1.3589134
Cc1ccc(C(=O)Nc2ccc(CN3CCN(C)CC3)c(C(F)(F)F)c2)cc1C#Cc1cnc2ccccn12,6.0,4.5543795,1.4456205
O=C(Nc1ccc(OC(F)(F)Cl)cc1)c1cc(-c2cccnn2)c2c(c1)nc1n2[C@H](CO)CO1,6.229148,6.9302673,-0.7011194
Cc1ccc(C(=O)Nc2ccc(CN3CCOCC3)c(C(F)(F)F)c2)cc1-n1cc(-c2cnc3[nH]ncc3c2)nn1,4.853872,4.207113,0.64675903
CCN(CC)CCOc1ccc(NC(=O)c2ccc(OC)c(Nc3nccc(-c4cccnc4)n3)c2)cc1,4.732828,4.5296917,0.20313644
Cc1nc(Nc2ncc(C(=O)Nc3c(Cl)ccnc3C)s2)cc(N2CCN(CCO)CC2)n1,4.0,4.2011456,-0.20114565
Cc1ccc(C(=O)Nc2ccc(CN3CCN(C)CC3)c(C(F)(F)F)c2)cc1C#Cc1cnc2c(cnn2C)c1,9.468521,9.273692,0.19482899
C[C@@H]1COCc2nc3cc(C(=O)Nc4ccc(OC(F)(F)Cl)cc4)cc(-c4ncco4)c3n21,6.0,5.067081,0.932919
N[C@@H]1[C@H]2CN(c3ncc(C(=O)Nc4ccc(OC(F)(F)F)cc4)cc3-c3ccn[nH]3)C[C@@H]12,7.6382723,7.3495483,0.28872395
C[C@@H]1CN(c2cccc(-c3ccc4cnc(CNC(=O)c5ccc6c(c5)N(S(C)(=O)=O)CC6)cc4n3)n2)C[C@H](C)O1,8.0,7.945433,0.05456686
O=C(Nc1nc2ccc(-c3cnc4[nH]ccc4c3)cc2s1)C1CC1,8.619789,8.755505,-0.13571548
Cc1cccc(C)c1/C=C/n1cnc2c(Nc3ccc(P(C)(C)=O)cc3)nc(-n3ccnc3)nc21,5.0,6.3555675,-1.3555675
COC(=O)c1ccc(C(=O)Nc2ccc(OC(F)(F)F)cc2)cc1-c1cncnc1,8.59346,8.384362,0.20909786
Cc1cn(-c2cc(NC(=O)c3ccc(C)c(/C=C/n4cnc5c(N)ncnc54)c3)cc(C(F)(F)F)c2)cn1,7.275724,5.603602,1.672122
Cc1ccc2[nH]ccc2c1-c1ccc2nc(NC(=O)[C@@H]3C[C@@H]3F)sc2c1,4.30103,5.190331,-0.8893008
CO[C@H]1CN(c2ncc(C(=O)Nc3ccc(OC(F)(F)F)cc3)cc2-c2cncc(F)c2)C[C@@H]1N,4.0,4.250826,-0.25082588
CCN(CCO)c1ncc(C(=O)Nc2ccc(OC(F)(F)F)cc2)cc1-c1cncnc1,8.107905,8.824947,-0.71704197
O=C(Nc1ccc(S(F)(F)(F)(F)F)cc1)c1cnc(N2CC[C@@H](O)C2)c(-c2cncc(F)c2)c1,9.0,9.140689,-0.1406889
Cc1c(-c2ccn3nc(NC(=O)[C@@H]4C[C@@H]4F)cc3c2)cnc2[nH]cc(Cl)c12,8.0,8.029738,-0.029738426
Cc1nc2c(-c3ccn[nH]3)cc(C(=O)Nc3ccc(OC(F)(F)Cl)cc3)cc2n1C,4.223299,3.2683206,0.95497847
CCN(CCO)c1ncc(C(=O)Nc2ccc(SC(F)(F)F)cc2)cc1-c1cncc(C#N)c1,4.8155355,4.1946044,0.62093115
Cc1ccc(-c2cc(C(=O)Nc3ccc(OC(F)(F)F)cc3)ccc2N2C[C@H](O)[C@@H](O)C2)cn1,6.0,5.419142,0.58085823
O=C(Nc1ccc(OC(F)(F)Cl)cc1)c1cnc(N(CCO)CCO)c(-c2cncnc2)c1,9.327902,8.985627,0.34227467
O=C(Nc1ccc(OC(F)(F)F)cc1)c1cnc(N2C[C@@H](O)[C@@H](O)C2)c(-c2cncc(F)c2)c1,5.0,4.872176,0.12782383
Cc1ccc(NC(=O)c2ccnc(C(F)(F)F)c2)cc1C#Cc1cnc2c(Nc3cnn(C)c3)nccn12,4.026415,3.6606865,0.36572838
NC12CC1CN(c1ncc(C(=O)Nc3ccc(OC(F)(F)F)cc3)cc1-c1cncnc1)C2,6.0,5.807307,0.19269323
CCc1ccc(C(=O)Nc2ccc(CN3CCN(C)CC3)c(C(F)(F)F)c2)cc1C#Cc1cnc2[nH]ncc2c1,7.6382723,5.7467184,1.8915539
COc1ccccc1NC(=O)N(CCCCC1CCCCC1)CCc1ccc(SC(C)(C)C(=O)O)cc1,7.8288875,7.810338,0.018549442
O=C(Nc1ccc(OC(F)(F)F)cc1)c1cccc(-n2ccnc2)c1,5.154902,4.0962863,1.0586157
O=C(NC1CC1)c1cncc(-c2cn([C@@H]3CN[C@H](C(=O)Nc4ccc(Cl)c(C(F)(F)F)c4)C3)nn2)c1,5.7423215,6.202762,-0.46044064
Cc1ncn(-c2cc(NC(=O)c3ccc(C)c(-n4cc(-c5cnc6[nH]ncc6c5)nn4)c3)cc(C(F)(F)F)c2)n1,7.552842,4.7272544,2.8255877
Cc1ccc(NC(=O)c2ccc(C)c(C(F)(F)F)c2)cc1C#Cc1nn([C@H]2CC[C@H](O)CC2)c2ncnc(N)c12,4.69897,4.9099545,-0.2109847
CCN(CCO)c1ncc(C(=O)Nc2ccc(OC(F)(F)F)cc2)cc1-c1cncc(F)c1,7.229148,6.5866847,0.6424632
CC[C@@](C)(Cc1ccc(OCCCOc2ccc(C3CCCCC3)cc2Cl)cc1)C(=O)O,4.338187,4.438843,-0.100655556
Cc1ccc(NC(=O)c2cccc(C(F)(F)F)c2)cc1-c1ccc2nc(Nc3ccc(OCCN)cc3)ncc2c1,4.782516,4.053231,0.72928524
CCNC(=O)Nc1nc2ccc(-c3ccncc3)cc2s1,5.161781,5.2455835,-0.0838027
C[C@]1(O)CCN(c2ncc(C(=O)Nc3ccc(OC(F)(F)F)cc3)cc2-c2ccn[nH]2)C1,5.2596374,4.270295,0.9893422
CC(=O)Nc1cccc(Nc2ncc3cc(-c4c(C)cccc4C)c(=O)oc3n2)c1,4.026609,3.354486,0.67212296
C[C@@]1(O)CCN(c2ncc(C(=O)Nc3ccc(OC(F)(F)F)cc3)cc2-c2ccn[nH]2)C1,8.428291,5.040901,3.3873901
Cc1ccc(C(=O)Nc2ccc(CN3CCN(C)CC3)c(C(F)(F)F)c2)cc1C#Cc1cnc2[nH]ccc2n1,9.21467,8.85421,0.36046028
CC(C)n1nc(C#Cc2cccc(NC(=O)c3cccc(C(F)(F)F)c3)c2)c2c(N)ncnc21,5.958607,5.890653,0.06795406
Nc1cccc(Nc2ncc3cc(-c4c(Cl)cccc4Cl)c(=O)oc3n2)c1,5.0,5.4216204,-0.42162037
O=c1[nH]c(NCC2CCOCC2)nc2cc(OCC3CC3)cc(F)c12,7.2596374,7.894381,-0.6347437
Cc1ccc(NC(=O)c2ccc3c(c2)CC[C@@H]3N2CCN(C)CC2)cc1Nc1nccc(-c2cccnc2)n1,5.639596,5.710753,-0.07115698
O=C(Nc1ccc(OC(F)(F)F)cc1)c1ccc(N2C[C@@H](O)[C@@H](O)C2)c(-c2cncnc2)c1,9.045757,9.286685,-0.2409277
Cc1ccc(NC(=O)c2ccnc(C(F)(F)F)c2)cc1C#Cc1cnc2c(Nc3cnn(C)c3)ccnn12,8.30103,6.9014664,1.3995638
Cc1ccc(C(=O)Nc2ccc(CN3CCN(C)CC3)c(C(F)(F)F)c2)cc1-n1cc(-c2cnn3cccnc23)nn1,4.026383,3.907929,0.11845398
CNc1nc2cc(C#Cc3cc(C(=O)Nc4ccc(CN5CCN(C)CC5)c(C(F)(F)F)c4)ccc3C)ccn2n1,4.4833984,3.696231,0.78716755
Cc1ncc(C(=O)Nc2ccc(OC(F)(F)F)cc2)cc1-c1cncnc1,7.6197886,8.294753,-0.6749644
Cc1ccc2c(c1-c1ccc3nc(NC(=O)[C@@H]4C[C@@H]4F)sc3c1)CCN2,2.1079054,3.3846893,-1.276784
Cc1ccc(C(=O)Nc2ccc(CN3CCN(C)CC3)c(C(F)(F)F)c2)cc1C#Cc1cnc2cnccn12,6.318759,5.4946985,0.82406044
Cc1ccc(C(=O)Nc2ccc(CN3CCNCC3)c(C(F)(F)F)c2)cc1C#Cc1cnc2cccnn12,5.1372724,5.454604,-0.3173318
Cc1ccc(C(=O)Nc2cc(-n3ccnc3)cc(C(F)(F)F)c2)cc1C#Cc1cnc2c(N)cccn12,9.468521,8.738354,0.7301674
C[C@@H]1CN(c2cccc(-c3ccc4cnc(CNC(=O)c5cc(Cl)c6c(c5)N(S(C)(=O)=O)CC6)cc4n3)n2)C[C@H](C)O1,5.0,4.4737463,0.5262537
CCNC(=O)Nc1nc2ccc(-c3ccccc3OCC)cc2[nH]1,6.6197886,5.2755995,1.3441892
CC(C)n1cnc2cc(C(=O)Nc3ccc(OC(F)(F)Cl)cc3)cc(C(N)=O)c21,5.8153086,3.99253,1.8227785
COc1ccc(C(=O)Nc2ccc(OCCN(C)C)cc2)cc1Nc1nccc(-c2cccnc2)n1,4.5985994,4.1978035,0.40079594
Cc1ccc(NC(=O)c2ccc3c(c2)CCC3N2CCN(C)CC2)cc1Nc1nccc(-c2cncnc2)n1,5.8000007,4.2207403,1.5792603
Cc1c(-c2ccn3nc(NC(=O)[C@@H]4C[C@@H]4F)cc3c2)cnc2[nH]ccc12,5.559091,5.3670826,0.1920085
Cc1ccc(C(=O)Nc2ccc(CN3CCN(C)CC3)c(Cl)c2)cc1C#Cc1cnc2cccnn12,9.327902,7.1352334,2.1926684
O=C(Nc1ccc(OC(F)(F)Cl)cc1)c1cnc(N2CCN(CCF)CC2)c(-c2ccn[nH]2)c1,3.9172146,3.5498118,0.3674028
O=C(Nc1ccc(OC(F)(F)F)cc1)c1ccc(N2CC[C@@H](O)C2)c(-c2cncnc2)c1,7.37059,7.267765,0.102825165
N[C@H]1CN(c2ncc(C(=O)Nc3ccc(OC(F)(F)Cl)cc3)cc2-c2cncc(F)c2)C[C@@H]1O,5.2596374,4.433642,0.82599545
O=C(NCc1nc(-c2ccc(Br)cc2)c[nH]1)Nc1ncc(Sc2ccccn2)s1,6.7121983,6.1773534,0.5348449
CC(=O)N1CCC(COc2cc(F)c3c(=O)[nH]c(N4CC5(CCN(C(=O)C6CC6)CC5)C4)nc3c2)CC1,6.3419886,7.585762,-1.2437735
O=C(Nc1ccc(OC(F)(F)F)cc1)c1cnc(N2CCCOCC2)c(-c2cncnc2)c1,6.0,4.8751764,1.1248236
C#Cc1cc(OC)c(-c2ccc3nc(NC(=O)NCCO)sc3c2)cc1C=O,4.026817,3.8774185,0.14939833
O=C(Nc1ccc(OC(F)(F)Cl)cc1)c1cnc(N2CCC[C@H](O)C2)c(-c2ccn[nH]2)c1,5.3458233,5.631319,-0.28549576
CC(C)n1cnc2cc(C(=O)Nc3ccc(OC(F)(F)Cl)cc3)cc(-c3ccnn3C)c21,7.692504,8.136995,-0.4444914
Cc1c(F)cncc1-c1ccc2nc(NC(=O)C3CC3)sc2c1,3.8239088,3.5632122,0.26069665
Cc1c[nH]c2ncc(-c3ccc4nc(NC(=O)C5CC5)sc4c3)cc12,5.273273,5.232319,0.040954113
O=C(Nc1ccc(OC(F)(F)F)cc1)c1cnc(N2CCOCC2)c(-c2cnccn2)c1,7.3467875,8.242394,-0.895607
Cc1c[nH]c2ncc(-c3ccn4nc(NC(=O)[C@@H]5C[C@@H]5F)cc4c3)cc12,5.4152904,5.603894,-0.18860388
C[C@@H]1COCc2nc3cc(C(=O)Nc4ccc(OC(F)(F)Cl)cc4)cc(-c4cccnn4)c3n21,6.3297544,4.6357565,1.6939979
COCCn1cc(Nc2nccn3c(C#Cc4cc(NC(=O)c5cccc(C(F)(F)F)c5)ccc4C)cnc23)cn1,4.6999917,4.292987,0.40700483
Cc1ccc(C(=O)Nc2ccc(CN3CCCCC3)c(C(F)(F)F)c2)cc1-n1cc(-c2cnc3[nH]ncc3c2)nn1,8.2218485,7.932632,0.28921652
O=C(Nc1ccc(OC(F)(F)F)cc1)c1cnc(N2CCOCC2)c(-c2ccc(CO)nc2)c1,7.055517,6.4492416,0.60627556
O=C(Nc1ccc(SC(F)(F)F)cc1)c1cnc(N2CC[C@@H](O)C2)c(-c2ccc[nH]2)c1,4.6346993,3.782073,0.8526263
O=C(Nc1ccc(OC(F)(F)F)cc1)c1ccc(N2CC[C@@H](O)C2)c(-c2cccnc2)c1,6.7144427,6.581821,0.13262177
COCCOc1cc(N2C3CCC2CN(c2cc(-c4ccccc4O)nnc2N)C3)ccn1,5.0,5.4717045,-0.47170448
Cc1c(F)cncc1-c1ccc2nc(NC(=O)[C@@H]3C[C@@H]3F)sc2c1,4.30103,4.7010956,-0.40006542
CN(CCO)c1ncc(C(=O)Nc2ccc(OC(F)(F)Cl)cc2)cc1-c1ccn[nH]1,5.950782,5.2686844,0.68209743
CCCOc1ccccc1-c1ccc2nc(NC(=O)NCC)sc2c1,4.0264564,3.8180013,0.20845509
O=C(Nc1ccc(OC(F)(F)F)cc1)c1ccc(N2C[C@H](O)[C@@H](O)C2)c(-c2cccnc2)c1,6.0,5.793521,0.20647907
C#CCN(C)C(=O)c1cncc(-c2cnc3[nH]cc(-c4cc(C=O)c(C#C)cc4OC)c3c2)c1,7.205892,7.5817533,-0.37586117
CC1(C)c2cc(C3CCNCC3)ccc2-n2c1nc(=O)c1c(Br)cccc12,9.39794,8.923189,0.47475052
CCN(CCO)c1ncc(C(=O)Nc2ccc(OC(F)(F)F)cc2)cc1-c1cncc(C#N)c1,4.0,4.1983576,-0.19835758
CC(F)(F)Oc1ccc(NC(=O)c2cnc(N3CC[C@@H](O)C3)c(-c3cncc(F)c3)c2)cc1,9.124939,7.8206015,1.3043375
COc1cc(Nc2c(C#N)cnc3cc(OCC4CCN(C)CC4)c(OC)cc23)c(Cl)cc1Cl,4.69897,5.0649824,-0.36601257
Cc1n[nH]c2ccc(-c3cc(N[C@@H](CO)c4ccccc4)cnc3-c3cc(F)ccc3O)cc12,6.6143937,6.3221617,0.29223204
Cc1c(-c2ccn3nc(NC(=O)[C@@H]4C[C@@H]4F)cc3c2)cnc2[nH]cc(F)c12,3.30103,4.6905746,-1.3895447
O=C(Nc1ccc(OC(F)(F)Cl)cc1)c1cnc(Cl)c(-c2cncnc2)c1,6.0,5.0112085,0.98879147
O=C(Nc1ccc(OC(F)(F)F)cc1)c1cnc(N2CC[C@@H](O)C2)c(-c2ccc(C(F)(F)F)nc2)c1,6.726004,5.892127,0.8338771
Cc1nc(Nc2ncc(C(=O)Nc3c(C)nn(C)c3C)s2)cc(N2CCN(CCO)CC2)n1,5.823909,4.735928,1.0879807
COc1ccc(-c2cc(C(=O)Nc3ccc(OC(F)(F)F)cc3)cnc2N2CC[C@@H](CN)C2)cn1,8.166853,8.664321,-0.497468
CC1(O)CCN(c2ccc(C(=O)Nc3ccc(OC(F)(F)F)cc3)cc2-c2cncs2)C1,4.0,4.2055902,-0.20559025
O=C(Nc1ccc(OC(F)(F)F)cc1)c1cnc(N2CC[C@H](CO)C2)c(-c2cccnc2)c1,5.700029,5.4998603,0.20016861
O=C(Nc1ccc(OC(F)(F)F)cc1)c1cnc(N2CC[C@@H](O)C2)c(-c2csc(CO)c2)c1,4.79588,4.0572767,0.7386031
CC1(O)CCN(c2ccc(C(=O)Nc3ccc(OC(F)(F)F)cc3)cc2-c2cncnc2)C1,5.642065,5.288106,0.35395908
Cc1ccc(-c2cc(C(=O)Nc3ccc(OC(F)(F)F)cc3)cnc2N(C)CCO)cn1,5.207608,4.534951,0.672657
Cc1ccc(-c2cc(C(=O)Nc3ccc(OC(F)(F)F)cc3)cnc2NCCCO)cn1,3.39794,3.4795148,-0.08157492
Cc1ccc(-c2cc(C(=O)Nc3ccc(OC(F)(F)F)cc3)cnc2NCCO)cn1,7.519993,7.705121,-0.18512821
CN(C)CCCN(C)c1ncc(C(=O)Nc2ccc(OC(F)(F)F)cc2)cc1-c1cccnc1,6.2596374,7.463008,-1.2033706
Cc1ccc(-c2cc(C(=O)Nc3ccc(OC(F)(F)F)cc3)cnc2N2CC[C@@H](N)C2)cn1,5.481486,5.4659367,0.015549183
Cc1ccc(-c2cc(C(=O)Nc3ccc(OC(F)(F)F)cc3)cnc2N2CC[C@H](CN)C2)cn1,6.0,7.8237014,-1.8237014
CC(F)(F)Oc1ccc(NC(=O)c2cnc(N3CC[C@@H](O)C3)c(-c3cncc(C#N)c3)c2)cc1,4.180456,4.1305056,0.0499506
O=C(Nc1ccc(OC(F)(F)F)cc1)c1ccc(OCCO)c(-c2cncnc2)c1,6.09691,5.831477,0.26543283
O=C(Nc1ccc(OC(F)(F)F)cc1)c1cccc(-c2ccc(CN3CCCC3)s2)c1,6.1706963,6.095846,0.07485008
CS(=O)(=O)n1ccc(C(=O)NCC(=O)Nc2nc(-c3cccc(-c4ccncc4)n3)cs2)c1,5.188425,5.7211866,-0.5327616
O=c1[nH]c(CS[C@H]2CC[C@H](O)CC2)nc2cc(OCC3CC3)cc(F)c12,4.0,3.3512442,0.6487558
CN(c1ncc(C(=O)Nc2ccc(OC(F)(F)F)cc2)cc1-c1cncnc1)C1CCOCC1,4.1989393,5.0491285,-0.8501892
CN(CCCO)c1ncc(C(=O)Nc2ccc(OC(F)(F)F)cc2)cc1-c1cncnc1,9.431798,8.923728,0.50807
CN(CCO)c1ccc(C(=O)Nc2ccc(OC(F)(F)F)cc2)cc1-c1cncs1,5.4089355,5.86561,-0.45667458
Cc1ncc(-c2cc(C(=O)Nc3ccc(OC(F)(F)F)cc3)ccc2N2CC[C@@H](O)C2)cn1,7.920819,7.209613,0.71120596
N[C@H]1CCN(c2ncc(C(=O)Nc3ccc(OC(F)(F)F)cc3)cc2-c2cccnc2)C1,4.7166986,4.1268377,0.5898609
CN[C@H]1CCN(c2ncc(C(=O)Nc3ccc(OC(F)(F)F)cc3)cc2-c2cccnc2)C1,4.0,4.149686,-0.14968586
CN[C@H]1CCN(c2ncc(C(=O)Nc3ccc(OC(F)(F)F)cc3)cc2-c2ccc(C)nc2)C1,6.6575775,5.488801,1.1687765
Cc1ncc(-c2cc(C(=O)Nc3ccc(OC(F)(F)F)cc3)cnc2N2CC[C@@H](O)C2)s1,5.0,5.031374,-0.031373978
CN[C@@H]1CCN(c2ncc(C(=O)Nc3ccc(OC(F)(F)F)cc3)cc2-c2cccnc2)C1,6.091515,6.3239183,-0.23240328
Cc1ccc(-c2cc(C(=O)Nc3ccc(OC(F)(F)F)cc3)cnc2N2CCCN(C)CC2)cn1,4.30103,3.453168,0.84786224
Cc1ccc(-c2cc(C(=O)Nc3ccc(OC(F)(F)F)cc3)cnc2N2CCC[C@H](O)C2)cn1,6.0,5.0595965,0.94040346
COc1ncc(C(=O)Nc2ccc(OC(F)(F)F)cc2)cc1-c1cncnc1,4.30103,4.47266,-0.1716299
O=C(Nc1ccc(OC(F)(F)F)cc1)c1cnc(N2CC[C@@H](O)C2)c(-c2cccnc2F)c1,4.853872,4.8664083,-0.012536526
O=C(Nc1ccc(OC(F)(F)F)cc1)c1cnc(N2CC[C@@H](O)C2)c(-c2ccoc2)c1,5.0,4.164181,0.83581877
Cc1ccc(-c2cc(C(=O)Nc3ccc(OC(F)(F)F)cc3)cnc2N2CCCC(O)C2)cn1,6.334419,5.128251,1.2061677
Cc1ccc(-c2cc(C(=O)Nc3ccc(OC(F)(F)F)cc3)cnc2N2CCC(O)C2)cn1,6.7721133,7.121978,-0.34986448
NC12CC1CN(c1ncc(C(=O)Nc3ccc(OC(F)(F)F)cc3)cc1-c1ccn[nH]1)C2,8.318759,8.373095,-0.054335594
CN[C@@H]1CCN(c2ncc(C(=O)Nc3ccc(OC(F)(F)F)cc3)cc2-c2ccc(C)nc2)C1,3.7872798,4.1145372,-0.3272574
CN1CCCN(c2ncc(C(=O)Nc3ccc(OC(F)(F)F)cc3)cc2-c2cccnc2)CC1,4.30103,3.9930267,0.30800343
CN1CC2CN(c3ncc(C(=O)Nc4ccc(OC(F)(F)F)cc4)cc3-c3cncnc3)CC2C1,6.0,4.8405623,1.1594377
Cc1ccc(-c2cc(C(=O)Nc3ccc(OC(F)(F)F)cc3)ccc2N2CC[C@@H](O)C2)cn1,5.5157585,5.366108,0.14965057
Cc1cncc(-c2cc(C(=O)Nc3ccc(OC(F)(F)F)cc3)cnc2N2CC[C@@H](O)C2)c1,5.0,5.4419208,-0.44192076
O=C(Nc1ccc(OC(F)(F)F)cc1)c1ccc(N2CC[C@H](O)C2)c(-c2cncnc2)c1,5.3132744,5.0775948,0.23567963
CC(C)CN1CCN(CCOc2ccc(C(=O)Nc3ccc(OC(F)(F)F)cc3)cc2-c2cncnc2)CC1,4.30103,4.376672,-0.07564163
O=C(Nc1ccc(OC(F)(F)F)cc1)c1ccc(Cl)c(-c2cncnc2)c1,7.7695513,7.5607357,0.20881557
COc1cncc(-c2cc(C(=O)Nc3ccc(OC(F)(F)F)cc3)cnc2N2CC[C@@H](O)C2)c1,5.2999887,4.6929436,0.6070452
O=C(Nc1ccc(OC(F)(F)F)cc1)c1ccc(N2C[C@H](O)[C@@H](O)C2)c(-c2cncs2)c1,5.6903696,4.513795,1.1765747
O=C(Nc1ccc(OC(F)(F)F)cc1)c1cnc(N2CCCC(O)C2)c(-c2cncnc2)c1,4.1739254,4.5343275,-0.3604021
O=C(Nc1ccc(OC(F)(F)F)cc1)c1cnc(N2CCCC(CO)C2)c(-c2cncnc2)c1,7.0,6.407754,0.59224606
CC[C@@](C)(Cc1ccc(OCCCOc2ccc(OC(F)(F)F)cc2Cl)cc1)C(=O)O,6.0,5.543526,0.45647383
COc1ncc(-c2cc(C(=O)Nc3ccc(OC(F)(F)F)cc3)ccc2C)cn1,4.823909,5.704603,-0.8806944
N#C[C@H]1CCCN(c2ncc(C(=O)Nc3ccc(OC(F)(F)F)cc3)cc2-c2cncnc2)C1,4.5228786,4.7818613,-0.25898266
N#C[C@@H]1CCCN(c2ncc(C(=O)Nc3ccc(OC(F)(F)F)cc3)cc2-c2cncnc2)C1,5.60206,5.121422,0.48063803
O=C(Nc1ccc(OC(F)(F)F)cc1)c1cnc(NCCO)c(-c2cccnc2)c1,4.8827286,4.2087936,0.67393494
O=C(Nc1ccc(OC(F)(F)F)cc1)c1cnc(N2Cc3ccncc3C2)c(-c2cncnc2)c1,9.30103,8.924502,0.3765278
CC(=O)NC1CCCN(c2ncc(C(=O)Nc3ccc(OC(F)(F)F)cc3)cc2-c2cncnc2)C1,5.276544,4.700451,0.5760932
O=C(Nc1ccc(OC(F)(F)F)cc1)c1cnc(N2CC[C@@H](CO)C2)c(-c2cccnc2)c1,9.721247,8.021167,1.7000799
NC[C@H]1CCN(c2ncc(C(=O)Nc3ccc(OC(F)(F)F)cc3)cc2-c2cccnc2)C1,5.958607,4.1742754,1.7843318
NC[C@@H]1CCN(c2ncc(C(=O)Nc3ccc(OC(F)(F)F)cc3)cc2-c2cccnc2)C1,8.468521,7.1903887,1.2781324
O=C(Nc1ccc(OC(F)(F)F)cc1)c1cnc(N2CCC(O)CC2)c(-c2cncnc2)c1,9.113509,9.309094,-0.19558525
O=C(Nc1ccc(OC(F)(F)F)cc1)c1cnc(N2CCC(O)C2)c(-c2cccnc2)c1,4.782806,4.078384,0.704422
O=C(Nc1ccc(OC(F)(F)F)cc1)c1cnc(N2CCC(O)C2)c(-c2ccc(C(F)(F)F)nc2)c1,4.69897,4.2773457,0.42162418
Cc1ccc(C(=O)Nc2ccc(OC(F)(F)F)cc2)cc1-c1cncs1,6.221849,5.7999835,0.42186546
N[C@@H]1CCN(c2ncc(C(=O)Nc3ccc(OC(F)(F)F)cc3)cc2-c2cccnc2)C1,5.0,5.190048,-0.19004822
CC[C@@](C)(Cc1ccc(OCCCOc2ccc(C(F)(F)F)cc2Cl)cc1)C(=O)O,7.920819,8.486628,-0.5658088
O=C(Nc1ccc(SC(F)(F)F)cc1)c1cccc(-c2cncnc2)c1,5.853872,5.53045,0.32342196
O=C(Nc1ccc(OC(F)(F)F)cc1)c1cnc(N2CCC3(COC3)C2)c(-c2cncnc2)c1,5.938171,5.530283,0.40788794
O=C(Nc1ccc(OC(F)(F)F)cc1)c1cnc(N2CCC3(CCNC3=O)C2)c(-c2cncnc2)c1,3.085128,3.762128,-0.67700005
COc1ccc(C(=O)Nc2ccc(OC(F)(F)F)cc2)cc1-c1cncnc1,7.0222764,4.8533363,2.16894
O=c1[nH]c(CSC2CCC(O)CC2)nc2cc(OCC3CC3)cc(F)c12,8.522879,9.026497,-0.50361824
COc1cc2[nH]nc(-c3nc4ccc(N5CCC(N6CCCCC6)CC5)cc4[nH]3)c2cc1OCc1ccccc1,5.954677,7.4179087,-1.4632316
Cc1ccc(C(=O)Nc2ccc(CN3CCC4C=NNC4C3)c(Cl)c2)cc1C#Cc1cnc2cccnn12,5.1463017,4.223677,0.9226246
Cc1c(-c2ccn3nc(NC(=O)[C@H]4C[C@H]4F)cc3c2)cnc2[nH]ccc12,6.0,6.4562583,-0.4562583
O=C(Nc1ccc(OC(F)(F)F)cc1)c1cccc(-c2cnccn2)c1,5.79588,6.7234035,-0.9275236
Nc1ccc(-c2cn([C@@H]3CN[C@H](C(=O)Nc4ccc(Cl)c(C(F)(F)F)c4)C3)nn2)cn1,4.632644,3.9566767,0.67596745
CSc1nc2cc(C(=O)Nc3ccc(OC(F)(F)Cl)cc3)cc(Br)c2n1[C@@H](C)[C@H](O)CO,4.02647,4.4236107,-0.3971405
CC(=O)Nc1n[nH]c2cc(-c3cn([C@@H]4CN[C@H](C(=O)Nc5ccc(Cl)cc5Cl)C4)nn3)ccc12,9.130768,9.045504,0.085264206
N[C@@H]1CN(c2ncc(C(=O)Nc3ccc(OC(F)(F)Cl)cc3)cc2-c2ccn[nH]2)C[C@H]1F,6.0,5.9324203,0.067579746
COc1ccc(C(=O)Nc2ccc(OC(F)(F)F)cc2)cc1-c1cccnc1,5.6439743,4.086256,1.5577183
O=C(Nc1ccc(OC(F)(F)F)cc1)c1ccc(F)c(-c2cncnc2)c1,8.886057,9.1263685,-0.24031162
O=C(Nc1nc2ccc(-c3cnc4[nH]ccc4c3)cc2s1)C1C[C@@H]1F,7.9085073,7.4217525,0.4867549
O=C(Nc1cc2cc(-c3cnc4[nH]cc(Cl)c4c3)ccn2n1)[C@@H]1C[C@@H]1F,5.20412,4.9468737,0.2572465
COc1ccc(C(=O)Nc2cccc(F)c2)cc1Nc1nccc(-c2cccnc2)n1,3.8860567,4.334244,-0.4481871
Cc1ccc(C(=O)Nc2ccc(CN3CCN(C)CC3)c(C(F)(F)F)c2)cc1C#Cc1cnc2c(Nc3cnn(C)c3)ccnn12,7.154902,6.7115664,0.44333553
COC(=O)c1cc(-c2cccc(C(=O)Nc3ccc(OC(F)(F)F)cc3)c2)cs1,2.853872,3.5864346,-0.73256254
Cc1c(-c2ccn3nc(NC(=O)[C@H]4C[C@@H]4F)cc3c2)cnc2[nH]ccc12,4.4248123,4.155159,0.26965332
O=C(Nc1ccc(OC(F)(F)Cl)cc1)c1cnc(N2CCN(CC(F)F)CC2)c(-c2ccn[nH]2)c1,5.325139,5.0683947,0.25674438
O=C(Nc1ccc(OC(F)(F)F)cc1)c1cnc(N2CCCC2)c(-c2cc(CO)n[nH]2)c1,6.8860564,7.1874943,-0.30143785
Cc1ccc(NC(=O)c2ccc(CN3CCN(C)CC3)c(C(F)(F)F)c2)cc1C#Cc1cnc2c(Nc3cnn(C)c3)nccn12,6.69897,5.5303526,1.1686172
COc1ccc(C(=O)Nc2ccc(OC(F)(F)F)cc2)cc1-c1ccc(F)nc1,4.916139,3.6668606,1.2492785
O=C(Nc1ccc(OC(F)(F)Cl)cc1)c1cnc(N2CCN(C3CC3)CC2)c(-c2ccn[nH]2)c1,6.692504,7.27452,-0.582016
COc1ccc(C(=O)Nc2ccc(OC(F)(F)F)cc2)cc1-c1ccc(C(C)=O)s1,6.879426,6.6901984,0.18922758
O=C(Nc1ccc(OC(F)(F)F)cc1)c1cccc(-c2cncnc2)c1,4.30103,5.3063335,-1.0053034
CCCCCCCCCCCOc1cccc(CCC(=O)NC[C@@H](O)COP(=O)(O)OC[C@H](NC(=O)CC)C(=O)O)c1,5.0,5.036951,-0.036951065
Cc1ccc(C(=O)Nc2ccc(CN3CCN(C)CC3)c(C(F)(F)F)c2)cc1-n1cc(-c2cnc3ncccn23)nn1,3.9788108,4.1397433,-0.16093254
CC(=O)Nc1ccc(-c2cn([C@@H]3CN[C@H](C(=O)Nc4ccc(Cl)c(C(F)(F)F)c4)C3)nn2)cn1,3.7670038,3.6830802,0.08392358
COc1ccc(Cl)c(Nc2c(C#N)cnc3cc(OCC4CCN(C)CC4)c(OC)cc23)c1,3.6143937,4.051378,-0.43698406
O=C(Nc1ccc(OC(F)(F)F)cc1)c1cnc(N2CC[C@@H](O)C2)c(-c2cc(F)cnc2F)c1,5.958607,4.1529016,1.8057055
Nc1ncc(-c2cncc(C(=O)Nc3ccc(OC(F)(F)F)cc3)c2)cn1,5.2342606,5.6839123,-0.44965172
Cc1ccc(C(=O)Nc2ccc(OC(F)(F)F)cc2)cc1-c1cncnc1,5.4202166,4.3690033,1.0512133
CC(=O)Nc1cccc(Nc2ncc3cc(-c4c(Cl)cccc4Cl)c(=O)oc3n2)c1,4.7695513,4.218439,0.5511122
O=C(Nc1ccc(OC(F)(F)F)cc1)c1ccc(N2C[C@H](O)[C@@H](O)C2)c(-c2ccc[nH]2)c1,5.0,5.2345448,-0.23454475
Cc1ccc(C(=O)Nc2ccc(CN3CCN(CCO)CC3)c(C(F)(F)F)c2)cc1C#Cc1cnc(C(N)=O)n1C,4.69897,4.350727,0.34824276
O=C(Nc1cc2cc(-c3cnc4[nH]c(Cl)cc4c3)ccn2n1)[C@@H]1C[C@@H]1F,9.207608,9.230129,-0.022521019
C#Cc1ccc(C)c(-c2ccc3nc(NC(=O)[C@@H]4C[C@@H]4F)sc3c2)c1,4.7399287,4.270287,0.4696417
O=C(Nc1ccc(OC(F)(F)F)cc1)c1ccc(OCCN2CCOCC2)c(-c2cncnc2)c1,6.094825,6.4119973,-0.31717253
O=C(Nc1cc2cc(-c3cnc4[nH]cc(F)c4c3)ccn2n1)[C@@H]1C[C@@H]1F,4.4076014,4.6042295,-0.1966281
Cc1ccc(C(=O)Nc2ccc(CN3CCN(C)CC3)c(C(F)(F)F)c2)cc1C#Cc1cnc(C(N)=O)n1C,4.756962,4.4379134,0.3190484
CC(=O)c1sc(NC(=O)N[C@@H]2CN(C(C)=O)CC[C@H]2CN2CCC[C@@H](Cc3ccc(F)cc3)C2)nc1C,4.481486,4.7105894,-0.22910357
CN1CCN(C(=O)c2ccc(Nc3ncc4cc(-c5c(Cl)cccc5Cl)c(=O)n(C)c4n3)cc2)CC1,5.5406075,5.223652,0.31695557
CCNC(=O)Nc1nc2ccc(-c3ccccc3OC(F)(F)F)cc2s1,5.0,4.414419,0.5855808
CCS(=O)(=O)N1CCc2ccc(C(=O)NCc3cc4nc(-c5cccc(N6C[C@@H](C)O[C@@H](C)C6)n5)ccc4cn3)cc21,5.4436975,6.401825,-0.9581275
CO[C@H]1CN(c2ncc(C(=O)Nc3ccc(OC(F)(F)F)cc3)cc2-c2ccn[nH]2)C[C@@H]1N,4.004365,5.2482996,-1.2439346
Cc1ccccc1-c1ccc2nc(NC(=O)[C@@H]3C[C@@H]3F)sc2c1,4.5228786,4.49314,0.029738426
O=C(Nc1ccc(OC(F)(F)F)cc1)c1cnc(N2C[C@H](O)[C@@H](F)C2)c(-c2ccn[nH]2)c1,5.154902,4.1122437,1.0426583
O=C(NCc1nc(-c2ccc(Cl)c(Cl)c2)c[nH]1)Nc1ncc(Sc2ccccn2)s1,4.493495,4.2078824,0.28561258
O=C(O)CCCC[C@@H]1SC[C@@H]2NC(=O)N[C@@H]21,4.39794,4.143242,0.25469828
CC(C)(C)OC[C@H](NC(=O)c1cccc(-c2ccc(C(=O)NC3CC3)nc2)c1)C(=O)Nc1ccc(Cl)c(C(F)(F)F)c1,4.8124795,4.201246,0.6112337
COc1ccc(C(=O)Nc2ncccn2)cc1Nc1nccc(-c2cccnc2)n1,6.7746906,6.915248,-0.14055729
CCCCCCCCCCCOc1cccc(CCC(=O)NC[C@@H](O)COP(=O)(O)OC[C@H](NC(=O)C(C)(C)C)C(=O)O)c1,4.129011,4.1525955,-0.023584366
O=C(Nc1ccc(OC(F)(F)F)cc1)c1cnc(N2CCOC(CO)C2)c(-c2cncnc2)c1,4.217026,4.834157,-0.61713076
O=C(Nc1ccc(OC(F)(F)Cl)cc1)c1cnc(Cl)c(-c2cncc(F)c2)c1,5.3467875,4.627725,0.7190623
N#Cc1cncc(-c2cccc(C(=O)Nc3ccc(OC(F)(F)F)cc3)c2)c1,5.376751,3.843823,1.532928
Cc1ccc(NC(=O)c2cccc(C(F)(F)F)c2)cc1C#Cc1cnc2c(Nc3cnn(C)c3)nccn12,6.2494917,5.4081807,0.841311
Cc1ccc(NC(=O)c2ccc(CN3CCC(N(C)C)C3)c(C(F)(F)F)c2)cc1Nc1nccc(-c2cncnc2)n1,4.853872,4.771338,0.08253384
Cc1ccc(NC(=O)c2ccc(CN3CCN(C)CC3)c(C(F)(F)F)c2)cc1Nc1nccc(-c2cncnc2)n1,8.995679,8.93868,0.056999207
Cc1cc2cc(-c3ccn4nc(NC(=O)[C@@H]5C[C@@H]5F)cc4c3)cnc2[nH]1,5.653647,5.105876,0.547771
CO[C@H]1CN(c2ccc(C(=O)Nc3ccc(OC(F)(F)F)cc3)cc2-c2cncs2)C[C@@H]1O,9.455932,9.479623,-0.023691177
O=C(c1ccc(/C=C/c2n[nH]c3ccccc23)cc1)N1CCNCC1,5.2006593,3.866242,1.3344173
CS(=O)(=O)n1ccc(C(=O)NCC(=O)Nc2nc(-c3cccc(-c4ccncc4)c3)cs2)c1,6.6777806,5.41462,1.2631607
O=C(Nc1ccc(OC(F)(F)F)cc1)c1cnc(N2CC[C@@H](O)C2)c(-c2ccc3ccncc3c2)c1,7.0,6.4376564,0.5623436
CSCC[C@H](NC(=O)c1ccn(S(C)(=O)=O)c1)C(=O)Nc1nc(-c2cccc(-c3ccncc3)c2)cs1,6.0,6.4327345,-0.4327345
Cc1ccc(C(=O)Nc2ccc(OC(F)(F)F)cc2)cc1-n1ccnc1,5.0,5.677439,-0.6774392
O=C(Nc1ccc(OC(F)(F)F)cc1)c1cnc(N2C3COCC2COC3)c(-c2cncnc2)c1,9.69897,6.5261216,3.1728482
O=C(Nc1ccc(OC(F)(F)F)cc1)c1cnc(N2CCCNCC2)c(-c2cccnc2)c1,8.585027,8.777835,-0.19280815
Cc1ccc(C(=O)Nc2ccc(CN3CCN(C)CC3)cc2)cc1C#Cc1cnc2cccnn12,7.2441254,7.63593,-0.3918047
O=C(Nc1ccc(OC(F)(F)F)cc1)c1cnc(N2CCCC(O)C2)c(-c2cccnc2)c1,6.0,6.1594357,-0.15943575
COC[C@H](NC(=O)c1ccn(S(C)(=O)=O)c1)C(=O)Nc1nc(-c2cccc(-c3ccncc3)c2)cs1,3.7698066,3.8008337,-0.031027079
COc1ccc(-c2cc(C(=O)Nc3ccc(OC(F)(F)F)cc3)cnc2N2CC[C@@H](O)C2)cn1,7.7212462,5.4059505,2.3152957
Cc1ccc(C(=O)Nc2ccc(OC(F)(F)F)cc2)cc1-c1cccnc1,4.30103,6.3001437,-1.9991136
Cc1cc(N)nc(C)c1-c1ccc2nc(NC(=O)[C@@H]3C[C@@H]3F)sc2c1,4.0,4.8246684,-0.8246684
CN1CCN(c2ccc(C(=O)Nc3n[nH]c4sc(C(=O)NC(C)(C)c5ccccc5)cc34)cc2)CC1,4.464706,4.38539,0.07931614
CN1CCN(c2ccc(C(=O)Nc3[nH]nc4sc(C(=O)NC(C)(C)c5ccccc5)cc34)cc2)CC1,7.856985,8.287936,-0.43095112
N[C@]1(C(F)(F)F)CCN(c2ncc(C(=O)Nc3ccc(OC(F)(F)F)cc3)cc2-c2ccn[nH]2)C1,7.2596374,7.5144453,-0.25480795
Cc1ccncc1-c1ccc2nc(NC(=O)[C@@H]3C[C@@H]3F)sc2c1,4.7212462,4.3969927,0.32425356
Cc1ccc(NC(=O)c2cccc(C(F)(F)F)c2)cc1C#Cc1cnc2c(Nc3cnn(C)c3)ccnn12,4.026341,3.7564917,0.2698493
Cc1cccc(F)c1-c1ccc2nc(NC(=O)C3CC3)sc2c1,6.1001797,6.3815775,-0.28139782
Cc1cnc(-c2cc(C(=O)Nc3ccc(OC(F)(F)F)cc3)cnc2N2CC[C@@H](O)C2)[nH]1,5.21467,3.7654543,1.4492159
O=C(Nc1ccc(OC(F)(F)F)cc1)c1cnc(OCCNCCO)c(-c2cncnc2)c1,4.30103,5.082014,-0.7809839
Cc1c(-c2ccn3nc(NC(=O)[C@@H]4C[C@H]4F)cc3c2)cnc2[nH]ccc12,5.295335,4.75095,0.54438496
Cc1nc(Nc2ncc(C(=O)Nc3c(Cl)ccnc3C)s2)cc(N2CCN(C)CC2)n1,7.7695513,7.5649385,0.20461273
Cc1ccc(C(=O)Nc2ccc(CN3CCN(CC(=O)O)CC3)c(C(F)(F)F)c2)cc1C#Cc1cnc(C(N)=O)n1C,6.0,4.8228655,1.1771345
O=C(Nc1cc2cc(-c3cnc4[nH]cc(Cl)c4c3Cl)ccn2n1)[C@@H]1C[C@@H]1F,4.49485,4.6590652,-0.16421509
COc1cc2ncc(C#N)c(Nc3ccc(Cl)cc3Cl)c2cc1OC,6.154902,6.2027225,-0.047820568
O=C(Nc1nc2ccc(-c3ccccc3)cc2s1)[C@@H]1C[C@@H]1F,9.537602,9.071917,0.46568584
Cc1nc(NCCO)cc(Nc2ncc(C(=O)Nc3c(Cl)ccnc3C)s2)n1,8.408936,8.318354,0.090581894
Cc1c(Cc2c(Cl)cccc2Cl)c(=O)ccn1CCc1ccc(-c2c[nH]c(CNC(=O)Nc3nc4ccc(S(C)(=O)=O)cc4s3)n2)cc1,9.1549015,9.032014,0.12288761
Nc1n[nH]c2cccc(C#Cc3cccc(NC(=O)c4ccc(N5CCOCC5)c(C(F)(F)F)c4)c3)c12,5.0,4.635706,0.36429405
COc1cc(Nc2c(C#N)cnc3cc(OCC4CCCN(C)C4)c(OC)cc23)c(Cl)cc1Cl,3.7461777,4.7096267,-0.963449
O=c1nc2n(c3cccc(Br)c13)-c1ccc(C3CCNCC3)cc1C21CCCCC1,7.1870866,5.8176656,1.369421
COc1cc(OCC(=O)O)c(C)cc1SCc1ccc(OCc2ccc(C(F)(F)F)cc2)cc1,5.154902,4.5748544,0.5800476
CCCCCCCCCCCOc1cccc(CCC(=O)NC[C@@H](O)COP(=O)(O)OC[C@H](C)C(=O)O)c1,4.423659,4.6709213,-0.24726248
O=C(Nc1cn2cc(-c3cccc(F)c3OCCF)ccc2n1)[C@@H]1C[C@@H]1F,4.1985965,4.7786684,-0.5800719
COc1ccc(C(=O)Nc2ccc(F)c(Cl)c2)cc1Nc1nccc(-c2cccnc2)n1,7.468521,6.607491,0.8610301
CC(C)n1cnc2cc(C(=O)Nc3ccc(OC(F)(F)Cl)cc3)nc(-c3cncnc3)c21,4.579203,5.404174,-0.8249707
COc1ccc(C(=O)Nc2ccc(Br)cc2)cc1Nc1nccc(-c2cccnc2)n1,5.0604806,5.2774677,-0.21698713
COc1ccc(Cc2ccccc2O[C@@H]2O[C@H](CO)[C@@H](O)[C@H](O)[C@H]2O)cc1,6.4762535,4.7806816,1.6955719
CC(=O)Nc1nc2ccc(-c3cn([C@@H]4CN[C@H](C(=O)Nc5ccc(Cl)cc5Cl)C4)nn3)nc2s1,5.329198,6.6710186,-1.3418207
Cc1ccc(C(=O)Nc2ccc(CN3CCN(C)CC3)c(C(F)(F)F)c2)cc1C#Cc1cnc2[nH]nc(-c3ccccc3)c2c1,6.0,6.2147436,-0.21474361
COCCN1CCN(Cc2ccc(NC(=O)c3ccc(C)c(C#Cc4cnc(C(N)=O)n4C)c3)cc2C(F)(F)F)CC1,7.6777806,7.5983715,0.07940912
Cc1ccc(NC(=O)c2ccc(CN3CC[C@H](N(C)C)C3)c(C(F)(F)F)c2)cc1Nc1nccc(-c2cncnc2)n1,6.154902,5.092191,1.0627108
O=C(Nc1cn2cc(-c3ccccc3CCF)ccc2n1)[C@@H]1C[C@@H]1F,9.20066,8.7724,0.42825985
O=C(Nc1ccc(OC(F)(F)F)cc1)c1cnc(Cl)c(-c2cncc(F)c2)c1,5.0,5.3120933,-0.31209326
Cc1ccc(C(=O)Nc2cccc(C(F)(F)F)c2)cc1C#Cc1cnc2c(Nc3cnn(C)c3)ccnn12,6.8268137,5.3927054,1.4341083
Cc1cn(-c2cc(C(=O)Nc3ccc(C)c(C#Cc4cnc5c(Nc6cnn(C)c6)nccn45)c3)cc(C(F)(F)F)c2)cn1,9.481486,9.141982,0.33950424
Nc1cnc(Cl)cc1NC(=O)Nc1cc(C(F)F)ns1,4.026461,3.8384748,0.18798637
Nc1cnc(F)cc1NC(=O)Nc1cc(C(F)F)ns1,6.9956784,7.5088787,-0.5132003
O=C(Nc1cc(C(F)F)ns1)Nc1cc(F)ncc1CO,5.510182,5.707205,-0.19702291
O=C(Nc1ccc(OC(F)(F)F)cc1)c1cnc(Cl)c(-c2ncc[nH]2)c1,7.3565474,8.005609,-0.6490612
O=C(Nc1ccnc(Cl)c1)Nc1cc(C(F)F)ns1,4.3904057,4.9732633,-0.5828576
O=C(Nc1cc(C(F)F)ns1)Nc1cc(Cl)ncc1CO,9.29243,9.195587,0.096842766
O=C(Nc1ccc(OC(F)(F)F)cc1)c1cnc(N2CCOC(CO)C2)c(-c2ccn[nH]2)c1,4.3324537,3.6764357,0.656018
Cc1ccc(C(=O)Nc2ccc(CN3CCN(C)CC3)c(C(F)(F)F)c2)cc1C#Cc1cn(C(C)C)c2ncnc(N)c12,4.30103,5.4187527,-1.1177225
Cc1ccc(C(=O)Nc2ccc(CN3CCN(C)CC3)c(C(F)(F)F)c2)cc1C#Cc1cn(C)c2ncnc(N)c12,5.2596374,5.4698286,-0.21019125
CN(CCOc1ccc(Cc2sc(=O)[nH]c2O)cc1)c1ccccn1,5.500038,4.741218,0.75882006
Cc1ccc(C(=O)Nc2ccc(CN3CCN(C)CC3)c(C(F)(F)F)c2)cc1C#Cc1cn([C@H]2CC[C@H](O)CC2)c2ncnc(N)c12,6.0,5.6625957,0.33740425
COC[C@H](NC(=O)c1ccn(S(C)(=O)=O)c1)C(=O)Nc1nc(-c2cccc(N3C[C@@H](C)O[C@@H](C)C3)n2)cs1,6.537602,5.356517,1.1810851
O=C(Nc1ccc(OC(F)(F)F)cc1)c1cnc(N2CCOCC2)c(-c2ccn[nH]2)c1,5.3467875,4.2233353,1.1234522
O=C(Nc1ccc(OC(F)(F)F)cc1)c1cnc(N2CCC[C@@H](O)C2)c(-c2cccnc2)c1,7.29243,7.355747,-0.0633173
Cc1ccc(NC(=O)c2ccc(CN3CCN(C)CC3)c(C(F)(F)F)c2)cc1C#Cc1cn(C)c2ncnc(N)c12,4.4881167,4.5267153,-0.038598537
Cc1ccc(NC(=O)c2ccc(CN3CCN(C)CC3)c(C(F)(F)F)c2)cc1C#Cc1cn([C@H]2CC[C@H](O)CC2)c2ncnc(N)c12,6.4436975,5.1088448,1.3348527
N#Cc1ccc(-c2cc(C(=O)Nc3ccc(OC(F)(F)F)cc3)cnc2N2CC[C@H](CO)C2)cn1,5.387216,4.1789317,1.2082844
Cc1ccc(C(=O)Nc2cccc(C(F)(F)F)c2)cc1C#Cc1cn(C)c2ncnc(N)c12,7.4436975,8.266494,-0.82279634
Cc1ccc(C(=O)Nc2cccc(C(F)(F)F)c2)cc1C#Cc1cn([C@H]2CC[C@H](O)CC2)c2ncnc(N)c12,8.20066,7.503991,0.6966686
Cc1ccc(NC(=O)c2cccc(C(F)(F)F)c2)cc1Nc1nccc(-c2cccnc2)n1,7.2596374,8.465752,-1.2061143
Cc1cn(-c2cc(NC(=O)c3ccc(C)c(C#Cc4cnc(NC5CC5)nc4)c3)cc(C(F)(F)F)c2)cn1,5.0,4.7885933,0.21140671
CCn1cc(C#Cc2cccc(C(=O)Nc3cccc(C(F)(F)F)c3)c2)c2c(N)ncnc21,5.1509495,5.7470326,-0.59608316
CCn1cc(C#Cc2cc(C(=O)Nc3ccc(CN4CCN(C)CC4)c(C(F)(F)F)c3)ccc2C)c2c(N)ncnc21,5.1426673,5.488884,-0.34621668
CCn1cc(C#Cc2cc(C(=O)Nc3cccc(C(F)(F)F)n3)ccc2C)c2c(N)ncnc21,6.0,7.2144527,-1.2144527
Cc1cn(-c2cc(NC(=O)c3ccc(C)c(C#Cc4cn(C)c5ncnc(N)c45)c3)cc(C(F)(F)F)c2)cn1,4.30103,3.8813148,0.4197154
CCn1cc(C#Cc2cc(C(=O)Nc3ccc(CN(C)C)c(C(F)(F)F)c3)ccc2C)c2c(N)ncnc21,5.3577332,4.0370235,1.3207097
CC(C)c1cc(CNc2nc(Nc3cc(C4CC4)[nH]n3)cc(N3CCN(C)CC3)n2)on1,6.1101384,4.67695,1.4331884
CC1(C)CC(NC(=O)c2cccc(-c3cc4nccc(Nc5cccc(O)c5)n4n3)c2)CC(C)(C)N1[O],4.30103,3.7394004,0.5616298
Nc1ncnc2c1c(-c1cccc(O)c1)cn2C1CCC1,4.6777806,4.0301595,0.64762115
Cc1ccc(-c2cc(C(=O)Nc3ccc(OC(F)(F)F)cc3)cnc2N2CC[C@@H](CN)C2)cn1,7.9211807,6.1753087,1.745872
O=c1[nH]c(N2CCC3(CC2)CC(O)C3)nc2cc(OCC3CC3)cc(F)c12,6.468521,6.939637,-0.47111607
Cc1ncccc1-c1cc(C(=O)Nc2ccc(OC(F)(F)F)cc2)cnc1N1CC[C@@H](O)C1,6.3467875,5.9103966,0.43639088
CCn1cc(C#Cc2cc(NC(=O)c3cccc(C(F)(F)F)c3)ccc2C)c2c(N)ncnc21,8.0,7.510866,0.48913383
CCn1cc(C#Cc2cc(NC(=O)c3cc(-n4cnc(C)c4)cc(C(F)(F)F)c3)ccc2C)c2c(N)ncnc21,6.705534,6.2366047,0.4689293
CCn1cc(C#Cc2cc(NC(=O)c3ccc(CN4CCN(C)CC4)c(C(F)(F)F)c3)ccc2C)c2c(N)ncnc21,7.6197886,4.721779,2.8980098
COC[C@@H](NC(=O)c1ccn(S(C)(=O)=O)c1)C(=O)Nc1nc(-c2cccc(N3C[C@@H](C)O[C@@H](C)C3)n2)cs1,4.3851027,4.0187016,0.3664012
CN(CCO)c1ncc(C(=O)Nc2ccc(OC(F)(F)F)cc2)cc1-c1cncc(C#N)c1,6.600326,5.5053787,1.0949473
C[C@@H]1CN(c2cccc(-c3csc(NC(=O)CNC(=O)c4ccn(C(C)(C)C)c4)n3)n2)C[C@H](C)O1,4.1426673,4.805071,-0.6624036
CCn1cc(C#Cc2cc(C(=O)Nc3cccc(C(F)(F)F)c3)ccc2C)c2c(N)ncnc21,4.6840296,4.257023,0.42700672
CCC(C)(Cc1ccc(OCCCOc2ccc(Oc3ccc(F)cc3)cc2Cl)cc1)C(=O)O,5.0,5.11237,-0.112370014
Cc1ccc(C(=O)Nc2ccc(C)c(C(F)(F)F)c2)cc1C#Cc1cn([C@H]2CC[C@H](O)CC2)c2ncnc(N)c12,4.9850597,3.746383,1.2386768
Cc1ccc(NC(=O)c2ccc(CN3CCN(C)CC3)c(C(F)(F)F)c2)cc1Nc1nccc(-c2cccnc2)n1,4.0,3.548249,0.451751
O=C(Nc1ccc(OC(F)(F)Cl)cc1)c1cnc(NC[C@H](O)CCO)c(-c2ccn[nH]2)c1,7.229148,7.5526686,-0.32352066
Cc1ccnc(F)c1-c1ccc2nc(NC(=O)[C@@H]3C[C@@H]3F)sc2c1,5.236572,4.0177927,1.2187791
O=C(Nc1nc2ccc(-c3cnc4[nH]ncc4c3)cc2s1)C1CC1,9.387217,8.710792,0.676425
O=C(NCc1nc(-c2cccc(Br)c2)c[nH]1)Nc1ncc(Sc2ccccn2)s1,8.30103,8.498214,-0.19718361
O=C(Nc1ccc(OC(F)(F)Cl)cc1)c1cnc(NCCC(O)C(=O)O)c(-c2ccn[nH]2)c1,4.69897,4.5043335,0.19463634
CN(CCO)c1ncc(C(=O)Nc2ccc(OC(F)(F)F)cc2)cc1-c1cccnc1,6.6382723,5.7299013,0.908371
CCCCCCCCCCCOc1cccc(CCC(=O)NC[C@@H](O)COP(=O)(O)OC[C@H](NC(=O)CCC)C(=O)O)c1,4.502794,4.4537168,0.049077034
Cc1ccc(NC(=O)c2ccc3c(c2)CCC3N2CCN(C(C)C)CC2)cc1Nc1nccc(-c2cccnc2)n1,4.5044556,4.5545864,-0.050130844
COc1cc(-c2c(C)cccc2C)cc(C(C)C#Cc2c(C)nc(N)nc2N)c1,7.338187,7.3689494,-0.030762196
O=C(C1CC1)N1CCC2(CC1)CN(c1nc3cc(OCC4CC4)cc(F)c3c(=O)[nH]1)C2,4.30103,3.13558,1.1654501
O=C(Nc1ccc(OC(F)(F)Cl)cc1)c1cnc(N2CCC(F)(F)C2)c(-c2ccn[nH]2)c1,6.0,5.1336346,0.86636543
Cc1cnccc1-c1ccc2nc(NC(=O)[C@@H]3C[C@@H]3F)sc2c1,6.328004,5.194193,1.133811
COc1ncc(-c2cc(C(=O)Nc3ccc(OC(F)(F)F)cc3)ccc2N2CC[C@@H](O)C2)cn1,8.49485,8.465979,0.028871536
CCCCCCCCCCCOc1cccc(CCC(=O)NC[C@@H](O)COP(=O)(O)OC[C@H](NC(C)=O)C(=O)O)c1,4.835647,5.610121,-0.77447367
CCNC(=O)Nc1nc2ccc(-c3ccc(OC)cc3)cc2s1,8.0,7.9696565,0.030343533
O=C(Nc1ccc(OC(F)(F)Cl)cc1)c1cnc(NCC(O)CCO)c(-c2ccn[nH]2)c1,5.258848,4.0831594,1.1756887
O=C(Nc1ccc(OC(F)(F)Cl)cc1)c1cnc(NC[C@@H](O)CCO)c(-c2ccn[nH]2)c1,5.937042,6.8790574,-0.9420152
CC(c1ccccc1)n1cc(-c2cc(-c3ccccc3O)nnc2N)cn1,8.30103,6.0386305,2.2623997
Cc1ccc(NC(=O)c2ccc3c(c2)CCC3N2CCN(C)CC2)cc1Nc1nccc(-c2cccnc2)n1,9.20066,9.2215395,-0.020879745
CC(=O)Nc1n[nH]c2cc(-c3cn([C@@H]4CN[C@H](C(=O)Nc5ccc(Br)cc5)C4)nn3)ccc12,5.8860564,4.5506573,1.3353992
CCn1cc(-c2ccc3c(c2)ncn3-c2cc(OC)c(C(N)=O)c(OC)c2)cn1,4.30103,4.583795,-0.2827649
COc1ccncc1-c1ccc2nc(NC(=O)[C@@H]3C[C@@H]3F)sc2c1,3.8239088,3.606279,0.21762991
Cc1ccc(C(=O)Nc2ccc(CN3CCN(C)CC3)c(C(F)(F)F)c2)cc1-n1cc(-c2cnc(NC(C)C)nc2)nn1,4.30103,4.808093,-0.5070629
COc1cc(Cl)ccc1Nc1c(C#N)cnc2cc(OCCON3CCN(C)CC3)c(OC)cc12,4.0,5.347849,-1.3478489
CC(C)(O)C1CCN(c2ncc(C(=O)Nc3ccc(OC(F)(F)F)cc3)cc2-c2cccnc2)C1,4.978811,3.6773443,1.3014665
C[C@@H]1CN(c2cccc(-c3csc(NC(=O)CNC(=O)c4ccn(C(C)(C)C)c4)n3)n2)CCO1,4.537602,4.2134166,0.32418537
O=C(Nc1ccc(OC(F)(F)F)cc1)c1cnc(C2=CCOCC2)c(-c2cncnc2)c1,6.2380724,5.3806705,0.85740185
CNc1ncc(C#Cc2cc(C(=O)Nc3cc(-n4cnc(C)c4)cc(C(F)(F)F)c3)ccc2C)cn1,6.1001797,4.686887,1.4132929
CC[C@](C)(Cc1ccc(OCCCOc2ccc(Oc3ccc(F)cc3)cc2Cl)cc1)C(=O)O,4.026295,4.533795,-0.5074997
COC[C@H](NC(=O)c1ccn(C(C)(C)C#N)c1)C(=O)Nc1nc(-c2cccc(N3C[C@@H](C)O[C@@H](C)C3)n2)cs1,4.387216,4.0769877,0.31022835
COC[C@H](NC(=O)c1ccn(C(C)(C)C)c1)C(=O)Nc1nc(-c2cccc(N3C[C@@H](C)O[C@@H](C)C3)n2)cs1,7.0457573,5.4255943,1.620163
Cc1n[nH]c2ccc(-c3cc(N[C@@H](CO)c4ccccc4)cnc3-c3ccc(F)cc3O)cc12,5.530178,4.9950676,0.5351105
Cc1ccc(NC(=O)c2ccc3c(c2)CCC3N2CCNCC2)cc1Nc1nccc(-c2cccnc2)n1,6.4436975,5.8612814,0.58241606
CCNC(=O)Nc1nc2ccc(-c3ccccc3OC)cc2[nH]1,6.465974,5.9276915,0.5382824
N#CC1(c2ncc(C(=O)Nc3ccc(OC(F)(F)F)cc3)cc2-c2cncnc2)CCC1,4.7746906,4.359221,0.41546965
C[C@@H]1CN(c2cccc(-c3ccc4cnc(CNC(=O)c5cc6c(cn5)CCN6S(C)(=O)=O)cc4n3)n2)C[C@H](C)O1,6.853872,5.1069927,1.7468791
CCN1CCN(C2CCc3cc(C(=O)Nc4ccc(C)c(Nc5nccc(-c6cccnc6)n5)c4)ccc32)CC1,9.408936,8.922307,0.48662853
COc1cc2c(Nc3ccc(Cl)c(OC)n3)c(C#N)cnc2cc1OCCON1CCN(C)CC1,4.0,3.5589392,0.44106078
O=C(Nc1ccc(OC(F)(F)F)cc1)c1cnc(N2CC[C@@H](O)C2)c(-c2ncc[nH]2)c1,3.3799682,3.1828132,0.197155
CC(=O)Nc1cccn2c(C#Cc3cc(C(=O)Nc4cc(-n5ccnc5)cc(C(F)(F)F)c4)ccc3C)cnc12,5.2441254,3.261614,1.9825113
COc1ccc(-c2cc(OC)cc(C(C)C#Cc3c(C)nc(N)nc3N)c2)cc1,4.30103,5.7535524,-1.4525223
Cc1ccc(C(=O)Nc2ccc(CN3CCN(C)CC3)c(C(F)(F)F)c2)cc1C#Cc1cn(C)c(-c2ncc(C(F)(F)F)[nH]2)n1,6.0,5.2924585,0.70754147
O=C(Nc1ccc(OC(F)(F)F)cc1)c1cccc(-c2cnc(OCCO)nc2)c1,5.500038,5.9862213,-0.48618317
Cc1n[nH]c2ccc(-c3cc(N[C@@H](CO)c4ccccc4)cnc3-c3cc(Cl)ccc3O)cc12,5.452225,4.802041,0.65018415
Cc1ccc(NC(=O)c2cccc(C(F)(F)F)c2)cc1Nc1ncccc1-c1cc(Nc2ccc(OCCNC(=O)COCCOCCOCCOCCN)cc2)ncn1,5.070581,4.277359,0.79322195
Cc1ccc(NC(=O)c2cccc(C(F)(F)F)c2)cc1Nc1ncccc1-c1ncnc(Nc2ccc(OCCNC(=O)COCCOCCOCCOCCN)cc2)n1,5.692076,3.5142143,2.177862
O=C(Nc1ccc(OC(F)(F)Cl)cc1)c1cnc(NCCC(O)CO)c(-c2ccn[nH]2)c1,6.05061,5.7282877,0.32232237
CCCCCCCCCCCOc1cccc(CCC(=O)NC[C@@H](O)COP(=O)(O)OC[C@H](NC(=O)CCCC)C(=O)O)c1,8.522879,9.117539,-0.59466076
Cc1ccc(C(=O)Nc2cccc(C(F)(F)F)c2)cc1C#Cc1cnc2c(Nc3cnn(C)c3)nccn12,5.0,4.9961243,0.0038757324
CC(C)S(=O)(=O)N1CCc2ccc(C(=O)NCc3cc4nc(-c5cccc(N6C[C@@H](C)O[C@@H](C)C6)n5)ccc4cn3)cc21,5.3665314,4.930382,0.4361496
CN1CCN(Cc2ccc(-c3cnc4[nH]cc(-c5ccc6[nH]ccc6c5)c4c3)cc2)CC1,5.6382723,4.5059595,1.1323128
O=C(Nc1ccc(OC(F)(F)F)cc1)c1cncc(-c2cncnc2)c1,4.823909,3.9932299,0.83067894
Cc1cccc(C)c1/C=C/n1cnc2c(Nc3ccc(P(C)(C)=O)cc3)nc(N3CCN(C)CC3)nc21,4.479003,5.5558662,-1.0768633
Cc1ccc(C(=O)Nc2ccc(CN3CCN(C)CC3)c(C(F)(F)F)c2)cc1C#Cc1ccc(-c2ncc[nH]2)nc1,8.69897,7.4263678,1.2726021
CC(C)(C)OC(=O)N1C[C@@H](n2cc(-c3ccc4nc(N)sc4n3)nn2)C[C@H]1C(=O)Nc1ccc(Br)cc1,4.623423,3.9670246,0.65639853
CN(CCO)c1ncc(C(=O)Nc2ccc(OC(F)(F)F)cc2)cc1-c1ccn[nH]1,7.376751,8.492206,-1.1154547
Cc1ccc(C(=O)Nc2ccc(CN3CCN(C)CC3)c(C(F)(F)F)c2)cc1C#Cc1cnc2[nH]c(=O)[nH]c2c1,5.2596374,4.920981,0.33865643
CC(=O)Nc1nc2ccc(-c3cn([C@@H]4CN[C@H](C(=O)Nc5ccc(Br)cc5)C4)nn3)nc2s1,6.49485,5.7170324,0.7778177
Cc1ccc(-c2cc(C(=O)Nc3ccc(OC(F)(F)F)cc3)cnc2N2CC[C@H](N)C2)cn1,5.0,5.246597,-0.24659681
Cc1cn(-c2cc(NC(=O)c3ccc(C)c(C#Cc4cnc(N)nc4)c3)cc(C(F)(F)F)c2)cn1,5.956638,5.300264,0.656374
CCC(C)(C)c1ccc(OCCCOc2ccc3c(c2)O[C@@](C)(C(=O)O)CC3)c(Cl)c1,9.49485,8.822333,0.6725168
c1ccc(CN2CCC(Nc3ccc4[nH]nc(-c5nc6ccc(N7CCC(N8CCCCC8)CC7)cc6[nH]5)c4c3)CC2)cc1,8.003051,8.119634,-0.11658287
O=C(Nc1ccc(OC(F)(F)C(F)F)cc1)c1cnc(N2CC[C@@H](O)C2)c(-c2cncc(F)c2)c1,6.0,5.184786,0.81521416
Cc1cc(C)c(NC(=O)Cc2cc3ccccc3cc2C(=O)N[C@H](C(=O)O)[C@@H](C)OC(C)(C)C)c(C)c1,5.2596374,4.8991814,0.360456
Nc1cnc(-c2cccc(C(=O)Nc3ccc(OC(F)(F)F)cc3)c2)cn1,4.920819,4.638709,0.28210974
COc1ccccc1-c1c[nH]c2ncc(-c3cccc(C(=O)N(C)C)c3)cc12,8.508638,8.27634,0.23229885
Cc1ccc(-c2cc(C(=O)Nc3ccc(OC(F)(F)C(F)F)cc3)cnc2N2CC[C@@H](O)C2)cn1,4.368556,4.737791,-0.36923504
Cc1ccc(C(=O)Nc2ccc(Cl)cc2Cl)cc1C#Cc1cc(-c2cnn(C)c2)cnc1N,3.2874346,4.6323195,-1.3448849
Cc1ccc(NC(=O)c2ccc(CN3CCN(C)CC3)c(Br)c2)cc1Nc1nccc(-c2cccnc2)n1,6.0,5.357564,0.642436
N#Cc1cc(-c2cc(C(=O)Nc3ccc(OC(F)(F)F)cc3)cnc2N2CCCC2)[nH]n1,7.7695513,7.8989253,-0.12937403
Cc1ccc(C(=O)Nc2ccc(CN3CCN(C)CC3)c(C(F)(F)F)c2)cc1Nc1cc(-c2cccnc2)ccn1,2.9586072,3.202156,-0.24354887
Cc1ccc(C#N)cc1-c1ccc2nc(NC(=O)[C@@H]3C[C@@H]3F)sc2c1,9.522879,8.788846,0.73403263
CN(CCO/N=C1/C(=C2/C(=O)Nc3cc(Br)ccc32)Nc2ccccc21)CC(O)CO,7.3467875,5.573189,1.7735987
CC(COc1cc(-c2ccccc2O)nnc1N)c1ccccc1,8.920818,7.700244,1.2205744
O=C(Nc1cc2cc(-c3cnc4[nH]cc(F)c4c3Cl)ccn2n1)[C@@H]1C[C@@H]1F,3.7447276,3.5423574,0.20237017
COc1cc(-c2ccccc2C)cc(C(C)C#Cc2c(C)nc(N)nc2N)c1,5.240332,5.262779,-0.02244711
COc1cc(-c2ccccc2)cc(C(C)C#Cc2c(C)nc(N)nc2N)c1,7.2596374,8.339133,-1.0794959
Nc1ccc(-c2ccc3nc(NC(=O)C4CC4)sc3c2)cn1,5.879426,5.2625284,0.6168976
CC(C)Nc1cc(-c2c(-c3ccccc3)nnn2Cc2ccccc2)ccn1,5.3469996,4.8278255,0.5191741
O=C(Nc1nc2ccc(-c3cnccc3Cl)cc2s1)[C@@H]1C[C@@H]1F,7.0457573,5.3731346,1.6726227
Cc1ncccc1-c1ccc2nc(NC(=O)[C@@H]3C[C@@H]3F)sc2c1,6.567031,4.9463406,1.6206903
O=C(Nc1cc2cc(-c3cnc4[nH]ccc4c3Cl)ccn2n1)[C@@H]1C[C@@H]1F,8.958608,5.974886,2.9837217
Cc1ccc(-c2ncc[nH]2)cc1-c1ccc2nc(NC(=O)[C@@H]3C[C@@H]3F)sc2c1,6.756962,6.0622525,0.6947093
C=C(C)c1ccc(C)c(-c2ccc3nc(NC(=O)[C@@H]4C[C@@H]4F)sc3c2)c1,5.30103,4.5719175,0.7291126
O=C(Nc1ccc(OC(F)(F)Cl)cc1)c1cnc(NCC[C@H](O)CO)c(-c2ccn[nH]2)c1,7.17582,6.1695414,1.0062785
CO[C@@H](C(=O)N1Cc2n[nH]c(NC(=O)c3ccc(N4CCN(C)CC4)cc3)c2C1)c1ccccc1,4.0264196,3.8550727,0.1713469
Cc1c(F)cncc1-c1ccc2nc(NC(=O)C3CC3(F)F)sc2c1,5.0,4.6747975,0.32520247
CN1CCN(Cc2ccc(C(=O)Nc3ccc(CC(=O)Nc4ccc(NC(=O)C5CC5)nc4)cc3)cc2C(F)(F)F)CC1,4.0264797,3.8996544,0.12682533
COc1n[nH]c2ncc(C#Cc3cc(C(=O)Nc4ccc(CN5CCN(C)CC5)c(C(F)(F)F)c4)ccc3C)cc12,4.7351823,4.333438,0.40174437
CS(=O)(=O)O.Cc1ncc(NC(=O)c2ccc(CN3CCN(C)CC3)c(C(F)(F)F)c2)cc1Nc1nccc(-c2cccnc2)n1,9.30103,9.015561,0.28546906
Cc1cn(-c2cc(NC(=O)c3ccc(C)c(/C=C/N4CNc5c(NC6CC6)ncnc54)c3)cc(C(F)(F)F)c2)cn1,8.522879,6.15521,2.3676686
CC(C)n1nc(C#Cc2cccc(O)c2)c2c(N)ncnc21,6.537602,4.230977,2.306625
COC[C@H](NC(=O)c1ccn(C2(C#N)CC2)c1)C(=O)Nc1nc(-c2cccc(N3C[C@@H](C)O[C@@H](C)C3)n2)cs1,5.468521,4.773939,0.694582
CC(C)(C)[C@H](NC(=O)c1ccc(-c2cncc(C(=O)NC3CC3)c2)cc1)C(=O)Nc1ccc(Cl)c(C(F)(F)F)c1,4.565431,4.364363,0.20106792
COc1ncc(-c2cc(C(=O)Nc3ccc(OC(F)(F)F)cc3)ccc2Cl)cn1,7.086716,5.6929226,1.3937936
C=CCS(=O)(=O)N1CCc2ccc(C(=O)NCc3cc4nc(-c5cccc(N6C[C@@H](C)O[C@@H](C)C6)n5)ccc4cn3)cc21,7.5228786,7.095089,0.4277897
CCc1nc(N)nc(N)c1C#CCc1cc(OC)ccc1OC,5.379968,4.8179264,0.56204176
COc1ccc(C)c(Nc2c(C#N)cnc3cc(OCC4CCN(C)CC4)c(OC)cc23)c1,7.6126103,7.6241913,-0.011580944
O=C(Nc1ccc(OC(F)(F)F)cc1)c1cnc(N2CCNC3(CC3)C2)c(-c2ccn[nH]2)c1,5.4353337,5.306223,0.12911081
Cc1ccnc(Cl)c1-c1ccc2nc(NC(=O)[C@@H]3C[C@@H]3F)sc2c1,6.063486,4.8436527,1.2198334
COc1cc(Nc2c(C#N)cnc3cc(OCC4CCN(C)CC4)c(OC)cc23)c(C)cc1C,8.6575775,7.456957,1.2006207
Cc1ccc(-n2cccn2)cc1-c1ccc2nc(NC(=O)[C@@H]3C[C@@H]3F)sc2c1,5.853872,5.1668577,0.6870141
Nc1n[nH]c2cc(-c3cn([C@@H]4CN[C@H](C(=O)Nc5ccc(Cl)cc5Cl)C4)nn3)ccc12,6.3279023,3.7927775,2.5351248
O=C(Nc1ccc(OC(F)(F)F)cc1)c1cncc(-c2cccnc2)c1,8.431798,6.2925453,2.1392527
COc1ccc(C(=O)Nc2ccc(OC(F)(F)F)cc2)cc1-c1ccncc1,7.3467875,7.03769,0.3090973
Nc1nnc(-c2ccccc2O)cc1C1CCCCC1,6.60206,5.676689,0.9253707
O=c1nc2n(c3cccc(Cl)c13)-c1ccc(C3CCNCC3)cc1C21CCCCC1,7.0,6.455912,0.5440879
O=C(Nc1ccc(OC(F)(F)F)cc1)c1cnc(OC2CCOCC2)c(-c2cncnc2)c1,8.920818,9.0943165,-0.17349815
CCc1cccc(NC(=O)CCCCCC2NC(=O)NC2C)c1,5.69897,5.943635,-0.24466515
COc1c(-c2ccn3nc(NC(=O)[C@@H]4C[C@@H]4F)cc3c2)cnc2[nH]ccc12,4.026655,4.0355573,-0.008902073
COc1ccccc1-c1c[nH]c2ncc(-c3cncc(C(=O)N(C)C)c3)cc12,5.3665314,4.7594814,0.60704994
Cc1ccncc1-c1ccc2nc(NC(=O)C3CC3)sc2c1,5.30103,4.855208,0.44582224
CNC(=O)c1cc(Oc2ccc(NC(=O)Nc3cc(C(C)(C)C)nn3-c3ccc4c(c3)CCNC4)c(F)c2)ccn1,5.309804,4.790045,0.5197592
CC(C)(C)c1cc(NC(=O)Nc2cccc(Nc3ncnc4ccccc34)c2)n(-c2cccc([N+](=O)[O-])c2)n1,5.049684,5.2122116,-0.16252756
COc1cc(CNCc2ccccn2)ccc1OCc1ccccc1F,4.623423,4.581752,0.041671276
CS(=O)(=O)n1ccc(C(=O)NCC(=O)Nc2nc(-c3cccc(N4CCOCC4)n3)cs2)c1,6.0,4.9708,1.0292001
Cc1ccc(NC(=O)c2ccc(CN3CCN(C)CC3)c(C(F)(F)F)c2)cc1C#Cc1cnc2ccccn12,7.154902,6.6706333,0.48426867
COc1cc(CNCc2ccccn2)cc(Cl)c1OCc1ccc(Cl)cc1Cl,4.69897,4.5747385,0.12423134
CC(O)c1cccc(Nc2ncc3cc(-c4cc(N(C)C(=O)c5cccc(C(F)(F)F)c5)ccc4Cl)c(=O)n(C)c3n2)c1,4.30103,4.9826975,-0.6816673
Cc1ccc(C(=O)Nc2ccc(OC3CCN(C)CC3)c(C(F)(F)F)c2)cc1C#Cc1cnc2ccccn12,8.0,7.855591,0.14440918
Cc1ccc(C(=O)Nc2ccc(CN3CCN(C)CC3)c(C(F)(F)F)c2)cc1Nc1nccc(-c2cccnc2)n1,5.9871626,4.995486,0.9916768
COc1cc(CNCc2ccccn2)ccc1OCc1cccc(Cl)c1,6.79588,5.976884,0.81899595
O=C(Nc1cc2cc(-c3cnc4[nH]ccc4c3Cl)ccn2n1)C1CC1,4.0899096,3.500464,0.5894456
CCOc1cc(F)c2c(=O)[nH]c(NCC3CCOCC3)nc2c1,8.0,7.27222,0.72777987
C=CC(=O)Nc1ccc(-c2cn([C@@H]3CN[C@H](C(=O)Nc4ccc(Cl)c(C(F)(F)F)c4)C3)nn2)cn1,6.0,5.7133245,0.28667545
CC(C)(C)OC[C@H](NC(=O)c1cccc(-c2cncc(C(=O)NC3CC3)c2)c1)C(=O)Nc1ccc(Cl)c(C(F)(F)F)c1,5.275724,5.246379,0.029345036
CC(C)(O)c1ncc(C(=O)Nc2ccc(OC(F)(F)F)cc2)cc1-c1cncnc1,6.0,5.6918344,0.30816555
Cc1ccc(-c2nccs2)cc1-c1ccc2nc(NC(=O)[C@@H]3C[C@@H]3F)sc2c1,8.619789,6.0310154,2.5887737
Cc1c(Cc2c(Cl)cccc2Cl)c(=O)ccn1CCc1ccc(-c2c[nH]c(CNC(=O)Nc3ncc(S(C)(=O)=O)s3)n2)cc1,7.1366773,7.6712117,-0.53453445
CCc1ccc(C(=O)Nc2cc(CN3CCN(C)CC3)cc(C(F)(F)F)c2)cc1C#Cc1cnc2cnccn12,9.30103,8.6260195,0.6750107
CCOc1ncc(C(=O)Nc2ccc(OC(F)(F)F)cc2)cc1-c1cncnc1,4.9000087,4.5703855,0.32962322
COc1ccc(C(=O)Nc2ccc(CN3CCN(C)CC3)c(C(F)(F)F)c2)cc1C#Cc1cnc2cccnn12,9.468521,8.912803,0.5557184
Nc1nc2ccc(-c3cn([C@@H]4CN[C@H](C(=O)Nc5ccc(Cl)cc5Cl)C4)nn3)nc2s1,6.6197886,5.442134,1.1776547
O=C(Nc1ccc(OC(F)(F)Cl)cc1)c1cccc(-c2cncnc2)c1,5.9292235,5.891591,0.037632465
O=C(Nc1ccc(OC(F)(F)Cl)cc1)c1cc(-c2cncnc2)c2c(c1)nc1n2C[C@@H](O)CO1,8.522879,9.1499605,-0.6270819
Cc1ccncc1-c1ccc2nc(NC(=O)[C@H]3C[C@@H]3F)sc2c1,5.417937,5.1901026,0.22783422
COc1cc(Nc2c(C#N)cnc3cc(OCCON4CCN(C)CC4)c(OC)cc23)ccc1Cl,5.958607,4.7383986,1.2202086
Cc1ccc(NC(=O)c2ccc(C)c(C(F)(F)F)c2)cc1C#Cc1cnc2c(Nc3cnn(C)c3)ccnn12,8.920818,9.098741,-0.17792225
COc1ccc(C(=O)Nc2ccc(OC(F)(F)F)cc2)cc1-c1ccc2c(c1)OCO2,4.180588,3.6248672,0.55572057
O=C(Nc1ccc(OC(F)(F)F)cc1)c1cnc(Cl)c(-c2cncnc2)c1,4.9842215,5.286085,-0.30186367
Cc1ccc(C(=O)NC2=CC(Cl)C(CN3CCc4cn[nH]c4C3)C=C2)cc1C#Cc1cnc2cccnn12,5.9244533,5.042031,0.88242245
CC(=O)c1sc(NC(=O)N[C@@H]2CCCC[C@H]2CN2CCC[C@@H](Cc3ccc(F)cc3)C2)nc1C,3.8239088,3.6326656,0.19124317
Cc1ccc(-c2cc[nH]c2)cc1-c1ccc2nc(NC(=O)[C@@H]3C[C@@H]3F)cn2c1,7.39794,5.4748764,1.9230638
Cc1c(F)cccc1-c1ccc2nc(NC(=O)[C@H]3C[C@@H]3F)cn2c1,3.935542,4.1742754,-0.23873329
Cc1c(F)cccc1-c1ccc2nc(NC(=O)[C@H]3C[C@H]3F)cn2c1,5.4463596,5.5707216,-0.12436199
Cc1cccc(-c2ccc3nc(NC(=O)[C@@H]4C[C@@H]4F)cn3c2)c1C,5.19382,4.134218,1.0596018
Cc1cc2[nH]ccc2cc1-c1ccc2nc(NC(=O)[C@@H]3C[C@@H]3F)cn2c1,5.207608,5.3572397,-0.1496315
O=C(NCCC1CCCNC1)Nc1nc2ccc(C(=O)c3ccccc3)cc2[nH]1,5.90309,6.6046333,-0.70154333
N#Cc1c(F)cccc1-c1ccc2nc(NC(=O)[C@@H]3C[C@@H]3F)cn2c1,5.0,5.3784,-0.37839985
Cc1cccc(F)c1-c1ccc2nc(NC(=O)[C@@H]3C[C@@H]3F)cn2c1,9.09691,8.858596,0.23831463
O=C(Nc1ccc(OC(F)(F)F)cc1)c1cnc(N2CC[C@@H](O)C2)c(-c2nccs2)c1,5.0,6.434534,-1.4345341
Cc1c(F)cccc1-c1ccc2nc(NC(=O)[C@@H]3C[C@H]3F)cn2c1,9.30103,9.297219,0.0038108826
Cc1c(F)cccc1-c1ccc2nc(NC(=O)[C@@H]3C[C@@H]3F)cn2c1,5.8607507,3.8778057,1.982945
Cc1c(F)ccc(-c2ccc3nc(NC(=O)[C@@H]4C[C@@H]4F)cn3c2)c1C,6.040005,5.7883005,0.2517047
Cc1c(F)ccc(F)c1-c1ccc2nc(NC(=O)[C@@H]3C[C@@H]3F)cn2c1,6.0,5.458132,0.5418682
COC(=O)c1cc2cc(NC(=O)c3ccccc3Br)cnc2[nH]1,9.30103,6.0743647,3.2266655
Cc1c(O)cccc1-c1ccc2nc(NC(=O)[C@@H]3C[C@@H]3F)cn2c1,9.318759,9.225065,0.09369373
Cc1ccccc1-c1ccc2nc(NC(=O)[C@@H]3C[C@@H]3F)cn2c1,5.625252,5.5277963,0.0974555
Cc1ccc(N)cc1-c1ccc2nc(NC(=O)[C@@H]3C[C@@H]3F)cn2c1,5.696804,5.939159,-0.24235487
CNc1c(F)cccc1-c1ccc2nc(NC(=O)[C@@H]3C[C@@H]3F)cn2c1,5.899998,4.6868863,1.2131119
Cc1ccc(F)cc1-c1ccc2nc(NC(=O)[C@@H]3C[C@@H]3F)cn2c1,7.89279,8.804611,-0.91182137
Nc1c(F)cccc1-c1ccc2nc(NC(=O)[C@@H]3C[C@@H]3F)cn2c1,5.0,3.96445,1.0355501
Cc1cccc(Nc2cc(Cl)nc(SCC(=O)O)n2)c1C,4.026341,4.0174775,0.008863449
CN1CCN(c2ccc(OC(F)(F)F)c(Nc3ncc4c(n3)-c3c(c(C(N)=O)nn3CCO)CC4)c2)CC1,7.7212462,9.02403,-1.3027835
O=C(NCC(F)(F)F)c1cc(-c2cnn3cc(-c4ccc(OCCN5CCCCC5)cc4)cnc23)cs1,7.920819,8.48523,-0.56441164
Cc1cc2ncoc2cc1-c1ccc2nc(NC(=O)[C@@H]3C[C@@H]3F)cn2c1,6.0,6.6821413,-0.6821413
Cc1c(F)cccc1-c1ccc2nc(NC(=O)C3CC3)cn2c1,6.2006593,4.008624,2.1920352
Cc1c(F)cccc1-c1ccc2nc(NC(=O)C3CC3(F)F)cn2c1,7.3565474,6.257266,1.0992813
Cc1c(F)cncc1-c1ccc2nc(NC(=O)[C@@H]3C[C@@H]3F)cn2c1,6.623423,6.3527493,0.27067375
COc1cc(-c2ccc(C(C)(C)C)cc2)cc(C(C)C#Cc2c(C)nc(N)nc2N)c1,7.0457573,6.235338,0.8104191
Cc1cc(N)ncc1-c1ccc2nc(NC(=O)[C@@H]3C[C@@H]3F)cn2c1,7.3010736,7.352543,-0.051469326
O=C(Nc1ccnc(Cl)c1)Nc1cc(C(F)(F)F)ns1,6.630784,6.450397,0.18038702
Cc1ccc(Cl)cc1-c1ccc2nc(NC(=O)[C@@H]3C[C@@H]3F)cn2c1,8.0,9.10871,-1.1087103
COc1c(F)cccc1-c1ccc2nc(NC(=O)[C@@H]3C[C@@H]3F)cn2c1,5.958607,5.800359,0.15824842
COc1ccncc1-c1ccc2nc(NC(=O)[C@@H]3C[C@@H]3F)cn2c1,6.2596374,7.718744,-1.4591064
Cc1ccc(C)c(-c2ccc3nc(NC(=O)[C@@H]4C[C@@H]4F)cn3c2)c1,4.6516953,3.7609272,0.89076805
Cc1cc(Cl)ccc1-c1ccc2nc(NC(=O)[C@@H]3C[C@@H]3F)cn2c1,4.870439,3.8042789,1.0661602
O=C(Nc1cccc(C(F)(F)F)c1)c1ccc(C2CC2)c(-c2ccc3nc(Nc4cnn(C5CC5)c4)ncc3c2)c1,4.026461,3.9577732,0.068687916
CNc1ccc(C)c(-c2ccc3nc(NC(=O)[C@@H]4C[C@@H]4F)cn3c2)c1,5.0,5.0990477,-0.09904766
Cc1cc2ncsc2cc1-c1ccc2nc(NC(=O)[C@@H]3C[C@@H]3F)cn2c1,4.309804,3.7617974,0.54800653
Cc1c(F)cccc1-c1ccc2nc(NC(=O)[C@@H]3C[C@@H]3F)c(F)n2c1,6.737549,7.7459908,-1.0084419
Cc1c(F)cc(N)cc1-c1ccc2nc(NC(=O)[C@@H]3C[C@@H]3F)cn2c1,8.920818,9.032901,-0.11208248
Cc1c(Cl)cccc1-c1ccc2nc(NC(=O)[C@@H]3C[C@@H]3F)cn2c1,5.150515,5.720966,-0.5704508
Cc1ccc2c(c1-c1ccc3nc(NC(=O)[C@@H]4C[C@@H]4F)cn3c1)CC(=O)N2,5.2596374,5.0028124,0.25682497
Cn1cc(-c2cc(-c3ccccc3O)nnc2N)cn1,6.309804,5.781124,0.52867985
O=C(Nc1ccc(OC(F)(F)F)cc1)c1cnc(Cl)c(-c2cccnc2)c1,7.3279023,8.005287,-0.67738485
Cc1c[nH]c2ncc(-c3ccc4nc(NC(=O)[C@@H]5C[C@@H]5F)cn4c3)cc12,9.552842,7.45652,2.096322
Cc1cccc(C)c1-c1ccc2nc(NC(=O)[C@@H]3C[C@@H]3F)cn2c1,5.0,4.3256054,0.6743946
COCc1c(F)cccc1-c1ccc2nc(NC(=O)[C@@H]3C[C@@H]3F)cn2c1,9.09691,8.694984,0.40192604
O=C(Nc1cn2cc(-c3cnc4[nH]ccc4c3Cl)ccc2n1)[C@@H]1C[C@@H]1F,7.9100947,7.6215115,0.28858328
O=C(Nc1cn2cc(-c3cccc(F)c3O)ccc2n1)[C@@H]1C[C@@H]1F,5.0,5.393389,-0.39338923
Cc1ccc(-n2cccn2)cc1-c1ccc2nc(NC(=O)[C@@H]3C[C@@H]3F)cn2c1,4.920819,3.9961889,0.9246299
Cc1ccc(C#N)cc1-c1ccc2nc(NC(=O)[C@@H]3C[C@@H]3F)cn2c1,6.6575775,4.640316,2.0172615
Cc1ccc(-c2ccc3nc(NC(=O)[C@@H]4C[C@@H]4F)cn3c2)c(C)c1,5.2596374,4.7000833,0.5595541
CSc1c(F)cccc1-c1ccc2nc(NC(=O)[C@@H]3C[C@@H]3F)cn2c1,6.244888,5.7646856,0.4802022
Cc1ccc(-c2cc[nH]n2)cc1-c1ccc2nc(NC(=O)[C@@H]3C[C@@H]3F)cn2c1,5.0,4.0128508,0.98714924
Cc1ccsc1-c1ccc2nc(NC(=O)[C@@H]3C[C@@H]3F)cn2c1,4.30103,4.420241,-0.11921072
O=C(Nc1cn2cc(-c3cccc(F)c3F)ccc2n1)[C@@H]1C[C@@H]1F,6.603801,6.112572,0.49122858
O=C(Nc1cn2cc(-c3cccc(F)c3C3CC3)ccc2n1)[C@@H]1C[C@@H]1F,5.8900843,4.8322306,1.0578537
Cc1cccc(Cl)c1-c1ccc2nc(NC(=O)[C@@H]3C[C@@H]3F)cn2c1,6.6382723,4.9225745,1.7156978
Cc1ccc(NC(=O)c2ccc(CN3CCN(C)CC3)c(I)c2)cc1Nc1nccc(-c2cccnc2)n1,4.69897,4.581953,0.11701679
Cc1ccc(NC(=O)c2ccc(CN3CCN(C)CC3)c(Cl)c2)cc1Nc1nccc(-c2cccnc2)n1,5.8780007,5.0993767,0.77862406
Cc1ccc(O)cc1-c1ccc2nc(NC(=O)[C@@H]3C[C@@H]3F)cn2c1,5.415895,4.8898163,0.5260787
CC[C@@](C)(Cc1ccc(OCCCOc2ccc(OCC(F)(F)F)cc2Cl)cc1)C(=O)O,6.30103,5.1838465,1.1171837
Cc1c(-c2ccc3nc(NC(=O)[C@@H]4C[C@@H]4F)cn3c2)ccc(Cl)c1F,7.5228786,6.8882813,0.6345973
Cc1ccc2[nH]ccc2c1-c1ccc2nc(NC(=O)[C@@H]3C[C@@H]3F)cn2c1,4.823909,5.019601,-0.19569206
CN1CCN(Cc2ccc(NC(=O)CNc3ccc(-c4ccc(NC(=O)C5CC5)nc4)cc3F)cc2C(F)(F)F)CC1,5.455932,4.731632,0.7242999
Cc1c(-c2ccc3nc(NC(=O)[C@@H]4C[C@@H]4F)cn3c2)ccc(F)c1F,5.0655017,5.933194,-0.8676925
Cc1c(-c2ccc3nc(NC(=O)[C@@H]4C[C@@H]4F)cn3c2)ccc2ncsc12,4.69897,4.7512717,-0.052301884
Cc1c(-c2ccc3nc(NC(=O)[C@@H]4C[C@@H]4F)cn3c2)cnc2[nH]ccc12,4.0265074,3.283983,0.7425244
O=C(Nc1cn2cc(-c3cccc(F)c3CO)ccc2n1)[C@@H]1C[C@@H]1F,7.69897,7.96463,-0.2656603
COC(=O)c1ccc(C)c(-c2ccc3nc(NC(=O)[C@@H]4C[C@@H]4F)cn3c2)c1,6.609065,5.558958,1.050107
Cc1ccc2[nH]cc(C)c2c1-c1ccc2nc(NC(=O)[C@@H]3C[C@@H]3F)cn2c1,5.552842,5.23805,0.31479216
CCc1c(F)cccc1-c1ccc2nc(NC(=O)[C@@H]3C[C@@H]3F)cn2c1,7.4573636,6.1634827,1.2938809
O=C(CN1CCC(SCc2nc3cc(NC4CCCC4)cc(F)c3c(=O)[nH]2)CC1)NCCCCCCNc1cccc2c1C(=O)N(C1CCC(=O)NC1=O)C2=O,8.522879,9.117539,-0.59466076
Cc1cc(F)ccc1-c1ccc2nc(NC(=O)[C@@H]3C[C@@H]3F)cn2c1,6.30103,4.758417,1.542613
Cc1cc(F)cc(C)c1-c1ccc2nc(NC(=O)[C@@H]3C[C@@H]3F)cn2c1,5.8416376,5.594937,0.24670076
Cc1cc(F)c(O)cc1-c1ccc2nc(NC(=O)[C@@H]3C[C@@H]3F)cn2c1,8.376751,8.901794,-0.5250435
c1csc(CNc2ccc3[nH]nc(-c4nc5ccc(N6CCC(N7CCCCC7)CC6)cc5[nH]4)c3c2)n1,4.0,3.201264,0.7987361
O=C(Nc1cn2cc(-c3cnc4[nH]ccc4c3)ccc2n1)[C@@H]1C[C@@H]1F,7.251812,6.9662604,0.28555155
Cn1cc(-c2cnc3c(-c4csc(C(=O)NCC(F)(F)F)c4)cnn3c2)cn1,4.779212,5.6256013,-0.8463893
O=C(Nc1nc2ccc(-c3cn([C@@H]4CN[C@H](C(=O)Nc5ccc(Br)cc5)C4)nn3)nc2s1)C1CC1,4.567031,4.542633,0.02439785
Cc1ccc(C(=O)NC2=CC(Cl)C(CN3CC4C=NNC4C3)C=C2)cc1C#Cc1cnc2cccnn12,6.860121,5.844164,1.0159569
CC(C)(C)OC(=O)N1C[C@@H](n2cc(-c3ccc4nc(N)sc4n3)nn2)C[C@H]1C(=O)Nc1ccc(Cl)c(C(F)(F)F)c1,5.2596374,5.214874,0.044763565
Cc1ccc(NC(=O)c2ccc(CN3CCC(CN(C)C)C3)c(C(F)(F)F)c2)cc1Nc1nccc(-c2cncnc2)n1,5.552842,5.1402817,0.41256046
O=C(Nc1ccc(OC(F)(F)F)cc1)c1cnc(N2CC3CN(CCO)CC3C2)c(-c2cncnc2)c1,5.0,5.6053367,-0.60533667
C[C@@H]1CN(c2cccc(-c3csc(NC(=O)CNC(=O)c4ccn(C(C)(C)C)c4)n3)n2)C[C@@H](C)O1,5.6819367,4.934396,0.74754095
CCc1ccc(-c2cc(C(=O)Nc3ccc(OC(F)(F)F)cc3)cnc2N2CC[C@H](CO)C2)cn1,6.0604806,5.106273,0.9542074
CCNC(=O)Nc1nc2ccc(-c3c(OC)cccc3OC)cc2[nH]1,7.6575775,5.296895,2.3606825
OC[C@H]1C[C@@H](Oc2ccccc2Cc2ccc(C3CC3)cc2)[C@H](O)[C@@H](O)[C@@H]1O,4.118045,3.95754,0.16050482
COc1cc(C(C)(C)C#Cc2c(C)nc(N)nc2N)cc(OC)c1OC,5.0,4.8069386,0.19306135
CN1CCOc2ccc(cc2)C(=O)NCc2ccc(F)c(c2)C(=O)N[C@@H](CC(C)(C)C)C(=O)Nc2ccc(cc2)CCN(C)C(=O)CC(C)(C)CC1=O,8.378823,8.4887,-0.10987663
O=C(Nc1ccc(S(=O)C(F)(F)F)cc1)c1cnc(N2CC[C@@H](O)C2)c(-c2cncc(F)c2)c1,4.5686364,4.2055902,0.36304617
Cc1ccc(O)c(C)c1-c1cc(-c2cc(F)nc(N3CC[C@@H](N)C3)c2)cc(C(N)=O)c1N,5.0,4.7294245,0.27057552
CC(C)(C)OC[C@H](NC(=O)c1ccc(-c2ccnc(C(=O)NC3CC3)c2)cc1)C(=O)Nc1ccc(Cl)c(C(F)(F)F)c1,5.707744,6.1928253,-0.4850812
O=C(Nc1cc2cc(-c3cnc4[nH]ccc4c3F)ccn2n1)[C@@H]1C[C@@H]1F,4.630784,4.615463,0.015321255
Cc1ccncc1-c1ccc2nc(NC(=O)C3CC3(F)F)sc2c1,3.1258953,4.361685,-1.2357895
Cc1cc(-c2ccc3nc(NC(=O)[C@@H]4C[C@@H]4F)sc3c2)sn1,9.229148,9.33432,-0.10517216
Cc1c(F)cncc1-c1ccc2nc(NC(=O)C3CCC3)sc2c1,5.6382723,4.5465894,1.0916829
Cc1cccc(C)c1-c1ccc2nc(NC(=O)[C@@H]3C[C@@H]3F)sc2c1,5.275724,5.282879,-0.0071549416
Cc1ccc(Cn2nc(CCCc3ccc(OC(C)(C)C(=O)O)cc3)n(C)c2=O)cc1C,3.7469044,3.8191433,-0.07223892
CC1(C)c2cc(C3CCNCC3)ccc2-n2c1nc(=O)c1c(Cl)cccc12,4.013676,4.3680205,-0.35434437
Cc1ccc(NC(=O)c2ccc(CN3CC[C@@H](N(C)C)C3)c(C(F)(F)F)c2)cc1Nc1nccc(-c2cncnc2)n1,8.207608,8.103359,0.104249
CN1CCN(Cc2ccc(NC(=O)Nc3cc(C#Cc4cnc5ccccn45)n(C)n3)cc2C(F)(F)F)CC1,7.5606675,8.491226,-0.9305587
Cc1ccc(NC(=O)c2ccc3c(c2)CCC3N2CCN(CCO)CC2)cc1Nc1nccc(-c2cccnc2)n1,4.9863205,6.4637446,-1.4774241
O=C(Nc1ccc(OC(F)(F)F)cc1)c1cnc(NCCCO)c(-c2cncnc2)c1,7.248721,6.8913126,0.35740852
CCc1ccc(C(=O)Nc2cc(CN3CCN(C)CC3)cc(C(F)(F)F)c2)cc1C#Cc1cnc2cccnn12,6.19382,6.9664803,-0.77266026
O=C(Nc1ccc(OC(F)(F)F)cc1)c1cnc(NCCCO)c(-c2cccnc2)c1,3.69897,4.219721,-0.52075076
COc1ccc(-c2cc(C(=O)Nc3ccc(OC(F)(F)F)cc3)cnc2NCCCO)cn1,7.5228786,5.3730183,2.1498604
Cc1ccc(C(=O)Nc2ccc(CN3CCN(CCO)CC3)c(C(F)(F)F)c2)cc1C#Cc1cnc2cccnn12,7.0338583,6.0707035,0.9631548
CN1C(=O)c2sccc2N(C)c2nc(Nc3ccc(S(N)(=O)=O)cc3)ncc21,4.199283,4.4859347,-0.2866516
COc1cc2c(Nc3cc(OC)c(OC)c(OC)c3)c(C#N)cnc2cc1OCC1CCN(C)CC1,6.207608,6.448433,-0.2408247
COc1ncc(-c2cc(C(=O)Nc3ccc(OC(F)(F)F)cc3)ccc2F)cn1,6.0260415,5.294117,0.73192453
CS(=O)(=O)n1ccc(C(=O)NCC(=O)Nc2nc(-c3cccc(N4CCCC4)n3)cs2)c1,4.30103,5.128972,-0.8279419
COC(=O)c1ccc2c(C(Nc3ccc(N(C)C(=O)CN4CCN(C)CC4)cc3)c3ccccc3)c(O)[nH]c2c1,5.055517,4.5116906,0.5438266
CC(=O)Nc1ncc(C#Cc2cc(C(=O)Nc3ccc(CN4CCN(C)CC4)c(C(F)(F)F)c3)ccc2C)s1,4.30103,4.506215,-0.20518494
Nc1ncc(-c2cnn(CCO)c2)c2scc(-c3ccc(NC(=O)Nc4cccc(F)c4)cc3)c12,5.7253804,4.65893,1.0664506
CSc1c(-c2ccn3nc(NC(=O)[C@@H]4C[C@@H]4F)cc3c2)cnc2[nH]ccc12,8.920818,9.01838,-0.097561836
CCc1c(-c2ccn3nc(NC(=O)[C@@H]4C[C@@H]4F)cc3c2)cnc2[nH]ccc12,7.958607,5.5365076,2.4220996
Cc1ccncc1-c1ccc2nc(NC(=O)[C@H]3C[C@H]3F)sc2c1,6.0,4.6540537,1.3459463
O=C(Nc1cc2cc(-c3cnc4[nH]ccc4c3Cl)ccn2n1)[C@H]1C[C@@H]1F,9.1549015,9.222108,-0.06720638
Cc1ccc(C(=O)Nc2ccc(CN3CCN(C)CC3)c(C(F)(F)F)c2)cc1-n1cc(-c2cnc(NC3CCCCC3)nc2)nn1,4.7212462,4.632903,0.08834314
CCCCCCCCCCCOc1cccc(CCC(=O)NC[C@@H](O)COP(=O)(O)OC[C@@H](C)C(=O)O)c1,8.759451,8.683141,0.07631016
C[C@H]1CN(c2cccc(-c3csc(NC(=O)CNC(=O)c4ccn(C(C)(C)C)c4)n3)n2)CCO1,8.318759,4.668933,3.649826
O=c1nc2n(c3cccc(Cl)c13)-c1ccc(C3CCNCC3)cc1C21CCCC1,4.69897,4.1847434,0.51422644
Cc1nc(Nc2ncc(C(=O)Nc3c(C)ccnc3C)s2)cc(N2CCN(CCO)CC2)n1,5.0,5.3722587,-0.37225866
Cc1ccc(C(=O)Nc2ccc(CN3CCCN(C)CC3)c(C(F)(F)F)c2)cc1C#Cc1cnc2ccccn12,8.958608,8.837892,0.120716095
Cc1ccc(NC(=O)c2ccc(CN3CCN(CCO)CC3)c(C(F)(F)F)c2)cc1C#Cc1cnc2ccccn12,7.1426673,6.5694485,0.5732188
O=C(Nc1ccc(OC(F)(F)Cl)cc1)c1cnc(NCC[C@@H](O)CO)c(-c2ccn[nH]2)c1,4.9234324,4.280342,0.64309025
O=C(Nc1ccc(OC(F)(F)F)cc1)c1ccc(F)c(-c2cccnc2)c1,6.0,5.5495644,0.45043564
CS(=O)(=O)n1ccc(C(=O)NCC(=O)Nc2nc(-c3cccc(N4CCCCC4)n3)cs2)c1,4.026406,3.6528203,0.37358546
O=C(Nc1ccc(OC(F)(F)F)cc1)c1ccc(Cl)c(-c2cccnc2)c1,7.0409584,5.653631,1.3873272
O=C(Nc1ccc(OC(F)(F)F)cc1)c1ccc(O)c(-c2cncnc2)c1,5.2596374,4.449257,0.81038046
O=C(Nc1cc2cc(-c3cnc4[nH]ccc4c3C3CC3)ccn2n1)[C@@H]1C[C@@H]1F,8.30103,7.8856544,0.4153757
NC(=O)C1CCN(c2ncc(C(=O)Nc3ccc(OC(F)(F)F)cc3)cc2-c2cncnc2)CC1,5.468521,5.9888554,-0.52033424
Cc1cc(F)ncc1-c1ccc2nc(NC(=O)[C@@H]3C[C@@H]3F)sc2c1,5.154902,4.1915846,0.9633174
Cc1nsc(-c2ccc3nc(NC(=O)[C@@H]4C[C@@H]4F)sc3c2)c1C,4.853872,4.2029676,0.6509042
O=C(Nc1cc2cc(-c3cnc4[nH]ccc4c3Cl)ccn2n1)[C@H]1C[C@H]1F,6.7144427,7.0180974,-0.30365467
CCN1CCN(Cc2ccc(NC(=O)c3ccc(C)c(C#Cc4cnc5cccnn45)c3)cc2C(F)(F)F)CC1,5.905529,5.644586,0.26094294
Cc1ccncc1-c1cc2sc(NC(=O)[C@@H]3C[C@@H]3F)nc2cc1F,7.481486,6.5663643,0.91512156
Nc1n[nH]c2cccc(-c3ccc(C(=O)N4CCN(C(=O)c5ccc(Cl)cc5Cl)CC4)cc3)c12,5.0,5.1194835,-0.11948347
CSCC[C@H](NC(=O)c1ccc(N)cc1)C(=O)Nc1nc(-c2cccc(-c3ccncc3)c2)cs1,9.522879,9.248063,0.27481556
CN1CCN(Cc2ccc(NC(=O)Nc3cc(C#Cc4cccnc4)n(C)n3)cc2C(F)(F)F)CC1,7.2150264,6.5172453,0.6977811
Cc1ccc(C(=O)Nc2ccc(CN3CCNCC3)c(C(F)(F)F)c2)cc1C#Cc1cnc2ccccn12,4.30103,4.2461233,0.054906845
CCNC(=O)Nc1nc2ccc(-c3ccccc3OC)nc2s1,5.0080214,4.108815,0.89920616
Cc1ccc(NC(=O)c2cccc(C(F)(F)F)c2)cc1-n1cc(-c2cccnc2)cn1,8.251812,6.767105,1.4847069
CCN(CC)C(=O)c1cncc(-c2cn([C@@H]3CN[C@H](C(=O)Nc4ccc(Cl)c(C(F)(F)F)c4)C3)nn2)c1,6.0,4.8747067,1.1252933
Cc1c(F)cccc1NC(=O)CCCCCC1NC(=O)NC1C,4.30103,4.449842,-0.14881182
Cc1nc(Nc2ncc(C(=O)Nc3ncccc3C)s2)cc(N2CCN(CCO)CC2)n1,5.30103,5.062811,0.23821926
Cc1ccc(NC(=O)CCCCCC2NC(=O)NC2C)cc1,6.161781,4.9152164,1.2465644
Cc1nc(Nc2ncc(C(=O)Nc3cccnc3C)s2)cc(N2CCN(CCO)CC2)n1,6.2596374,6.6584883,-0.39885092
Cc1ccc(-c2ccc3nc(NC(=O)[C@@H]4C[C@@H]4F)sc3c2)c2cn[nH]c12,6.0,6.2867136,-0.2867136
CC(C)(C)OC(=O)N1C[C@@H](n2cc(-c3ccc4nc(N)sc4n3)nn2)C[C@H]1C(=O)Nc1ccc(Cl)cc1Cl,5.2596374,5.060888,0.19874954
C[C@H](Oc1cc(-c2ccccc2O)nnc1N)c1ccccc1,9.0,8.890079,0.109921455
CN1CCN(Cc2ccc(NC(=O)c3ccc(C4CC4)c(-n4cc(-c5cnc6[nH]ncc6c5)nn4)c3)cc2C(F)(F)F)CC1,6.3904057,5.113388,1.2770176
CC[C@]1(C(=O)O)CCc2ccc(OCCCOc3ccc(C4CCCCC4)cc3Cl)cc2O1,5.9100947,5.5418415,0.36825323
Cc1ccc(C(=O)Nc2ccc(CN3CC[C@H](N(C)C)C3)c(C(F)(F)F)c2)cc1C#Cc1cnc2ccccn12,5.371611,4.6582403,0.7133708
CCNC(=O)Nc1nc2cc(OC)c(-c3ccccc3OC)cc2s1,6.100089,5.7977595,0.30232954
CC1(C)c2ccc(C3CCNCC3)cc2-n2c1nc(=O)c1c(Cl)cccc12,7.5228786,7.1799364,0.34294224
Cn1c(CCCc2ccc(OC(C)(C)C(=O)O)cc2)nn(Cc2ccc(C(C)(C)C)cc2)c1=O,5.0740695,5.014578,0.059491634
Nc1n[nH]c2cc(-c3cn([C@@H]4CN[C@H](C(=O)Nc5ccc(Cl)c(C(F)(F)F)c5)C4)nn3)ccc12,6.2596374,5.0303574,1.22928
O=S(=O)(c1ccc(C(F)(F)F)cc1)N1CCN(c2nc(Cl)ncc2Br)CC1,9.39794,8.878095,0.519845
COc1cc2c(Nc3cccc(OC)c3F)c(C#N)cnc2cc1OCCON1CCN(C)CC1,6.070581,5.755536,0.31504488
CC1NC(=O)NC1CCCCCC(=O)Nc1ccc(F)c(Cl)c1,9.09691,8.581748,0.51516247
Cc1cn(-c2cc(C(=O)Nc3cccc(C#Cc4cccc5[nH]nc(N)c45)c3)cc(C(F)(F)F)c2)cn1,7.154902,6.49925,0.65565205
CC(C)(C)OC[C@H](NC(=O)c1ccc(-c2cncc(C(=O)NC3CC3)c2)cc1)C(=O)Nc1ccc(Cl)c(C(F)(F)F)c1,5.0,4.962435,0.03756523
CN(C)c1ccc(Nc2ncc3cc(-c4c(Cl)cccc4Cl)c(=O)oc3n2)cc1,5.581036,4.5755525,1.0054836
Nc1nc2ccc(-c3cn([C@@H]4CN[C@H](C(=O)Nc5ccc(Cl)c(C(F)(F)F)c5)C4)nn3)nc2s1,5.8860564,4.883086,1.0029702
Cc1ccc(NC(=O)c2cccc(Cl)c2)cc1-n1cc(-c2cccnc2)cn1,4.44855,3.764991,0.6835592
CCCn1c(CCCc2ccc(OC(C)(C)C(=O)O)cc2)nn(Cc2ccc(C)cc2)c1=O,8.045757,8.231767,-0.1860094
CCCc1c(OCCCNc2ccc(CC(=O)O)cc2)ccc2c(C(F)(F)F)noc12,6.0457573,4.2496777,1.7960796
Cc1ncsc1-c1ccc([C@H](C)NC(=O)[C@@H]2C[C@@H](O)CN2C(=O)[C@@H](c2cc(N3CCC(CN4CCC(c5ccc6c(c5)C(C)(C)c5nc(=O)c7c(Cl)cccc7n5-6)CC4)CC3)no2)C(C)C)cc1,7.026872,5.8776293,1.1492429
O=C(CCc1ccc(O)cc1)c1c(O)cc(O)cc1O[C@@H]1O[C@H](CO)[C@@H](O)[C@H](O)[C@H]1O,5.1463017,5.4398203,-0.29351854
CC(C)Cc1ccc(OCCCOc2ccc3c(c2)O[C@@](C)(C(=O)O)CC3)c(Cl)c1,9.318759,9.026939,0.29181957
Cc1ccc(-c2cc(C(=O)Nc3ccc(OC(F)(F)F)cc3)cnc2N2CCC(C(C)(C)O)C2)cn1,8.522879,9.069318,-0.5464392
Cc1c(Cc2c(Cl)cccc2Cl)c(=O)ccn1CCc1ccc(-c2c[nH]c(CNC(=O)Nc3ncc(Sc4ccccn4)s3)n2)cc1,4.6819367,3.763947,0.91798973
COc1cccc(C(=O)N2CCN(C(=O)c3ccc(-c4nccs4)cc3)CC2)c1,6.578396,5.914887,0.6635089
COc1cc2c(Nc3ccc(Cl)cc3Cl)c(C#N)cnc2cc1OCC1CCN(C)CC1,6.39794,5.632411,0.76552916
O=c1oc2nc(Nc3cccc(CO)c3)ncc2cc1-c1c(Cl)cccc1Cl,5.6615434,5.006217,0.65532637
CNc1ccc(C)c(-c2ccc3nc(NC(=O)[C@@H]4C[C@@H]4F)sc3c2)c1F,4.7144427,4.557713,0.1567297
CCN1CCN(Cc2ccc(C(=O)Nc3ccc(C)c(-n4cc(-c5cccnc5)cn4)c3)cc2)CC1,4.49485,4.3379064,0.1569438
Cc1ccc(NC(=O)c2ccc(CN3CC(N(C)C)C3)c(C(F)(F)F)c2)cc1Nc1nccc(-c2cncnc2)n1,8.060481,8.426192,-0.3657112
Cc1c(F)cncc1-c1ccc2nc(NC(=O)C3C[C@H]3CO)sc2c1,3.69897,5.0469103,-1.3479402
COc1cc(CC#Cc2c(C)nc(N)nc2N)cc(OC)c1OC,3.1739252,3.5237036,-0.3497784
O=C(NCCO)c1cccc(-c2cc(Nc3ccc(OC(F)(F)F)cc3)ncn2)c1,6.779892,6.847532,-0.06763983
CNC(=O)c1ncc(C#Cc2cc(C(=O)Nc3ccc(CN4CCN(C)CC4)c(C(F)(F)F)c3)ccc2C)n1C,8.307153,8.399042,-0.09188938
CCNC(=O)Nc1nc2ccc(-c3ccccc3C)cc2[nH]1,5.6197886,5.0786333,0.54115534
COc1cc(CNCc2ccccn2)ccc1OCc1cccs1,3.69897,3.667518,0.03145218
CP(C)(=O)c1ccc(Nc2ncnc3c2ncn3/C=C/c2cccc3[nH]ccc23)cc1,7.1870866,6.879081,0.3080058
Cc1ccc(-c2cc(C(=O)Nc3ccc(OC(F)(F)F)cc3)cnc2N2CCC[C@@H](O)C2)cn1,5.0,5.261564,-0.26156378
CC(C)(C)OC(=O)N1C[C@@H](n2cc(-c3ccc4nc(N)sc4n3)nn2)C[C@H]1C(=O)Nc1ccc(F)c(F)c1,5.3089185,4.52735,0.7815685
Cc1[nH]c(=O)[nH]c1C(=O)CCCCC(=O)O,5.0,4.6196175,0.38038254
Cc1cc(Nc2ncc3cc(-c4c(Cl)cccc4Cl)c(=O)oc3n2)ccc1F,5.5744658,4.7130995,0.8613663
Cc1cccc(F)c1-c1ccc2nc(NC(=O)[C@@H]3C[C@@H]3F)sc2c1,4.026655,4.686985,-0.6603298
Cc1nc(Nc2ncc(C(=O)Nc3c(C)cncc3Cl)s2)cc(N2CCN(CCO)CC2)n1,5.458,5.2464604,0.21153975
Cc1ccc(C(=O)Nc2ccc(CN3CCN(C)CC3)c(C(F)(F)F)c2)cc1-n1cc(-c2ccc3[nH]ncc3c2)nn1,9.1549015,8.816541,0.3383608
O=C(Nc1nc2ccc(-c3cnccc3CO)cc2s1)[C@@H]1C[C@@H]1F,8.522879,9.077798,-0.55491924
Cc1oc(C2CCCCC2)nc1CCOc1ccc(C[C@](C)(Oc2ccccc2)C(=O)O)cc1,7.154902,6.790364,0.3645382
Cc1ccc(C(=O)Nc2cc(N3CCN(C)CC3)cc(C(F)(F)F)c2)cc1C#Cc1cnc2cccnn12,4.4388986,4.3727994,0.06609917
Cc1ccc(NC(=O)c2ccc(N=NN(C)C)c(C(F)(F)F)c2)cc1Nc1nccc(-c2cccnc2)n1,3.3383765,4.1212397,-0.78286314
Cc1cn(-c2cc(NC(=O)c3ccc(C)c(C#Cc4cnc(NCCO)nc4)c3)cc(C(F)(F)F)c2)cn1,4.69897,3.6093752,1.0895946
COc1cc(N2CCN(c3cc(-c4ccccc4O)nnc3N)CC2)ccn1,9.39794,9.326989,0.07095051
CN1CCN([C@H]2CC(F)(F)c3cc(NC(=O)c4ccc(F)c(C#Cc5cncc(N6CCOCC6)c5)c4)ccc32)CC1,4.374276,3.500001,0.8742752
Cc1ccccc1C(=O)NCCNC(=O)c1ccc(-c2cccc3[nH]nc(N)c23)cc1,4.026817,3.6439452,0.38287163
CN(C/C=C/COc1ccc(C(=O)c2ccc(Br)cc2)cc1)C1CC1,5.8728952,5.4568815,0.41601372
Nc1ncnc2c1c(-c1cnc3[nH]ccc3c1)nn2C1CCCC1,9.387217,9.036412,0.35080433
COC(=O)c1cc2cc(NC(=O)c3c(F)cccc3OC)cnc2[nH]1,8.275724,6.245477,2.0302472
CC1CN(c2cc(-c3ccccc3O)nnc2N)CCN1C(=O)C(C)(C)C,5.0,3.7486358,1.2513642
CC1NC(=O)NC1CCCCCC(=O)Nc1ccc(F)cc1,8.1493845,7.0970283,1.0523562
O=c1oc2nc(Nc3cccc(CS)c3)ncc2cc1-c1c(Cl)cccc1Cl,4.429457,4.1080284,0.32142878
Cc1c(-c2ccc3nc(NC(=O)[C@@H]4C[C@@H]4F)sc3c2)ccc2c1NC(=O)C2,7.7447276,7.8451967,-0.10046911
Nc1nnc(-c2ccccc2O)cc1OCCc1ccccc1,5.6777806,4.6023293,1.0754514
CCCn1c(CCCc2ccc(OC(C)(C)C(=O)O)cc2)nn(Cc2cccc(OC)c2)c1=O,5.161151,4.1780486,0.9831023
O=C(Nc1ccc(OC(F)(F)F)cc1)c1cnc(N2CC[C@@H](O)C2)c(-c2cncc(C(F)(F)F)c2)c1,5.5999804,5.505379,0.094601154
O=c1[nH]c(CSC2CCNCC2)nc2cc(NC3CCCC3)cc(F)c12,8.619789,9.043376,-0.42358685
CCNc1ncc(C#Cc2cc(C(=O)Nc3cc(-n4cnc(C)c4)cc(C(F)(F)F)c3)ccc2C)cn1,4.0,3.9587543,0.0412457
Cc1ccc(C(=O)Nc2cccc(C(F)(F)F)c2)cc1C#Cc1cnc2cccnn12,7.4436975,6.9774294,0.46626806
Cc1ccc(C(=O)Nc2ccc(CN3CCN(C)CC3)c(C(F)(F)F)c2)cc1CCc1cnc2cccnn12,6.2596374,7.534487,-1.2748494
Cc1ccc(C(=O)Nc2ccc(CN3CCN(CCO)CC3)c(C(F)(F)F)c2)cc1C#Cc1cnc2ccccn12,5.0,4.216859,0.78314114
Cc1ccc(C(=O)Nc2ccc(CN3CCN(C)CC3)c(C(F)(F)F)c2)cc1C#Cc1cnc2[nH]ccc2c1,5.6382723,4.4384527,1.1998196
O=C(c1ccc(C(F)(F)F)cc1)N1CCN(c2nc(Cl)ncc2Br)CC1,7.69897,7.782589,-0.08361912
O=C(c1ccc(F)cc1)N1CCN(c2nc(Cl)ncc2Br)CC1,4.0181813,4.1317406,-0.113559246
Cc1ccc(C(=O)Nc2ccc(CN3CCN(C)CC3)c(C(F)(F)F)c2)cc1-n1cc(-c2cnc(NCc3ccccc3)nc2)nn1,4.337242,4.519759,-0.18251705
O=C(Nc1cc2cc(-c3cnc4[nH]ccc4c3Cl)ccn2n1)[C@@H]1C[C@H]1F,5.4317985,5.3422475,0.08955097
CC(O)c1cccc(Nc2ncc3cc(-c4cc(NC(=O)c5cccc(C(F)(F)F)c5)ccc4Cl)c(=O)n(C)c3n2)c1,8.30103,8.525729,-0.22469902
CC(=O)c1cc(C)c(-c2ccc3nc(NC(=O)[C@@H]4C[C@@H]4F)sc3c2)cn1,8.0,8.09624,-0.09624004
Cc1ccc(C(=O)Nc2ccc(CN3CCN(C)CC3)c(C(F)(F)F)c2)cc1C#Cn1cnc2ccccc21,4.0,3.4049425,0.5950575
C[C@H]1CN(c2ccc(Cl)c(Cl)c2)N=C1NC(=O)c1cncnc1,4.3575354,4.5269814,-0.16944599
Cc1oc(-c2ccccc2)nc1CCOc1cccc(C[C@@H]2CN(c3nccc(C(F)(F)F)n3)C[C@@H]2C(=O)O)c1,7.5850267,8.100516,-0.5154896
COC[C@H](NC(=O)c1cn(C(C)(C)C#N)cn1)C(=O)Nc1nc(-c2cccc(N3C[C@@H](C)O[C@@H](C)C3)n2)cs1,7.3665314,5.3910785,1.9754529
Cc1ccc(C(=O)Nc2cc(-n3ccnc3)cc(C(F)(F)F)c2)cc1C#Cc1cnc2cccnn12,8.522879,8.572023,-0.049144745
Cc1cccc(C)c1-c1cc(C)c2nc(Nc3ccc(OCCN4CCCC4)cc3)nnc2c1,3.8239088,3.53407,0.2898388
Nc1ncnc2c1c(-c1ccccc1)cn2-c1ccccc1,6.853872,6.3388844,0.51498747
CC(C)n1nc(C#Cc2ccc(O)cc2)c2c(N)ncnc21,7.39794,5.809486,1.5884542
CN(C)CCn1cc(-c2ccn3c(-c4ccc(C(N)=O)c(OCc5cccc(F)c5)c4)cnc3c2)cn1,5.6382723,4.4238863,1.214386
Cc1ccc(C(=O)Nc2cc(C(F)(F)F)ccn2)cc1/C=C/n1cnc2c(NC3CC3)ncnc21,4.849485,4.8744044,-0.02491951
CCNC(=O)C[C@@H]1N=C(c2ccc(Cl)cc2)c2cc(OC)ccc2-n2c(C)nnc21,4.6241536,4.689437,-0.0652833
Cc1ccc(C(=O)Nc2ccc(CN3CCN(C)CC3)c(C(F)(F)F)c2)cc1C#Cc1nnc2cc(C(=O)O)cnn12,7.4202166,6.2365093,1.1837072
COc1cc2c(Nc3cccc(OC)c3Cl)c(C#N)cnc2cc1OCCON1CCN(C)CC1,6.0,4.894724,1.1052761
COc1ccccc1Oc1ccc2[nH]nc(-c3nc4ccc(N5CCC(N6CCCCC6)CC5)cc4[nH]3)c2c1,7.5689583,5.60287,1.9660883
Cc1ccc(C(=O)Nc2ccc(CN3CCN(C)CC3)c(C(F)(F)F)c2)cc1C#Cn1cnc2cc(C(=O)O)ccc21,6.823909,5.6284246,1.1954842
Cc1ccc(C(=O)Nc2ccc(CN3CCN(C)CC3)c(C(F)(F)F)c2)cc1C#Cc1nnc2cccnn12,6.21467,6.6544924,-0.4398222
Cc1c(CO)cncc1-c1ccc2nc(NC(=O)[C@@H]3C[C@@H]3F)sc2c1,6.730487,5.8662086,0.8642783
COc1ccc(Oc2cc(N(C)CCOc3ccc(CC4SC(=O)NC4=O)cc3)ncn2)cc1,5.920819,4.740578,1.1802406
O=C(Nc1ccc(OC(F)(F)F)cc1)c1cc(-c2cncnc2)ccc1F,8.180456,7.357652,0.822804
Cc1c(-c2ccc(Cc3ccccc3)cc2)[nH]c2ccccc2c1=O,4.276134,3.9922397,0.2838943
Cn1nnnc1-c1cccc(NC(=O)N[C@@H]2CCCC[C@H]2CN2CCC[C@@H](Cc3ccc(F)cc3)C2)c1,4.950782,4.0371556,0.9136262
Cc1cn(-c2cc(NC(=O)c3ccc(C)c(Nc4nc(-c5cccnc5)cs4)c3)cc(C(C)(C)C)c2)cn1,4.30103,4.2149134,0.08611679
N#Cc1c(-c2ccn3nc(NC(=O)[C@@H]4C[C@@H]4F)cc3c2)cnc2[nH]ccc12,3.8239088,3.5885158,0.23539305
Cc1cc(Cl)ncc1-c1ccc2nc(NC(=O)[C@@H]3C[C@@H]3F)sc2c1,5.0,4.5922165,0.4077835
O=C1Cc2cc(-c3ccc4nc(NC(=O)C5CC5)sc4c3)cnc2N1,8.39794,8.089264,0.30867577
CC(C)n1cnc2cc(C(=O)Nc3ccc(OC(F)(F)Cl)cc3)cc(-c3noc(=O)[nH]3)c21,4.9706163,4.5437284,0.426888
CC(C)(NC(=O)c1cc2c(NC(=O)c3ccc(CN4CCCCC4)cc3)n[nH]c2s1)c1ccccc1,5.124939,4.4668827,0.65805626
COc1ccc(OC)c(CC#Cc2cnc(N)nc2N)c1,4.9469986,4.875773,0.07122564
Cc1c[nH]nc1-c1ccc2nc(NC(=O)[C@@H]3C[C@@H]3F)sc2c1,3.3363934,4.3157244,-0.979331
CN1CCN([C@H]2CC(F)(F)c3cc(NC(=O)c4ccc(F)c(C#Cc5cncc(N6CCC6)c5)c4)ccc32)CC1,4.989276,4.2780504,0.7112255
CCNC(=O)Nc1nc2ccc(-c3ccccc3Cl)cc2[nH]1,5.549751,5.3963594,0.15339136
Nc1ccc(C(=O)NCC(=O)Nc2nc(-c3cccc(-c4ccncc4)c3)cs2)cc1,6.0,5.389458,0.6105418
O=C(Nc1nc2ccc(-c3cnc4c(c3)CCN4)cc2s1)C1CC1,6.1732774,6.371198,-0.1979208
CCc1ccc(C(=O)Nc2cc(CN3CCN(C)CC3)cc(C(F)(F)F)c2)cc1C#Cc1cnc2ccccn12,6.0,5.725932,0.27406788
Cc1oc(-c2ccccc2)nc1CCOc1ccc(C[C@H](OCC2CC2)C(=O)O)c2sccc12,6.39794,5.2444167,1.1535234
CC(C)(NC(=O)c1cc2c(NC(=O)c3ccc(CN4CCCCC4)cc3)[nH]nc2s1)c1ccccc1,5.4023046,5.0270343,0.37527037
CCc1ccc(C(=O)Nc2cc(CN3CCN(C)CC3)cc(C(F)(F)F)c2)cc1C#Cc1cnc(N)nc1,4.5606675,4.996051,-0.43538332
CCN1CCN(Cc2cc(Nc3ncc(C(=O)Nc4ccccc4N)s3)nc(C)n2)CC1,9.79588,8.652653,1.1432276
Cc1cc(CF)ncc1-c1ccc2nc(NC(=O)[C@@H]3C[C@@H]3F)sc2c1,4.30103,4.618139,-0.31710863
Cc1cc(C)c(-c2ccc3nc(NC(=O)[C@@H]4C[C@@H]4F)sc3c2)cn1,5.7692957,5.768374,0.0009217262
CN(C)CCCNC(=O)c1cc2cc(NC(=O)c3ccccc3Br)cnc2[nH]1,6.89279,7.773368,-0.88057804
CC(C)(C)OC(=O)N1C[C@@H](n2cc(-c3ccc4c(N)n[nH]c4c3)nn2)C[C@H]1C(=O)Nc1ccc(Cl)c(C(F)(F)F)c1,7.1366773,8.554397,-1.4177194
Cc1cc(C)nc(NS(=O)(=O)c2ccc(Nc3nccc(N(C)c4ccc5c(C)n(C)nc5c4)n3)cc2)n1,4.920819,4.7008247,0.21999407
CC(C)n1nc(C#Cc2cccc3cc(-c4ccc(Cl)c(C(F)(F)F)c4)ncc23)c2c(N)ncnc21,4.30103,4.997084,-0.696054
Cc1ccc(C(=O)Nc2cc(C(F)(F)F)cc(C(F)(F)F)c2)cc1C#Cc1cc(-c2cnn(C)c2)cnc1N,9.2218485,8.508939,0.7129097
CCc1c[nH]c2ncc(-c3ccc(N)c(C(=O)N(C)C)c3)cc12,4.5228786,5.2076383,-0.6847596
COc1cc2c(cc1OC)-c1n[nH]c(Nc3cccc(F)c3)c1C2,4.0,4.545173,-0.54517317
COc1cc(CC#Cc2cnc(N)nc2N)cc(OC)c1OC,5.0338583,5.21507,-0.18121147
CN1CCN(Cc2ccc(NC(=O)Nc3cc(C#Cc4ccc(N)nc4)n(C)n3)cc2C(F)(F)F)CC1,4.79588,4.543264,0.25261593
CC[C@@](C)(Cc1ccc(OCCCOc2ccc(C3CCC(C)(C)CC3)cc2Cl)cc1)C(=O)O,4.455932,4.876143,-0.42021084
O=C(Nc1ccc(OC(F)(F)F)c(F)c1)c1cccc(-c2cncnc2)c1,5.0,4.5697727,0.43022728
CCC(CC)(Cc1ccc(OCCCOc2ccc(Oc3ccc(F)cc3)cc2Cl)cc1)C(=O)O,6.600326,6.468721,0.13160515
O=C(Nc1ccc(OC(F)(F)F)cc1)c1cnc(C(F)(F)F)c(-c2cncnc2)c1,4.5228786,4.076968,0.44591045
Cc1ccc(C(=O)Nc2ccc(CN3CCNC(C)C3)c(C(F)(F)F)c2)cc1C#Cc1cnc2ccccn12,7.0,7.005118,-0.005117893
CN(C)CC1CCN(c2cc(-c3ccccc3O)nnc2N)CC1,5.4792547,5.6568456,-0.17759085
Cc1ccc(C(=O)Nc2ccc(CN3CCN(C)CC3)c(C(F)(F)F)c2)cc1-n1cc(-c2cnc3ncnn3c2)nn1,3.489187,4.1855183,-0.69633126
CC(=O)Nc1ccc(C)c(-c2ccc3nc(NC(=O)C4CC4)sc3c2)c1,5.0,5.3492775,-0.3492775
O=[N+]([O-])c1cc(C(F)(F)F)ccc1S(=O)(=O)N1CCN(c2nc(Cl)ncc2Br)CC1,6.7644715,6.299059,0.46541262
CCN1CCN(Cc2ccc(NC(=O)c3ccc(C)c(C#Cc4cnc5ccccn45)c3)cc2C(F)(F)F)CC1,6.124939,6.3689666,-0.24402761
Cc1ccc(NC(=O)c2ccc3c(c2)CCC3N2CCN(C)CC2)cc1Nc1nccc(-c2ccncc2)n1,4.30103,5.0114145,-0.71038437
CC(C)(C)c1cc(NC(=O)Nc2cccc(Nc3ncnc4ccccc34)c2)n(-c2cccc(N)c2)n1,7.823909,5.0421324,2.7817764
Cc1ccc(C(=O)Nc2cc(C(F)(F)F)on2)cc1/C=C/n1cnc2c(NC3CC3)ncnc21,4.704213,3.6755126,1.0287006
O=C(O)CCNc1ncc(C(=O)Nc2ccc(OC(F)(F)Cl)cc2)cc1-c1ccn[nH]1,4.30103,4.8440924,-0.5430622
C=CCN(C)C/C=C/COc1ccc2c(-c3ccc(Br)cc3)coc2c1,8.49827,7.951746,0.54652405
CCNC(=O)Nc1nc2ccc(-c3c(C)cccc3Cl)cc2[nH]1,6.0,4.9520993,1.0479007
O=C(Nc1ccc(OC(F)(F)F)cc1)c1cnc(OCCO)c(-c2cncnc2)c1,8.30103,9.21786,-0.91683006
CCCc1cc(C(=O)CC)cc(CCC)c1O[C@H](C(=O)O)c1ccc(C(C)C)cc1,7.4317985,6.176839,1.2549596
CCNC(=O)Nc1nc2ccc(C(=O)c3cccs3)cc2[nH]1,6.0,5.0265703,0.9734297
CN1CCN(Cc2ccc(NC(=O)c3ccc(Cl)c(C#Cc4cncc(N5CCOCC5)c4)c3)cc2C(F)(F)F)CC1,4.7721133,4.1188493,0.65326405
CC(=O)Nc1nc2ccc(-c3cn([C@@H]4CN[C@H](C(=O)Nc5ccc(Cl)c(C(F)(F)F)c5)C4)nn3)nc2s1,8.30103,7.6206865,0.6803436
Cc1ccncc1-c1ccc2nc(NC(=O)[C@@H]3C[C@H]3F)sc2c1,5.0,5.451574,-0.45157385
Cc1ccc(Cn2nc(CCCc3ccc(OC(C)(C)C(=O)O)cc3)[nH]c2=O)cc1,9.1549015,8.856388,0.2985134
c1ccc(-c2cccc(Nc3ncnc4cc5c(cc34)OCCO5)c2)cc1,5.954595,6.0548973,-0.10030222
CCn1cc(-c2ccc3c(c2)ncn3-c2cc(OC)c(CO)c(OC)c2)cn1,5.0,5.5062647,-0.5062647
O=C(O)c1ccccc1-n1cc(C(=O)O)c(=O)c2cc(Cc3c(F)cc(F)cc3Cl)c(Cl)cc21,6.39794,4.6900053,1.7079349
Cc1cn(-c2cc(NC(=O)c3ccc(C)c(C#Cc4cnc(NC(C)(C)C)nc4)c3)cc(C(F)(F)F)c2)cn1,4.30103,4.437295,-0.1362648
CN(C)CCOc1ccc(C(=O)NCc2cccc(C(=O)N[C@@H](CC(C)(C)C)C(=O)Nc3ccc4c(c3)CNCC4)c2)cc1,5.4148693,3.6735487,1.7413206
Cc1ccc(C(=O)Nc2cc(CN3CCN(C)CC3)cc(C(F)(F)F)c2)cc1C#Cc1cnc2ccccn12,5.0,4.5040226,0.4959774
O=C(Nc1nc2ccc(-c3cccnc3)cc2s1)[C@@H]1C[C@@H]1F,5.5228786,5.049804,0.47307444
O=C(c1ccc(F)cc1)N1CCN(c2nc(N3CCOCC3)ncc2Br)CC1,8.0,7.727374,0.27262592
Cc1oc(-c2ccccc2)nc1CCCc1ccc(CC(C(=O)O)n2nccn2)cc1,4.8884015,5.4324393,-0.5440378
O=C(c1ccc(C(F)(F)F)cc1)N1CCN(c2nc(N3CCOCC3)ncc2Br)CC1,5.0,5.9387064,-0.9387064
C[C@@H](Oc1cc(-c2cnn(C3CCNCC3)c2)cnc1N)c1c(Cl)ccc(F)c1Cl,6.2596374,5.4068775,0.85275984
Nc1ncnc2c1c(-c1cccc(O)c1)cn2C1CCCC1,3.5734887,4.0640335,-0.4905448
Cc1c(F)cncc1-c1ccc2nc(NC(=O)C3CC(F)C3)sc2c1,6.69897,6.379467,0.31950283
Cc1cc(C(C)O)ncc1-c1ccc2nc(NC(=O)[C@@H]3C[C@@H]3F)sc2c1,6.5090027,5.2846274,1.2243752
O=C(Nc1nc2ccc(-c3cn([C@@H]4CN[C@H](C(=O)Nc5ccc(Cl)c(C(F)(F)F)c5)C4)nn3)nc2s1)C1CC1,4.69897,4.522341,0.17662907
C[C@H](Nc1nc(Nc2cn(C)cn2)c2cc[nH]c2n1)c1ncc(F)cn1,5.6575775,4.707244,0.9503336
COc1cc(-c2n[nH]c3ncc(-c4cccc(O)c4)cc23)cc(OC)c1OC,6.889242,6.0916905,0.79755163
COc1cc(C(C)C#Cc2c(C)nc(N)nc2N)cc(OC)c1OC,6.248721,7.1387587,-0.89003754
CO[C@H](C(=O)N1Cc2n[nH]c(NC(=O)c3ccc(N4CCN(C)CC4)cc3)c2C1)c1ccccc1,5.2596374,4.79706,0.46257734
Cc1cc(CO)ncc1-c1ccc2nc(NC(=O)[C@@H]3C[C@@H]3F)sc2c1,4.9914,4.4849524,0.5064473
Cc1cn(-c2cc(NC(=O)c3cccc(C#Cc4cccc5[nH]nc(N)c45)c3)cc(C(F)(F)F)c2)cn1,6.0,5.7273965,0.2726035
Cc1ccc(C(=O)Nc2cc(-n3ccnc3)cc(C(F)(F)F)c2)cc1C#Cc1cnc2ccccn12,6.454693,5.794492,0.6602011
Cc1ccc(C(=O)Nc2cc(-n3cnc(CN4CCCC4)c3)cc(C(F)(F)F)c2)cc1C#Cc1cnc2ccccn12,5.395234,5.524932,-0.1296978
O=C(Nc1cc(-n2ccnc2)cc(C(F)(F)F)c1)c1cccc(C#Cc2cnc3cccnn23)c1,4.4449058,3.6433136,0.8015921
C[C@@H]1COCCN1c1cccc(-c2csc(NC(=O)CNC(=O)c3ccn(S(C)(=O)=O)c3)n2)n1,5.5850267,5.858312,-0.2732854
O=C(Nc1ccc(OC(F)(F)F)cc1)c1cncc(-c2cncc(F)c2)c1,8.522879,9.0724535,-0.54957485
Cc1cn(-c2cc(NC(=O)c3ccc(C)c(C#Cc4cnc5cccnn45)c3)cc(C(F)(F)F)c2)cn1,5.30103,5.778396,-0.47736597
COc1cc(OC)c(Cl)c(-c2ccc3c(/C=C/c4ccc(C(=O)N5CCNCC5)cc4)n[nH]c3c2)c1Cl,5.0,4.7914653,0.20853472
Cc1ccc(NC(=O)c2ccc(CN3CCN(C)CC3)cc2)cc1-n1cc(-c2cnc3cccnn23)cn1,4.1372724,4.569769,-0.43249655
Cc1ccc(NC(=O)c2ccc(CN3CCCN(C)CC3)cc2)cc1-n1cc(-c2cccnc2)cn1,5.20412,4.2706013,0.9335189
Cc1ccc(Cn2nc(CCCc3ccc(OC(C)(C)C(=O)O)cc3)n(CCO)c2=O)cc1,4.0264196,3.5239172,0.50250244
Cn1cc(-c2cc(C(=O)Nc3ccc(OC(F)(F)F)cc3)ccc2Cl)cn1,8.148742,7.9489307,0.19981098
CC[C@@H](C#Cc1c(C)nc(N)nc1N)c1cc(OC)c(OC)c(OC)c1,7.7523665,8.10052,-0.3481536
Nc1nc2ccc(-c3cn([C@@H]4CN[C@H](C(=O)Nc5ccc(Br)cc5)C4)nn3)nc2s1,4.026166,3.7721934,0.25397253
Cc1nc(Nc2ncc(C(=O)Nc3c(C)noc3C)s2)cc(N2CCN(CCO)CC2)n1,4.7181716,4.3986487,0.31952286
Cc1ccc(C(=O)Nc2cccc(C(F)(F)F)c2)cc1C#Cc1cn(C(C)C)c2ncnc(N)c12,8.014573,9.254651,-1.240078
Cc1cccc(F)c1-c1ccc2nc(NC(=O)C3CC3(F)F)sc2c1,2.1870866,3.2849426,-1.097856
Cc1cn(-c2cc(NC(=O)c3ccc(C)c(C#Cc4cn(C(C)C)c5ncnc(N)c45)c3)cc(C(F)(F)F)c2)cn1,5.69897,3.7572565,1.9417133
Cc1ccc(NC(=O)c2ccc(C)c(C(F)(F)F)c2)cc1C#Cc1cn(C2CCCC2)c2ncnc(N)c12,8.455932,8.515365,-0.059432983
CCc1nc(C#Cc2cc(C(=O)Nc3cccc(C(F)(F)F)c3)ccc2C)c2c(N)nccn12,6.0,6.9122124,-0.9122124
CCn1cc(C#Cc2cc(C(=O)Nc3cc(-n4cnc(C)c4)cc(C(F)(F)F)c3)ccc2C)c2c(N)ncnc21,6.0,5.75364,0.24635983
CCCc1cc(Oc2ccc(F)cc2)ccc1OCCCOc1cccc(-c2sc(=O)[nH]c2O)c1,5.9914,5.4331636,0.5582361
Cc1ccc(C(=O)Nc2ccc(CN3CCN(C)CC3)c(C(F)(F)F)c2)cc1Nc1cccc2c1C(=O)C(=O)N2C,9.251812,9.338124,-0.086312294
O=C(Nc1ccc(OC(F)(F)Cl)cc1)c1cc(-c2cccnn2)c2c(c1)nc1n2C[C@@H](O)CO1,5.300515,5.6602836,-0.3597684
C[C@]1(C(=O)O)CCc2ccc(OCCCOc3ccc(C4CCCCC4)cc3Cl)cc2O1,6.4089355,5.0215607,1.3873749
CC[C@@](C)(Cc1ccc(OCCCOc2cc3oc(=O)cc(C(F)(F)F)c3cc2Cl)cc1)C(=O)O,5.6792307,6.1570177,-0.47778702
Cc1oc(-c2cccs2)nc1CCOc1ccc(C[C@](C)(Oc2ccccc2)C(=O)O)cc1,4.2048154,3.8190973,0.3857181
CO[C@@H](Cc1ccc(OCCc2nc(-c3ccccc3)oc2C)c2sccc12)C(=O)O,6.376751,6.0414114,0.33533955
CN=NNc1ccc(C(=O)Nc2ccc(C)c(Nc3nccc(-c4cccnc4)n3)c2)cc1C(F)(F)F,8.167491,6.4339557,1.7335353
CCCc1cc(Oc2ccccc2)ccc1OCCCOc1cccc(-c2sc(=O)[nH]c2O)c1,5.0,5.987647,-0.98764706
Cc1ccc(C(=O)Nc2cc(C(F)(F)F)on2)cc1C#Cn1cnc2c(NC3CC3)cccc21,7.69897,8.0879,-0.38893032
CC(=O)Nc1n[nH]c2cc(-c3cn([C@@H]4CN[C@H](C(=O)Nc5ccc(Cl)c(C(F)(F)F)c5)C4)nn3)ccc12,6.600326,6.1923046,0.40802145
Cc1nc(Nc2ncc(C(=O)Nc3c(C)cncc3C)s2)cc(N2CCN(CCO)CC2)n1,3.8239088,3.442968,0.3809409
CC(=O)N1CCC(COc2cc(F)c3c(=O)[nH]c(CN(C)C4CCN(C(=O)c5cnn(C)c5)CC4)nc3c2)CC1,4.79588,4.8481493,-0.05226946
C=CCN(C)Cc1ccc(-c2ccc(C(=O)c3ccc(Br)cc3)cc2)cc1,8.004365,7.813312,0.19105291
Cc1c(Cc2c(Cl)cccc2Cl)c(=O)ccn1CCc1ccc(-c2c[nH]c(CNC(=O)Nc3ncc(Br)s3)n2)cc1,8.769551,9.049992,-0.28044033
Cc1ccc(C(=O)Nc2ccc(CN3CCN(C)CC3)c(C(F)(F)F)c2)cc1C#Cc1cnc(N)s1,8.853872,8.868466,-0.014594078
CC[C@]1(C(=O)O)CCc2ccc(OCCCOc3ccc(CC(C)C)cc3Cl)cc2O1,4.7447276,5.2787704,-0.53404284
Cc1cn(-c2cc(NC(=O)c3cccc(C#Cc4cnc5cccnn45)c3)cc(C(F)(F)F)c2)cn1,6.4202166,5.552559,0.86765766
CN(C)CCNC(=O)c1cncc(-c2cn([C@@H]3CN[C@H](C(=O)Nc4ccc(Cl)c(C(F)(F)F)c4)C3)nn2)c1,4.30103,3.8112254,0.48980474
Cc1ccc(NC(=O)c2ccc(CN3CCN(C)CC3)cc2)cc1Nc1nccc(-c2cncc(-c3cc(C(=O)N(C)C)n[nH]3)c2)n1,9.036212,6.394973,2.6412392
Cc1ccc(NC(=O)c2ccc(CN3CCN(C)CC3)cc2)cc1Nc1nccc(-c2cncc(C3=NN=C(C(=O)Nc4cc(C(=O)N(C)C)n[nH]4)C3)c2)n1,4.6516953,3.903411,0.74828434
Cc1cccc(Cl)c1-c1ccc2nc(NC(=O)[C@@H]3C[C@@H]3F)sc2c1,4.6197886,3.599669,1.0201197
CC(C)(Oc1ccc(OCCCOc2ccc(Oc3ccc(F)cc3)cc2Cl)cc1)C(=O)O,5.2153826,5.8285885,-0.6132059
CC[C@@](C)(Cc1ccc(OCCCOc2ccc(OS(C)(=O)=O)cc2Cl)cc1)C(=O)O,6.400117,6.632821,-0.23270416
CCc1ccc(C(=O)Nc2cc(CN3CCN(C)CC3)cc(C(F)(F)F)c2)cc1C#Cc1cnc(NC)nc1,5.920819,4.7925167,1.1283021
CC(C)(C)n1ccc(C(=O)NCC(=O)Nc2nc(-c3cccc(N4CCCC4)n3)cs2)c1,5.30103,5.062956,0.2380743
Cc1ccc(-c2cc(C(=O)Nc3ccc(OC(F)(F)F)cc3)cnc2N(C)CCCO)cn1,4.069917,3.521183,0.5487342
c1ccc(Oc2ccc3[nH]nc(-c4nc5ccc(N6CCC(N7CCCCC7)CC6)cc5[nH]4)c3c2)cc1,4.6161847,3.5124288,1.103756
Cc1ncsc1-c1ccc([C@H](C)NC(=O)[C@@H]2C[C@@H](O)CN2C(=O)[C@@H](c2cc(N3CCC(CN4CCC(c5ccc6c(c5)-n5c(nc(=O)c7c(Cl)cccc75)C6(C)C)CC4)CC3)no2)C(C)C)cc1,3.8239088,3.562582,0.2613268
CN1CCOc2ccc(cc2)C(=O)NCc2cccc(c2)C(=O)N[C@@H](CC(C)(C)C)C(=O)Nc2ccc(cc2)CCN(C)C(=O)CC(C)(C)CC1=O,6.221849,4.460124,1.761725
CC(C)(C)NC(=O)Nc1ccc2[nH]nc(-c3nc4ccc(N5CCC(N6CCCCC6)CC5)cc4[nH]3)c2c1,4.5638375,5.67195,-1.1081123
FC(F)(F)Oc1ccc(Nc2ncnc3c2cnn3Cc2cccnc2)cc1,9.481486,9.026939,0.45454693
CN1CCN(CCOc2cc(OC3CCOCC3)c3c(Nc4c(Cl)ccc5c4OCO5)ncnc3c2)CC1,9.886057,8.957212,0.92884445
Cc1ccc(C(=O)Nc2cc(C(F)(F)F)ccn2)cc1C#Cn1cnc2c(NC3CC3)ncnc21,4.0,3.6518815,0.34811854
COc1cc2ncnc(Nc3cccc(Br)c3)c2cc1OC,4.026341,3.5324562,0.4938848
COc1cc(CNCc2ccccn2)cc(Cl)c1OCc1ccc(Cl)cc1,8.721247,7.123256,1.5979905
COc1cc([C@@H](C#Cc2c(C)nc(N)nc2N)OC)cc(OC)c1OC,6.1739254,6.107025,0.06690025
O=C(Nc1nc2ccc(-c3cn([C@@H]4CN[C@H](C(=O)Nc5ccc(F)c(F)c5)C4)nn3)nc2s1)C1CC1,5.225483,5.135807,0.0896759
Cc1cc(-c2cncc(-c3ccnc(Nc4cc(NC(=O)c5ccc(CN6CCN(C)CC6)cc5)ccc4C)n3)c2)on1,4.860121,4.9588237,-0.09870291
CN1CCN(Cc2ccc(NC(=O)c3cccc(C#Cc4cnc5cccnn45)c3)cc2C(F)(F)F)CC1,8.0,7.96089,0.039110184
Nc1n[nH]c2cccc(-c3ccc(C(=O)NCCNC(=O)c4ccccc4Br)cc3)c12,5.537602,5.416522,0.12107992
O=C(Nc1ccc(OC(F)(F)F)cc1)c1ccc(Cl)c(-c2ccncc2)c1,5.7399645,5.795388,-0.055423737
Cn1ncc([N+](=O)[O-])c1C(=O)Nc1nc(-c2ccc(Cl)c(Cl)c2)cs1,6.821949,5.9363923,0.8855567
Cc1cccc(C)c1/C=C/n1cnc2c(Nc3ccc(P(C)(C)=O)cc3)nc(C3CCCC3)nc21,6.154902,6.0012255,0.15367651
Cc1ccc(NC(O)c2ccc(CN3CC[C@@H](CN(C)C)C3)c(C(F)(F)F)c2)cc1Nc1nccc(-c2cncnc2)n1,7.3665314,8.390474,-1.023943
COc1ccc(OC)c(CC#Cc2c(C)nc(N)nc2N)c1,7.69897,6.740554,0.958416
Cc1ccc(NC(=O)Nc2ccc(Cl)c(C(F)(F)F)c2)cc1C#Cc1cnc2c(Nc3cnn(C)c3)nccn12,4.4793854,3.6313019,0.8480835
C=CC(=O)N[C@H]1CC[C@@H](n2nc(-c3ccc(Oc4ccccc4)cc3)c3c(N)ncnc32)CC1,5.184422,3.8350177,1.3494043
Cc1ccnc(C)c1-c1ccc2nc(NC(=O)C3C[C@@H]3F)sc2c1,5.958607,5.7630386,0.19556856
Cc1ccnc(C)c1-c1ccc2nc(NC(=O)[C@@H]3C[C@@H]3F)sc2c1,5.207608,4.6309595,0.5766487
Cc1cc(Nc2ncc(C)c(N3CC(C4CC4)C3)n2)sn1,9.327902,9.047996,0.27990627
Cc1cc(NC(=O)Nc2ccnc(Cl)c2)sn1,5.2276783,6.102806,-0.8751278
CN1CCN(Cc2cc(NC(=O)c3cccc(C#Cc4cnc5cnccn45)c3)cc(C(F)(F)F)c2)CC1,5.0,5.1633916,-0.16339159
Cc1ccc(NC(=O)c2ccc(N=NN(C)CO)c(C(F)(F)F)c2)cc1Nc1nccc(-c2cccnc2)n1,5.69897,6.2575636,-0.55859375
Cc1ccncc1-c1ccc2nc(NC(=O)[C@@H]3C[C@@H]3CO)sc2c1,4.2708354,4.8052397,-0.5344043
Cc1ccccc1COc1ccc2cc(-c3nn(C(C)C)c4ncnc(N)c34)ccc2c1,4.30103,4.322155,-0.02112484
CC(C)(C)[C@H](NC(=O)c1cccc(-c2cncc(C(=O)NC3CC3)c2)c1)C(=O)Nc1ccc(Cl)c(C(F)(F)F)c1,9.179798,8.636846,0.54295254
Cc1oc(-c2ccccc2)nc1CCCc1ccc(C[C@@H](C(=O)O)n2nccn2)cc1,8.454693,6.5708847,1.8838081
Cc1ncsc1-c1ccc([C@H](C)NC(=O)[C@@H]2C[C@@H](O)CN2C(=O)[C@@H](c2cc(OCC(C)CN3CCC(c4ccc5c(c4)-n4c(nc(=O)c6c(Cl)cccc64)C5(C)C)CC3)no2)C(C)C)cc1,4.0,3.3957906,0.6042094
O=C1Nc2cc(Br)ccc2/C1=C1/Nc2ccccc2/C1=N\OCCN1CCN(CCOCCO)CC1,6.2596374,5.328246,0.93139124
O=C([O-])COc1ccc(-c2c[nH]c(CNC(=O)Nc3ncc(Sc4ccccn4)s3)n2)cc1,4.0,4.3489456,-0.34894562
COc1ccc(C(=O)Nc2cccc(Cl)c2)cc1Nc1nccc(-c2cccnc2)n1,6.649752,6.4675603,0.18219185
C#CCO[C@@H]1[C@H](C)[C@@H](COS(=O)(=O)C=C)O[C@H]1n1nc(-c2ccc(C)cc2)c2c(N)ncnc21,9.468521,9.423189,0.045331955
Cc1cc(-c2cncc(-c3ccnc(Nc4cc(NC(=O)c5ccc(CN6CCN(C)CC6)cc5)ccc4C)n3)c2)[nH]n1,9.69897,8.921287,0.77768326
Cn1cc(-c2cc(C(=O)Nc3ccc(OC(F)(F)F)cc3)ccc2F)cn1,6.034328,5.3256025,0.70872545
COC(=O)C1CCN(c2ncc(C(=O)Nc3ccc(OC(F)(F)Cl)cc3)cc2-c2ccn[nH]2)C1,7.920819,7.2524095,0.66840935
Cc1cc(NC(=O)C2=NN=C(c3cncc(-c4ccnc(Nc5cc(NC(=O)c6ccc(CN7CCN(C)CC7)cc6)ccc5C)n4)c3)C2)[nH]n1,4.5316525,4.059866,0.4717865
Nc1nnc(-c2ccccc2O)cc1N1CC(Oc2ccccc2)C1,7.0,6.06502,0.9349799
Cc1c(F)cncc1-c1ccc2nc(NC(=O)C3CC(F)(F)C3)sc2c1,6.400117,5.184806,1.215311
CC1CN(c2cc(-c3ccccc3O)nnc2N)CCN1S(C)(=O)=O,6.943095,8.410547,-1.467452
O=C(Nc1ccc(OC(F)(F)F)cc1)c1cccc(-c2cncnc2)c1F,8.0,8.165015,-0.16501522
CCCOc1cc(-c2cccc(CCCc3nn(Cc4ccc(C(C)(C)C)cc4)c(=O)n3CC)c2)ccc1CC(=O)O,4.0,4.9210043,-0.9210043
CCn1cc(-c2ccc3c(c2)ncn3-c2cc(OC)c(C(=O)NC)c(OC)c2)cn1,3.5228786,4.829851,-1.3069725
COc1cc(C(C)C#Cc2cnc(N)nc2N)cc(OC)c1OC,5.5425725,3.6990147,1.8435578
CC[C@]1(C(=O)O)CCc2ccc(OCCCOc3ccc(OC(F)(F)F)cc3Cl)cc2O1,6.931073,6.5819244,0.34914875
Cc1cc(-c2ccc3c(c2)-c2nnc(Nc4cccc(Cl)c4)n2CCO3)ccn1,7.943095,7.250063,0.69303226
Cc1oc(-c2ccc(C(C)C)cc2)nc1CCOc1ccc(C[C@H](OCC2CC2)C(=O)O)c2sccc12,5.7572103,5.947872,-0.1906619
Cc1ccc(NC(=O)c2ccc(CN3CCN(C)CC3)cc2)cc1Nc1nccc(-c2cncc(C3=NN=C(C(=O)Nc4cn[nH]c4)C3)c2)n1,5.167491,5.077429,0.09006214
Cc1ccc(NC(=O)c2ccc(CN3CCN(C)CC3)cc2)cc1Nc1nccc(-c2cncc(-c3cn[nH]c3)c2)n1,3.6458917,3.8373206,-0.1914289
CN1CCN(Cc2ccc(NC(=O)Nc3ccc(Oc4ccc5ncccc5c4)cc3)cc2C(F)(F)F)CC1,6.920819,6.2820168,0.63880205
COc1cc(-c2n[nH]c3ncc(-c4ccc(N)nc4)cc23)cc(OC)c1OC,8.026872,8.474947,-0.4480753
CC[C@]1(C(=O)O)CCc2ccc(OCCCOc3ccc(C(C)C)cc3Cl)cc2O1,4.6575775,4.058918,0.5986595
COc1cc2c(Nc3ccc(C)cc3C)c(C#N)cnc2cc1OCC1CCN(C)CC1,4.0262537,3.8000705,0.22618318
Cc1ccc(C(=O)Nc2cc(C(F)(F)F)ccn2)cc1/C=C/n1cnc2cncnc21,6.6382723,6.407132,0.23114014
CC(C)n1nc(C#Cc2cccc3cc(-c4ccc(CN5CCN(C)CC5)cc4)ncc23)c2c(N)ncnc21,3.5003128,3.9183283,-0.41801548
Cc1cccc(F)c1-c1ccc2nc(NC(=O)[C@@H]3C[C@@H]3CO)sc2c1,4.69897,4.1946816,0.5042882
CC(=O)N1CCN(c2cc(-c3ccccc3O)nnc2N)CC1C,8.30103,7.908169,0.39286137
CCNC(=O)Nc1nc2ccc(-c3ccnc(C)c3)cc2[nH]1,4.2692175,3.9716692,0.2975483
COc1cc([C@@H](O)C#Cc2c(C)nc(N)nc2N)cc(OC)c1OC,5.2596374,4.867015,0.39262247
Cc1ccc(NC(=O)c2ccc(CN3CCN(C)CC3)cc2)cc1Nc1nccc(-c2cncc(-c3cnn(C)c3)c2)n1,5.247184,4.8481884,0.3989954
Cc1ccc(NC(=O)c2ccc(CN3CCN(C)CC3)cc2)cc1Nc1nccc(-c2cncc(-c3ccn(C)n3)c2)n1,7.7695513,8.101623,-0.3320713
Cc1ccncc1-c1cc(F)c2nc(NC(=O)[C@@H]3C[C@@H]3F)sc2c1,8.970616,9.312892,-0.34227562
Cc1ccc(C(=O)Nc2ccc(CN3CCN(C)CC3)c(C(F)(F)F)c2)cc1C#Cc1ccn2nc(N(C)C)nc2c1,6.634512,5.867552,0.76696014
Cc1nc(Nc2ncc(C(=O)Nc3c(Br)ccnc3C)s2)cc(N2CCN(CCO)CC2)n1,4.920819,4.068881,0.8519378
CCCO[C@H](Cc1ccc2c(ccn2Cc2nc(-c3ccc(C(F)(F)F)cc3)oc2C)c1)C(=O)O,5.4000077,5.870828,-0.47082043
Cc1oc(-c2ccccc2)nc1CCOc1cccc(C[C@@H]2CN(c3ccccc3)C[C@@H]2C(=O)O)c1,7.0457573,5.5071974,1.5385599
COc1cccc(-c2cn(C3CC(CO)C3)c3ncnc(N)c23)c1,9.21467,9.019317,0.19535351
C=CCN(C)C/C=C/COc1ccc(C(=O)c2ccc(Br)cc2)cc1,7.701147,7.551508,0.14963913
Nc1ncnc2c1c(-c1ccccc1)cn2C1CCC(O)C1,4.703335,3.5687737,1.1345611
CN1CCN(c2ccc(Nc3nc(Nc4ccc(F)c(F)c4)c4ncn(CC5CC5)c4n3)cc2)CC1,5.0,4.9733486,0.026651382
O=C(/C=C/N1C[C@H]2C[C@@H]1CN2c1ccccn1)c1ccccc1O,6.6143937,6.3730593,0.24133444
CCCOC(Cc1ccc2c(ccn2Cc2nc(-c3ccc(C(F)(F)F)cc3)oc2C)c1)C(=O)O,4.69897,3.8276052,0.8713646
CS(=O)(=O)Nc1ccc(-c2cc(Nc3ccc(OC(F)(F)F)cc3)ncn2)cc1,4.6516953,3.7283094,0.92338586
C=C(C)[C@@H]1CC[C@]2(C(=O)O)CC[C@]3(C)[C@H](CC[C@@H]4[C@@]5(C)Cc6c([nH]c7ccccc67)C(C)(C)[C@@H]5CC[C@]43C)[C@@H]12,6.394695,6.516279,-0.121584415
Cc1ncncc1C(=O)NC1=NN(c2ccc(Cl)c(Cl)c2)CC1,9.080922,8.061227,1.0196953
Cc1ccc(NC(=O)c2ccc(Cn3ccnc3)c(C(F)(F)F)c2)cc1C#Cc1cncnc1,8.30103,8.149751,0.15127945
CN1CCN(c2ccc(Nc3nc(Nc4cccc(F)c4)c4ncn(CC5CC5)c4n3)cc2)CC1,6.316953,5.476432,0.84052134
COCCOc1ncc(C(=O)Nc2ccc(OC(F)(F)F)cc2)cc1-c1ccn[nH]1,7.8632793,7.4680104,0.39526892
Cc1scnc1-c1ccc2nc(NC(=O)[C@@H]3C[C@@H]3F)sc2c1,7.3448615,7.1986227,0.1462388
Cc1ccc(NC(=O)c2ccc(CN3CCN(C)CC3)cc2)cc1Nc1nccc(-c2cncc(-c3[nH]ncc3C)c2)n1,5.0,5.1820426,-0.1820426
Cc1ccc(NC(=O)c2ccc(CN3CCN(C)CC3)cc2)cc1Nc1nccc(-c2cncc(C3=NN=C(C(=O)Nc4[nH]ncc4C)C3)c2)n1,6.0,5.371223,0.628777
COc1ccccc1-c1c[nH]c2ncc(-c3cccc(NC(C)=O)c3)cc12,6.9244533,7.4382486,-0.5137954
Cc1nnc(-c2cncc(-c3ccnc(Nc4cc(NC(=O)c5ccc(CN6CCN(C)CC6)cc5)ccc4C)n3)c2)s1,5.2204037,5.9535937,-0.73319006
CC(=O)c1cccc(NC(=O)N[C@@H]2CCCC[C@H]2CN2CCC[C@@H](Cc3ccc(F)cc3)C2)c1,10.19382,8.617892,1.5759277
CN1CCN(Cc2ccc(NC(=O)c3ccc(Cl)c(C#Cc4cnc5cccnn45)c3)cc2C(F)(F)F)CC1,9.318759,8.95441,0.36434937
CCc1ccc(C(=O)Nc2ccc(C)c(-n3cc(-c4cccnc4)cn3)c2)cc1,7.376751,6.836081,0.5406699
CC(C)(C)C(=O)Nc1ccc(-c2cn([C@@H]3CN[C@H](C(=O)Nc4ccc(Cl)c(C(F)(F)F)c4)C3)nn2)cn1,4.0,3.82554,0.17445993
CCCc1cc(OC2CCCC2)ccc1OCCCOc1cccc(-c2sc(=O)[nH]c2O)c1,3.5114493,4.133561,-0.6221118
CC[C@@](C)(Cc1ccc(OCCCOc2ccccc2Cl)cc1)C(=O)O,4.30103,3.890543,0.41048717
CN(CCCO)c1ncc(C(=O)Nc2ccc(OC(F)(F)F)cc2)cc1-c1cccnc1,5.5606675,5.3072214,0.2534461
O=C(NCc1nc(-c2ccccc2)c[nH]1)Nc1ncc(Sc2ccccn2)s1,4.30103,4.0108557,0.29017448
C[C@@H]1CN(c2cccc(-c3csc(NC(=O)C4(NC(=O)c5ccn(S(C)(=O)=O)c5)CC4)n3)n2)C[C@H](C)O1,6.4762535,6.139445,0.33680868
Cc1ncsc1-c1ccc([C@H](CN2CCOCC2)NC(=O)[C@@H]2C[C@@H](O)CN2C(=O)[C@@H](n2cc([C@H]3CC[C@H](CN4CCC(c5ccc6c(c5)-n5c(nc(=O)c7c(Cl)cccc75)C65CCCCC5)CC4)CC3)nn2)C(C)(C)C)cc1,4.026383,3.9314086,0.09497428
CN1CCN(Cc2ccc(NC(=O)c3ccc(F)c(C#Cc4cnc5cccnn45)c3)cc2C(F)(F)F)CC1,4.4436975,5.0698752,-0.6261778
[C-]#[N+]c1cccc(Nc2ncc3cc(-c4c(Cl)cccc4Cl)c(=O)oc3n2)c1,6.2839966,5.88375,0.40024662
CCNC(=O)Nc1nc2ccc(-c3c(Cl)cccc3Cl)cc2[nH]1,7.6197886,5.534722,2.0850668
CCCc1cc(C(=O)CC)cc(CCC)c1O[C@H](C(=O)O)c1ccc(OC(C)C)cc1,6.221849,5.7760053,0.4458437
Nc1ncnc2c1c(-c1cccc(O)c1)cn2[C@H]1C[C@@H](CO)C1,6.0,5.737084,0.2629161
Nc1n[nH]c2cc(-c3ccc(C(=O)NCCNC(=O)c4ccc(Cl)c(C(F)(F)F)c4)cc3)ccc12,6.383,6.9586196,-0.5756197
COc1ccc(Cc2cc([C@]34OC[C@](CO)(O3)[C@@H](O)[C@H](O)[C@@H]4O)ccc2Cl)cc1,7.2839966,6.5904183,0.69357824
Cc1ccc(NC(=O)c2ccc(C(F)(F)F)cc2)cc1-n1cc(-c2cccnc2)cn1,8.459057,7.6783943,0.78066254
Nc1n[nH]c2cc(-c3cn([C@@H]4CN[C@H](C(=O)Nc5ccc(Br)cc5)C4)nn3)ccc12,9.481486,8.993806,0.48768044
CN(C)CCOc1ccc(C(=O)NCc2cccc(C(=O)N[C@@H](CC(C)(C)C)C(=O)Nc3ccc(CCN(C)C)cc3)c2)cc1,6.318759,6.1097946,0.20896435
O=C(Nc1ccc(OC(F)(F)F)cc1)c1ccc(F)c(-c2ccncc2)c1,9.30103,9.357577,-0.056547165
CCNC(=O)Nc1nc2cc(-c3ccccc3)ccc2[nH]1,4.026341,3.6445494,0.3817916
Cc1ccc(NC(=O)c2ccc(CN3CCN(C)CC3)cc2)cc1Nc1nccc(-c2cncc(-c3cn[nH]c3C)c2)n1,7.549751,8.659997,-1.1102462
Cc1ccc(NC(=O)c2ccc(CN3CCN(C)CC3)cc2)cc1Nc1nccc(-c2cncc(C3=NN=C(C(=O)Nc4cn[nH]c4C)C3)c2)n1,9.508638,9.015449,0.4931898
CS(=O)(=O)n1ccc(C(=O)NCC(=O)Nc2nc(-c3cccc(OC(F)F)n3)cs2)c1,3.8239088,3.5141191,0.30978966
Cc1cc(-c2ccc3c(c2)-c2nnc(Nc4cccc(OC(F)(F)F)c4)n2CCO3)ccn1,4.69897,4.56854,0.13042974
Cc1oc(-c2cccs2)nc1CCOc1ccc(CC(C)(Oc2ccccc2)C(=O)O)cc1,9.638272,8.033921,1.604351
CCNC(=O)Nc1nc2ccc(-c3ccccc3CC)cc2[nH]1,4.2999988,6.075757,-1.7757583
O=c1nc2n(C3CCCC3)c3cc(C4CCNCC4)ccc3n2c2cccc(Br)c12,7.3279023,7.057804,0.2700982
O=C(N[C@@H](Cc1ccccc1)C(=O)N1CC(C(=O)O)C1)c1c[nH]c2ccc(Cl)cc12,6.2596374,4.9888744,1.2707629
Cc1ccc(C(=O)Nc2cc(-n3ccnc3CN(C)C)cc(C(F)(F)F)c2)cc1C#Cc1cnc2ccccn12,4.5252013,3.8149314,0.7102699
CCNC(=O)Nc1nc2ccc(-c3c(C)cccc3C)cc2[nH]1,5.0,4.877734,0.122265816
CC(=O)N1CCC(COc2cc(F)c3c(=O)[nH]c(CN(C)C4CCN(C(=O)C5CC5)CC4)nc3c2)CC1,5.552842,5.239592,0.31325006
Cc1ccc(NC(=O)c2ccc(CN3CCN(C)CC3)cc2)cc1Nc1nccc(-c2cncc(-c3ccn[nH]3)c2)n1,4.3791356,3.5991433,0.77999234
Cc1ccc(NC(=O)c2ccc(CN3CCN(C)CC3)cc2)cc1Nc1nccc(-c2cncc(C3=NN=C(C(=O)Nc4ccn[nH]4)C3)c2)n1,4.30103,4.4694614,-0.16843128
Nc1nnc(-c2ccccc2O)cc1N1CCCCC1,7.5606675,7.8276734,-0.26700592
CCCc1cc(CC2CCCCC2)ccc1OCCCOc1cccc(-c2sc(=O)[nH]c2O)c1,3.8430877,4.373173,-0.53008556
COc1ccc(C(=O)Nc2ccc(C)c(-n3cc(-c4cccnc4)cn3)c2)cc1,4.5086384,4.6193466,-0.11070824
CS(=O)(=O)N1CCN(c2cc(-c3ccccc3O)nnc2N)CC1Cc1ccccc1,4.60206,3.6803048,0.9217551
O=c1[nH]c(O)c(-c2cccc(OCCCOc3ccc(Oc4ccccc4)cc3)c2)s1,3.9396799,4.2163124,-0.27663255
COc1cc(Nc2c(C#N)cnc3cc(OCCON4CCN(C)CC4)c(OC)cc23)c(Cl)cc1Cl,3.2218487,4.122945,-0.9010961
CCNC(=O)Nc1nc2ccc(-c3ccccc3OC(C)C)cc2[nH]1,4.0,4.3012724,-0.3012724
CC(C)(C)n1ccc(C(=O)NCC(=O)Nc2nc(-c3cccc(N4CCC4)n3)cs2)c1,5.275724,4.9534636,0.32226038
Cc1ncsc1-c1ccc([C@H](C)NC(=O)[C@@H]2C[C@@H](O)CN2C(=O)[C@@H](c2cc(OC3CCC(N4CCC(c5ccc6c(c5)C(C)(C)c5nc(=O)c7c(Cl)cccc7n5-6)CC4)CC3)no2)C(C)C)cc1,9.39794,9.37309,0.024849892
Cc1ccc(NC(=O)c2ccc(CN3CCN(C)CC3)cc2)cc1Nc1nccc(-c2cncc(-c3oncc3C)c2)n1,5.3027706,4.8403664,0.46240425
O=C(O)CCNc1ncc(C(=O)Nc2ccc(OC(F)(F)F)cc2)cc1-c1ccn[nH]1,6.1169066,5.178981,0.9379258
CC(=O)N1CCc2c1ccc(C)c2-c1ccc2nc(NC(=O)[C@@H]3C[C@@H]3F)sc2c1,5.2596374,5.3393908,-0.0797534
FC(F)(F)c1cccc(Nc2nnc3n2CCOc2ccc(-c4ccncc4)cc2-3)c1,7.5228786,5.808589,1.7142897
O=C1Nc2cc(OC(F)(F)F)ccc2Oc2ccc(-c3ccnc(N4CC[C@H](O)C4)c3)cc21,5.0,4.8431873,0.15681267
CN1CCN(C(=O)c2cc3c(Nc4ccc(OC(F)(F)F)cc4)ncnc3s2)CC1,4.49485,6.1481066,-1.6532564
CCOc1ccc(-c2cccc(CCCc3nn(Cc4ccc(C(C)(C)C)cc4)c(=O)n3CC)c2)cc1CC(=O)O,7.39794,7.1954246,0.2025156
Cc1cn(-c2cc(NC(=O)c3ccc(C)c(/C=C/n4cnc5cncnc54)c3)cc(C(F)(F)F)c2)cn1,5.686133,3.8771515,1.8089814
CC(C)c1ccc(OCCCOc2ccc3c(c2)O[C@@](C)(C(=O)O)CC3)c(Cl)c1,5.4202166,6.091724,-0.67150736
CN1CCOc2ccc(c(F)c2)C(=O)NCc2ccc(F)c(c2)C(=O)N[C@@H](CC(C)(C)C)C(=O)Nc2ccc(cc2)CCN(C)C(=O)CC(C)(C)CC1=O,4.847406,3.9810646,0.86634135
Cc1cc(Nc2cc(N3CCN(C)CC3)nc(Sc3ccc(NC(=O)C4CC4)cc3)n2)n[nH]1,3.8996294,4.148156,-0.24852681
CC[C@@](C)(Cc1ccc(OCCCOc2ccc3c(C(F)(F)F)cc(=O)oc3c2C)cc1)C(=O)O,5.1079054,5.0642214,0.043684006
CN1CCN(c2cc(-c3cc(Nc4ccc(OC(F)(F)F)cc4)ncn3)ccn2)CC1,6.0,6.0059404,-0.0059404373
Cc1ccc(C(=O)Nc2ccc(CN3CCN(CCF)CC3)c(C(F)(F)F)c2)cc1C#Cc1cnc2ccccn12,4.026415,3.6818533,0.34456158
Cc1oc(-c2ccccc2)nc1CCOc1cccc(C2=C(CC(=O)O)CCN(C(=O)OCC(C)C)C2)c1,5.0,4.796419,0.20358086
CC(C)(C)OC(=O)N1C[C@@H](n2cc(-c3ccc4c(N)n[nH]c4c3)nn2)C[C@H]1C(=O)Nc1ccc(Br)cc1,6.6757174,6.5483785,0.12733889
CN(C[C@H]1C[C@@H]1COc1ccc(C(=O)c2ccc(Br)cc2)c(F)c1)C1CC1,3.8446639,3.4682791,0.37638474
Cc1ccc(C(=O)Nc2cc(-c3cnn(C)c3)cc(C(F)(F)F)c2)cc1Nc1cc(-c2cccnc2)ccn1,7.229148,6.560463,0.66868496
COc1cccc(-c2cn(-c3cccc(CO)c3)c3ncnc(N)c23)c1,6.0457573,4.3155546,1.7302027
Cc1cc(Nc2cc(N3CCN(C)CC3)nc(Sc3ccc(NC(=O)C4CC4)cc3)n2)[nH]n1,7.5844426,7.351073,0.23336983
COc1cccc(-c2cn(C3CCC3)c3ncnc(N)c23)c1,6.7189665,6.508293,0.21067333
Cc1ccc(C(=O)Nc2ccc(CN3CCN(C)CC3)c(C(F)(F)F)c2)cc1C#Cc1cnc(NC2CC2)nc1,9.39794,8.890079,0.50786114
Cc1ncncc1-c1ccc2nc(NC(=O)[C@@H]3C[C@@H]3F)sc2c1,4.9273825,3.8193471,1.1080353
N#Cc1ccncc1-c1ccc2nc(NC(=O)[C@@H]3C[C@@H]3F)sc2c1,4.844664,4.8837004,-0.039036274
Cc1ccc(NC(=O)c2ccc(CN3CCN(C)CC3)cc2)cc1-n1cc(-c2cccnc2)cn1,9.568636,9.062002,0.50663376
CCCc1cc(C(=O)CC)cc(CCC)c1OC(C(=O)O)c1ccccc1,9.481486,9.348979,0.13250732
CCCCCCCCCCCOc1cccc(CCC(=O)NC[C@@H](O)COP(=O)(OC)OC[C@H](NC(C)=O)C(=O)O)c1,9.309804,7.706398,1.603406
Cc1oc(-c2ccccc2)nc1CCOc1cccc(CN(CCCc2ccccc2)CC(=O)O)c1,4.60206,5.4023476,-0.8002877
COCCOc1ncc(C(=O)Nc2ccc(OC(F)(F)F)cc2)cc1-c1cncnc1,4.3151546,3.8455622,0.46959233
Cc1csc(-c2cncc(-c3ccnc(Nc4cc(NC(=O)c5ccc(CN6CCN(C)CC6)cc5)ccc4C)n3)c2)n1,6.337242,6.5716543,-0.2344122
c1ccc(-c2cccc(Nc3ncnc4cc5c(cc34)OCO5)c2)cc1,8.712198,8.17438,0.53781796
CCN1CCN(Cc2ccc(NC(=O)c3ccc(C)c(/C=C/c4cnc5[nH]ccc5c4OC)c3)cc2C(F)(F)F)CC1,7.5606675,9.011155,-1.4504876
O=C(NNC(=S)Nc1ccc(Cl)c(Cl)c1)c1ccccc1O,5.0,4.9571095,0.04289055
CN(C)CCOc1ccc(C(=O)NCc2cccc(C(=O)N[C@@H](CC(C)(C)C)C(=O)Nc3ccc(CCC(=O)O)cc3)c2)cc1,6.0,5.5360956,0.46390438
CCNC(=O)c1c(OC)cc(-n2cnc3cc(-c4cnn(CC)c4)ccc32)cc1OC,5.823909,5.339255,0.48465395
Cc1oc(-c2ccccc2)nc1CCOc1ccc(CCC(=O)O)c(CNC(=O)Oc2cnccn2)c1,6.1191864,5.0625086,1.0566778
O=c1nc2n(c3cccc(Cl)c13)-c1ccc(C3CCNCC3)cc1C21CCCCCC1,5.09691,4.010385,1.086525
CCN1CCN(Cc2ccc(NC(=O)Nc3nc4ccc(Oc5ccnc(C(=O)NC)c5)cc4s3)cc2C(F)(F)F)CC1,4.954286,4.092282,0.8620043
Cc1ccc(NC(=O)c2ccc(CN3CCN(C)CC3)cc2)cc1Nc1nccc(-c2cncc(-c3nccs3)c2)n1,7.958607,7.389503,0.5691042
CC(C)n1nc(C#Cc2cccc3cc(-c4cccc(C(F)(F)F)c4)ncc23)c2c(N)ncnc21,6.5228786,5.1788225,1.3440561
CCCc1c(OCCCSc2ccc(CC(=O)O)cc2Cl)ccc2c(-c3ccccc3)coc12,6.659556,5.5815115,1.0780444
COC(=O)CN1CCC(n2cc(-c3cccc(O)c3)c3c(N)ncnc32)C1,8.327902,7.730504,0.5973978
Cc1oc(-c2ccccc2)nc1CCOc1ccc(Cc2nn(-c3ccccc3)nc2CC(=O)O)cc1,5.055517,4.533854,0.5216632
CNCCOc1ccc(C(=O)NCc2cccc(C(=O)N[C@@H](CC(C)(C)C)C(=O)Nc3ccc(CN4CCCC4)cc3)c2)cc1,6.853872,5.6844645,1.1694074
Cc1ccc(C(=O)Nc2ccc(CN3CCN(C)CC3)c(C(F)(F)F)c2)cc1/C=C/c1cnc2cccnn12,9.30103,8.95105,0.34998035
Nc1c(-c2ccn3nc(NC(=O)[C@@H]4C[C@@H]4F)cc3c2)cnc2[nH]ccc12,6.69897,6.1108665,0.5881033
Cc1cc(F)ncc1-c1ccc2nc(NC(=O)[C@@H]3C[C@@H]3F)cn2c1,6.075721,4.249819,1.825902
Cc1ccncc1-c1ccc2nc(NC(=O)[C@@H]3C[C@@H]3F)cn2c1,6.2196827,4.8800693,1.3396134
Cc1ccc(C(=O)Nc2ccc(CN3CCN(C)CC3)c(C(F)(F)F)c2)cc1C#Cc1cnc(C(=O)NCCO)n1C,4.30103,4.666519,-0.365489
CN(C)c1c(F)cccc1-c1ccc2nc(NC(=O)[C@@H]3C[C@@H]3F)cn2c1,3.406714,4.823435,-1.4167209
Cc1c(F)cccc1-c1ccc2nc(NC(=O)C3CCC3)cn2c1,6.0,4.8958893,1.1041107
Cc1c(F)cccc1-c1ccc2nc(NC(=O)[C@@H]3C[C@@H]3F)c(Cl)n2c1,6.838632,6.5088186,0.32981348
Cc1c(F)cccc1-c1ccc2nc(NC(=O)[C@@H]3C[C@@H]3F)c(C)n2c1,6.3675427,5.7937474,0.5737953
Cc1ccc2[nH]cnc2c1-c1ccc2nc(NC(=O)[C@@H]3C[C@@H]3F)cn2c1,6.8860564,5.8631325,1.022924
O=C1Cc2ccc(-c3ccc4nc(NC(=O)[C@@H]5C[C@@H]5F)cn4c3)cc2N1,5.498941,4.3385158,1.1604252
Cc1c(F)cccc1-c1ccc2nc(NC(=O)[C@@H]3C[C@@H]3F)c(Br)n2c1,5.2379217,4.7997427,0.43817902
Cc1c(F)cccc1-c1ccc2nc(NC(=O)C3CC(F)C3)cn2c1,4.30103,4.1468554,0.1541748
O=C(Nc1ccc(OC(F)(F)F)cc1)c1cnc(Cl)c(-c2ccn[nH]2)c1,7.5228786,5.3601513,2.1627274
Nc1ccc(-c2ccc3nc(NC(=O)[C@@H]4C[C@@H]4F)cn3c2)cn1,6.737549,6.716793,0.020755768
Cc1c(F)cccc1-c1ccc2nc(NC(=O)C3CC(F)(F)C3)cn2c1,4.823909,4.513724,0.31018496
O=C(Nc1cn2cc(-c3cnccc3Cl)ccc2n1)[C@@H]1C[C@@H]1F,7.275724,7.055293,0.22043085
COCCOCc1c(F)cccc1-c1ccc2nc(NC(=O)[C@@H]3C[C@@H]3F)cn2c1,6.8181562,6.634977,0.18317938
CC(=O)Nc1ccc(C)c(-c2ccc3nc(NC(=O)[C@@H]4C[C@@H]4F)cn3c2)c1,6.047692,5.6666956,0.38099623
Cc1cccc(F)c1-c1ccc2nc(NC(=O)[C@@H]3C[C@@H]3F)c(Cl)n2c1,5.2182446,5.3952236,-0.17697906
O=C(Nc1cn2cc(-c3ccccc3C(F)(F)F)ccc2n1)[C@@H]1C[C@@H]1F,6.0,5.1937513,0.80624866
O=C(Nc1cn2cc(-c3ccc4sc(=O)[nH]c4c3)ccc2n1)[C@@H]1C[C@@H]1F,4.120331,3.7813296,0.33900118
CN(C)CCOc1ccc(C(=O)NCc2ccc(F)c(C(=O)N[C@@H](CC(C)(C)C)C(=O)Nc3ccc(CCC(=O)O)cc3)c2)cc1,9.39794,9.215432,0.18250751
CN(C)CCOc1ccc(C(=O)NCc2cccc(C(=O)N[C@@H](CC(C)(C)C)C(=O)Nc3ccc(CN4CCCC4)cc3)c2)cc1,6.0,6.482593,-0.48259306
Cc1cccc(F)c1-c1ccc2nc(NC(=O)[C@@H]3C[C@@H]3F)c(C)n2c1,4.0,4.1651144,-0.1651144
CC(=O)c1c(F)cccc1-c1ccc2nc(NC(=O)[C@@H]3C[C@@H]3F)cn2c1,3.627088,4.178599,-0.5515108
Cc1ccnc(F)c1-c1ccc2nc(NC(=O)[C@@H]3C[C@@H]3F)cn2c1,4.2740884,4.2049828,0.069105625
O=C(Nc1cn2cc(-c3cccc(F)c3-c3ccco3)ccc2n1)[C@@H]1C[C@@H]1F,5.630784,5.328636,0.30214787
COc1cc(Nc2c(C#N)cnc3cc(OCC4CCCCN4C)c(OC)cc23)c(Cl)cc1Cl,8.080922,8.515363,-0.4344406
COC[C@H](NC(=O)c1ccn(C2(C#N)CC2)n1)C(=O)Nc1nc(-c2cccc(N3C[C@@H](C)O[C@@H](C)C3)n2)cs1,5.9172144,5.280431,0.6367836
Cc1cc(-c2ccc3c(c2)-c2nnc(Oc4cccc(Cl)c4F)n2CCO3)ccn1,4.69897,4.2761602,0.4228096
Cc1ccc(C(=O)Nc2ccc(CN3CCN(C(C)C)CC3)c(C(F)(F)F)c2)cc1C#Cc1cnc2ccccn12,2.9172146,3.9920213,-1.0748067
CS(=O)(=O)n1ccc(C(=O)NCC(=O)Nc2nc(-c3cccc(OC(F)(F)F)n3)cs2)c1,6.0570006,4.8631907,1.19381
COC(=O)CN1CCC(n2cc(-c3cccc(O)c3)c3c(N)ncnc32)CC1,8.0,7.569892,0.43010807
C=CC(=O)N(c1cc(OC)c(Cl)cc1Cl)c1c(C#N)cnc2cc(OCCCN3CCN(C)CC3)c(OC)cc12,5.0,4.8911715,0.108828545
Cc1ccncc1-c1ccc2nc(NC(=O)C3CCC3)sc2c1,4.823909,4.6987386,0.12517023
CN1CCN(Cc2cc(NC(=O)c3cccc(C#Cc4cccc5[nH]nc(N)c45)c3)cc(C(F)(F)F)c2)CC1,4.69897,4.152116,0.546854
Cc1cnc(-c2cncc(-c3ccnc(Nc4cc(NC(=O)c5ccc(CN6CCN(C)CC6)cc5)ccc4C)n3)c2)s1,6.0,5.3886194,0.6113806
CCOC(=O)[C@@H]1CSC(c2ccccc2)N1C(=O)c1cn(CCCNC(=O)C(F)(F)F)nn1,6.0,4.11322,1.8867798
C[C@]1(C(=O)O)CCc2ccc(OCCCOc3ccc(OC(F)(F)F)cc3Cl)cc2O1,7.4202166,6.5699053,0.8503113
O=C(Nc1nc2ccc(-c3cc[nH]n3)cc2s1)[C@@H]1C[C@@H]1F,6.920819,5.8725543,1.0482645
Cc1ccc(C(=O)Nc2ccc(CN3CCN(C)CC3)c(C(F)(F)F)c2)cc1C#Cc1ccc(-c2ncc(C(F)(F)F)[nH]2)nc1,4.0,5.4084554,-1.4084554
CC(C)(C)OC(=O)N1CCC(n2cc(-c3cccc(O)c3)c3c(N)ncnc32)C1,7.376751,5.6401606,1.7365904
CCCc1cc(C(=O)CC)cc(CCC)c1O[C@H](C(=O)O)c1ccc(CC(C)C)cc1,6.798603,8.060949,-1.2623463
Cc1cc(-c2ccc3c(c2)-c2nnc(Oc4cccc(Cl)c4)n2CCO3)ccn1,6.0,5.964473,0.03552723
Cc1cccc(F)c1-c1ccc2nc(NC(=O)C3C[C@H]3CO)sc2c1,4.133931,4.322931,-0.18899965
O=C(Nc1cccc(Cl)c1F)N1CCOc2ccc(-c3ccncc3)cc2C1,6.29243,6.499658,-0.20722818
Cc1ccc(C(=O)Nc2ccc(CN3CCN(C)CC3)c(C(F)(F)F)c2)cc1C#Cc1cn(C)cn1,5.4225082,6.1955986,-0.77309036
C=CCN(C[C@H]1C[C@@H]1COc1ccc(C(=O)c2ccc(Br)cc2)cc1)C1CC1,5.0,5.200388,-0.20038795
CCOc1cc(-c2cccc(CCCc3nn(Cc4ccc(C(C)(C)C)cc4)c(=O)n3CC)c2)ccc1CC(=O)O,5.21467,4.5388803,0.67578983
COC[C@H](NC(=O)c1ccn(C2(C)COC2)n1)C(=O)Nc1nc(-c2cccc(N3C[C@@H](C)O[C@@H](C)C3)n2)cs1,6.7447276,6.4141827,0.33054495
Nc1nnc(-c2ccccc2O)cc1OC1CCN(Cc2ccccc2)C1,7.2971563,7.8441377,-0.54698133
c1coc(CNc2ccc3[nH]nc(-c4nc5ccc(N6CCC(N7CCCCC7)CC6)cc5[nH]4)c3c2)c1,4.0,4.5259604,-0.52596045
CC[C@]1(C(=O)O)CCc2ccc(OCCCOc3ccc(Oc4ccc(F)cc4)cc3Cl)cc2O1,3.8239088,3.757975,0.065933704
C=CCN(C)CCCCCCOc1ccc(C(=O)c2ccc(Br)cc2)c(F)c1,8.040958,7.5785084,0.46245003
c1ccc(COc2ccc3[nH]nc(-c4nc5ccc(N6CCC(N7CCCCC7)CC6)cc5[nH]4)c3c2)cc1,3.539102,4.294601,-0.7554989
Cc1ncsc1-c1ccc([C@H](C)NC(=O)[C@@H]2C[C@@H](O)CN2C(=O)[C@@H](c2cc(OCCCN3CCC(c4ccc5c(c4)C(C)(C)c4nc(=O)c6c(Cl)cccc6n4-5)CC3)no2)C(C)C)cc1,3.8239088,3.8498423,-0.025933504
C[C@]1(C(=O)O)CCc2ccc(OCCCOc3ccc(Oc4ccccc4)cc3Cl)cc2O1,6.4609237,6.7409925,-0.28006887
N[C@@H]1CCN(c2c(F)cc3c(=O)c(C(=O)O)cn4c3c2Oc2c-4ccc3c2ccc2ccccc23)C1,7.235077,7.773368,-0.538291
COc1cccc(-c2cn(-c3ccccc3)c3ncnc(N)c23)c1,4.782242,4.1713066,0.6109352
COc1cccc(Oc2ccc3[nH]nc(-c4nc5ccc(N6CCC(N7CCCCC7)CC6)cc5[nH]4)c3c2)c1,4.30103,5.0043645,-0.70333433
O=C(Nc1ccnc(Cl)c1)Nc1ccnc(C(F)(F)F)c1,5.0,5.722099,-0.7220988
O=C(Nc1ccc(Cl)c(C(F)(F)F)c1)[C@@H]1C[C@H](n2cc(-c3cncc(C(=O)N4CCOCC4)c3)nn2)CN1,6.39794,5.963915,0.4340253
Nc1nnc(-c2ccccc2O)cc1N1CCN(Cc2cccnc2)CC1,4.7682757,3.9366126,0.83166313
CC(C)(C)OC(=O)N1C[C@@H](n2cc(-c3ccc4c(N)n[nH]c4c3)nn2)C[C@H]1C(=O)Nc1ccc(Cl)cc1Cl,6.1870866,5.15932,1.0277667
Cc1oc(-c2ccc(C(F)(F)F)cc2)nc1Cn1ccc2cc(C[C@@H](OC(C)C)C(=O)O)ccc21,5.0,5.1170225,-0.117022514
Nc1ccc(C(=O)NCC(=O)Nc2nc(-c3cccc(-c4cccnc4)c3)cs2)cc1,6.958607,6.3001437,0.6584635
Cc1oc(-c2ccc(C(F)(F)F)cc2)nc1Cn1ccc2cc(CC(OC(C)C)C(=O)O)ccc21,9.366531,9.11377,0.25276184
CN1CCN(CCC(=O)Nc2ccc3ncnc(Nc4ccc(NC(=O)Nc5cc(C(C)(C)C)nn5-c5cccc(N)c5)cc4)c3c2)CC1,7.4317985,7.0874453,0.3443532
COC(Cc1ccc(OCCc2nc(-c3ccccc3)oc2C)c2ccccc12)C(=O)O,4.5100417,4.780629,-0.27058744
CCCc1cc(C=C2CCCCC2)ccc1OCCCOc1cccc(-c2sc(=O)[nH]c2O)c1,6.703335,5.870865,0.83246994
Cc1ccnc(NS(=O)(=O)c2ccc(Nc3nccc(N(C)c4ccc5c(C)n(C)nc5c4)n3)cc2)n1,4.4317985,4.2344713,0.19732714
O=c1nc2n(c3cccc(Br)c13)-c1ccc(C3CCNCC3)cc1C21CCCC1,5.7212462,4.8488917,0.8723545
CN(C[C@H]1C[C@@H]1COc1ccc(C(=O)c2ccc(Br)cc2)cc1)C1CC1,5.175874,5.5069666,-0.33109236
CCn1nc(C#Cc2cccc3cc(-c4cccc(C(F)(F)F)c4)ncc23)c2c(N)ncnc21,7.5686364,8.667282,-1.0986457
CNC(=O)c1cc(Oc2ccc(NC(=O)Nc3cc(C(C)(C)C)nn3-c3ccc(C)cc3)cc2)ccn1,4.922269,5.662203,-0.73993397
O=C(Nc1nc2ccc(-c3cnccc3C(F)(F)F)cc2s1)[C@@H]1C[C@@H]1F,4.0,5.45354,-1.4535398
Cc1cc(-c2ccc3c(c2)-c2nnc(Nc4cccc(C(F)(F)F)c4)n2CCO3)ccn1,5.8860564,4.913563,0.97249365
Cc1ccc(C(=O)Nc2ccc(CN3CCN(C)CC3)c(C(F)(F)F)c2)cc1C#Cc1cncnc1,5.1101384,4.0546803,1.0554581
FC(F)(F)Oc1cccc(Nc2nnc3n2CCOc2ccc(-c4ccncc4)cc2-3)c1,5.107293,4.4655046,0.6417885
CN(C)CCOc1ccc(C(=O)NCc2cccc(C(=O)N[C@@H](CC(C)(C)C)C(=O)Nc3ccc4nccn4c3)c2)cc1,6.958607,7.146752,-0.18814468
Cc1ccc(NC(=O)c2ccc(CN3CCN(C)CC3)c(F)c2)cc1Nc1nccc(-c2cccnc2)n1,4.2027326,3.69517,0.50756264
COc1ccc(C(=O)Nc2ccc(OCCN3CCOCC3)cc2)cc1Nc1nccc(-c2cccnc2)n1,6.6575775,6.251491,0.40608644
Cc1ccc(C(=O)Nc2ccc(C)c(Nc3nccc(-c4cccnc4)n3)c2)cc1,9.508638,9.02576,0.48287868
CCOc1ccc(-c2cccc(C(F)(F)CCc3nn(Cc4ccc(C(C)(C)C)cc4)c(=O)n3CC)c2)cc1CC(=O)O,6.0,5.186103,0.81389713
CCCc1cc(C(=O)CC)cc(CCC)c1O[C@H](C(=O)O)c1ccc(CC)cc1,6.0,5.113613,0.8863869
C[C@H]1CN(c2cccc(-c3csc(NC(=O)CNC(=O)c4ccn(C(C)(C)C)c4)n3)n2)C[C@H](C)O1,4.6382723,5.187467,-0.5491948
CN1CCN(c2ccc(C(=O)Nc3n[nH]c4c3CN(C(=O)Cc3cccs3)C4)cc2)CC1,6.928118,6.770857,0.15726137
CC(C)(C)c1cc(NC(=O)Nc2ccc(Oc3ccc4ncncc4c3)cc2)n(-c2ccc3ncccc3c2)n1,9.30103,9.090083,0.21094704
CN1CCN(c2ccc(C(=O)Nc3[nH]nc4c3CN(C(=O)Cc3cccs3)C4)cc2)CC1,7.5606675,8.188683,-0.62801504
Cc1nnc(-c2cccc(-c3csc(NC(=O)CNC(=O)c4ccc(N)cc4)n3)c2)o1,6.5142784,7.5912876,-1.0770092
Cc1ccc2cc(-c3cccc(C(F)(F)F)c3)ncc2c1C#Cc1nn(C(C)C)c2ncnc(N)c12,7.7212462,8.230622,-0.50937605
CC(C)c1ccc(C(=O)Nc2ccc(CN3CCN(C)CC3)c(C(F)(F)F)c2)cc1-n1cc(-c2cnc3[nH]ncc3c2)nn1,4.9058433,4.3429756,0.56286764
CC[C@]1(C(=O)O)CCc2ccc(OCCCOc3ccc(OCC(F)(F)F)cc3Cl)cc2O1,4.9000087,4.437811,0.46219778
COC(=O)c1cc(NC(=O)[C@H](CC(C)(C)C)NC(=O)c2cccc(CNC(=O)c3ccc(OCCN(C)C)cc3)c2)ccc1C,6.0,5.3568034,0.6431966
CCc1cn(-c2cc(NC(=O)c3ccc(C)c(C#Cc4cnc5cccnn45)c3)cc(C(F)(F)F)c2)cn1,5.376751,5.0874057,0.28934526
COc1cccc(C(=O)N2CCN(C(=O)c3ccc(-c4ccccn4)cc3)CC2)c1,4.588717,4.6794386,-0.09072161
CCN1CCN(Cc2ccc(NC(=O)CNc3ccc(-c4ccc(NC(=O)C5CC5)nc4)cc3)cc2C(F)(F)F)CC1,7.823909,6.814984,1.008925
[C]Oc1cc([C]=C(C(=O)/[C]=[C]/c2ccc([O])c(O[C])c2)C(=O)/[C]=[C]/c2ccc([O])c(O[C])c2)ccc1[O],4.369572,3.8947685,0.4748037
COc1cc2nccc(Oc3c(F)cc(NC(=O)NC4CC4)c(Cl)c3F)c2cc1C(N)=O,5.6478176,5.718566,-0.07074833
CC1(C)c2c(C3CCNCC3)cccc2-n2c1nc(=O)c1c(Cl)cccc12,4.3001623,3.9214344,0.3787279
COC(=O)c1cccc(NC(=O)[C@H](CC(C)(C)C)NC(=O)c2cccc(CNC(=O)c3ccc(OCCN(C)C)cc3)c2)c1,5.2596374,4.911002,0.3486352
CCn1cnc2c(Nc3ccc(P(=O)(O)CP(=O)(O)O)cc3)nc([C@H]3CC[C@H](N)CC3)nc21,7.692504,7.2967877,0.3957162
COC[C@H](NC(=O)c1ccn(S(C)(=O)=O)c1)C(=O)Nc1nc(-c2ccccc2)cs1,8.0,7.954129,0.04587078
CCCc1cc(Oc2ccc(Cl)c(Cl)c2)ccc1OCCCOc1cccc(-c2sc(=O)[nH]c2O)c1,9.09691,9.079306,0.017604828
O=C(Nc1cnc2[nH]c(Cc3ccc[nH]3)cc2c1)c1ccccc1Br,4.823909,4.861225,-0.037316322
CS(=O)(=O)n1ccc(C(=O)NCC(=O)Nc2nc(-c3ccccc3)cs2)c1,6.39794,4.9985075,1.3994327
Cc1oc(-c2ccccc2)nc1CCOc1cccc(Cc2nn(-c3ccccc3)nc2C(=O)O)c1,4.754068,3.9231067,0.8309612
COc1ncccc1-c1cncc(C(=O)Nc2ccc(OC(F)(F)F)cc2)c1,7.5850267,7.3693514,0.21567535
Cc1ccc(C(=O)Nc2ccc(CN3CCN(C)CC3)c(C(F)(F)F)c2)cc1C#Cc1cnc2ncccn12,5.899998,4.5588207,1.3411775
CCCOC(Cc1ccc(OCCc2nc(-c3ccccc3)oc2C)c2ccccc12)C(=O)O,6.0,6.1594357,-0.15943575
CC1CN(c2cc(-c3ccccc3O)nnc2N)CC(C)O1,4.30103,4.4612045,-0.16017437
COc1cccc(C(Nc2ccc(-c3ccc(NC(c4cccc(OC)c4)n4nc(-c5cc(=O)oc6ccccc56)oc4=S)cc3)cc2)n2nc(-c3cc4ccccc4oc3=O)oc2=S)c1,5.8860564,5.047471,0.8385854
CN(C)c1ccc(C(Nc2ccc(-c3ccc(NC(c4ccc(N(C)C)cc4)n4nc(-c5cc(=O)oc6ccccc56)oc4=S)cc3)cc2)n2nc(-c3cc4ccccc4oc3=O)oc2=S)cc1,5.958607,4.0640717,1.8945355
COc1cccc(C(Nc2ccc(NC(c3cccc(OC)c3)n3nc(-c4cc(=O)oc5ccccc45)oc3=S)cc2)n2nc(-c3cc4ccccc4oc3=O)oc2=S)c1,4.823909,4.545045,0.2788639
O=c1cc(-c2nn(C(Nc3ccc(NC(c4ccc([N+](=O)[O-])cc4)n4nc(-c5cc6ccccc6oc5=O)oc4=S)cc3)c3ccc([N+](=O)[O-])cc3)c(=S)o2)c2ccccc2o1,6.552842,5.3771286,1.1757135
O=c1cc(-c2nn(C(Nc3ccc(NC(c4cccc(Br)c4)n4nc(-c5cc6ccccc6oc5=O)oc4=S)cc3)c3cccc(Br)c3)c(=S)o2)c2ccccc2o1,5.468521,5.9243703,-0.45584917
O=c1cc(-c2nn(C(Nc3ccc(NC(c4cccc(Cl)c4)n4nc(-c5cc6ccccc6oc5=O)oc4=S)cc3)c3cccc(Cl)c3)c(=S)o2)c2ccccc2o1,7.38711,5.877765,1.509345
Cc1[nH]c2ccccc2c(=O)c1-c1ccc(Oc2ccc(OC(F)(F)F)cc2)cc1,9.2218485,9.112103,0.109745026
CC(C)n1nc(-c2ccc(Cl)c(Cl)c2)c2c(N)ncnc21,8.568636,7.3583345,1.2103014
O=c1oc2ccccc2cc1-c1nn(C(Nc2ccc(Oc3ccc(NC(c4ccc(Br)cc4)n4nc(-c5cc6ccccc6oc5=O)oc4=S)cc3)cc2)c2ccc(Br)cc2)c(=S)o1,4.74958,4.174299,0.57528114
O=c1cc(-c2nn(C(Nc3ccc(NC(c4ccc(Cl)cc4)n4nc(-c5cc6ccccc6oc5=O)oc4=S)cc3)c3ccc(Cl)cc3)c(=S)o2)c2ccccc2o1,4.931814,4.6953015,0.23651266
CN(C)c1ccc(C(Nc2ccc(Oc3ccc(NC(c4ccc(N(C)C)cc4)n4nc(-c5cc6ccccc6oc5=O)oc4=S)cc3)cc2)n2nc(-c3cc4ccccc4oc3=O)oc2=S)cc1,5.4463596,5.692012,-0.2456522
O=c1oc2ccccc2cc1-c1nn(C(Nc2ccc(Oc3ccc(NC(c4ccc(Cl)cc4Cl)n4nc(-c5cc6ccccc6oc5=O)oc4=S)cc3)cc2)c2ccc(Cl)cc2Cl)c(=S)o1,5.455932,3.9164581,1.539474
O=c1cc(-c2nn(C(Nc3ccc(-c4ccc(NC(c5ccc(Cl)cc5)n5nc(-c6cc7ccccc7oc6=O)oc5=S)cc4)cc3)c3ccc(Cl)cc3)c(=S)o2)c2ccccc2o1,5.958607,5.051772,0.9068351
O=c1oc2ccccc2cc1-c1nn(C(Nc2ccc(Oc3ccc(NC(c4ccc(Cl)cc4)n4nc(-c5cc6ccccc6oc5=O)oc4=S)cc3)cc2)c2ccc(Cl)cc2)c(=S)o1,6.0,5.496408,0.503592
O=c1cc(-c2nn(C(Nc3ccc(-c4ccc(NC(c5ccc(Cl)cc5Cl)n5nc(-c6cc7ccccc7oc6=O)oc5=S)cc4)cc3)c3ccc(Cl)cc3Cl)c(=S)o2)c2ccccc2o1,8.387217,8.983794,-0.59657764
O=c1cc(-c2nn(C(Nc3ccc(-c4ccc(NC(c5cccc(Br)c5)n5nc(-c6cc7ccccc7oc6=O)oc5=S)cc4)cc3)c3cccc(Br)c3)c(=S)o2)c2ccccc2o1,5.0191336,5.8598957,-0.84076214
O=c1cc(-c2nn(C(Nc3ccc(-c4ccc(NC(c5cccc(Cl)c5)n5nc(-c6cc7ccccc7oc6=O)oc5=S)cc4)cc3)c3cccc(Cl)c3)c(=S)o2)c2ccccc2o1,5.7791076,6.0038795,-0.22477198
CN(C)c1ccc(C(Nc2ccc(NC(c3ccc(N(C)C)cc3)n3nc(-c4cc(=O)oc5ccccc45)oc3=S)cc2)n2nc(-c3cc4ccccc4oc3=O)oc2=S)cc1,4.30103,4.571349,-0.27031898
O=c1oc2ccccc2cc1-c1nn(C(Nc2ccc(Oc3ccc(NC(c4cccc(Br)c4)n4nc(-c5cc6ccccc6oc5=O)oc4=S)cc3)cc2)c2cccc(Br)c2)c(=S)o1,7.326058,7.109756,0.21630192
O=c1oc2ccccc2cc1-c1nn(C(Nc2ccc(Oc3ccc(NC(c4ccc([N+](=O)[O-])cc4)n4nc(-c5cc6ccccc6oc5=O)oc4=S)cc3)cc2)c2ccc([N+](=O)[O-])cc2)c(=S)o1,9.69897,8.56176,1.1372099
Nc1ncnc2c1c(-c1ccccc1)cn2-c1ccc(CO)cc1,6.405607,6.944997,-0.5393896
Cc1ncsc1-c1ccc([C@H](C)NC(=O)[C@@H]2C[C@@H](O)CN2C(=O)[C@@H](c2cc(OCCCCN3CCC(c4ccc5c(c4)C(C)(C)c4nc(=O)c6c(Cl)cccc6n4-5)CC3)no2)C(C)C)cc1,4.30103,4.3263187,-0.025288582
CCOC(Cc1ccc2c(ccn2Cc2nc(-c3ccc(C(F)(F)F)cc3)oc2C)c1)C(=O)O,5.320572,4.5286875,0.7918844
O=c1cc(-c2nn(C(Nc3ccc(-c4ccc(NC(c5ccc([N+](=O)[O-])cc5)n5nc(-c6cc7ccccc7oc6=O)oc5=S)cc4)cc3)c3ccc([N+](=O)[O-])cc3)c(=S)o2)c2ccccc2o1,5.632644,4.901865,0.7307792
Cc1ccc(C(Nc2ccc(Oc3ccc(NC(c4ccc(C)cc4)n4nc(-c5cc6ccccc6oc5=O)oc4=S)cc3)cc2)n2nc(-c3cc4ccccc4oc3=O)oc2=S)cc1,8.634528,6.338022,2.296506
O=c1cc(-c2nn(C(Nc3ccc(NC(c4ccc(F)cc4)n4nc(-c5cc6ccccc6oc5=O)oc4=S)cc3)c3ccc(F)cc3)c(=S)o2)c2ccccc2o1,6.0,5.8612823,0.13871765
O=c1cc(-c2nn(C(Nc3ccc(NC(c4ccc(Cl)cc4Cl)n4nc(-c5cc6ccccc6oc5=O)oc4=S)cc3)c3ccc(Cl)cc3Cl)c(=S)o2)c2ccccc2o1,6.600326,7.5714884,-0.9711623
Cc1ccc(C(Nc2ccc(-c3ccc(NC(c4ccc(C)cc4)n4nc(-c5cc(=O)oc6ccccc56)oc4=S)cc3)cc2)n2nc(-c3cc4ccccc4oc3=O)oc2=S)cc1,4.30103,5.7547746,-1.4537444
Cc1ccc(C(Nc2ccc(NC(c3ccc(C)cc3)n3nc(-c4cc(=O)oc5ccccc45)oc3=S)cc2)n2nc(-c3cc4ccccc4oc3=O)oc2=S)cc1,7.275724,6.054084,1.2216401
O=c1cc(-c2nn(C(Nc3ccc(-c4ccc(NC(c5ccc(Br)cc5)n5nc(-c6cc7ccccc7oc6=O)oc5=S)cc4)cc3)c3ccc(Br)cc3)c(=S)o2)c2ccccc2o1,6.0,5.635572,0.36442804
Cc1ccc(NC(=O)c2ccc(CN3CCN(C)CC3)cc2)cc1Nc1nccc(-c2cncc(-c3nncs3)c2)n1,8.045757,7.2566156,0.78914165
COc1cc(-c2n[nH]c3ncc(-c4cccc(N)c4)cc23)cc(OC)c1OC,6.2839966,5.7104073,0.5735893
Cc1cnc2c(-c3ccc(F)c4[nH]ncc34)c(N)c(=O)[nH]c2c1C,4.026383,5.4968615,-1.4704785
Nc1nnc(-c2ccccc2O)cc1N1CCOCC1,4.3565474,4.225189,0.13135815
CC(=O)N1CCN(c2cc(-c3ccccc3O)nnc2N)CC1,4.69897,4.2053194,0.49365044
Cc1ncsc1-c1ccc([C@H](C)NC(=O)[C@@H]2C[C@@H](O)CN2C(=O)[C@@H](c2cc(OCC3(CN4CCC(c5ccc6c(c5)C(C)(C)c5nc(=O)c7c(Cl)cccc7n5-6)CC4)CC3)no2)C(C)C)cc1,4.468521,4.2706013,0.19791985
CCCc1cc2c(oc(=O)n2C(C)C)c(CCC)c1O[C@H](C(=O)O)c1ccc(C(C)C)cc1,8.1549015,8.460281,-0.30537987
Cc1cccnc1-c1ccc2nc(NC(=O)[C@@H]3C[C@@H]3F)sc2c1,6.1191864,5.0226426,1.0965438
COc1cc(S(=O)(=O)F)ccc1-c1c[nH]c2ncc(-c3cncc(C(=O)N(C)C)c3)cc12,4.156269,3.7130806,0.44318843
CCO[C@@H](Cc1ccc2c(ccn2Cc2nc(-c3ccccc3Cl)oc2C)c1)C(=O)O,7.154902,6.879187,0.27571487
CCNC(=O)c1c(OC)cc(-n2cnc3cc(-c4cnn(C)c4)ccc32)cc1OC,5.92041,5.26276,0.65765
Cc1ccc(C(=O)Nc2ccc(CN3CCN(C)CC3)c(C(F)(F)F)c2)cc1C#Cc1cnc(C)n1C,5.6197886,6.959085,-1.3392963
Cc1oc(C2CCCCC2)nc1CCOc1ccc(CC(C)(Oc2ccccc2)C(=O)O)cc1,4.60415,4.02779,0.57635975
CCCc1cc2c(=O)n(C)oc2c(CCC)c1O[C@H](C(=O)O)c1ccc(C(C)C)cc1,4.60206,5.3179455,-0.71588564
C[C@@H]1COCCN1c1cccc(-c2csc(NC(=O)CNC(=O)c3ccn(C(C)(C)C)c3)n2)n1,4.69897,4.4239793,0.27499056
CCc1cc(-c2ccc3c(c2)-c2nnc(Nc4cccc(C(F)(F)F)c4)n2CCO3)ccn1,8.0,7.605756,0.3942442
CCCc1cc2c(oc(=O)n2CC)c(CCC)c1O[C@H](C(=O)O)c1ccc(C(C)C)cc1,6.4317985,5.6623683,0.76943016
Cc1cc[n+]([O-])cc1-c1ccc2nc(NC(=O)[C@@H]3C[C@@H]3F)sc2c1,5.6382723,4.163788,1.4744844
CCN1CCN(Cc2ccc(NC(=O)c3ccc(C)c(Oc4ccnc5[nH]ccc45)c3)cc2C(F)(F)F)CC1,5.0,5.8813004,-0.88130045
CC(C)n1nc(-c2ccc3ccccc3c2)c2c(N)ncnc21,8.649752,8.573871,0.075881004
C=CCN(C)C/C=C/COc1ccc2c(-c3ccc(Br)cc3)csc2c1,5.0,5.6632633,-0.6632633
CN1CCC(CNc2nc3sc4c(c3c(=O)[nH]2)CCCC4)CC1,5.7544875,4.8057613,0.9487262
Cc1ccncc1-c1ccc2nc(NC(=O)C3CC(F)C3)sc2c1,5.0,4.565132,0.43486786
O=C(Nc1ccc(OC(F)(F)F)cc1)c1cncc(-c2cccnc2O)c1,5.6777806,5.626042,0.05173874
CCn1c(CCCc2cccc(-c3cccc(C4(C(=O)O)CC4)c3)c2)nn(Cc2ccc(C(C)(C)C)cc2)c1=O,5.539102,5.7596245,-0.2205224
Cc1cc(-c2ccc3c(c2)-c2nnc(Oc4cccc(OC(F)(F)F)c4)n2CCO3)ccn1,5.6382723,4.195351,1.4429212
Cc1ccc(C(=O)Nc2ccc(CN3CCOCC3)c(C(F)(F)F)c2)cc1C#Cc1cnc2ccccn12,4.30103,5.7168865,-1.4158564
N#Cc1cccc(NC(=O)N2CCOc3ccc(-c4ccncc4)cc3C2)c1,4.69897,4.3451815,0.35378838
CNC(=O)c1cc(Oc2ccc(NC(=O)Nc3cc(C(C)(C)C)nn3C)c(F)c2)ccn1,4.625435,4.512805,0.11262989
CCCc1ccccc1OCCCOc1cccc(-c2oc(=O)[nH]c2O)c1,4.69897,6.5676327,-1.8686628
C=CCN(C)CCCCCCOc1ccc2c(-c3ccc(Br)cc3)coc2c1,5.0,4.2703676,0.7296324
CS(=O)(=O)O.Cc1ncc(NC(=O)c2ccc(CN3CCN(C)CC3)c(Cl)c2)cc1Nc1nccc(-c2cccnc2)n1,4.026295,3.8105729,0.21572232
Fc1cc(-c2cccc3ncc(-c4cnn(C5CCNCC5)c4)nc23)cc(F)c1CN1CCOCC1,7.958607,5.8738117,2.0847955
Cc1cc(Nc2ncc(C)c(N3CC(O)(C4CC4)C3)n2)sn1,8.0,7.9943504,0.0056495667
CN(C)CCOc1ccc(C(=O)NCc2cccc(C(=O)N[C@@H](CC(C)(C)C)C(=O)Nc3ccc(Cn4ccnc4)cc3)c2)cc1,6.9633718,6.364079,0.59929276
Cc1oc(-c2ccccc2)nc1CCOc1cccc(C[C@@H]2C(=O)N(c3ccc(C(C)(C)C)cc3)[C@@H]2C(=O)O)c1,7.446117,6.469353,0.9767637
CCNC(=O)Nc1nc2ccc(-c3cccc(F)c3)cc2[nH]1,4.9292235,5.578616,-0.6493926
Cc1cc(Nc2cc(N3CCN(C)CC3)nc(C=Cc3ccccc3)n2)[nH]n1,7.154902,6.961282,0.1936202
CC(=O)Nc1nc2ccc(-c3cnccc3C)cc2s1,6.0,5.0947323,0.9052677
Cc1cn([C@H]2C[C@H](N=[N+]=[N-])[C@@H](CO)O2)c(=O)[nH]c1=O,4.9956784,3.516341,1.4793375
OC[C@H]1O[C@@H](c2ccc3c(c2)Cc2ccc(cc2)OCCCCCC3)[C@H](O)[C@@H](O)[C@@H]1O,4.9792247,5.831232,-0.8520074
CC(C)c1c(-c2cnn(Cc3ccc(OC(F)(F)F)cc3)c2)[nH]c2ccccc2c1=O,9.057,7.1101694,1.9468307
O=C1Nc2cc(OC(F)(F)F)ccc2Oc2ccc(-c3ccnc(N4CC[C@@H](O)C4)c3)cc21,6.642065,5.473583,1.1684818
Cc1oc(-c2ccccc2)nc1CCOc1cccc(CN(CC(=O)O)Cc2cccc(Oc3ccccc3)c2)c1,4.69897,4.4284854,0.27048445
CCn1c(CCCc2cccc(-c3ccc(F)c(CC(=O)O)c3)c2)nn(Cc2ccc(C(C)(C)C)cc2)c1=O,5.2596374,4.360944,0.89869356
Nc1n[nH]c2cccc(-c3ccc(C(=O)N4CCN(C(=O)c5ccccc5Cl)CC4)cc3)c12,5.3665314,5.236825,0.12970638
Cc1cc(-c2cncc(-c3ccnc(Nc4cc(NC(=O)c5ccc(CN6CCNCC6)cc5)ccc4C)n3)c2)on1,4.478862,4.870701,-0.39183903
Cc1nc(NC(=O)CN2CCN(C)CC2)sc1-c1ccc2c(/C=C/c3ccccn3)n[nH]c2c1,9.060481,5.729541,3.3309402
Nc1ncnc2c1c(-c1ccc(O)cc1)cn2C1CCC1,8.013228,7.421752,0.59147644
Cc1oc(-c2ccccc2)nc1CCOc1cccc(Cc2nn(-c3ccccc3)nc2CC(=O)O)c1,4.920819,3.625977,1.2948418
COc1cc2c(Nc3ccc(Br)cc3F)ncnc2cc1OCC1CCN(C)CC1,4.127261,3.563406,0.5638552
Nc1n[nH]c2cccc(-c3ccc(C(=O)N4CCN(C(=O)c5cccc(F)c5)CC4)cc3)c12,4.69897,4.2481027,0.45086718
C=CC(=O)N1CCC[C@@H](n2nc(-c3ccc(Oc4ccccc4)cc3)c3c(N)ncnc32)C1,4.1338606,4.3669086,-0.23304796
C=CC(=O)N1CCCC[C@H]1n1nc(-c2ccc(Oc3ccccc3)cc2)c2c(N)ncnc21,5.0814457,5.03436,0.047085762
CC(C)(C)c1nc(-c2ccc3ccccc3c2)c2c(N)nccn12,6.0,5.421954,0.57804585
Cc1ncsc1-c1ccc([C@H](C)NC(=O)[C@@H]2C[C@@H](O)CN2C(=O)[C@@H](c2cc(OCCN3CCC(c4ccc5c(c4)C(C)(C)c4nc(=O)c6c(Cl)cccc6n4-5)CC3)no2)C(C)C)cc1,6.363819,6.1663785,0.19744062
COc1cc(-c2n[nH]c3ncc(-c4ccc(C)c(NCCO)c4)cc23)cc(OC)c1OC,7.5230236,7.0448093,0.47821426
CCCOC(=O)N1C=C(Cc2cccc(OCCc3nc(-c4ccccc4)oc3C)c2)C(C(=O)O)CC1,4.5228786,4.237943,0.28493547
CC1(C)CN(c2cccc(-c3csc(NC(=O)CNC(=O)c4ccn(C(C)(C)C)c4)n3)n2)CCO1,7.8860564,7.7836585,0.10239792
CS(=O)(=O)n1ccc(C(=O)NCC(=O)Nc2nc(-c3cccc(OC4CC4)n3)cs2)c1,6.5686364,5.3156185,1.2530179
COc1cc(Nc2c(C#N)cnc3cc(OC4CCN(C)CC4)c(OC)cc23)c(Cl)cc1Cl,4.69897,5.11442,-0.4154501
CCCc1cc(C(=O)CC)cc(CCC)c1O[C@H](C(=O)O)c1ccc(C(F)(F)F)cc1,4.30103,5.2321944,-0.93116426
Cc1cc(-c2ccc3c(c2)-c2nnc(Oc4ccccc4OC(F)(F)F)n2CCO3)ccn1,4.7212462,4.0491734,0.6720729
OC[C@H]1O[C@@H](c2ccc3c(c2)Cc2ccc(cc2)OC/C=C/CCC3)[C@H](O)[C@@H](O)[C@@H]1O,9.39794,8.465899,0.9320402
CCOc1ccc(Cc2cc([C@]34OC[C@](CO)(O3)[C@@H](O)[C@H](O)[C@@H]4O)ccc2Cl)cc1,9.259637,8.958166,0.30147076
CCCc1cc(C(=O)c2ccccc2)ccc1OCCCOc1cccc(-c2sc(=O)[nH]c2O)c1,6.1487417,4.670547,1.4781947
CC[C@]1(C(=O)O)CCc2ccc(OCCCOc3ccc(C(F)(F)F)cc3Cl)cc2O1,6.455932,6.6169853,-0.16105318
Cc1oc(-c2ccccc2)nc1CCOc1cccc(Cc2cn(-c3ccccc3)cc2C(=O)O)c1,6.0,4.2601795,1.7398205
Cc1oc(-c2ccccc2)nc1CCOc1cccc(CN(CC(=O)O)Cc2ccccc2)c1,8.230996,7.786318,0.4446783
COc1cccc(N2C(=O)/C(=C/c3ccc(F)cc3)S/C2=N\NC(=O)c2cc3ccccc3oc2=O)c1,6.318759,4.8894534,1.4293056
Nc1ncnc2c1c(-c1ccccc1)cn2C1CCC1,6.9871626,5.424744,1.5624185
Cc1cccc(N2C(=O)/C(=C/c3ccc(F)cc3)S/C2=N\NC(=O)c2cc3ccccc3oc2=O)c1,9.207608,9.000361,0.20724678
O=C(N/N=C1\S/C(=C\c2ccc(F)cc2)C(=O)N1c1ccccc1Cl)c1cc2ccccc2oc1=O,9.2218485,8.982498,0.23935032
O=C(N/N=C1\S/C(=C\c2ccc(F)cc2)C(=O)N1c1ccc(Cl)cc1)c1cc2ccccc2oc1=O,7.154902,6.6178074,0.5370946
COc1ccc(N2C(=O)/C(=C/c3ccc(F)cc3)S/C2=N\NC(=O)c2cc3ccccc3oc2=O)cc1,4.6635404,4.1305056,0.5330348
CS(=O)(=O)N1CCC(n2nc(Cc3cccc4ccccc34)c3c(N)ncnc32)CC1,5.0404816,5.0192447,0.021236897
Cc1ccc(N2C(=O)/C(=C/c3ccc(F)cc3)S/C2=N\NC(=O)c2cc3ccccc3oc2=O)cc1C,9.229148,9.1191,0.110048294
Cc1ccc(N2C(=O)/C(=C/c3ccc(F)cc3)S/C2=N\NC(=O)c2cc3ccccc3oc2=O)cc1,6.0,6.0240374,-0.024037361
Cc1ccc(N2C(=O)/C(=C/c3ccc(F)cc3)S/C2=N\NC(=O)c2cc3ccccc3oc2=O)c(C)c1,5.625252,5.090754,0.53449774
Cc1oc(-c2ccccc2)nc1CCOc1ccc(CN(CC(=O)O)Cc2ccccn2)cc1,5.0222764,5.9786983,-0.95642185
COc1ccccc1N1C(=O)/C(=C/c2ccc(F)cc2)S/C1=N\NC(=O)c1cc2ccccc2oc1=O,5.774949,4.833288,0.9416609
CN1CCN(c2ccc(Nc3nc(Nc4ccccc4)c4ncn(CC5CC5)c4n3)cc2)CC1,4.8860564,4.1658726,0.72018385
CNC(=O)CCc1ccc(NC(=O)[C@H](CC(C)(C)C)NC(=O)c2cc(CNC(=O)c3ccc(OCCN(C)C)cc3)ccc2F)cc1,6.0,5.4114246,0.58857536
Cc1cc(C)cc(N2C(=O)/C(=C/c3ccc(F)cc3)S/C2=N\NC(=O)c2cc3ccccc3oc2=O)c1,4.206908,4.181779,0.025129318
Cc1ccccc1N1C(=O)/C(=C/c2ccc(F)cc2)S/C1=N\NC(=O)c1cc2ccccc2oc1=O,7.2006593,6.4581275,0.7425318
O=C(Nc1cc(C(F)F)ns1)Nc1ccnc(F)c1CO,7.2006593,6.8835764,0.31708288
Cc1cccc(C)c1N1C(=O)/C(=C/c2ccc(F)cc2)S/C1=N\NC(=O)c1cc2ccccc2oc1=O,4.465974,4.5406995,-0.07472563
Cc1ncnc(C)c1-c1ccc2nc(NC(=O)[C@@H]3C[C@@H]3F)sc2c1,9.30103,8.97902,0.32201004
Cc1cc(-c2cncc(-c3ccnc(Nc4cc(NC(=O)c5ccc(CN6CCN(C)CC6)cc5)ccc4C)n3)c2)sn1,4.6478176,4.929744,-0.28192616
CNCCOc1ccc(C(=O)NCc2cccc(C(=O)N[C@@H](CC(C)(C)C)C(=O)Nc3ccc(Cn4ccnc4)cc3)c2)cc1,5.2596374,5.543526,-0.28388882
CC(C)(C)n1ccc(C(=O)NCC(=O)Nc2nc(-c3ccccc3)cs2)c1,5.481486,4.7166443,0.76484156
CNC(=O)c1cc(NC(=O)C2=NN=C(c3cncc(-c4ccnc(Nc5cc(NC(=O)c6ccc(CN7CCN(C)CC7)cc6)ccc5C)n4)c3)C2)[nH]n1,6.0,5.7993355,0.20066452
CNC(=O)c1cc(-c2cncc(-c3ccnc(Nc4cc(NC(=O)c5ccc(CN6CCN(C)CC6)cc5)ccc4C)n3)c2)[nH]n1,7.0,5.532749,1.4672508
COc1ccccc1NC(=O)N1CCOc2ccc(-c3ccncc3)cc2C1,8.522879,9.0461,-0.523221
CC(Cc1ccccc1)Oc1cc(-c2ccccc2O)nnc1N,8.0,7.9089775,0.09102249
COc1ccc(C(=O)Nc2cc(-n3cnc(C)c3)cc(C(F)(F)F)c2)cc1C#Cc1cnc2cccnn12,8.443698,6.805801,1.637897
Cc1cn(-c2cc(NC(=O)c3ccc(C)c(C#Cc4cnc(NC5CCCCC5)nc4)c3)cc(C(F)(F)F)c2)cn1,5.2839966,6.38892,-1.1049232
O=C(NCCO)Nc1nc2ccc(C(=O)c3ccccc3)cc2[nH]1,7.6458917,8.698089,-1.052197
Cc1ccc(C(=O)Nc2cc(-c3cnn(C)c3)cc(C(F)(F)F)c2)cc1Nc1cc(-c2cncnc2)ccn1,8.148742,7.3728485,0.7758932
CCCc1cc(Oc2ccc(O)cc2)ccc1OCCCOc1cccc(-c2sc(=O)[nH]c2O)c1,9.045757,8.978581,0.067175865
CCn1cc(-c2ccc3c(c2)ncn3-c2cc(OC)c(C(=O)OC)c(OC)c2)cn1,4.026341,3.184052,0.842289
Cc1ccc(NC(=O)c2ccc(CN3CCN(C)CC3)cc2)cc1Nc1nccc(-c2cncc(-c3cnsc3)c2)n1,8.853872,8.906647,-0.05277443
C=CCN(C)CCCCCCOc1ccc(C(=O)c2ccc(Br)cc2)cc1,5.5228786,5.833928,-0.31104946
Cc1ccc(C(=O)Nc2cc(-c3cnn(C)c3)cc(C(F)(F)F)c2)cc1Nc1cccc2c1C(=O)C(=O)N2C,5.4952574,4.582305,0.9129524
COC(=O)N(CC(=O)O)Cc1cc(OCc2nc(-c3ccc(Cl)cc3)oc2C)ccc1F,5.0,5.386278,-0.38627815
CCc1ccc(C(=O)Nc2cc(CN3CCN(C)CC3)cc(C(F)(F)F)c2)cc1C#Cc1cnc(C)n1C,6.0457573,4.9968176,1.0489397
Nc1ncnc2c1c(-c1cccc(O)c1)cn2C1CCN(CCO)CC1,4.0260367,4.0024166,0.023620129
COc1ccc(OC(=O)N(CC(=O)O)Cc2ccc(OCCc3nc(-c4ccc(O)cc4)oc3C)cc2)cc1,6.221849,6.7751646,-0.55331564
C[C@@]1(F)[C@H](O)[C@@H](COP(=O)(O)OP(=O)(O)OP(=O)(O)O)O[C@H]1n1cnc2c(=O)[nH]c(N)nc21,6.2423005,5.9735956,0.2687049
OC[C@H]1O[C@@H](c2ccc3c(c2)Cc2ccc(cc2)OCCCCCCC3)[C@H](O)[C@@H](O)[C@@H]1O,5.457299,5.6198087,-0.16250944
CCCCCCCCCCCOc1cccc(CCC(=O)NC[C@@H](O)COP(=O)(O)O[C@@H](C)[C@H](NC(C)=O)C(=O)O)c1,5.008774,3.7839398,1.224834
Cc1cn(-c2cc(NC(=O)c3ccc(C)c(Nc4cc(-c5cccnc5)ccn4)c3)cc(C(F)(F)F)c2)cn1,8.244125,8.818147,-0.57402134
Cc1c(-c2ccc3nc(N)c(C(=O)[C@@H]4C[C@@H]4F)n3c2)ccc2[nH]ccc12,4.4716234,3.5041635,0.9674599
Cc1ccc(C(c2c[nH]c3ccc(C(=O)NNS(=O)(=O)c4cccc(Cl)c4Cl)cc23)c2c[nH]c3ccc(C(=O)NNS(=O)(=O)c4cccc(Cl)c4Cl)cc23)cc1,4.423659,4.031995,0.39166403
O=C(Cc1ccc(-c2ccc(OCCN3CCOCC3)cc2)cn1)NCc1ccccc1,4.9292235,5.91704,-0.98781633
O=C([C@H](CO)c1ccccc1)N1CC(=C2CN(S(=O)(=O)c3cnc4c(c3)OCCO4)C2)C1,5.1000156,4.5628643,0.53715134
CCCc1cc2c(oc(=O)n2CC(F)(F)F)c(CCC)c1O[C@H](C(=O)O)c1ccc(C(C)C)cc1,4.81673,4.4321485,0.38458157
O=C([C@H](CO)c1ccccc1)N1CC(=C2CN(S(=O)(=O)c3ccc4c(c3)OCCO4)C2)C1,5.288024,5.165612,0.12241173
COc1ccc(S(=O)(=O)N2CC(=C3CN(C(=O)[C@H](CO)c4ccccc4)C3)C2)cc1,4.30103,3.3606358,0.9403944
Cc1ccc(C(c2c[nH]c3ccc(C(=O)NNS(=O)(=O)c4ccccc4Br)cc23)c2c[nH]c3ccc(C(=O)NNS(=O)(=O)c4ccccc4Br)cc23)cc1,9.431798,9.30246,0.12933826
Cc1ccc(C(c2c[nH]c3ccc(C(=O)NNS(=O)(=O)c4ccc(Cl)cc4Cl)cc23)c2c[nH]c3ccc(C(=O)NNS(=O)(=O)c4ccc(Cl)cc4Cl)cc23)cc1,8.0,6.5232964,1.4767036
CCCc1cc2c(C(F)(F)F)noc2c(CCC)c1OC(C)(CC)C(=O)O,5.0,4.7876635,0.21233654
Cc1c(-c2ccc(Cc3ccc(F)cc3)cc2)[nH]c2ccccc2c1=O,5.2090116,5.1357727,0.07323885
Cc1cs/c(=N\C(=O)c2ccccc2Cl)n1-c1cc(Cl)c(Cl)cc1Cl,4.203426,3.628429,0.57499695
C=CC(=O)N1CCC[C@H]1C(=O)Nc1cc2c(Nc3ccc(F)c(Cl)c3F)ncnc2cc1OCCOC,5.69897,4.932046,0.7669239
Cc1ncsc1-c1ccc([C@H](C)NC(=O)[C@@H]2C[C@@H](O)CN2C(=O)[C@@H](c2cc(OCCN3CCN4c5cc(-c6ccccc6O)nnc5NCC4C3)no2)C(C)C)cc1,9.443698,9.037681,0.4060173
Cc1ccc(C(c2c[nH]c3ccc(C(=O)NNS(=O)(=O)c4cc(Cl)cc(Cl)c4)cc23)c2c[nH]c3ccc(C(=O)NNS(=O)(=O)c4cc(Cl)cc(Cl)c4)cc23)cc1,5.578396,5.3282824,0.2501135
Nc1nc2ccc(-c3cc(F)cc4[nH]ccc34)cn2c1C(=O)[C@@H]1C[C@@H]1F,4.539102,4.2550354,0.28406668
Nc1nc2ccc(-c3c[nH]c4ccccc34)cn2c1C(=O)[C@@H]1C[C@@H]1F,6.0,6.063354,-0.063354015
Cc1ccc(C(c2c[nH]c3ccc(C(=O)NNS(=O)(=O)c4ccc(Cl)c(Cl)c4)cc23)c2c[nH]c3ccc(C(=O)NNS(=O)(=O)c4ccc(Cl)c(Cl)c4)cc23)cc1,8.366531,8.045352,0.3211794
Nc1nc2ccc(-c3ccnc4[nH]ccc34)cn2c1C(=O)[C@@H]1C[C@@H]1F,8.744727,8.914084,-0.1693573
Cc1ncsc1-c1ccc([C@H](C)NC(=O)[C@@H]2C[C@@H](O)CN2C(=O)[C@@H](c2cc(OCCN3CCC(CN4CCN5c6cc(-c7ccccc7O)nnc6NCC5C4)CC3)no2)C(C)C)cc1,7.8860564,8.304488,-0.41843176
Nc1nc2ccc(-c3cccc4[nH]ccc34)cn2c1C(=O)[C@@H]1C[C@@H]1F,2.552842,3.6566575,-1.1038156
Nc1nc2ccc(-c3ccc4[nH]ccc4c3)cn2c1C(=O)[C@@H]1C[C@@H]1F,5.0,5.0837393,-0.08373928
Cc1c(F)cc2[nH]ccc2c1-c1ccc2nc(N)c(C(=O)[C@@H]3C[C@@H]3F)n2c1,8.040958,7.46463,0.5763283
Cc1c(F)cccc1-c1ccc2nc(N)c(C(=O)[C@@H]3C[C@@H]3F)n2c1,5.7416024,5.0957727,0.6458297
C[C@@H](Oc1ccc2[nH]nc(-c3nc4cc(N5CCN(C)CC5)ccc4[nH]3)c2c1)c1c(Cl)cncc1Cl,7.3496923,7.296029,0.053663254
COc1ccc(C(=O)/N=c2\scc(C)n2-c2cc(Cl)c(Cl)cc2Cl)cc1,4.026078,3.6215608,0.4045174
CCCc1cc(Oc2ccc(Cl)cc2)ccc1OCCCOc1cccc(-c2sc(=O)[nH]c2O)c1,6.0,5.1567245,0.84327555
Cc1cs/c(=N\C(=O)c2ccco2)n1-c1cc(Cl)c(Cl)cc1Cl,8.886057,8.9347315,-0.048674583
CN1CCN(Cc2ccc(C(=O)Nc3cccc(Nc4nccc(-c5cccnc5)n4)c3)cc2)CC1,6.0,5.9280534,0.07194662
Cc1ccc(C(c2c[nH]c3ccc(C(=O)NNS(=O)(=O)c4ccc(C)cc4)cc23)c2c[nH]c3ccc(C(=O)NNS(=O)(=O)c4ccc(C)cc4)cc23)cc1,8.107905,7.524671,0.5832343
Cc1ccc(C(c2c[nH]c3ccc(C(=O)NNS(=O)(=O)c4ccccc4Cl)cc23)c2c[nH]c3ccc(C(=O)NNS(=O)(=O)c4ccccc4Cl)cc23)cc1,4.5058455,3.747158,0.7586875
Cc1ccc(C(c2c[nH]c3ccc(C(=O)NNS(=O)(=O)c4ccc(Br)cc4)cc23)c2c[nH]c3ccc(C(=O)NNS(=O)(=O)c4ccc(Br)cc4)cc23)cc1,5.0,6.542081,-1.5420809
Cc1ccc(C(c2c[nH]c3ccc(C(=O)NNS(=O)(=O)c4cc(Cl)ccc4Cl)cc23)c2c[nH]c3ccc(C(=O)NNS(=O)(=O)c4cc(Cl)ccc4Cl)cc23)cc1,6.621602,6.9429245,-0.32132244
O=C(NCCC1CCNCC1)Nc1nc2ccc(C(=O)c3ccccc3)cc2[nH]1,5.19382,4.204689,0.989131
COc1cccc(NC(=O)C2=NN=C(c3cncc(-c4ccnc(Nc5cc(NC(=O)c6ccc(CN7CCN(C)CC7)cc6)ccc5C)n4)c3)C2)c1,4.026341,4.1915016,-0.16516066
Cc1cccc(C(=O)/N=c2\scc(C)n2-c2cc(Cl)c(Cl)cc2Cl)c1,4.0,3.9011078,0.09889221
O=C(NC1=NN(c2ccc(Cl)c(Cl)c2)CC1CCO)c1ccncc1,7.154902,6.899439,0.25546312
Cc1ncsc1-c1ccc([C@H](C)NC(=O)[C@@H]2C[C@@H](O)CN2C(=O)[C@@H](NC(=O)CN2CCN3c4cc(-c5ccccc5O)nnc4NCC3C2)C(C)(C)C)cc1,5.0,5.4367867,-0.43678665
COc1cccc(-c2cncc(-c3ccnc(Nc4cc(NC(=O)c5ccc(CN6CCN(C)CC6)cc5)ccc4C)n3)c2)c1,5.958607,4.4962854,1.4623218
CC[C@@](C)(Cc1ccc(OCCCOc2ccc(Oc3ccc(F)cc3)cc2Cl)cc1)C(=O)O,9.886057,8.850587,1.03547
Cc1ccc(NC(=O)c2ccc(CN3CCN(C)CC3)cc2)cc1Nc1nccc(-c2cncc(-c3cc(C(N)=O)n[nH]3)c2)n1,8.537602,8.604293,-0.066690445
Cc1ccc(NC(=O)c2ccc(CN3CCN(C)CC3)cc2)cc1Nc1nccc(-c2cncc(C3=NN=C(C(=O)Nc4cc(C(=O)O)n[nH]4)C3)c2)n1,6.0,7.024342,-1.0243421
Cc1cc(-c2ccc3c(c2)-c2nnc(Oc4ccccc4Cl)n2CCO3)ccn1,7.318759,6.8587904,0.45996857
OC[C@H]1O[C@@H](c2ccc3c(c2)Cc2ccc(cc2)OC/C=C/CCCC3)[C@H](O)[C@@H](O)[C@@H]1O,4.0,3.818956,0.1810441
Cc1ccncc1-c1ccc2nc(NC(=O)[C@H]3C[C@H](F)C3)sc2c1,7.167491,5.4745693,1.6929216
Cc1ccc(C(=O)Nc2cccc(C#Cc3cccc4[nH]nc(N)c34)c2)cc1C(F)(F)F,8.080922,7.692078,0.388844
O=C1Nc2cc(OC(F)(F)F)ccc2S(=O)(=O)c2ccc(-c3ccnc(N4CCOCC4)c3)cc21,8.091515,7.2700953,0.82141924
Cc1cccc(C)c1NC(=O)CCCCCC1NC(=O)NC1C,7.552842,7.4214377,0.1314044
COc1ccc(-c2cncc(-c3ccnc(Nc4cc(NC(=O)c5ccc(CN6CCN(C)CC6)cc5)ccc4C)n3)c2)cc1,5.0,5.1733685,-0.17336845
COc1ccc(NC(=O)C2=NN=C(c3cncc(-c4ccnc(Nc5cc(NC(=O)c6ccc(CN7CCN(C)CC7)cc6)ccc5C)n4)c3)C2)cc1,3.9643302,4.796382,-0.83205175
Cc1ccc(NC(=O)c2ccc(CN3CCN(C)CC3)cc2)cc1Nc1nccc(-c2cncc(C3=NN=C(C(=O)Nc4cc(C(N)=O)n[nH]4)C3)c2)n1,7.552842,5.7454515,1.8073907
O=C(Nc1cccc(Cl)c1)N1CCOc2ccc(-c3ccncc3)cc2C1,4.30103,3.2298594,1.0711708
Cc1ccc(NC(=O)c2ccc(CN3CCOCC3)cc2)cc1-n1cc(-c2cnc3cccnn23)cn1,5.6703987,5.5469084,0.12349033
O=C(Nc1cccc(C(F)(F)F)c1)N1CCOc2ccc(-c3ccncc3)cc2C1,5.8635964,4.181397,1.6821995
N#Cc1cccc(NC(=O)N2CCOc3ccc(-n4ccnc4)cc3C2)c1,5.0,5.250696,-0.25069618
CCn1c(CCCc2cccc(-c3ccc(C(=O)O)cc3)c2)nn(Cc2ccc(C(C)(C)C)cc2)c1=O,4.69897,5.0193243,-0.32035446
Nc1ncnc2c1c(-c1ccc(O)cc1)cn2C1CCCC1,4.30103,5.1983814,-0.89735126
Cc1oc(-c2ccccc2)nc1CCOc1cccc(CN(CC(=O)O)Cc2ccc(Oc3ccccc3)cc2)c1,7.05061,7.521844,-0.47123384
Cc1oc(-c2ccccc2)nc1CCOc1ccc(CCC2=C(C(=O)O)CCN(C(=O)OCC(C)C)C2)cc1,7.6382723,4.0294876,3.6087847
C[C@]1(C(=O)O)CCc2ccc(OCCCOc3ccc(OCC(F)(F)F)cc3Cl)cc2O1,6.876148,6.253334,0.6228142
CN1CCN(c2ccc(Nc3nc(Nc4ccc(F)cc4)c4ncn(CC5CC5)c4n3)cc2)CC1,5.1870866,4.1016793,1.0854073
O=C(Nc1ccnc(Cl)c1)Nc1ccnc(C(F)F)c1,5.0,4.004379,0.9956212
Nc1n[nH]c2cccc(-c3ccc(C(=O)NCCNC(=O)c4ccc(Cl)c(C(F)(F)F)c4)cc3)c12,4.372634,4.136483,0.23615074
COc1cc2nccc(Oc3ccc4c(C(N)=O)cccc4c3)c2cc1OC,4.0,4.669015,-0.66901493
CS(=O)(=O)n1ccc(C(=O)NCC(=O)Nc2nc(-c3cccc(N4CCC4)n3)cs2)c1,4.0,5.3122354,-1.3122354
Cc1ccnc(-c2ccc(C(=O)N3CCN(C(=O)c4cccc(C(F)(F)F)c4)CC3)cc2)c1,9.30103,8.794566,0.506464
CCCc1cc(Oc2ccc(F)c(C)c2)ccc1OCCCOc1cccc(-c2sc(=O)[nH]c2O)c1,3.8239088,3.92843,-0.104521275
CN(CCO)c1cccc(-c2ccc3c(c2)C(=O)Nc2cc(OC(F)(F)F)ccc2O3)n1,7.118045,7.137374,-0.019329071
COC[C@H](NC(=O)c1cn(C(C)(C)C)cn1)C(=O)Nc1nc(-c2cccc(N3C[C@@H](C)O[C@@H](C)C3)n2)cs1,8.0,8.047165,-0.047164917
CCCc1c(OCCCOc2ccc3c(ccn3CC(=O)O)c2)ccc2cc(C(=O)c3ccccc3)ccc12,6.0,4.9689817,1.0310183
O=C(Nc1ccc(OC(F)(F)F)cc1)c1cncc(-c2cnn(CCO)c2)c1,3.69897,3.62162,0.07735014
O=C(O)Cn1ccc2ccc(OCCCOc3ccc(C(=O)c4ccc(F)cc4)cc3)cc21,4.30103,4.4287257,-0.12769556
CN(C)CC1CCN(CCn2nc(-c3cnc4[nH]ccc4c3)c3c(N)ncnc32)CC1,4.730487,4.0380282,0.6924586
O=C(O)C(Cc1ccc(OCCCOc2ccc(Oc3ccc(F)cc3)cc2Cl)cc1)C1CCC1,8.308919,8.615615,-0.30669594
O=C(c1cc2c(Nc3ccc(OC(F)(F)F)cc3)ncnc2s1)N1CCC[C@H]1CO,6.856985,7.765143,-0.9081578
Cc1nsc(-c2ccc3nc(NC(=O)[C@@H]4C[C@@H]4F)sc3c2)c1Cl,4.5999975,4.431444,0.16855335
Cc1ccc(C(C)(C)O)cc1-c1ccc2nc(NC(=O)[C@@H]3C[C@@H]3F)sc2c1,4.8961964,4.0815587,0.81463766
CCOC(Cc1ccc2c(ccn2Cc2nc(-c3ccc(C(C)C)cc3)oc2C)c1)C(=O)O,4.823909,4.125857,0.6980519
Cc1ccc(NC(=O)c2ccc(CN3CCCC3)cc2)cc1-n1cc(-c2cccnc2)cn1,4.0,4.0270243,-0.02702427
O=C1Nc2cc(OC(F)(F)F)ccc2Oc2ccc(-c3cccc(N4CC[C@@H](O)C4)n3)cc21,5.206908,4.782798,0.4241104
Cc1ccc(C(=O)Nc2cc(-n3cnc(C(C)C)c3)cc(C(F)(F)F)c2)cc1C#Cc1cnc2cccnn12,4.30103,5.236246,-0.93521595
CCCOc1ccc(-c2cccc(CCCc3nn(Cc4ccc(C(C)(C)C)cc4)c(=O)n3CC)c2)cc1C(=O)O,4.600811,4.313833,0.28697777
CCN1CCc2ccc(-n3cc(C(=O)N4CCC(F)CC4)c4cc(OC)c(OC)cc4c3=O)cc21,3.3362992,3.8074262,-0.47112703
CN(C)CCOc1ccc(C(=O)NCc2cccc(C(=O)N[C@@H](CC(C)(C)C)C(=O)Nc3ccc(CCN4CCOCC4)cc3)c2)cc1,5.0,5.563775,-0.56377506
CN(C)C(=O)CN1CCC(n2cc(-c3cccc(O)c3)c3c(N)ncnc32)CC1,8.522879,8.998446,-0.47556782
Cc1c2ccc(N(C)c3ccnc(Nc4ccc(S(=O)(=O)Nc5ncccn5)cc4)n3)cc2nn1C,4.2549253,3.5067024,0.7482228
CCC1(C(=O)O)CCc2ccc(OCCCOc3ccc(Oc4ccccc4)cc3Cl)cc2O1,3.236572,3.7876515,-0.5510795
CC1(C(=O)O)CCc2ccc(OCCCOc3ccc(Oc4ccccc4)cc3Cl)cc2O1,6.801343,6.798142,0.0032010078
NS(=O)(=O)c1ccc(-c2cc(Nc3ccc(OC(F)(F)F)cc3)ncn2)cc1,5.6777806,4.7181478,0.9596329
CCCCCCCN(CCc1ccc(SC(C)(C)C(=O)O)cc1)C(=O)Nc1ccc(F)cc1F,7.0457573,5.7142677,1.3314896
O=C(Nc1nc2ccc(-c3cncnc3C(F)(F)F)cc2s1)[C@@H]1C[C@@H]1F,5.055517,5.0039353,0.05158186
CCCCCCCCCCCOc1cccc(CCC(=O)NC[C@@H](O)COP(=O)(O)O[C@H](C)[C@H](NC(C)=O)C(=O)O)c1,6.39794,5.307302,1.0906382
CCOC(Cc1ccc2c(ccn2Cc2nc(-c3ccc(F)cc3)oc2C)c1)C(=O)O,5.761452,6.0407286,-0.27927637
CCn1c(CCCc2cccc(-c3ccc(OCc4ccccc4)c(CC(=O)O)c3)c2)nn(Cc2ccc(C(C)(C)C)cc2)c1=O,5.0,5.9643354,-0.96433544
COc1cc(-c2n[nH]c3ncc(-c4cccc5[nH]ncc45)cc23)cc(OC)c1OC,4.30103,3.8439026,0.45712757
CCC1(CC)C=C(C(F)(F)F)c2cc(Cl)c(OCCCOc3ccc(C[C@](C)(CC)C(=O)O)cc3)cc2O1,6.337653,6.097455,0.24019814
CCOC(Cc1cccc2c1ccn2Cc1nc(-c2ccccc2)oc1C)C(=O)O,5.2596374,4.7392483,0.5203891
COc1cc2ncnc(Nc3cccc(Cl)c3)c2cc1OC,7.387216,7.8379526,-0.45073652
CCOC(Cc1ccc2c(ccn2Cc2nc(-c3ccccc3C)oc2C)c1)C(=O)O,9.259637,9.293914,-0.034276962
Cc1cn(-c2cc(NC(=O)c3ccc(C)c(C#Cc4cnc(NC(C)C)nc4)c3)cc(C(F)(F)F)c2)cn1,5.455932,5.307948,0.14798403
CCO[C@@H](Cc1cccc2c1ccn2Cc1nc(-c2ccccc2)oc1C)C(=O)O,3.446724,4.1445656,-0.69784164
O=C(NC1=NN(c2ccc(Cl)c(Cl)c2)CC1CCO)c1cccnc1,8.522879,9.094848,-0.57196903
O=C(NC1=NN(c2ccc(Cl)c(Cl)c2)CC1)c1cccnc1F,4.371611,4.307772,0.06383896
O=C(NC1=NN(c2ccc(Cl)c(Cl)c2)CC1)c1ccncc1F,4.0,4.0270243,-0.02702427
CC(=O)NC1=NN(c2ccc(Cl)c(Cl)c2)C[C@@H]1C,6.0,5.313538,0.6864619
N#CCC(=O)Nc1csc(-c2ccc(Cl)c(Cl)c2)n1,6.610834,4.948138,1.6626959
Cc1cc(SCc2ccc(OCc3ccc(C(F)(F)F)cc3)cc2)c(Cl)cc1OCC(=O)O,8.045757,8.317576,-0.2718191
Cc1cccc(F)c1-c1ccc2nc(NC(=O)[C@H]3C[C@H]3CO)sc2c1,6.3419886,6.324273,0.017715454
Cc1ccc(NC(=O)c2ccc(CN3CCN(C)CC3)cc2)cc1Nc1nccc(-c2cncc(-c3ccns3)c2)n1,7.5224447,8.802334,-1.2798891
Nc1nc2ccc(-c3cn([C@@H]4CN[C@H](C(=O)Nc5ccc(F)c(F)c5)C4)nn3)nc2s1,6.3565474,5.6612854,0.69526196
Cc1ccc(C(=O)Nc2ccc(CN3CCN(C)CC3)c(C(F)(F)F)c2)cc1C#Cc1cncn1C,6.695176,8.375283,-1.6801071
CCNC(=O)c1c(OC)cc(-n2cnc3cc(-c4cnn(CCOC)c4)ccc32)cc1OC,5.3665314,4.75943,0.60710144
CCN(CC)Cc1ccc(C(=O)Nc2ccc(C)c(-n3cc(-c4cccnc4)cn3)c2)cc1,6.90309,5.259108,1.6439819
Cc1oc(-c2ccccc2)nc1CCOc1cccc(CC2=CN(C(=O)OCC(C)C)CCC2C(=O)O)c1,4.823909,5.4350348,-0.61112595
c1ccc(CNc2ccc3[nH]nc(-c4nc5ccc(N6CCC(N7CCCCC7)CC6)cc5[nH]4)c3c2)cc1,5.6575775,4.857128,0.8004494
CCCCCCC(=O)N(CC(=O)O)C[C@@H]1CSC(c2ccccc2)N1C(=O)c1ccccc1,5.9172144,5.0927057,0.82450867
CCCC(Cc1ccc(OCCCOc2ccc(Oc3ccc(F)cc3)cc2Cl)cc1)C(=O)O,5.0,5.4275846,-0.42758465
C=CCN(C)C/C=C/COc1ccc(-c2nsc3cc(Br)ccc23)cc1,7.595166,7.967446,-0.37227964
CCCc1cc(C(=O)C(C)(C)C)cc(CCC)c1OC(C(=O)O)c1ccccc1,4.621602,4.2318707,0.3897314
CCCc1cc2c(oc(=O)n2CC2CC2)c(CCC)c1O[C@H](C(=O)O)c1ccc(C(C)C)cc1,8.8507805,9.25751,-0.4067297
O=C(Nc1nc2ccc(B(O)O)cc2s1)[C@@H]1C[C@@H]1F,4.958607,4.7629247,0.19568253
O=C(Nc1ccc(F)c(Cl)c1)N1CCOc2ccc(-c3ccncc3)cc2C1,4.02647,3.8262775,0.20019269
Cc1oc(-c2cccc(-c3ccccc3)c2)nc1CCOc1ccc(CC(C)(Oc2ccc(C(C)(C)C)cc2)C(=O)O)cc1,5.872571,5.8163614,0.056209564
C=CC(=O)N1CCC(n2nc(C#Cc3cc(C(=O)Nc4ccc(CN5CCN(C)CC5)c(C(F)(F)F)c4)ccc3C)c3c(N)ncnc32)CC1,6.0,5.1943207,0.8056793
CCn1cc(-c2ccc3c(c2)ncn3-c2cc(OC)c(C(=O)NC3CC3)c(OC)c2)cn1,4.3925447,5.1645536,-0.7720089
Cc1ccc(NC(=O)c2cccc(C(F)(F)F)c2)cc1N1Cc2cnc(Nc3ccccc3)nc2N(C)C1=O,5.2596374,4.809513,0.45012426
Cc1ccc(C(=O)Nc2cccc(C(F)(F)F)c2)cc1Nc1nccc(-c2cccnc2)n1,8.823909,8.556506,0.26740265
Cc1cc(NC(=O)c2ccc(C)c(Nc3nccc(-c4cccnc4)n3)c2)cc(-n2cnc(C)c2)c1,5.1487417,5.113289,0.035452843
CCOc1ccc(-c2cccc(CCCc3nn(Cc4ccc(C(C)(C)C)cc4)c(=O)n3CC)c2)cc1C1(C(=O)O)CC1,5.1580153,5.6091022,-0.451087
C[C@@H]1CN(c2cccc(-c3csc(NC(=O)CN(C)C(=O)c4ccn(S(C)(=O)=O)c4)n3)n2)C[C@H](C)O1,8.407824,8.465199,-0.057375908
CC(=O)c1cccc(-c2cc(Nc3ccc(OC(F)(F)F)cc3)ncn2)c1,5.6382723,4.703493,0.93477917
O=C(Nc1ccc(Cl)c(Cl)c1)N1CCOc2ccc(-c3ccncc3)cc2C1,6.2596374,7.194475,-0.9348378
CCNC(=O)Nc1nc2ccc(-c3cccc(C)c3)cc2[nH]1,4.60206,3.8728187,0.72924113
C[C@]1(C(=O)O)CCc2ccc(OCCCOc3ccc(Oc4ccc(F)cc4)cc3Cl)cc2O1,5.163233,5.015806,0.1474266
FC(F)(F)Oc1ccc(Nc2cc(-c3cccc4[nH]ccc34)ncn2)cc1,5.0,5.607362,-0.6073618
Nc1ncnc2c1c(-c1ccccc1)cn2C1CCCC1,9.119186,9.203929,-0.084742546
Cc1c(Nc2ccc(OC(F)(F)F)cc2)ncnc1-c1ccc(C(=O)NCCN2CCOCC2)cc1,4.30103,4.8440924,-0.5430622
Cc1c(-c2ccc(Oc3ccc(OC(F)(F)F)cc3)nc2)[nH]c2ccccc2c1=O,6.4806104,7.4039946,-0.9233842
CC(C)(C)c1cc(NC(=O)Nc2cccc(Cl)c2Cl)n(-c2ccc3ncccc3c2)n1,5.703335,5.58139,0.121944904
Cc1oc(-c2ccccc2)nc1CCOc1cccc(Cc2cn(-c3ccccc3)nc2C(=O)O)c1,5.6777806,5.785646,-0.10786533
Cc1oc(-c2ccccc2)nc1CCOc1ccc(CN(CC(=O)O)Cc2cccc3ccccc23)cc1,8.29243,8.818147,-0.5257168
CCn1c(CCCc2cccc(-c3ccc(CC(=O)O)c(OC)c3)c2)nn(Cc2ccc(C(C)(C)C)cc2)c1=O,4.076756,4.2995377,-0.22278166
CCCc1c(OCCCN(C)c2ccc(CC(=O)O)c(C(F)(F)F)c2)ccc2c(C(F)(F)F)noc12,8.0,8.095,-0.09500027
C=CCN(C)CCCCCCOc1ccc(-c2nsc3cc(Br)ccc23)cc1,7.0,6.650897,0.34910297
CCn1c(CCCc2cccc(-c3ccc(OCC4CC4)c(CC(=O)O)c3)c2)nn(Cc2ccc(C(C)(C)C)cc2)c1=O,4.026295,3.5460935,0.48020172
CCCCc1cc(NC(=O)c2ccc(C)c(Nc3nccc(-c4ccccc4)n3)c2)cc(-n2cnc(C)c2)c1,7.1444807,6.438258,0.70622253
Cc1cccc(F)c1-c1cc(F)c2nc(NC(=O)[C@@H]3C[C@@H]3F)sc2c1,8.468521,8.405,0.063521385
COc1cccc(C(=O)N2CCN(C(=O)c3ccc(-c4ccc(C)nc4)cc3)CC2)c1,4.59176,4.139593,0.45216703
Cc1ccc(C(=O)Nc2cc(-n3cnc4ccccc43)cc(C(F)(F)F)c2)cc1C#Cc1cnc2cccnn12,5.0,6.08718,-1.0871801
O=C(CNc1ccc(-c2ccc(NC(=O)C3CC3)nc2)cc1)Nc1ccc(CN2CCNCC2)c(C(F)(F)F)c1,6.4436975,6.767105,-0.32340765
CCN1CCN(CCCOc2cc3nccc(Oc4c(F)cc(NC(=O)NN5C(=O)CSC5c5ccc(F)cc5F)cc4F)c3cc2OC)CC1,6.0,6.0458736,-0.045873642
O=C(Nc1cccc(Oc2ccccc2)c1)N1CCOc2ccc(-c3ccncc3)cc2C1,8.647818,8.713378,-0.06556034
Cc1ccc(-c2nn(C(C)(C)C)c3ncnc(N)c23)cc1,9.376751,7.100068,2.2766829
COc1cccc(-c2csc(NC(=O)CNC(=O)c3ccc(N)cc3)n2)c1,5.700057,4.594221,1.1058359
CCOC(Cc1ccc2c(ccn2Cc2nc(-c3ccc(F)c(C)c3)oc2C)c1)C(=O)O,6.9359913,5.6820087,1.2539825
Cc1ccc(NC(=O)c2ccc(CN3CCN(C)CC3)cc2)cc1Nc1nccc(-c2cncc(C3=NN=C(C(=O)Nc4ccccc4)C3)c2)n1,5.0,4.587661,0.4123392
Cc1oc(-c2ccccc2)nc1CCOc1cccc(CN(CC(=O)O)Cc2ccc3ccccc3c2)c1,7.275724,7.3768144,-0.10109043
Cc1ccc(NC(=O)c2ccc(CN3CCN(C)CC3)cc2)cc1Nc1nccc(-c2cncc(-c3ccccc3)c2)n1,9.568636,8.756431,0.8122053
CCCc1cc2c(oc(=O)n2CCC)c(CCC)c1O[C@H](C(=O)O)c1ccc(C(C)C)cc1,7.5850267,8.592097,-1.0070705
NC(=O)CN1CCC(n2cc(-c3cccc(O)c3)c3c(N)ncnc32)C1,5.3845596,6.1421084,-0.7575488
Cc1ccccc1C(=O)/N=c1\scc(C)n1-c1cc(Cl)c(Cl)cc1Cl,9.39794,8.864318,0.5336218
Cc1ccc(C(=O)Nc2cc(Br)cc(C(F)(F)F)c2)cc1C#Cc1cnc2cccnn12,7.0,6.3556523,0.64434767
C[N+](C)(C)CCN1C(=O)c2ccc3c4ccc5c6c(ccc(c7ccc(c2c37)C1=O)c64)C(=O)N(CC[N+](C)(C)C)C5=O,6.0,4.794343,1.205657
Oc1ccc(Nc2[nH]nc3ncnc(Nc4cccc(Cl)c4)c23)cc1,6.74958,6.608733,0.14084673
CS(=O)(=O)Nc1ccc(-c2ccc(C(=O)N[C@H]3CN[C@@H](C(=O)Nc4ccc(Cl)c(C(F)(F)F)c4)C3)cc2)cn1,3.769551,3.9778578,-0.20830679
Cc1cs/c(=N\C(=O)c2cccc3ccccc23)n1-c1cc(Cl)c(Cl)cc1Cl,5.080922,4.3048525,0.77606964
Cc1ccc(C(=O)Nc2ccc(CN3CCN(C)CC3)c(C(F)(F)F)c2)cc1Nc1cc(-c2ccc(F)nc2)ccn1,4.404504,3.4479423,0.95656157
O=C(Nc1cccc(Nc2nccc(-c3cccnc3)n2)c1)c1cccnc1,6.020907,7.7216496,-1.7007427
CN1CCN(c2ccc(C(=O)Nc3cccc(C#Cc4cccc5[nH]nc(N)c45)c3)cc2C(F)(F)F)CC1,5.1000156,4.3982825,0.7017331
CS(=O)(=O)n1ccc(C(=O)NCC(=O)Nc2nc(-c3cccc(C#N)n3)cs2)c1,6.3467875,5.550257,0.79653025
Cc1cc(NC(=O)c2cccc(C(F)(F)F)c2)ccc1NC(=O)c1cc2cnc3[nH]ccc3c2s1,9.251812,9.26811,-0.016298294
CCC(Cc1ccc(OCCCOc2ccc(Oc3ccc(F)cc3)cc2Cl)cc1)C(=O)O,4.30103,4.5593095,-0.25827932
Cc1ccc(NC(=O)c2ccc(N)c(C(F)(F)F)c2)cc1Nc1nccc(-c2cccnc2)n1,8.79588,7.634078,1.1618023
COc1n[nH]c2ncc(-c3cn(-c4c(F)ccc(NS(=O)(=O)c5cccc(-c6ccccc6)c5)c4F)nn3)cc12,8.356547,8.075802,0.2807455
Cc1cc(Nc2ncc(C)c(N3CCC(CC#N)CC3)n2)sn1,5.0,4.1442013,0.8557987
O=S(=O)(Cc1cccc(C(F)(F)F)c1)N1CCOc2ccc(-c3ccncc3)cc2C1,4.5228786,5.1861324,-0.6632538
O=C(Nc1cccc(Cl)c1Cl)N1CCOc2ccc(-c3ccncc3)cc2C1,8.0,7.488843,0.51115704
CC[C@@](C)(Cc1ccc(OCCCOc2ccc3c(C(F)(F)F)cc(=O)oc3c2Cl)cc1)C(=O)O,5.0499883,5.557887,-0.5078988
O=C(Nc1nc(-c2ccc(Cl)c(Cl)c2)cs1)C1CC1,4.026743,3.2791955,0.7475474
O=C(NC1=NN(c2ccc(Cl)c(Cl)c2)CC1)c1cccnc1,5.2596374,4.8604574,0.39917994
CC(C)c1c(-c2ccn3nc(NC(=O)[C@@H]4C[C@@H]4F)cc3c2)cnc2[nH]ccc12,3.30103,4.2692986,-0.96826863
CS(=O)(=O)c1ccc(Cn2cc(-c3cc(Nc4ccc(OC(F)(F)F)cc4)ncn3)cn2)cc1,6.481486,5.0652266,1.4162593
Oc1cccc(Cn2cc3c(Nc4ccc(OC(F)(F)F)cc4)ncnc3n2)c1,4.30103,3.7269201,0.57411003
CCCc1cc(C(=O)C(C)C)cc(CCC)c1OC(C(=O)O)c1ccccc1,6.3526173,6.2102785,0.14233875
CCCc1cc(C(=O)CC)cc(C)c1OC(C(=O)O)c1ccc(C(C)C)cc1,7.468521,6.00098,1.4675412
CC(C)(C)n1ncc2c(Nc3ccc(OC(F)(F)F)cc3)ncnc21,4.69897,3.6123965,1.0865734
Cc1cn(-c2cc(NC(=O)c3ccc(C)c(C#Cc4cnc(Nc5ccccc5)nc4)c3)cc(C(F)(F)F)c2)cn1,8.443698,8.074478,0.36921978
Cc1ccncc1-c1ccc2nc(NC(=O)C3CC(F)(F)C3)sc2c1,4.696804,3.6786504,1.0181537
Cc1ccc(NC(=O)c2ccc(CN3CCN(C)CC3)cc2)cc1Nc1nccc(-c2cncc(-n3cccn3)c2)n1,5.576754,5.36851,0.20824432
Cc1ccc(NC(=O)c2ccc(CN3CCN(C)CC3)cc2)cc1Nc1nccc(-c2cncc(C3=NN=C(C(=O)C4N=CC=N4)C3)c2)n1,7.2596374,8.121042,-0.8614049
CCCc1cc(Oc2ccc(Cl)c(C)c2)ccc1OCCCOc1cccc(-c2sc(=O)[nH]c2O)c1,4.026341,4.1136723,-0.087331295
CCCNc1ccc2ncc(-c3ccc4[nH]ncc4c3)n2n1,5.0,4.6008954,0.3991046
Nc1nnc(-c2ccccc2O)cc1N1CCNCC1,7.6777806,6.69331,0.98447084
COc1ccc(-c2csc(NC(=O)CNC(=O)c3ccc(N)cc3)n2)cc1,4.026383,4.0998507,-0.07346773
FC(F)(F)Oc1ccc(Nc2cc(-c3ccnc4[nH]ccc34)ncn2)cc1,5.0,4.1212125,0.8787875
CCOC(Cc1ccc2c(ccn2Cc2nc(-c3ccc(CC)cc3)oc2C)c1)C(=O)O,9.21467,9.311003,-0.09633255
O=C1Nc2cc(CO)ccc2Oc2ccc(-c3ccnc(N4CCOCC4)c3)cc21,5.412289,5.4566464,-0.0443573
Cc1cccc(-c2cncc(-c3ccnc(Nc4cc(NC(=O)c5ccc(CN6CCN(C)CC6)cc5)ccc4C)n3)c2)c1,7.080922,6.420801,0.66012096
Cc1cccc(NC(=O)C2=NN=C(c3cncc(-c4ccnc(Nc5cc(NC(=O)c6ccc(CN7CCN(C)CC7)cc6)ccc5C)n4)c3)C2)c1,4.0,5.1308713,-1.1308713
Cc1oc(-c2cccc(-c3ccccc3)c2)nc1CCOc1ccc(CC(C)(Oc2ccccc2)C(=O)O)cc1,6.0,5.2571507,0.74284935
CCNC(=O)Nc1nc2ccc(-c3ccccc3OC(F)(F)F)cc2[nH]1,6.0,5.091877,0.908123
C[C@H]1COCCN1c1cccc(-c2csc(NC(=O)CNC(=O)c3ccn(S(C)(=O)=O)c3)n2)n1,7.5086384,7.4190397,0.089598656
C=CC(=O)N(c1cc(OC)c(Cl)cc1Cl)c1c(C#N)cnc2cc(OCCCN3CCOCC3)c(OC)cc12,4.417937,3.8661876,0.5517492
FC(F)(F)Oc1ccc(Nc2cc(-c3cnn(Cc4ccccc4)c3)ncn2)cc1,7.09691,4.7702127,2.3266973
CCn1c2ccccc2c2cc(NC(=O)CSc3nc4ccccc4[nH]3)ccc21,6.0,5.3404384,0.65956163
COc1cccc(-c2cn(C3CCCC3)c3ncnc(N)c23)c1,9.0,9.06735,-0.06735039
COc1cc(N2CCC(N3CCN(C)CC3)CC2)ccc1Nc1ncc(Cl)c(Nc2ccccc2P(C)(C)=O)n1,6.7447276,6.248516,0.49621153
Cc1nn(-c2ccc(F)cc2)c(-n2ccnc2)c1C(=O)NCc1cccnc1,8.19382,7.914219,0.2796011
Cc1nc(C(F)(F)F)sc1CSc1ccc2c(ccn2CC(=O)O)c1,4.823909,4.892738,-0.06882906
CCNC(=O)c1c(OC)cc(-n2cnc3cc(-c4cnn(CC)c4)ccc32)cc1OC(F)F,6.90309,6.046117,0.8569732
CCNC(=O)Nc1nc2ccc(-c3ccnn3CC)cc2[nH]1,4.025903,4.4182076,-0.39230442
CC(C)(C)n1nc(-c2ccc(Cl)cc2)c2c(N)ncnc21,7.167491,6.974,0.19349098
Nc1n[nH]c2cccc(C#Cc3cccc(NC(=O)c4cc(F)cc(C(F)(F)F)c4)c3)c12,7.0,7.6443024,-0.64430237
CCOC(Cc1ccc2c(ccn2Cc2nc(-c3ccc(C(C)(C)C)cc3)oc2C)c1)C(=O)O,4.09691,4.2695274,-0.17261744
Cc1oc(-c2ccc(-c3ccccc3)cc2)nc1CCOc1ccc(OC(C)(C)C(=O)O)cc1,9.142668,8.907081,0.23558712
Cc1ccc(NC(=O)Nc2cccc(Cl)c2)cc1Nc1nccc(-c2cccnc2)n1,5.1079054,5.9389477,-0.8310423
CCc1ccc(-c2ncc(C)c(N(C)CCCOc3ccc4c(c3)CC[C@H]4CC(=O)O)n2)cc1,7.167491,6.295724,0.87176704
Cc1ccc(NC(=O)c2ccc(CN3CCN(CCO)CC3)cc2)cc1-n1cc(-c2cccnc2)cn1,5.2596374,5.7940793,-0.53444195
CCNC(=O)Nc1nc2ccc(-c3ccncc3C)cc2[nH]1,8.30103,7.353188,0.9478421
Cc1cn(-c2cc(NC(=O)c3ccc(C)c(Nc4nc(-c5cccnc5)cs4)c3)cc(C(C)C)c2)cn1,4.026383,3.8394928,0.18689013
Cc1ccc(NC(=O)c2ccc(CN3CCOCC3)cc2)cc1-n1cc(-c2cccnc2)cn1,6.0,5.9712505,0.028749466
O=C(O)Cn1ccc2cc(OCc3cccc(COc4ccc(C(F)(F)F)cc4)c3)ccc21,8.1549015,7.5495605,0.60534096
Cc1ccc(NC(=O)Nc2cccc(N(C)C)c2)cc1Nc1nccc(-c2cccnc2)n1,7.207608,6.8096876,0.3979206
Nc1n[nH]c2cccc(-c3ccc(C(=O)N4CCN(C(=O)c5ccccc5Br)CC4)cc3)c12,3.954677,4.055279,-0.10060167
C=CCN(C)CCCCCCOc1ccc2c(-c3ccc(Br)cc3)n[nH]c2c1,6.0,4.748785,1.251215
CC[C@]1(C(=O)O)CCc2ccc(OCCCOc3ccc(C(C)(C)C)cc3Cl)cc2O1,5.091515,4.1561575,0.9353576
CNCCOc1ccc(C(=O)NCc2cccc(C(=O)N[C@@H](CC(C)(C)C)C(=O)Nc3ccc(CCNC(=O)CC(C)(C)CC(=O)O)cc3)c2)cc1,4.446117,3.708897,0.7372198
CN=NNc1ccc(C(=O)Nc2ccc(C)c(Nc3nccc(-c4cccnc4)n3)c2)cc1Cl,9.408936,9.251798,0.15713787
CCOC(Cc1ccc2c(ccn2Cc2nc(-c3cc(C)cc(C)c3)oc2C)c1)C(=O)O,4.0264196,3.822775,0.20364475
CCOC(Cc1ccc2c(ccn2Cc2nc(-c3ccccc3OC)oc2C)c1)C(=O)O,5.6575775,5.2013025,0.456275
C#CCO[C@@H]1[C@H](C)[C@@H](COC(=O)c2ccc(S(=O)(=O)F)cc2)O[C@H]1n1nc(-c2ccc(C)cc2)c2c(N)ncnc21,5.09691,4.7922363,0.30467367
Cc1ccc(-c2cncc(-c3ccnc(Nc4cc(NC(=O)c5ccc(CN6CCN(C)CC6)cc5)ccc4C)n3)c2)cc1,6.581699,6.731451,-0.14975214
Cc1ccc(NC(=O)C2=NN=C(c3cncc(-c4ccnc(Nc5cc(NC(=O)c6ccc(CN7CCN(C)CC7)cc6)ccc5C)n4)c3)C2)cc1,8.130768,8.675918,-0.5451498
CCNC(=O)Nc1nc2ccc(Oc3cccc(OC)c3)cc2[nH]1,7.2839966,5.8871517,1.3968449
COC[C@H](NC(=O)c1cn(C2(C#N)CC2)cn1)C(=O)Nc1nc(-c2cccc(N3C[C@@H](C)O[C@@H](C)C3)n2)cs1,6.318759,6.4887924,-0.17003345
CCN1CCN(Cc2ccc(NC(=O)CNc3ccc(-c4ccc(NC(C)=O)nc4)cc3)cc2C(F)(F)F)CC1,4.026452,4.1608086,-0.1343565
C=CC(=O)N(c1cc(OC)ccc1Cl)c1c(C#N)cnc2cc(OCCCN3CCN(C)CC3)c(OC)cc12,5.3565474,5.1835995,0.17294788
CCCCCCCCCCCOc1cccc(CCC(=O)NC[C@@H](O)COP(=O)(O)OC[C@H](NC(=O)c2ccc(C)cc2)C(=O)O)c1,5.69897,6.271926,-0.5729561
C=CCN(C)CCCCCCOc1ccc2c(-c3ccc(Br)cc3)nccc2c1,5.0,5.2316265,-0.23162651
CS(=O)(=O)Nc1cccc(-c2ccc3c(c2)C(=O)Nc2cc(OC(F)(F)F)ccc2N3)c1,5.0,3.3347664,1.6652336
COc1cccc(NC(=O)N2CCOc3ccc(-c4ccncc4OC)cc3C2)c1,4.853872,4.2387795,0.6150923
Cc1ccc(CNC(=O)c2ccc(C(F)(F)F)cc2F)cc1Oc1ccc(OC(C)(C)C(=O)O)c(C)c1,7.29243,6.2188597,1.0735703
COc1ccc(OC(=O)N(CC(=O)O)Cc2ccc(OCCc3nc(-c4ccccc4)oc3C)cc2)cc1,8.522879,8.899887,-0.37700844
CCCCCCC(Sc1nc(Cl)cc(Nc2ccc(-c3ccc(C#N)cc3)cc2)n1)C(=O)O,5.0,5.0100536,-0.010053635
FC(F)(F)Oc1ccc(Nc2cc(-c3cnn(Cc4ccncc4)c3)ncn2)cc1,5.5100417,4.7625213,0.74752045
Cc1ccc(C(=O)Nc2cc(N(C)CCN(C)C)cc(C(F)(F)F)c2)cc1Nc1cc(-c2cccnc2)ccn1,7.6575775,8.35253,-0.694952
CCOC(=O)CCCCC(=O)c1[nH]c(=O)[nH]c1CSc1nc(C)cc(=O)[nH]1,8.30103,8.912268,-0.6112375
Cc1ccc(NC(=O)c2ccc(CN3CCN(C)CC3)cc2)cc1Nc1nccc(-c2cncc(-c3ncco3)c2)n1,4.30103,4.0122643,0.2887659
Cc1ccc(NC(=O)c2ccc(CN3CCN(C)CC3)cc2)cc1Nc1nccc(-c2cncc(C3=NN=C(C(=O)Nc4ncco4)C3)c2)n1,5.29243,6.164969,-0.87253904
C=CC(=O)N(c1cc(OC)ccc1Cl)c1c(C#N)cnc2cc(OCCCN3CCOCC3)c(OC)cc12,5.236572,4.023403,1.2131686
CCO[C@@H](Cc1ccc(OCCc2nc(-c3ccc(-c4ccccc4)cc3)oc2C)c2ccsc12)C(=O)O,7.0,6.43136,0.56864023
CC(C)n1nc(-c2ccc3cc(OCc4ccc(C(C)(C)C)cc4)ccc3c2)c2c(N)ncnc21,5.2596374,4.7475758,0.5120616
N#Cc1cccc(-c2csc(NC(=O)CNC(=O)c3ccc(N)cc3)n2)c1,4.7212462,4.880028,-0.15878153
Cc1ccc(NC(=O)Nc2cccc(N3CCCC3)c2)cc1Nc1nccc(-c2cccnc2)n1,5.2999887,5.0226874,0.2773013
Nc1n[nH]c2cccc(C#Cc3cccc(C(=O)Nc4ccc(CN5CCOCC5)c(C(F)(F)F)c4)c3)c12,6.600326,6.917395,-0.31706905
O=c1cc(-c2cc(Nc3ccc(OC(F)(F)F)cc3)ncn2)cc[nH]1,9.180456,9.285207,-0.10475063
CCn1c(CCCc2cccc(-c3ccc(OC)c(CC(=O)O)c3)c2)nn(Cc2ccc(C(C)(C)C)cc2)c1=O,7.318759,5.2571783,2.0615807
CC(C)(C)n1ccc(C(=O)NCC(=O)Nc2nc(-c3cccc(OC4CC4)n3)cs2)c1,4.026484,3.794734,0.23175001
CCO[C@@H](Cc1ccc(OCCc2nc(-c3ccccc3)oc2C)c2ccccc12)C(=O)O,4.30103,4.3779693,-0.076939106
CCCCCCC(=O)Nc1cccc(Nc2nccc(-c3cccnc3)n2)c1,9.958608,8.511258,1.4473495
O=C(Nc1cccc(Nc2nccc(-c3cccnc3)n2)c1)c1ccc(F)cc1,4.7554755,5.3783855,-0.62291
c1ccc(COc2ccc3c(-c4nc5ccc(N6CCC(N7CCCCC7)CC6)cc5[nH]4)n[nH]c3c2)cc1,5.6575775,4.913705,0.74387264
Cc1cc(NC(=O)Nc2ccnc(Cl)c2)ccn1,8.236572,7.456958,0.77961445
Cc1cc(NC(=O)C2=NN=C(c3cncc(-c4ccnc(Nc5cc(NC(=O)c6ccc(CN7CCN(C)CC7)cc6)ccc5C)n4)c3)C2)ccn1,5.0,4.320199,0.679801
Cc1ccc(NC(=O)c2ccc(CN3CCN(C)CC3)cc2)cc1Nc1nccc(-c2cncc(-c3ccncc3)c2)n1,5.229148,3.713216,1.5159318
O=C1c2ccc3c4ccc5c6c(ccc(c7ccc(c2c37)C(=O)N1CCNCCO)c64)C(=O)N(CCNCCO)C5=O,5.0,4.9852276,0.014772415
O=C(NC1=NN(c2ccc(Cl)c(Cl)c2)CC1)c1ccncc1,4.677822,6.198613,-1.520791
CC(C)c1cccc(-c2nn(C(C)C)c3ncnc(N)c23)c1,4.387216,4.44481,-0.057593822
CCCCCC(=O)Nc1cccc(Nc2nccc(-c3cccnc3)n2)c1,5.958607,4.450107,1.5085001
Nc1ncnc2c1c(-c1ccccc1)cn2-c1cccc(CO)c1,4.083546,4.1934357,-0.10988951
O=C(Nc1nc(-c2ccc(Cl)c(Cl)c2)cs1)c1cccnc1,4.844664,3.6868148,1.1578493
CCNC(=O)Nc1nc2ccc(-c3ccncc3)cc2[nH]1,4.653647,4.4090056,0.2446413
O=C(Nc1cccc(Nc2nccc(-c3cccnc3)n2)c1)c1ccccc1,8.958608,9.030831,-0.07222366
O=C(C(CO)c1ccccc1)N1CC(=C2CN(S(=O)(=O)c3ccc(OC(F)F)cc3)C2)C1,8.49894,8.825277,-0.32633686
O=C(Nc1nc(-c2ccc(Cl)c(Cl)c2)cs1)c1cncs1,7.69897,6.9277115,0.77125835
CC(=O)Nc1nc2ccc(-c3cn([C@@H]4CN[C@H](C(=O)Nc5ccc(F)c(F)c5)C4)nn3)nc2s1,7.823041,6.332864,1.4901772
CCCCn1c(-c2cc(-c3cccc4[nH]ncc34)ccc2C)cn2c3c(=O)[nH]c(=O)n(C)c3nc12,5.869666,5.8927603,-0.023094177
CN1CCN(c2ccc(Nc3ncc(Cl)c(NC[C@H]4CCCO4)n3)cc2)CC1,7.091515,5.4804935,1.6110215
Cc1cc(-c2cccc(-c3csc(NC(=O)CNC(=O)c4ccc(N)cc4)n3)c2)on1,5.0,5.227248,-0.22724819
CC(Cc1ccc(OCCCOc2ccc(Oc3ccc(F)cc3)cc2Cl)cc1)C(=O)O,6.0958257,5.7735825,0.3222432
CCOC(Cc1ccc2c(ccn2Cc2nc(-c3ccccc3OC(C)C)oc2C)c1)C(=O)O,6.0,5.7355967,0.26440334
CCc1ccc(Cl)cc1-c1[nH]c(-c2ccnc(N)n2)cc1C(N)=O,3.9161391,3.774263,0.14187622
NC(=O)CN1CCC(n2cc(-c3cccc(O)c3)c3c(N)ncnc32)CC1,4.9757195,3.9971108,0.9786086
Oc1cccc(Cn2ncc3c(Nc4ccc(OC(F)(F)F)cc4)ncnc32)c1,4.675512,5.0849056,-0.4093938
O=S(=O)(NCCO)c1ccc(-c2cc(Nc3ccc(OC(F)(F)F)cc3)ncn2)cc1,6.625252,5.309754,1.3154979
CCOc1ccc(-c2cccc(CCCc3nn(Cc4ccc(C(C)(C)C)cc4)c(=O)n3CC)c2)cc1C(=O)O,9.045757,9.015239,0.030518532
Cc1ccc(NC(=O)c2ccc(F)cc2)cc1-n1cc(-c2cccnc2)cn1,6.172631,6.181492,-0.008861065
COC(=O)c1ccc2c(Nc3ccc(OC(F)(F)F)cc3)ncnc2c1,4.467182,4.9074354,-0.44025326
COc1cccc(NC(=O)N2CCOc3ccc(-c4ccnc5ccccc45)cc3C2)c1,5.0,4.3306036,0.6693964
CCOC(Cc1ccc2c(c1)c(C)cn2Cc1nc(-c2ccc(C(F)(F)F)cc2)oc1C)C(=O)O,5.3565474,5.1029425,0.2536049
Cc1ccc(C(=O)Nc2cc(Br)cc(C(F)(F)F)c2)cc1Nc1nccc(-c2cccnc2)n1,4.498475,4.6660986,-0.16762352
CSCC[C@H](NC(=O)c1ccn(S(C)(=O)=O)c1)C(=O)Nc1nc(-c2ccccc2)cs1,8.958608,9.126021,-0.16741371
CCCn1c(CCCc2ccc(OC(C)(C)C(=O)O)cc2)nn([C@H](C)c2ccccc2)c1=O,5.0,3.9232025,1.0767975
CC(C)(C)C[C@H](NC(=O)c1cccc(CNC(=O)c2ccc(OCCO)cc2)c1)C(=O)Nc1ccc(CCN)cc1,2.6055484,2.4025452,0.20300317
Nc1ncnc2c1ncn2[C@@H]1O[C@H](CSCC[C@H](N)C(=O)O)[C@@H](O)[C@H]1O,9.283997,8.898568,0.38542843
COc1ccc(Oc2ccc3[nH]nc(-c4nc5ccc(N6CCC(N7CCCCC7)CC6)cc5[nH]4)c3c2)cc1,8.031517,7.7102203,0.3212967
Cc1ccc(NC(=O)c2ccc(N(CCCl)CCCl)cc2)cc1Nc1nccc(-c2cccnc2)n1,6.7746906,7.6129103,-0.83821964
Cc1oc(-c2ccccc2)nc1CCOc1cccc(C[C@@H]2CN(C(=O)Oc3ccccc3)C[C@@H]2C(=O)O)c1,6.966576,6.937704,0.028872013
CCCn1c(CCCc2ccc(OC(C)(C)C(=O)O)cc2)nn(C(C)c2ccccc2)c1=O,4.30103,3.9854164,0.31561375
CCNS(=O)(=O)c1ccc(-c2cc(Nc3ccc(OC(F)(F)F)cc3)ncn2)cc1,6.853872,5.759739,1.0941329
O=S(=O)(C1CC1)N1CCN(c2nc(N3CCOCC3)ncc2Br)CC1,3.4775558,3.553122,-0.07556629
COc1cccc(-c2cn(-c3ccc(CC(=O)NCCO)cc3)c3ncnc(N)c23)c1,5.5100417,4.956448,0.55359364
COc1ccc(-c2ccnc(Nc3cc(C(=O)Nc4ccc(CN5CCN(C)CC5)c(C(F)(F)F)c4)ccc3C)c2)cn1,5.920819,5.229999,0.69081974
O=C(Nc1cccc(F)c1)N1CCOc2ccc(-c3ccncc3)cc2C1,9.30103,9.245648,0.055381775
CNC(=O)c1cc(Oc2ccc(NC(=O)Nc3ccc(Cl)c(C(F)(F)F)c3)cc2)ccn1,5.9182925,5.6804495,0.23784304
COc1cc(-c2n[nH]c3ncc(-c4ccc(C)c(N)c4)cc23)cc(OC)c1OC,3.715795,3.2774892,0.43830585
Cc1cc(Nc2ncc(C)c(N3CCN(CC#N)[C@@H](C)C3)n2)sn1,4.0,4.183837,-0.18383694
Cc1oc(-c2ccc(Cl)cc2)nc1COc1cccc(CN(CC(=O)O)C(=O)OC2CCC2)c1,5.2596374,5.13079,0.12884712
O=C(O)Cc1csc2cc(OCc3ccc(COc4ccc(C(F)(F)F)cc4)cc3)ccc12,5.4867826,4.2946215,1.1921611
[O]c1ccccc1C(=O)N1[C][C]C(=[C]C(=O)[N][C@@H]2[C][C]N([C]c3ccc4cc(F)ccc4c3)[C]2)[C][C]1,7.853872,6.2946477,1.5592241
CCCc1cc2c(=O)n(C(C)C)oc2c(CCC)c1O[C@H](C(=O)O)c1ccc(C(C)C)cc1,8.0,7.1613503,0.83864975
O=C(Cn1cccc(NC(=O)Nc2ccc(NC(=O)Nc3cccn(CC(=O)NCc4ccc(Cl)c(Cl)c4)c3=O)cc2)c1=O)NCc1ccc(Cl)c(Cl)c1,9.283997,9.210048,0.07394886
COc1cccc(-c2cn(C3CC(C(=O)NCCO)C3)c3ncnc(N)c23)c1,6.400117,5.1160884,1.2840285
CC(C)(C)c1ccc(OCCCOc2ccc3c(c2)O[C@@](C)(C(=O)O)CC3)c(Cl)c1,6.2596374,5.151903,1.1077342
COc1ccc2[nH]nc(-c3nc4ccc(N5CCC(N6CCCCC6)CC5)cc4[nH]3)c2c1,4.4091134,3.78125,0.6278634
CCCc1cc2c(C(F)(F)F)noc2c(CCC)c1OC(C)(C)C(=O)O,9.309804,9.146461,0.16334343
COc1cccc(-c2cn(-c3ccc(CNCCO)cc3)c3ncnc(N)c23)c1,5.989276,4.8810787,1.1081972
COc1ccc(-c2cc(NC(=O)c3ccc(C)c(Nc4cc(-c5cccnc5)ccn4)c3)cc(C(F)(F)F)c2)cc1,7.09691,6.3161545,0.7807555
O=C(Nc1ccc(CC(F)(F)F)cc1)c1cccc(-c2cncnc2)c1,2.0,2.771962,-0.7719619
CCn1c(CCCc2cccc(-c3ccc(C)c(C4(C(=O)O)CC4)c3)c2)nn(Cc2ccc(C(C)(C)C)cc2)c1=O,4.30103,5.363489,-1.062459
Cc1ccc(NC(=O)c2ccc(Cn3ccnc3)c(C(F)(F)F)c2)cc1C#Cc1ncc(Nc2ccccc2)cn1,4.30103,5.7875595,-1.4865294
O=C1Nc2cc(OCC(F)(F)F)ccc2Oc2ccc(-c3ccnc(N4CCOCC4)c3)cc21,7.236572,6.9016466,0.33492517
Cc1cnc(-c2ccc(C(C)C)cc2)nc1N(C)CCCOc1ccc2c(c1)CC[C@H]2CC(=O)O,4.69897,4.6944923,0.004477501
Cc1ccc(C(=O)Nc2cccc(C(F)(F)F)c2)cc1-c1cccc(-c2cnc3cnccn23)c1,4.628932,4.9212036,-0.2922716
CC(C)n1nc(-c2ccc3c(ccn3C)c2)c2c(N)ncnc21,8.537602,8.17889,0.3587122
CCNC(=O)Nc1nc2ccc(Oc3ccccc3Cl)cc2[nH]1,6.50724,5.740344,0.7668958
CCn1cc(-c2ccc3c(c2)ncn3-c2cc(OC)c(C(=O)NCC(F)(F)F)c(OC)c2)cn1,6.2502637,5.59326,0.6570039
Cc1ccc(NC(=O)c2cccc(C(F)(F)F)c2)cc1C(=O)Nc1cncnc1,3.8239088,4.320554,-0.49664497
CC(C)(Oc1ccc(CCOc2ccc(NC(=O)c3ccccc3)cc2)cc1)C(=O)NS(=O)(=O)c1ccccc1,8.522879,8.892759,-0.36988068
CC(C)Oc1ccc(OCCCOc2ccc3c(c2)O[C@@](C)(C(=O)O)CC3)c(Cl)c1,6.801343,6.377078,0.4242649
CCOC(=O)NC[C@H](Cc1ccc(OCCc2nc(-c3ccccc3)oc2C)cc1)N/C(C)=C\C(=O)c1ccc(C(F)(F)F)cc1,5.3467875,4.3529873,0.99380016
COc1ccc(C(=O)NCc2cccc(C(=O)N[C@@H](CC(C)(C)C)C(=O)Nc3ccc(CCN(C)C)cc3)c2)cc1,4.49485,5.1171436,-0.6222935
CCC(=O)NC[C@H](Cc1ccc(OCCc2nc(-c3ccccc3)oc2C)cc1)N=C(C)CC(=O)c1ccc(C(F)(F)F)cc1,6.6401644,5.5239925,1.1161718
COc1ccc(NC(=O)[C@H](CC(C)(C)C)NC(=O)c2cccc(CNC(=O)c3ccc(OCCN(C)C)cc3)c2)cc1,8.005243,8.244561,-0.2393179
CSCC[C@H](NC(=O)c1ccc2c(c1)CCN2)C(=O)Nc1nc(-c2ccccc2)cs1,6.017729,6.011679,0.006049633
FC(F)(F)Oc1ccc(Nc2cc(Nc3cc(C4CC4)[nH]n3)ncn2)cc1,6.019542,5.9642544,0.055287838
N#CCc1cccc(-c2cc(Nc3ccc(OC(F)(F)F)cc3)ncn2)c1,4.6819367,3.763947,0.91798973
CS(=O)(=O)n1ccc(C(=O)NCC(=O)Nc2nc(-c3cccc(F)n3)cs2)c1,3.219107,3.8656974,-0.6465905
Cc1ccc(C(=O)Nc2cc(N3CCN(C)CC3)cc(C(F)(F)F)c2)cc1Nc1cc(-c2cccnc2)ccn1,6.0,5.0919514,0.9080486
O=C(Nc1ccc(OCCN2CCOCC2)cc1)Nc1ccc(Cl)c(C(F)(F)F)c1,5.0,4.7720823,0.22791767
Cn1c(CO)cc2c(Nc3ccc(OC(F)(F)F)cc3)ncnc21,9.650515,9.105063,0.54545116
FC(F)(F)Oc1ccc(Nc2ncnc3c2cnn3-c2ccccn2)cc1,8.30103,8.082409,0.21862125
Cc1oc(-c2ccccc2)nc1CCOc1cccc(CN(CC(=O)O)Cc2cc3ccccc3[nH]2)c1,6.0,5.8105383,0.18946171
Cc1ccc(C(=O)Nc2cc(-c3c(C)noc3C)cc(C(F)(F)F)c2)cc1NC(=O)c1cnc2[nH]ccc2c1,5.0,4.4877987,0.5122013
COc1cccc(NC(=O)N2CCOc3ccc(-c4ccncc4)cc3C2)c1,6.0,6.060104,-0.060103893
Cc1ccc(Cl)cc1-c1c(C(N)=O)cc(-c2ccnc(Nc3ccc(N4CCN(C)CC4)cc3)n2)n1C,9.39794,8.997205,0.4007349
CCOC(=O)c1c(-c2ccc(Cc3ccc(OC(F)(F)F)cc3)cc2)[nH]c2ccccc2c1=O,5.0,5.117055,-0.11705494
CCCn1c(CCCc2ccc(OC(C)(C)C(=O)O)cc2)nn(CC2CCCCC2)c1=O,6.737549,6.6916933,0.045855522
COc1ccccc1C(=O)NCCNC(=O)c1ccc(-c2cccc3[nH]nc(N)c23)cc1,4.0263968,4.0653934,-0.038996696
CCN(CC)CCOc1ccc(Nc2cc(NC(=O)Nc3c(Cl)cccc3Cl)ncn2)cc1,4.823909,3.9993482,0.82456064
O=C1NC(=O)C(c2cn(-c3ccccc3)nc2-c2ccc(F)cc2)N1,4.5751185,3.0279627,1.5471559
O=C(NC1=NN(c2ccc(Cl)c(Cl)c2)CC1)c1ccnnc1,5.5598865,5.8291655,-0.269279
O=C(NC1=NN(c2ccc(Cl)c(Cl)c2)CC1)c1cncnc1,4.09691,3.9157262,0.18118382
N#CCC(=O)NC1=NN(c2ccc(Cl)c(Cl)c2)CC1,5.2596374,5.053547,0.20609045
Cc1ccc(NC(=O)c2ccc(CN3CCN(C)CC3)cc2)cc1Nc1nccc(-c2cncc(C3=NN=C(C(=O)Nc4nc(C(N)=O)co4)C3)c2)n1,5.2328444,4.887988,0.34485626
O=C(Nc1nc(-c2ccc(Cl)c(Cl)c2)cs1)c1c(F)cccc1F,4.2006593,3.9157262,0.2849331
N#CCCC(=O)NC1=NN(c2ccc(Cl)c(Cl)c2)CC1,5.221849,4.0442047,1.1776443
Cc1ccc(NC(=O)c2ccc(CN3CCN(C)CC3)cc2)cc1Nc1nccc(-c2cncc(-c3nc(C(N)=O)co3)c2)n1,6.0,5.9298534,0.07014656
CC(=O)NC1=NN(c2ccc(Cl)c(Cl)c2)CC1C,7.537602,6.466951,1.070651
Cc1ncsc1-c1ccc([C@H](C)NC(=O)[C@@H]2C[C@@H](O)CN2C(=O)[C@@H](NC(=O)C2(c3ccc(-c4cc(-c5ccccc5O)nnc4N)cc3)CC2)C(C)(C)C)cc1,4.030584,3.2711706,0.75941324
CCOC(Cc1ccc2c(ccn2Cc2nc(-c3cc(OC)cc(OC)c3)oc2C)c1)C(=O)O,8.102373,8.558757,-0.4563837
OCCn1ncc2c(Nc3ccc(OC(F)(F)F)cc3)ncnc21,5.415669,5.6193113,-0.20364237
CS(=O)(=O)N1CCN(c2nc(Cl)ncc2Br)CC1,4.2778516,4.673921,-0.39606953
Cc1ccc(C(=O)Nc2cc(C(F)(F)F)cc(C(F)(F)F)c2)cc1Nc1nccc(-c2cccnc2)n1,7.673664,8.20493,-0.5312662
COCCNCCN1CCC(n2cc(-c3cccc(OC)c3)c3c(N)ncnc32)CC1,6.2596374,5.1768084,1.082829
O=C(Cn1cccc(NCc2ccc(CNc3cccn(CC(=O)NCc4ccc(Cl)c(Cl)c4)c3=O)s2)c1=O)NCc1ccc(Cl)c(Cl)c1,6.3089185,6.4349337,-0.12601519
COC(=O)N(CC(=O)O)Cc1cccc(OCc2nc(-c3ccc(Cl)cc3)oc2C)c1,9.20066,9.203929,-0.0032691956
CCCc1cc2c(oc(=O)n2CC)c(CCC)c1O[C@H](C(=O)O)c1ccc(Cl)cc1,3.2218487,4.493348,-1.2714994
CS(=O)(=O)c1ccc(-c2cc(Nc3ccc(OC(F)(F)F)cc3)ncn2)cc1,6.49485,4.9111366,1.5837135
CCCc1cc(C(=O)CC)cc(Cl)c1O[C@H](C(=O)O)c1ccc(C(C)C)cc1,9.39794,8.04426,1.3536797
Oc1cccc(Nc2[nH]nc3ncnc(Nc4cccc(Cl)c4)c23)c1,4.0,5.022457,-1.0224571
COc1ccc(-c2cn(C3CCCC3)c3ncnc(N)c23)cc1,6.6655464,6.3390903,0.32645607
CCOC(=O)OCC1OC(Oc2ccccc2Cc2ccc(OC)cc2)C(O)C(O)C1O,8.0,7.405568,0.5944319
O=C(O)Cc1csc2cc(OCc3cc(-c4ccc(C(F)(F)F)cc4)on3)ccc12,4.9000087,4.5326366,0.36737204
O=C(O)C(Cc1ccc(OCCCOc2ccc(Oc3ccc(F)cc3)cc2Cl)cc1)c1ccccc1,9.346787,9.304356,0.04243183
CCCCCCCCCCCOc1cccc(CCC(=O)NCCCOP(=O)(O)OC[C@H](NC(C)=O)C(=O)O)c1,6.0,4.4912605,1.5087395
O=C1Nc2cc(OC(F)(F)F)ccc2S(=O)c2ccc(-c3ccnc(N4CCOCC4)c3)cc21,7.0,6.6053605,0.3946395
NC(=O)c1cccc(-c2cc(Nc3ccc(OC(F)(F)F)cc3)ncn2)c1,6.39794,5.4448047,0.9531355
Cc1ccc(C(=O)Nc2cc(-c3ccnn3C)cc(C(F)(F)F)c2)cc1Nc1cc(-c2cccnc2)ccn1,6.4089355,6.430464,-0.021528244
Cc1c(-c2ccc(N3CCCCC3)cc2)[nH]c2cc(F)cc(F)c2c1=O,5.275724,4.732416,0.5433078
CNS(=O)(=O)c1ccc(-c2ncnc(Nc3ccc(OC(F)(F)F)cc3)c2C)cc1,4.30103,4.339763,-0.038733006
COc1ccccc1C#Cc1nn(C(C)C)c2ncnc(N)c12,5.0,5.2003655,-0.20036554
CCCCn1ncc2c(Nc3ccc(OC(F)(F)F)cc3)ncnc21,4.653843,4.512966,0.14087677
O=C1Nc2ccccc2C1=Cc1c[nH]nc1-c1ccccc1[N+](=O)[O-],4.67921,5.145538,-0.46632767
O=C(c1ccc(-c2cccnc2)cc1)N1CCN(C(=O)c2cccc(F)c2)CC1,5.0,4.6090236,0.39097643
CN(C)CCOc1cc(-c2ccccc2O)nnc1N,6.0,6.009989,-0.009988785
CCCc1c(OCCCSc2ccc(CC(=O)O)cc2Cl)ccc2c(C(F)(F)F)noc12,6.5086384,4.821624,1.6870146
Cc1ccnc(NS(=O)(=O)c2ccc(Nc3nccc(Nc4ccc5c(C)n(C)nc5c4)n3)cc2)n1,6.0,5.561554,0.43844604
CNCCOc1ccc(C(=O)NCc2cccc(C(=O)N[C@@H](CC(C)(C)C)C(=O)Nc3ccc(CCC(=O)O)cc3)c2)cc1,6.0,4.639936,1.360064
Cc1oc(-c2ccccc2)nc1CCOc1cccc(-c2nn(-c3ccccc3)nc2CC(=O)O)c1,4.823909,4.895386,-0.07147741
C=CCN(C)C/C=C/COc1cc2c(cc1F)c(-c1ccc(Br)cc1)nn2C,5.30103,4.287462,1.0135679
C[C@@H](Oc1c[nH]c(=O)c(C(=O)Nc2ccc(N3CCN(C)CC3)cc2)c1)c1c(Cl)ccc(F)c1Cl,6.400117,6.185678,0.21443892
CCc1ccc(C(=O)Nc2cc(CN3CCN(C)CC3)cc(C(F)(F)F)c2)cc1C#Cc1cncnc1,8.522879,8.849854,-0.32697582
CN1C[C@@H]2C[C@H]1CN2c1cc(F)c(-c2ccnc3c(-c4cccc5[nH]ncc45)c(-c4ccncc4)nn23)c(F)c1,4.823909,4.199976,0.62393284
C=CCN(C)CCCCCCOc1ccc2c(-c3ccc(Br)cc3)nn(C)c2c1,6.6556077,6.90699,-0.25138235
Nc1ncnc2c1c(-c1cccc(O)c1)cn2C1CCNC1,6.0,7.534073,-1.5340729
CN(C)c1ccc(C(=O)NCCNC(=O)c2ccc(-c3ccc4c(N)n[nH]c4c3)cc2)cc1,6.69897,5.063895,1.6350746
N#Cc1c(N)nc(SCC(=O)c2ccccc2)c(C#N)c1-c1ccsc1,6.275724,5.6130285,0.6626954
COCCCNC(=O)c1ccc(-c2ncnc(Nc3ccc(OC(F)(F)F)cc3)c2C)cc1,4.2967086,4.0947447,0.2019639
O=C(COc1cc(O)c2c(=O)cc(-c3ccccc3)oc2c1)Nc1ccc(Br)cc1,6.0,4.681926,1.3180742
Cc1c(-c2ccc(-c3ccc(OC(F)(F)F)cc3)nc2)[nH]c2ccccc2c1=O,6.5833597,5.687216,0.8961439
CSCC[C@H](NC(=O)c1ccc(N)cc1)C(=O)Nc1nc(-c2ccccc2)cs1,7.2596374,5.751062,1.5085754
O=C(NN=Cc1cc(C(=O)O)c(Nc2ccc(I)cc2F)c(F)c1F)c1ccc(CO)o1,6.1079054,5.324621,0.7832842
Cc1c(F)cc2[nH]ncc2c1-c1ccc2nc(N)c(C(=O)[C@@H]3C[C@@H]3F)n2c1,4.60206,5.1740103,-0.57195044
O=C(Nc1cccc(Nc2nccc(-c3cccnc3)n2)c1)c1cccs1,4.30103,4.024514,0.27651596
CCn1ncc2c(Nc3ccc(OC(F)(F)F)cc3)ncnc21,5.8664613,5.4746227,0.39183855
COc1ccc(OC)c2c1sc1nnc(N)n12,9.481486,8.822333,0.659153
COc1cccc(-c2cn(-c3ccc(CCN(C)CCO)cc3)c3ncnc(N)c23)c1,8.30103,5.6452103,2.65582
Cc1ccc(C(c2c[nH]c3ccc(C(=O)NNS(=O)(=O)c4cc(Cl)c(Cl)cc4Cl)cc23)c2c[nH]c3ccc(C(=O)NNS(=O)(=O)c4cc(Cl)c(Cl)cc4Cl)cc23)cc1,9.191789,8.01402,1.1777687
O=C(Nc1cccc(Nc2nccc(-c3cccnc3)n2)c1)c1ccccc1S,7.1487417,6.2382092,0.9105325
CCn1c(CCCc2cccc(-c3ccc(NS(=O)(=O)c4ccccc4)cn3)c2)nn(Cc2ccc(C(C)(C)C)cc2)c1=O,4.0,4.5436587,-0.54365873
Cc1nc2c(=O)n(C)c(=O)nc-2n(C)n1,3.3149753,2.9406443,0.374331
Cc1ccc(NC(=O)c2ccc(CN3CCN(C)CC3)cc2)cc1Nc1nccc(-c2cncc(-c3sncc3C)c2)n1,6.4089355,6.5596085,-0.15067291
CC(C)n1nc(-c2cc3c(Cl)cccc3[nH]2)c2c(N)ncnc21,6.194499,4.8223157,1.3721833
Cc1ccc(C(=O)NCc2ccc(Cl)cn2)cc1Nc1nccc(-c2cccnc2)n1,3.8239088,3.8403087,-0.01639986
Cc1ccc(OC(C)(Cc2ccc(OCCc3nc(-c4cccc(-c5ccccc5)c4)oc3C)cc2)C(=O)O)cc1,8.744727,8.941398,-0.19667053
C=CCN(C)CCCCCCOc1ccc2c(-c3ccc(Br)cc3)nsc2c1,5.0,5.217965,-0.21796513
CCn1cc(-c2ccc3c(c2)CCN3C(=O)Cc2cccc(OC(F)(F)F)c2)c2c(N)ncnc21,5.6382723,5.1590643,0.479208
FC(F)(F)Cn1ncc2c(Nc3ccc(OC(F)(F)F)cc3)ncnc21,7.49485,6.373039,1.1218114
OC[C@H]1O[C@@H]2O[C@H]3[C@H](O)[C@@H](O)[C@@H](O[C@H]4[C@H](O)[C@@H](O)[C@@H](O[C@H]5[C@H](O)[C@@H](O)[C@@H](O[C@H]6[C@H](O)[C@@H](O)[C@@H](O[C@H]7[C@H](O)[C@@H](O)[C@@H](O[C@H]8[C@H](O)[C@@H](O)[C@@H](O[C@H]1[C@H](O)[C@H]2O)O[C@@H]8CO)O[C@@H]7CO)O[C@@H]6CO)O[C@@H]5CO)O[C@@H]4CO)O[C@@H]3CO,7.2596374,7.5535746,-0.2939372
CO[C@@H](Cc1ccc(OCCCOc2ccc(C(=O)c3ccccc3)cc2)c(Cl)c1)C(=O)O,4.30103,3.966561,0.33446908
CCCc1c(OCCCN(C)c2ccc(CC(=O)O)cc2)ccc2c(C(F)(F)F)noc12,5.0,4.8315277,0.16847229
O=c1[nH]c(NCc2ccncc2)nc2sc3c(c12)CCCC3,4.30103,5.1500645,-0.8490343
CCNC(=O)c1c(OC)cc(-n2cnc3cc(-c4cnn(C5CCOCC5)c4)ccc32)cc1OC,8.327902,6.8998804,1.4280214
Cc1ccc(NC(=O)COc2cc(O)c3c(=O)cc(-c4ccccc4)oc3c2)cc1,5.207608,5.2776203,-0.07001209
O=c1cc(-c2ccc(Cc3ccc(OC(F)(F)F)cc3)cc2)n(O)c2ccccc12,8.507939,7.3793163,1.128623
Cc1cc(OCc2cc(-c3ccc(Cl)cc3)on2)cc2scc(CC(=O)O)c12,6.481486,5.3734694,1.1080165
Cc1cc(SCc2ccc(OCc3ccc(C(F)(F)F)cc3)cc2)c2c(c1OCC(=O)O)CCC2,7.7931743,6.177217,1.6159573
[2H]C([2H])([2H])N1CCN(Cc2ccc(C(=O)Nc3ccc(C)c(Nc4nccc(-c5cccnc5)n4)c3)cc2)CC1,6.0,6.096528,-0.09652805
Nc1n[nH]c2cccc(C#Cc3cccc(NC(=O)c4cccc(C(F)(F)F)c4)c3)c12,6.630784,8.258222,-1.6274376
Cc1cc(CNC(=O)c2ccc(C(F)(F)F)cc2F)cc(Oc2ccc(OC(C)(C)C(=O)O)c(C)c2)c1,6.0,5.7004385,0.2995615
CC(C)n1nc(-c2ccc3cc(OCc4ccccc4)ccc3c2)c2c(N)ncnc21,6.0457573,6.1298237,-0.08406639
CC(=O)NC1=NN(c2ccc(Cl)c(Cl)c2)CC1,9.431798,8.71331,0.71848774
CN(C)CCc1ccc(NC(=O)[C@H](CC(C)(C)C)NC(=O)c2cccc(CNC(=O)c3ccccc3)c2)cc1,6.0,5.275134,0.7248659
O=S(=O)(c1ccc(-c2ccccc2)cc1)N1CCN(c2nc(N3CCOCC3)ncc2Br)CC1,9.1549015,7.472105,1.6827965
Cc1oc(-c2ccccc2)nc1CCOc1cccc(C[C@H]2CN(c3ccccc3)C[C@H]2C(=O)O)c1,6.0,5.0189524,0.98104763
Cc1cc(NS(=O)(=O)c2ccc(Nc3nccc(N(C)c4ccc5c(C)n(C)nc5c4)n3)cc2)no1,3.8894103,3.729417,0.15999317
CCc1ccc(C(F)(F)F)cc1-c1[nH]c(-c2ccnc(N)n2)cc1C(N)=O,4.90309,3.8378954,1.0651946
Cc1nnc(-c2cncc(-c3ccnc(Nc4cc(NC(=O)c5ccc(CN6CCN(C)CC6)cc5)ccc4C)n3)c2)o1,4.0,3.2391372,0.7608628
Cn1ncnc2c(=O)n(C)c(=O)nc1-2,3.0579424,3.777401,-0.7194586
CCn1c(CCCc2cccc(-c3ccc(CC(=O)O)cc3)c2)nn(Cc2ccc(C(C)(C)C)cc2)c1=O,10.522879,8.597186,1.9256926
COc1cc(-n2cnc3cc(-c4cnn(C)c4)ccc32)cc(OC(F)F)c1C(=O)NC1CC1,4.30103,4.1241574,0.17687273
Cc1ccc(NC(=O)c2ccc(Cn3ccnc3)cc2)cc1-n1cc(-c2cccnc2)cn1,4.6832123,3.925104,0.7581084
Cc1oc(-c2ccccc2)nc1CC#Cc1ccc(C[C@@H](C(=O)O)n2cccc2)cc1,6.8041005,6.458445,0.34565544
OCc1cc2c(Nc3ccc(OC(F)(F)F)cc3)ncnc2s1,5.0,5.134739,-0.13473892
OC[C@H]1[NH2+]C[C@@H](O)[C@@H]1O,6.5100417,4.133116,2.376926
CCc1ccc(C(=O)Nc2cc(CN3CCN(C)CC3)cc(C(F)(F)F)c2)cc1C#Cc1cnc2ccnn2c1,4.4973955,4.226001,0.27139473
Cc1ccc(Oc2ccc(OC(C)(C)C(=O)O)c(C)c2)cc1CNC(=O)c1ccc(C(F)(F)F)cc1F,5.6556077,4.4012914,1.2543163
C=CCN(C)CCCCCCOc1ccc2c(C)nn(C)c2c1,5.30103,4.2895374,1.0114927
CCO[C@@H](Cc1ccc(OCCc2nc(-c3ccccc3)oc2C)c2sccc12)C(=O)O,5.0,5.5288935,-0.5288935
CSCC[C@H](NC(=O)c1ccn(S(=O)(=O)C(C)C)c1)C(=O)Nc1nc(-c2ccccc2)cs1,4.730814,3.740788,0.990026
Cc1cn(-c2cc(NC(=O)c3ccc(C)c(Nc4nccc(-c5ccccc5)n4)c3)cc(C(F)(F)F)c2)cn1,4.6777806,4.2071123,0.47066832
CCCOC(=O)N(CC(=O)O)Cc1cccc(OCc2nc(-c3ccc(Cl)cc3)oc2C)c1,4.549751,4.210353,0.3393979
CC(C)Cc1cc(Oc2ccccc2)ccc1OCCCOc1ccc(-c2sc(=O)[nH]c2O)cc1,4.853872,4.2071123,0.6467595
FC(F)(F)Oc1ccc(Nc2ncnc3nn(CC4CCOC4)cc23)cc1,5.0,5.9215946,-0.9215946
COc1ccc(-c2nn(C3CCC3)c3ncnc(N)c23)cc1OC,4.5867004,4.4973545,0.08934593
COc1ccc(CC(CO)n2cc(-c3cccc(O)c3)c3c(N)ncnc32)cc1,5.3815336,5.0344667,0.34706688
CN[C@@H](C)C(=O)N(C)[C@H](C(=O)N1CCC[C@H]1c1nc(C(=O)c2cccc(OCCOCCOCCNC(=O)C3CCN(c4ncc(C(=O)Nc5ccc(OC(F)(F)Cl)cc5)cc4-c4ccn[nH]4)C3)c2)cs1)C1CCCCC1,7.180456,6.3037567,0.87669945
Cc1cn(-c2cc(NC(=O)c3ccc(C)c(Nc4cccc(-c5cccnc5)c4)c3)cc(C(F)(F)F)c2)cn1,5.0,5.215055,-0.21505499
CC(C)(C)c1cc(NC(=O)Nc2ccc(Oc3ccc4ncccc4c3)cc2)n(-c2ccc3ncccc3c2)n1,3.5331323,3.6361618,-0.10302949
CCc1ccc(C(=O)Nc2cc(CN3CCN(C)CC3)cc(C(F)(F)F)c2)cc1C#Cc1cncn1C,6.0,5.193017,0.806983
CCn1c(CCCc2cccc(-c3cccc(CC(=O)O)c3)c2)nn(Cc2ccc(C(C)(C)C)cc2)c1=O,8.568636,7.9504924,0.61814356
NCCCn1ccc2c(-c3ccnc(Nc4cccc(OC(F)(F)C(F)F)c4)n3)cccc21,3.6716204,4.1742754,-0.502655
Cc1ncsc1-c1ccc([C@H](C)NC(=O)[C@@H]2C[C@@H](O)CN2C(=O)[C@@H](c2cc(CN3CCC(c4ccc5c(c4)C(C)(C)c4nc(=O)c6c(Cl)cccc6n4-5)CC3)no2)C(C)C)cc1,5.6382723,4.5353994,1.1028728
COc1ccc(C(=O)Nc2ccc(OCCN3CCCC3)cc2)cc1Nc1nccc(-c2cccnc2)n1,4.30103,4.8266764,-0.5256462
Cc1oc(-c2ccc(Cl)cc2)nc1COc1cccc(CN(CC(=O)O)C(=O)OCC2CC2)c1,4.1199985,4.2209644,-0.10096598
Cc1cnc(Nc2cnn(C)c2)nc1-c1cnn([C@H](CC#N)C2CCCC2)c1,5.2596374,4.7176414,0.541996
CCOC(Cc1ccc2c(c1)cc(C)n2Cc1nc(-c2ccc(C(F)(F)F)cc2)oc1C)C(=O)O,5.0,4.860521,0.13947916
CCO[C@H](Cc1ccc2c(c1)cc(C)n2Cc1nc(-c2ccc(C(F)(F)F)cc2)oc1C)C(=O)O,6.0,5.620376,0.3796239
CC(C)n1nc(-c2cc3ccccc3[nH]2)c2c(N)ncnc21,7.6575775,8.821193,-1.1636152
CN[C@@H](C)C(=O)N[C@H](C(=O)N1CCC[C@H]1c1nc(C(=O)c2cccc(OCCOCCOCCNC(=O)C3CCN(c4ncc(C(=O)Nc5ccc(OC(F)(F)Cl)cc5)cc4-c4ccn[nH]4)C3)c2)cs1)C1CCCCC1,6.0,5.327957,0.67204285
CNCCOc1ccc(C(=O)NCc2ccc(F)c(C(=O)N[C@@H](CC(C)(C)C)C(=O)Nc3ccc(CCC(=O)O)cc3)c2)cc1,5.958607,5.1388974,0.8197098
CCCCCCCCCCCOc1cccc(CCC(=O)NC[C@@H](O)COP(=O)(O)OC[C@@H](NC(C)=O)C(=O)O)c1,4.5970855,3.8469105,0.750175
Cc1c2ccc(N(C)c3ccnc(Nc4ccc(S(=O)(=O)NC(=N)N)cc4)n3)cc2nn1C,5.417937,5.2399445,0.17799234
Cc1cc(C)nc(NS(=O)(=O)c2ccc(Nc3nccc(Nc4ccc5c(C)n(C)nc5c4)n3)cc2)n1,7.3936186,7.040991,0.35262775
CCN1CCC(n2nc(Cc3cccc4ccccc34)c3c(N)ncnc32)CC1,8.0,7.8223743,0.17762566
CCCc1cc(Oc2ccccc2)ccc1OCCCOc1ccc2c(c1)OC(CC)(C(=O)O)CC2,6.8929935,5.83535,1.0576434
COc1cccc(-c2cn(C3CCN(CCN(C)CCO)CC3)c3ncnc(N)c23)c1,6.853872,5.5376835,1.3161883
COc1ccc(N2C(=O)[C@@H](Cc3cccc(OCCc4nc(-c5ccccc5)oc4C)c3)[C@H]2C(=O)O)cc1,4.134038,3.6460545,0.48798347
COC(Cc1ccc2c(ccn2Cc2nc(-c3ccccc3)oc2C)c1)C(=O)O,8.987163,9.210655,-0.22349262
CCOC(Cc1ccc2c(ccn2Cc2nc(-c3ccccc3)oc2C)c1)C(=O)O,8.022276,8.546728,-0.5244522
COc1cc(-c2nn(CCN3CCC(N(C)C)CC3)c3ncnc(N)c23)ccc1CC(=O)OC(C)(C)C,4.39794,4.094418,0.3035221
CC(C)(C)OC(=O)N1CCN(C(=O)/C=C\C(=O)Nc2cccc(C(N)=O)c2)CC1,5.0,4.300934,0.69906616
CCC1(C(=O)O)CCc2ccc(OCCCOc3ccc(Oc4ccccc4)cc3F)cc2O1,4.60206,3.8814287,0.7206311
FC(F)C(F)(F)Oc1cccc(Nc2nccc(-c3c[nH]c4ccccc34)n2)c1,7.3925447,7.3398433,0.052701473
COc1cccc(NC(=O)N2CCOc3ccc(-c4ccnc(C)c4)cc3C2)c1,6.0,5.0378437,0.9621563
CC(C)(C)c1cc(NC(=O)Nc2ccc(Nc3ncnc4ccc(NC(=O)CCN5CCOCC5)cc34)cc2)n(-c2cccc(N)c2)n1,6.646084,5.2451096,1.4009743
O=C(NCc1nc(-c2ccccc2)c[nH]1)Nc1ncc(-c2ccccc2)s1,6.2898827,5.4157705,0.8741121
Cc1ccc(C(=O)NCCNC(=O)c2ccc(-c3ccc4c(N)n[nH]c4c3)cc2)cc1,4.6197886,4.865737,-0.24594831
Cc1cc(Oc2ccc(F)c(CNC(=O)c3ccc(C(F)(F)F)cc3F)c2)ccc1OC(C)(C)C(=O)O,5.4584208,5.267311,0.19110966
COC(=O)NC(C(=O)N1CCN(c2nc(Cl)ncc2Br)CC1)C(C)C,8.0,7.8343067,0.16569328
CC(C)n1nc(C#Cc2cccc(N)c2)c2c(N)ncnc21,5.2596374,4.6231384,0.6364989
O=C(Nc1ccc(OC(F)(F)F)cc1)c1cnc(OCCO)c(-c2ccn[nH]2)c1,4.0150228,3.4675763,0.5474465
C[C@]1(C(=O)O)CCc2ccc(OCCCOc3ccc(OCC4CCC4)cc3Cl)cc2O1,4.60206,4.174818,0.4272418
Nc1ncnc2c1c(-c1ccccc1)cn2C1CC(O)C1,4.0,4.5208187,-0.5208187
CC(C)(C)C[C@@H]1NC(=O)c2cccc(c2)CNC(=O)c2ccc(cc2)OCCNC(=O)CC(C)(C)CC(=O)N[C@H](C(=O)O)Cc2ccc(cc2)NC1=O,4.5228786,5.0937376,-0.57085896
CCCc1cc2c(oc(=O)n2C)c(CCC)c1O[C@H](C(=O)O)c1ccc(C(C)C)cc1,6.6575775,4.157159,2.5004187
COc1cccc(NC(=O)N2CCOc3ccc(-c4ccncc4C)cc3C2)c1,7.3279023,8.559808,-1.2319055
CCOC(Cc1ccc2c(ccn2Cc2nc(-c3cccc(Cl)c3)oc2C)c1)C(=O)O,6.0,5.037844,0.9621558
FC(F)(F)Oc1ccc(Nc2ncnc3c2cnn3-c2cc(C(F)(F)F)ccn2)cc1,5.3053946,4.931176,0.37421846
O=C1Nc2cc(OC(F)(F)F)ccc2Oc2ccc(-c3cccc(N4CC[C@H](O)C4)n3)cc21,8.29243,8.2310705,0.061359406
CC(=O)NC1=NN(c2ccc(Cl)c(Cl)c2)[C@@H](C)C1,3.8239088,3.8993592,-0.07545042
Cc1ccc(NC(=O)c2ccc(CN3CCN(C)CC3)cc2)cc1Nc1nccc(-c2cncc(N3CCCC3)c2)n1,4.4775558,3.4954996,0.98205614
O=C(NC1=NN(c2ccc(Cl)c(Cl)c2)CC1)c1c(F)cccc1F,9.886057,9.200107,0.6859503
O=C1CCCC(C(=O)NC2=NN(c3ccc(Cl)c(Cl)c3)CC2)N1,4.444736,4.8115883,-0.36685228
Cc1ccc(NC(=O)c2ccc(CN3CCN(C)CC3)cc2)cc1Nc1nccc(-c2cncc(C3=NN=C(C(=O)N4CCCC4)C3)c2)n1,5.2596374,4.138754,1.1208835
Cc1ccc(NC(=O)c2ccccc2)cc1Nc1nccc(-c2cccnc2)n1,5.0,5.410447,-0.41044712
NCCCCNC(=O)c1cccc(Nc2nccc(-c3cccnc3)n2)c1,4.1129456,3.903935,0.2090106
FC(F)(F)Oc1ccc(Nc2cc(-c3cnn(Cc4cccnc4)c3)ncn2)cc1,5.869666,5.043062,0.8266039
COc1ccccc1NC(=S)NNC(=O)c1ccc(-c2nnc(-c3ccccc3Cl)o2)cc1,4.7644715,4.8741593,-0.109687805
COc1ccc(NC(=S)NNC(=O)c2ccc(-c3nnc(-c4ccccc4Cl)o3)cc2)cc1,6.026872,4.946435,1.0804372
COc1ccc(-c2cn(-c3ccccc3)c3ncnc(N)c23)cc1,3.30103,4.675163,-1.3741329
COc1cccc(NC(=S)NNC(=O)c2ccc(-c3nnc(-c4ccccc4Cl)o3)cc2)c1,6.3467875,5.3113904,1.035397
NCCCNC(=O)c1cccc(Nc2nccc(-c3cccnc3)n2)c1,4.0,4.349974,-0.34997416
CCS(=O)(=O)n1ncc2c(Nc3ccc(OC(F)(F)F)cc3)ncnc21,6.013676,5.323,0.6906762
Cc1cccc(NC(=S)NNC(=O)c2ccc(-c3nnc(-c4ccccc4Cl)o3)cc2)c1,7.8860564,8.179072,-0.29301596
CC[C@]1(C(=O)O)CCc2ccc(OCCCOc3ccc(Cl)cc3Cl)cc2O1,4.5086384,3.9266026,0.5820358
CCCc1c(OCCCn2ccc3cc(CC(=O)O)ccc32)ccc2c(C(F)(F)F)noc12,4.8504424,4.4114003,0.4390421
Cc1ccc(NC(=S)NNC(=O)c2ccc(-c3nnc(-c4ccccc4Cl)o3)cc2)cc1,6.2441254,6.496843,-0.2527175
O=C(NNC(=S)Nc1cccc(F)c1)c1ccc(-c2nnc(-c3ccccc3Cl)o2)cc1,7.365523,6.8782034,0.48731947
O=C(NNC(=S)Nc1ccccc1Br)c1ccc(-c2nnc(-c3ccccc3Cl)o2)cc1,9.327902,9.21757,0.110331535
O=C(NNC(=S)Nc1ccccc1F)c1ccc(-c2nnc(-c3ccccc3Cl)o2)cc1,8.408936,8.898953,-0.4900179
O=C(NNC(=S)Nc1ccc([N+](=O)[O-])cc1)c1ccc(-c2nnc(-c3ccccc3Cl)o2)cc1,9.318759,9.277181,0.041578293
FC(F)(F)Oc1ccc(Nc2ncnc3c2cnn3Cc2ccccc2)cc1,6.087247,6.601446,-0.51419926
FC(F)(F)Oc1ccc(Nc2ncnc3c2cnn3C2CCCCC2)cc1,6.309804,4.5991535,1.7106504
O=C(NNC(=S)Nc1ccc(F)cc1)c1ccc(-c2nnc(-c3ccccc3Cl)o2)cc1,6.0,5.447541,0.55245876
O=C(NNC(=S)Nc1cccc([N+](=O)[O-])c1)c1ccc(-c2nnc(-c3ccccc3Cl)o2)cc1,5.0,5.6716433,-0.67164326
O=C(NNC(=S)Nc1ccc(Br)cc1)c1ccc(-c2nnc(-c3ccccc3Cl)o2)cc1,4.9100947,3.5995505,1.3105443
O=C(NNC(=S)Nc1ccc(Cl)c(Cl)c1)c1ccc(-c2nnc(-c3ccccc3Cl)o2)cc1,4.8961964,5.2978783,-0.4016819
O=C(NNC(=S)Nc1ccc(Cl)cc1)c1ccc(-c2nnc(-c3ccccc3Cl)o2)cc1,5.197226,5.9695253,-0.7722993
CC(C)n1nc(-c2ccc3cc(OC(=O)c4cccc(Cl)c4)ccc3c2)c2c(N)ncnc21,7.6777806,6.2135563,1.4642243
Cc1coc(NC(=O)C2=NN=C(c3cncc(-c4ccnc(Nc5cc(NC(=O)c6ccc(CN7CCN(C)CC7)cc6)ccc5C)n4)c3)C2)n1,4.761954,3.6933274,1.0686264
Cc1coc(-c2cncc(-c3ccnc(Nc4cc(NC(=O)c5ccc(CN6CCN(C)CC6)cc5)ccc4C)n3)c2)n1,6.387216,5.190943,1.1962733
CN(C(=O)Oc1ccc(Cl)cc1)C1CCC(c2ccc(CN3CCCCC3)cc2)CC1,5.1191864,4.814704,0.30448246
O=C(c1cc2c(Nc3ccc(OC(F)(F)F)cc3)ncnc2s1)N1CCNCC1,5.0,4.194678,0.8053222
COc1cc(-c2nn(CCN3CCC(N4CCCC4)CC3)c3ncnc(N)c23)ccc1NC(=O)OC(C)(C)C,6.0,5.4319015,0.56809855
Cc1oc(-c2ccc(Cl)cc2)nc1COc1cccc(CN(CC(=O)O)C(=O)OC2CCCC2)c1,6.0,5.398526,0.6014738
CC1(C)OCC(=O)Nc2cc(Nc3nc(NCC(F)(F)F)c4occc4n3)ccc21,5.221849,4.9852457,0.23660326
Nc1ncnc2n[nH]c(Nc3cccc(Cl)c3)c12,9.275724,9.00991,0.26581478
CC(=O)N1CCN(C2CCc3cc(C(=O)Nc4ccc(C)c(Nc5nccc(-c6cccnc6)n5)c4)ccc32)CC1,5.1739254,5.08974,0.0841856
CCCc1cc(C(=O)c2ccc(F)cc2)ccc1OCCCOc1cccc2c1ccn2CC(=O)O,8.886057,7.941229,0.94482803
CCc1ccc(C(=O)Nc2cc(CN3CCN(C)CC3)cc(C(F)(F)F)c2)cc1C#Cc1ccc2ccnn2c1,5.102373,5.4901104,-0.38773727
CCOC(Cc1ccc2c(ccn2Cc2nc(-c3cc(Cl)cc(Cl)c3)oc2C)c1)C(=O)O,6.221849,6.5274363,-0.3055873
Cc1ccc(NC(=O)[C@H](CC(C)(C)C)NC(=O)c2cccc(CNC(=O)c3ccc(OCCN(C)C)cc3)c2)cc1,7.376751,7.8191442,-0.4423933
COc1cccc(-c2cn(C3CC(CNCCO)C3)c3ncnc(N)c23)c1,5.6757174,5.450454,0.22526312
Cc1c(Nc2ccc(OC(F)(F)F)cc2)ncnc1-c1ccc(C(=O)NCCO)cc1,6.4436975,5.846284,0.59741354
O=C(c1ccc(Br)cc1)N1CCN(C(=O)c2ccc(-c3nccs3)cc2)CC1,8.317256,8.182794,0.13446236
Cc1cccc(F)c1-c1cc2sc(NC(=O)[C@@H]3C[C@@H]3F)nc2cn1,5.6575775,4.7384768,0.91910076
Cc1oc(-c2ccc(-c3ccccc3)cc2)nc1CCOc1ccc(C[C@H](OCC(F)(F)F)C(=O)O)c2ccccc12,4.277366,4.5637074,-0.2863412
Cc1ccc(Cl)cc1-c1[nH]c(-c2ccnc(N)n2)cc1C(N)=O,5.124939,4.9546976,0.17024136
COC(Cc1ccc(OCCc2nc(-c3ccccc3C)oc2C)c2ccccc12)C(=O)O,5.552842,4.9817686,0.57107353
CCCCCCCN(CCc1ccc(O[C@@](C)(CC)C(=O)O)cc1)C(=O)Nc1ccc(F)cc1F,6.551294,6.640652,-0.08935833
CCc1ccc(C(=O)Nc2cc(CN3CCN(C)CC3)cc(C(F)(F)F)c2)cc1-c1cccc(-c2cnc3cnccn23)c1,5.3665314,4.7507296,0.6158018
c1n[nH]cc1-c1cnc2ncc(-c3cn[nH]c3)n2c1,6.559091,7.2999277,-0.7408366
O=S(=O)(c1ccc2ccccc2c1)N1CCN(c2nc(N3CCOCC3)ncc2Br)CC1,4.4449058,4.988976,-0.54407024
Cc1c(-c2ccc(N3CCCCC3)cc2)[nH]c2ccccc2c1=O,5.2596374,5.379337,-0.11969948
CCNC(=O)c1c(OC)cc(-n2cnc3cc(-c4cnn(CC#N)c4)ccc32)cc1OC,6.0,5.367574,0.6324258
NC(=O)c1cccc(NC(=O)/C=C\C(=O)N2CCC(Cc3ccccc3)CC2)c1,4.6882463,4.3238864,0.36435986
N#Cc1cccc(NC(=O)N2CCOc3ccc(-c4ccnc(N)c4)cc3C2)c1,4.026489,5.1557565,-1.1292677
Cc1oc(-c2ccc(-c3ccccc3)cc2)nc1CCOc1ccc(CCC(=O)O)c(CNC(=O)Oc2cnccn2)c1,4.69897,5.4274664,-0.72849655
Cc1cc(C#Cc2cnc3cnccn23)cc(C(=O)Nc2cc(CN3CCN(C)CC3)cc(C(F)(F)F)c2)c1,5.29243,4.5584407,0.73398924
CCCc1c(OCCCn2ccc3cc(CCC(=O)O)ccc32)ccc2c(C(F)(F)F)noc12,6.400117,6.565259,-0.16514206
CN1CCN(c2ccc3nc(-c4c(N)c5c(F)cccc5[nH]c4=O)[nH]c3c2)CC1,4.621602,4.231167,0.39043522
COc1cc(C(C#Cc2cnc(N)nc2N)OC)cc(OC)c1OC,5.2999887,4.2143755,1.0856133
OCCn1ccc2c(Nc3ccc(OC(F)(F)F)cc3)ncnc21,6.958607,5.8525453,1.1060619
CCNC(=O)c1cc2c(Nc3ccc(OC(F)(F)F)cc3)ncnc2n1C,7.8467016,7.560405,0.28629684
Nc1n[nH]c2cccc(-c3ccc(C(=O)NCCNC(=O)c4cccc(C(F)(F)F)c4)cc3)c12,5.229148,4.309635,0.91951275
Cc1oc(-c2ccccc2)nc1CCOc1ccc(CCC2CN(C(=O)OCC(C)C)CCC2C(=O)O)cc1,6.0,6.2298746,-0.22987461
CC(C)S(=O)(=O)c1ccc(-c2cc(Nc3ccc(OC(F)(F)F)cc3)ncn2)cc1,6.806875,5.460282,1.3465934
CCNC(=O)c1c(OC)cc(-n2cnc3cc(-c4cnn(CC(N)=O)c4)ccc32)cc1OC,5.8632793,5.004307,0.85897255
Cc1cc(C(F)(F)F)ncc1-c1ccc2nc(NC(=O)[C@@H]3C[C@@H]3F)sc2c1,8.642065,8.364081,0.27798367
CC(=O)Nc1ccc(-c2ccc(NCC(=O)Nc3ccc(CN4CCNCC4)c(C(F)(F)F)c3)cc2)cn1,8.036212,5.044288,2.9919238
Cc1c2ccc(Nc3ccnc(Nc4ccc(S(=O)(=O)Nc5ncccn5)cc4)n3)cc2nn1C,9.0,8.476831,0.52316856
CCS(=O)(=O)Nc1ccc(-c2cc(Nc3ccc(OC(F)(F)F)cc3)ncn2)cc1,5.468521,5.564295,-0.0957737
COc1ccc(-c2nc(CCOc3cccc(C[C@@H]4C(=O)N(c5ccc(C(C)(C)C)cc5)[C@@H]4C(=O)O)c3)c(C)o2)cc1,5.0,3.6067348,1.3932652
Cc1cc(SCc2sc(-c3ccc(C(F)(F)F)cc3)nc2C)ccc1OCC(=O)O,7.477887,7.0027914,0.47509575
COc1cc(C(F)(F)F)ccc1C(=O)NCc1cccc(Oc2ccc(OC(C)(C)C(=O)O)c(C)c2)c1,5.7695513,5.3774743,0.39207697
C[C@@H]1CN(c2cccc(-c3csc(N(C)C(=O)CNC(=O)c4ccn(S(C)(=O)=O)c4)n3)n2)C[C@H](C)O1,8.90309,6.03308,2.8700094
Nc1nnc(-c2ccccc2O)cc1C1CCN(S(=O)(=O)c2ccccc2)C1,7.3565474,6.1569986,1.1995487
Cc1cc(Nc2ncc(C)c(N3CCN(CC#N)CC3)n2)sn1,3.4317982,3.5872912,-0.15549302
COCCN1CCN(CCO/N=C2/C(=C3/C(=O)Nc4cc(Br)ccc43)Nc3ccccc32)CC1,5.0,4.822646,0.17735386
CCCc1cc(C(=O)c2ccc(F)cc2)ccc1OCCCOc1ccc2c(ccn2CC(=O)O)c1,5.0,5.7577934,-0.7577934
CO[C@@H](Cc1ccc(OCCCOc2ccc(C(=O)c3ccccc3)cc2)cc1)C(=O)O,8.853872,9.039459,-0.18558693
C/C(=N\NC(=O)COc1ccnc2ccccc12)c1ccc(C2C(=O)c3ccccc3C2=O)cc1,5.6575775,4.7067065,0.950871
Cc1ccc(NC(=O)c2ccc(CN3CCN(C)CC3)cc2)cc1Nc1nccc(-c2cncc(-c3nnco3)c2)n1,8.045757,6.066529,1.9792285
CCn1cc(-c2ccc3c(c2)ncn3-c2cc(OC)c(C(=O)O)c(OC)c2)cn1,5.5176983,5.41965,0.09804821
COc1ccccc1/C=C/c1nc2ccccc2c(=O)[nH]1,5.3792396,5.491225,-0.11198521
COc1cc(-c2nn(CCN3CCC(N(C)C)CC3)c3ncnc(N)c23)ccc1NC(=O)OC(C)(C)C,6.0,5.843847,0.1561532
COc1c(NC(=O)Nc2ccc(-c3ccc(CN4CCOCC4)nc3)c3ccccc23)cc(C(C)(C)C)cc1NS(C)(=O)=O,5.2676063,4.28216,0.98544645
CCCc1cc(C(=O)CC)cc(CCC)c1OC(C)(C)C(=O)O,7.09691,5.8458033,1.2511067
CCCC(Sc1nc2ccc(OCC)cc2s1)C(=O)NS(C)(=O)=O,5.0,6.768115,-1.768115
Cc1oc(-c2ccccc2)nc1CCOc1ccc(CC[C@@H]2CN(C(=O)Oc3ccccc3)C[C@@H]2C(=O)O)cc1,7.19382,6.5324426,0.66137743
CNC(=O)c1cc(-c2ccnc(N)n2)[nH]c1-c1cc(Cl)ccc1C,7.070581,6.4986677,0.57191324
Cc1ncn(-c2cc(NC(=O)c3ccc(C)c(Nc4nc(-c5cccnc5)cs4)c3)cc(C(F)(F)F)c2)n1,4.30103,4.0349946,0.26603556
NC(=O)c1cc(-c2ccnc(N)n2)[nH]c1-c1cc(C(F)(F)F)ccc1Cl,4.161151,4.876216,-0.715065
Cc1oc(-c2ccc(Cl)cc2)nc1CCOc1cccc(C[C@@H]2C(=O)N(c3ccc(C(C)(C)C)cc3)[C@@H]2C(=O)O)c1,6.0,5.231224,0.76877594
Cc1nc(-c2ccc(C(F)(F)F)cc2)sc1COc1ccc2c(CC(=O)O)csc2c1,6.2596374,7.5371346,-1.2774973
Cc1ccc(C(=O)Nc2ccc(Br)cc2)cc1Nc1nccc(-c2cccnc2)n1,5.54106,4.9440784,0.5969815
O=C(O)Cn1ccc2cc(OCCCOc3ccc4cc(C(=O)c5ccccc5)ccc4c3)ccc21,6.334419,6.246112,0.088306904
Cc1ccc(OC(=O)N(CC(=O)O)Cc2cccc(OCc3oc(-c4ccc(Cl)cc4)nc3C)c2)cc1,4.30103,3.9176986,0.38333154
CC(=O)Nc1ccc(-c2cccc(C(=O)N[C@H]3CN[C@@H](C(=O)Nc4ccc(Cl)c(C(F)(F)F)c4)C3)c2)cn1,9.259637,9.155104,0.104533195
NC(=O)CCn1ccc2c(Nc3ccc(OC(F)(F)F)cc3)ncnc21,8.0,7.935613,0.064386845
NC(=O)c1cccc(NC(=O)CCC(=O)NCCc2cnnn2CCNS(=O)(=O)c2cccc(C(=O)O)c2)c1,5.0,5.00105,-0.0010499954
NC(=O)c1cccc(NC(=O)CCC(=O)NCCc2cn(CCNS(=O)(=O)c3cccc(C(=O)O)c3)nn2)c1,5.2676063,3.6902719,1.5773344
Cc1ccc(C(=O)Nc2cc(-c3cnn(C)c3)cc(C(F)(F)F)c2)cc1Nc1nc(-c2cccnc2)cs1,3.8239088,3.5767164,0.24719238
Cc1c(C(=O)c2ccc(Cl)cc2)c2ccc(OC(F)(F)F)cc2n1Cc1cccc(O[C@@H](C(=O)O)C(C)C)c1,5.844664,5.616678,0.22798586
CC(C)c1ccc(C(=O)Nc2cc(CN3CCN(C)CC3)cc(C(F)(F)F)c2)cc1C#Cc1cnc2cnccn12,9.29243,9.311805,-0.019374847
CCCc1c(OCCCOc2ccc3c(ccn3CC(=O)O)c2)ccc2c(C(F)(F)F)noc12,10.0,8.890079,1.1099215
Cc1ccncc1-c1ccc2nc(NC(=O)[C@@H]3C[C@@H]3F)sc2n1,8.30103,8.556794,-0.255764
Nc1ncnc2c1c(-c1ccc3cc(OCc4cccc(Cl)c4)ccc3c1)nn2CC1CCNCC1,6.823909,8.2307825,-1.4068737
C=CC(=O)N1CCC[C@H]1C(=O)Nc1cc2c(Nc3cccc(Cl)c3F)ncnc2cc1OCCOC,4.0,3.9929674,0.007032633
CNC(=O)c1cc(Oc2ccc(NC(=O)Nc3ccc(Cl)c(C(F)(F)F)c3)c(F)c2)ccn1,5.870001,4.6981993,1.1718016
CC(=O)N1Cc2ncnc(Oc3ccc4c(ccn4C(=O)Nc4cc(C5CC5)on4)c3)c2C[C@@H]1C,6.5044556,6.964602,-0.46014643
Cc1ccc(C(c2c[nH]c3ccc(C(=O)NNS(=O)(=O)c4ccc([N+](=O)[O-])cc4[N+](=O)[O-])cc23)c2c[nH]c3ccc(C(=O)NNS(=O)(=O)c4ccc([N+](=O)[O-])cc4[N+](=O)[O-])cc23)cc1,3.8996294,4.037873,-0.13824344
COCCN(C)CCN1CCC(n2cc(-c3cccc(OC)c3)c3c(N)ncnc32)CC1,7.69897,8.248004,-0.5490341
O=C(/C(=C\c1ccc(F)c([N+](=O)[O-])c1)SCc1ccc(Br)cc1)c1ccc(C(=O)N2CCN(CCO)CC2)cc1,4.9803023,4.1309805,0.84932184
O=C(/C(=C\c1ccc(F)c([N+](=O)[O-])c1)SCc1ccc(F)cc1)c1ccc(C(=O)N2CCN(CCO)CC2)cc1,5.5228786,4.916661,0.60621786
COc1cc2nccc(Oc3ccc(NC(=O)NC4CC4)c(Cl)c3)c2cc1C(N)=O,4.473661,4.883252,-0.4095912
O=S(=O)(c1ccc(-c2cc(Nc3ccc(OC(F)(F)F)cc3)ncn2)cc1)N1CCOCC1,5.218891,3.837019,1.3818722
O=C(Nc1cccc(Nc2nccc(-c3cccnc3)n2)c1)c1ccncc1,4.1084623,4.0342073,0.07425499
CNc1nccc(-c2cccnc2Oc2ccc(NC(=O)c3cccc(C(F)(F)F)c3)cc2C)n1,5.5086384,3.5020103,2.006628
Cc1ccc(C(=O)Nc2cc(-n3ccnc3)cc(C(F)(F)F)c2)cc1Nc1nc(-c2cccnc2)cs1,3.8239088,3.4586473,0.36526155
OCc1ccc2c(Nc3ccc(OC(F)(F)F)cc3)ncnc2c1,7.2596374,7.823823,-0.5641856
COc1cccc(-c2cn(C3CCN(CC(=O)N(C)C)CC3)c3ncnc(N)c23)c1,4.784812,5.3277545,-0.5429425
CCCCS(=O)(=O)Nc1ccc(-c2cc(Nc3ccc(OC(F)(F)F)cc3)ncn2)cc1,8.522879,9.035122,-0.5122433
CC(C)S(=O)(=O)Nc1ccc(-c2cc(Nc3ccc(OC(F)(F)F)cc3)ncn2)cc1,4.026392,4.417965,-0.39157295
CS(=O)(=O)O.Cc1ccc(NC(=O)c2ccc(CN3CCNCC3)cc2)cc1Nc1nccc(-c2cccnc2)n1,5.5686364,6.7106037,-1.1419673
Cc1ccc(NC(=O)c2ccc(CN3CCNCC3)cc2)cc1Nc1nccc(-c2cccnc2)n1,5.2596374,5.3921947,-0.13255739
Cc1oc(-c2ccc(Cl)cc2)nc1COc1cccc(CN(CC(=O)O)C(=O)OC2CCCCC2)c1,5.2596374,5.136015,0.12362242
Cc1oc(-c2ccc(Oc3ccccc3)cc2)nc1CCOc1ccc(CCC(=O)O)c(CNC(=O)OC(C)C)c1,6.318759,5.03782,1.2809391
COc1cccc(-c2nc(CCOc3cccc(C[C@@H]4C(=O)N(c5ccc(C(C)(C)C)cc5)[C@@H]4C(=O)O)c3)c(C)o2)c1,9.283997,9.181271,0.10272598
Cc1ccc(C(=O)NCCNC(=O)c2ccc(-c3cccc4[nH]nc(N)c34)cc2)cc1,4.30103,3.9508522,0.350178
CC(C)n1nc(C#Cc2ccccc2)c2c(N)ncnc21,7.309804,5.818348,1.491456
N#Cc1ccc2c(c1)NC(=O)c1cc(-c3ccnc(N4CCOCC4)c3)ccc1O2,7.537602,6.715826,0.8217759
CCCc1nc2c(=O)n(C)c(=O)nc-2n(C)n1,5.0,4.480404,0.5195961
CCN(CC)c1cccc(NC(=O)Nc2ccc(C)c(Nc3nccc(-c4cccnc4)n3)c2)c1,4.853872,4.5861235,0.26774836
CNCCOc1ccc(C(=O)NCc2cccc(C(=O)N[C@@H](CC(C)(C)C)C(=O)Nc3ccc(CC(NC(=O)CC(C)(C)CC(=O)O)C(=O)OC)cc3)c2)cc1,6.071092,6.083435,-0.01234293
CC[C@@](C)(Cc1ccc(OCCCOc2ccc3c(C(F)(F)F)cc(=O)oc3c2)cc1)C(=O)O,5.5543957,4.789334,0.76506186
Cc1cc(Nc2ncc(C)c(N3CC4CCCC(C3)N4CCC#N)n2)sn1,7.113509,6.7626185,0.35089064
O=c1nc2n(c3cccc(Cl)c13)-c1ccc(C3CCNCC3)cc1C21CCOCC1,4.853872,4.36752,0.48635197
O=C1NC(=O)/C(=C/c2ccc(-c3nc4ccccc4n3Cc3ccc(Cl)cc3)cc2)S1,9.09691,8.922279,0.17463112
O=C1CSC(=O)N1,8.522879,8.92583,-0.40295124
C[C@@H]1CN(C(=O)CCCC(=O)N2C[C@@H](C)c3c2cc(O)c2ccccc32)c2cc(O)c3ccccc3c21,4.69897,4.495205,0.20376492
O=C(Nc1ccc(OC(F)(F)F)cc1)c1cccc(-c2cncnc2)n1,5.0757723,5.458436,-0.38266373
COCc1cccc(NC(=O)c2ccc(C)c(Nc3nccc(-c4cccnc4)n3)c2)c1,8.522879,8.99446,-0.47158146
CC1CN(c2cncnc2)Cc2cc(C(=O)Nc3ccc(CN4CCN(C)CC4)c(C(F)(F)F)c3)ccc21,5.0457573,4.223148,0.8226094
Cc1cccc2c(=O)[nH]c(CSC3CCC(O)CC3)nc12,7.6197886,5.879351,1.7404375
CCn1c(CCCc2cccc(-c3ccc(OC)c(C(=O)O)c3)c2)nn(Cc2ccc(C(C)(C)C)cc2)c1=O,5.129596,3.8070881,1.3225081
O=C1NC(=O)/C(=C\c2ccc(-n3ccc4c(Br)ccnc43)cc2)S1,4.3526173,3.825831,0.5267863
O=C(O)CN1C(=O)S/C(=C/c2ccc(-n3ccc4c(Br)ccnc43)cc2)C1=O,5.920819,4.94518,0.97563887
O=C(Nc1cn2cc(-c3cnccc3C(F)(F)F)ccc2n1)[C@@H]1C[C@@H]1F,2.9991324,3.9762053,-0.97707295
N#Cc1ccncc1-c1ccc2nc(NC(=O)[C@@H]3C[C@@H]3F)cn2c1,6.0,5.1407137,0.8592863
Cc1ccncc1-c1ccc2nc(NC(=O)[C@@H]3C[C@@H]3F)c(C)n2c1,6.90309,5.433407,1.4696832
Cc1ccncc1-c1ccc2nc(NC(=O)[C@@H]3C[C@@H]3F)c(Cl)n2c1,5.4089355,4.9282455,0.48069
O=C1NC(=O)/C(=C\c2ccc(-n3ccc4c(Nc5ccc(F)cc5)ccnc43)cc2)S1,4.5725303,4.5735836,-0.0010533333
O=C(Nc1ccc(OC(F)(F)F)cc1)c1cccc(CN2CCOCC2)c1,5.2125397,4.247138,0.96540165
Cc1cc(N(C)C)ncc1-c1ccc2nc(NC(=O)[C@@H]3C[C@@H]3F)cn2c1,4.8617606,4.59367,0.26809072
CC(C)c1c(F)cccc1-c1ccc2nc(NC(=O)[C@@H]3C[C@@H]3F)cn2c1,4.330683,4.1802845,0.15039873
COc1cc(-c2nn(CCN3CCC(CN(C)C)CC3)c3ncnc(N)c23)ccc1NC(=O)OC(C)(C)C,5.080922,4.166457,0.91446495
O=C(Nc1cn2cc(-c3cccc(F)c3COCCO)ccc2n1)[C@@H]1C[C@@H]1F,4.0,3.2628222,0.73717785
COc1cc(-c2nn(CCN3CCC(N4CCCCC4)CC3)c3ncnc(N)c23)ccc1NC(=O)OC(C)(C)C,5.1291866,5.337938,-0.2087512
COc1cc(-c2nn(CCN3CCC(OC)CC3)c3ncnc(N)c23)ccc1NC(=O)OC(C)(C)C,4.5934596,3.9979162,0.5955434
CCOC(=O)CN1C(=O)S/C(=C/c2ccc(-n3ccc4c(Br)ccnc43)cc2)C1=O,3.1870866,3.5602772,-0.37319064
O=C1NC(=O)/C(=C\c2ccc(-n3cnc4ccccc43)cc2)S1,6.5228786,5.8204155,0.70246315
O=C1NC(=O)/C(=C\c2ccc(-n3ccc4c(Nc5ccccc5OC(F)(F)F)ccnc43)cc2)S1,7.2596374,6.66668,0.5929575
O=C1NC(=O)/C(=C\c2ccc(-n3ncc4ccccc43)cc2)S1,4.30103,3.9366095,0.36442065
CC(=O)NCc1c(F)cccc1-c1ccc2nc(NC(=O)[C@@H]3C[C@@H]3F)cn2c1,4.4534574,4.0968895,0.35656786
O=C1NC(=O)/C(=C\c2ccc(-n3cc([N+](=O)[O-])cn3)cc2)S1,8.481486,8.863568,-0.382082
CN(C)C1CCN(CCn2nc(-c3cnc4[nH]ccc4c3)c3c(N)ncnc32)CC1,3.2218487,3.326428,-0.10457921
CCCc1cc2c(oc(=O)n2C(C)C)c(CCC)c1O[C@H](C(=O)O)c1ccccc1,3.835647,3.9834092,-0.14776206
Cc1cccc(-c2nn3c(c2-c2ccnc(Nc4ccc(S(N)(=O)=O)cc4)c2)C(C)C(C)(C)C3)n1,5.958607,5.3589983,0.5996089
Cc1c(F)cncc1-c1ccc2nc(NC(=O)[C@@H]3C[C@@H]3F)c(Cl)n2c1,4.3297544,3.8777454,0.45200896
O=[N+]([O-])c1cccc(-c2cc(Nc3ccc(OC(F)(F)F)cc3)ncn2)c1,4.69897,4.2943153,0.4046545
Cc1c(F)cncc1-c1ccc2nc(NC(=O)[C@@H]3C[C@@H]3F)c(C)n2c1,4.0,3.1809113,0.8190887
Cc1nc(C(F)(F)F)sc1COc1ccc2c(ccn2CC(=O)O)c1,6.4023046,6.593574,-0.1912694
NCCC(=O)Nc1nc2ccc(C(=O)c3ccccc3)cc2[nH]1,7.455932,7.812606,-0.35667372
COc1cccc(-c2cn(C3CCN(CC(N)=O)CC3)c3ncnc(N)c23)c1,7.387216,6.9334917,0.45372438
O=C(O)Cn1ccc2cc(OCc3ccc(Oc4ccc(C(F)(F)F)cc4)cc3)ccc21,4.8984933,3.9314773,0.967016
CN1C[C@@H]2C[C@H]1CN2c1ccc(-c2ccnc3c(-c4cccc(O)c4)c(-c4ccncc4)nn23)cc1,3.9665763,4.3171244,-0.35054803
CC(C)c1ccc(C(=O)Nc2cc(CN3CCN(C)CC3)cc(C(F)(F)F)c2)cc1C#Cc1cnc2cccnn12,7.0457573,6.95971,0.08604717
CCN(CC)CCCNC(=O)Nc1cc2c(Nc3ccc(F)c(Cl)c3)ncnc2cc1O[C@H]1CCOC1,4.537602,3.9324353,0.6051667
Cc1cc(Nc2ncc(C)c(N3CC(CCC#N)C3)n2)sn1,5.013676,6.7219334,-1.7082572
Cc1ccc(C(=O)Nc2ccccc2F)cc1Nc1nccc(-c2cccnc2)n1,9.267606,9.350057,-0.08245087
C=CC(=O)N(c1cc(OC)ccc1Cl)c1c(C#N)cnc2cc(OC)c(OC)cc12,5.30103,3.9082632,1.392767
CC(C)n1nc(C#Cc2ccccc2O)c2c(N)ncnc21,5.2748237,7.5144553,-2.2396317
CCCc1c(OCCCSc2ccc(CC(=O)O)cc2Cl)ccc2c(CC)noc12,4.6777806,5.53113,-0.8533492
CNC(=O)c1cc(Oc2ccc(NC(=O)Nc3ccc(CN4CCN(C)CC4)cc3)cc2)ccn1,5.920819,4.5364976,1.3843212
CCCCn1c(-c2ccccc2C)cn2c3c(=O)[nH]c(=O)n(C)c3nc12,6.4308963,5.676147,0.7547493
Cc1cc(SCc2ccc(OCc3ccc(C(F)(F)F)cc3)cc2)ccc1OCC(=O)O,8.023422,7.6718607,0.35156155
CN1CCN(c2ccc(Nc3nc(Nc4ccc(F)c(F)c4)c4ncn(CC5CC5)c4n3)cc2F)CC1,5.292004,4.391305,0.90069914
CCN1CCN(Cc2ccc(NC(=O)Nc3ccc(Oc4cc(NC)ncn4)cc3)cc2C(F)(F)F)CC1,4.8292103,5.0261536,-0.19694328
CCN1CCN(Cc2ccc(NC(=O)Cc3ccc(Oc4ccnc(NC)c4)cc3)cc2C(F)(F)F)CC1,4.30103,6.3593845,-2.0583544
Cc1ccc(OC(=O)N(CC(=O)O)Cc2cccc(OCc3nc(-c4ccc(Cl)cc4)sc3C)c2)cc1,6.730487,7.2107105,-0.48022366
CCNC(=O)c1c(OC)cc(-n2cnc3cc(-c4cnn(CCO)c4)ccc32)cc1OC,5.0,5.038413,-0.038413048
O=C(Nc1ccc(Cl)c(Cl)c1)N1CCCc2ccc(-c3ccncc3)cc2C1,5.543634,5.238256,0.30537796
CCN(CC)S(=O)(=O)c1ccc(-c2cc(Nc3ccc(OC(F)(F)F)cc3)ncn2)cc1,7.920819,7.6236944,0.2971244
COc1ccc(CNC(=O)Nc2sc3c(c2C#N)CCCC3)c(OC)c1,4.69897,4.2275133,0.47145653
COC(=O)CN1CCC(n2cc(-c3cccc(OC)c3)c3c(N)ncnc32)C1,5.0,4.684762,0.315238
CN(C)CCOc1ccc(C(=O)NCc2cccc(C(=O)N[C@@H](CC(C)(C)C)C(=O)Nc3ccc(CCc4ccccn4)cc3)c2)cc1,4.30103,5.567418,-1.2663879
c1ccc2c(-c3nc4ccc(N5CCC(N6CCCCC6)CC5)cc4[nH]3)n[nH]c2c1,6.7212462,5.673414,1.047832
CCCCC(Sc1nc2cc(Cl)ccc2s1)C(=O)NS(C)(=O)=O,5.552842,4.8119936,0.74084854
CN1CCN(c2ccc(Nc3nc(Nc4cccc(F)c4)c4ncn(CC5CC5)c4n3)cc2F)CC1,4.9792247,6.3153896,-1.336165
CCCC(Sc1nc2cc(Cl)ccc2s1)C(=O)NS(C)(=O)=O,8.522879,8.404806,0.11807251
C[C@]1(C(=O)O)CCc2ccc(OCCCOc3ccc(OCC4CC4)cc3Cl)cc2O1,8.619789,7.841256,0.778533
CCCc1c(OCCCN(C)c2ccc(CC(=O)O)cc2C)ccc2c(C(F)(F)F)noc12,6.7447276,5.5714216,1.173306
Nc1ncnc2c1c(-c1cccc(Cl)c1)cn2-c1ccccc1,6.0,7.921695,-1.9216952
CC(C)(C)CC(=O)NCCc1ccc(NC(=O)[C@H](CC(C)(C)C)NC(=O)c2cccc(CNC(=O)c3ccc(OCCO)cc3)c2)cc1,5.6777806,5.568671,0.1091094
CC(C)(C)n1nc(-c2cccc3ccccc23)c2c(N)ncnc21,6.086186,5.1577716,0.92841434
O=C(NNC(=S)Nc1ccc(C(F)(F)F)cc1)c1ccc(-c2nnc(-c3ccccc3Cl)o2)cc1,6.0,5.500102,0.49989796
Cc1ccc(C(=O)Nc2cc(-n3cnc(-c4ccccc4)c3)cc(C(F)(F)F)c2)cc1C#Cc1cnc2cccnn12,4.623423,3.667485,0.9559381
Nc1cccc(Nc2nccc(-c3ccncc3)n2)c1,5.0,4.703808,0.29619217
CCC(=O)Nc1ccc(Sc2nc(Nc3cc(C)n[nH]3)cc(N3CCN(C)CC3)n2)cc1,6.0,6.3160577,-0.31605768
CCCCCCCCCCCOc1cccc(CCC(=O)NC[C@@H](O)COP(=O)(O)OC[C@H](NC(C)=O)C(=O)OC)c1,5.69897,6.2568965,-0.55792665
O=C(Nc1ccccc1F)N1CCOc2ccc(-c3ccncc3)cc2C1,5.2596374,4.8260384,0.433599
CC[C@]1(C(=O)O)CCc2ccc(OCCCOc3ccc(C4CCC5(CC4)CC5)cc3Cl)cc2O1,4.745911,4.4588175,0.28709364
CCCc1cc(C2CCCCCC2)ccc1OCCCOc1cccc(-c2oc(=O)[nH]c2O)c1,6.500313,6.196455,0.3038578
CCn1c(CCCc2cccc(-c3ccc(OC)c(CCC(=O)O)c3)c2)nn(Cc2ccc(C(C)(C)C)cc2)c1=O,4.632644,4.276047,0.35659695
c1ccc(C(OC2CCN(CCCCNc3ccc4nncn4n3)CC2)c2ccccc2)cc1,4.551294,4.3533807,0.19791317
Cc1oc(-c2ccccc2)nc1CCOc1ccc(C[C@@H]2CN(C(=O)Oc3ccccc3)C[C@@H]2C(=O)O)cc1,8.320572,9.106685,-0.7861128
O=C(Cc1cccc(C(F)(F)F)c1)N1CCOc2ccc(-c3ccncc3)cc2C1,7.21467,6.5172453,0.6974249
Cc1oc(-c2cccs2)nc1CCOc1ccc(C[C@@](C)(Oc2ccccc2)C(=O)O)cc1,8.0,7.696534,0.30346584
CCN(CC)C(=O)c1ccc(NC(=O)c2cc(S(=O)(=O)N3CCCCCC3)ccc2OC)cc1,9.886057,8.569623,1.3164339
COc1cc2nccc(Oc3ccc(NC(=O)Nc4cc(C)on4)c(Cl)c3)c2cc1OC,7.09691,7.2974606,-0.20055056
Cn1c(C(N)=O)cc2c(Nc3ccc(OC(F)(F)F)cc3)ncnc21,5.692504,5.1350503,0.55745363
Cc1ccc(Nc2nccc(N(C)c3ccc4c(C)n(C)nc4c3)n2)cc1S(N)(=O)=O,4.30103,4.401149,-0.10011864
COc1cccc2cc(-c3cc(Nc4ccc(OC(F)(F)F)cc4)ncn3)ccc12,6.0,7.0965137,-1.0965137
Cc1ccc(NC(=O)c2ccc(CN3CCCN(C)CC3)cc2)cc1-n1cc(-c2cnc3ccnn3c2)cn1,5.429457,4.793025,0.6364322
O=C(NC1CCN(Cc2ccccc2)C1)c1cc2c(Nc3ccc(OC(F)(F)F)cc3)ncnc2s1,6.0443125,5.7674956,0.27681684
CCCc1cc(C2CCCC2)ccc1OCCCOc1cccc(-c2oc(=O)[nH]c2O)c1,4.026341,3.4632473,0.56309366
O=c1nc2n(c3cccc(Cl)c13)-c1cc(C3CCNCC3)ccc1C21CCOCC1,5.0,4.243102,0.7568979
NC(=O)c1ccc(OCc2cccc(Br)c2)cc1,7.017729,5.856415,1.161314
N#CCC(=O)Nc1nc(-c2ccc(Cl)c(Cl)c2)c[nH]1,4.026341,3.965615,0.060725927
CC(=O)c1ccccc1N[C@@H](Cc1ccc(OCCc2nc(-c3ccccc3)oc2C)cc1)C(=O)O,4.026383,4.368625,-0.34224224
CC(C)(C)n1nc(-c2ccccc2)c2c(N)ncnc21,6.1771784,4.8466663,1.330512
Nc1n[nH]c2cccc(C#Cc3cccc(NC(=O)c4cc(N5CCOCC5)cc(C(F)(F)F)c4)c3)c12,4.30103,4.6905956,-0.38956547
COC1CCN(C(=O)c2ccc3c(Nc4ccc(OC(F)(F)F)cc4)ncnc3c2)CC1,8.055517,6.483788,1.5717292
Cc1cc(Oc2cccc(CNC(=O)c3ccc(C(F)(F)F)cc3F)c2)ccc1OC(C)(C)C(=O)O,4.0,3.7594664,0.24053359
O=S(=O)(c1ccc(-c2ccccc2)cc1)N1CCN(c2nc(Cl)ncc2Br)CC1,9.013228,9.308433,-0.29520416
COC(=O)Nc1nc2ccc(C(=O)c3cccs3)cc2[nH]1,4.6382723,4.399828,0.23844433
NC(=O)c1cccc(NC(=O)/C=C\C(=O)N2CCC(CCc3ccccc3)CC2)c1,6.1366773,5.5216413,0.615036
Cc1ccc2c(c1)sc1nnc(N)n12,4.49485,4.4432764,0.051573753
O=C(Nc1ccc(OC(F)(F)F)cc1)c1cc(-c2cncnc2)ccn1,4.823909,4.557955,0.26595402
CC(C)(Oc1ccc(Cl)cc1)C(=O)NS(=O)(=O)c1ccccc1,8.20066,8.030127,0.17053318
O=C([C@H](CO)c1ccccc1)N1CC(=C2CN(S(=O)(=O)c3ccc4ncsc4c3)C2)C1,4.026341,4.5054054,-0.47906446
CC(=O)NCCc1ccc(NC(=O)[C@H](CC(C)(C)C)NC(=O)c2cccc(CNC(=O)c3ccc(OCCO)cc3)c2)cc1,5.9796386,5.1446457,0.8349929
Cc1ccc(NC(=O)c2ccc(/N=N/N(C)C)cc2)cc1Nc1nccc(-c2cccnc2)n1,5.2549253,4.8402143,0.414711
CCn1c(CCC(F)(F)c2cccc(-c3ccc(NS(=O)(=O)c4ccccc4)cn3)c2)nn(Cc2ccc(C(C)(C)C)cc2)c1=O,5.5243287,4.4184103,1.1059184
COc1cc(C(=O)Nc2ccc(O)cc2C(=O)O)ccc1OC(C)=O,4.025645,3.61947,0.4061749
N#Cc1cccc(CS(=O)(=O)Nc2ccccc2-c2cccc3c2[nH]c2ccccc23)c1,4.5228786,4.912513,-0.38963413
Cc1oc(-c2ccccc2)nc1CCOc1cccc(C[C@H]2CN(C(=O)Oc3ccccc3)C[C@H]2C(=O)O)c1,7.0404816,6.6485214,0.39196014
Cc1cc(Nc2ncc(C)c(N3CC(CC#N)C3)n2)sn1,5.7999706,5.98203,-0.18205929
CN1CCN(Cc2cc(NC(=O)c3ccc4c(c3)CN(c3cncnc3)CC4)cc(C(F)(F)F)c2)CC1,5.552842,4.6406736,0.9121685
Nc1ccc(C(=O)NCC(=O)Nc2nc(-c3ccccc3)cs2)cc1,3.60206,4.819148,-1.217088
Nc1n[nH]c2cccc(C#Cc3cccc(NC(=O)c4cc(C(F)(F)F)cc(C(F)(F)F)c4)c3)c12,6.328004,5.44321,0.88479376
N[C@H]1CCN(c2c(F)cc3c(=O)c(C(=O)O)cn4c3c2Oc2c-4ccc3c2ccc2ccccc23)C1,4.5968795,4.7543135,-0.15743399
COC(=O)N(CC(=O)O)[C@@H](C)c1cccc(OCc2nc(-c3ccc(Cl)cc3)oc2C)c1,6.0,5.848279,0.151721
Cc1cn(-c2cc(NC(=O)c3ccc(C)c(Nc4nc(-c5cccnc5)cs4)c3)cc(C(F)(F)F)c2)cn1,6.102373,5.800079,0.30229425
O=C(O)COc1ccc(SCc2ccc(OCc3ccc(OC(F)(F)F)cc3)cc2)c2c1CCC2,7.154902,7.0081444,0.1467576
C=CCOc1ccc2cc(-c3nn(C(C)C)c4ncnc(N)c34)ccc2c1,5.6382723,4.968695,0.6695771
O=C(O)CCc1ccc(OCCCOc2ccc(Oc3ccc(F)cc3)cc2Cl)cc1,6.0,5.397935,0.6020651
Cc1oc(-c2ccccc2)nc1CCCc1ccc(CC(C(=O)O)c2ccsc2)cc1,4.375718,4.083684,0.29203415
Cc1oc(-c2ccccc2)nc1CCOc1ccc(OC(C)(Cc2ccccc2)C(=O)O)cc1,9.318759,8.906848,0.411911
CCCC(Sc1nc2cc(Cl)ccc2s1)C(=O)NS(=O)(=O)c1ccc(OC)cc1,6.1169066,4.860925,1.2559814
COc1ccc(CC(CO)n2cc(-c3cccc(OC)c3)c3c(N)ncnc32)cc1,5.6631403,5.9949107,-0.33177042
CCCC(C)S(=O)(=O)Nc1ccc(-c2cc(Nc3ccc(OC(F)(F)F)cc3)ncn2)cc1,5.69897,4.8165355,0.88243437
Cc1oc(-c2ccccc2)nc1CCOc1ccc(CN(CC(=O)O)Cc2ccc3ccccc3c2)cc1,6.0,4.8751764,1.1248236
Cc1cc2c(CC(=O)O)csc2cc1OCc1sc(-c2ccc(C(F)(F)F)cc2)nc1C,4.7721133,3.5432935,1.2288198
O=C(CCCC(=O)N1C[C@@H](CCl)c2c1cc(O)c1ccccc21)N1C[C@@H](CCl)c2c1cc(O)c1ccccc21,4.6292095,5.5108027,-0.8815932
CN1CCC(N(C)C(=O)c2ccc3c(Nc4ccc(OC(F)(F)F)cc4)ncnc3c2)CC1,8.366531,8.153218,0.2133131
FC(F)(F)Oc1ccc(Nc2ncnc3c2cnn3CC2CCOC2)cc1,6.920819,6.6053605,0.3154583
COc1ccc(N2C(=O)[C@H](Cc3cccc(OCCc4nc(-c5ccccc5)oc4C)c3)[C@@H]2C(=O)O)cc1,4.8326826,4.175667,0.6570158
NC(=O)c1cccc(NC(=O)/C=C\C(=O)N2CCCC(c3ccccc3)C2)c1,5.0,5.1170845,-0.1170845
NC(=O)c1ccc(Oc2cccc(C(=O)N3CCN(c4ccc(F)c(F)c4)CC3)c2)cc1,4.49485,4.597027,-0.102176666
CCOC(=O)CCCCC(=O)c1[nH]c(=O)[nH]c1CSCCO,6.0,5.321471,0.6785288
Cc1oc(-c2ccccc2)nc1CCOc1ccc(C[C@@H](C(=O)O)n2cccc2)cc1,4.607303,4.056418,0.5508852
CCNC(=O)Nc1nc2ccc(-c3ccc(C)cc3)cc2[nH]1,7.318759,6.6798363,0.6389227
COc1cccc(-c2cn(C3CCN(CC(N)=O)C3)c3ncnc(N)c23)c1,7.2596374,7.43254,-0.17290258
NC(=O)c1cc(-c2ccnc(N)n2)[nH]c1-c1cc(Cl)ccc1Cl,5.4012094,5.7246885,-0.32347918
CCCCCCCCCCCOc1cccc(CCC(=O)NC[C@@H](O)COP(=O)(O)OC[C@H](NC(=O)c2ccc(C(C)(C)C)cc2)C(=O)O)c1,6.1366773,4.979373,1.1573043
CNCCOc1ccc(C(=O)NCc2cccc(C(=O)N[C@@H](CC(C)(C)C)C(=O)Nc3ccc(CCc4ccccn4)cc3)c2)cc1,6.0,5.890647,0.109353065
O=C(NNC(=S)Nc1ccccc1Cl)c1ccc(-c2nnc(-c3ccccc3Cl)o2)cc1,4.9076304,5.227763,-0.32013273
Nc1cccc(Nc2nccc(-c3cccnc3)n2)c1,4.0222764,3.7326908,0.2895856
Cc1ccc(OC(=O)N(CC(=O)O)Cc2cccc(OCc3sc(-c4ccc(Cl)cc4)nc3C)c2)cc1,5.180456,6.4102297,-1.2297735
CC(=O)Nc1ccccc1-c1cccc2c1[nH]c1ccccc12,4.79588,4.2420354,0.55384445
CC(C)(C)c1cc(NC(=O)Nc2ccc(Oc3ccc4cccnc4c3)cc2)n(-c2ccc3ncccc3c2)n1,8.0,7.800851,0.19914913
COc1cc(OC)c(-c2c3cc(O)c(=O)cc-3oc3cc(O)c(O)cc23)cc1OC,8.224753,9.125644,-0.90089035
Cc1cc(Oc2cc(F)cc(CNC(=O)c3ccc(C(F)(F)F)cc3F)c2)ccc1OC(C)(C)C(=O)O,4.6999917,4.41855,0.2814417
COc1ccc(N2C(=O)[C@@H](Cc3ccc(OCCc4nc(-c5ccccc5)oc4C)cc3)[C@H]2C(=O)O)cc1,5.709965,5.3681617,0.34180355
Cc1c(Nc2ccc(OC(F)(F)F)cc2)ncnc1-c1ccc(S(N)(=O)=O)cc1,4.207608,4.0909147,0.1166935
CCOC(Cc1ccc2c(ccn2Cc2nc(-c3ccccc3F)oc2C)c1)C(=O)O,8.443698,7.9537926,0.48990536
Cc1ccc(NC(=O)c2ccc(CN3CCN(Cc4ccc(I)cc4)CC3)cc2)cc1Nc1nccc(-c2cccnc2)n1,6.8326826,5.300591,1.5320916
CS(=O)(=O)c1ccc2nc(NC(=O)NCc3nc4ccccc4[nH]3)sc2c1,7.771218,6.574192,1.1970258
CCCCCCCN(CCc1ccc(O[C@](C)(CC)C(=O)O)cc1)C(=O)Nc1ccc(F)cc1F,8.011138,8.259355,-0.24821663
CCN(CC)C(=O)c1ccc2c(Nc3ccc(OC(F)(F)F)cc3)ncnc2c1,5.2652,6.6736317,-1.4084315
O=C1Nc2cc(OC(F)(F)F)ccc2Nc2ccc(-c3cccc(C(=O)N4CCOCC4)c3)cc21,4.312828,3.9810646,0.3317635
Cc1cn(-c2cc(F)cc(NC(=O)c3ccc(C)c(Nc4nccc(-c5cccnc5)n4)c3)c2)cn1,4.686133,4.272175,0.41395807
CCOc1ccc(-n2cc(C(=O)N3CCC(F)CC3)c3cc(OC)c(OC)cc3c2=O)cc1,4.30103,4.8630586,-0.5620284
O=c1cc(-c2ccc(Cc3ccc(OC(F)(F)F)cc3)cc2)[nH]c2ccccc12,4.0,3.2607584,0.7392416
CCOc1ccc(CC(=O)O)cc1-c1cccc(CCCc2nn(Cc3ccc(C(C)(C)C)cc3)c(=O)n2CC)c1,4.5114493,4.675519,-0.16406965
Cc1cn(C2CCCCO2)nc1-c1ccc2nc(NC(=O)[C@@H]3C[C@@H]3F)sc2c1,8.920818,7.955984,0.9648342
CN(CCCCCCOC1CCN(C(=O)c2ccc(F)cc2)CC1)C1CC1,5.590067,6.4638395,-0.8737726
Cc1ccc(C(F)(F)F)cc1-c1[nH]c(-c2ccnc(N)n2)cc1C(N)=O,9.091515,9.078095,0.013419151
OC[C@H]1CNC[C@@H](O)[C@@H]1O,4.30103,3.9535708,0.34745932
CNC(=O)CCc1ccc(NC(=O)[C@H](CC(C)(C)C)NC(=O)c2cc(CNC(=O)c3ccc(OC)cc3)ccc2F)cc1,6.0371575,5.0914736,0.94568396
CC(c1ccccc1)n1cc(CNC(=O)CCCC(=O)Nc2cccc(C(N)=O)c2)nn1,4.180456,4.0270243,0.15343189
CN(C)C1CCN(C(=O)c2cc3c(Nc4ccc(OC(F)(F)F)cc4)ncnc3s2)C1,5.629117,6.3132944,-0.6841774
CC[C@@](C)(Oc1cccc(Cn2c(C)c(C(=O)c3ccc(Cl)cc3)c3ccc(OC(F)(F)F)cc32)c1)C(=O)O,3.8239088,3.5268464,0.2970624
COc1ccc(C(=O)Nc2ccc(C)c(-n3cc(-c4cnc5ccnn5c4)cn3)c2)cc1,4.2418456,3.7983453,0.44350028
CO[C@@H](Cc1ccc(C#CCCCOc2ccc(Oc3ccccc3)cc2)cc1)C(=O)O,5.0,5.08429,-0.08429003
Cc1ccc([N+](=O)[O-])cc1S(=O)(=O)N[C@@H](CCCCNC(=O)CCC(=O)Nc1cccc(C(N)=O)c1)C(=O)NC(C)C,5.565431,4.8046217,0.7608094
CC1CCN(CCCC(=O)NC2C=CC(S(N)(=O)=O)C=C2)CC1,8.337242,7.42518,0.91206217
Cc1cc(NC(=O)c2ccc(C)c(Nc3nc(-c4cccnc4)cs3)c2)cc(-n2cnc(C)c2)c1,3.8239088,3.4840348,0.33987403
NC(=O)c1ccc(Oc2cccc(C(=O)N3CCN(c4ccc(F)cc4)CC3)c2)cc1,4.2027326,4.1212907,0.08144188
CCCc1c(OCCCn2ncc3cc(CC(=O)O)ccc32)ccc2c(C(F)(F)F)noc12,3.09691,3.3458626,-0.24895263
Cc1oc(-c2ccccc2)nc1CCOc1ccc(C[C@@H]2C(=O)N(c3ccc(C(C)(C)C)cc3)[C@@H]2C(=O)O)cc1,6.552997,5.9525433,0.60045385
CCCc1cc2c(=O)n(C(C)C)oc2c(CCC)c1O[C@H](C(=O)O)c1ccc(CC(C)C)cc1,8.30103,6.34507,1.9559603
O=C(Nc1ccccc1)N1CCOc2ccc(-c3ccncc3)cc2C1,6.935542,7.207518,-0.271976
O=C(NC1=NN(c2ccc(Cl)c(Cl)c2)CC1)c1cccnn1,4.0920515,3.9016595,0.19039202
COc1cccc2c1ccn2S(=O)(=O)c1cccc(C(=O)Nc2ccc(Cl)cc2C(=O)O)c1,6.0,5.885521,0.114479065
Cn1cnnc1SCC(=O)Nc1nc(-c2ccc(Cl)c(Cl)c2)cs1,8.2218485,8.79226,-0.5704117
Cc1ccc(NC(=O)c2ccc(Cl)cc2)cc1Nc1nccc(-c2cccnc2)n1,5.09691,3.8677485,1.2291615
COc1ccccc1C(=O)Nc1ccc(C)c(Nc2nccc(-c3cccnc3)n2)c1,6.29243,6.3630753,-0.07064533
CCCc1cc(C(=O)c2ccccc2)cc(CCC)c1OC(C(=O)O)c1ccccc1,5.2596374,5.135008,0.1246295
CC(C)(Oc1ccc(CCNC(=O)c2ccc(Cl)cc2)cc1)C(=O)NS(=O)(=O)c1ccccc1,4.672764,4.422837,0.24992704
Cc1c(Nc2ccc(OC(F)(F)F)cc2)ncnc1-c1cccc(C(N)=O)c1,6.5086384,4.240906,2.2677326
C=CS(=O)(=O)N1CCC[C@@H]1Cn1cc(-c2ccc3c(c2)OCO3)c2c(N)ncnc21,7.552842,5.17732,2.3755221
Cc1ccc(NC(=O)c2ccc(C(F)(F)F)cc2)cc1-n1cc(-c2cnc3ccnn3c2)cn1,6.30103,6.6630735,-0.36204338
Cc1ccc(-c2cc(-c3ccc(Cl)cc3)c(C#N)c(N)n2)o1,4.0264935,3.460466,0.56602764
O=C(O)[C@@H]1CCc2ccc(OCCCOc3ccc(OCC(F)(F)F)cc3Cl)cc2O1,5.2596374,4.733032,0.5266051
Cc1c(-c2cc(Nc3ccc(OC(F)(F)F)cc3)ncn2)cnn1-c1ccccc1,9.420217,9.037122,0.3830948
Cc1cc(-c2cnc(Nc3cc(Cl)cc(Cl)c3)nc2NC2CCC(N(C)C)CC2)on1,5.782516,5.58139,0.2011261
O=C(O)C1CCc2ccc(OCCCOc3ccc(OCC(F)(F)F)cc3Cl)cc2O1,9.09691,8.938287,0.1586237
Cc1ccc(OC(=O)N(CC(=O)O)Cc2ccc(OCc3nc(-c4ccc(Cl)cc4)oc3C)cc2)cc1,5.5100417,5.8527174,-0.3426757
C[C@@H]1CN(c2cccc(-c3csc(NC(=O)C(C)(C)NC(=O)c4ccn(S(C)(=O)=O)c4)n3)n2)C[C@H](C)O1,5.387216,5.279356,0.10786009
FC(F)(F)Oc1ccc(Nc2cc(Nc3nccn3-c3cccc(C(F)(F)F)c3)ncn2)cc1,6.595166,5.2310486,1.3641176
COc1ccc2cc(-c3nn(C(C)C)c4ncnc(N)c34)ccc2c1,7.609065,7.7038517,-0.094786644
COc1cccc(NC(=O)COc2cc(O)c3c(=O)cc(-c4ccccc4)oc3c2)c1,5.8751698,5.8217487,0.05342102
O=C(NS(=O)(=O)c1ccc([N+](=O)[O-])cc1)C(Sc1nc2cc(Cl)ccc2s1)c1ccccc1,4.823909,4.773658,0.050251007
Cn1c(C(=O)N2CCC(C(N)=O)CC2)cc2c(Nc3ccc(OC(F)(F)F)cc3)ncnc21,4.086186,4.0426497,0.043536186
FC(F)(F)Oc1ccc(Nc2ncnc3c2cnn3Cc2ccncc2)cc1,7.2441254,6.406015,0.83811045
Cc1c2cc(O)c(=O)cc-2oc2cc(O)c(O)cc12,9.508638,7.6637087,1.8449297
O=C(O)Cn1ccc2cc(OCc3cc(-c4ccc(C(F)(F)F)cc4)on3)ccc21,6.0919976,6.323919,-0.2319212
CCCOc1ccc2cc(-c3nn(C(C)C)c4ncnc(N)c34)ccc2c1,5.3279023,4.3203163,1.007586
OC[C@H]1CN(CCCc2ccccc2)C[C@@H](O)[C@@H]1O,4.026526,3.8431382,0.18338776
O=Cc1cc(-c2cc(Nc3ccc(OC(F)(F)F)cc3)ncn2)ccc1F,7.154902,6.928673,0.22622919
CCCc1cc2c(=O)n(C)oc2c(CCC)c1O[C@H](C(=O)O)c1ccccc1,6.8996296,5.5053787,1.3942509
CCCC(Sc1nc2cc(Cl)ccc2s1)C(=O)NS(=O)(=O)c1ccc([N+](=O)[O-])cc1,5.238523,6.2238607,-0.98533773
Cc1oc(-c2cccc(Cl)c2)nc1CCOc1cccc(C[C@@H]2C(=O)N(c3ccc(C(C)(C)C)cc3)[C@@H]2C(=O)O)c1,5.0655017,3.7693872,1.2961144
CC(C)C(CCO)NC(=O)CCn1ccc2c(Nc3ccc(OC(F)(F)F)cc3)ncnc21,5.8860564,6.1431675,-0.25711107
CC(C)n1nc(-c2cnc3ccccc3c2)c2c(N)ncnc21,5.700057,5.4862733,0.21378374
Cc1ccc(O)cc1-n1c(=O)c2c(c3c(N)ncnc31)CCCC2,5.6777806,5.098765,0.57901573
CCCc1c(OCCCN(C)c2ccc(CC(=O)O)c(C)c2)ccc2c(C(F)(F)F)noc12,8.142668,5.4601345,2.6825333
Cc1ccc(NC(=O)Nc2ccccc2CN(C)C2CCCCC2)cc1Nc1nccc(-c2cccnc2)n1,8.886057,8.821973,0.06408405
COc1ccc(-c2cnn3c(N)c(-c4ccccc4)c(OC4CCN(C)CC4)nc23)cc1OC,4.7292047,4.8974624,-0.16825771
CNC(=O)CCc1ccc(NC(=O)[C@H](CC(C)(C)C)NC(=O)c2cc(CNC(=O)c3ccccc3)ccc2F)cc1,4.6999917,4.5689764,0.1310153
Cc1oc(-c2ccccc2)nc1CCCc1ccc(CC(C(=O)O)n2cccn2)cc1,8.040958,7.2362213,0.8047371
COc1ccccc1-c1csc(NC(=O)CNC(=O)c2ccc(N)cc2)n1,6.7851562,4.6030593,2.182097
Cc1oc(-c2ccccc2)nc1CCOc1ccc(Cc2cn(-c3ccccc3)cc2C(=O)O)cc1,6.1870866,5.1880198,0.9990668
O=C(c1c(F)cccc1F)N1CCN(c2nc(N3CCOCC3)ncc2Br)CC1,5.5867004,5.3006577,0.2860427
C=CC(=O)N(c1cc(OC)c(Cl)cc1Cl)c1c(C#N)cnc2cc(OC)c(OC)cc12,8.6575775,6.04932,2.6082573
CCn1c(CCCc2cccc(-c3cccc(CNS(=O)(=O)c4ccccc4)c3)c2)nn(Cc2ccc(C(C)(C)C)cc2)c1=O,7.5361094,7.4405594,0.09555006
Cc1oc(-c2ccccc2)nc1CCCc1ccc(C[C@@H](C(=O)O)n2cccn2)cc1,9.113509,8.9829,0.13060951
c1ccc(COc2cc3[nH]nc(-c4nc5ccc(N6CCC(N7CCCCC7)CC6)cc5[nH]4)c3cc2OCc2ccccc2)cc1,4.3936186,4.3916426,0.0019760132
CS(=O)(=O)Nc1ccccc1-c1cccc2c1[nH]c1ccccc12,9.29243,7.6050816,1.6873484
Cc1cccc(C#Cc2nn(C(C)C)c3ncnc(N)c23)c1,5.0,5.4651866,-0.4651866
COc1ccc2c(ccc3c2[nH]c2c4ccccc4nc(NCCCN(C)C)c32)c1,9.2218485,8.998447,0.22340107
FC(F)(F)Oc1ccc(Nc2cc(-c3cc(NCCN4CCOCC4)ncn3)ncn2)cc1,5.7144427,5.644607,0.06983566
CS(=O)(=O)NC(=O)C(Sc1nc2cc(Cl)ccc2s1)c1ccccc1,6.6197886,5.0901985,1.5295901
CN(C)CCN1C(=O)c2ccc3c4ccc5c6c(ccc(c7ccc(c2c37)C1=O)c64)C(=O)N(CCN(C)C)C5=O,5.0,6.1245155,-1.1245155
Nc1ccccc1C(=O)Nc1ccccc1Oc1ccc(C(=O)O)c(C(=O)O)c1,6.551294,5.7522025,0.79909134
CCCC(=O)Nc1ccccc1-c1cccc2c1[nH]c1ccccc12,5.0,4.5922165,0.4077835
COCCN=NNc1ccc(C(=O)Nc2cccc(Nc3nccc(-c4cccnc4)n3)c2)cc1,6.7121983,7.027693,-0.31549454
Cc1cn(-c2cc(NC(=O)c3ccc(C)c(C#Cc4cnc(N5CCCCC5)nc4)c3)cc(C(F)(F)F)c2)cn1,6.642065,5.644586,0.99747896
CCO[C@@H](Cc1ccc(OCCc2nc(-c3ccc(C(F)(F)F)cc3)oc2C)c2ccccc12)C(=O)O,5.8999743,4.927065,0.97290945
CCCCN1C(=O)NC2NC(=O)NC21,6.400057,5.17563,1.2244267
NC(=O)CCn1ncc2c(Nc3ccc(OC(F)(F)F)cc3)ncnc21,4.823909,4.640238,0.183671
Cc1oc(-c2ccccc2)nc1CCCc1ccc(C[C@@H](C(=O)O)n2cccc2)cc1,5.1509495,5.2550535,-0.10410404
COc1ccc(Cc2sc(=O)[nH]c2O)cc1C(=O)NCc1ccc(C(F)(F)F)cc1,5.080922,4.513587,0.5673351
CC#Cc1ccc2c(=O)[nH]c(CSc3ccc(C(=O)O)cc3)nc2c1C,5.19382,4.696713,0.49710703
CO[C@H](Cc1ccc(OCCc2nc(-c3ccccc3)oc2C)c2ccccc12)C(=O)O,5.1045775,5.1336393,-0.029061794
CCNC(=O)c1cc2c(Nc3ccc(OC(F)(F)F)cc3)ncnc2s1,6.3196645,5.491997,0.8276677
COc1ccc(NC(=O)c2ccc(C)c(Nc3nccc(-c4cccnc4)n3)c2)cc1,6.2614393,4.9441013,1.317338
Cc1c2ccc(Nc3ccnc(Nc4ccc(S(=O)(=O)NC(=N)N)cc4)n3)cc2nn1C,6.7644715,7.6594048,-0.8949332
CN1CCC(Nc2ccc(C(=O)Nc3cc(-c4cc(C#N)cs4)n[nH]3)cc2)CC1,8.522879,9.138211,-0.6153326
CC(C)c1ccc(C(=O)Nc2cc(CN3CCN(C)CC3)cc(C(F)(F)F)c2)cc1C#Cc1cnc2ccccn12,5.0,5.2382565,-0.23825645
Cc1c(C)n(Cc2ccc(Cl)c(O[C@@H](C)C(=O)O)c2)c2ccc(C(=O)N[C@@H](C)c3ccc(C(C)(C)C)cc3)cc12,4.0,3.876714,0.12328601
COc1cc(-c2cc(Nc3ccc(OC(F)(F)F)cc3)ncn2)co1,4.60206,4.4453926,0.15666723
COc1cccc(C(=O)N2CCN(C(=O)c3ccc(-c4cc(C)ccn4)cc3)CC2)c1,4.026383,3.9085546,0.11782837
Cc1ccc(OC(=O)N(CC(=O)O)Cc2ccc(OCCc3nc(-c4ccc(Cl)cc4)oc3C)cc2)cc1,7.920819,8.018883,-0.098063946
CCNC(=O)Nc1nc2ccc(-c3cccc(C#N)c3)cc2[nH]1,5.7695513,5.0984664,0.6710849
Cc1ccc(C(=O)Nc2c(C)cccc2C)cc1Nc1nccc(-c2cccnc2)n1,7.21467,5.701928,1.512742
Cc1ccc(Cn2nc(CCCc3ccc(OC(C)(C)C(=O)O)cc3)n(CC(=O)O)c2=O)cc1,5.6575775,5.334426,0.3231516
O=C(O)Cc1csc2cc(OCc3cccc(COc4ccc(C(F)(F)F)cc4)c3)ccc12,3.8910968,3.9143467,-0.023249865
Cc1cccc2[nH]c(-c3nn(C(C)C)c4ncnc(N)c34)cc12,9.69897,9.155314,0.5436554
CCCc1cc(Oc2ccc(F)cc2)ccc1OCCCOc1ccc2c(c1)OC(CC)(C(=O)O)CC2,6.309804,4.972081,1.3377228
COc1ccc(C#Cc2nn(C(C)C)c3ncnc(N)c23)cc1,3.8239088,3.7403235,0.08358526
CCO[C@@H](Cc1ccc(OCCN2c3ccccc3Oc3ccccc32)cc1)C(=O)O,4.823909,4.4721146,0.35179424
CCc1ccc(C(=O)Nc2cccc(CN3CCN(C)CC3)c2)cc1-c1cccc(-c2cnc3cnccn23)c1,7.0,6.6945887,0.30541134
CCOC(=O)N1C[C@H](CC(=O)O)[C@H](c2cccc(OCCc3nc(-c4ccccc4)oc3C)c2)C1,9.886057,8.979719,0.90633774
Cc1[nH]c(-c2cc(NS(C)(=O)=O)ccc2Oc2ccccc2)c2c1C(=O)CCC2,5.0,5.346857,-0.34685707
C[C@]1(O)CC[C@@H](SCc2nc3cc(OCC4CCOCC4)cc(F)c3c(=O)[nH]2)CC1,5.042778,5.357067,-0.3142891
CCc1c(C#Cc2cnc3cnccn23)cccc1C(=O)Nc1cc(CN2CCN(C)CC2)cc(C(F)(F)F)c1,5.0,4.382031,0.61796904
C=CC(=O)NCc1ccc(-n2nc3c(=O)[nH]nc(N)c3c2-c2oc3ccc(C)cc3c2C)cc1,7.070581,5.7007527,1.3698282
COc1ccc(-c2ccnc(Nc3cc(C(=O)Nc4cc(-n5cnc(C)c5)cc(C(F)(F)F)c4)ccc3C)c2)cn1,5.7212462,6.4958076,-0.7745614
COc1ccc(-c2cc(F)cc(NC(=O)c3ccc(C)c(Nc4cc(-c5cccnc5)ccn4)c3)c2)cc1,4.653647,4.4644413,0.18920565
Cc1c(C#Cc2cnc3cnc(-c4ccc(N)cc4)cn23)cccc1C(=O)Nc1cc(CN2CCN(C)CC2)cc(-c2ccccc2)c1,6.0,7.880496,-1.880496
Cc1c(C#Cc2cnc3cnc(-c4ccncc4)cn23)cccc1C(=O)Nc1cc(CN2CCN(C)CC2)cc(C(F)(F)F)c1,6.0,4.7638283,1.2361717
Cc1c(C#Cc2cnc3cnccn23)cccc1C(=O)Nc1cc(CN2CCN(C)CC2)cc(C(F)(F)F)c1,5.0,5.0053444,-0.005344391
c1cc(Nc2nccc(-c3cccnc3)n2)cc(OCCn2ccnc2)c1,5.6382723,6.2949085,-0.65663624
O=C(CCOC[C@@H]1CCN1c1cn[nH]c(=O)c1C(F)(F)F)N1CCN2c3ncc(Cl)cc3OCC[C@H]2C1,8.522879,9.059227,-0.53634834
O=C(CCOC[C@@H]1CCN1c1cn[nH]c(=O)c1C(F)(F)F)N1CCN2c3ncc(C(F)(F)F)cc3OC[C@@H]2C1,7.6575775,8.138724,-0.4811468
CNc1cc2nc(CSC3CCOCC3)[nH]c(=O)c2c(F)c1F,4.534617,4.837932,-0.30331516
O=c1[nH]c(CSC2CCOCC2)nc2cc(N[C@H]3CCCOC3)ccc12,7.69897,5.849491,1.8494787
O=c1[nH]c(CSC2CCOCC2)nc2cc(NC3CCOC3)ccc12,5.856985,5.743064,0.113921165
O=c1[nH]c(CSC2CCOCC2)nc2cc(NCC3CC3)c(F)cc12,7.552842,6.088924,1.4639182
O=c1[nH]c(CSC2CCOCC2)nc2cc(NCC3CCC3)c(F)c(F)c12,6.7423215,6.5253973,0.21692419
O=c1[nH]c(CSC2CCOCC2)nc2cc(NCC3CCOCC3)c(F)c(F)c12,6.0,4.838133,1.1618671
CNC(=O)c1cc(Oc2ccc3nc(Nc4cccc(C(C)(C)C)c4)ccc3c2)ccn1,4.2975693,3.6111403,0.686429
CNC(=O)c1cc(Oc2ccc3nc(Nc4cccc(C(C)(C)C)c4)cnc3c2)ccn1,9.259637,9.251631,0.008006096
Cc1cccc2c(=O)[nH]c(CSC3CCN(C(=O)[C@@H](N)CCCCN)CC3)nc12,5.0,4.7581215,0.24187851
Cc1cccc2c(=O)[nH]c(CSC3CCN(C(=O)[C@@H](N)CCCNC(=N)N)CC3)nc12,4.2441254,4.4856787,-0.2415533
Cc1cccc2c(=O)[nH]c(CSC3CCN(C(=O)[C@H](N)CCCCN)CC3)nc12,8.958608,9.004501,-0.04589367
Cc1cccc2c(=O)[nH]c(CSC3CCN(C(=O)[C@H](N)CCCNC(=N)N)CC3)nc12,4.850781,3.7845407,1.0662403
Cc1cccc2c(=O)[nH]c(CSC3CCN(CCCN)CC3)nc12,5.8291516,6.1948466,-0.365695
Cc1cccc2c(=O)[nH]c(CSC3CCN(CCO)CC3)nc12,6.0,6.0842032,-0.08420324
Cc1cccc2c(=O)[nH]c(CSC3CCN(CCc4ccccc4)CC3)nc12,5.3017254,4.993947,0.30777836
Cc1cccc2c(=O)[nH]c(CSC3CCC(N(C)C)CC3)nc12,3.8239088,3.4905841,0.33332467
Cc1cccc2c(=O)[nH]c(CSC3CCCNCC3)nc12,4.3904057,4.055711,0.33469486
CNC[C@H]1CC[C@H](SCc2nc3c(C)cccc3c(=O)[nH]2)CC1,5.853872,4.6404247,1.2134471
CNCc1c(F)cccc1-c1ccc2nc(NC(=O)[C@@H]3C[C@@H]3F)cn2c1,4.30103,4.7170687,-0.4160385
CNC(=O)c1cc(Oc2ccc3nc(Nc4cccc(C(C)(C)C)c4)ncc3c2)ccn1,6.0,5.175906,0.8240938
CNC(=O)c1cccc2cc(Oc3ccnc(NC(=O)c4ccc(N5CCN(C)CC5)cc4)c3)ccc12,5.7399287,5.671045,0.068883896
O=c1[nH]c(CSC2CCOCC2)nc2cc(NC3CCCCC3(F)F)cc(F)c12,6.0604806,5.0419245,1.0185561
O=c1[nH]c(CSC2CCOCC2)nc2cc(NC3CCCCC3)c(F)cc12,7.2240257,6.8397026,0.38432312
O=c1[nH]c(CSC2CCOCC2)nc2cc(NC3CCCCC3)cc(F)c12,4.0,4.86325,-0.8632498
Cc1cccc2c(=O)[nH]c(CS[C@H]3CC[C@@H](CN(C)C)CC3)nc12,4.756962,4.5088634,0.24809837
Cc1cccc2c(=O)[nH]c(CS[C@H]3CC[C@@H](CN)CC3)nc12,8.443698,8.1485615,0.29513645
Cc1cccc2c(=O)[nH]c(CSC3CCN(Cc4c[nH]c5ccncc45)CC3)nc12,4.0,3.4956017,0.50439835
Cc1cccc2c(=O)[nH]c(CSC3CCN(Cc4ccc(N(C)C)cc4)CC3)nc12,3.5606673,3.807844,-0.24717665
Cc1cccc2c(=O)[nH]c(CSC3CCN(Cc4ccc5cnn(C)c5c4)CC3)nc12,7.229148,8.368834,-1.1396856
Cc1cccc2c(=O)[nH]c(CSC3CCN(Cc4ccccc4OCC#N)CC3)nc12,6.0,5.447541,0.55245876
Cc1cccc2c(=O)[nH]c(CSC3CCN(Cc4ccccn4)CC3)nc12,6.823909,6.9703283,-0.14641953
Cc1cccc2c(=O)[nH]c(CSC3CCN(Cc4cnc5ccccn45)CC3)nc12,8.026872,7.7304034,0.29646826
Cc1cccc2c(=O)[nH]c(CSC3CCN(Cc4cnn(Cc5ccccc5)c4)CC3)nc12,5.0,4.6023293,0.39767075
Cc1cccc2c(=O)[nH]c(CSC3CCN(Cc4nccn4C)CC3)nc12,5.080399,3.852129,1.22827
COC(=O)CN1CCC(n2cc(-c3cccc(OC)c3)c3c(N)ncnc32)CC1,5.0132284,7.469176,-2.4559474
Cc1cccc2c(=O)[nH]c(CSC3CCN(C(=O)CN)CC3)nc12,6.318759,6.232837,0.085921764
O=c1[nH]c(CSC2CCOCC2)nc2cc(NC3CCCCC3)ccc12,6.5185575,6.972288,-0.45373058
O=c1[nH]c(CSC2CCOCC2)nc2cc(NC3CCN(C4COC4)CC3)cc(F)c12,4.2740884,4.2049828,0.069105625
Cc1ccc(NC(=O)c2cccc(S(=O)(=O)n3ccc4c(C)cccc43)c2)c(C(=O)O)c1,4.4449058,4.369464,0.07544184
Cc1ccc(NC(=O)c2cccc(S(=O)(=O)n3ccc4cc(C)ccc43)c2)c(C(=O)O)c1,5.788079,8.493619,-2.7055402
O=C(N[C@H]1CC[C@H](SCc2nc3cc(OCC4CC4)cc(F)c3c(=O)[nH]2)CC1)C1CC1,6.69897,6.3648806,0.33408928
CCC(=O)N[C@H]1CC[C@H](SCc2nc3cc(OCC4CC4)cc(F)c3c(=O)[nH]2)CC1,8.30103,7.6206865,0.6803436
CNC(=O)CN1CCC(SCc2nc3cc(NC4CCCC4)cc(F)c3c(=O)[nH]2)CC1,5.179208,5.8566675,-0.6774597
CN1CC[C@@H](COc2cc(F)c3c(=O)[nH]c(CS[C@H]4CC[C@H](O)CC4)nc3c2)[C@H](F)C1,9.148742,9.210654,-0.061912537
CCC(=O)Nc1ccccc1-c1cccc2c1[nH]c1ccccc12,5.1985965,3.6195621,1.5790343
CCC(NC(=O)c1ccc(C2CC2)c(-c2ccc3nc(Nc4cnn(C5CC5)c4)ncc3c2)c1)c1cccc(C(F)(F)F)c1,7.0,4.637716,2.3622842
CN1CCOC(COc2cc(F)c3c(=O)[nH]c(CSC4CCOCC4)nc3c2)C1,8.031517,8.442442,-0.4109249
CN1CCN([C@H]2CC[C@@H](Nc3cc4nc(CSC5CCOCC5)[nH]c(=O)c4c(F)c3F)CC2)CC1,6.0,6.0065866,-0.0065865517
CN1CCN([C@H]2CC[C@H](Nc3cc4nc(CSC5CCOCC5)[nH]c(=O)c4c(F)c3F)CC2)CC1,5.50724,5.3210897,0.18615007
CN1CC[C@@H](SCc2nc3cc(NC4CCCC4)cc(F)c3c(=O)[nH]2)[C@@H](F)C1,8.886057,8.8048935,0.08116341
O=c1[nH]c(CSC2CCOCC2)nc2cc(OCC3CCOC3)cc(Br)c12,9.337242,9.20729,0.12995243
Cc1cccc2c(=O)[nH]c(CS[C@H]3CC[C@H](C(N)=O)CC3)nc12,4.493495,3.9522715,0.5412235
Cc1cccc2c(=O)[nH]c(CS[C@H]3CC[C@H](CC(N)=O)CC3)nc12,3.8239088,3.6756444,0.14826441
Cc1cccc2c(=O)[nH]c(CS[C@H]3CC[C@H](CCN)CC3)nc12,4.7212462,4.153802,0.5674443
Cc1cccc2c(=O)[nH]c(CS[C@H]3CC[C@H](CN(C)C)CC3)nc12,6.1811147,6.339876,-0.1587615
Cc1cccc2c(=O)[nH]c(CS[C@H]3CC[C@H](CN)CC3)nc12,5.552842,4.8356686,0.7171736
Cc1cccc2c(=O)[nH]c(CS[C@H]3CC[C@H](CO)CC3)nc12,8.0,7.8658,0.1342001
Cc1cccc2c(=O)[nH]c(CSc3ccncc3)nc12,6.609065,5.573168,1.0358973
Cc1cccc2c(=O)[nH]c(CSC3CCN(S(C)(=O)=O)CC3)nc12,4.5228786,4.410241,0.11263752
Cc1cccc2c(=O)[nH]c(CSC3CCNCC3)nc12,6.0,5.131021,0.868979
Cc1cccc2c(=O)[nH]c(CSC3CCOCC3)nc12,6.6382723,6.540291,0.09798145
CN1CC[C@H](CNc2cc3nc(CSC4CCOCC4)[nH]c(=O)c3c(F)c2F)[C@@H](F)C1,5.4449058,5.9439106,-0.49900484
CN1CC[C@H](COc2cc(F)c3c(=O)[nH]c(CS[C@H]4CC[C@H](O)CC4)nc3c2)[C@@H](F)C1,4.0,3.8709593,0.12904072
CN1CC[C@H](SCc2nc3cc(NC4CCCC4)cc(F)c3c(=O)[nH]2)[C@@H](F)C1,4.5850267,4.1193404,0.46568632
CN1C[C@H](COc2cc(F)c3c(=O)[nH]c(CSC4CCOCC4)nc3c2)[C@H](F)C1,5.928118,5.8083935,0.11972475
O=c1[nH]c(CSC2CCOCC2)nc2cc(NC3CCC3)cc(F)c12,6.7281585,6.4199824,0.30817604
O=c1[nH]c(CSC2CCOCC2)nc2cc(NC3CCC3)ccc12,5.055517,4.3927364,0.66278076
CS(=O)(=O)CCN1CCC(SCc2nc3cc(NC4CCCC4)cc(F)c3c(=O)[nH]2)CC1,6.0,5.972827,0.027173042
CS(=O)(=O)N1CC(Nc2ccc3c(=O)[nH]c(CSC4CCOCC4)nc3c2)C1,5.958607,4.12405,1.834557
CS(=O)(=O)N1CCC[C@@H](Nc2cc(F)c3c(=O)[nH]c(CSC4CCOCC4)nc3c2)C1,5.0,5.7859793,-0.7859793
CS(=O)(=O)N1CCC[C@@H](Nc2cc(F)c3c(=O)[nH]c(CS[C@H]4CC[C@H](O)CC4)nc3c2)C1,8.638272,8.825181,-0.18690872
Cc1ccc(NC(=O)c2ccc(CN3CCN(C)CC3)cc2)cc1Nc1nccc(-c2cncc(-c3cnns3)c2)n1,6.5850267,6.6116867,-0.026659966
O=c1[nH]c(CSC2CCNCC2)nc2cc(OCC3CC3)cc(F)c12,5.0,4.546778,0.4532218
O=c1[nH]c(CSC2CCNCC2)nc2cc(OCC3CC3)ccc12,9.346787,9.257077,0.089710236
O=c1[nH]c(CSC2CCNCC2)nc2cc(OCC3CCC3)cc(F)c12,4.0,6.0527973,-2.0527973
O=c1[nH]c(CSC2CCNCC2)nc2cc(OCC3CCCC3)cc(F)c12,6.279014,5.1988606,1.0801535
O=c1[nH]c(CSC2CCNCC2)nc2nc(OCC3CC3)ccc12,6.4867826,6.025814,0.4609685
O=c1[nH]c(CSC2CCOCC2)nc2cc(NC3CC3)ccc12,4.026295,4.553113,-0.5268178
Cc1ccc(NC(=O)c2ccc(CN3CCN(C)CC3)cc2)cc1Nc1nccc(-c2cncc(-c3snnc3C)c2)n1,4.026341,4.0135956,0.01274538
CS(=O)(=O)N1CCC[C@@H](Nc2ccc3c(=O)[nH]c(CS[C@H]4CC[C@H](O)CC4)nc3c2)C1,7.30103,5.9551935,1.3458366
O=c1[nH]c(CSC2CCOCC2)nc2cc(OC[C@H]3CCOC3)cc(F)c12,4.2549253,4.437072,-0.18214655
O=C(NC1=NN(c2ccc(Cl)c(Cl)c2)CC1)c1ccncn1,4.0,5.8029547,-1.8029547
COc1ccc2c(Oc3ccc(NC(=O)c4c(C)n(CC(C)(C)O)n(-c5ccccc5)c4=O)nc3)ccnc2c1,6.0,5.3393908,0.66060925
O=c1[nH]c(CSC2CCOCC2)nc2cc(OCC3CC(F)(F)C3)cc(F)c12,6.958607,6.2071886,0.7514186
O=c1[nH]c(CSC2CCOCC2)nc2cc(OCC3CC3(F)F)cc(F)c12,6.0,6.9090843,-0.9090843
O=c1[nH]c(CSC2CCOCC2)nc2cc(OCC3CC3)cc(F)c12,5.0,7.906131,-2.9061308
O=c1[nH]c(CSC2CCOCC2)nc2cc(OCC3CC3)ccc12,6.2196827,6.930149,-0.7104664
O=c1[nH]c(CSC2CCOCC2)nc2cc(OCC3CCC3)cc(F)c12,9.0,9.062671,-0.06267071
O=c1[nH]c(CSC2CCOCC2)nc2cc(OCC3CCCN(CC(F)F)C3)cc(F)c12,5.6575775,4.359394,1.2981834
O=c1[nH]c(CSC2CCOCC2)nc2cc(OCC3CCCO3)cc(F)c12,8.861769,6.756919,2.1048498
O=c1[nH]c(CSC2CCOCC2)nc2cc(OCC3CCCOC3)cc(F)c12,7.3769574,5.188349,2.1886086
O=c1[nH]c(CSC2CCOCC2)nc2cc(OCC3CCN(C4COC4)CC3)cc(F)c12,9.886057,8.566763,1.319294
COc1ncc(F)cc1CNc1ccc(Cc2c[nH]c3ncc(C)cc23)c(F)n1,5.271646,3.8350177,1.4366283
CN1CCN(Cc2cc(NC(=O)c3cccc(C#Cc4cnc5cnccn45)c3Cl)cc(C(F)(F)F)c2)CC1,8.443698,8.770024,-0.32632637
CCCCCCC(Sc1nc(Cl)cc(Nc2cccc(C)c2C)n1)C(=O)O,6.7695513,6.0428085,0.72674274
CN1CCC(SCc2nc3cc(NC4CCCC4)cc(F)c3c(=O)[nH]2)CC1,7.207608,6.5867066,0.6209016
CS(=O)(=O)N1CCC[C@@H](Nc2ccc3c(=O)[nH]c(CSC4CCOCC4)nc3c2)C1,5.69897,6.281331,-0.5823612
O=c1[nH]c(CSC2CCNCC2)nc2cc(NC3CCC(F)(F)C3)cc(F)c12,8.031517,7.618828,0.4126892
O=c1[nH]c(CSC2CCNCC2)nc2cc(NC3CCC3)cc(F)c12,5.60206,5.0324116,0.56964827
O=c1[nH]c(CSC2CCNCC2)nc2cc(NC3CCC3)ccc12,4.5622497,4.259657,0.30259275
O=c1[nH]c(CSC2CCNCC2)nc2cc(NC3CCCC3)c(F)c(F)c12,9.408936,9.258086,0.15084934
O=c1[nH]c(CSC2CCNCC2)nc2cc(NC3CCCC3)c(F)cc12,7.2216315,8.262462,-1.0408301
O=c1[nH]c(CSC2CCNCC2)nc2cc(NC3CCCC3)cc(Cl)c12,5.6382723,5.526438,0.11183405
O=c1[nH]c(CSC2CCNCC2)nc2cc(NC3CCCC3)ccc12,4.848324,4.6210313,0.22729254
O=c1[nH]c(CSC2CCNCC2)nc2cc(NC3CCCCC3)cc(F)c12,6.29073,6.837425,-0.54669523
O=c1[nH]c(CSC2CCNCC2)nc2cc(NCC3CC3(F)F)cc(F)c12,9.30103,8.862908,0.4381218
O=c1[nH]c(CSC2CCNCC2)nc2cc(NCC3CC3)cc(F)c12,6.129011,5.5908675,0.53814363
O=c1[nH]c(CSC2CCNCC2)nc2cc(NCC3CCC3)cc(F)c12,4.732828,4.916377,-0.18354893
Cc1ccc(NC(=O)[C@H]2CC[C@H](CN3CCN(C)CC3)CC2)cc1Nc1nccc(-c2cccnc2)n1,5.318759,5.073301,0.24545813
O=c1[nH]c(CSC2CCOCC2)nc2cc(OC[C@H]3CNC[C@H]3F)cc(F)c12,6.0,5.9712505,0.028749466
O=c1[nH]c(CSC2CCOCC2)nc2cc(SCC3CCOCC3)cc(F)c12,4.133979,4.0973377,0.03664112
Cc1cccnc1CN1CCC(SCc2nc3c(C)cccc3c(=O)[nH]2)CC1,3.69897,4.14133,-0.4423597
O=c1[nH]c(CSC2CCOCC2)nc2cc(OCC3CCOC3)cc(F)c12,5.268411,3.8944983,1.3739128
O=c1[nH]c(CSC2CCOCC2)nc2cc(OCC3CCOCC3)c(F)c(F)c12,5.920819,4.272175,1.648644
O=c1[nH]c(CSC2CCOCC2)nc2cc(OCC3CCOCC3)cc(Cl)c12,8.60206,8.754287,-0.15222645
O=c1[nH]c(CSC2CCOCC2)nc2cc(OCC3CCOCC3)cc(F)c12,9.0,9.052309,-0.052309036
O=c1[nH]c(CSC2CCOCC2)nc2cc(OCC3CCS(=O)(=O)CC3)cc(F)c12,8.39794,7.924881,0.4730587
O=c1[nH]c(CSC2CCOCC2)nc2cc(OCC3COC3)cc(F)c12,6.0,4.960437,1.0395632
O=c1[nH]c(CSC2CCOCC2)nc2cc(OCC3COCCO3)cc(F)c12,8.155212,8.239276,-0.08406353
O=c1[nH]c(CSC2CCOCC2)nc2cc(OC[C@H]3CCCO3)cc(F)c12,4.30103,3.667961,0.6330693
O=c1[nH]c(CSC2CCOCC2)nc2cc(OC[C@H]3CCC[C@H]3O)cc(F)c12,9.337242,6.295047,3.0421953
Cc1ccc(NC(=O)[C@H]2C[C@@H]2CN2CCN(C)CC2)cc1Nc1nccc(-c2cccnc2)n1,4.853872,4.9513454,-0.09747362
Cc1ccc(NC(=O)NCc2cccc(Cl)c2)cc1Nc1nccc(-c2cccnc2)n1,4.386158,3.6568162,0.72934175
Cc1ccc(NC(=O)Nc2cccnc2)cc1Nc1nccc(-c2cccnc2)n1,6.920819,6.2696776,0.65114117
Cc1ccc(NC(=O)[C@@H]2CC[C@H](CN3CCN(C)CC3)C2)cc1Nc1nccc(-c2cccnc2)n1,6.823909,5.149336,1.674573
Cc1ccc(NC(=O)[C@@H]2C[C@H]2CN2CCN(C)CC2)cc1Nc1nccc(-c2cccnc2)n1,7.6777806,6.161755,1.5160255
Cc1ccc(NC(=O)C23CC(CN4CCN(C)CC4)(C2)C3)cc1Nc1nccc(-c2cccnc2)n1,5.4436975,4.364794,1.0789037
Cc1ccc(NC(=O)CCCCCN2CCN(C)CC2)cc1Nc1nccc(-c2cccnc2)n1,7.154902,6.8343453,0.32055664
Cc1ccc(NC(=O)CCCCN2CCN(C)CC2)cc1Nc1nccc(-c2cccnc2)n1,5.266803,5.3901777,-0.12337494
O=c1[nH]c(CSC2CCN(Cc3ccccn3)CC2)nc2cc(NC3CCCC3)cc(F)c12,6.853872,6.0393276,0.8145442
Cc1ccc(F)c2c(=O)[nH]c(CSC3CCC(O)CC3)nc12,6.391474,5.4012766,0.9901972
Cc1ccc(F)c2c(=O)[nH]c(CSC3CCNCC3)nc12,5.53121,5.4245768,0.10663319
Cc1ccc(F)c2c(=O)[nH]c(CSC3CCOCC3)nc12,7.853872,5.567322,2.28655
Cc1ccc(F)c2c(=O)[nH]c(CS[C@H]3CC[C@@H](O)CC3)nc12,8.1549015,6.932578,1.2223234
Cc1ccc(F)c2c(=O)[nH]c(CS[C@H]3CC[C@H](O)CC3)nc12,4.169411,3.5924497,0.5769615
O=c1[nH]c(CSC2CCCNCC2)nc2cc(NC3CCCC3)ccc12,4.90309,4.360562,0.54252815
O=c1[nH]c(CSC2CCN(C3COC3)CC2)nc2cc(NCC3CC3)cc(F)c12,3.8239088,3.8253088,-0.0013999939
O=c1[nH]c(CSC2CCN(C3CS(=O)(=O)C3)CC2)nc2cc(NC3CCCC3)cc(F)c12,5.0271955,4.469756,0.5574393
O=c1[nH]c(CSC2CCN(CC(F)(F)F)CC2)nc2cc(NC3CCCC3)cc(F)c12,7.2596374,7.2941113,-0.034473896
O=c1[nH]c(CSC2CCN(CC(F)(F)F)CC2)nc2cc(NC3CCCC3)ccc12,4.4449058,3.7235045,0.7214012
O=c1[nH]c(CSC2CCN(CC(F)F)CC2)nc2cc(NC3CCCC3)ccc12,8.421362,6.0932045,2.3281574
O=c1[nH]c(CSC2CCN(CCC(F)(F)F)CC2)nc2cc(NC3CCCC3)ccc12,5.4792547,6.0620823,-0.58282757
Cc1ccc(CCCCN2C(=O)N[C@H](Cc3c[nH]c4c(Cl)cccc34)C2=O)cc1C#Cc1cnc2cccnn12,7.080922,5.4805107,1.6004114
Cc1ccc(Cl)c2c(=O)[nH]c(CSC3CCOCC3)nc12,9.251812,8.928217,0.32359505
O=c1[nH]c(CSC2CCC(F)(F)CC2)nc2cc(OCC3CCOCC3)cc(F)c12,6.2676063,5.69289,0.5747161
O=c1[nH]c(CSC2CCC(O)CC2)nc2cc(NC3CCCC3)cc(F)c12,4.2633085,5.2500052,-0.9866967
O=c1[nH]c(CSC2CCCCC2)nc2cc(NC3CCCC3)c(F)c(F)c12,6.6575775,6.090927,0.5666504
O=c1[nH]c(CSC2CCCCC2)nc2cc(NC3CCCC3)cc(F)c12,4.5157003,4.9858837,-0.47018337
O=c1[nH]c(CSC2CCS(=O)(=O)CC2)nc2cc(NC3CCCC3)cc(F)c12,5.275724,5.1378136,0.13791037
O=c1[nH]c(CSC2CCS(=O)(=O)CC2)nc2cc(OCC3CCC3)cc(F)c12,6.9914,6.1935024,0.79789734
O=c1[nH]c(CS[C@@H]2CCNC[C@H]2F)nc2cc(OCC3CC3)cc(F)c12,5.6382723,5.1752615,0.4630108
O=c1[nH]c(CS[C@H]2CCNC[C@@H](F)C2)nc2cc(NC3CCCC3)cc(F)c12,5.2132487,5.6298995,-0.41665077
O=c1[nH]c(CS[C@H]2CCNC[C@@H]2C(F)(F)F)nc2cc(NC3CCCC3)cc(F)c12,4.0,3.7987032,0.2012968
O=c1[nH]c(CS[C@H]2CCNC[C@@H]2F)nc2cc(NC3CCCC3)cc(F)c12,9.283997,8.873378,0.41061878
O=c1[nH]c(CS[C@H]2CCNC[C@H](F)C2)nc2cc(NC3CCCC3)cc(F)c12,7.958607,7.1319027,0.8267045
O=c1[nH]c(CS[C@H]2CCNC[C@H]2F)nc2cc(NC3CCCC3)cc(F)c12,4.49485,4.322174,0.17267609
O=c1[nH]c(CS[C@H]2CCNC[C@H]2F)nc2cc(NCC3CCC3)c(F)cc12,5.6382723,5.331682,0.30659008
COC(=O)N1CCC(SCc2nc3cc(NC4CCCC4)ccc3c(=O)[nH]2)CC1,5.154902,5.234176,-0.07927418
Cc1cn(-c2cc(C#Cc3ccc(C)c(Nc4cc(-c5cccnc5)ccn4)c3)cc(C(F)(F)F)c2)cn1,6.5086384,6.786515,-0.27787685
Cc1ccc(C(=O)Nc2cccc(Nc3nccc(-c4cccnc4)n3)c2)cc1,6.0,5.7219057,0.2780943
Cc1ccc(C(F)(F)F)c2c(=O)[nH]c(CSC3CCC(O)CC3)nc12,9.747147,8.307675,1.4394712
Cc1ccc(C(F)(F)F)c2c(=O)[nH]c(CSC3CCOCC3)nc12,8.30103,8.00247,0.29856014
Cc1ccc(C(F)(F)F)c2c(=O)[nH]c(CS[C@H]3CC[C@@H](O)CC3)nc12,5.3645163,4.8312273,0.53328896
Cc1ccc(C(F)(F)F)c2c(=O)[nH]c(CS[C@H]3CC[C@H](O)CC3)nc12,6.391474,6.3495045,0.0419693
CN(C)[C@H]1CC[C@H](SCc2nc3cc(OCC4CC4)cc(F)c3c(=O)[nH]2)CC1,5.0,4.920883,0.07911682
O=c1[nH]c(CS[C@H]2CC[C@H](O)CC2)nc2cc(NC3CCCC3(F)F)cc(F)c12,4.7999983,4.410076,0.38992214
CC1(C)CC(COc2cc(F)c3c(=O)[nH]c(CS[C@H]4CC[C@H](O)CC4)nc3c2)CO1,5.0,5.657673,-0.6576729
O=c1[nH]c(CS[C@H]2CC[C@@H](CO)CC2)nc2cc(NC3CCCCC3)ccc12,5.0,5.453596,-0.45359612
O=c1[nH]c(CS[C@H]2CC[C@@H](CO)CC2)nc2cc(Nc3ccccc3)ccc12,4.6675615,3.7389638,0.9285977
Cc1cn(-c2cc(NC(=O)c3ccc(C)c(Nc4cc(-c5ccc(F)nc5)ccn4)c3)cc(C(F)(F)F)c2)cn1,9.346787,9.315608,0.031179428
Cc1cn(-c2cc(NC(=O)c3ccc(C)c(Nc4cc(-c5cnc6ccccc6c5)ccn4)c3)cc(C(F)(F)F)c2)cn1,4.026295,3.7586496,0.2676456
Cc1cn(-c2cc(NC(=O)c3ccc(C)c(C#Cc4cnc(N5CCCC5)nc4)c3)cc(C(F)(F)F)c2)cn1,5.5686364,5.0287123,0.53992414
O=c1[nH]c(CSC2CCS(=O)(=O)CC2)nc2cc(NC3CCCC3)c(F)c(F)c12,4.69897,3.990899,0.70807076
CCCc1c(C#Cc2cnc3cnccn23)cccc1C(=O)Nc1cc(CN2CCN(C)CC2)cc(C(F)(F)F)c1,8.522879,8.929559,-0.4066801
Cc1ccc(C(=O)Nc2ccc(CN3CCN(C)CC3)c(C(F)(F)F)c2)cc1C#Cc1cnc[nH]1,5.0,5.3993645,-0.39936447
C[C@@H](Sc1cc(-c2cnn(C3CCNCC3)c2)cnc1N)c1c(Cl)ccc(F)c1Cl,7.180456,4.8556094,2.3248467
Cc1n[nH]c2ccc(-c3cc(N[C@@H](CO)c4ccccc4)cnc3Cl)cc12,6.4436975,6.670288,-0.22659063
O=c1[nH]c(CS[C@H]2CC[C@@H](O)CC2)nc2cc(NC3CCCC3)ccc12,4.3736596,3.5757198,0.7979398
O=c1[nH]c(CS[C@H]2CC[C@@H](O)CC2)nc2cc(Nc3cccnc3)ccc12,4.4828043,4.7751007,-0.2922964
O=c1[nH]c(CS[C@H]2CC[C@@H](O)CC2)nc2cc(OCC3CCOCC3)cc(F)c12,9.267606,6.405485,2.8621206
O=c1[nH]c(CS[C@H]2CC[C@@H](OC(F)(F)F)CC2)nc2cc(OCC3CCOCC3)cc(F)c12,4.69897,4.3200483,0.3789215
O=c1[nH]c(CS[C@H]2CC[C@H](C(=O)O)CC2)nc2cc(NC3CCCC3)cc(F)c12,7.7283907,5.7526064,1.9757843
O=c1[nH]c(CS[C@H]2CC[C@H](CO)CC2)nc2cc(NC3CCCC3)ccc12,5.377,6.035808,-0.65880823
O=c1[nH]c(CS[C@H]2CC[C@H](CO)CC2)nc2cc(NC3CCCCC3)ccc12,7.6575775,8.397668,-0.74009037
O=c1[nH]c(CS[C@H]2CC[C@H](CO)CC2)nc2cc(Nc3cccnc3)ccc12,5.0,5.112369,-0.11236906
O=c1[nH]c(CS[C@H]2CC[C@H](O)CC2)nc2cc(NC3CCC3)ccc12,4.9172144,4.8763943,0.04082012
C[C@@H]1CCN(C(=O)CC#N)C[C@@H]1n1ccc2cnc3[nH]cc(C#N)c3c21,5.207608,5.1216335,0.08597469
C[C@@H]1CCN(C(=O)CC#N)C[C@@H]1n1ccc2cnc3[nH]ccc3c21,6.0,7.5718884,-1.5718884
O=c1[nH]c(CSC2CCOCC2)nc2cc(N[C@H]3CC[C@@H](N4CCOCC4)CC3)cc(F)c12,4.9871626,4.99947,-0.012307644
Cc1ccc(C(=O)Nc2cc(F)cc(-c3cnn(C)c3)c2)cc1Nc1cc(-c2cccnc2)ccn1,5.0,5.3793464,-0.37934637
CN(C)Cc1c(F)cccc1-c1ccc2nc(NC(=O)[C@@H]3C[C@@H]3F)cn2c1,6.5850267,5.5449896,1.0400372
O=c1[nH]c(CS[C@H]2CC[C@H](O)CC2)nc2cc(NC3CCCC3)c(F)c(F)c12,5.500038,4.6200123,0.88002586
O=c1[nH]c(CS[C@H]2CC[C@H](O)CC2)nc2cc(NC3CCCC3)c(F)cc12,7.7212462,8.689227,-0.96798086
O=C(C1CC1)N1CCC(COc2cc(F)c3c(=O)[nH]c(CSC4CCOCC4)nc3c2)CC1,3.2596374,3.691277,-0.43163967
CC(NC(=O)c1ccc(C2CC2)c(-c2ccc3nc(Nc4cnn(C5CC5)c4)ncc3c2)c1)c1cccc(C(F)(F)F)c1,4.8153086,3.917173,0.89813566
CC(NC(=O)c1ccc2[nH]nc(-c3ccncc3)c2c1)c1cccc(Cl)c1,6.0,5.278229,0.72177076
CC(NC(=O)c1cccc(C(F)(F)F)c1)c1ccc(C2CC2)c(-c2ccc3nc(Nc4cnn(C5CC5)c4)ncc3c2)c1,5.5622497,5.154847,0.40740252
CC1(C)CC(SCc2nc3cc(OCC4CCC4)cc(F)c3c(=O)[nH]2)CCO1,5.0,6.192625,-1.192625
CC(Oc1cc(F)c2c(=O)[nH]c(CSC3CCOCC3)nc2c1)C1CCCC1,3.455932,3.3114586,0.14447331
O=c1[nH]c(CS[C@H]2CC[C@H](O)CC2)nc2cc(Nc3ccccc3)ccc12,6.0,5.1960025,0.8039975
O=c1[nH]c(CS[C@H]2CC[C@H](O)CC2)nc2cc(Nc3cccnc3)ccc12,4.823909,3.971672,0.85223675
O=c1[nH]c(CS[C@H]2CC[C@H](O)CC2)nc2cc(OCC3CCCC3)cc(F)c12,9.0,8.6526575,0.3473425
O=c1[nH]c(CS[C@H]2CC[C@H](O)CC2)nc2cc(OCC3CCCOC3)cc(F)c12,6.5228786,5.9287887,0.59409
O=c1[nH]c(CS[C@H]2CC[C@H](O)CC2)nc2cc(OCC3CCOC3)cc(F)c12,5.481486,4.2047653,1.2767205
Cc1nc(NC(=O)c2ccc(C)c(C#Cc3cnc4cccnn34)c2)cc(N2CCN(CCO)CC2)n1,5.0,6.185129,-1.1851292
CC(F)(F)CN1CCC(SCc2nc3cc(NC4CCCC4)ccc3c(=O)[nH]2)CC1,7.031517,7.9270253,-0.8955083
Cc1ccc(C(=O)Nc2cc(-c3c(C)noc3C)cc(C(F)(F)F)c2)cc1Nc1cc(-c2cccnc2)ccn1,4.8292103,6.0332923,-1.204082
Cc1ccc(C(=O)Nc2cc(-c3c(C)noc3C)cc(C(F)(F)F)c2)cc1Nc1cccc(-c2cccnc2)c1,6.468521,5.1322994,1.3362217
Cc1ccc(C(=O)Nc2cc(-c3cnn(C)c3)cc(C(F)(F)F)c2)cc1Nc1cc(-c2cnc3ccccc3c2)ccn1,4.686133,5.678893,-0.9927602
Cc1ccc(C(=O)Nc2cc(-c3cnn(C)c3)cc(C(F)(F)F)c2)cc1Nc1cccc(-c2cccnc2)c1,4.5751185,3.8499777,0.7251408
Nc1ncnc2c1c(-c1ccccc1)cn2-c1ccc(CNCCO)cc1,5.2596374,5.4698286,-0.21019125
Cc1ccc(C#Cc2cc(-c3cnn(C)c3)cc(C(F)(F)F)c2)cc1Nc1cc(-c2cccnc2)ccn1,5.6575775,5.3225174,0.33506012
Cc1ccc(C#Cc2cnc3cnccn23)cc1C(=O)Nc1cc(CN2CCN(C)CC2)cc(C(F)(F)F)c1,7.7520266,8.659997,-0.9079704
Cc1ccc(-n2nc(C(C)(C)C)cc2NC(=O)Nc2ccc(-c3ccc(CN4CCOCC4)nc3)c3ccccc23)cc1,5.377786,5.1829324,0.19485378
Cc1ccc(-c2nn(CCN3CCC(CCN(C)C)CC3)c3ncnc(N)c23)cc1,7.7212462,6.2885284,1.4327178
Cc1ccc(-c2nn(CCN3CCC(CN(C)C)CC3)c3ncnc(N)c23)cc1,4.39794,4.439511,-0.041570663
Cc1ccc(-c2nn(CCN3CCC(N(C)C)CC3)c3ncnc(N)c23)cc1,8.0,7.9292526,0.070747375
Cc1ccc(-c2nn(CCN3CCN(C)CC3)c3ncnc(N)c23)cc1,6.8632793,6.490338,0.3729415
Cc1ccc(-c2nn(CCN3CCN(CCN(C)C)CC3)c3ncnc(N)c23)cc1,7.008774,6.563451,0.445323
CO[C@H]1CC[C@@H](Nc2cc3nc(CS[C@H]4CC[C@H](O)CC4)[nH]c(=O)c3c(F)c2F)CC1,7.154902,7.004801,0.15010118
CO[C@H]1CC[C@@H](SCc2nc3cc(OCC4CCOCC4)cc(F)c3c(=O)[nH]2)CC1,7.2596374,7.17739,0.08224726
O=c1[nH]c(CS[C@H]2CC[C@H](O)CC2)nc2cc(NC3CCCC3)cc(C(F)(F)F)c12,6.316053,5.6941566,0.62189627
O=c1[nH]c(CS[C@H]2CC[C@H](O)CC2)nc2cc(NC3CCCC3)ccc12,5.0680337,4.7020817,0.36595201
O=c1[nH]c(CS[C@H]2CC[C@H](O)CC2)nc2cc(NC3CCCCC3)cc(F)c12,4.951675,3.8296087,1.1220663
O=c1[nH]c(CS[C@H]2CC[C@H](O)CC2)nc2cc(NC3CCN(CCC(F)(F)F)CC3)c(F)c(F)c12,5.4449058,4.2306404,1.2142653
O=c1[nH]c(CS[C@H]2CC[C@H](O)CC2)nc2cc(NCC3CC3)ccc12,5.3665314,4.832018,0.5345135
O=c1[nH]c(CS[C@H]2CC[C@H](O)CC2)nc2cc(N[C@@H]3CCCOC3)c(F)c(F)c12,5.7212462,5.147354,0.5738921
O=c1[nH]c(CS[C@H]2CC[C@H](O)CC2)nc2cc(N[C@@H]3CCC[C@@H]3F)cc(F)c12,4.823909,4.0673394,0.7565694
O=c1[nH]c(CS[C@H]2CC[C@H](O)CC2)nc2cc(N[C@H]3CCC[C@@H]3F)cc(F)c12,4.600326,5.0134974,-0.4131713
COc1ccc(CN2CCC(SCc3nc4c(C)cccc4c(=O)[nH]3)CC2)nc1,6.0,5.169216,0.83078384
CO[C@H]1CC[C@H](Nc2cc3nc(CS[C@H]4CC[C@H](O)CC4)[nH]c(=O)c3c(F)c2F)CC1,4.0,3.8832011,0.11679888
CO[C@H]1CC[C@H](SCc2nc3cc(OCC4CCOCC4)cc(F)c3c(=O)[nH]2)CC1,4.026341,3.8306699,0.19567108
CO[C@H]1C[C@@H](Nc2cc3nc(CSC4CCOCC4)[nH]c(=O)c3c(F)c2F)C1,6.0,5.6178946,0.38210535
CO[C@H]1C[C@@H](Nc2cc3nc(CS[C@H]4CC[C@H](NC(C)=O)CC4)[nH]c(=O)c3c(F)c2F)C1,6.6382723,5.7371316,0.9011407
CC(C)S(=O)(=O)c1ccccc1Nc1nc(Nc2cccc(NC(=O)CN)c2)ncc1Cl,5.8181562,5.0241804,0.79397583
CN(C)C(=O)N1CCC(SCc2nc3cc(NC4CCCC4)cc(F)c3c(=O)[nH]2)CC1,4.7520266,3.886129,0.86589766
COc1cc(Nc2nc(NCc3cccc(NC(=O)CCl)c3)n3ccnc3c2C(N)=O)cc(OC)c1,5.388383,4.893066,0.49531698
CC(C)NCc1c(F)cccc1-c1ccc2nc(NC(=O)[C@@H]3C[C@@H]3F)cn2c1,7.552842,5.722419,1.8304234
CC(C)Nc1ccc2c(=O)[nH]c(CSC3CCOCC3)nc2c1,5.6615434,5.840996,-0.17945242
CC(C)OC(=O)C(C)(C)Oc1ccc(C(=O)c2ccc(Cl)cc2)cc1,8.619789,9.126543,-0.5067539
CC(C)c1c(C#Cc2cnc3cnccn23)cccc1C(=O)Nc1cc(CN2CCN(C)CC2)cc(C(F)(F)F)c1,5.844664,6.4886665,-0.64400244
O=c1[nH]c(CS[C@H]2CC[C@H](O)CC2)nc2cc(OCC3CCOCC3)cc(F)c12,7.124939,5.9255605,1.1993785
O=c1[nH]c(CS[C@H]2CC[C@H](O)CC2)nc2cc(OC[C@@H]3CCOC3)cc(F)c12,8.869666,9.189294,-0.31962776
O=c1[nH]c(CS[C@H]2CC[C@H](OC(F)(F)F)CC2)nc2cc(OCC3CCOCC3)cc(F)c12,4.0,5.4472017,-1.4472017
CN(C)C1CCN(CCn2nc(-c3ccc(CC(=O)O)cc3)c3c(N)ncnc32)CC1,9.443698,8.928217,0.515481
CN(C)C1CCN(CCn2nc(-c3ccc(CC(=O)OC(C)(C)C)cc3)c3c(N)ncnc32)CC1,8.468521,9.15704,-0.6885185
CN(C)C1CCN(CCn2nc(-c3ccc(NC(=O)OC(C)(C)C)cc3)c3c(N)ncnc32)CC1,5.844664,5.7883005,0.056363583
Cc1cc(OCC2CCC2)cc2nc(CSC3CCOCC3)[nH]c(=O)c12,5.031517,3.9523218,1.0791953
Cc1cc(OCC2CCOCC2)cc2nc(CSC3CCOCC3)[nH]c(=O)c12,7.251812,6.3643093,0.8875027
CCn1c(SCC(=O)Nc2ccc(C(=O)O)cc2)nnc1-c1cc2cccc(OC)c2o1,5.958607,4.702956,1.255651
CO[C@H]1C[C@@H](Nc2cc3nc(CS[C@H]4CC[C@H](O)CC4)[nH]c(=O)c3c(F)c2F)C1,5.207608,5.329913,-0.12230492
CO[C@H]1C[C@@H](Nc2cc3nc(CS[C@H]4CC[C@](C)(O)CC4)[nH]c(=O)c3c(F)c2F)C1,5.8579235,6.645547,-0.7876234
CO[C@H]1C[C@H](Nc2cc3nc(CSC4CCOCC4)[nH]c(=O)c3c(F)c2F)C1,9.552842,8.998942,0.55389977
COc1c(C#Cc2cnc3cnccn23)cccc1C(=O)Nc1cc(CN2CCN(C)CC2)cc(C(F)(F)F)c1,5.161214,4.2977405,0.8634734
CC(C)(O)C(=O)N1CCC(SCc2nc3cc(NC4CCCC4)cc(F)c3c(=O)[nH]2)CC1,5.2596374,4.6959763,0.5636611
C[C@]1(O)CC[C@H](SCc2nc3cc(OCC4CCOC4)cc(F)c3c(=O)[nH]2)CC1,5.4259686,5.707531,-0.28156233
COc1cc(-c2nn(CCN3CCC(N(C)C)CC3)c3ncnc(N)c23)ccc1Cc1ncc(C)o1,6.737549,6.3596807,0.37786818
COc1cc(-c2nn(CCN3CCC(N(C)C)CC3)c3ncnc(N)c23)ccc1NC(=O)CC(C)(C)C,7.2676063,5.8566523,1.410954
CC(C)(C)n1nc(-c2ccc3ccccc3c2)c2c(N)ncnc21,7.69897,8.296991,-0.5980215
CC(C)(COc1cc(F)c2c(=O)[nH]c(CSC3CCOCC3)nc2c1)C(F)(F)F,5.3467875,5.8124146,-0.4656272
Cc1cc(Nc2ccc3c(=O)[nH]c(CSC4CCOCC4)nc3c2)on1,5.6382723,4.849385,0.7888875
C[C@@H]1C[C@H]2CN1CCn1[nH]c3c(cccc3c1=O)-c1nc3c(cccc3[nH]c1=O)O2,6.221849,5.6311893,0.5906596
COc1cc(C2CN(C(=O)c3cc(COC[C@@H](O)CO)ccn3)C2)ccc1OCc1ccc(C2CC2)cc1,7.69897,8.562564,-0.86359406
O=c1ncn2nc(Sc3ccc(F)cc3F)ccc2c1-c1c(Cl)cccc1Cl,4.429457,4.116822,0.31263542
Cn1cc(-c2cc(S(C)(=O)=O)ccc2Oc2ccc(F)cc2F)c2cc[nH]c(=O)c21,7.29243,5.522938,1.7694921
Cn1cc(-c2cnc(Nc3cccc(Cn4nc(-c5cnn(C)c5)ccc4=O)c3)nc2)cn1,6.0,5.3750043,0.6249957
CC(C)(C)CNc1cc2nc(CSC3CCOCC3)[nH]c(=O)c2c(F)c1F,5.0,6.7858305,-1.7858305
CC(C)(C)COc1cc(F)c2c(=O)[nH]c(CSC3CCOCC3)nc2c1,4.787812,5.296523,-0.50871086
COc1cc(-c2nn(CCN3CCC(N(C)C)CC3)c3ncnc(N)c23)ccc1NC(=O)NC(C)(C)C,4.69897,4.486463,0.21250677
COc1cc(-c2nn(CCN3CCC(N(C)C)CC3)c3ncnc(N)c23)ccc1NCc1ccccc1,5.0952845,3.89737,1.1979144
Cc1cc(NC2CCCC2)cc2nc(CSC3CCNCC3)[nH]c(=O)c12,7.154902,6.6286163,0.52628565
Cc1cc(NCC2CC2(F)F)cc2nc(CSC3CCNCC3)[nH]c(=O)c12,8.0,7.8293066,0.1706934
Cc1cc(Cl)cc2c(=O)[nH]c(CSC3CCOCC3)nc12,5.673664,5.182497,0.49116707
C[C@]1(O)CC[C@H](SCc2nc3cc(OCC4CCOCC4)cc(F)c3c(=O)[nH]2)CC1,5.0,4.6290693,0.37093067
O=C(Cc1cccc(OCCCN2CCNCC2)c1)Nc1nc(-c2ccncc2)cs1,8.522879,7.3944807,1.128398
CC(=O)Nc1ccc(CN2CCC(SCc3nc4c(C)cccc4c(=O)[nH]3)CC2)cc1,5.3645163,5.107966,0.2565503
N#CCN1CCC(SCc2nc3cc(NC4CCCC4)cc(F)c3c(=O)[nH]2)CC1,4.30103,3.7848291,0.516201
N#CCNC(=O)c1ccc(-c2ccnc(Nc3ccc(N4CCOCC4)cc3)n2)cc1,7.4861417,8.125285,-0.63914347
N#C[C@H]1CC[C@@H](Nc2cc3nc(CSC4CCOCC4)[nH]c(=O)c3c(F)c2F)CC1,6.0,5.1471953,0.85280466
N#C[C@H]1CC[C@H](Nc2cc3nc(CSC4CCOCC4)[nH]c(=O)c3c(F)c2F)CC1,5.251812,4.1596766,1.0921354
N#CCC(=O)Nc1nc(-c2ccc(Cl)c(Cl)c2)ns1,5.0,4.933175,0.06682491
CC(=O)N[C@H]1CC[C@@H](SCc2nc3cc(OCC4CC4)cc(F)c3c(=O)[nH]2)CC1,5.3018994,6.037645,-0.73574543
CC(=O)N[C@H]1CC[C@H](SCc2nc3cc(NC4CCC4)c(F)c(F)c3c(=O)[nH]2)CC1,3.60206,3.8307896,-0.22872949
CC(=O)N[C@H]1CC[C@H](SCc2nc3cc(OCC4CC4)cc(F)c3c(=O)[nH]2)CC1,4.0,3.9956555,0.0043444633
CC(=O)N[C@H]1CC[C@H](SCc2nc3cc(OCC4CCOC4)cc(F)c3c(=O)[nH]2)CC1,4.632644,4.1221657,0.5104785
CC(=O)N[C@H]1CC[C@H](SCc2nc3cc(OCC4CCOCC4)cc(F)c3c(=O)[nH]2)CC1,5.275724,4.6783886,0.59733534
N#Cc1ccc(N2CC[C@@H](Nc3c(C(N)=O)cnc4[nH]ccc34)[C@@H](F)C2)nc1,4.9100947,4.7843447,0.12575006
N#Cc1cc(OCC2CCOC2)cc2nc(CSC3CCOCC3)[nH]c(=O)c12,5.275724,4.6687512,0.6069727
NC(=O)CN1CCC(SCc2nc3cc(NC4CCCC4)cc(F)c3c(=O)[nH]2)CC1,8.026872,8.341636,-0.31476402
NC(=O)[C@H]1CC[C@H](SCc2nc3cc(NC4CCCC4)cc(F)c3c(=O)[nH]2)CC1,6.0,5.246278,0.7537222
C[C@]1(O)C[C@@H](COc2cc(F)c3c(=O)[nH]c(CSC4CCOCC4)nc3c2)C1,5.823909,4.7102604,1.1136484
Cc1cc(-c2n[nH]c3ccc(C(=O)NC(C)c4c(Cl)cncc4Cl)cc23)ccn1,5.0,5.4189897,-0.41898966
C[C@]1(O)C[C@H](COc2cc(F)c3c(=O)[nH]c(CSC4CCOCC4)nc3c2)C1,9.2218485,8.86629,0.3555584
CCO[C@H]1C[C@@H](Nc2cc3nc(CSC4CCOCC4)[nH]c(=O)c3c(F)c2F)C1,8.455932,8.436261,0.019670486
CCc1ccc(C(C)NC(=O)c2cccc(C(F)(F)F)c2)cc1-c1ccc2nc(Nc3cnn(C)c3)ncc2c1,8.259637,9.057184,-0.79754734
CC(=O)N1CC[C@@H](Nc2cc3nc(CS[C@H]4CC[C@H](O)CC4)[nH]c(=O)c3c(F)c2F)C1,4.7721133,4.237566,0.5345473
CC(=O)N1CCC(COc2cc(F)c3c(=O)[nH]c(CSC4CCOCC4)nc3c2)C1,4.1763887,4.9706583,-0.79426956
CC(=O)N1CCC(COc2cc(F)c3c(=O)[nH]c(CS[C@H]4CC[C@@H](O)CC4)nc3c2)CC1,7.221849,6.1601105,1.0617385
CC(=O)N1CCC(COc2cc(F)c3c(=O)[nH]c(CS[C@H]4CC[C@@](C)(O)CC4)nc3c2)CC1,9.443698,9.350057,0.09364128
CC(=O)NC1(C)CCC(SCc2nc3cc(OCC4CC4)cc(F)c3c(=O)[nH]2)CC1,7.769807,8.383853,-0.6140461
CCc1cc2c(cc1N1CCN(CC3(O)CCOCC3)CC1)C(C)(C)c1[nH]c3cc(C#N)ccc3c1C2=O,7.7212462,5.528409,2.1928372
O=c1[nH]c(CSC2CCOCC2)nc2cc(N[C@H]3C[C@@H](OC(F)(F)F)C3)c(F)c(F)c12,6.184983,5.441896,0.7430868
CC1(SCc2nc3cc(OCC4CCOCC4)cc(F)c3c(=O)[nH]2)CCOCC1,9.0,8.474957,0.52504253
CC1(C)c2cc(C3CCN(CC4CCOCC4)CC3)ccc2C(=O)c2c1[nH]c1cc(C#N)ccc21,7.0132284,5.4503074,1.562921
O=c1[nH]c(CSC2CCOCC2)nc2cc(NCCC3CCCC3)ccc12,5.7721133,5.052145,0.7199683
O=c1[nH]c(CSC2CCOCC2)nc2cc(NCCN3CCOCC3)cc(F)c12,5.9100947,5.331176,0.57891893
O=c1[nH]c(CSC2CCOCC2)nc2cc(NCc3ccccc3)ccc12,5.9931064,5.253677,0.7394295
O=c1[nH]c(CSC2CCOCC2)nc2cc(Nc3ccon3)ccc12,7.6777806,7.4553037,0.22247696
O=c1[nH]c(CSC2CCOCC2)nc2cc(OC3CCCC3)ccc12,3.7878125,4.1742754,-0.38646293
Cc1cccc(CN2CCC(SCc3nc4c(C)cccc4c(=O)[nH]3)CC2)n1,4.3477535,5.4697356,-1.1219821
O=c1[nH]c(CSC2CCOCC2)nc2cc(NCc3cccnc3)ccc12,6.2009974,5.4675326,0.7334647
O=c1[nH]c(CSC2CCOCC2)nc2cc(N[C@@H]3CCCOC3)c(F)c(F)c12,9.2218485,9.201234,0.020614624
CC(=O)N1CCCC(COc2cc(F)c3c(=O)[nH]c(CSC4CCOCC4)nc3c2)C1,4.1378684,3.500246,0.63762236
COc1ccc(-c2cc(NC(=O)c3ccc(C)c(Nc4cc(-c5ccc(OC)nc5)ccn4)c3)cc(C(F)(F)F)c2)cc1,5.080922,3.9996731,1.081249
CC(=O)N1CCC(CNc2cc3nc(CSC4CCOCC4)[nH]c(=O)c3c(F)c2F)CC1,9.259637,8.981877,0.27775955
CC(=O)N1CCC(CNc2cc3nc(CS[C@H]4CC[C@H](O)CC4)[nH]c(=O)c3c(F)c2F)CC1,5.053155,3.8779683,1.1751866
NC[C@@]1(F)CC[C@@H](SCc2nc3cc(NC4CCCC4)cc(F)c3c(=O)[nH]2)CO1,5.8664613,5.713718,0.15274334
NC[C@@]1(F)CC[C@H](SCc2nc3cc(NC4CCCC4)cc(F)c3c(=O)[nH]2)CO1,8.958608,9.02232,-0.06371212
CC(=O)N1CCC(COc2cc(F)c3c(=O)[nH]c(CS[C@H]4CC[C@H](O)CC4)nc3c2)CC1,5.6382723,4.608551,1.0297213
CC(=O)N1CCC(COc2cc(F)c3c(=O)[nH]c(CS[C@H]4CC[C@](C)(O)CC4)nc3c2)CC1,6.0371575,5.701928,0.3352294
NCc1c(F)cccc1-c1ccc2nc(NC(=O)[C@@H]3C[C@@H]3F)cn2c1,5.2596374,4.5569735,0.7026639
Cc1c(F)ccc2c(=O)[nH]c(CSC3CCOCC3)nc12,5.314258,6.925898,-1.61164
O=C(CO)N1CCC(SCc2nc3cc(NC4CCCC4)cc(F)c3c(=O)[nH]2)CC1,5.0,4.7471504,0.25284958
O=C(CO)N1CCC(SCc2nc3cc(OCC4CCC4)cc(F)c3c(=O)[nH]2)CC1,9.2218485,9.010295,0.21155357
C=CC(=O)Nc1ccc(-n2nc3c(=O)[nH]nc(N)c3c2-c2oc3ccc(C)cc3c2C)cc1,3.69897,3.4339802,0.26498985
C=CC(=O)N1CC[C@H](n2cc(-c3cc4cc(C)cc(OC)c4s3)c3c(N)ncnc32)C1,8.0,7.96089,0.039110184
CNc1nccc(-c2cc(C(N)=O)c(-c3cc(Cl)ccc3C)[nH]2)n1,6.958607,5.3599873,1.5986199
O=C(O)Cn1ccc2c(OCCCOc3ccc(C(=O)c4ccc(F)cc4)cc3)cccc21,9.431798,9.315608,0.11618996
NC(=O)c1cccc(NC(=O)/C=C\C(=O)N2CCCC(Oc3ccccc3)C2)c1,6.600326,4.6653748,1.9349513
Cc1c(C(=O)NCCN2CCOCC2)oc2ccc(Br)cc12,8.0,6.1879287,1.8120713
O=C(NN=CC1=CC(=O)C(=O)CC1)NN=CC1=CC(=O)C(=O)CC1,6.0,7.773342,-1.7733421
COc1cccc(-c2cn(C3CCN(CCO)CC3)c3ncnc(N)c23)c1,5.39794,4.221821,1.1761193
CCCc1cc2c(C(F)(F)F)noc2c(CCC)c1OC(C)C(=O)O,5.0,5.074519,-0.07451916
Cc1nc(-c2ccc(C(F)(F)F)cc2)sc1COc1cc(Cl)c2c(CC(=O)O)csc2c1,7.5850267,6.925655,0.65937185
CNc1ccc(-c2ccccc2O)nn1,5.6575775,4.9795656,0.6780119
COc1ccc(S(=O)(=O)N2CCC3(CC2)OCCc2ccsc23)cc1,7.0,6.4619646,0.5380354
O=C(COc1cc(O)c2c(=O)cc(-c3ccccc3)oc2c1)Nc1cccc(Br)c1,5.6382723,4.6577616,0.9805107
CCCc1cc(C(=O)c2ccc(F)cc2)ccc1OCCCOc1ccc2ccn(CC(=O)O)c2c1,5.2596374,4.698538,0.5610995
COc1cc(N2CCC(N3CCN(C)CC3)CC2)ccc1Nc1ncc(Cl)c(Nc2ccccc2S(=O)(=O)C(C)C)n1,5.207608,4.6335835,0.5740247
CS(=O)(=O)Nc1ccc(-c2ccc3c(c2)C(=O)Nc2cc(OC(F)(F)F)ccc2N3)cc1,4.49485,4.3171163,0.1777339
O=C(Nc1ccc(Cl)c(Cl)c1)N1CCc2ccc(-c3ccncc3)cc2C1,4.69897,5.3748283,-0.6758585
O=S(=O)(c1ccc(-c2cc(Nc3ccc(OC(F)(F)F)cc3)ncn2)cc1)N1CCCCC1,5.387216,4.4073744,0.9798417
O=C(CCn1ccc2c(Nc3ccc(OC(F)(F)F)cc3)ncnc21)NCCN1CCOCC1,3.1079054,4.4041615,-1.2962561
Cc1oc(-c2ccccc2)nc1CCOc1cccc(CC[C@@H]2CN(C(=O)Oc3ccccc3)C[C@@H]2C(=O)O)c1,5.0,4.5800753,0.41992474
Cc1ccc(C(=O)Nc2cccc(F)c2)cc1Nc1nccc(-c2cccnc2)n1,5.5086384,4.766916,0.7417226
NC(=O)c1cccc(NC(=O)/C=C\C(=O)N2CCCCC2c2ccccc2)c1,4.915607,4.0934815,0.82212543
Cc1ccc(C(F)(F)F)cc1COc1ccc2cc(-c3nn(C(C)C)c4ncnc(N)c34)ccc2c1,4.395774,4.0393643,0.35640955
Cc1c(C(=O)c2ccc(Cl)cc2)c2ccc(OC(F)(F)F)cc2n1Cc1cccc(OC2(C(=O)O)CCC2)c1,8.970616,6.8782043,2.092412
COc1cc(-c2cnc3cc(OCCN4CCOCC4)ccn23)cc2c1C(=O)N(CC(F)(F)F)CC2,8.489455,8.164746,0.32470894
O=C(NC1C[C@H]2CC[C@H](C1)N2Cc1ccc2cc(F)ccc2c1)c1cc[n+]([O-])cc1C(=O)N1CCCCC1,6.844664,4.9466643,1.8979998
CCCCCCCCCCCOc1cccc(CCC(=O)NC[C@@H](O)COP(=O)(O)OCC(C)(C)C(=O)O)c1,5.0,5.203232,-0.20323181
Cc1cccc(/C=N/NC(=O)c2cc3ccccc3oc2=O)c1,4.958607,5.2478886,-0.28928137
Cc1ccc(-c2cccc3c2[nH]c2ccccc23)c(NS(C)(=O)=O)c1,6.0,5.3595586,0.6404414
O=C(CO[N-][CH+]c1cccc([N+](=O)[O-])c1)Nc1nc2ccccc2s1,4.0264935,3.7353399,0.29115367
O=C(N/N=C/c1ccc(F)cc1)c1cc2ccccc2oc1=O,5.2804203,5.480676,-0.20025587
O=C(N/N=C/c1cccc(O)c1O)c1cc2ccccc2oc1=O,8.638272,8.10178,0.53649235
O=C(N/N=C/c1ccc([N+](=O)[O-])cc1)c1cc2ccccc2oc1=O,4.133736,3.0906599,1.0430763
O=C(N/N=C/c1cccc(F)c1)c1cc2ccccc2oc1=O,4.5686364,4.7343082,-0.16567183
O=C(N/N=C/c1ccncc1)c1cc2ccccc2oc1=O,6.4609237,6.103033,0.3578906
O=C(N/N=C/c1ccccc1[N+](=O)[O-])c1cc2ccccc2oc1=O,8.0,8.180177,-0.18017673
O=C(N/N=C/c1ccccc1O)c1cc2ccccc2oc1=O,5.0,5.204685,-0.20468521
CC(C)NCc1ccc(Nc2cc(-c3ccc(-c4ccc(O)cc4O)cc3)n[nH]2)cc1,5.091515,4.4710155,0.6204996
CSc1cccc(C(=O)Nc2ccc(C)c(Nc3nccc(-c4cccnc4)n3)c2)c1,5.163676,4.543899,0.6197767
COc1ccc(/C=N/NC(=O)c2cc3ccccc3oc2=O)c(O)c1,6.2380724,5.3049216,0.93315077
COc1ccc(/C=N/NC(=O)c2cc3ccccc3oc2=O)cc1,9.30103,9.214986,0.08604431
Cc1ccc(/C=N/NC(=O)c2cc3ccccc3oc2=O)cc1,8.522879,8.504767,0.018111229
C[C@H]1[C@H](C)CC[C@]2(C(=O)O)CC[C@]3(C)C(=CC[C@@H]4[C@@]5(C)C[C@H](O)[C@@H](O)C(C)(C)[C@@H]5CC[C@]43C)[C@H]12,9.267606,9.1874075,0.08019829
COc1ccc(O)c(/C=N/NC(=O)c2cc3ccccc3oc2=O)c1,6.0,5.5366483,0.46335173
O=C(N/N=C/c1ccccn1)c1cc2ccccc2oc1=O,7.6777806,5.799877,1.8779035
CC(=O)Nc1ccccc1-c1cccc2c3c([nH]c12)CCCC3,5.1687703,4.2055902,0.96318007
O=C(N/N=C/c1ccc(O)cc1O)c1cc2ccccc2oc1=O,5.3665314,5.019804,0.34672737
O=C(N/N=C/c1ccccc1F)c1cc2ccccc2oc1=O,9.455932,9.270392,0.18553925
O=C(Nc1ccncc1)Nc1ccnc(Cl)c1,6.5968795,6.690579,-0.093699455
Cc1ccccc1/C=N/NC(=O)c1cc2ccccc2oc1=O,5.6903696,5.1658974,0.52447224
NC(=O)c1cc(-c2ccnc(N)n2)[nH]c1-c1cc(OC(F)(F)F)ccc1Cl,8.79588,8.2889595,0.5069208
O=C(N/N=C/c1ccccc1)c1cc2ccccc2oc1=O,4.1878223,3.8642306,0.3235917
O=C(Nc1ccccc1-c1cccc2c1[nH]c1ccccc12)C(F)(F)F,4.69897,5.192443,-0.49347305
Cc1ccc(NC(=O)c2ccc(C)c(Nc3nccc(-c4cccnc4)n3)c2)cc1,6.5114493,5.4098606,1.1015887
C[C@H](/C=C\C(F)(F)F)Oc1cc(-c2cc(-c3cc(CN(C)C)cs3)cnc2N)ccc1C(N)=O,5.197911,5.2658896,-0.06797886
COc1ccc(C(=O)Nc2ccc(OCCN3CCCCC3)cc2)cc1Nc1nccc(-c2cccnc2)n1,7.5720406,6.805671,0.76636934
COc1cc(N2CCN(C)CC2)ccc1Nc1ncc(Cl)c(Oc2cccc(NC(=O)CO)c2)n1,4.69897,3.8608468,0.8381231
Cc1oc(-c2ccccc2)nc1CCOc1cccc(C[C@H]2CN(c3nccc(C(F)(F)F)n3)C[C@H]2C(=O)O)c1,5.5686364,5.471348,0.09728861
CCc1cc(C(F)(F)F)ccc1C(=O)NCc1cccc(Oc2ccc(OC(C)(C)C(=O)O)c(C)c2)c1,6.0,4.671899,1.3281012
Cc1nccn1CCCCCCCCOc1ccc2ccc(=O)oc2c1,4.6757174,4.7129164,-0.03719902
CO[C@H]1O[C@H](Cn2cc(COC(=O)[C@]34CCC(C)(C)C[C@H]3C3=CC[C@@H]5[C@@]6(C)CC[C@H](O)C(C)(C)[C@@H]6CC[C@@]5(C)[C@]3(C)CC4)nn2)[C@@H](O)[C@H](O)[C@H]1O,6.559091,4.7388115,1.8202796
CC(C)COc1ccc2cc(-c3nn(C(C)C)c4ncnc(N)c34)ccc2c1,4.4491606,3.9000497,0.5491109
CO[C@@H](Cc1ccc(C#CCCOc2ccc(Oc3ccccc3)cc2)cc1)C(=O)O,8.522879,9.169108,-0.64622974
CC(C)(C)c1ccc(C(=O)N2CCN(C(=O)c3ccc(-c4ccccn4)cc3)CC2)cc1,5.551294,4.9059515,0.64534235
Cc1c(F)cncc1-c1cnc2nc(NC(=O)C3CC3)sc2c1,6.30103,6.8001785,-0.49914837
O=C1Nc2cc(OC(F)(F)F)ccc2Oc2ccc(-c3ccc4[nH]ncc4c3)cc21,6.2596374,5.319797,0.9398403
O=C1Nc2cc(OC(F)(F)F)ccc2Oc2ccc(-c3cccc(-c4ccn[nH]4)c3)cc21,4.761954,4.3739505,0.38800335
O=C1Nc2cc(OC(F)(F)F)ccc2Oc2ccc(-c3cnc4ccnn4c3)cc21,5.231362,4.2868376,0.9445243
CCN(CC)CCCC(C)NC(=O)c1cc2c(Nc3ccc(OC(F)(F)F)cc3)ncnc2n1C,3.8239088,3.7683008,0.055608034
Nc1ccc(Nc2[nH]nc3ncnc(Nc4cccc(Cl)c4)c23)cc1,5.853872,5.029184,0.82468796
Cc1ccc(S(=O)(=O)Nc2ccc(-c3cc(Nc4ccc(OC(F)(F)F)cc4)ncn3)cc2)cc1,5.0655017,4.94925,0.11625147
C[C@H]1[C@H](C)CC[C@]2(C(=O)O)CC[C@]3(C)C(=CC[C@@H]4[C@@]5(C)C[C@@H](O)CC(C)(C)[C@@H]5CC[C@]43C)[C@H]12,4.026406,4.0025845,0.023821354
C=CCN(C)CCCCCCOC1CCN(C(=O)c2ccc(F)cc2)CC1,3.8651857,3.8322368,0.03294897
N#Cc1ccc(F)c(CS(=O)(=O)Nc2ccccc2-c2cccc3c2[nH]c2ccccc23)c1,5.0,4.094519,0.90548086
CN1CC[C@H](c2c(O)cc(O)c3c(=O)cc(-c4ccccc4Cl)oc23)[C@H](O)C1,9.054531,6.8782043,2.1763268
O=C(O)COc1ccc(SCc2ccc(OCc3ccc(C(F)(F)F)cc3)cc2)c2c1CCC2,5.4436975,5.3511963,0.09250116
CCCNC(=O)c1ccc(Nc2nc(NCC(F)(F)F)c3cc[nH]c3n2)cc1,9.346787,9.358672,-0.011884689
O=C1Nc2cc(Cl)ccc2/C1=C/c1ccc(-c2nnc(-c3cc(O)cc(O)c3)o2)cc1,4.455932,4.7060804,-0.2501483
CCS(=O)(=O)Nc1ccccc1-c1cccc2c1[nH]c1ccccc12,8.69897,6.4747562,2.2242136
Cc1ccc2c(c1)sc1nncn12,6.0,5.208275,0.79172516
CC[C@H](C)[C@H](NC(=O)[C@H](CCC(=O)O)NC(=O)[C@H](CCC(=O)O)NC(=O)[C@H](Cc1ccc(C(F)(F)P(=O)(O)O)cc1)NC(C)=O)C(=O)N[C@@H](CCC(=O)O)C(=O)O,4.4089355,4.1596556,0.24927998
O=[N+]([O-])c1cccc(Nc2nccc(-c3ccccn3)n2)c1,5.552842,5.1277804,0.4250617
CCOC(Cn1nc(-c2cnc3[nH]ccc3c2)c2c(N)ncnc21)OCC,8.045757,7.0239105,1.0218468
[C]C([C])=[C][C][C]/C([C])=[C]/[C]c1c([O])cc(/[C]=[C]/c2cccc(C(F)(F)F)c2)cc1[O],4.5734887,3.9619293,0.6115594
[C]C([C])=[C][C][C]/C([C])=[C]/[C]c1c([O])cc(/[C]=[C]/c2ccc([O])cc2)cc1[O],9.387217,9.269996,0.11722088
Cc1oc(-c2ccccc2)nc1CCOc1ccc(C[C@H](Nc2ccccc2C(=O)c2ccccc2)C(=O)O)cc1,6.1870866,4.9157643,1.2713223
O=C(Nc1ccc(F)cc1)N1CCOc2ccc(-c3ccncc3)cc2C1,7.0132284,7.2500734,-0.23684502
Cc1cc(Oc2cccc(CNC(=O)c3ccc(C(F)(F)F)cc3Cl)c2)ccc1OC(C)(C)C(=O)O,5.2596374,4.754224,0.50541353
CC(Oc1ccc2cc(-c3nn(C(C)C)c4ncnc(N)c34)ccc2c1)c1ccccc1,5.0,4.296454,0.70354605
Cc1nc(-c2cc(Nc3ccc(OC(F)(F)F)cc3)ncn2)cs1,7.7212462,8.438104,-0.71685743
Cc1cc(Nc2ncc(C)c(N3CCN(CC#N)C(C)C3)n2)sn1,4.60206,3.8701339,0.73192596
Cc1cc(Nc2ncc(Cl)c(Nc3ccccc3S(=O)(=O)C(C)C)n2)c(OC(C)C)cc1C1CCNCC1,3.69897,3.4906838,0.20828629
Cc1oc(-c2ccccc2)nc1CCOc1ccc(CC2CN(C(=O)OCC(C)C)CCC2C(=O)O)cc1,4.78423,4.386008,0.39822245
C[C@H]1[C@H](C)CC[C@]2(C(=O)OCc3ccccc3)CC[C@]3(C)C(=CC[C@@H]4[C@@]5(C)C[C@H](O)[C@@H](O)C(C)(C)[C@@H]5CC[C@]43C)[C@H]12,5.0,5.387874,-0.38787413
COc1cccc2c1ccn2S(=O)(=O)c1cccc(C(=O)Nc2ccc(C)cc2C(=O)O)c1,5.6143937,5.364525,0.24986887
Cc1ccc(NC(=O)c2cccc(S(=O)(=O)n3ccc4c(Br)cccc43)c2)c(C(=O)O)c1,5.2596374,5.068472,0.19116545
CC(=O)N[C@@H](C)C(=O)NC1=NN(c2ccc(Cl)c(Cl)c2)CC1,6.120331,6.167472,-0.047141075
Fc1cc(Cn2ncc3c(Nc4ccc(OC(F)(F)F)cc4)ncnc32)ccc1C(F)(F)F,5.0,5.2429733,-0.24297333
CC(C)n1nc(-c2ccc3cc(OCc4cc(F)cc(Cl)c4)ccc3c2)c2c(N)ncnc21,4.69897,4.3484797,0.3504901
O=C1Nc2cc(OC(F)(F)F)ccc2Oc2ccc(-c3cccc(OCCO)n3)cc21,8.619789,7.756785,0.8630042
CCCCn1c(-c2ccc(F)cc2C)cn2c3c(=O)[nH]c(=O)n(C)c3nc12,5.090444,5.554274,-0.46383
NC(=O)c1ccc(Oc2cccc(C(=O)N3CCC(O)(c4ccc(F)cc4)CC3)c2)cc1,5.0,5.5156794,-0.51567936
N#Cc1ccc(C(=O)Nc2cccc(Nc3nccc(-c4cccnc4)n3)c2)cc1,4.031517,4.4698544,-0.43833733
COc1ccc(N2C(=O)C(Cc3cccc(OCCc4nc(-c5ccccc5)oc4C)c3)C2C(=O)O)cn1,5.0,5.4587398,-0.45873976
C[C@@H](C(=O)N1CCN(c2ncc(C(F)(F)F)cn2)CC1)n1cc2cccc(C(N)=O)c2n1,4.446117,5.038452,-0.5923352
NC(=O)c1ccc(Oc2cccc(C(=O)N3CCN(c4ccccc4)CC3)c2)cc1,6.21467,5.9644923,0.25017786
CSCC[C@H](NC(=O)c1ccc(C)cc1)C(=O)Nc1nc(-c2ccccc2)cs1,6.0,5.2447996,0.7552004
Cc1cn(-c2cc(Cl)cc(NC(=O)c3ccc(C)c(Nc4nc(-c5cccnc5)cs4)c3)c2)cn1,8.954677,9.199367,-0.24468994
CNCCOc1ccc(C(=O)NCc2cccc(C(=O)N[C@@H](CC(C)(C)C)C(=O)Nc3ccc(CC(F)(F)F)cc3)c2)cc1,3.8239088,3.5890577,0.23485112
CNC(=O)CCc1ccc(NC(=O)[C@H](CC(C)(C)C)NC(=O)c2cccc(CNC(=O)c3ccc(OC)cc3)c2)cc1,5.9792247,5.6306705,0.34855413
Cc1cccc2c(=O)[nH]c(CSc3ncccn3)nc12,4.7212462,5.195716,-0.47446966
FC(F)(F)Oc1ccc(Nc2ncnc3[nH]ncc23)cc1,4.3665314,4.01521,0.35132122
CCCOC(=O)N1CCC(C(=O)O)=C(Cc2cccc(OCCc3nc(-c4ccccc4)oc3C)c2)C1,8.259637,9.015269,-0.7556324
CCc1ccc(OC(C)CCOc2ccc(OC(C)(C)C(=O)O)cc2)c(C(=O)c2ccccc2)c1,6.332547,6.552852,-0.22030497
CCc1ccc(O[C@H](C)CCOc2ccc(OC(C)(C)C(=O)O)cc2)c(C(=O)c2ccccc2)c1,4.30103,4.268708,0.03232193
COc1cc(N2CCN(C)CC2)ccc1Nc1ncc(Cl)c(Oc2ccccc2N=[N+]=[N-])n1,9.420217,9.207139,0.21307755
C=CC(=O)N(c1ccc(Cl)cc1Cl)c1c(C#N)cnc2cc(OC)c(OC)cc12,6.452225,6.0958233,0.35640192
CCn1c(CCCc2cccc(-c3cccc(C(=O)O)c3)c2)nn(Cc2ccc(C(C)(C)C)cc2)c1=O,5.30103,5.5227146,-0.22168446
O=C(c1cc2c(Nc3ccc(OC(F)(F)F)cc3)ncnc2s1)N1CCN(N2CCCC2)CC1,4.69897,4.362918,0.33605194
CN1CCC(Nc2ccc(C(=O)Nc3cc(-c4ccc5c(c4)OCO5)n[nH]3)cc2)CC1,6.0,5.061469,0.9385309
COC(=O)N(CC(=O)O)Cc1cc(F)cc(OCc2nc(-c3ccc(Cl)cc3)oc2C)c1,8.958608,9.184098,-0.22549057
COc1cc(C[C@H](OC)C(=O)O)ccc1OCCCOc1ccc(Oc2ccccc2)cc1,7.0,6.2393565,0.7606435
O=C(O)Cc1csc2cc(OCc3cc(-c4ccc(C(F)(F)F)cc4)on3)cc(Cl)c12,6.4089355,6.6835146,-0.27457905
Nc1n[nH]c2cccc(-c3ccc(C(=O)NCCNC(=O)c4ccc(F)cc4)cc3)c12,3.9871628,3.67467,0.31249285
Cc1c2ccc(Nc3ccnc(Nc4ccc(S(N)(=O)=O)cc4)n3)cc2nn1C,3.6478174,4.1401796,-0.49236226
Clc1cccc(Nc2[nH]nc3ncnc(Nc4ccccc4)c23)c1,7.958607,8.413786,-0.45517874
Clc1cccc(Nc2[nH]nc3ncnc(Nc4cccc(Br)c4)c23)c1,9.113509,9.008568,0.10494137
Cc1ccc(N(C)C(=O)c2cccc(C(F)(F)F)c2)cc1Nc1nccc(-c2cccnc2)n1,7.0457573,5.4518695,1.5938878
Cc1cn(-c2cc(NC(=O)c3ccc4c(c3)C[C@H](N(C)c3cncnc3)C4)cc(C(F)(F)F)c2)cn1,6.0,5.6818166,0.31818342
COc1ccc(NC(=O)c2ccc(NC(=O)N3CCN(C(=O)c4cc(Cc5n[nH]c(=O)c6ccccc56)ccc4F)CC3)cc2)cc1,5.0,5.4276485,-0.42764854
COc1cc(N2CCN(C)CC2)ccc1Nc1ncc(Cl)c(Oc2ccccc2NC(=O)COCc2ccccc2)n1,7.6197886,5.1589193,2.4608693
CN(CCc1ccccc1)C(=O)c1ccc(NC(=O)Cc2ccc(NC(=O)C3CCN(C(=O)C4CCCC4)CC3)cc2)cc1,6.707744,6.4204407,0.28730345
Cc1ccc(NC(=O)c2ccc(CN3CCN(CCF)CC3)cc2)cc1Nc1nccc(-c2cccnc2)n1,4.790485,5.392127,-0.60164213
CCOc1ccc(OCCCOc2ccc3c(c2)O[C@@](C)(C(=O)O)CC3)c(Cl)c1,5.6575775,5.5235357,0.13404179
Cc1oc(-c2ccccc2)nc1CCOc1cccc(CC2=C(C(=O)O)CCN(c3nccc(C(F)(F)F)n3)C2)c1,9.229148,9.175002,0.054145813
CCNC(=O)Nc1nc2cc(-c3cccnc3)ccc2[nH]1,6.1307683,6.1663785,-0.0356102
O=C(c1cc2c(Nc3ccc(OC(F)(F)F)cc3)ncnc2s1)N1CCN(c2cccc(C(F)(F)F)c2)CC1,5.9746943,5.63779,0.33690405
COc1cc(N2CCN(C)CC2)ccc1Nc1ncc(Cl)c(Oc2cccc(NC(=O)CCO)c2)n1,6.767004,5.185195,1.581809
CCc1ccc(OCCCOc2ccc(OC(C)(C)C(=O)O)cc2)c(C(=O)c2ccccc2)c1,4.30103,3.6799746,0.6210556
Cc1[nH]c(/C=C2\C(=O)Nc3ccc(S(=O)(=O)Cc4c(Cl)cccc4Cl)cc32)c(C)c1C(=O)N1CCC[C@@H]1CN1CCCC1,5.9147096,5.0913863,0.82332325
Cc1oc(-c2ccccc2)nc1CCOc1ccc(CN(CC(=O)O)Cc2ccccc2)cc1,5.7923656,4.93884,0.85352564
CCCc1cc(OC2CCCCC2)ccc1OCCCOc1cccc(-c2sc(=O)[nH]c2O)c1,6.931814,7.0857515,-0.15393734
O=S(=O)(Cc1cccc(F)c1)Nc1ccccc1-c1cccc2c1[nH]c1ccccc12,5.446481,4.233714,1.2127671
CC1CN(c2cncnc2)Cc2cc(NC(=O)c3cc(CN4CCN(C)CC4)cc(C(F)(F)F)c3)ccc21,7.481486,6.089201,1.3922849
CC(=O)Nc1ccccc1-c1cccc2c1[nH]c1c(Cl)c(Cl)ccc12,6.0,5.9396877,0.06031227
COc1cccc(-c2cn(C3CCNC3)c3ncnc(N)c23)c1,6.0491486,6.337538,-0.2883892
Cc1oc(-c2ccccc2)nc1CCOc1cccc(CC2C(=O)N(c3ccc(Cl)cc3)C2C(=O)O)c1,4.0616856,4.506094,-0.44440842
Cc1cc(Nc2nc(Nc3ccccc3S(=O)(=O)C(C)C)c3c(C)[nH]nc3n2)c(OC(C)C)cc1C1CCN(C)CC1,4.6705413,3.7464414,0.9240999
FC(F)(F)Oc1ccc(Nc2cc(-c3c[nH]c4ccccc34)ncn2)cc1,5.2596374,5.2681255,-0.008488178
COc1ccc2c(=O)c(C)c(-c3ccc(N4CCCCC4)cc3)[nH]c2c1,6.5686364,5.4599133,1.1087232
COc1ccc2nc(NC(=O)CCc3nc(C4=CCN(C)CC4)no3)sc2c1,4.49485,4.4754333,0.01941681
CCCc1c(O[C@H](C(=O)O)c2ccc(C(C)C)cc2)c(Cl)cc2c1oc(=O)n2CC,6.3477535,6.4773483,-0.1295948
O=C(O)Cc1coc2cc(OCc3cc(-c4ccc(C(F)(F)F)cc4)on3)ccc12,6.0,5.9123178,0.08768225
CC(C)n1nc(C#Cc2cccc(F)c2)c2c(N)ncnc21,7.3467875,7.6675515,-0.32076406
Cc1oc(-c2ccccc2)nc1CCCc1ccc(C[C@H](C(=O)O)n2cccc2)cc1,4.026078,4.4652896,-0.43921137
COc1cc(N2CCN(C)CC2)ccc1Nc1ncc(Cl)c(Oc2ccc(NC(=O)CCOCc3ccccc3)cc2)n1,9.346787,8.898568,0.4482193
O=C(c1cc(Cl)c(Cl)c(Cl)n1)N1CCN(c2nc(Cl)ncc2Br)CC1,9.267606,9.218495,0.049110413
O=C(NC(=O)c1cc2c(Nc3ccc(OC(F)(F)F)cc3)ncnc2s1)c1cccc(C(F)(F)F)c1,6.086186,4.1248846,1.9613013
NC(=O)c1ccc(Oc2cccc(C(=O)N3CCC(c4cccc(F)c4)CC3)c2)cc1,4.69897,5.416389,-0.71741915
CCOC(=O)CCCCC(=O)c1[nH]c(=O)[nH]c1CSc1nc(-c2ccccc2)c(C#N)c(=O)[nH]1,9.552842,9.277853,0.27498913
CCc1ccc(C(=O)Nc2cccc(C(F)(F)F)c2)cc1-c1cc(-c2cnc3cnccn23)ccc1C,5.7212462,5.04222,0.6790261
C[C@H](NC(=O)c1cccc(-c2cncc(C(=O)NC3CC3)c2)c1)C(=O)Nc1ccc(Cl)c(C(F)(F)F)c1,9.236572,7.8173075,1.4192648
Cc1cc(OCc2cc(-c3ccc(C(F)(F)F)cc3)on2)cc2scc(CC(=O)O)c12,5.2596374,4.9096923,0.34994507
CCNC(=O)Nc1nc2ccc(-c3ccccc3Oc3ccccc3)cc2[nH]1,6.235077,5.3580637,0.8770132
Cc1cc(Oc2cccc(CNC(=O)c3ccc(C(F)(F)F)cc3Oc3ccccc3)c2)ccc1OC(C)(C)C(=O)O,5.2596374,4.7496033,0.5100341
FC(F)(F)Oc1ccc(Nc2cc(-c3ccc(-c4ccccc4)cc3)ncn2)cc1,5.161151,5.2390785,-0.07792759
O=C(c1ccc2c(Nc3ccc(OC(F)(F)F)cc3)ncnc2c1)N1CCC2(CC1)C(=O)NCN2c1ccccc1,6.029188,5.882062,0.1471262
O=C1Nc2cc(OC(F)(F)F)ccc2Sc2ccc(-c3ccnc(N4CCOCC4)c3)cc21,8.2218485,7.713061,0.50878763
Cc1sc(N2CCOCC2)nc1CCOc1ccc(CCC(=O)O)c(CNC(=O)OC(C)C)c1,4.69897,4.31735,0.38161993
CCCc1cc(Oc2ccccc2)ccc1OCCCOc1ccc2c(c1)OC(C(=O)O)CC2,4.7447276,4.6216307,0.12309694
Nc1n[nH]c2cccc(-c3ccc(C(=O)N4CCN(C(=O)c5ccc(Br)cc5)CC4)cc3)c12,6.0,5.412586,0.5874138
O=[N+]([O-])c1ccc(S(=O)(=O)Nc2ccc(O)c(Sc3nnc[nH]3)c2)cc1,7.091515,7.5945673,-0.50305223
CCCc1c(OCCCN(C)c2cccc(CC(=O)O)c2)ccc2c(C(F)(F)F)noc12,9.376751,8.31372,1.0630312
CCOc1cc(Nc2c(C#N)cnc3cc(OCC4CCN(C)CC4)c(OC)cc23)c(Cl)cc1Cl,4.4534574,4.275494,0.17796326
Nc1c2c(=O)[nH]c(-c3ccccc3)cc2nn1-c1ccccc1,4.978811,4.664241,0.31456995
CCOC(=O)N1CCc2c(sc(NC(=O)Cc3ccc(OC)cc3)c2C(=O)Nc2ccc(C(=O)OC)cc2)C1,5.1426673,5.250929,-0.108261585
CCOC(=O)c1cc2c(Nc3ccc(OC(F)(F)F)cc3)ncnc2n1C,7.0409584,6.226801,0.8141575
CN(C)CCN1C(=O)c2ccc3c4c(ccc(c24)C1=O)C(=O)N(CCN(C)C)C3=O,5.0,4.8319745,0.1680255
C/C(=C\COc1ccc2ccc(=O)oc2c1)CCC1OC1(C)CCC1OC1(C)C,5.0,4.675215,0.32478523
Clc1cccc(Nc2nccc(-c3cccnc3)n2)c1,8.49485,8.166892,0.3279581
Cc1ccc(N)cc1Nc1nccc(-c2cccnc2)n1,5.3736596,5.542653,-0.16899347
CCCc1cc2c(OC)noc2c(CCC)c1OC(C)(C)C(=O)O,5.33,5.2249613,0.10503864
Cc1ccc(C(=O)Nc2ccc(Cl)c(Cl)c2)cc1Nc1nccc(-c2cccnc2)n1,5.0,5.6613593,-0.6613593
CC(=O)O[C@H]1CC[C@]2(C)[C@H]3CC=C4[C@@H]5[C@@H](C)[C@H](C)CC[C@]5(C(=O)OC[C@H](O)[C@H]5OC(=O)C(O)C5=O)CC[C@@]4(C)[C@]3(C)CC[C@H]2C1(C)C,6.3645163,6.147454,0.21706247
[C]C([C])=[C][C][C]/C([C])=[C]/[C]c1c([O])cc(/[C]=[C]/c2ccccc2)cc1[O],7.60206,5.593541,2.0085187
CC(C)(Oc1ccc(CCOc2ccc(NC(=O)Nc3ccccc3)cc2)cc1)C(=O)NS(=O)(=O)c1ccccc1,4.7446795,4.1356583,0.6090212
COc1ccc(S(=O)(=O)Nc2cc(Sc3ncnc4nc[nH]c34)c(O)c3ccccc23)cc1OC,8.0,7.904973,0.09502697
CC(C)(C)c1ccc(COc2ccc(CSc3ccc(OCC(=O)O)c4c3CCC4)cc2)cc1,8.060481,8.236886,-0.17640495
COC(=O)N(CC(=O)O)Cc1ccc(F)c(OCc2nc(-c3ccc(Cl)cc3)oc2C)c1,3.09691,3.7330203,-0.6361103
COc1ccc2ccn(S(=O)(=O)c3cccc(C(=O)Nc4ccc(Cl)cc4C(=O)O)c3)c2c1,4.990549,4.7101994,0.28034973
Cc1ccc(NC(=O)c2cccc(S(=O)(=O)n3ccc4cccc(C)c43)c2)c(C(=O)O)c1,5.236572,4.8667274,0.36984444
N#CCC(=O)Nc1ccn(-c2ccc(Cl)c(Cl)c2)n1,5.5686364,5.993159,-0.4245224
N#CCC(=O)Nc1cccc(-c2ccc(Cl)c(Cl)c2)n1,6.229148,5.489071,0.740077
CC(=O)NC1=NN(c2ccc(Cl)c(Cl)c2)[C@H](C)C1,5.823909,5.2258353,0.5980735
Cn1ccc2cc(-c3nn(C(C)(C)C)c4ncnc(N)c34)ccc21,5.0,5.1498785,-0.1498785
Cc1cc(Oc2cccc(CNC(=O)c3ccc(C(F)(F)F)cc3Br)c2)ccc1OC(C)(C)C(=O)O,6.05061,5.2351937,0.81541634
CCC(=O)c1cc(Cl)c(OC(C(=O)O)c2ccccc2)c(Cl)c1,8.920818,7.422308,1.4985104
CCCNC(=O)Cn1cccc(NC(=O)Nc2ccc(NC(=O)Nc3cccn(CC(=O)NCCC)c3=O)cc2)c1=O,6.69897,6.794689,-0.09571934
C[C@]1(C(=O)O)CCc2ccc(OCCCOc3ccc(C4CCC5(CC4)CC5)cc3Cl)cc2O1,9.267606,9.105683,0.16192245
COC(=O)/C=C\C(=O)Nc1cccc(C(N)=O)c1,6.0,5.231224,0.76877594
COc1cccc(NC(=O)N2CCOc3ccc(-c4ccncn4)cc3C2)c1,5.145451,5.2871227,-0.14167166
Cc1oc(-c2ccccc2)nc1CCOc1cccc(-c2nn(-c3ccccc3)nc2C(=O)O)c1,5.7695513,6.5489674,-0.7794161
CCN(CC)CCNC(=O)c1c(C)[nH]c(/C=C2\C(=O)Nc3ccc(F)cc32)c1C,5.30103,4.7648163,0.5362139
Cc1ccc(C(=O)Nc2ccc(CN3CCN(C)CC3)c(C(F)(F)F)c2)cc1-n1cc(-c2cnc(N3CCCCC3)nc2)nn1,3.9863203,4.1724157,-0.18609548
Cc1cccc(-c2nn(C(C)(C)C)c3ncnc(N)c23)c1,4.69897,4.1742754,0.52469444
CCC(Oc1cccc(Cc2c(C)n(C(=O)c3ccc(OC)cc3)c3ccc(OC(F)(F)F)cc23)c1)C(=O)O,6.5686364,5.747227,0.8214092
Cc1cccc(Nc2ncnc3n[nH]c(Nc4cccc(Cl)c4)c23)c1,6.657992,6.115323,0.5426688
COc1ccc(C(=O)n2c(C)c(Cc3cccc(O[C@H](C)C(=O)O)c3)c3cc(OC(F)(F)F)ccc32)cc1,4.026415,3.7910643,0.23535061
CS(=O)(=O)n1ccc(C(=O)NCC(=O)Nc2nc(-c3ccccn3)cs2)c1,5.5999994,4.6200128,0.97998667
O=C1Nc2cc(OCCC(F)(F)F)ccc2Oc2ccc(-c3ccnc(N4CCOCC4)c3)cc21,5.0,6.8726535,-1.8726535
CNC[C@@H]1CC1C(=O)Nc1nc2ccc(-c3cncc(F)c3C)cc2s1,8.045757,7.969692,0.07606506
O=C(c1ccc2c(Nc3ccc(OC(F)(F)F)cc3)ncnc2c1)N1CCCC(CO)C1,5.5543957,4.606735,0.94766045
N#CC12CCCCC1CC1CCCCC1(C#N)N2Cc1cccnc1,7.0457573,4.5564623,2.489295
CCOc1cc(N2CCN(C)CC2)ccc1Nc1ncc2cc(-c3cccc(NC(=O)c4cccc(C(F)(F)F)c4)c3)c(=O)n(C[C@H]3CCCO3)c2n1,6.7520266,6.7449493,0.007077217
CCCCOc1ccc2cc(-c3nn(C(C)C)c4ncnc(N)c34)ccc2c1,8.309804,8.681103,-0.3712988
CCO[C@@H](Cc1ccc(OCCCOc2ccc(Oc3ccccc3)cc2)cc1)C(=O)O,5.0,7.2553387,-2.2553387
CC(c1ccc(Nc2nc3c(C(N)=O)cc(F)cc3s2)cc1)N(C)C,6.28735,5.6489244,0.6384258
CC(=O)Nc1cccc(C)c1-c1cccc2c1[nH]c1ccccc12,8.79588,7.1251326,1.6707478
CCOc1ccc2cc(-c3nn(C(C)C)c4ncnc(N)c34)ccc2c1,4.692504,4.573432,0.11907196
O=C(NO)c1ccc(-c2ccc3ncnc(Nc4ccc(OCc5cccc(F)c5)c(Cl)c4)c3c2)s1,5.0,4.4176283,0.5823717
CCC1(C(=O)O)CCc2ccc(OCCCOc3ccc(Oc4ccccc4)cc3)cc2O1,4.823909,5.3951507,-0.57124186
CC1(C)CCC(c2ccc(OCCCOc3ccc4c(c3)O[C@@](C)(C(=O)O)CC4)c(Cl)c2)CC1,6.0,5.231224,0.76877594
CC[C@]1(C(=O)O)CCc2ccc(OCCCOc3ccc(C4CCC(C)(C)CC4)cc3Cl)cc2O1,4.725842,5.0963354,-0.3704934
Cc1ccc(C)c(COc2ccc3cc(-c4nn(C(C)C)c5ncnc(N)c45)ccc3c2)c1,5.080922,4.102667,0.9782553
Cn1c(C(=O)N2CCCC(CO)C2)cc2c(Nc3ccc(OC(F)(F)F)cc3)ncnc21,5.5228786,4.921371,0.60150766
Cc1ccc(C(=O)NCc2cccc(Oc3ccc(OC(C)(C)C(=O)O)c(C)c3)c2)c(C)c1,4.450997,3.6658154,0.7851815
Cc1cn(CCCCCCCCOc2ccc3ccc(=O)oc3c2)cn1,4.026383,3.533732,0.492651
CN1C(=O)/C(=C/c2ccc(/C=C/C(=O)NCc3ccncc3)s2)Oc2ccccc21,7.5228786,5.351762,2.1711168
FC(F)(F)Oc1ccc(Nc2cc(-c3cccc4sccc34)ncn2)cc1,8.167491,8.354661,-0.18717003
Cc1cc(Oc2cccc(CNC(=O)c3ccc(C(F)(F)F)cc3C)c2)ccc1OC(C)(C)C(=O)O,5.0026135,6.0704265,-1.0678129
Cc1c(Nc2ccc(OC(F)(F)F)cc2)ncnc1-c1cnn(-c2ccccc2)c1C,5.273273,4.999403,0.27387
CC(C)n1nc(-c2ccc3cc(OCc4ccc(CC(F)(F)F)c(Cl)c4)ccc3c2)c2c(N)ncnc21,8.091515,8.868291,-0.7767763
CC[C@H](C)[C@H](NC(=O)[C@@H]1CCCN1C(=O)[C@@H](NC(=O)[C@H](CCC(=O)O)NC(=O)[C@H](CCC(=O)O)NC(=O)[C@H](Cc1ccc(C(F)(F)P(=O)(O)O)cc1)NC(=O)[C@H](CCC(N)=O)NC(=O)[C@@H]1CCCN1C(=O)[C@@H](N)CCC(=O)O)[C@@H](C)CC)C(=O)N[C@@H](Cc1ccc(O)cc1)C(=O)N[C@@H](CC(C)C)C(=O)O,3.9913998,4.2460775,-0.25467777
Cc1oc(-c2ccccc2)nc1CCOc1ccc(CN(CC(=O)O)Cc2ccc(-c3ccccc3Cl)o2)cc1,5.0,5.313154,-0.31315422
C=C(C)[C@@H]1CC[C@]2(C(=O)NCC(=O)O)CC[C@]3(C)[C@H](CC[C@@H]4[C@@]5(C)Cc6c([nH]c7ccccc67)C(C)(C)[C@@H]5CC[C@]43C)[C@@H]12,4.30103,4.5062,-0.20516968
c1ccc(Nc2nccc(-c3cccnc3)n2)cc1,5.4470887,5.1553097,0.29177904
CCOC(=O)N1C[C@H](CCc2ccc(OCCc3nc(-c4ccccc4)oc3C)cc2)[C@@H](C(=O)O)C1,5.30103,5.044766,0.2562642
CCc1ccc(C(=O)Nc2cccc(C(F)(F)F)c2)cc1-c1cccc(-c2cnc3cnccn23)c1C,4.0,3.6222758,0.37772417
Cc1cccc(Nc2nccc(-c3cccnc3)n2)c1,8.309804,8.236621,0.07318306
Cc1c(Nc2ccc(OC(F)(F)F)cc2)ncnc1-c1cnn(Cc2ccccc2)c1,5.7447276,5.1293507,0.61537695
Cc1ccc(NC(=O)c2ccc(N=NN(C)CO)cc2)cc1Nc1nccc(-c2cccnc2)n1,4.5100417,4.200012,0.3100295
CN(C)c1cccc(C(=O)N2CCN(C(=O)c3ccc(-c4nccs4)cc3)CC2)c1,5.853872,4.6934347,1.1604371
CCOC(=O)CCCCC(=O)c1[nH]c(=O)[nH]c1Cn1cnc2ccccc21,6.2700257,6.256188,0.013837814
COc1ccc(Cl)cc1NC(=O)CN(C)C(=O)c1cc(-c2ccncc2)nc2ccccc12,5.2839966,5.0467596,0.23723698
O=C1Nc2cc(OC(F)(F)F)ccc2Oc2ccc(-c3cccc(C(=O)N4CCOCC4)c3)cc21,6.0457573,4.7283344,1.3174229
Cc1cccc(NC(=O)COc2cc(O)c3c(=O)cc(-c4ccccc4)oc3c2)c1,5.6382723,5.735842,-0.09756994
CCNNC(=O)c1ccc2c(Nc3ccc(OC(F)(F)F)cc3)ncnc2c1,5.958607,6.0871096,-0.12850237
Nc1n[nH]c2cccc(-c3ccc(C(=O)N4CCN(C(=O)c5ccc(Cl)cc5)CC4)cc3)c12,7.017729,6.2387786,0.7789502
NC(=O)c1ccc(Oc2cccc(C(=O)N3CCN(c4ccccc4F)CC3)c2)cc1,5.581533,4.469105,1.1124282
CC(C)n1nc(C#Cc2cccc(Cl)c2)c2c(N)ncnc21,5.291215,5.748682,-0.45746708
Nc1nc(N)c2c(Nc3cccc(Cl)c3)[nH]nc2n1,6.318759,5.7122216,0.60653734
CN1C(=O)/C(=C/c2ccc(/C=C/C(=O)NCc3cccnc3)s2)Oc2ccccc21,6.0,4.853048,1.1469522
FC(F)(F)Oc1ccc(Nc2cc(-c3cccc4c3oc3ccccc34)ncn2)cc1,3.8827288,4.0613475,-0.17861867
O=C(Nc1ccccc1-c1cccc2c1[nH]c1ccccc12)c1ccccc1,5.432268,5.2320986,0.20016956
COc1cc(N2CCN(C)CC2)ccc1Nc1ncc(Cl)c(Oc2cccc(N)c2)n1,6.835647,6.540511,0.29513597
CCCc1cc(Oc2ccccc2)ccc1OCCCOc1ccc2c(c1)OC(C)(C(=O)O)CC2,8.080922,8.604294,-0.5233717
Cc1oc(-c2ccccc2)nc1CCNc1ccc(C[C@@H](C(=O)O)n2cccc2)cc1,4.983803,3.91426,1.0695429
COc1ccccc1C(=O)Nc1cccc(Nc2nccc(-c3cccnc3)n2)c1,8.688375,8.943189,-0.2548132
O=C(Cn1cccc(NCc2ccc(Cl)c(Cl)c2)c1=O)NCc1ccc(Cl)c(Cl)c1,4.49485,4.526641,-0.031790733
Cc1c(Nc2ccc(OC(F)(F)F)cc2)ncnc1-c1ccc(S(C)(=O)=O)cc1,4.026623,3.4483428,0.57828
COC1CCN(C(=O)c2cc3c(Nc4ccc(OC(F)(F)F)cc4)ncnc3s2)CC1,4.026383,3.5084329,0.51795006
O=C(c1ccc2c(Nc3ccc(OC(F)(F)F)cc3)ncnc2c1)N1CCC(O)CC1,5.2823296,5.3665676,-0.08423805
CC(=O)NC[C@H]1CC[C@H](c2nc(-c3cc4ccccc4[nH]3)c3c(N)nccn32)CC1,4.5030704,4.3307533,0.17231703
c1ccc(Nc2ncnc3n[nH]c(Nc4ccccc4)c23)cc1,5.4634414,4.864444,0.5989976
O=C(c1cc2c(Nc3ccc(OC(F)(F)F)cc3)ncnc2s1)N1CCC(O)CC1,7.920819,6.3104963,1.6103225
Clc1cccc(Nc2ncnc3n[nH]c(Nc4cccc(Cl)c4)c23)c1,7.69897,5.7636423,1.9353275
Cn1c(C(=O)N2CCCC(C(N)=O)C2)cc2c(Nc3ccc(OC(F)(F)F)cc3)ncnc21,7.0,5.9166913,1.0833087
Cn1c(C(=O)N2CCC(Br)CC2)cc2c(Nc3ccc(OC(F)(F)F)cc3)ncnc21,5.2999887,4.688472,0.61151695
Nc1n[nH]c2cc(-c3ccc(C(=O)N4CCN(C(=O)c5ccc(Cl)c(C(F)(F)F)c5)CC4)cc3)ccc12,4.400117,3.6957397,0.7043772
Cc1ccc(NC(=O)c2cccc(S(=O)(=O)n3ccc4cc(Cl)ccc43)c2)c(C(=O)O)c1,7.4202166,4.19938,3.2208366
O=C(NC1=NN(c2ccc(Cl)c(Cl)c2)CC1)c1ccccn1,3.8239088,3.7633839,0.06052494
N#CCC(=O)Nc1nsc(-c2ccc(Cl)c(Cl)c2)n1,5.5575204,5.323655,0.23386526
NC1=NN(c2ccc(Cl)c(Cl)c2)CC1,7.161151,6.0741587,1.0869923
O=C(O)c1ccccc1C(=O)Nc1cccc(Nc2nccc(-c3cccnc3)n2)c1,8.086186,7.445953,0.6402335
Cc1ccncc1-c1cnc2nc(NC(=O)OC(C)(C)C)sc2c1,4.504206,3.752564,0.7516422
COC(=O)[C@@H]1CC1C(=O)Nc1nc2cc(-c3c(C)cccc3F)ccc2s1,8.853872,8.9506645,-0.09679222
Cc1ccncc1-c1cnc2nc(NC(=O)[C@@H]3C[C@@H]3F)sc2c1,6.0,6.249575,-0.24957514
O=c1cc(-c2ccc(OCc3ccc(Cl)nc3)cc2)oc2cc(OCc3ccc(Cl)nc3)cc(O)c12,5.194499,6.5239205,-1.3294215
O=C(Nc1ccc([N+](=O)[O-])cc1)Nc1ccc(S(=O)(=O)Nc2ccc(Cl)c(Cl)c2)cc1,7.5850267,7.673729,-0.0887022
Cn1cc(-c2nnc(-c3ccc(C(c4c[nH]c5ccccc45)c4c[nH]c5ccc(Cl)cc45)cc3)o2)c2ccccc21,6.0457573,5.1087065,0.9370508
CCCc1cc(Oc2ccccc2)ccc1OCCCCOc1ccc2c(c1)CCC(C)(C(=O)O)O2,6.0,5.00375,0.99625015
Cc1ccc2c(ccn2COCC[Si](C)(C)C)c1-c1ccc2sc(NC(=O)[C@@H]3C[C@@H]3F)nc2c1,6.0,5.8660727,0.13392735
Cc1ccc2[nH]ccc2c1-c1ccc2sc(NC(=O)[C@@H]3C[C@@H]3F)nc2c1,6.8996296,6.7129984,0.1866312
Cc1ccc2c(ccn2COCCCS(C)(C)C)c1-c1ccc2sc(NC(=O)C3C[C@@H]3F)nc2n1,6.0,4.6164427,1.3835573
COc1ccc2nc(NC(=O)NCc3nc4ccccc4[nH]3)sc2c1,4.468521,4.5833473,-0.1148262
Cc1[nH]c2ncnc(Nc3ccccc3)c2c1C,4.69897,4.348378,0.35059166
Cc1ccncc1-c1ccc2nc(N)sc2c1,6.571865,6.4212494,0.15061569
CNC[C@@H]1CC1C(=O)Nc1nc2ccc(-c3c(C)cccc3F)cc2s1,5.9884295,4.2404623,1.7479672
Cc1cccc(F)c1-c1ccc2sc(NC(=O)C3CC3)nc2c1,4.026383,3.4663758,0.5600071
Cc1cccc(F)c1-c1ccc2sc(NC(=O)C3C[C@H]3CO)nc2c1,4.69897,4.252903,0.44606686
CN[C@@H](C)C(=O)N[C@H](C(=O)N1CCC[C@H]1c1nc(C(=O)c2cccc(OCCOCCOCCNC(=O)c3cccc(-c4cc(Nc5ccc(OC(F)(F)F)cc5)ncn4)c3)c2)cs1)C1CCCCC1,8.0,7.6271725,0.37282753
CC(C)c1nc(-c2cnc3ccccc3c2)c2c(N)nccn12,7.29243,8.315648,-1.0232182
Cc1c(-c2ccc(-c3ccc(C(F)(F)F)cc3)nc2)[nH]c2ccccc2c1=O,4.8961964,4.43387,0.46232653
CCOC(=O)N1C[C@@H](Cc2ccc(OCCc3nc(-c4ccccc4)oc3C)cc2)[C@@H](C(=O)O)C1,4.308892,3.7867143,0.52217746
Cc1cc(Nc2ncc(C)c(N3CC4CCCC(C3)N4CC#N)n2)sn1,6.0,5.141924,0.8580761
[C]C([C])=[C][C][C]/C([C])=[C]/[C]c1c([O])cc(/[C]=[C]/c2ccoc2)cc1[O],6.537602,4.400226,2.1373758
COc1ccc(NC(=O)CN(C)C(=O)Cc2ccc(S(=O)(=O)N3CCOCC3)s2)cc1,5.0,4.4710155,0.52898455
O=C(c1ccoc1)N1CCN(C(=O)c2ccc3c(Nc4ccc(OC(F)(F)F)cc4)ncnc3c2)CC1,8.0,7.889633,0.11036682
Cc1c(Nc2ccc(OC(F)(F)F)cc2)ncnc1-c1ccc(S(=O)(=O)C(C)C)cc1,5.004365,4.0417385,0.96262646
CCN(CC)Cc1ccc2c(Nc3ccc(OC(F)(F)F)cc3)ncnc2c1,6.404504,6.5362797,-0.13177586
Cc1cc2nnn(CC(=O)c3ccc(Cl)c(Cl)c3)c2cc1C,4.8894105,5.214851,-0.3254404
Cc1ccc(NC(=O)c2ccc3c(c2)CCC3N2CCN(C(=O)OC(C)(C)C)CC2)cc1Nc1nccc(-c2cccnc2)n1,4.696804,4.2517633,0.4450407
COc1ccc(NC(=O)Cn2cc(COc3cc(O)c4c(=O)c5ccc(OC)cc5oc4c3)nn2)c(OC)c1,4.6675615,4.5603695,0.10719204
COc1cc(N2CCN(C)CC2)ccc1Nc1ncc(Cl)c(Oc2ccccc2NC(=O)CO)n1,5.3665314,4.960203,0.4063282
[C]C([C])=[C][C][C]/C([C])=[C]/[C]c1c([O])cc(/[C]=[C]/c2cc(F)cc(F)c2)cc1[O],4.69897,4.8945475,-0.19557762
Nc1n[nH]c2cccc(-c3ccc(C(=O)N4CCN(C(=O)c5ccc(Cl)c(C(F)(F)F)c5)CC4)cc3)c12,5.2006593,4.373091,0.82756805
COc1cc(N2CCN(C)CC2)ccc1Nc1ncc(Cl)c(Oc2ccc(NC(C)=O)cc2)n1,4.0265303,3.3699086,0.6566217
CC(=O)NCc1ccc(-c2ccc3c(c2)C(=O)Nc2cc(OC(F)(F)F)ccc2O3)s1,4.756962,4.345312,0.4116497
Cc1ccc(C(c2c[nH]c3ccc(C(=O)NNS(=O)(=O)c4cccc([N+](=O)[O-])c4)cc23)c2c[nH]c3ccc(C(=O)NNS(=O)(=O)c4cccc([N+](=O)[O-])c4)cc23)cc1,5.4672456,5.813682,-0.3464365
N#Cc1cccc(CC(=O)Nc2ccccc2-c2cccc3c2[nH]c2ccccc23)c1,4.642065,3.7517457,0.89031935
CNC(=O)CCc1ccc(NC(=O)[C@H](CC(C)(C)C)NC(=O)c2cccc(CNC(=O)c3ccccc3)c2)cc1,4.6575775,5.7099347,-1.0523572
Cc1ccc(C(c2c[nH]c3ccc(C(=O)NNS(=O)(=O)c4ccc([N+](=O)[O-])cc4)cc23)c2c[nH]c3ccc(C(=O)NNS(=O)(=O)c4ccc([N+](=O)[O-])cc4)cc23)cc1,4.4534574,3.51868,0.93477726
CC1CN(c2cncnc2)Cc2cc(C(=O)Nc3cc(CN4CCN(C)CC4)cc(C(F)(F)F)c3)ccc21,4.0,4.715009,-0.7150092
Cc1ccc(C(c2c[nH]c3ccc(C(=O)NNS(=O)(=O)c4ccccc4[N+](=O)[O-])cc23)c2c[nH]c3ccc(C(=O)NNS(=O)(=O)c4ccccc4[N+](=O)[O-])cc23)cc1,6.8827286,7.201408,-0.31867933
CCCc1cc(Oc2ccc(C(C)C)cc2)ccc1OCCCOc1cccc(-c2sc(=O)[nH]c2O)c1,7.221849,6.837795,0.38405418
CCCc1cc(Oc2ccccc2)ccc1OCCCOc1ccc2c(c1)OC(CCC)(C(=O)O)CC2,8.522879,8.975489,-0.45261002
O=C(Cn1cccc(NCc2ccc(Cl)cc2)c1=O)NCc1ccc(Cl)c(Cl)c1,8.958608,8.9817705,-0.023162842
COc1cc(C=O)cc(OCC(=O)Nc2sc3c(c2C#N)CCC(C)C3)c1OC,7.216811,6.4992375,0.71757364
COc1cc(N2CCN(C)CC2)ccc1Nc1ncc(Cl)c(Oc2ccc(NC(=O)COCc3ccccc3)cc2)n1,7.180456,8.615911,-1.4354544
COc1cc(N2CCN(C)CC2)ccc1Nc1ncc(Cl)c(Oc2ccccc2NC(=O)CCO)n1,5.386158,4.234366,1.151792
CC1CN(C(=O)c2ccc3c(Nc4ccc(OC(F)(F)F)cc4)ncnc3c2)CC(C)N1,3.9136403,4.5840464,-0.6704061
O=C(NCCO)c1ccc2c(Nc3ccc(OC(F)(F)F)cc3)ncnc2c1,4.027145,3.3538508,0.67329407
Nc1n[nH]c2cc(-c3ccc(C(=O)NCCNC(=O)c4ccc(Br)cc4)cc3)ccc12,4.113622,3.8731222,0.24049997
Cc1oc(-c2ccccc2)nc1CCOc1ccc(Cc2nn(-c3ccccc3)cc2C(=O)O)cc1,5.229148,4.0537567,1.1753912
C[C@@H](CN1CC(C(=O)N2CCN(c3ncc(C(F)(F)F)cn3)CC2)C1)Nc1cn[nH]c(=O)c1C(F)(F)F,4.0,4.35495,-0.35494995
Cc1cc(NS(=O)(=O)c2ccc(Nc3nccc(Nc4ccc5c(C)n(C)nc5c4)n3)cc2)no1,5.74521,7.6898413,-1.9446311
COC[C@H]1CCCN1C(=O)c1cc2c(Nc3ccc(OC(F)(F)F)cc3)ncnc2n1C,4.0267105,3.4997659,0.52694464
Nc1cc(C2CC2)n(-c2cc(Nc3ccc(OC(F)(F)F)cc3)ncn2)n1,6.958607,5.551799,1.4068084
C=CCn1c2ccccc2c2nnc(SCc3[nH]c(=O)[nH]c3C(=O)CCCCC(=O)OCC)nc21,6.821023,8.058424,-1.237401
Cc1ccc(C(=O)NCc2ccncc2)cc1Nc1nccc(-c2cccnc2)n1,9.443698,8.635964,0.80773354
Cc1oc(-c2ccccc2)nc1CCOc1ccc(C[C@@H]2CN(c3nc4ccccc4o3)C[C@@H]2C(=O)O)cc1,6.8124795,5.1793957,1.6330838
FC(F)(F)c1cccc(Nc2nc(NC(=S)Nc3ccccc3)ns2)c1,5.167491,4.5564513,0.61103964
COc1ccc2ccc3c([nH]c4c5ccccc5nc(NCCCN(C)C)c34)c2c1,5.692932,5.2307825,0.46214962
COc1ccccc1NC(=S)Nc1nsc(Nc2ccc(Cl)c(Cl)c2)n1,4.026747,3.4654818,0.56126547
Cc1ccc(C(=O)N/N=C2\C(=O)Nc3ccc(Cl)cc32)cc1,8.522879,6.15521,2.3676686
FC(F)(F)Oc1ccc(Nc2ncnc3nn(C4CCCCC4)cc23)cc1,7.091515,7.6376963,-0.5461812
O=C1Nc2cc(Br)ccc2/C1=N/NC(=O)c1ccccc1O,4.590067,2.9777641,1.6123028
Cc1ccc(NC(=S)Nc2nsc(Nc3ccc(Cl)cc3)n2)cc1,5.8000007,4.6727924,1.1272082
CCCCCCC(Sc1nc(Cl)cc(Nc2ccc3ncccc3c2)n1)C(=O)O,9.443698,9.443775,-7.724762e-05
C[C@H](NC(=O)c1ccc(N)cc1)C(=O)Nc1nc(-c2ccccc2)cs1,5.0,4.6006823,0.39931774
FC(F)(F)c1cccc(Nc2nc(NC(=S)Nc3ccc(Cl)cc3)ns2)c1,6.1687703,5.4076147,0.7611556
COc1cccc(NC(=S)Nc2nsc(Nc3ccc(Cl)c(Cl)c3)n2)c1,6.9244533,6.3543773,0.570076
O=[N+]([O-])c1ccc(NC(=S)Nc2nsc(Nc3ccc(Cl)cc3)n2)cc1,6.8894105,8.160246,-1.2708354
O=[N+]([O-])c1ccc(NC(=S)Nc2nsc(Nc3cccc([N+](=O)[O-])c3)n2)cc1,6.0,6.0800834,-0.08008337
CCCN1C(=O)/C(=N\NC(=O)Cc2ccc(Cl)cc2Cl)c2ccccc21,5.1497827,6.3915243,-1.2417417
O=[N+]([O-])c1ccccc1NC(=S)Nc1nsc(Nc2ccc(Cl)c(Cl)c2)n1,8.39794,8.121409,0.27653027
O=[N+]([O-])c1ccccc1NC(=S)Nc1nsc(Nc2cccc(C(F)(F)F)c2)n1,3.8239088,3.612229,0.2116797
Nc1ncnc2c1c(-c1ccccc1)cn2C(CO)Cc1ccc(O)cc1,7.0457573,5.5326133,1.513144
Fc1ccccc1NC(=S)Nc1nsc(Nc2ccc(Cl)c(Cl)c2)n1,6.49485,5.809486,0.68536425
O=[N+]([O-])c1cccc(NC(=S)Nc2nsc(Nc3cccc([N+](=O)[O-])c3)n2)c1,5.9746943,5.194663,0.7800312
O=[N+]([O-])c1cccc(NC(=S)Nc2nsc(Nc3ccc(F)cc3)n2)c1,6.229148,4.706213,1.5229349
O=[N+]([O-])c1cccc(Nc2nc(NC(=S)Nc3ccc(Cl)cc3Cl)ns2)c1,5.0,4.857454,0.14254618
O=C(Cc1ccc(Cl)cc1Cl)N/N=C1\C(=O)Nc2cc(Br)ccc21,4.761954,5.172082,-0.41012812
S=C(Nc1ccc(Br)cc1)Nc1nsc(Nc2ccc(Cl)cc2)n1,6.8860564,6.3462353,0.53982115
S=C(Nc1ccc(Cl)c(Cl)c1)Nc1nsc(Nc2ccc(Cl)c(Cl)c2)n1,5.838033,5.2075787,0.63045454
O=C(Cc1ccc(Cl)c(Cl)c1)N/N=C1\C(=O)Nc2cc(Br)ccc21,7.6840296,9.070522,-1.3864927
Cc1cc2nnn(CC(=O)c3ccc(Cl)cc3)c2cc1C,4.30103,4.212925,0.0881052
CCN(CC(=O)Nc1ccc(NC(C)=O)cc1)C(=O)c1ccccc1SCc1c(C)noc1C,6.0163736,5.410173,0.6062007
CCc1ccc(C(=O)Nc2cccc(C(F)(F)F)c2)cc1-c1cccc(-c2cnc3cnccn23)c1,4.0,3.237432,0.762568
CC(=O)O[C@H]1CC[C@]2(C)[C@H]3CC=C4[C@@H]5CC(C)(C)CC[C@]5(C(=O)OC[C@H](O)[C@H]5OC(=O)C(O)C5=O)CC[C@@]4(C)[C@]3(C)CC[C@H]2C1(C)C,6.7281585,6.129395,0.59876347
Oc1ccc(C=NN=Cc2ccc(O)c(O)c2)cc1O,8.0,7.855794,0.14420605
CCN1CCN(c2ccc(Nc3cc(N(C)C(=O)Nc4c(Cl)c(OC)cc(OC)c4Cl)ncn3)cc2)CC1,7.4202166,6.905707,0.5145097
O=S(=O)(c1cc(C(F)(F)F)cc(C(F)(F)F)c1)N1CCN(c2nc(Cl)ncc2Br)CC1,4.30103,4.253179,0.047851086
COc1cc2ncnc(Nc3ccc(F)c(Cl)c3)c2cc1NC(=O)/C(F)=C/CN(C)C,7.6589637,7.341999,0.31696463
O=C(COc1cc(O)c2c(=O)cc(-c3ccccc3)oc2c1)NCc1ccccc1,5.2596374,5.4586,-0.19896269
O=C(c1cc(Cl)ccc1Cl)N1CCN(c2nc(Cl)ncc2Br)CC1,4.0132284,4.1970177,-0.18378925
CCn1c(CCCc2cccc(-c3cccc(-c4nnn[nH]4)c3)c2)nn(Cc2ccc(C(C)(C)C)cc2)c1=O,4.837137,5.0900507,-0.25291348
COc1ccc(Br)cc1/C=N/c1nnc(-c2ccc(Cl)cc2)s1,7.69897,6.171012,1.5279579
CC(=O)NCc1cccc(C(=O)N[C@@H](CC(C)(C)C)C(=O)Nc2ccc(CCN(C)C)cc2)c1,8.537602,8.73874,-0.20113754
O=C(N/N=C/c1ccc(O)cc1)c1cc2ccccc2[nH]1,6.155523,7.754575,-1.599052
O=C(N/N=C/c1cc(O)ccc1O)c1cc2ccccc2[nH]1,8.045757,7.2000127,0.8457446
CCOC(=O)C1=C(Nc2cccc([N+](=O)[O-])c2)C[C@@H](c2ccc(C)cc2)N(c2cccc([N+](=O)[O-])c2)[C@@H]1c1ccc(C)cc1,4.0,3.7211623,0.27883768
O=[N+]([O-])c1cccc(-c2nnc(/N=C/c3ccc(Cl)cc3Cl)s2)c1,5.6575775,5.0318894,0.6256881
O=C(N/N=C/c1c(O)cc(O)cc1O)c1cc2ccccc2[nH]1,5.09691,4.4762697,0.6206403
O=C(N/N=C/c1cc(O)cc(O)c1)c1cc2ccccc2[nH]1,5.6575775,5.0809536,0.5766239
COc1ccc(Br)cc1/C=N/c1nnc(-c2cccc([N+](=O)[O-])c2)s1,7.1307683,6.9079227,0.22284555
COc1ccc(Br)cc1-c1nnc(N)s1,8.679853,6.5708847,2.1089687
COc1ccc(O)c(/C=N/NC(=O)c2cc3ccccc3[nH]2)c1,5.0,5.2672634,-0.2672634
COc1ccc(/C=N/NC(=O)c2cc3ccccc3[nH]2)c(I)c1O,6.790485,5.5409265,1.2495584
Clc1ccc(-c2nnc(/N=C/c3ccc(OCc4ccccc4)cc3)s2)cc1,5.958607,4.8682604,1.0903468
O=C(N/N=C/c1cc(O)c(O)c(O)c1)c1cc2ccccc2[nH]1,9.20066,9.077336,0.12332344
Nc1nnc(-c2ccc(Cl)cc2)s1,4.7999983,4.459447,0.34055138
O=C(N/N=C/c1ccccc1O)c1cc2ccccc2[nH]1,6.6382723,5.799584,0.8386884
Nc1nnc(-c2ccc(O)cc2)s1,5.823909,3.9688373,1.8550715
Nc1nnc(-c2ccc(OCc3ccccc3)cc2)s1,4.30103,3.7349977,0.5660324
Nc1nnc(-c2ccc([N+](=O)[O-])cc2)s1,4.952959,3.0458364,1.9071226
Nc1nnc(-c2cccc([N+](=O)[O-])c2)s1,5.0,4.0420427,0.95795727
O=[N+]([O-])c1ccccc1/C=N/c1nnc(-c2ccc(Cl)cc2)s1,5.0,4.8807306,0.11926937
Nc1nnc(-c2ccc(Cl)cc2Cl)s1,4.0264797,4.0518107,-0.02533102
CN(C)c1ccc(-c2nnc(N)s2)cc1,7.0457573,5.236701,1.8090563
CCOC(=O)C1=C(Nc2cccc(Br)c2)C[C@@H](c2ccc(Cl)cc2)N(c2cccc(Br)c2)[C@@H]1c1ccc(Cl)cc1,5.0,6.1762557,-1.1762557
COc1cc(-c2nnc(/N=C/c3ccc(O)cc3)s2)ccc1OCc1ccccc1,5.0457573,5.2101545,-0.16439724
Nc1nnc(-c2ccc(Cl)c(OCc3ccccc3)c2)s1,6.8268137,6.83173,-0.004916191
COc1cccc(-c2nnc(N)s2)c1OC,3.8239088,3.8335862,-0.00967741
Nc1nnc(-c2ccccc2[N+](=O)[O-])s1,7.4775558,5.558486,1.9190698
Clc1ccc(-c2nnc(/N=C/c3ccc(Cl)cc3Cl)s2)cc1,4.797158,4.1177435,0.6794143
COc1cc(/C=N/NC(=O)c2cc3ccccc3[nH]2)ccc1O,4.8863907,5.596751,-0.7103605
Oc1ccc(/C=N/c2nnc(-c3ccc(Cl)cc3)s2)cc1,4.6903696,3.8184896,0.87188005
Cc1[nH]c2ncnc(Nc3cccc(Br)c3)c2c1C,4.3496923,3.5581207,0.7915716
CCOC(=O)C1=C(Nc2cccc(Cl)c2)C[C@@H](c2ccc(Cl)cc2)N(c2cccc(Cl)c2)[C@@H]1c1ccc(Cl)cc1,4.5638375,4.432457,0.13138056
CCOC(=O)C1=C(Nc2cccc(F)c2)C[C@@H](c2ccc(Cl)cc2)N(c2cccc(F)c2)[C@@H]1c1ccc(Cl)cc1,8.0,7.8809986,0.11900139
COc1ccc(/C=N/NC(=O)c2cc3ccccc3[nH]2)cc1O,4.30103,4.709296,-0.40826607
O=[N+]([O-])c1ccc(/C=N/c2nnc(-c3ccc(Cl)cc3)s2)cc1,4.3900003,4.2481976,0.14180279
O=C(N/N=C/c1ccc(O)c(O)c1)c1cc2ccccc2[nH]1,5.1623483,4.419402,0.74294615
O=C(N/N=C/c1ccc(Br)c(F)c1)c1cc2ccccc2[nH]1,5.0,4.9855556,0.014444351
Nc1nnc(-c2c3ccccc3cc3ccccc23)s1,6.0,4.7498903,1.2501097
O=C(N/N=C/c1ccc(Cl)cc1)c1cc2ccccc2[nH]1,6.7931743,6.8902555,-0.097081184
O=C(N/N=C/c1cccc(O)c1O)c1cc2ccccc2[nH]1,7.6382723,7.8986034,-0.26033115
Oc1ccc(C[C@H]2NCCc3cc(O)c(O)cc32)cc1O,4.696804,5.088961,-0.39215708
O=C(c1cc2cc(O)ccc2[nH]1)c1cc2cc(O)ccc2[nH]1,6.670094,6.195606,0.47448778
Nc1n[nH]c2cc(-c3ccc(C(=O)N4CCN(C(=O)c5ccc(F)cc5)CC4)cc3)ccc12,6.5100417,6.266217,0.24382448
O=C(NCCO)c1cccc(-c2ccc3c(c2)C(=O)Nc2cc(OC(F)(F)F)ccc2N3)c1,6.2596374,7.1944757,-0.9348383
CC(C)Oc1ccc2cc(-c3nn(C(C)C)c4ncnc(N)c34)ccc2c1,7.4436975,6.4924192,0.9512782
Cc1cccc(C(=O)N2CCN(C(=O)c3ccc(-c4cccc5[nH]nc(N)c45)cc3)CC2)c1,7.552842,6.292908,1.259934
C=CC(=O)Nc1ccccc1Oc1nc(Nc2ccc(N3CCN(C)CC3)cc2OC)ncc1Cl,5.3001623,5.688833,-0.38867092
O=C(O)Cc1coc2cc(OCc3cc(-c4ccc(Cl)cc4)on3)ccc12,9.0,8.48357,0.5164299
Fc1cc(Cn2cc3c(Nc4ccc(OC(F)(F)F)cc4)ncnc3n2)ccc1C(F)(F)F,4.7212462,5.282328,-0.5610819
O=C(O)Cc1coc2cc(OCc3ccc(COc4ccc(C(F)(F)F)cc4)cc3)ccc12,6.790485,5.592383,1.198102
NC(=O)c1ccc(Oc2cccc(C(=O)N3CCC(c4ccccc4)CC3)c2)cc1,7.376751,6.848549,0.52820206
COc1cccc(-c2cn(C3CCN(C(=O)OC(C)(C)C)C3)c3ncnc(N)c23)c1,3.0323117,3.5207758,-0.48846412
N[C@@H]1CCN(c2c(F)cc3c(=O)c(C(=O)O)cn4c3c2Oc2cc3c(ccc5ccccc53)cc2-4)C1,5.0540886,4.867199,0.18688965
N#Cc1cc(CC(=O)Nc2ccccc2-c2cccc3c2[nH]c2ccccc23)ccn1,5.2596374,5.605669,-0.34603167
O=C(O)CN1CCN(c2cc(-c3cnc4ccc(N5CCC[C@@H]5c5cccc(F)c5)nn34)ccn2)CC1,4.6999917,4.6773043,0.022687435
Cc1oc(-c2ccccc2)nc1CCOc1cccc(CC2C(=O)N(c3ccc(F)cc3)C2C(=O)O)c1,4.628932,3.7845511,0.84438086
CCOC(=O)CC1CCN(C(=O)/C=C\C(=O)Nc2cccc(C(N)=O)c2)CC1,7.2676063,6.272928,0.994678
O=S(=O)(Cc1ccccc1F)Nc1ccccc1-c1cccc2c1[nH]c1ccccc12,6.552842,5.4311886,1.1216536
CN(C)CCNC(=O)c1cncc(-c2cccc(C(=O)N[C@H]3CN[C@@H](C(=O)Nc4ccc(Cl)c(C(F)(F)F)c4)C3)c2)c1,5.207608,5.018278,0.1893301
CCNC(=O)CCn1ccc2c(Nc3ccc(OC(F)(F)F)cc3)ncnc21,6.745906,5.9152265,0.8306794
Cc1ccc(-c2cc(-c3ccc(C)o3)nc(N)c2C#N)cc1,8.603801,8.897006,-0.29320526
Cc1ccc(NC(=O)c2ccc(CN3CCOCC3)cc2)cc1-n1cc(-c2cnc3ccnn3c2)cn1,5.0,4.9437027,0.056297302
Nc1n[nH]c2cc(-c3ccc(C(=O)NCCNC(=O)c4ccc(F)cc4)cc3)ccc12,4.5934596,4.176404,0.4170556
COc1cc(N2CCN(C)CC2)ccc1Nc1ncc(Cl)c(Oc2cccc(NC(=O)CCOCc3ccccc3)c2)n1,4.537602,4.868087,-0.33048487
[C]C([C])=[C][C][C]/C([C])=[C]/[C]c1c([O])cc(/[C]=[C]/c2ccc(F)cc2)cc1[O],5.6675615,5.232852,0.43470955
O=C(O)Cc1coc2cc(OCc3cccc(COc4ccc(C(F)(F)F)cc4)c3)ccc12,4.026438,3.7732158,0.25322247
[C]Oc1ccc(/[C]=[C]/c2cc([O])c([C]/[C]=C(\[C])[C][C][C]=C([C])[C])c([O])c2)cc1,7.493495,8.475827,-0.9823322
Cc1ccc(NC(=O)c2cccc(C(F)(F)F)c2)cc1NC(=O)c1cccc2c(N)nccc12,5.0,4.9291706,0.07082939
Nc1ccn(C2OC(CO)[C@@H](O)[C@H]2O)c(=O)n1,4.0,5.0488467,-1.0488467
Cc1cccc(-c2nn3c(c2-c2ccnc(Nc4ccc(S(N)(=O)=O)cc4)c2)CC(C)(C)C3)n1,6.0,5.815666,0.1843338
CN(C)S(=O)(=O)Nc1ccccc1-c1cccc2c1[nH]c1ccccc12,4.8741937,4.1780815,0.69611216
CC(=O)Nc1ccccc1-c1cccc2c1sc1ccccc12,7.6197886,6.7378364,0.8819523
N#C/C(=C/c1cccc(Br)n1)C(=O)NCc1cccc(CNC(=O)/C(C#N)=C\c2cccc(Br)n2)c1,9.008774,8.758924,0.24985027
C/C(=C\COc1ccc2ccc(=O)oc2c1)CC/C=C(\C)CCC1OC1(C)C,7.0457573,5.4816394,1.5641179
O=C(Cn1nnc2ccccc21)c1ccc(Cl)cc1,4.0,3.7875276,0.21247244
O=C(Cn1cccc(NCc2ccc([N+](=O)[O-])cc2)c1=O)NCc1ccc(Cl)c(Cl)c1,4.186419,3.47902,0.7073989
Cc1ccc(NC(=O)c2cccc(S(=O)(=O)n3ccc4ccc(C)cc43)c2)c(C(=O)O)c1,4.0,4.991928,-0.9919281
CC(=O)NC1=NN(c2ccc(Cl)c(Cl)c2)C[C@H]1C,8.1549015,6.1445713,2.0103302
CCn1c(CCCc2cccc(-c3ccc(OC)c(CC(=O)O)c3)n2)nn(Cc2ccc(C(C)(C)C)cc2)c1=O,6.9706163,7.365137,-0.39452076
Cc1cc2c(Nc3ccc(OC(F)(F)F)cc3)ncnc2s1,5.958607,4.0752993,1.8833079
CN(C)c1ccc(C(=O)N2CCN(C(=O)c3ccc(-c4ccc5c(N)n[nH]c5c4)cc3)CC2)cc1,5.60206,5.1439266,0.45813322
CCCc1cc(Oc2ccc(OC)cc2)ccc1OCCCOc1cccc(-c2sc(=O)[nH]c2O)c1,5.3467875,5.2283516,0.11843586
COc1cccc(NC(=O)N2CCOc3ccc(-c4ccnc(OC)c4)cc3C2)c1,6.0,6.0769267,-0.07692671
O=C(c1ccc(Cl)cc1[N+](=O)[O-])N1CCN(c2nc(Cl)ncc2Br)CC1,5.565431,4.883378,0.6820531
COCc1cn(CCCCCCn2cc(CO[C@H]3CC[C@]4(C)[C@H]5CC=C6[C@@H]7CC(C)(C)CC[C@]7(C(=O)O)CC[C@@]6(C)[C@]5(C)CC[C@H]4C3(C)C)nn2)nn1,5.031517,4.149379,0.88213825
COc1ccc(Nc2cc(-c3ccc(C(=O)NCCNC(=O)c4cccc(C(F)(F)F)c4)cc3)ncn2)cc1,10.0,8.931642,1.0683584
O=C(N/N=C/c1ccc(O)c(O)c1)c1ccc(-c2nnc(-c3ccc4ncccc4c3)o2)cc1,6.6197886,5.0653253,1.5544634
Cc1ccc(NC(=O)c2ccc(/C=C/C(=O)NO)s2)cc1Nc1ncc(-c2cccnc2)s1,4.1165657,3.991364,0.1252017
CCCc1c(OCCCN(CC)c2ccc(CC(=O)O)cc2)ccc2c(C(F)(F)F)noc12,8.130768,7.4782286,0.65253925
COc1ccc(C(=O)Cn2nnc3cc(C)c(C)cc32)cc1,5.154902,4.909856,0.24504614
Cc1ccc2nc(NC(=O)NCc3nc4ccccc4[nH]3)sc2c1,5.552842,4.838252,0.7145901
N#C/C(=C\c1ccc(-c2cc(C(=O)O)cc(C(=O)O)c2)s1)c1nc2ccccc2s1,3.30103,4.889042,-1.588012
Cn1c(=O)c2c(nc(-n3ccnc3)n2Cc2ccc(Cl)cc2Cl)n(C)c1=O,8.0,7.684823,0.31517696
CC[C@@H](Oc1cccc(Cn2c(C)c(C(=O)c3ccc(Cl)cc3)c3ccc(OC(F)(F)F)cc32)c1)C(=O)O,5.3665314,4.911508,0.4550233
CCCc1cc(-c2ccccc2)ccc1OCCCOc1cccc(-c2oc(=O)[nH]c2O)c1,4.679854,4.482871,0.19698286
CC(C)(C)C(=O)Nc1ccc(-c2ccc(C(=O)N[C@H]3CN[C@@H](C(=O)Nc4ccc(Cl)c(C(F)(F)F)c4)C3)cc2)cn1,5.958607,4.285752,1.6728554
O=C(c1c(F)cccc1F)N1CCN(c2nc(Cl)ncc2Br)CC1,5.161151,4.816264,0.34488678
CN(CCO)C(=O)c1ccc2c(Nc3ccc(OC(F)(F)F)cc3)ncnc2c1,6.331614,6.108264,0.22335005
CCCCNC(=O)C(C)(C)Oc1ccc(CCOc2ccc(/N=N/c3ccccc3)cc2)cc1,5.0,5.103056,-0.103055954
Cn1ccnc1Sc1cc(C(=O)Nc2cccc(N)c2)c(N)cc1F,4.823909,4.6565742,0.16733456
Cc1ccc(NC(=O)c2ccc(/C=C/C(=O)NO)cc2)cc1Nc1ncc(-c2cccnc2)s1,9.603801,8.548436,1.0553646
Cc1ccc(NC(=O)c2ccc(/C=C/C(=O)NO)cc2)cc1Nc1nc(-c2cccnc2)cs1,8.522879,8.868291,-0.34541225
O=C(/C=C/c1ccc(-c2ccc3ncnc(Nc4ccc(OCc5cccc(F)c5)c(Cl)c4)c3c2)s1)NO,4.7544875,4.1189175,0.63557005
COc1cccc(C#Cc2nn(C(C)C)c3ncnc(N)c23)c1,7.7447276,5.738708,2.0060196
Cc1cc(F)c(Sc2nccn2C)cc1C(=O)Nc1cccc(N)c1,4.3467875,3.4236765,0.92311096
CC(C)(C)c1cc(NC(=O)Nc2cccc(Cl)c2Cl)n(-c2cccc(N)c2)n1,6.309804,4.488279,1.8215251
COc1cc(C(O)C#Cc2cnc(N)nc2N)cc(OC)c1OC,5.3288274,5.2075777,0.121249676
CO[C@@H](Cc1ccc(OCCCOc2ccc(Oc3ccccc3)cc2)cc1)C(=O)O,6.69897,5.6353374,1.0636325
Cc1nc(N=NCc2ccc(O)cc2O)cc(N2CCOCC2)n1,4.026295,3.8460708,0.18022442
CC(C)(Oc1ccc(CCOc2ccc(/N=N/c3ccccc3)cc2)cc1)C(=O)NCc1ccccc1,3.5228786,4.058836,-0.53595734
O=c1ccc2ccc(OCCCCCCCCn3ccnc3)cc2o1,4.9746943,4.8159246,0.15876961
COc1cc(N2CCN(C)CC2)ccc1Nc1ncc(Cl)c(Oc2ccc(NC(=O)CO)cc2)n1,5.966174,5.744342,0.22183228
FC(F)(F)CNc1nc(Nc2ccc(N3CCOCC3)c(Cl)c2)nc2ccoc12,6.920819,5.9263067,0.9945121
CCCC(Oc1cccc(Cc2c(C)n(C(=O)c3ccc(OC)cc3)c3ccc(OC(F)(F)F)cc23)c1)C(=O)O,5.1307683,5.696785,-0.5660167
COc1ccc(C(=O)Nc2ccncc2)cc1Nc1nccc(-c2cccnc2)n1,9.283997,9.325822,-0.041825294
O=c1c(F)cn(C2CCCO2)c(=O)n1CCCCCCCCCCCN1C[C@H](O)[C@@H](O)[C@H](O)[C@H]1CO,7.2596374,7.5377483,-0.27811098
Nc1n[nH]c2cccc(-c3ccc(C(=O)N4CCN(C(=O)c5cccc(C(F)(F)F)c5)CC4)cc3)c12,5.0,4.969645,0.030354977
Cc1oc(-c2ccccc2)nc1CCOc1ccc(Cc2nn(-c3ccccc3)nc2C(=O)O)cc1,5.0,4.9629154,0.03708458
COc1ccc(C(=O)n2c(C)c(Cc3cccc(OC(C)(C)C(=O)O)c3)c3cc(OC(F)(F)F)ccc32)cc1,6.5228786,5.927696,0.5951824
COc1ccc(NC(=O)Cn2cc(COc3cc(O)c4c(=O)c5ccc(Br)cc5oc4c3)nn2)c(OC)c1,6.100089,5.52849,0.571599
O=C(Cn1nnc2ccccc21)c1cccc(Br)c1,5.180456,3.2024446,1.9780116
O=C(Cn1nnc2ccccc21)c1ccc(Br)cc1,6.0,5.350501,0.64949894
O=C(CSc1nnc(-c2ccc(F)cc2)c(-c2ccc(F)cc2)n1)Nc1nc(-c2ccccc2)cs1,4.1255183,3.5514913,0.57402706
O=C(CSc1nnc(-c2ccc(F)cc2)c(-c2ccc(F)cc2)n1)Nc1nc(-c2ccc(Br)cc2)cs1,7.725842,7.471711,0.25413084
O=C(CSc1nnc(-c2ccc(Br)cc2)c(-c2ccc(Br)cc2)n1)Nc1nc(-c2ccccc2)cs1,7.180456,7.2546206,-0.07416439
O=C(CSc1nnc(-c2ccccc2)c(-c2ccccc2)n1)Nc1nc(-c2ccc(Br)cc2)cs1,5.0,5.4797087,-0.47970867
O=C(CSc1nnc(-c2ccc(F)cc2)c(-c2ccc(F)cc2)n1)Nc1nc(-c2ccc(F)cc2)cs1,8.610925,8.9347315,-0.32380676
O=C(CSc1nnc(-c2ccccc2)c(-c2ccccc2)n1)Nc1nc(-c2ccccc2)cs1,3.8239088,3.5739088,0.25
Cc1ccc(-c2csc(NC(=O)CSc3nnc(-c4ccccc4)c(-c4ccccc4)n3)n2)cc1,7.207608,6.634925,0.57268333
Cc1ccc(-c2csc(NC(=O)CSc3nnc(-c4ccc(F)cc4)c(-c4ccc(F)cc4)n3)n2)cc1,5.251812,5.2460012,0.0058107376
O=C(CSc1nnc(-c2ccccc2)c(-c2ccccc2)n1)Nc1nc(-c2ccc(Cl)cc2)cs1,8.522879,9.21786,-0.6949816
Cc1ccc(-c2csc(NC(=O)CSc3nnc(-c4ccc(Br)cc4)c(-c4ccc(Br)cc4)n3)n2)cc1,4.30103,4.0422063,0.25882387
O=C(CSc1nnc(-c2ccccc2)c(-c2ccccc2)n1)Nc1nc(-c2ccc(F)cc2)cs1,4.7292047,5.312254,-0.5830493
Nc1ncnc2c1c(-c1ccc(O)cc1)cn2C1CCNC1,4.026341,4.2280903,-0.20174932
O=C(CSc1nnc(-c2ccc(Br)cc2)c(-c2ccc(Br)cc2)n1)Nc1nc(-c2ccc(Cl)cc2)cs1,6.6197886,5.8382626,0.7815261
O=C(CSc1nnc(-c2ccc(Br)cc2)c(-c2ccc(Br)cc2)n1)Nc1nc(-c2ccc(F)cc2)cs1,4.851089,4.1874895,0.6635995
O=C(CSc1nnc(-c2ccc(F)cc2)c(-c2ccc(F)cc2)n1)Nc1nc(-c2ccc(Cl)cc2)cs1,3.552842,3.89329,-0.34044814
NC(=O)c1cccc(NC(=O)/C=C\C(=O)N2CCN(c3ncccn3)CC2)c1,4.0,6.0798764,-2.0798764
O=C(Cc1ccccc1F)Nc1ccccc1-c1cccc2c1[nH]c1ccccc12,4.853872,4.8005133,0.053358555
COc1ccc(-c2csc(NC(=O)CSc3nnc(-c4ccc(Br)cc4)c(-c4ccc(Br)cc4)n3)n2)cc1,7.047692,5.426722,1.6209698
O=C(CSc1nnc(-c2ccc(Br)cc2)c(-c2ccc(Br)cc2)n1)Nc1nc(-c2ccc(Br)cc2)cs1,5.3887014,4.9327736,0.45592785
COc1ccc(-c2csc(NC(=O)CSc3nnc(-c4ccccc4)c(-c4ccccc4)n3)n2)cc1,5.6819367,5.5181546,0.16378212
COc1cc(N2CCN(C)CC2)ccc1Nc1ncc(Cl)c(Oc2ccc(N)cc2)n1,5.2596374,4.657926,0.6017113
[C]C([C])=[C][C][C]/C([C])=[C]/[C]c1c([O])cc(/[C]=[C]/c2ccc([C]=O)cc2)cc1[O],4.0,3.9772527,0.022747278
O=C(Nc1cccc(C(F)(F)F)c1)c1ccccc1NCc1ccncc1,4.3156934,3.7575278,0.55816555
O=C(c1ccc(F)cc1)n1nnc2ccccc21,5.124939,4.750458,0.3744812
Cc1oc(-c2ccccc2)nc1CCOc1ccc([C@H]2CN(C(=O)Oc3ccccc3)C[C@@H]2C(=O)O)cc1,5.2596374,4.6871996,0.57243776
CC#Cc1ccc2c(=O)[nH]c(CSc3ncccn3)nc2c1C,4.920819,4.9228435,-0.0020246506
COc1ccc(C2c3c(nc[nH]c3=O)Oc3nc[nH]c(=O)c32)cc1,6.004738,5.825037,0.17970085
CNCCOc1ccc(-c2sc3nc(-c4cccs4)nc(NN4C(=O)C=C(C)C4=O)c3c2C)cc1,7.0649967,5.392002,1.6729946
CCCc1cc(C2CCOCC2)ccc1OCCCOc1cccc(-c2oc(=O)[nH]c2O)c1,5.093234,3.9538798,1.1393542
Cc1ccc(OC(=O)N(CC(=O)O)Cc2cccc(OCc3nc(-c4ccc(-c5ccccc5)cc4)oc3C)c2)cc1,8.096368,7.603339,0.49302864
C#Cc1cccc(Nc2ncnc3cc(OC)c(OCCCCCCC(=O)NO)cc23)c1,7.036212,5.984866,1.0513458
CCCS(=O)(=O)Nc1ccccc1-c1cccc2c1[nH]c1ccccc12,7.2596374,7.419018,-0.15938044
CC[C@H](C)[C@H](NC(=O)[C@@H]1CCCN1C(=O)[C@@H](NC(=O)[C@H](CCC(=O)O)NC(=O)[C@H](CCC(=O)O)NC(=O)[C@H](Cc1ccc(OP(=O)(O)O)cc1)NC(=O)[C@H](CCC(N)=O)NC(=O)[C@@H]1CCCN1C(=O)[C@@H](N)CCC(=O)O)[C@@H](C)CC)C(=O)N[C@@H](Cc1ccc(O)cc1)C(=O)N[C@@H](CC(C)C)C(=O)O,5.0,5.0035176,-0.0035176277
Nc1ccccc1NC(=O)/C=C/c1cccc(-c2ccc3ncnc(Nc4ccc(OCc5cccc(F)c5)c(Cl)c4)c3c2)c1,7.309804,6.891139,0.41866493
COc1cc(N2CCN(C)CC2)ccc1Nc1ncc(Cl)c(Oc2cccc(NC(C)=O)c2)n1,6.480172,5.8548794,0.6252928
O=[N+]([O-])c1cccc(-c2cn3cnc(Nc4ccc(OC(F)(F)F)cc4)cc3n2)c1,5.207608,4.910762,0.2968464
COc1ccc(-c2nn(C(C)(C)C)c3ncnc(N)c23)cc1C,4.49485,4.2310076,0.26384258
CCN1CCCC1NC(=O)c1cc2c(Nc3ccc(OC(F)(F)F)cc3)ncnc2n1C,6.3736596,7.211165,-0.83750534
O=C(Nc1ccncc1)c1cc([N+](=O)[O-])ccc1Cl,6.0,5.620872,0.37912798
Cc1cn(-c2cccc(NC(=O)c3ccc(C)c(Nc4nccc(-c5cccnc5)n4)c3)c2)cn1,4.3904057,4.3715897,0.018815994
O=C(c1ccc([N+](=O)[O-])cc1)n1nnc2ccccc21,5.5606675,5.39639,0.16427755
CC(C)(Oc1ccc(CCOc2ccc(/N=N/c3ccccc3)cc2)cc1)C(N)=O,3.8239088,3.7260494,0.09785938
Cc1c(C(=O)c2ccc(Cl)cc2)c2ccc(OC(F)(F)F)cc2n1Cc1cccc(O[C@H](C(=O)O)C(C)C)c1,5.6382723,4.4882593,1.150013
COc1ccc(C(=O)n2nnc3ccccc32)cc1,6.958607,7.0594406,-0.100833416
CCCCN1C(=O)N(C)C2NC(=O)NC21,5.0,6.10845,-1.1084499
CCCc1cc(Oc2ccccc2)ccc1OCCCOc1ccc2c(c1)OC(CC(C)C)(C(=O)O)CC2,7.05061,6.292307,0.75830317
CCC(=O)c1cc(C)c(OC(C(=O)O)c2ccccc2)c(C)c1,8.522879,9.121431,-0.5985527
Cc1ccc(Cl)cc1-c1[nH]c(-c2ccnc(N)n2)cc1C(=O)NC1CCN(C)CC1,7.0222764,6.5020566,0.5202198
CNCCNC(=O)c1cc(-c2ccnc(N)n2)[nH]c1-c1cc(Cl)ccc1C,5.0,5.6231027,-0.62310266
O=C(NCc1ccccc1)C(=O)Nc1ccccc1Cl,5.6197886,4.1500154,1.4697733
CCCCCCCOc1ccccc1CCC(=O)NC[C@@H](C)COP(=O)(O)OC[C@H](NC(C)=O)C(=O)O,4.0,4.100079,-0.10007906
CCCCCCCOc1ccc(CC[C@](C)(N)CO)cc1,6.0,4.645814,1.354186
O=C(c1cccc(Cl)c1)n1nnc2cc(Cl)c(Cl)cc21,5.325139,4.7369413,0.5881977
CC(=O)Nc1ccccc1-c1cccc2c1[nH]c1ccc(Cl)cc12,4.0264935,4.566197,-0.53970337
Cc1[nH]c2ccccc2c1CN(C)C(=O)/C=C/c1cnc2c(c1)CCC(=O)N2,8.6575775,8.954626,-0.29704857
COc1ccc(/C=N/NC(=O)c2cc3cc4ccccc4nc3s2)cc1O,8.30103,7.9473495,0.3536806
CCOc1ccc2cc(-c3nn(CC4CCN(C)CC4)c4ncnc(N)c34)ccc2c1,5.6382723,5.9194384,-0.28116608
Cc1oc(-c2ccccc2)nc1CCOc1ccc(CC2=C(C(=O)O)CCN(C(=O)OCC(C)C)C2)cc1,9.29243,7.620519,1.6719108
Cc1ccc(NC(=O)N2CCCCC2)cc1Nc1nccc(-c2cccnc2)n1,9.443698,9.578597,-0.13489914
COc1cc(N2CCN(C)CC2)ccc1Nc1ncc(Cl)c(Oc2ccccc2NC(=O)CCOCc2ccccc2)n1,6.0,5.578108,0.42189217
NC(=O)c1cc(-c2ccnc(N)n2)[nH]c1-c1cc(C(F)(F)F)ccc1C(F)(F)F,4.2139587,3.659217,0.55474186
CC1(C)CC[C@]2(C(=O)O)CC[C@]3(C)[C@H]([C@@H](O)C[C@@H]4[C@@]5(C)CC[C@H](O)C(C)(C)[C@@H]5CC[C@]43C)[C@@H]2C1,3.8041003,4.190757,-0.38665652
COc1ccc(NC(=O)Cn2cc(COc3cc(O)c4c(=O)c5cc(Br)ccc5oc4c3)nn2)c(OC)c1,6.2676063,8.2927265,-2.0251203
N#C/C(=C\c1ccc(OCC(=O)O)cc1)c1nc2ccccc2s1,7.1995935,6.091118,1.1084757
Cc1oc(-c2ccccc2)nc1CCOc1cccc(C2CN(C(=O)OCC(C)C)CCC2CC(=O)O)c1,6.0,4.8136873,1.1863127
Cc1oc(-c2ccccc2)nc1CCOc1cccc(C[C@H]2CN(C(=O)Oc3ccccc3)C[C@@H]2C(=O)O)c1,8.522879,9.094154,-0.5712757
Cc1oc(-c2ccccc2)nc1CCOc1cccc(C[C@H]2CN(C(=O)Oc3ccccc3)C[C@@H]2CC(=O)O)c1,6.790485,7.0582514,-0.26776648
COc1ccc(OC(=O)N(CC(=O)O)Cc2ccc(OCCc3nc(-c4ccccc4)oc3CO)cc2)cc1,7.6197886,8.321708,-0.7019191
NC(=O)C1CCCN(C(=O)c2ccc3c(Nc4ccc(OC(F)(F)F)cc4)ncnc3c2)C1,4.630784,4.58561,0.04517412
O=C1NC(=O)[C@@]2(N1)O[C@H](CO)[C@@H](O)[C@H](O)[C@H]2O,5.729321,5.4184933,0.31082773
CCOC(=O)Cn1cccc(NC(=O)Nc2ccc(NC(=O)Nc3cccn(CC(=O)OCC)c3=O)cc2)c1=O,6.6197886,5.802973,0.81681585
O=C(O)COc1ccc(SCc2ccc(F)cc2OCc2ccc(C(F)(F)F)cc2)c2c1CCC2,5.4775558,5.411723,0.065832615
Cc1ccc(NC(=O)c2ccc(CN(C)CCCl)cc2)cc1Nc1nccc(-c2cccnc2)n1,5.0,5.8920774,-0.89207745
N#CCC(=O)Nc1cc(-c2ccc(Cl)c(Cl)c2)cs1,5.0065637,5.500849,-0.4942851
Cc1ccc(NC(=O)c2cccc(S(=O)(=O)n3ccc4cccc(Cl)c43)c2)c(C(=O)O)c1,8.0,7.9707317,0.029268265
Cc1ccc(NC(=O)c2cccc(S(=O)(=O)n3ccc4ccc(Cl)cc43)c2)c(C(=O)O)c1,9.2218485,9.197542,0.024306297
COc1ccc2c(ccn2S(=O)(=O)c2cccc(C(=O)Nc3ccc(Cl)cc3C(=O)O)c2)c1,6.102373,4.773658,1.3287153
COc1ccc2c(ccn2S(=O)(=O)c2cccc(C(=O)Nc3ccc(Cl)cc3C(=O)O)c2)c1C,7.045999,5.9253054,1.1206937
COc1ccc2c(ccn2S(=O)(=O)c2cccc(C(=O)Nc3ccc(C)cc3C(=O)O)c2)c1C,6.79588,5.549302,1.2465777
O=C(Cn1cc(COc2cc(O)c3c(=O)c4cc(Br)ccc4oc3c2)nn1)Nc1ccc(O)c(O)c1,6.1401653,4.3905563,1.749609
CN1CCC(NC(=O)c2cnc(NCc3cc(Cl)ccc3Cl)nc2NC2CCCC2)CC1,5.8060412,5.753102,0.052939415
O=C(O)c1c(Oc2cccc(C(F)(F)F)c2)c2ccccc2n1-c1ccc(C(F)(F)F)cc1,4.69897,4.270191,0.42877865
CC(C)(Oc1ccc(CCOc2ccc(/N=N/c3ccccc3)cc2)cc1)C(=O)NS(=O)(=O)c1ccc(NC(=O)Cc2ccccc2)cc1,5.236572,4.0834017,1.1531701
O=C(c1ccc(Br)cc1)n1nnc2ccccc21,4.276544,4.2541704,0.022373676
NC(=O)c1ccc(Oc2cccc(C(=O)N3CCC(c4ccccc4)C3)c2)cc1,5.627088,5.559679,0.06740904
CC1(C)CC[C@]2(C(=O)OCc3ccccc3)CC[C@]3(C)C(=CC[C@@H]4[C@@]5(C)CC(=O)CC(C)(C)[C@@H]5CC[C@]43C)[C@@H]2C1,5.3020005,5.1754074,0.12659311
Clc1cccc(-c2nnc(-c3ccc4ccccc4c3)o2)c1,6.6382723,5.9394674,0.69880486
CCCn1c2ccccc2c2nnc(SCc3[nH]c(=O)[nH]c3C(=O)CCCCC(=O)OCC)nc21,7.0655017,5.3837624,1.6817393
CC(=O)NCCNCCNC(=O)[C@]12CCC(C)(C)C[C@H]1C1=CC[C@@H]3[C@@]4(C)CC[C@H](OC(C)=O)C(C)(C)[C@@H]4CC[C@@]3(C)[C@]1(C)CC2,4.851089,3.6714563,1.1796327
COc1cc(N2CCN(C)CC2)ccc1Nc1ncc(Cl)c(Oc2ccc(NC(=O)CCO)cc2)n1,6.2596374,6.0497746,0.20986271
Cc1oc(-c2ccccc2)nc1CCOc1ccc(CC[C@H]2CN(C(=O)Oc3ccccc3)C[C@@H]2C(=O)O)cc1,4.0,3.8765843,0.12341571
COCCCNC(=O)CCn1ccc2c(Nc3ccc(OC(F)(F)F)cc3)ncnc21,4.1870866,4.1482162,0.038870335
CCCCCC(=O)O[C@@H]1C[C@]2(C)[C@H]3CC=C4[C@@H]5[C@@H](C)[C@H](C)CC[C@]5(C(=O)O)CC[C@@]4(C)[C@]3(C)CC[C@H]2C(C)(C)[C@H]1O,6.0,5.159424,0.8405762
CCOC(=O)N1C[C@@H](CCc2ccc(OCCc3nc(-c4ccccc4)oc3C)cc2)[C@@H](C(=O)O)C1,6.0,5.5055666,0.4944334
Cc1oc(-c2ccccc2)nc1C/C=C/c1ccc(C[C@@H](C(=O)O)n2cccc2)cc1,7.7189665,8.499134,-0.7801676
Cc1oc(-c2ccccc2)nc1CCCc1ccc(CC(C(=O)O)c2ccccc2)cc1,5.6575775,4.436807,1.2207704
Cc1cc2nnn(CC(=O)c3ccccc3O)c2cc1C,4.0,3.7045956,0.29540443
CCCCS(=O)(=O)Nc1ccccc1-c1cccc2c1[nH]c1ccccc12,4.2740884,3.9435468,0.3305416
CCCc1cc(Oc2ccccc2)ccc1OCCCOc1ccc2c(c1)CCC(C)(C(=O)O)O2,6.39794,5.018122,1.379818
CC1(C)CC[C@]2(C(=O)O)CC[C@]3(C)C(=CCC4[C@@]5(C)CC[C@H](OC(=O)/C=C/c6ccc(Cl)cc6)C(C)(C)C5CC[C@]43C)[C@@H]2C1,9.0,8.735626,0.26437378
CC1(C)CC[C@]2(C(=O)O)CC[C@]3(C)C(=CC[C@@H]4[C@@]5(C)CC[C@H](OC(=O)/C=C\c6ccc(Cl)cc6)C(C)(C)[C@@H]5CC[C@]43C)[C@@H]2C1,4.3193927,3.8847356,0.4346571
Cc1oc(-c2ccccc2)nc1CCCc1ccc(C[C@H](C(=O)O)n2nccn2)cc1,6.21467,5.265902,0.94876814
O=C1Nc2cc(OC(F)(F)F)ccc2Oc2ccc(-c3ccnc(N4CCNCC4)c3)cc21,8.920818,8.954626,-0.033807755
CC(=O)c1csc(-c2ccc3c(c2)C(=O)Nc2cc(OC(F)(F)F)ccc2O3)c1,4.8041005,6.081439,-1.2773385
[C]C([C])=[C][C][C]/C([C])=[C]/[C]c1c([O])cc(/[C]=[C]/c2ccc(C(F)(F)F)cc2)cc1[O],4.6684513,3.6655464,1.0029049
C[C@@H](COCCC(=O)N1CCN(c2ncc(C(F)(F)F)cn2)CC1)Nc1cn[nH]c(=O)c1C(F)(F)F,7.6458917,5.1960106,2.449881
Cc1cc2nnn(C(=O)c3ccccc3)c2cc1C,7.154902,6.693823,0.46107912
COc1cccc(Nc2[nH]nc3ncnc(Nc4cccc(Cl)c4)c23)c1,6.0,4.654054,1.3459458
CS(=O)(=O)c1ccc2nc(NC(=O)NCc3ccc(-c4ccccn4)s3)sc2c1,5.0,4.7885933,0.21140671
Nc1ncnc2c1c(-c1ccccc1)cn2-c1ccccc1CO,4.026295,3.7894213,0.23687387
Cc1cc(N2C[C@@H](C)N[C@@H](C)C2)ncc1-c1ccc(-c2nc3c(ccn3C)c(=O)[nH]2)cc1,7.080922,6.6798363,0.40108585
Cc1ccc(S(=O)(=O)n2cccc2CNc2cccn(CC(=O)NCc3ccc(Cl)c(Cl)c3)c2=O)cc1,4.246019,4.4430594,-0.19704056
CC(C)(C)C[C@H](NC(=O)c1cccc(CNC(=O)c2ccc(OCCO)cc2)c1)C(=O)Nc1ccc(CCC(=O)O)cc1,5.0,4.4710155,0.52898455
Cc1cc2nnn(CC(=O)c3ccccc3)c2cc1C,6.0,5.7782397,0.22176027
COc1cc(N2CCN(C)CC2)ccc1Nc1ncc(Cl)c(Oc2ccc(NC(=O)/C=C/CN(C)C)cc2)n1,8.638272,7.5876303,1.050642
Cc1oc(-c2ccccc2)nc1CCOc1ccc(CCC(=O)O)c2c1CCN(C(=O)OCC(C)C)C2,6.143271,6.654523,-0.5112519
CCOc1ccc(-c2cc(CCCc3nn(Cc4ccc(C(C)(C)C)cc4)c(=O)n3CC)ncn2)cc1CC(=O)O,7.154902,6.356455,0.79844713
CN(C)C/C=C/C(=O)Nc1cc2c(Nc3ccc(F)c(Cl)c3)ncnc2cc1O[C@H]1CCOC1,4.0,3.704993,0.295007
Cc1nccn1CCCCCCOc1ccc2ccc(=O)oc2c1,6.7931743,7.6829596,-0.8897853
O=c1nc2n(c3cccc(Cl)c13)-c1ccc(C3CCNCC3)cc1C21CCNCC1,8.2218485,7.5088787,0.7129698
CCOC(=O)CCCCC(=O)c1[nH]c(=O)[nH]c1CSc1nnc2c3ccccc3n(C(C)C)c2n1,6.207608,4.886773,1.3208351
O=C(Cn1nnc2ccccc21)c1cccc(Cl)c1Cl,4.5867004,4.5552597,0.031440735
[C]C([C])=[C][C][C]/C([C])=[C]/[C]c1c([O])cc(/[C]=[C]/c2ccc(C#N)cc2)cc1[O],6.539102,6.61068,-0.071578026
O=C(c1ccc(F)cc1F)N1CCC2(CC1)OCCc1ccsc12,7.69897,8.325492,-0.62652206
COc1cc(N2CCN(C)CC2)ccc1Nc1ncc(Cl)c(Oc2ccc([N+](=O)[O-])cc2)n1,6.221849,4.530549,1.6912999
O=C(O)COc1ccc(SCc2ccc(OCc3ccc(F)cc3C(F)(F)F)cc2)c2c1CCC2,7.221849,7.4565964,-0.23474741
Cc1cc(Oc2cccc(CNC(=O)c3ccc(C(F)(F)F)cc3)c2)ccc1OC(C)(C)C(=O)O,5.229148,4.617406,0.611742
Cc1oc(-c2ccc(-c3ccccc3)cc2)nc1CCOc1ccc(CCC(=O)O)c(CNC(=O)OC(C)C)c1,8.522879,9.015931,-0.49305248
NC(=O)c1cccc(NC(=O)/C=C\C(=O)N2CCCCC2Cc2ccccc2)c1,6.0,5.211252,0.7887478
C=C(C)[C@@H]1CC[C@]2(C(=O)NCCCCCCN)CC[C@]3(C)[C@H](CC[C@@H]4[C@@]5(C)CC[C@H](OC(C)=O)[C@@](C)(COC(C)=O)[C@@H]5CC[C@]43C)[C@@H]12,6.853872,6.136119,0.71775293
COc1cccc(CNc2[nH]nc3ncnc(Nc4cccc(Cl)c4)c23)c1,9.2218485,7.340186,1.8816624
CC1(C)CC[C@]2(C(=O)O)CC[C@]3(C)C(=CC[C@@H]4[C@@]5(C)C[C@H](O)CC(C)(C)[C@@H]5CC[C@]43C)[C@@H]2C1,7.6382723,6.94314,0.69513226
Cc1ccc(NC(=O)c2ccccc2)cc1Nc1nccn1-c1cc(Nc2ccc(OC(F)(F)F)cc2)ncn1,5.869666,5.3936872,0.47597885
Cc1cc(Nc2ncc(C)c(N3CC(CC#N)(N4CCCC4)C3)n2)sn1,3.455932,4.7669015,-1.3109696
CC(C)(C)c1ccc(-n2c(C(=O)O)c(Oc3ccc(OC(F)(F)F)cc3)c3ccccc32)cc1,4.90309,4.1787844,0.7243056
Cc1ccc(C(=O)NCc2ccccn2)cc1Nc1nccc(-c2cccnc2)n1,4.0,6.1047316,-2.1047316
Cc1ccc(C(=O)NCc2nccs2)cc1Nc1nccc(-c2cccnc2)n1,7.79588,6.344879,1.4510007
Cc1cn(CCCCCCOc2ccc3ccc(=O)oc3c2)cn1,5.7746906,6.3512697,-0.5765791
CCCC[C@H](NC(=O)c1ccccc1)C(=O)Nc1nc(-c2ccccc2)cs1,5.0,4.432621,0.567379
NC(=O)c1ccc(Oc2cccc(C(=O)N3CCCC(c4ccccc4)C3)c2)cc1,5.0,6.0825133,-1.0825133
O=S(=O)(Cc1ccccc1)Nc1ccccc1-c1cccc2c1[nH]c1ccccc12,4.0,3.9929678,0.007032156
CC(C)n1nc(-c2cc3cc(O)ccc3[nH]2)c2c(N)ncnc21,8.431798,7.5385885,0.89320946
COc1ccc2c(=O)c(C)c(-c3ccc(Oc4ccc(OC(F)(F)F)cc4)nc3)[nH]c2c1,6.1191864,4.553714,1.5654726
COc1c(C)c(-c2ccc(Cc3ccccc3)cc2)nc2ccccc12,4.2139587,3.7160065,0.49795222
COc1ccccc1-c1cc(Nc2cccc(NS(C)(=O)=O)c2)ncn1,4.4672456,3.4465468,1.0206988
O=C(O)COc1ccc(SCc2cccc(F)c2OCc2ccc(C(F)(F)F)cc2)c2c1CCC2,5.2153826,5.683854,-0.46847153
FC(F)(F)Oc1ccc(Nc2ncnc3sccc23)cc1,5.825359,5.871804,-0.04644537
CCc1ccc(C(=O)Nc2cccc(C(F)(F)F)c2)cc1-c1cc(OC)cc(-c2cnc3cnccn23)c1,5.0,4.7981987,0.2018013
O=C(c1ccccc1)n1nnc2cc(Cl)c(Cl)cc21,7.1366773,6.6391397,0.4975376
FC(F)(F)Oc1ccc(Nc2ncnc3nn(CCc4ccccc4)cc23)cc1,5.2720523,5.1448565,0.12719584
CSCC[C@H](NC(=O)c1cccs1)C(=O)Nc1nc(-c2ccccc2)cs1,5.0,4.4819975,0.5180025
Cc1ccc(C(=O)N2CCN(C(=O)c3ccc(-c4ccc5c(N)n[nH]c5c4)cc3)CC2)cc1,8.522879,9.166516,-0.64363766
O=C1Nc2cc(OC(F)(F)F)ccc2Oc2ccc(-c3ccc(CN4CCNCC4)s3)cc21,8.318759,7.7178764,0.60088253
O=[N+]([O-])c1cccc(SSc2cccc([N+](=O)[O-])c2)c1,8.30103,8.840635,-0.53960514
Nc1ccc2nc3c(=O)[nH]c(=S)[nH]c3nc2c1,8.0,7.96089,0.039110184
Cc1oc(-c2ccccc2)nc1CCOc1ccc(CN(CC(=O)O)C(=O)Oc2ccc(O)cc2)cc1,8.09691,7.565071,0.5318394
CCN(CC)C(=O)c1cncc(-c2cccc(C(=O)N[C@H]3CN[C@@H](C(=O)Nc4ccc(Cl)c(C(F)(F)F)c4)C3)c2)c1,6.383,5.233873,1.149127
Cc1cn(-c2cc(NC(=O)c3cccc(Nc4nc(-c5cccnc5)cs4)c3)cc(C(F)(F)F)c2)cn1,4.823909,4.617687,0.20622158
CN1CCN(c2ccc(NC(=O)c3cc(-c4ccc5c(c4)OCO5)cnc3O)cc2)CC1,5.6382723,4.684436,0.95383644
O=C(/C=C/c1ccc(C(=O)Nc2cccc(Nc3ncc(-c4cccnc4)s3)c2)s1)NO,7.3279023,7.124786,0.20311642
O=C(Nc1ccnc(Cl)c1)Nc1ccccn1,8.958608,9.22206,-0.26345253
O=C(CCCCCCCCCCC(=O)Nc1cccc([N+](=O)[O-])c1)Nc1cccc([N+](=O)[O-])c1,6.29243,6.356429,-0.063999176
CC(N)c1ccc(Nc2nc3c(C(N)=O)cc(F)cc3s2)cc1,5.920819,5.3418994,0.5789194
CN1CCN(c2ccc(NC(=O)c3cc(-c4ccc5c(c4)OCO5)c[nH]c3=O)cc2)CC1,9.017729,8.871308,0.14642048
CCc1nnc(NC(=O)CCc2nc(C3=CCN(C)CC3)no2)s1,5.2596374,4.960437,0.29920053
Cc1ccc(C(=O)n2nnc3cc(Cl)c(Cl)cc32)cc1C,5.167491,4.6252036,0.54228735
O=C(O)Cc1csc2cc(OCc3cc(-c4ccc(Cl)cc4)on3)ccc12,5.1603456,5.4525356,-0.29219007
COc1ccc2oc(C(=O)NCC(c3ccco3)N(C)C)c(C)c2c1,8.673664,8.751025,-0.07736111
COc1ccc([CH+][N-]NC(=O)c2cc(O)c(O)c(O)c2)cc1Cn1cc([N+](=O)[O-])cn1,7.154902,7.0216365,0.1332655
O=C(O)Cc1csc2cc(OCc3cc(-c4ccc(Cl)cc4)on3)cc(Cl)c12,7.39794,6.344651,1.0532889
Cc1ccc(NC(=O)c2ccc(/N=N/N(C)CCCl)cc2)cc1Nc1nccc(-c2cccnc2)n1,9.09691,8.547724,0.5491867
C[C@H]1O[C@H](O[C@H]2[C@H](O)[C@@H](O)[C@@H](O[C@H]3[C@H](O)[C@@H](O)C(O)O[C@@H]3CO)O[C@@H]2CO)[C@H](O)[C@@H](O)[C@@H]1N[C@H]1C=C(CO)[C@@H](O)[C@H](O)[C@H]1O,9.703335,8.572609,1.1307259
CC(=O)O[C@@H]1C[C@@H](C(=O)NC(C(C)C)P(=O)(Oc2ccccc2)Oc2ccccc2)N(C(=O)[C@@H](NC(=O)OC(C)(C)C)C(C)(C)C)C1,5.09691,4.6034436,0.49346638
O=C(c1ccc2c(Nc3ccc(OC(F)(F)F)cc3)ncnc2c1)N1CCC(Br)CC1,5.9100947,6.2391458,-0.32905102
COc1cc(N2CCN(C)CC2)ccc1Nc1ncc(Cl)c(Oc2cccc(N=[N+]=[N-])c2)n1,6.0,5.061469,0.9385309
CCN1CCN(Cc2ccc(NC(=O)Cc3ccc(Oc4ccncc4)cc3)cc2C(F)(F)F)CC1,5.2596374,4.5471125,0.7125249
COc1ccc(OCCCOc2ccc3c(c2)O[C@@](C)(C(=O)O)CC3)c(Cl)c1,6.747147,5.5799932,1.1671538
CCCc1cc(C(=O)CC)cc(CCC)c1O[C@@H](C(=O)O)c1ccc(C(C)C)cc1,5.0008693,5.042804,-0.04193449
O=C(Cn1nnc2ccccc21)c1ccc(Cl)c(Cl)c1,4.455932,3.970599,0.4853332
CN(CCc1ccccc1)C(=O)c1ccc(NC(=O)Cc2ccc(NC(=O)C3CCN(C(=O)c4ccccc4)CC3)cc2)cc1,7.9244533,8.188083,-0.26362944
O=C(O)COc1ccc(SCc2ccc(OCc3ccc(Cl)cc3)cc2)c2c1CCC2,5.008774,4.915814,0.09295988
CCN(CC)S(=O)(=O)c1ccc(-c2ncnc(Nc3ccc(OC(F)(F)F)cc3)c2C)cc1,6.1732774,5.184328,0.9889493
CC(=O)Nc1cccc(-c2ncnc(Nc3ccc(OC(F)(F)F)cc3)c2C)c1,6.376751,6.4996147,-0.12286377
CC(OC(=O)c1ccccc1NCCO)C(=O)Nc1ccnn1C(C)C,4.60206,5.7117443,-1.1096845
COc1ccc2ccn(S(=O)(=O)c3cccc(C(=O)Nc4ccc(C)cc4C(=O)O)c3)c2c1,7.0457573,5.425189,1.6205683
N#CCC(=O)Nc1csc(-c2ccc(Cl)c(Cl)c2)c1,7.19382,7.908169,-0.7143488
O=C(Cn1nnc2ccccc21)c1cccc([N+](=O)[O-])c1,4.36251,3.921981,0.4405291
Cc1ccc(Sc2ccc(C=C3SC(S)=NC3=O)c(Sc3ccc(C)cc3)c2)cc1,8.522879,8.92228,-0.39940166
O=C(CS(=O)(=O)c1ccc(Cl)cc1)NN=Cc1cc(C(=O)O)c(Nc2ccc(I)cc2F)c(F)c1F,4.787812,3.719328,1.0684843
CCCc1cc(Oc2ccc(Cl)cc2)ccc1OCCCOc1ccc2c(c1)OC(CC)(C(=O)O)CC2,8.251812,9.048661,-0.79684925
CC(=O)N1N=C(c2cc3c(Br)cccc3oc2=O)CC1c1ccccc1,4.0,5.191219,-1.1912189
Cc1oc(-n2c(C)cc(/C=C(\C#N)c3nc4ccccc4[nH]3)c2C)c(C#N)c1C,8.920818,7.0302467,1.8905716
O=C(CCC(=O)Nc1cccc(Br)c1)N/N=C/c1c2ccccc2cc2ccccc12,9.632644,8.793673,0.83897114
NC1=NC(=O)/C(=C2\CCNC(=O)c3[nH]c(Br)cc32)N1,7.8860564,8.556506,-0.67044973
Cc1oc(-c2ccccc2)nc1CCOc1cccc([C@@H]2CN(C(=O)Oc3ccccc3)C[C@@H]2CC(=O)O)c1,8.522879,9.0724535,-0.54957485
Cc1ccc(C(=O)NCc2cccnc2)cc1Nc1nccc(-c2cccnc2)n1,5.0,4.5736237,0.42637634
Cc1oc(-c2ccccc2)nc1CCOc1ccc(Cc2sc(=O)[nH]c2O)cc1,5.184223,4.248472,0.93575096
COCCCNC(=O)c1ccc2c(Nc3ccc(OC(F)(F)F)cc3)ncnc2c1,8.1549015,9.092939,-0.9380379
CCc1ccc(O[C@H](C)CCOc2ccc(CCC(=O)O)c(C)c2)c(-c2cscn2)c1,6.229148,6.0260572,0.20309067
CCOC(=O)COC(=O)[C@]12CC[C@@H](C)[C@H](C)[C@H]1C1=CC[C@@H]3[C@@]4(C)CC[C@H](O)C(C)(C)[C@@H]4CC[C@@]3(C)[C@]1(C)CC2,5.0,4.223921,0.7760792
Cc1cc(C(=O)n2nnc3ccccc32)ccc1[N+](=O)[O-],4.492144,4.570571,-0.07842684
N#C/C(=C\c1ccc(F)cc1)c1nc2ccccc2s1,4.49485,4.642829,-0.14797878
COc1ccc(C(=O)Nc2cccc(C(F)(F)F)c2)cc1Nc1nccc(-c2cccnc2)n1,6.0376306,4.953572,1.0840588
CC(C)COc1ccc2c(c1)c(Oc1cccc(C(F)(F)F)c1)c(C(=O)O)n2-c1ccc(C(C)(C)C)cc1,4.3410354,4.6130533,-0.27201796
Cc1cccc2[nH]c(-c3nc(C(C)(C)C)n4ccnc(N)c34)cc12,5.7235384,5.406127,0.31741142
NC(=O)c1cccc(NC(=O)/C=C\C(=O)N2CCN(c3ccc(-c4ccccc4)cc3)CC2)c1,4.2211256,4.4982204,-0.27709484
CS(=O)(=O)Nc1cccc(-c2ccc3c(c2)CNc2cc(OC(F)(F)F)ccc2O3)c1,4.6903696,4.328778,0.36159182
O=C(O)COc1ccc(SCc2ccc(OCc3cc(Cl)ccc3Cl)cc2)c2c1CCC2,5.500038,4.6916285,0.8084097
COc1ccc(C(=O)NCc2cccc(Oc3ccc(OC(C)(C)C(=O)O)c(C)c3)c2)c(C)c1,6.9914,7.142845,-0.15144539
NC(=O)c1ccc(Oc2cccc(C(=O)N3CCCCC3c3ccccc3)c2)cc1,8.040958,8.892192,-0.8512335
O=C(Cc1cccc(F)c1)Nc1ccccc1-c1cccc2c1[nH]c1ccccc12,6.377786,6.8033986,-0.42561245
CC1(C)CC[C@]2(C(=O)OCc3ccccc3)CC[C@]3(C)C(=CC[C@@H]4[C@@]5(C)C[C@H](O)CC(C)(C)[C@@H]5CC[C@]43C)[C@@H]2C1,4.679854,4.134442,0.54541206
Cc1nccn1CCCCCCCCCCOc1ccc2ccc(=O)oc2c1,9.107905,9.020413,0.08749199
Cc1cc(C(=O)n2nnc3ccccc32)cc(C)c1C,5.0,4.596677,0.40332317
CN(C)CCNC(=O)c1cncc(-c2ccc(C(=O)N[C@H]3CN[C@@H](C(=O)Nc4ccc(Cl)c(C(F)(F)F)c4)C3)cc2)c1,4.0,4.5626693,-0.5626693
C=CC1=C(C(=O)O)N2C(=O)[C@@H](NC(=O)/C(=N/OCC(=O)O)c3csc(N)n3)[C@H]2SC1,8.39794,8.966729,-0.5687895
CCc1ccc(O[C@H](C)CCOc2ccc(CCC(=O)O)c(C)c2)c(C(=O)c2ccccc2)c1,6.935542,5.369996,1.565546
CN(C)c1ccc(C(=O)N2CCN(C(=O)c3ccc(-c4cccc5[nH]nc(N)c45)cc3)CC2)cc1,4.590067,4.2769537,0.3131132
CC1CN(c2cncnc2)Cc2cc(C(=O)Nc3cc(CN4CCN(C)CC4)cc(C(C)(C)C)c3)ccc21,6.0,6.1602855,-0.16028547
Cc1ccc([C@H](CC(=O)c2ccccc2)c2c[nH]c3ccccc23)cc1,4.325139,4.0187016,0.3064375
COc1ccc(CC(=O)Nc2ccccc2-c2cccc3c2[nH]c2ccccc23)cc1OC,5.0,4.791216,0.2087841
O=C(C[C@@H](c1cccs1)c1c[nH]c2ccccc12)c1ccc2ccccc2c1,5.6635404,5.4797716,0.18376875
O=C(C[C@@H](c1ccc(Br)cc1)c1c[nH]c2ccccc12)c1ccccc1,8.036212,8.045258,-0.009045601
O=C(C[C@@H](c1ccc(Cl)cc1)c1c[nH]c2ccccc12)c1ccc2ccccc2c1,5.2596374,4.2535763,1.0060611
O=C(C[C@@H](c1cccc(Br)c1)c1c[nH]c2ccccc12)c1ccccc1,4.7166986,4.456648,0.26005077
O=C(C[C@@H](c1c(Cl)cccc1Cl)c1c[nH]c2ccccc12)c1ccccc1,7.79588,6.836874,0.95900583
Cc1ccc([C@H](CC(=O)c2ccc3ccccc3c2)c2c[nH]c3ccccc23)cc1,8.468521,8.422488,0.046032906
O=C(C[C@@H](c1ccc(Cl)cc1Cl)c1c[nH]c2ccccc12)c1ccccc1,7.429457,7.217193,0.21226406
O=C(C[C@@H](c1ccccc1)c1c[nH]c2ccccc12)c1ccccc1,4.879426,4.346067,0.53335905
O=C(C[C@@H](c1cccc([N+](=O)[O-])c1)c1c[nH]c2ccccc12)c1ccccc1,7.0,7.3169537,-0.31695366
O=C(C[C@@H](c1ccccc1)c1c[nH]c2ccccc12)c1ccc2ccccc2c1,4.69897,4.7822514,-0.08328152
COc1ccc([C@H](CC(=O)c2ccc3ccccc3c2)c2c[nH]c3ccccc23)cc1,5.958607,4.123316,1.8352914
COc1ccc([C@H](CC(=O)c2ccccc2)c2c[nH]c3ccccc23)cc1,5.1000156,4.6916285,0.40838718
Cc1cccc([C@H](CC(=O)c2ccccc2)c2c[nH]c3ccccc23)c1,6.0,5.2448244,0.7551756
Nc1nnc2c([nH]c3ccccc32)c1-c1ccccc1,4.5831933,3.503214,1.0799794
O=C(C[C@@H](c1ccc(Cl)cc1)c1c[nH]c2ccccc12)c1ccccc1,6.806875,7.0042605,-0.19738531
Nc1cc(C(=O)n2nnc3ccccc32)ccc1Cl,4.60206,3.9768863,0.62517357
Cc1ccc(S(=O)(=O)Nc2ccc(-c3ncnc(Nc4ccc(OC(F)(F)F)cc4)c3C)cc2)cc1,6.0,5.8943872,0.105612755
NC(=O)Cn1ncc2c(Nc3ccc(OC(F)(F)F)cc3)ncnc21,4.026078,4.7257347,-0.6996565
Cc1cn(CCCCCCCCCCOc2ccc3ccc(=O)oc3c2)cn1,3.69897,4.240975,-0.5420048
O=c1cccc2cc(O)c(O)c(O)c2c1O,6.0132284,5.3789487,0.6342797
CCCc1c(OCCCn2nnc3cc(CC(=O)O)ccc32)ccc2c(C(F)(F)F)noc12,5.6161847,5.250823,0.3653617
O=C(Cc1ccccc1Cl)Nc1ccccc1-c1cccc2c1[nH]c1ccccc12,5.552842,4.8958197,0.6570225
COc1ccc(Nc2cc(-c3ccc(C(=O)NCCNC(=O)c4ccc(F)c(F)c4)cc3)ncn2)cc1,9.481486,8.764646,0.71684074
Cc1cccc(C(=O)n2nnc3ccccc32)c1,7.0,5.3825073,1.6174927
Cc1c(-c2ccc(-c3ccc(C(F)(F)F)nc3)nc2)[nH]c2ccccc2c1=O,8.508638,8.725331,-0.21669292
CC(C)(C)c1ccc(-n2c(C(=O)O)c(Oc3ccc(Cl)c(C(F)(F)F)c3)c3cc(Cl)ccc32)cc1,4.7212462,4.589361,0.13188505
O=C(O)Cn1ccc2ccc(OCCCOc3ccc4cc(C(=O)c5ccccc5)ccc4c3)cc21,8.946921,8.906848,0.040073395
CCCc1c(OCCCOc2ccc3ccn(CC(=O)O)c3c2)ccc2cc(C(=O)c3ccccc3)ccc12,6.4907303,4.397874,2.0928564
CCc1ccc(O[C@H](C)CCOc2ccc(CCC(=O)O)c(C)c2)c(-c2ccco2)c1,3.69897,3.6815405,0.01742959
COc1ccc(C(=O)NCc2ccc(F)c(C(=O)N[C@@H](CC(C)(C)C)C(=O)Nc3ccc(CCC(=O)O)cc3)c2)cc1,4.024568,3.5200062,0.5045619
COc1ccc(C(=O)Cn2nnc3ccccc32)cc1,4.69897,4.640691,0.058279037
CN1CCN(Cc2cc(NC(=O)c3ccc4c(c3)CN(c3cnc5ccccc5c3)CC4)cc(C(F)(F)F)c2)CC1,5.4881167,5.494698,-0.0065813065
Nc1ccccc1NC(=O)c1ccc(-c2ccc3ncnc(Nc4ccc(OCc5cccc(F)c5)c(Cl)c4)c3c2)o1,4.2139587,3.95754,0.2564187
O=C(/C=C/c1ccc(C(=O)Nc2cccc(Nc3ncc(-c4cccnc4)s3)c2)cc1)NO,4.7447276,3.5972407,1.1474869
CCCC(Sc1nc2cc(Cl)ccc2s1)C(=O)NS(=O)(=O)c1ccc(NC(=O)c2ccccc2)cc1,6.543634,6.249631,0.294003
N#Cc1ccc2nc(NC(=O)NCc3nc4ccccc4[nH]3)sc2c1,8.267606,8.575236,-0.30763054
CCC(=O)Nc1ccc(C(=O)COC(=O)c2nc3nccc(C)n3n2)cc1,4.30103,5.3837433,-1.0827131
Cc1oc(-c2ccccc2)nc1CCOc1cccc(CC2=C(C(=O)O)CCN(C(=O)OCC(C)C)C2)c1,5.0,6.3103857,-1.3103857
CCC(C)C(NC(=O)[C@@H]1CCCN1C(=O)[C@@H](NC(=O)C(C)(C)C)C(C)(C)C)P(=O)(Oc1ccccc1)Oc1ccccc1,9.1549015,8.911891,0.24301052
CCCC(Sc1nc2cc(Cl)ccc2s1)C(=O)NS(=O)(=O)c1ccc(C)cc1,5.6382723,4.3942285,1.2440438
CC(C)(C)C(=O)Nc1ccc(-c2cccc(C(=O)N[C@H]3CN[C@@H](C(=O)Nc4ccc(Cl)c(C(F)(F)F)c4)C3)c2)cn1,5.080922,5.1410856,-0.060163498
NC(=O)c1ccc(Oc2cccc(C(=O)N3CCN(c4ccc(Cl)cc4)CC3)c2)cc1,9.119186,9.062757,0.056429863
Cc1cc2c(CC(=O)O)csc2cc1OCc1ccccc1COc1ccc(C(F)(F)F)cc1,4.542118,4.2356486,0.30646944
CCCOC(=O)N1CCc2c(OCCc3nc(-c4ccccc4)oc3C)ccc(CCC(=O)O)c2C1,4.30103,4.703291,-0.40226078
CN1CCN(c2cc(-c3ccc4c(c3)C(=O)Nc3cc(OC(F)(F)F)ccc3O4)ccn2)CC1,5.0,4.739825,0.26017523
COc1ccc(C=O)cc1OCC(=O)Nc1sc2c(c1C#N)CCC(C)C2,4.6197886,4.9355717,-0.31578302
COc1cc(-c2nn(CCN3CCN(C)CC3)c3ncnc(N)c23)ccc1NC(=O)OC(C)(C)C,5.2310004,5.6907244,-0.45972395
COc1ccc(C(=O)NCc2cccc(C(=O)N[C@@H](CC(C)(C)C)C(=O)Nc3ccc(CCC(=O)O)cc3)c2)cc1,3.3795516,5.087944,-1.7083924
N#Cc1ccc2sc(NC(=O)NCc3nc4ccccc4[nH]3)nc2c1,3.8239088,3.4988108,0.32509804
Cc1oc(-c2ccccc2)nc1CCOc1cccc(CC2=C(C(=O)O)CCN(C(=O)OCc3ccccc3)C2)c1,6.124939,6.2606206,-0.13568163
COc1cc(N2CCN(C)CC2)ccc1Nc1ncc(Cl)c(Oc2ccccc2NC(C)=O)n1,5.90309,5.647939,0.2551508
CCc1cc(Nc2nccc(-c3c(-c4ccc(OC)c(C(=O)Nc5c(F)cccc5F)c4)nc4ccccn34)n2)c(OC)cc1N1CCC(N2CCN(S(C)(=O)=O)CC2)CC1,4.7999983,4.2749166,0.52508163
CCCCSCc1[nH]c(=O)[nH]c1C(=O)CCCCC(=O)OCC,5.39794,4.719055,0.678885
Cc1ccc(C(=O)Cn2nnc3ccccc32)cc1,5.0,5.354288,-0.3542881
NC(=O)c1ccc(Oc2cccc(C(=O)N3CCN(c4cccc(F)c4)CC3)c2)cc1,6.958607,5.3267274,1.6318798
COc1ccccc1C(=O)n1nnc2ccccc21,9.420217,8.510478,0.90973854
Cn1ccc2cc(-c3nc(C(C)(C)C)n4ccnc(N)c34)ccc21,7.161151,5.7467966,1.4143543
COc1cc(-c2ccc(O)cc2)c(OC)c(O)c1-c1ccc(O)cc1,6.49485,6.367092,0.12775803
CC1CN(c2cncnc2)Cc2cc(C(=O)Nc3cc(CN4CCN(C)CC4)cc(C4CCCC4)c3)ccc21,5.207608,5.2305098,-0.022901535
Cc1ccc(C(=O)n2nnc3ccccc32)cc1C,8.0,8.016118,-0.01611805
O=C1C(O)c2c(O)cc(O)cc2OC1c1ccc(O)c(O)c1,5.2596374,4.340173,0.9194646
FC(F)(F)Oc1ccc(Nc2ncnc3c2cnn3Cc2ccccn2)cc1,9.1549015,8.829892,0.32500935
Cc1cc(Oc2cccc(CNC(=O)c3ccc(OC(F)(F)F)cc3C)c2)ccc1OC(C)(C)C(=O)O,4.552842,4.2706013,0.28224087
COc1ccc2cc(-c3nn(C(C)(C)C)c4ncnc(N)c34)ccc2c1,8.818156,9.192489,-0.37433243
O=C(Cn1nnc2ccccc21)c1ccccc1O,5.0,4.648301,0.35169888
CC(C)(C)C[C@H](NC(=O)c1cc(CNC(=O)c2ccccc2)ccc1F)C(=O)Nc1ccc(CCC(=O)O)cc1,6.8664613,5.70486,1.1616011
O=C(Cn1nnc2ccccc21)c1ccccc1,8.522879,9.077798,-0.55491924
COc1ccc(COc2ccc(CSc3ccc(OCC(=O)O)c4c3CCC4)cc2)cc1,9.142668,8.930749,0.21191883
Cc1oc(-c2ccccc2)nc1CCOc1ccc(CCC(=O)O)c(CNC(=O)CCc2ccccc2)c1,6.0,6.924381,-0.9243808
O=C(Cn1nnc2ccccc21)c1ccc(-c2ccccc2)cc1,5.0570006,4.535799,0.5212016
CCc1ccc(O[C@H](C)CCOc2ccc(CCC(=O)O)c(C)c2)c(-c2cocn2)c1,9.886057,8.761939,1.1241179
COc1cc(N2CCN(C)CC2)ccc1Nc1ncc(Cl)c(Oc2cccc(N=C=S)c2)n1,8.30103,9.026428,-0.72539806
C[C@H](NC(=O)c1cc(-c2cnn(C3CCOCC3)c2)cnc1N)c1c(Cl)ccc(F)c1Cl,7.696804,6.345751,1.3510532
C[C@H](NC(=O)c1ccc(-c2cncc(C(=O)NC3CC3)c2)cc1)C(=O)Nc1ccc(Cl)c(C(F)(F)F)c1,6.6197886,6.162326,0.4574628
CCc1ccc(C(=O)Nc2ccc(C(F)(F)F)cc2)cc1-c1cccc(-c2cnc3cnccn23)c1,4.850781,3.7228472,1.1279337
CCCCCCN(CCCCCC)C(=O)[C@@H](C)NC(=O)[C@@H](NC(=O)[C@H](Cc1ccc(OP(=O)(O)O)cc1)NC(C)=O)C(C)C,6.0,5.2447996,0.7552004
O=c1cc(-c2ccc(OCc3ccc(Cl)nc3)cc2)oc2cc(OCc3ccc(Cl)nc3)ccc12,4.0,4.091255,-0.09125519
COC(=O)Nc1nc2ccc(C(=O)c3ccccc3)cc2[nH]1,5.1307683,4.115803,1.0149655
CNc1nc(C)c(-c2nc(Nc3cccc(N4CCCNCC4)c3)ncc2C#N)s1,4.30103,4.580607,-0.27957678
CN(Cc1cn(C)c2ccccc12)C(=O)/C=C/c1cnc2c(c1)CCC(=O)N2,5.2596374,5.2149835,0.044653893
O=C1c2ccc3c4ccc5c6c(ccc(c7ccc(c2c37)C(=O)N1CCN1CCCCC1)c64)C(=O)N(CCN1CCCCC1)C5=O,7.05061,8.773126,-1.7225156
Cc1ccc(Cl)cc1Nc1nccc(-c2cccnc2)n1,4.111259,4.3910246,-0.2797656
O=C(Nc1ccc(N2CCOCC2)cc1)c1cc2cnc3[nH]ccc3c2s1,4.823909,5.5464044,-0.72249556
NCCNC(=O)c1ccc(S(=O)(=O)Oc2ccc(/C=C/[N+](=O)[O-])cc2)cc1,9.2218485,9.059183,0.16266537
CN(C)CCCNc1nc2ccccc2c2[nH]c3c4cc([N+](=O)[O-])ccc4ccc3c12,8.449815,8.8980875,-0.4482727
Cc1cc(OC(F)F)ccc1NC(=O)c1cc(C(=O)NCc2ccc(F)cc2)c(F)cc1Cl,4.308035,5.2658114,-0.95777655
O=[N+]([O-])c1ccc(Oc2ncnc3[nH]ccc23)cc1,8.79588,7.5384173,1.257463
[C]C(=[C])[C@H]([O])[C][C]/C([C])=[C]/[C][C@@H]1[C][C@]2([C][C]=C([C])[C])C(=O)[C@@]([C][C]=C([C])[C])(C(=O)C(C(=O)c3ccc([O])c([O])c3)=C2[O])[C@@]1([C])[C][C][C]=C([C])[C],9.30103,8.844601,0.45642948
CCCc1cc(Oc2ccccc2)ccc1OCCCCOc1cccc(-c2sc(=O)[nH]c2O)c1,4.39794,4.1963997,0.20154047
Cc1cc(N2CCOCC2)cnc1NC(=O)c1cc(C(=O)NCc2ccc(F)c(F)c2)c(F)cc1Cl,6.0,5.1647396,0.8352604
C[N+](C)(C)CCCN1C(=O)c2ccc3c4c(ccc(c24)C1=O)C(=O)N(CCC[N+](C)(C)C)C3=O,4.3467875,3.7229643,0.62382317
CNC(=O)CCc1ccc(NC(=O)[C@H](CC(C)(C)C)NC(=O)c2cc(CNC(C)=O)ccc2F)cc1,8.0,8.109206,-0.1092062
Cc1cc(N(C)C(=O)c2cccc(C(F)(F)F)c2)ccc1NC(=O)c1cc2cnc3[nH]ccc3c2s1,4.50724,3.4174972,1.0897427
C[N+](C)(C)CCN1C(=O)c2ccc3c4c(ccc(c24)C1=O)C(=O)N(CC[N+](C)(C)C)C3=O,8.05061,8.677255,-0.6266451
Cc1ccc(NC(=O)N2CCN(C)CC2)cc1Nc1nccc(-c2cccnc2)n1,9.39794,9.0792265,0.3187132
Cc1oc(-c2ccccc2)nc1CCOc1ccc(C[C@@H]2CN(c3nc(C(F)(F)F)co3)C[C@@H]2C(=O)O)cc1,4.69897,4.1395674,0.55940247
CC(=O)Nc1nc(-c2ccc(Br)s2)cs1,4.539102,4.5995445,-0.060442448
O=C(c1ccc(Nc2nc3ccccc3n3nnnc23)cc1)N1CCOCC1,4.1342864,3.7585645,0.37572193
O=C(c1ccc(Nc2nc3ccccc3n3nnnc23)cc1)N1CCN(c2ncccn2)CC1,8.958608,9.010295,-0.05168724
CC(C)c1ccc(Nc2nc3ccccc3n3nnnc23)cc1,5.207608,4.8232584,0.38434982
Cn1cnc(C(=O)N2CCN(C(=O)c3ccc(Nc4nc5ccccc5n5nnnc45)cc3)CC2)c1,6.2343316,6.524087,-0.28975534
O=c1ccc2ccc(OCCCCCCCCCCn3ccnc3)cc2o1,4.7746906,3.496555,1.2781355
Cc1c(C(=O)NCC(c2ccco2)N(C)C)oc2c(Cl)cccc12,6.0,6.8262515,-0.8262515
CCCCCCC(Sc1nc2cc(Cl)ccc2s1)C(=O)NS(C)(=O)=O,6.221849,5.742257,0.47959185
C[C@H]1[C@H](C)CC[C@]2(C(=O)O)CC[C@]3(C)C(=CC[C@@H]4[C@@]5(C)C[C@@H](OC(=O)c6ccccc6)[C@H](O)C(C)(C)[C@@H]5CC[C@]43C)[C@H]12,6.0,5.820178,0.17982197
COC(=O)Nc1ccc(-c2c(OC3CCN(C)CC3)nc3c(-c4ccc(OC)c(OC)c4)cnn3c2N)cc1,5.080922,4.3432307,0.7376914
CCOC(=O)N1CCC(NC(=O)CCc2nc(C3=CCN(C)CC3)no2)CC1,8.0,7.7615767,0.23842335
COC(=O)c1cccc(Nc2nccc(-c3cccnc3)n2)c1,4.026406,4.0014257,0.024980068
CC(C)(C)n1nc(Cc2cccc3ccccc23)c2c(N)ncnc21,7.39794,4.417754,2.980186
CCc1ccc(C(=O)Nc2ccccc2)cc1-c1cccc(-c2cnc3cnccn23)c1,7.0,5.7587214,1.2412786
C#CCOc1ccc(/C=C2\SC(=O)N(Cc3cccc([N+](=O)[O-])c3)C2=O)cc1OCC,9.443698,9.046546,0.39715195
COc1ccc(CCNc2cc(=O)[nH]c(N)n2)cc1,8.481486,9.106908,-0.6254215
OC1CCN(c2cc(-c3cnc4ccc(N5CCC[C@@H]5c5cccc(F)c5)nn34)ccn2)CC1,7.552842,6.530822,1.0220203
NC(=O)c1ccc(Oc2cccc(C(=O)N3CCC(c4ccc(F)cc4)CC3)c2)cc1,8.180456,6.9405127,1.2399435
Cc1n[nH]c2cc(Nc3nc(NC4CC4)c4occc4n3)ccc12,5.9871626,6.4286304,-0.44146776
O=C(c1c(F)cccc1F)n1nnc2ccccc21,5.30103,4.023403,1.277627
O=C(Cn1cc(COc2cc(O)c3c(=O)c4ccc(Br)cc4oc3c2)nn1)Nc1ccc(O)c(O)c1,4.9914,4.742784,0.24861574
COc1cccc(NC(=O)c2ccc(C)c(Nc3nccc(-c4cccnc4)n3)c2)c1,3.59176,4.5590277,-0.96726775
O=C(c1ccccc1)n1nnc2ccccc21,7.2159553,7.5340056,-0.31805038
Cc1cc(C)c2c(c1)/C(=N/Nc1nc(-c3ccc(F)cc3)cs1)C(=O)N2,7.935542,7.62187,0.31367207
COc1ccc(-c2csc(N/N=C3\C(=O)N(C)c4ccccc43)n2)cc1,10.2218485,8.458768,1.7630806
Cc1ccc(-c2csc(N/N=C3\C(=O)Nc4c(C)cc(C)cc43)n2)cc1,5.69897,6.7568846,-1.0579147
Cc1ccc2c(c1)/C(=N/Nc1nc(-c3ccc(O)cc3)cs1)C(=O)N2,6.950782,4.7848735,2.1659083
O=C1Nc2ccccc2/C1=N/Nc1nc(-c2ccc(F)cc2)cs1,6.0,5.124357,0.8756428
Cc1cc(C)c2c(c1)/C(=N/Nc1nc(-c3ccc(Br)cc3)cs1)C(=O)N2,7.0,5.7449903,1.2550097
Cc1ccc(-c2csc(N/N=C3\C(=O)N(C)c4ccccc43)n2)cc1,5.8972235,6.745679,-0.8484554
Cc1ccc(-c2csc(N/N=C3\C(=O)Nc4ccccc43)n2)cc1,5.823909,5.1841173,0.6397915
Cc1cccc(Nc2ncnc3[nH]c(C)c(C)c23)c1,6.0,5.7046137,0.2953863
O=C1Nc2ccc(F)cc2/C1=N/Nc1nc(-c2ccc(F)cc2)cs1,4.0,4.1583242,-0.15832424
Cc1ccc(NC(=O)c2ccc(C(=O)Nc3ccccc3N)cc2)cc1Nc1ncc(-c2cccnc2)cn1,6.3665314,6.145822,0.22070932
O=C1Nc2ccccc2/C1=N/Nc1nc(-c2ccc(Cl)cc2)cs1,4.133967,4.065345,0.06862211
CN1C(=O)/C(=N\Nc2nc(-c3ccc(F)cc3)cs2)c2ccccc21,9.387217,8.758243,0.62897396
Cc1ccc(-c2csc(N/N=C3\C(=O)Nc4ccc(F)cc43)n2)cc1,5.820161,5.7846575,0.035503387
O=C1Nc2ccc(Cl)cc2/C1=N/Nc1nc(-c2ccc(Br)cc2)cs1,6.6126103,5.5877767,1.0248337
Cc1cccc2nc(-c3cccs3)[nH]c12,4.60206,3.9509034,0.6511564
Cc1ccc(N(C)C(=O)OC(C)(C)C)c(F)c1-c1ccc2nc(NC(=O)[C@@H]3C[C@@H]3F)sc2c1,5.920819,5.423185,0.49763393
O=C(Nc1cccc(-c2cncc3ccccc23)c1)c1ccccc1NCc1ccncc1,6.0,5.1109505,0.88904953
FC(F)(F)CNc1nc(Nc2ccc3cn[nH]c3c2)nc2ccoc12,8.161781,7.6459,0.51588154
CCc1ccc(C(=O)Nc2cccc(C(F)(F)F)c2)cc1-c1cc(F)cc(-c2cnc3cnccn23)c1,6.950782,6.8944106,0.056371212
CC1(C)CC[C@]2(C(=O)OCc3ccccc3)CC[C@]3(C)[C@H]([C@H](O)C[C@@H]4[C@@]5(C)CC[C@H](O)C(C)(C)[C@@H]5CC[C@]43C)[C@@H]2C1,4.809668,4.0290804,0.7805877
CC1(C)CC[C@]2(C(=O)OCc3ccccc3)CC[C@]3(C)C(=CC[C@@H]4[C@@]5(C)CC[C@H](OC(=O)[n+]6ccccc6)C(C)(C)[C@@H]5CC[C@]43C)[C@@H]2C1,7.49485,7.9326663,-0.43781614
[C]C([C])=[C][C][C][C@@]1([C])[C@H]([C][C]=C([C])[C])[C][C@@]2([C][C]=C([C])[C])C(=O)[C](C(=O)c3ccc([O])c([O])c3)C(=O)[C@]1([C][C]=C([C])[C])C2=O,5.0,4.879133,0.120866776
Cc1ccccc1NC(=O)C(=O)Nc1ccccc1C,8.0,8.049056,-0.049056053
[C]C([C])=[C][C][C]/C([C])=[C]/[C]c1c([O])cc(/[C]=[C]/c2ccsc2)cc1[O],4.7999983,4.7091556,0.090842724
COc1cc2ncc(C#N)c(Nc3ccc(Br)cc3Br)c2cc1OC,5.1140738,5.3903484,-0.27627468
O=c1[nH]c(CSC2CCOCC2)nc2cc(NC3CCCN(Cc4ccccc4)C3)ccc12,5.853872,6.3174286,-0.46355677
O=c1[nH]c(CSC2CCOCC2)nc2c(Cl)cccc12,5.0,5.5239744,-0.5239744
COc1cccc2c(=O)[nH]c(CSC3CCOCC3)nc12,5.4202166,5.6685596,-0.24834299
Cc1cccc2c(=O)[nH]c(CS[C@H]3CC[C@@H](CO)OC3)nc12,8.180456,6.92531,1.255146
Cc1cccc2c(=O)[nH]c(CS[C@H]3CC[C@@H](N)CC3)nc12,4.416461,3.4599142,0.9565468
Cc1cccc2c(=O)[nH]c(CS[C@H]3CC[C@H](N)CC3)nc12,7.1426673,7.2014165,-0.0587492
Cc1cccc2c(=O)[nH]c(CS[C@H]3CC[C@@H](O)CC3)nc12,5.038579,4.2681074,0.7704716
CC(C)Cc1ccc2c(=O)[nH]c(CSC3CCOCC3)nc2c1,5.0,5.209255,-0.20925522
O=C(Nc1ccc2c(=O)[nH]c(CSC3CCOCC3)nc2c1)c1ccccc1,5.0,5.009041,-0.0090408325
NC[C@]1(F)CC[C@@H](SCc2nc3cc(OCC4CCC4)cc(F)c3c(=O)[nH]2)CC1,7.3651724,6.6668243,0.69834805
Cc1cccc2c(=O)[nH]c(CS[C@H]3C[C@H](N)C3)nc12,4.6999917,4.437811,0.2621808
COc1ccc2c(=O)[nH]c(CSC3CCOCC3)nc2c1,7.3001623,7.201746,0.09841633
Cc1cccc2c(=O)[nH]c(CS[C@H]3C[C@H](O)C3)nc12,5.275724,5.0186443,0.2570796
O=c1[nH]c(CSC2CCOCC2)nc2cc(CCC3CCCCC3)cc(F)c12,7.379351,7.8214173,-0.4420662
O=c1[nH]c(CSC2CCOCC2)nc2cc(NC3CCN(Cc4ccccc4)CC3)ccc12,4.38764,4.203333,0.1843071
O=c1[nH]c(CSC2CCNCC2)nc2cc(NCC3CCOCC3)cc(F)c12,4.5985994,3.912644,0.6859555
CC(=O)Nc1cccc(CN2CCC(SCc3nc4c(C)cccc4c(=O)[nH]3)CC2)c1,6.468994,4.87492,1.5940742
O=c1[nH]c(CSC2CCOCC2)nc2cc(NC3CCNC3)ccc12,4.823909,4.3023667,0.5215421
O=c1[nH]c(CSC2CCOCC2)nc2cc(N3CCOCC3)ccc12,7.251812,8.387687,-1.1358747
O=c1[nH]c(CSC2CCOCC2)nc2cc(F)ccc12,4.30103,3.7425241,0.558506
O=c1[nH]c(CSC2CCOCC2)nc2c(F)c(F)ccc12,5.7931743,5.714178,0.07899618
O=c1[nH]c(CSC2CCNCC2)nc2cc(NCC3CCC3)c(F)cc12,5.458296,5.312025,0.14627075
CN1CCN(c2ccc3c(=O)[nH]c(CSC4CCOCC4)nc3c2)CC1,5.464579,6.0717783,-0.6071992
CC(C)COc1cc(F)c2c(=O)[nH]c(CSC3CCOCC3)nc2c1,3.7119744,3.8683522,-0.15637779
Cc1cccc2c(=O)[nH]c(CSC3CCN(C(=O)CCc4ccccn4)CC3)nc12,4.0262537,3.3868287,0.63942504
O=c1[nH]c(CSC2CCOCC2)nc2cc(NC3CCCC3)ncc12,8.142668,8.293216,-0.15054798
OC[C@H]1OC(n2ccc3c(Nc4ccc(OC(F)(F)F)cc4)ncnc32)[C@H](O)[C@@H]1O,8.39794,7.441949,0.9559908
CN1CC[C@H](CNc2cc3nc(CSC4CCOCC4)[nH]c(=O)c3c(F)c2F)[C@H](F)C1,4.4086013,5.9491897,-1.5405884
Cc1cccc2nc(CSC3CCOCC3)[nH]c(=O)c12,7.6197886,7.968837,-0.34904814
Cc1cccc2c(=O)[nH]c(CSC3CCN(Cc4nn(C)c5ccccc45)CC3)nc12,4.9914,3.735754,1.2556458
CNc1ccc2c(=O)[nH]c(CSC3CCOCC3)nc2c1,7.318759,6.046674,1.2720852
O=c1[nH]c(CS[C@H]2CC[C@H](CO)CC2)nc2cc(Nc3ccccc3)ccc12,3.8416376,4.2706013,-0.42896366
COC(C)(C)CNc1cc2nc(CSC3CCOCC3)[nH]c(=O)c2c(F)c1F,9.2218485,7.869941,1.3519073
Cc1cccc2c(=O)[nH]c(CSC3CCN(C(=O)CCN)CC3)nc12,9.2218485,7.8041644,1.4176841
Cc1cccc2c(=O)[nH]c(CSC3CCN(C(=O)CCN(C)C)CC3)nc12,8.326521,6.1106825,2.2158384
Cc1cccc2c(=O)[nH]c(CSC3CCN(C)C3)nc12,3.2218487,3.7692864,-0.54743767
Cc1n[nH]cc1CN1CCC(SCc2nc3c(C)cccc3c(=O)[nH]2)CC1,4.6757174,4.191704,0.48401356
O=c1[nH]c(CS[C@H]2CC[C@@H](O)CC2)nc2cc(Nc3ccccc3)ccc12,7.9746943,8.097522,-0.12282753
Cc1cccc2c(=O)[nH]c(CSC3CCN(C)CC3)nc12,4.0264287,3.4329672,0.5934615
O=c1[nH]c(CS[C@H]2CC[C@@H](CO)CC2)nc2cc(Nc3cccnc3)ccc12,4.30103,3.9989645,0.3020656
O=c1[nH]c(CS[C@H]2CC[C@H](O)CC2)nc2cc(F)ccc12,5.0,4.437811,0.5621891
Cc1cccc2c(=O)[nH]c(CSC3CCN(CCN)CC3)nc12,4.0264196,3.6459575,0.38046217
O=c1[nH]c(CSC2CCC(O)CC2)nc2cc(Nc3ccccc3)ccc12,6.454693,5.5063314,0.9483614
C[C@@H]1[C@H]2C3=CC[C@@H]4[C@@]5(C)C[C@H](O)CC(C)(C)[C@@H]5CC[C@@]4(C)[C@]3(C)CC[C@@]2(C(=O)O)CC[C@@H]1C,7.468521,6.424629,1.0438919
Cc1cccc2c(=O)[nH]c(CSC3CC(CN)C3)nc12,6.5142784,6.178879,0.33539963
CC(=O)N1CCC(SCc2nc3c(C)cccc3c(=O)[nH]2)CC1,8.047208,6.0616474,1.9855604
Cc1cccc2c(=O)[nH]c(CSC3CCC(CN)C3)nc12,4.69897,4.292135,0.40683508
Cc1cccc2c(=O)[nH]c(CSC3CCN(CCNC(=O)c4ccccn4)CC3)nc12,8.102373,6.2383137,1.8640594
O=c1[nH]c(CS[C@H]2CC[C@@H](C(=O)O)CC2)nc2cc(NC3CCCC3)cc(F)c12,5.3467875,5.5506763,-0.2038889
Cc1cccc2c(=O)[nH]c(CSCC3CCOCC3)nc12,5.368556,4.9608154,0.4077406
Cc1cccc2c(=O)[nH]c(CS[C@H]3CCC[C@@H](CO)C3)nc12,6.0,6.0638323,-0.06383228
Cc1cccc2c(=O)[nH]c(CS[C@@H]3CCC[C@@H](CO)C3)nc12,6.09691,5.654683,0.4422269
CN(c1ccc2c(=O)[nH]c(CSC3CCOCC3)nc2c1)C1CCCCC1,5.207608,4.7102222,0.49738598
CN(C)CC(=O)Nc1ccccc1-c1cccc2c1[nH]c1ccccc12,8.2218485,8.023822,0.19802666
CN(C)c1ccc2c(=O)[nH]c(CSC3CCOCC3)nc2c1,7.318759,6.306913,1.0118461
CC(=O)N1CCC(Nc2ccc3c(=O)[nH]c(CSC4CCOCC4)nc3c2)C1,6.39794,5.1055284,1.2924118
Cc1cccc2c(=O)[nH]c(CSC3CCN(C[C@@H](O)CO)CC3)nc12,4.455932,4.09947,0.356462
Cc1cccc2c(=O)[nH]c(CSC3CCNC3)nc12,7.7447276,7.6442575,0.100470066
O=c1[nH]c(CSC2CCOCC2)nc2cc(Nc3cnccn3)ccc12,6.138,5.478162,0.6598382
O=c1[nH]c(CSC2CCOCC2)nc2cc(OCc3ccccc3)ccc12,5.1062384,3.92896,1.1772783
O=c1[nH]c(CSC2CCOCC2)nc2cc(Oc3ccccc3)ccc12,8.173925,7.0837717,1.0901537
O=c1[nH]c(CS[C@H]2CCN[C@@H](C(F)(F)F)C2)nc2cc(NC3CCCC3)cc(F)c12,5.0,4.875568,0.12443209
CO[C@H]1CC[C@H](SCc2nc3c(C)cccc3c(=O)[nH]2)CC1,5.19382,5.065695,0.12812519
Cc1ccc2nc(CSC3CCOCC3)[nH]c(=O)c2c1,7.113509,8.328607,-1.2150974
O=c1[nH]c(CSC2CCOCC2)nc2cc(NCc3ccccn3)ccc12,3.8239088,3.6477838,0.17612505
NC(=O)[C@H]1CC[C@H](SCc2nc3cc(OCC4CCC4)cc(F)c3c(=O)[nH]2)CC1,7.3448615,7.0855436,0.25931787
Cc1cccc2c(=O)[nH]c(CSC3CCN(S(=O)(=O)c4ccccn4)CC3)nc12,3.7258422,4.0441027,-0.31826043
CC(=O)NC[C@H]1CC[C@H](SCc2nc3c(C)cccc3c(=O)[nH]2)CC1,3.69897,3.640907,0.05806303
Cc1cccc2c(=O)[nH]c(CS[C@H]3CC[C@@H](CO)CC3)nc12,5.6516953,3.7786665,1.8730288
O=c1[nH]c(CSC2CCOCC2)nc2cc(Nc3nccs3)ccc12,5.6819367,5.3728347,0.30910206
O=c1[nH]c(CSC2CCOCC2)nc2cc(Nc3cncnc3)ccc12,5.229148,4.283906,0.9452419
O=c1[nH]c(CSC2CCOCC2)nc2cc(Nc3ccncc3)ccc12,5.4672456,4.4970117,0.9702339
O=c1[nH]c(CSC2CCOCC2)nc2cc(NCc3ccncc3)ccc12,8.0,7.653082,0.3469181
O=c1[nH]c(CSC2CCOCC2)nc2cc(Nc3ccccn3)ccc12,4.2692175,3.9696035,0.29961395
CO[C@H]1CC[C@@H](SCc2nc3c(C)cccc3c(=O)[nH]2)CC1,6.2778764,4.6153054,1.662571
COc1cc2c(=O)[nH]c(CSC3CCNCC3)nc2cc1NCC1CCC1,7.124939,6.192458,0.9324808
Cc1cccc2c(=O)[nH]c(CS[C@H]3CC[C@@H](C(N)=O)CC3)nc12,7.7746906,7.9699135,-0.19522285
Cc1cccc2c(=O)[nH]c(CSC3CCN(CC4CCCN4)CC3)nc12,5.9746943,5.839996,0.13469839
Cc1cccc2c(=O)[nH]c(CSC3CCCOCC3)nc12,8.886057,8.934466,-0.048409462
Cc1cccc2c(=O)[nH]c(CS[C@@H]3CC[C@@H](CCN)C3)nc12,7.853872,8.705821,-0.8519492
NC[C@H]1CC[C@@H](SCc2nc3cc(NC4CCCC4)cc(F)c3c(=O)[nH]2)CO1,5.6575775,5.346614,0.31096363
Cc1cccc2c(=O)[nH]c(CSC3CCN(C[C@H](O)CO)CC3)nc12,7.309804,8.157821,-0.84801674
Cc1cccc2c(=O)[nH]c(CSC3CCN(Cc4ccc(C#N)cc4)CC3)nc12,8.522879,8.684961,-0.16208267
Cc1nn(C)cc1CN1CCC(SCc2nc3c(C)cccc3c(=O)[nH]2)CC1,4.69897,4.221836,0.47713375
Cc1cccc2c(=O)[nH]c(CSC3CCN(Cc4ccc5c(c4)NC(=O)C5)CC3)nc12,4.853872,4.5474052,0.30646658
O=c1[nH]c(CS[C@H]2CCN[C@H](C(F)(F)F)C2)nc2cc(NC3CCCC3)cc(F)c12,5.0222764,5.374855,-0.35257864
CCc1ccc(C(=O)Nc2cc(-n3cnc(C)c3)cc(C(F)(F)F)c2)cc1Nc1nc(-c2cccnc2)cs1,7.552842,9.2295,-1.6766577
O=C(Cc1ccc(NC(=O)C2CCN(C(=O)C3CCCCC3)CC2)cc1)Nc1ccc(C(=O)N2CCOCC2)cc1,7.8860564,8.956092,-1.0700355
COC(=O)Nc1csc2c1NC(=O)CCCC2,7.958607,7.908169,0.050438404
CCOC(=O)C1CCCN(C(=O)c2ccc3c(Nc4ccc(OC(F)(F)F)cc4)ncnc3c2)C1,4.0,3.966585,0.03341508
COc1cc(N2CCN(C)CC2)ccc1Nc1ncc(Cl)c(Oc2ccccc2N=C=S)n1,4.8996296,4.157323,0.7423067
C[C@@H]1[C@H]2C3=CC[C@@H]4[C@@]5(C)C[C@@H](O)CC(C)(C)[C@@H]5CC[C@@]4(C)[C@]3(C)CC[C@@]2(C(=O)OCc2ccccc2)CCC1(C)C,4.0,4.696611,-0.6966109
[C]C([C])=[C][C][C][C@@]1([C])[C@H]([C]/[C]=C(\[C])[C]/[C]=[C]/C([C])([C])[O])[C][C@]2([C][C]=C([C])[C])C(=O)[C@@]1([C][C]=C([C])[C])C(=O)C(C(=O)c1ccc([O])c([O])c1)=C2[O],4.7695513,3.949264,0.8202872
COC(=O)c1cc2c(Nc3ccc(OC(F)(F)F)cc3)ncnc2s1,6.0438313,7.6017895,-1.5579581
CCCCOc1ccc(C(=O)n2nnc3ccccc32)cc1,7.411168,7.773368,-0.36219978
O=C(c1ccc(F)c(F)c1Cl)n1nnc2ccccc21,5.0,4.4854193,0.5145807
CCc1ccc(C(=O)Nc2cccc(C(F)(F)F)c2)cc1-c1cc(C#N)cc(-c2cnc3cnccn23)c1,5.0,5.317904,-0.317904
O=C(Cn1cccc(NCc2cccc(Cl)c2)c1=O)NCc1ccc(Cl)c(Cl)c1,7.251812,7.726042,-0.4742298
[C]C([C])=[C][C][C][C@@]1([C])[C@H]([C][C]=C([C])[C])[C][C@]2([C][C]=C([C])[C])C(=O)[C@@]1([C][C]=C([C])[C])C(=O)C(C(=O)c1cccc([O])c1)=C2[O],5.7695513,6.6402082,-0.87065697
CC[C@H]1O[C@@H](NC(=S)NN=Cc2ccc(F)cc2)[C@H](O)[C@@H](O)[C@@H]1O,6.39794,5.2279415,1.1699986
O=C(COc1cccc2c(=O)[nH]ccc12)c1ccccc1,9.522879,8.999166,0.5237131
N[C@H]1CCN(c2c(F)cc3c(=O)c(C(=O)O)cn4c3c2Oc2cc3c(ccc5ccccc53)cc2-4)C1,4.8057356,4.2418084,0.5639272
N#C/C(=C\c1ccc(-c2cccc(C(=O)O)c2)s1)c1nc2ccccc2s1,7.8860564,8.43797,-0.55191374
COc1cc(N2CCN(C)CC2)ccc1Nc1ncc(Cl)c(Oc2ccccc2N)n1,7.154902,6.4662933,0.68860865
CN(C)c1ccc(C(=O)NCCNC(=O)c2ccc(-c3cccc4[nH]nc(N)c34)cc2)cc1,6.115318,6.543391,-0.4280734
COc1ccc(N2CCN(C(=O)c3cccc(Oc4ccc(C(N)=O)cc4)c3)CC2)cc1,8.673394,8.31037,0.36302376
CC(=O)Nc1ccc(C)c(Nc2nccc(-c3cccnc3)n2)c1,4.823909,5.2282434,-0.40433455
CCOC(=O)CCCCC(=O)c1[nH]c(=O)[nH]c1C[n+]1ccc(C)cc1,6.2676063,4.7259893,1.5416169
Cc1ccncc1-c1ccc2nc(NC(=O)c3ccccc3)sc2c1,5.2596374,5.5682936,-0.30865622
CN1CCCN(C(=O)c2ccc3c(Nc4ccc(OC(F)(F)F)cc4)ncnc3c2)CC1,6.0,6.0062237,-0.0062236786
CCCc1cc(Oc2ccccc2)ccc1OCCCCOc1ccc2c(c1)CCC(C(=O)O)O2,5.3196645,4.37289,0.9467745
O=C1c2ccc3c4c(ccc(c24)C(=O)N1CCNCCO)C(=O)N(CCNCCO)C3=O,9.886057,8.902881,0.98317623
[C]C(=[C])[C@@H]([O])[C][C]/C([C])=[C]/[C][C@@H]1[C][C@]2([C][C]=C([C])[C])C(=O)[C@@]([C][C]=C([C])[C])(C(=O)C(C(=O)c3ccc([O])c([O])c3)=C2[O])[C@@]1([C])[C][C][C]=C([C])[C],6.0,6.5843678,-0.58436775
Cc1nn(C)c2nnc(Nc3ccc(S(=O)(=O)N4CCNCC4)cc3)nc12,4.391474,3.7657347,0.6257391
CC(C)(C)C[C@H](NC(=O)c1cccc(CNC(=O)c2ccc(OCCO)cc2)c1)C(=O)Nc1ccccc1,4.087247,4.347563,-0.2603159
Cc1cc2c(CC(=O)O)csc2cc1OCc1cc(-c2ccc(Cl)cc2)on1,7.79588,4.4911127,3.3047671
CCN(CC)c1ccc(NC(=O)Nc2ccc(C)c(Nc3nccc(-c4cccnc4)n3)c2)cc1,4.3410354,3.578078,0.76295733
Cc1ccc(C(=O)N2CCN(C(=O)c3ccc(-c4cccc5[nH]nc(N)c45)cc3)CC2)cc1,5.5850267,5.301692,0.28333473
O=C(Cn1cc(COc2cc(O)c3c(=O)c4ccc(Br)cc4oc3c2)nn1)Nc1ccc(O)cc1O,8.0,6.8718796,1.1281204
Cc1cc(OCC[C@@H](C)Oc2ccc(C(F)(F)F)cc2-c2ccccn2)ccc1CCC(=O)O,7.8860564,8.1379795,-0.25192308
O=C1Nc2cc(C(F)(F)F)ccc2Oc2ccc(-c3ccnc(N4CCOCC4)c3)cc21,4.332547,4.579714,-0.24716663
O=C1Nc2ccccc2C1(c1cn(Cc2cccc(F)c2)c2ccccc12)c1cn(Cc2cccc(F)c2)c2ccccc12,7.5622497,7.8657613,-0.30351162
O=C1Nc2ccccc2C1(c1cn(Cc2ccc(Br)cc2)c2ccccc12)c1cn(Cc2ccc(Br)cc2)c2ccccc12,6.2596374,5.130438,1.1291995
O=C1Nc2ccccc2C1(c1c[nH]c2ccccc12)c1c[nH]c2ccccc12,4.8996296,3.7450767,1.1545529
CC(C)n1cc(C2(c3cn(C(C)C)c4ccccc34)C(=O)Nc3ccccc32)c2ccccc21,8.60206,8.081144,0.520916
Cn1cc(C2(c3cn(C)c4ccccc34)C(=O)Nc3ccccc32)c2ccccc21,6.130915,6.519431,-0.38851595
O=C1Nc2ccc(Cl)cc2C1(c1c[nH]c2ccccc12)c1c[nH]c2ccccc12,5.7212462,4.965728,0.75551844
O=C1Nc2ccccc2C1(c1cn(Cc2ccccc2F)c2ccccc12)c1cn(Cc2ccccc2F)c2ccccc12,4.60206,5.1868615,-0.5848017
O=C1Nc2ccccc2C1(c1cn(Cc2ccccc2Cl)c2ccccc12)c1cn(Cc2ccccc2Cl)c2ccccc12,7.7695513,5.317645,2.4519062
Cc1ccc2c(c1)C(c1c[nH]c3ccccc13)(c1c[nH]c3ccccc13)C(=O)N2,3.1733422,5.350198,-2.1768556
CCCCn1cc(C2(c3cn(CCCC)c4ccccc34)C(=O)Nc3ccccc32)c2ccccc21,4.950782,4.4454947,0.5052872
CC(C)Cn1cc(C2(c3cn(CC(C)C)c4ccccc34)C(=O)Nc3ccccc32)c2ccccc21,5.0,5.123442,-0.12344217
Cc1nn(C)c2nnc(Nc3ccc(S(=O)(=O)N4CCCNCC4)cc3)nc12,6.552842,5.756232,0.79661036
CCOc1ccc(S(=O)(=O)N2CCCNCC2)cc1-c1nnc2c(n1)c(C)nn2C,6.5686364,4.993822,1.5748143
CCCn1cc(C2(c3cn(CCC)c4ccccc34)C(=O)Nc3ccccc32)c2ccccc21,5.6382723,4.7035427,0.9347296
O=C1Nc2ccc(Br)cc2C1(c1c[nH]c2ccccc12)c1c[nH]c2ccccc12,6.0,5.81824,0.18175983
O=C1Nc2ccccc2C1(c1cn(Cc2ccccc2)c2ccccc12)c1cn(Cc2ccccc2)c2ccccc12,5.823909,4.619827,1.204082
Cc1oc(-c2ccccc2)nc1CCOc1cccc(Cc2cn(C)cc2C(=O)O)c1,5.890042,5.254691,0.6353507
CCc1ccc(O[C@H](C)CCOc2ccc(CCC(=O)O)c(C)c2)c(-c2ccsc2)c1,5.2596374,5.155246,0.104391575
CNCCN(C)C(=O)c1ccc2c(Nc3ccc(OC(F)(F)F)cc3)ncnc2c1,7.075721,7.5503798,-0.47465897
COc1ccc(-c2nn(CC3CCNCC3)c3ncnc(N)c23)cc1C,8.744727,9.130472,-0.38574505
Nc1ccccc1NC(=O)c1ccc(-c2ccc3ncnc(Nc4ccc(OCc5cccc(F)c5)c(Cl)c4)c3c2)s1,9.119186,8.226832,0.892354
COc1ccc(-c2ccccc2-c2cc(OC)cc(OC)c2)cc1,5.3196645,5.0660787,0.25358582
CC(=O)N1N=C(c2cc3ccccc3oc2=O)CC1c1ccccc1,5.0,4.179285,0.82071495
CNCCOc1ccc(C(=O)NCc2cccc(C(=O)N[C@@H](CC(C)C)C(=O)Nc3ccc(CCC(=O)O)cc3)c2)cc1,4.823909,4.3812714,0.44263744
NS(=O)(=O)c1ccc(Nc2nc(N3CCOCC3)nc3nc[nH]c23)cc1,8.481486,7.9612517,0.5202346
CC(=O)c1sc(-c2ccc(OCCCOc3ccc4c(c3)CC[C@H]4CC(=O)O)nc2)nc1C,3.4678829,3.023007,0.44487596
CCCCCCN(CCCCCC)C(=O)[C@H](C)NC(=O)[C@@H](NC(=O)[C@H](Cc1ccc(OP(=O)(O)O)cc1)NC(C)=O)C(C)C,5.829738,5.2205305,0.60920763
COc1cc(N2CCN(C)CC2)ccc1Nc1ncc(Cl)c(Oc2cccc(NC(=O)/C=C/CN(C)C)c2)n1,4.4134126,4.2349944,0.17841816
Cc1oc(-c2ccccc2)nc1CCOc1cccc(CC2CN(C(=O)OCC(C)C)CCC2C(=O)O)c1,6.0,5.119638,0.88036203
Cc1c(CC(=O)N2CCN(C(=O)C3COc4ccccc4O3)CC2)c(=O)oc2c(O)c(O)ccc12,4.7931743,4.4382715,0.35490274
CN(Cc1c(F)cccc1Cl)C(=O)CNC(=O)c1ccc2c(c1)OCO2,6.0,4.864268,1.1357322
Cn1cc(-c2cnc3ccc(NC(=O)NC(C)(C)C)nc3c2)cn1,6.0783134,5.897313,0.18100023
CC[C@@](C)(Cc1ccc(OCCCOc2ccc3c(C)cc(=O)[nH]c3c2)cc1)C(=O)O,8.0,6.971069,1.0289311
Cc1c(Nc2ccc(OC(F)(F)F)cc2)ncnc1-c1cccc(C(=O)O)c1,6.6819367,5.9444056,0.7375312
CCc1cc(OCC[C@@H](C)Oc2ccc(C(F)(F)F)cc2-c2ccccn2)ccc1CCC(=O)O,3.455932,3.7886178,-0.33268595
CC1CN(c2cccnc2)Cc2cc(C(=O)Nc3cc(CN4CCN(C)CC4)cc(C(F)(F)F)c3)ccc21,5.0,4.328289,0.67171097
CC(C)(Oc1ccc(CCOc2ccc(NC(=O)Nc3ccccc3)cc2)cc1)C(=O)Nc1ccccc1,5.8728952,5.210162,0.6627331
OC[C@H]1O[C@@]2(CC(c3nc4ccccc4s3)=NO2)[C@H](O)[C@@H](O)[C@@H]1O,4.30103,4.095381,0.20564938
CCC(=O)c1cc(C(C)CC)c(OC(C(=O)O)c2ccccc2)c(C(C)CC)c1,4.6382723,3.9693885,0.6688838
O=C(Cn1cc(COc2cc(O)c3c(=O)c4ccc(O)cc4oc3c2)nn1)Nc1ccc(O)c(O)c1,6.0,5.3002977,0.69970226
Cn1c(C(=O)N2CCC3(CC2)C(=O)NCN3c2ccccc2)cc2c(Nc3ccc(OC(F)(F)F)cc3)ncnc21,6.600326,6.8313837,-0.23105764
O=C(N/N=C/c1cccc(F)c1)c1nc(-c2cc3ccccc3oc2=O)cs1,2.782253,3.8177075,-1.0354545
O=C(N/N=C/c1ccc(Cl)cc1)c1nc(-c2cc3ccccc3oc2=O)cs1,5.4584208,4.5777683,0.8806524
COc1ccc(CC(=O)Nc2ccccc2-c2cccc3c2[nH]c2ccccc23)cc1,4.9172144,3.4045367,1.5126777
[C]C([C])=[C][C][C]/C([C])=[C]/[C]C1([C][C]=C([C])[C])C([O])=C(C(=O)c2ccc([O])c([O])c2)C(=O)C2=C1OC([C])([C])[C]=[C]2,4.669586,4.244554,0.42503214
O=C(N/N=C/c1cc(Cl)cc(Cl)c1O)c1nc(-c2cc3ccccc3oc2=O)cs1,3.49485,3.3349774,0.15987253
COc1ccccc1/C=N/NC(=O)c1nc(-c2cc3ccccc3oc2=O)cs1,4.8860564,5.2592344,-0.373178
O=C(N/N=C/c1cc(Cl)ccc1O)c1nc(-c2cc3ccccc3oc2=O)cs1,4.30103,3.808549,0.49248123
O=C(N/N=C/c1ccc(C(F)(F)F)cc1)c1nc(-c2cc3ccccc3oc2=O)cs1,5.928118,5.3462343,0.5818839
O=C(N/N=C/c1cccc(Br)c1)c1nc(-c2cc3ccccc3oc2=O)cs1,7.7447276,6.3611746,1.383553
COc1ccc(/C=N/NC(=O)c2nc(-c3cc4ccccc4oc3=O)cs2)cc1,3.3909395,3.0214467,0.36949277
CC(C)(C)c1cc(/C=N/NC(=O)c2nc(-c3cc4ccccc4oc3=O)cs2)c(O)c(C(C)(C)C)c1,5.0,4.236109,0.7638912
O=C(Cc1ccc(Cl)cc1)Nc1ccccc1-c1cccc2c1[nH]c1ccccc12,4.429457,4.3226256,0.10683155
COc1ccc(Nc2cc(-c3ccc(C(=O)NCCNC(=O)c4c(F)cccc4Cl)cc3)ncn2)cc1,3.9669785,4.2481976,-0.281219
N#Cc1ccc(CS(=O)(=O)Nc2ccccc2-c2cccc3c2[nH]c2ccccc23)cc1,6.39794,5.020096,1.3778443
COc1ccc(/C=N/NC(=O)c2nc(-c3cc4ccccc4oc3=O)cs2)c(O)c1,5.0,5.4233174,-0.42331743
O=C(N/N=C/c1ccccc1O)c1nc(-c2cc3ccccc3oc2=O)cs1,4.2456517,3.5428727,0.70277905
O=C(N/N=C/c1cccc(Cl)c1)c1nc(-c2cc3ccccc3oc2=O)cs1,4.026392,3.7685056,0.2578864
O=C(N/N=C/c1ccc(O)cc1)c1nc(-c2cc3ccccc3oc2=O)cs1,5.0,5.8333836,-0.83338356
O=C(N/N=C/c1ccccc1F)c1nc(-c2cc3ccccc3oc2=O)cs1,7.5686364,6.653975,0.9146614
O=C(N/N=C/c1cc(O)ccc1O)c1nc(-c2cc3ccccc3oc2=O)cs1,5.375718,5.215808,0.1599102
O=C(N/N=C/c1ccc(O)c(O)c1)c1nc(-c2cc3ccccc3oc2=O)cs1,6.236572,6.107372,0.12919998
C(=N\Nc1nc(-c2ccc(-c3ccccc3)cc2)cs1)/c1cccc2ccccc12,5.49485,4.8824005,0.61244965
O=C(N/N=C/c1ccc(O)c(F)c1)c1nc(-c2cc3ccccc3oc2=O)cs1,8.987163,9.257176,-0.2700138
NC(=O)C1CCN(C(=O)c2ccc3c(Nc4ccc(OC(F)(F)F)cc4)ncnc3c2)CC1,3.0899096,4.192771,-1.1028614
O=c1cc(-c2ccc(O)c(O)c2)oc2c1ccc1ccccc12,5.6382723,5.9976683,-0.35939598
CC1(C)CC[C@]2(C(=O)O)CC[C@]3(C)C(=CC[C@@H]4[C@@]5(C)C[C@H](O)[C@@H](O)C(C)(C)[C@@H]5CC[C@]43C)[C@@H]2C1,4.1307683,3.9628806,0.16788769
CCOc1ccc2c(c1)c(Oc1cccc(C(F)(F)F)c1)c(C(=O)O)n2-c1ccc(C(C)(C)C)cc1,7.2596374,6.013738,1.2458992
Nc1n[nH]c2cc(-c3ccc(C(=O)N4CCN(C(=O)c5ccc(Br)cc5)CC4)cc3)ccc12,6.551294,6.3320246,0.21926928
O=C(Cc1ccc(Cl)c(Cl)c1)Nc1ccccc1-c1cccc2c1[nH]c1ccccc12,6.686133,4.9938774,1.6922555
O=C(Cn1cccc(NCc2ccccc2)c1=O)NCc1ccc(Cl)c(Cl)c1,5.180456,5.260462,-0.080005646
CC1(C)CC[C@]2(C(=O)OCc3ccccc3)CC[C@]3(C)C(=CCC4[C@@]5(C)CC(C=O)C(=O)C(C)(C)C5CC[C@]43C)[C@@H]2C1,4.1402617,3.4370847,0.703177
CC(=O)Nc1nc(-c2cc(Cl)c(Cl)s2)cs1,5.858864,5.516654,0.34220982
CCCCN(c1cccc(-c2ccc(Cl)cc2)c1C)S(=O)(=O)c1ccc(OCC(=O)O)c(C)c1C,7.74958,8.727183,-0.97760344
Cc1c([N+](=O)[O-])cc(N2C(=O)C=CC2=O)cc1[N+](=O)[O-],8.522879,8.958631,-0.43575191
CCOC(=O)C1CCCN(C(=O)c2cc3c(Nc4ccc(OC(F)(F)F)cc4)ncnc3n2C)C1,3.30103,4.5940146,-1.2929847
CC(C)(C)c1nc(-c2cnc3ccccc3c2)c2c(N)nccn12,7.7447276,5.9112024,1.8335252
C=CC(=O)Nc1ccc(Oc2nc(Nc3ccc(N4CCN(C)CC4)cc3OC)ncc2Cl)cc1,7.537602,6.4336276,1.1039743
Cc1cccc(-c2nn3c(c2-c2ccncc2)C(C)C(C)(C)C3)c1C#N,4.69897,3.9120884,0.78688145
O=C(NCc1nc2ccccc2[nH]1)Nc1nc2ccc(F)cc2s1,9.251812,9.284023,-0.032211304
COc1ccc(-c2cc(=O)c3ccc(OCc4ccc(Cl)nc4)cc3o2)cc1,7.79588,6.585185,1.2106948
CN(C)CCCN1C(=O)c2ccc3c4c(ccc(c24)C1=O)C(=O)N(CCCN(C)C)C3=O,4.821023,4.2143683,0.60665464
Nc1ncnc2c1c(-c1cccc(O)c1)cn2[C@H]1C[C@@H](CN2CCC2)C1,6.175874,6.9376764,-0.7618022
Cc1oc2nc(SCCCC(=O)NCCO)nc(N)c2c1C,7.8860564,8.824948,-0.9388919
CS(=O)(=O)Nc1ccc(-c2cccc(C(=O)N[C@H]3CN[C@@H](C(=O)Nc4ccc(Cl)c(C(F)(F)F)c4)C3)c2)cn1,4.7999983,4.3982825,0.40171576
O=C(Cc1ccc(NC(=O)C2CCN(C(=O)c3ccccc3)CC2)cc1)Nc1ccc(C(=O)N2CCOCC2)cc1,8.638272,7.300316,1.3379564
O=C(NS(=O)(=O)c1ccccc1)C(Sc1nc2cc(Cl)ccc2s1)c1ccccc1,4.30103,4.3578334,-0.056803226
Cc1c(-c2cnn(Cc3ccc(OC(F)(F)F)cc3)c2)[nH]c2ccccc2c1=O,5.89279,6.4123306,-0.5195408
Cc1c(-c2ccc(Oc3ccc(OC(F)(F)F)cc3)cc2)[nH]c2ccccc2c1=O,9.220404,9.108182,0.11222172
CCOC(=O)c1c(-c2ccc(-c3ccc(Cl)cc3)cc2)[nH]c2ccccc2c1=O,4.5228786,4.749091,-0.2262125
CC1(C)CC[C@]2(C(=O)OCc3ccccc3)CC[C@]3(C)[C@H]([C@@H](O)C[C@@H]4[C@@]5(C)CC[C@H](O)C(C)(C)[C@@H]5CC[C@]43C)[C@@H]2C1,5.5228786,6.345357,-0.8224783
Cc1cnc(Nc2cnn(C)c2)nc1N1CC2CCCC(C1)N2CCC#N,8.244125,8.818147,-0.57402134
CC1(C)CC[C@]2(C(=O)OCc3ccccc3)CC[C@]3(C)C(=CC[C@@H]4[C@@]5(C)C[C@H](O)[C@@H](O)C(C)(C)[C@@H]5CC[C@]43C)[C@@H]2C1,5.2494917,5.1798105,0.06968117
COc1cccc(CC(=O)Nc2ccccc2-c2cccc3c2[nH]c2ccccc23)c1,6.5061045,6.010459,0.49564552
Cc1c(Cc2c(Cl)cccc2Cl)c(=O)ccn1CCCc1ccc(-c2c[nH]c(CNC(=O)Nc3ncc(Br)s3)n2)cc1,6.207608,6.182437,0.02517128
Cc1cn([C@@H]2O[C@H](CO)[C@@H](O)[C@H](O)[C@H]2O)c(=O)[nH]c1=O,7.8860564,8.023822,-0.13776541
O=C(Cc1ccc(=O)[nH]c1)Nc1ccccc1-c1cccc2c1[nH]c1ccccc12,7.221849,6.3649483,0.8569007
Clc1cccc(Nc2ncnc3n[nH]c(NCc4ccccc4)c23)c1,4.0264244,3.9993794,0.027045012
O=C(NCCN1CCOCC1)c1cccc(-c2ccc3c(c2)C(=O)Nc2cc(OC(F)(F)F)ccc2N3)c1,7.5850267,6.081517,1.5035095
COc1cc(-c2ccc(OCCBr)cc2)c(OC)c(OCCBr)c1-c1ccc(O)cc1,6.0,6.2398396,-0.23983955
Oc1ccc2c(c1)sc1nncn12,5.7166986,4.965946,0.75075245
CC1CN(c2cncnc2)Cc2cc(C(=O)Nc3cc(CN4CC[C@@H](N(C)C)C4)cc(C(F)(F)F)c3)ccc21,9.19382,9.011727,0.18209267
CN(C)C(=O)c1cccc(-c2cn(C)c(=O)c3[nH]ccc23)c1,6.632644,7.635972,-1.0033278
N#C/C(=C\c1ccc(-c2ccc(C(=O)O)cc2)s1)c1nc2ccccc2s1,4.823909,6.1601105,-1.3362017
CSCC[C@H](NC(=O)c1ccccc1)C(=O)Nc1nc(-c2ccccc2)cs1,5.0,4.949971,0.0500288
O=c1cc(-c2ccc(OCc3ccc(Cl)nc3)cc2)oc2cc(O)cc(O)c12,4.30103,4.8266764,-0.5256462
COc1ccccc1COc1ccc(C(N)=O)c(F)c1,5.5850267,4.560625,1.0244017
COc1cc(N2CCN(C)CC2)ccc1Nc1ncc(Cl)c(Oc2cccc([N+](=O)[O-])c2)n1,8.443698,6.5653825,1.8783154
CCc1cccc(-c2nn3c(c2-c2ccnc(Nc4ccc(S(N)(=O)=O)cc4)c2)C(C)C(C)(C)C3)n1,4.0,4.1304636,-0.1304636
COc1cc(N2CCN(C)CC2)ccc1Nc1ncc(Cl)c(Oc2ccccc2[N+](=O)[O-])n1,7.3279023,8.095117,-0.7672143
CC(C)(C)c1csc(NC(=O)CNC(=O)c2ccc(N)cc2)n1,6.0,5.086053,0.9139471
CCCC(Sc1nc2cc(Cl)ccc2s1)C(=O)NS(=O)(=O)c1ccc(Cl)cc1,7.967266,7.49722,0.47004604
COc1ccc(CC(=O)Oc2ccc(C)cc2Br)cc1OC,7.203426,6.3238497,0.8795762
CSc1ccccc1OCc1cc(C(=O)N2CCNC(=O)C2)no1,6.221849,5.6735306,0.5483184
Cn1ccc2c(Nc3ccc(OC(F)(F)F)cc3)ncnc21,9.431798,9.313922,0.11787605
CCC(C)(C)n1nnnc1C(c1cccnc1)N1CCCc2ccccc21,4.253366,3.7283094,0.5250566
O=C(NCc1nc2ccccc2[nH]1)Nc1nc2ccccc2s1,7.8416376,7.737536,0.10410166
Nc1ccccc1NC(=O)CCc1ccc(-c2ccc3ncnc(Nc4ccc(OCc5cccc(F)c5)c(Cl)c4)c3c2)cc1,5.0,4.1783094,0.82169056
Cc1ccc(NC(=O)[C@H](CC(C)(C)C)NC(=O)c2cccc(CNC(=O)c3ccc(OCCO)cc3)c2)cc1,4.30103,3.6940265,0.6070037
O=C(Cc1ccc2c(c1)OCO2)Nc1ccccc1-c1cccc2c1[nH]c1ccccc12,4.5228786,4.279364,0.24351454
Cc1cc(S(=O)(=O)Nc2nc3ccccc3[nH]2)c(S)cc1Cl,4.676645,3.9375572,0.7390876
Nc1ccc(C(=O)Nc2cccc(Nc3nccc(-c4cccnc4)n3)c2)cc1,8.387217,7.421753,0.96546364
Cc1ccc(NC(=O)c2ccc(CCl)cc2)cc1Nc1nccc(-c2cccnc2)n1,5.2596374,4.886013,0.37362432
CNCCOc1ccc(C(=O)NCc2cccc(C(=O)N3CCCC3C(=O)Nc3ccc(CCC(=O)O)cc3)c2)cc1,6.3151546,5.287122,1.0280328
c1nc(N2CCC3(CCCNC3)CC2)c2[nH]cnc2n1,6.4271283,6.61103,-0.18390179
CC1(C)CC[C@]2(C(=O)OCCCCBr)CC[C@]3(C)C(=CC[C@@H]4[C@@]5(C)C[C@@H](O)[C@H](O)C(C)(C)[C@@H]5CC[C@]43C)[C@@H]2C1,4.8326826,4.791877,0.040805817
CCCCCCCCCCCC(=O)Oc1cccc2c1C(=O)C=CC2=O,7.8268137,6.6413937,1.18542
C/C(=C\COc1ccc2ccc(=O)oc2c1)CC[C@@H]1C(C)(C)[C@H]2CC[C@@]1(C)O2,6.0,5.5667458,0.43325424
CC(C)(C)C[C@H](NC(=O)c1cccc(CNC(=O)c2ccccc2)c1)C(=O)Nc1ccc(CCC(=O)O)cc1,3.8239088,3.6723866,0.15152216
FC(F)(F)Oc1ccc(Nc2cc(-c3cc(Nc4ccc(OC(F)(F)F)cc4)ncn3)ncn2)cc1,6.3477535,5.697135,0.65061855
CC(C)(Oc1ccc(CCOc2ccc(NC(=O)c3ccccc3)cc2)cc1)C(N)=O,7.236572,6.876651,0.35992098
CCC(NC(=O)c1ccc2c(c1)cc(C)n2Cc1ccc(-c2ccccc2C(=O)O)cc1)c1ccccc1,9.09691,8.792969,0.30394173
O=C(Cn1cc(COc2cc(O)c3c(=O)c4cc(O)ccc4oc3c2)nn1)Nc1ccc(O)c(O)c1,6.0,5.8637605,0.13623953
CCC1=Cc2ncc(CN3CCN(c4ccc(C(=O)NC5CC5)nc4)CC3)cc2CC1=O,4.442493,3.6106133,0.8318796
CCC1=CC2N=CC(CN3CCN(c4ccc(C(=O)NC5CC5)nc4)CC3)CC2NC1=O,6.0,6.5405746,-0.54057455
Cc1ccc(NC(=O)Nc2ccc(N(C)C)cc2)cc1Nc1nccc(-c2cccnc2)n1,4.2328444,4.2001476,0.032696724
Cc1ccc(NC(=O)c2ccc(CN3CCN(CCO)CC3)cc2)cc1Nc1nccc(-c2cccnc2)n1,4.536107,4.07778,0.4583273
O=C(Cc1cccc(C(F)(F)F)c1)Nc1ccccc1-c1cccc2c1[nH]c1ccccc12,6.208864,3.6143591,2.594505
FC(F)(F)Oc1ccc(Nc2cc(-n3ccc4cccnc43)ncn2)cc1,4.026341,3.6386347,0.38770628
COc1c(Br)c(-c2ccc(O)cc2)c(OC)c(O)c1-c1ccc(O)cc1,6.0,5.703333,0.2966671
Cc1cc(Oc2cccc(CNC(=O)c3ccc(Cl)cc3C)c2)ccc1OC(C)(C)C(=O)O,6.0,5.608416,0.39158392
COc1ccc(C=O)c(OCC(=O)Nc2sc3c(c2C#N)CCC(C)C3)c1,4.0,4.464501,-0.4645009
Cc1cn(-c2cc(NC(=O)c3ccc4c(c3)CN(c3cncnc3)CC4C)cc(C(F)(F)F)c2)cn1,8.2218485,8.6001425,-0.378294
FC(F)(F)Oc1ccc(Nc2ncnc3nn(Cc4cccc(Br)c4)cc23)cc1,3.69897,3.4630666,0.2359035
CC(C)c1cc(CN2CCN(C)CC2)cc(NC(=O)c2ccc3c(c2)CN(c2cncnc2)CC3C)c1,8.30103,9.032901,-0.73187065
Nc1cc(F)c(Sc2ccccn2)cc1C(=O)Nc1cccc(F)c1,4.69897,4.805031,-0.10606098
Cc1oc(-c2ccccc2)nc1CCOc1cccc(Cc2nnn(-c3ccccc3)c2C(=O)O)c1,8.39794,8.28855,0.109389305
O=C(Nc1ccc(NS(=O)(=O)c2ccc(Cl)c(Cl)c2)cc1)Nc1ccc([N+](=O)[O-])cc1,5.36251,4.884368,0.47814226
Nc1ncnc2c1c(-c1ccc(Cl)cc1)nn2CC1CCNCC1,4.7739935,4.1894274,0.5845661
CC(C)COc1ccc2cc(-c3nn(CC4CCNCC4)c4ncnc(N)c34)ccc2c1,7.221849,5.3980503,1.8237987
CCc1ccc(O[C@H](C)CCOc2ccc(CCC(=O)O)c(CC)c2)c(-c2ccccn2)c1,4.823909,4.979373,-0.15546417
CCN(CC)C(=O)c1cncc(-c2ccc(C(=O)N[C@H]3CN[C@@H](C(=O)Nc4ccc(Cl)c(C(F)(F)F)c4)C3)cc2)c1,7.0,5.119539,1.8804612
CCCCN(CCCC)C(=O)[C@H](C)NC(=O)[C@@H](NC(=O)[C@H](Cc1ccc(OP(=O)(O)O)cc1)NC(C)=O)C(C)C,6.0,5.2541227,0.74587727
COc1cc(C=O)ccc1OCC(=O)Nc1sc2c(c1C#N)CCC(C)C2,4.6516953,3.900128,0.75156736
CS(=O)(=O)Nc1cccc(-c2ccc3c(c2)Oc2ccc(OC(F)(F)F)cc2NC3=O)c1,3.8239088,3.5457141,0.27819467
[C]C([C])=[C][C][C]/C([C])=[C]/[C]c1c([O])cc(/[C]=[C]/c2ccc(Cl)cc2)cc1[O],4.823909,5.6771593,-0.8532505
Cc1cc(S(=O)(=O)Nc2nnc3c4ccccc4ccn23)c(S)cc1Cl,5.229148,4.9292164,0.29993153
COc1ccc(-c2coc3cc(OCc4ccc(Cl)nc4)ccc3c2=O)cc1,10.0,8.849708,1.1502924
Cc1oc(-c2ccccc2)nc1CCOc1ccc(Cc2nnn(-c3ccccc3)c2C(=O)O)cc1,5.829738,5.3401875,0.4895506
CCc1ccc(-c2nc3cc(NC(=O)c4cc([N+](=O)[O-])ccc4Br)ccc3o2)cc1,3.69897,4.1696963,-0.47072625
COc1cc(N2CCN(C)CC2)ccc1Nc1ncc(Cl)c(Oc2ccc(N=C=S)cc2)n1,5.6382723,4.9491477,0.6891246
O=C(Cc1ccccc1)Nc1ccccc1-c1cccc2c1[nH]c1ccccc12,4.701147,4.0009375,0.7002096
CC1(C)CCc2cc(CC3=C(c4ccc(O)cc4)[C@@](O)(C(=O)O)OC3=O)ccc2O1,7.7212462,7.5599146,0.16133165
COc1ccc(C(=O)n2c(C)c(Cc3cccc(O[C@@H](C)C(=O)O)c3)c3cc(OC(F)(F)F)ccc32)cc1,5.3288274,3.783697,1.5451305
COc1ccc2cc(-c3n[nH]c4cccnc34)[nH]c2c1,5.7731423,5.6508064,0.12233591
Cn1cnc2ncnc(Nc3ccc(OC(F)(F)F)cc3)c21,4.0,3.6557899,0.34421015
Cc1oc(-c2ccccc2)nc1CCOc1cccc(C2CN(C(=O)Oc3ccccc3)CCC2CC(=O)O)c1,4.0958257,3.619407,0.47641873
CCc1ccc(C(=O)Nc2cc(CN3CCN(C)CC3)cc(C(F)(F)F)c2)cc1C#Cc1ccoc1,4.0,4.096377,-0.096376896
Cc1ccc(-c2cc(-c3ccccc3Cl)c(C#N)c(N)n2)o1,5.381011,5.259185,0.12182617
CCCCCCCCCCCC(=O)OCc1cn(CC(=O)O[C@H]2CC[C@]3(C)[C@H]4CC=C5[C@@H]6CC(C)(C)CC[C@]6(C(=O)OCc6ccccc6)CC[C@@]5(C)[C@]4(C)CC[C@H]3C2(C)C)nn1,5.0,5.746009,-0.7460089
Nc1ccccc1NC(=O)c1ccc(C(=O)Nc2cccc(Nc3ncc(-c4cccnc4)cn3)c2)cc1,6.0,4.7741785,1.2258215
CC1(C)CC[C@]2(C(=O)O)CC[C@]3(C)C(=CC[C@@H]4[C@@]5(C)Cc6cn[nH]c6C(C)(C)[C@@H]5CC[C@]43C)[C@@H]2C1,5.60206,5.3221154,0.27994442
CN1CCN(c2ccc(-c3cc4c(c(N)nn4C)c(=O)[nH]3)cc2)CC1,4.9000087,4.51748,0.38252878
COc1cccc(CSc2nnc(CSc3nc4nc(C)cc(C)n4n3)s2)c1,4.30103,4.5124006,-0.21137047
CCOC(=O)N1CCN(C(=O)Nc2ccc(NC(=O)N3CCN(C(=O)OCC)CC3)cc2)CC1,4.7999983,4.3317375,0.46826077
COc1cc(/C=C(\C#N)c2nc3ccccc3s2)ccc1O,5.937042,4.5507383,1.3863039
CC(C)COc1ccc2cc(-c3nn(CC4CCN(C)CC4)c4ncnc(N)c34)ccc2c1,5.6946487,6.415971,-0.72132206
O=C(O)Cc1csc2cc(OCc3ccccc3COc3ccc(C(F)(F)F)cc3)ccc12,7.1307683,6.0851917,1.0455766
CC(C)n1nc(Cc2cccc3ccccc23)c2c(N)ncnc21,6.0,5.1261806,0.87381935
CC[C@H](C)[C@H](NC(=O)[C@H](CCC(=O)O)NC(=O)[C@H](CCC(=O)O)NC(=O)[C@H](Cc1ccc(OP(=O)(O)O)cc1)NC(C)=O)C(=O)N[C@@H](CCC(=O)O)C(=O)O,8.275724,8.990687,-0.71496296
COc1ccc2c(ccn2S(=O)(=O)c2cccc(C(=O)Nc3ccc(C)cc3C(=O)O)c2)c1,8.080922,8.125285,-0.04436302
CCCCN(c1cccc(-c2cccc(Cl)c2)c1C)S(=O)(=O)c1ccc(OC(C)C(=O)O)c(C)c1C,5.30103,6.5014076,-1.2003775
CCCCN(c1cccc(-c2ccc(C(F)(F)F)cc2)c1Cl)S(=O)(=O)c1ccc(OC(C)C(=O)O)c(C)c1C,3.4436975,4.033455,-0.58975744
O=C(O)c1cccc(Nc2nccc(-c3cccnc3)n2)c1,8.161151,8.383712,-0.22256088
Cc1cn(-c2cc(NC(=O)c3ccc(C)c(Nc4nccc(-c5ccccc5)n4)c3)cc(N3CCNCC3)c2)cn1,6.386158,6.828699,-0.44254112
Oc1ccc(-c2ccccc2-c2cc(O)cc(O)c2)cc1,4.2388244,4.029804,0.20902014
CC1=NN(C(=O)c2ccccc2)C(c2ccccc2O)C1,4.60206,3.9598575,0.6422024
O=C1N/C(=N/c2ccccc2Cl)S/C1=C1\C(=O)Nc2ccc(F)cc21,5.500038,4.6727924,0.8272457
C[C@@H]1C[C@H](C)C[C@H](C)[C@@H](O)CC(=O)O[C@H]([C@@H]2CCC[C@H]2C(=O)O)C/C=C/C=C(/C#N)[C@H](O)[C@@H](C)C1,5.2441254,4.6810613,0.5630641
CC1(C)CC[C@]2(C(=O)OCc3ccccc3)CC[C@]3(C)C(=CCC4[C@@]5(C)C/C(=N\OCc6ccc(Cl)cc6Cl)C(=O)C(C)(C)C5CC[C@]43C)[C@@H]2C1,6.0,5.560803,0.43919706
CC1(C)CC[C@]2(C(=O)OCc3ccccc3)CC[C@]3(C)C(=CC[C@@H]4[C@@]5(C)C/C(=N\OCc6ccc(Cl)cc6Cl)C(=O)C(C)(C)[C@@H]5CC[C@]43C)[C@@H]2C1,4.821311,4.411294,0.410017
COc1cc(/C=C/c2cccc(OC)c2O)cc(OC)c1,6.0,5.155246,0.8447542
Cc1ccc(-n2nc3c(c2NC(=O)c2ccc(Br)o2)CSC3)c(C)c1,7.756962,7.3009005,0.45606136
OC[C@H]1NC[C@H](O)[C@@H](O)[C@@H]1O,6.0433517,5.260105,0.7832465
CCOc1ccc2cc(-c3nn(C(C)(C)C)c4ncnc(N)c34)ccc2c1,7.3279023,6.7975945,0.53030777
COc1ccc(S(=O)(=O)N2CCCCCC2)cc1C(=O)Nc1ccc(C(=O)N(C)C)cc1,4.5606675,4.581562,-0.020894527
O=S(=O)(Cc1ccc(C(F)(F)F)cc1)Nc1ccccc1-c1cccc2c1[nH]c1ccccc12,7.0,7.3273597,-0.32735968
Fc1ccc(CNc2ncnc3c2cnn3CC(Cl)c2ccc(Cl)cc2)cc1,4.251812,3.8667626,0.38504934
CC1(C)CC[C@]2(C(=O)OCc3ccccc3)CC[C@]3(C)C(=CC[C@@H]4[C@@]5(C)Cc6cn[nH]c6C(C)(C)[C@@H]5CC[C@]43C)[C@@H]2C1,5.0,5.6090055,-0.60900545
C[C@H]1CN(c2cncnc2)Cc2cc(C(=O)Nc3cc(CN4CCCN(C)CC4)cc(C(F)(F)F)c3)ccc21,6.7212462,5.8310356,0.8902106
COc1cc(N2CCN(C)CC2)ccc1Nc1ncc(Cl)c(Oc2ccccc2NC(=O)/C=C/CN(C)C)n1,4.004365,4.594726,-0.5903611
CCc1ccc(OC(C)CCOc2ccc(CCC(=O)O)c(C)c2)c(C(=O)c2ccccc2)c1,5.6575775,4.6453137,1.0122638
CCc1ccc(O[C@H](C)CCOc2ccc(CCC(=O)O)c(C)c2)c(-c2ccccn2)c1,3.8239088,3.6417785,0.18213034
Clc1cccc(-c2[nH]c3ccccc3c2-c2nc(-c3ccccc3)c(-c3ccccc3)n2-c2ccccc2)c1,5.7121983,5.1370134,0.5751848
Fc1ccc2[nH]c(-c3ccccc3)c(-c3nc(-c4ccccc4)c(-c4ccccc4)n3-c3cccc(Cl)c3)c2c1,3.9657726,4.3440323,-0.37825966
FC(F)(F)c1ccc(-c2[nH]c3ccccc3c2-c2nc(-c3ccccc3)c(-c3ccccc3)n2-c2ccccc2)cc1,4.30103,4.237164,0.06386614
Fc1ccc2[nH]c(-c3ccccc3)c(-c3nc(-c4ccccc4)c(-c4ccccc4)n3-c3ccccc3)c2c1,4.30103,4.583768,-0.28273773
CCCc1c(OCCCn2ccc3cc(C(=O)O)ccc32)ccc2c(C(F)(F)F)noc12,5.0,6.7399445,-1.7399445
CC(=O)Nc1ccc(-n2c(-c3c(-c4ccccc4)[nH]c4ccc(F)cc34)nc(-c3ccccc3)c2-c2ccccc2)cc1,5.0,4.3030148,0.69698524
COc1ccc(-n2c(-c3c(-c4ccc(Cl)cc4)[nH]c4ccc(Cl)cc34)nc(-c3ccccc3)c2-c2ccccc2)cc1,5.275724,4.758315,0.51740885
COc1ccc(-n2c(-c3c(-c4cccc(Br)c4)[nH]c4ccccc34)nc(-c3ccccc3)c2-c2ccccc2)cc1,6.7423215,6.803398,-0.06107664
Brc1ccc(-n2c(-c3c(-c4cccc(Br)c4)[nH]c4ccccc34)nc(-c3ccccc3)c2-c2ccccc2)cc1,7.69897,7.1563363,0.54263353
COc1ccc(NC(=O)Cn2cc(COc3cc(O)c4c(=O)c5cc(OC)ccc5oc4c3)nn2)c(OC)c1,6.0,4.9183273,1.0816727
C#CCOC(=O)N1CCc2c(OCCc3nc(-c4ccccc4)oc3C)ccc(CCC(=O)O)c2C1,7.79588,5.5451636,2.2507162
CCCCCCCCCCCC(=O)OCc1cn(CC(=O)O[C@H]2CC[C@]3(C)[C@H]4CC=C5[C@@H]6CC(C)(C)CC[C@]6(C(=O)O)CC[C@@]5(C)[C@]4(C)CC[C@H]3C2(C)C)nn1,6.1191864,6.1186743,0.0005121231
Cc1cc(Nc2ncc(C)c(N3CC(CC#N)(N4CCCCC4)C3)n2)sn1,4.0,5.773589,-1.7735891
CC1(C)CC[C@]2(C(=O)O)CC[C@]3(C)C(=CC[C@@H]4[C@@]5(C)C[C@@H](O)CC(C)(C)[C@@H]5CC[C@]43C)[C@@H]2C1,7.920819,7.9479,-0.027081013
COc1ccc(Nc2cc(-c3ccc(C(=O)NCCNC(=O)c4cccc(OC)c4)cc3)ncn2)cc1,3.7258422,3.9280968,-0.20225453
Cc1ccc2c(=O)[nH]c(CSc3ncccn3)nc2c1C,7.387216,6.978837,0.40837908
Cc1ccccc1C(=O)N1CCN(C(=O)c2ccc(-c3cccc4[nH]nc(N)c34)cc2)CC1,8.2218485,8.937873,-0.7160244
COc1cc(-c2ccc(O)cc2)c(OC)c(OCCC(C)C)c1-c1ccc(O)cc1,3.3362992,3.807426,-0.4711268
Cc1ccc2[nH]c([C@@H]3O[C@H](CO)[C@@H](O)[C@H](O)[C@H]3O)nc2c1,5.3151546,5.4562907,-0.14113617
COCCN=NNc1cccc(Nc2nccc(-c3cccnc3)n2)c1,6.314258,5.016224,1.2980342
COCCS(=O)(=O)Nc1ccccc1-c1cccc2c1[nH]c1ccccc12,3.8239088,3.5206857,0.30322313
[C]O[C@H]1OC(=O)C([C]c2ccc([O])c([C][C]=C([C])[C])c2)=C1c1ccc([O])cc1,6.244888,6.1160183,0.12886953
CCCOc1ccc(-c2cc(OC)c(-c3ccc(O)cc3)c(OCCC)c2OC)cc1,6.39794,5.1470337,1.2509065
Cc1ccc(CC(=O)Nc2ccccc2-c2cccc3c2[nH]c2ccccc23)cc1,5.2596374,5.5682936,-0.30865622
CCn1cnc2c(-c3ccc(F)c(-c4cc5c(cc4OC)C(=O)N(C)C5)c3)cnnc21,4.0268073,3.8875847,0.13922262
C=CCOc1ccc(-c2cc(OC)c(-c3ccc(O)cc3)c(OCC=C)c2OC)cc1,6.7447276,5.276922,1.4678054
[C]C(=[C])[C]([O])[C][C@@H]1[C][C@]2([C][C]=C([C])[C])C(=O)[C@@]([C][C]=C([C])[C])(C(=O)C(C(=O)c3ccc([O])c([O])c3)=C2[O])[C@@]1([C])[C][C][C]=C([C])[C],4.69897,4.295458,0.403512
Cc1ccc(C)c(OCCCC(C)(C)C(=O)NS(=O)(=O)c2ccccc2)c1,5.6840296,4.7459393,0.9380903
C=C(C)C(COc1c2occc2c(OC)c2ccc(=O)oc12)OC(C)(C)[C@H](O)COc1c2ccoc2cc2oc(=O)ccc12,6.111259,6.59637,-0.48511124
C=C(C)C(COc1c2occc2cc2ccc(=O)oc12)OC(C)(C)[C@H](O)COc1c2ccoc2cc2oc(=O)ccc12,7.958607,9.039729,-1.0811219
COC(=O)CCSCc1cn2cc(Cl)ccc2n1,4.823909,6.555458,-1.7315493
N#C/C(=C\c1ccc(O)c(O)c1)C(=O)Nc1cccc2ncccc12,4.552842,4.2284193,0.32442284
CNC(=O)CCc1ccc(NC(=O)[C@H](CC(C)(C)C)NC(=O)c2cccc(CNC(C)=O)c2)cc1,5.9956784,5.654217,0.34146166
Cc1ccc(NC(=O)c2ccc(C(=O)NO)cc2)cc1Nc1ncc(-c2cccnc2)s1,8.0,7.96089,0.039110184
CCc1ccc(O[C@H](CC)CCOc2ccc(CCC(=O)O)c(C)c2)c(C(=O)c2ccccc2)c1,5.0,5.5368853,-0.53688526
Cc1ccc(NC(=O)NCCN2CCCC2)cc1Nc1nccc(-c2cccnc2)n1,7.2596374,7.7756042,-0.5159669
CCc1ccc(OC(CC)CCOc2ccc(CCC(=O)O)c(C)c2)c(C(=O)c2ccccc2)c1,3.4179366,3.9362662,-0.5183296
Cn1ccnc1Sc1cc(C(=O)Nc2cccc(C(F)(F)F)c2)c(N)cc1F,6.8860564,6.2431993,0.6428571
COc1ccc(C(=O)Nc2ccccc2-c2cccc3c2[nH]c2ccccc23)cc1,5.2596374,4.924772,0.33486557
Cc1c(Cc2c(Cl)cccc2Cl)c(=O)ccn1C/C=C/c1ccc(-c2c[nH]c(CNC(=O)Nc3ncc(Br)s3)n2)cc1,7.129596,7.837181,-0.70758486
Nc1c(C(=O)Nc2cc(Cl)ccc2Cl)sc2nc(-c3cccs3)ccc12,5.552842,5.053902,0.49894
C[C@H]1[C@H](C)CC[C@]2(C(=O)O)CC[C@]3(C)C(=CC[C@@H]4[C@@]5(C)CC[C@H](O)C(C)(C)C5CC[C@]43C)[C@H]12,4.9746943,5.583274,-0.60857964
C[C@H]1[C@H](C)CC[C@]2(C(=O)O)CC[C@]3(C)C(=CC[C@@H]4[C@@]5(C)CC[C@H](O)C(C)(C)[C@@H]5CC[C@]43C)[C@H]12,9.013228,9.256822,-0.24359322
CNCc1ccc(-c2[nH]c3cc(F)cc4c3c2CCNC4=O)cc1,6.0,5.341469,0.6585312
CCc1ccc(O[C@H](C)CCOc2ccc(CCC(=O)O)c(C)c2)c(-c2cccs2)c1,4.489723,3.7075748,0.78214836
O=S(c1ccccc1O)S(=O)c1ccccc1O,9.2218485,9.2586355,-0.036787033
Nc1ccc(-c2ccc(C(=O)N[C@H]3CN[C@@H](C(=O)Nc4ccc(Cl)c(C(F)(F)F)c4)C3)cc2)cn1,8.09691,6.402506,1.6944046
Cc1ccc(NCc2ccc(/C=C/C(=O)NO)cc2)cc1Nc1nccc(-c2cccnc2)n1,7.004365,4.9141235,2.0902414
COc1ccc(Nc2cc(-c3ccc(C(=O)NCCNC(=O)c4ccccc4Cl)cc3)ncn2)cc1,5.7862167,5.2949376,0.49127913
COc1ccc(Nc2cc(-c3ccc(C(=O)NCCNC(=O)c4cccc(N(C)C)c4)cc3)ncn2)cc1,6.806875,7.315955,-0.50907993
CC(C)C(NC(=O)[C@@H]1CCCN1C(=O)[C@@H](NC(=O)OCc1ccccc1)C(C)(C)C)P(=O)(Oc1ccccc1)Oc1ccccc1,4.60206,3.9766285,0.6254313
COc1ccc(NC(=O)c2cc(Sc3nccn3C)c(F)cc2N)cc1OC,6.0,5.0449066,0.9550934
CCc1cc(Oc2cc(F)cc([C@@H](C)NC(=O)c3sc4ccc(Cl)cc4c3C)c2)ccc1CCC(=O)O,6.0,5.218879,0.7811208
CN(C(=O)c1ccc(NC(=O)Cc2ccc(NC(=O)C3CCN(C(=O)C4CC4)CC3)cc2)cc1)C1CC1,5.0,5.5944123,-0.5944123
CN1CCN(CCc2ccc(NC(=O)c3cc(-c4ccc5c(c4)OCO5)c[nH]c3=O)cc2)CC1,7.3980484,7.1954246,0.20262384
Cc1ccncc1-c1cnc2nc(NC(=O)C3CC3)sc2c1,5.2596374,5.2140226,0.04561472
Cc1ccc(C(=O)Nc2ccc(F)c(Cl)c2)cc1Nc1nccc(-c2cccnc2)n1,4.447332,4.778189,-0.33085728
Clc1ccc(/N=c2\scc(-c3ccc(Cl)cc3)n2Nc2ccccc2)cc1,4.30103,5.023986,-0.7229557
COc1ccc(Cn2ccc3c(Nc4ccc(OC(F)(F)F)cc4)ncnc32)cc1,7.3467875,6.8413157,0.5054717
C=CC(=O)Nc1cccc(Oc2nc(Nc3ccc(N4CCN(C)CC4)cc3OC)ncc2Cl)c1,5.9829664,6.156275,-0.17330837
CCc1ccc(C(=O)Nc2cc(CN3CCN(C)CC3)cc(C(F)(F)F)c2)cc1C#Cc1cnc(N(C)C)nc1,7.3363,6.270502,1.0657978
C=CCOc1ccc(/C=C2\SC(=O)N(Cc3cccc([N+](=O)[O-])c3)C2=O)cc1OCC,4.30103,4.088876,0.21215439
Cc1cc(C)nc(Sc2cc(C(=O)Nc3cccc(N)c3)c(N)cc2F)n1,9.60206,9.189294,0.41276646
CCOc1ccc(CCNC(=O)CN2C(=O)c3cccnc3Oc3ccc(C)cc32)cc1OCC,5.2596374,5.14324,0.11639738
COc1cccc(-c2nc3sccn3c2-c2ccnc(NCCNS(=O)(=O)c3ccc(C(F)(F)F)cc3)n2)c1,7.74958,8.508578,-0.7589984
Cn1ccnc1Sc1cc(C(=O)Nc2cccc(C#N)c2)c(N)cc1F,6.154902,5.8492737,0.3056283
Cc1cc(F)c(Sc2nccn2C)cc1C(=O)Nc1cccc(C#N)c1,3.69897,4.2101045,-0.5111344
Cc1ccc(NC(=O)c2cccc(C(F)(F)F)c2)cc1/C=C/n1cnc2c(Nc3ccncc3)ncnc21,7.102373,6.0205665,1.0818067
Cc1oc(-c2ccc(-c3ncccn3)cc2)nc1CCOc1ccc(CCC(=O)O)c(CNC(=O)OC(C)C)c1,6.0,6.254822,-0.25482178
[C]O[C@@H]1OC(=O)C([C]c2ccc([O])c([C][C]=C([C])[C])c2)=C1c1ccc([O])cc1,4.0782094,5.328767,-1.2505574
COC(=O)c1sccc1S(=O)(=O)Nc1ccc(Nc2ccccc2)cc1OC,9.229148,7.9313145,1.2978334
c1cc2c3ccc4c5c(ccc(c6ccc7c(c1CN(CCN1CCCCC1)C7)c26)c53)CN(CCN1CCCCC1)C4,3.6478174,3.7565432,-0.108725786
Nc1ncnc2c1ncn2[C@@H]1O[C@H](COP(=O)(O)OP(=O)(O)OP(=O)(O)Oc2ccccc2)[C@@H](O)[C@H]1O,5.0,5.160691,-0.16069078
Nc1ncnc2c1c(-c1ccccc1)nn2-c1ccccc1,7.4012094,8.583995,-1.1827855
Nc1ncnc2c1c(-c1ccccc1)nn2CC1CCNCC1,6.481486,6.801222,-0.319736
CC(Oc1cc2nc(CSC3CCOCC3)[nH]c(=O)c2c(F)c1F)C1CCOCC1,4.30103,4.8881016,-0.5870714
Nc1ncnc2c1c(-c1ccc3cc(OCc4ccccc4)ccc3c1)nn2CC1CCNCC1,5.0,5.611266,-0.61126614
Nc1ncnc2c1c(-c1ccc3cc(OCc4ccccc4Cl)ccc3c1)nn2CC1CCNCC1,4.203426,3.6284285,0.5749974
Nc1ncnc2c1c(-c1ccc3oc(-c4ccccc4)nc3c1)nn2CC1CCNCC1,4.705534,4.8241153,-0.118581295
Nc1ncnc2c1c(-c1cccc(OCC34CCC(CC3)O4)c1)cn2[C@H]1C[C@@H](CN2CCC2)C1,5.207608,5.115853,0.09175539
CC[C@H](CO)Nc1nc(NCc2ccccc2)c2ncn(C(C)C)c2n1,7.823909,7.2009964,0.6229124
COc1ccc(N2CCN(C)CC2)cc1Nc1ncc2c(n1)-c1c(c(C(N)=O)nn1C)CC2,6.0,4.811389,1.188611
Cc1cn(-c2cc(NC(=O)c3ccc(C)c(Nc4nccc(-c5ccc(F)cc5)n4)c3)cc(N3CCOCC3)c2)cn1,8.346787,6.475621,1.8711662
Cc1cn(-c2cc(NC(=O)c3ccc(C)c(Nc4nccc(-c5ccccc5)n4)c3)cc(N3CCN(C)CC3)c2)cn1,9.251812,7.827203,1.4246092
Cc1cn(-c2cc(NC(=O)c3ccc(C)c(Oc4cccc5ccncc45)c3)cc(N3CCN(C)CC3)c2)cn1,8.826823,5.3840322,3.442791
Cc1cn(-c2cc(NC(=O)c3ccc(C)c(Oc4ccccc4)c3)cc(C(F)(F)F)c2)cn1,5.3665314,5.302724,0.06380749
Cc1cn(-c2cc(NC(=O)c3ccc(C)c(Oc4ccccc4)c3)cc(N3CCN(C)CC3)c2)cn1,6.8041005,5.6318665,1.172234
Cc1cn(-c2cc(NC(=O)c3ccc4c(c3)CN(c3cncnc3)C[C@@H]4C)cc(C(F)(F)F)c2)cn1,4.0,3.8357317,0.16426826
Cc1cn(-c2cc(NC(=O)c3ccc4c(c3)CN(c3cncnc3)C[C@H]4C)cc(C(F)(F)F)c2)cn1,4.823909,4.1191072,0.70480156
CC[C@H]1CN(c2cncnc2)Cc2cc(C(=O)Nc3cc(CN4CCN(C)CC4)cc(C(F)(F)F)c3)ccc21,5.5257835,4.7404056,0.785378
CCc1ccc(C(=O)Nc2cccc(C(F)(F)F)c2F)cc1-c1cc(C)cc(-c2cnc3cnccn23)c1,5.971022,5.988351,-0.01732874
CCc1ccc(C(=O)Nc2ccccc2C(F)(F)F)cc1-c1cccc(-c2cnc3cnccn23)c1,5.275724,5.2577353,0.017988682
CCc1ccc(CCOc2ccc(Cc3sc(=O)[nH]c3O)cc2)nc1,9.29243,9.103274,0.18915558
Cc1c(C(=O)N2CCOc3ccc(-c4ccc(N)nc4)cc3C2)ccc(S(C)(=O)=O)c1F,7.853872,7.6147075,0.23916435
Nc1ncnc2c1c(-c1cccc(OCc3ccccc3)c1)cn2[C@H]1C[C@@H](CN2CCC2)C1,6.0,5.357565,0.6424351
Nc1ncnc2c1c(-c1cccc(OCc3ccccc3)c1)cn2[C@H]1C[C@H](N2CCC2)C1,4.1337185,3.504253,0.6294656
Nc1nc2ccc(C(=O)c3ccccc3)cc2[nH]1,9.124939,5.643385,3.481554
Nc1nc2ccc(C(=O)c3ccccc3)cc2n1CC1CCNCC1,5.8860564,4.5418706,1.3441858
Nc1nc2ccc(C(=O)c3ccccc3)cc2n1CCC1CCNCC1,6.0,5.6902895,0.3097105
CCc1cc(CN2CCN(C)CC2)cc(NC(=O)c2ccc3c(c2)CN(c2cncnc2)CC3C)c1,3.8419392,4.031989,-0.19004989
O=c1[nH]c(CSC2CCOCC2)nc2ncccc12,9.0,8.620252,0.37974834
Cc1cn(-c2cc(/C=C/C(=O)O)cc(NC(=O)c3ccc(C)c(Nc4nccc(-c5ccccc5)n4)c3)c2)cn1,4.05061,4.5611606,-0.5105505
Cc1cn(-c2cc(CN3CCCC[C@H]3C(N)=O)cc(NC(=O)c3ccc(C)c(Nc4nccc(-c5ccc(F)cc5)n4)c3)c2)cn1,5.0,5.600272,-0.6002722
Cc1cn(-c2cc(CN3CCC[C@H](N)C3)cc(NC(=O)c3ccc(C)c(Nc4nccc(-c5ccc(F)cc5)n4)c3)c2)cn1,5.8124795,4.9376693,0.8748102
Cc1cn(-c2cc(CN3CCC[C@H](N)C3)cc(NC(=O)c3ccc(C)c(Oc4ccccc4)c3)c2)cn1,5.2596374,4.7887926,0.47084475
Cc1cn(-c2cc(CN3CCN(C)CC3)cc(NC(=O)c3ccc(C)c(Nc4nccc(-c5ccccc5)n4)c3)c2)cn1,4.578396,4.2320194,0.34637642
Cc1cn(-c2cc(CCC(=O)O)cc(NC(=O)c3ccc(C)c(Nc4nccc(-c5ccccc5)n4)c3)c2)cn1,5.69897,6.9265842,-1.2276144
Cc1cn(-c2cc(CCS(N)(=O)=O)cc(NC(=O)c3ccc(C)c(Nc4nccc(-c5ccccc5)n4)c3)c2)cn1,7.0462403,7.1101694,-0.06392908
Cc1ccncc1-c1ccc2nc(NC(=O)C3C[C@@H]3F)sc2c1,9.1549015,9.105808,0.049093246
O=c1[nH]c(CSC2CCOCC2)nc2cccnc12,4.7212462,4.7757025,-0.054456234
Nc1nccn2c1c(-c1ccc3ccc(-c4ccccc4)nc3c1)nc2[C@H]1C[C@@H](CN2CCC2)C1,5.154902,5.9859743,-0.83107233
Cc1c(C)n(Cc2ccc(-c3ccccc3C(=O)O)cc2)c2ccc(C(=O)NCCCc3ccccc3)cc12,9.585027,8.879991,0.70503616
Cc1c(C)n(Cc2ccc(-c3ccccc3C(=O)O)cc2)c2ccc(C(=O)NCc3ccccc3)cc12,7.2596374,7.28441,-0.024772644
Cc1c(CN2CCN(C)CC2)cc(NC(=O)c2ccc3c(c2)CN(c2cncnc2)CC3C)cc1C(F)(F)F,5.853872,6.279681,-0.42580938
CCc1ccc(C(=O)Nc2cccc(C(F)(F)F)c2)cc1-c1ccc(C)c(-c2cnc3cnccn23)c1,8.928118,7.8782434,1.0498743
C=CC(=O)N(c1ccc(Br)cc1Br)c1c(C#N)cnc2cc(OC)c(OC)cc12,7.8860564,7.1746597,0.7113967
COc1cc(O)c2c(=O)c(-c3cccc(Cl)c3)cn(C)c2c1,5.0,4.4097605,0.5902395
O=C1Cc2c(ncnc2Nc2ccc(OC(F)(F)F)cc2)N1,6.19382,4.9736967,1.2201233
CC[C@@H]1CN(c2cncnc2)Cc2cc(C(=O)Nc3cc(CN4CCN(C)CC4)cc(C(F)(F)F)c3)ccc21,5.0,5.4869194,-0.4869194
CCOc1ccc2cc(-c3nn(CC4CCNCC4)c4ncnc(N)c34)ccc2n1,4.6556077,4.2071123,0.4484954
CC(C)Oc1ccc2cc(-c3nn(CC4CCNCC4)c4ncnc(N)c34)ccc2c1,5.853872,4.705201,1.1486707
O=c1[nH]c(CSC2CCOCC2)nc2ccncc12,5.578396,4.862948,0.7154479
O=c1[nH]c(CSC2CCOCC2)nc2cnccc12,5.30103,5.3335304,-0.032500267
Cc1ccnc2c(=O)[nH]c(CSC3CCOCC3)nc12,4.1784863,4.4291296,-0.25064325
Cc1ccncc1-c1ccc2c(c1)sc(=N)n2C,5.5128617,5.5517735,-0.03891182
Cc1ccncc1-c1ccc2nc(N(C)C(=O)OC(C)(C)C)sc2c1,6.51995,4.9625993,1.5573506
Cc1ccncc1-c1ccc2nc(N(C)C(=O)[C@@H]3C[C@@H]3F)sc2c1,7.09691,5.272755,1.8241549
CC(C)[C@@H]1CN(c2cncnc2)Cc2cc(C(=O)Nc3cc(CN4CCN(C)CC4)cc(C(F)(F)F)c3)ccc21,7.09691,7.320549,-0.22363901
CC(C)[C@H]1CN(c2cncnc2)Cc2cc(C(=O)Nc3cc(CN4CCN(C)CC4)cc(C(F)(F)F)c3)ccc21,6.167491,5.778614,0.38887691
CC(C)c1ccc(C(=O)Nc2cccc(C(F)(F)F)c2)cc1-c1cccc(-c2cnc3cnccn23)c1,5.0,5.1921144,-0.19211435
O=c1c(-c2ccc(O)cc2)coc2cc(O)cc(O)c12,7.845576,6.496628,1.348948
CC(C)CC(=O)Nc1[nH]nc2c1CN(C(=O)C1CCN(C)CC1)C2(C)C,5.6455073,5.352189,0.29331827
Cc1nccc2c(=O)[nH]c(CSC3CCOCC3)nc12,7.853872,6.9286833,0.92518854
COc1ccc(CNc2[nH]nc3ncnc(Nc4cccc(Cl)c4)c23)cc1,6.8477116,6.190075,0.65763664
CCc1ccc(C(=O)Nc2cccc(C(F)(F)F)c2)cc1-c1cc(-c2cnc3cnccn23)cc(C(C)C)c1,8.886057,8.9327135,-0.04665661
C=CC(=O)Nc1cc2c(Nc3ccc(F)c(Cl)c3)ncnc2s1,6.966576,6.4260745,0.5405016
O=C1N=C(S)SC1=Cc1ccc(Sc2ccc3ccccc3c2)c([N+](=O)[O-])c1,4.048177,3.6147623,0.43341446
CCOc1ccc2cc(-c3nc(C(C)(C)C)n4ccnc(N)c34)ccc2c1,6.0,6.2615004,-0.26150036
Cc1c(Nc2ccc(OC(F)(F)F)cc2)ncnc1-c1ccc(-c2ccccc2)cc1,8.920818,6.88599,2.0348282
CCc1ccc(C(=O)Nc2ccc(F)c(C(F)(F)F)c2)cc1-c1cc(C)cc(-c2cnc3cnccn23)c1,4.30103,3.4480805,0.8529496
CCc1ccc(C(=O)Nc2cccc(C(F)(F)F)c2)cc1-c1cc(-c2cnc3cnccn23)cc(C(C)(C)C)c1,5.69897,5.3397713,0.35919857
C=CC(=O)Nc1ccc2ncnc(Nc3ccc(OCc4cccc(F)c4)c(Cl)c3)c2c1,3.9136403,3.8002548,0.11338544
COC(=O)Cn1cc(-c2cccc(Cl)c2)c(=O)c2c(O)cc(OC)cc21,4.0258617,4.2206726,-0.19481087
C=CC(=O)Nc1ccc2ncnc(Nc3ccc4[nH]cc(Br)c4c3)c2c1,6.732987,6.290549,0.44243813
C=C(c1ccc(Sc2ccc(C)cc2)c([N+](=O)[O-])c1)c1sc(S)nc1O,8.995679,8.543139,0.45253944
Nc1cnn(-c2ccc3c(=O)[nH]c(CSC4CCOCC4)nc3c2)c1,4.7196493,4.642926,0.0767231
Nc1ccc(C(=O)NCC(=O)Nc2nc(-c3cc(-c4ccncc4)ccn3)cs2)cc1,4.229148,3.934276,0.2948718
COc1ccc(-c2cccc(-c3cc(OC)cc(OC)c3)c2)cc1,5.69897,6.2153664,-0.5163965
COc1ccc(-c2cnn3c(N)c(-c4nccs4)c(OC4CCN(C)CC4)nc23)cc1OC,6.0,5.193017,0.806983
COc1cc2ncnc(Nc3cccc(-c4ccccc4)c3)c2cc1OC,5.2596374,5.1372776,0.12235975
Cc1c(Nc2ccc(OC(F)(F)F)cc2)ncnc1-c1cccc2[nH]ccc12,7.154902,6.3354554,0.81944656
COc1ccc2nc(CSC3CCOCC3)[nH]c(=O)c2c1,5.958607,4.0873485,1.8712587
Cc1cccc2c(=O)[nH]c(CSC3CNC3)nc12,5.2400303,4.4390316,0.8009987
Cc1cccc2c(=O)[nH]c(CS[C@H]3C[C@H](OCc4ccccc4)C3)nc12,6.9706163,6.4350433,0.535573
O=C(O)COc1ccc(SCc2c(F)cccc2OCc2ccc(C(F)(F)F)cc2)c2c1CCC2,5.0,4.856212,0.14378786
O=C(O)COc1ccc(SCc2cc(F)ccc2OCc2ccc(C(F)(F)F)cc2)c2c1CCC2,7.39794,8.200928,-0.8029876
COc1ccc2ccc3c([nH]c4c5ccccc5nc(NCCN(C)C)c34)c2c1,4.30103,4.565503,-0.26447296
COc1ccc2cc(-c3nc(C(C)(C)C)n4ccnc(N)c34)ccc2c1,5.549751,5.274189,0.2755618
CC(C)Cc1ccc(C(=O)NCCS(=O)(=O)c2ccc(C(F)(F)F)cn2)cc1,4.806875,3.4732661,1.3336091
O=C1N=C(S)SC1=Cc1ccc(SC2CCCCC2)c([N+](=O)[O-])c1,6.6777806,6.050003,0.6277776
Nc1ccc2c(=O)[nH]c(CSC3CCOCC3)nc2c1,6.026872,6.47372,-0.44684792
Nc1cc2nc(CSC3CCOCC3)[nH]c(=O)c2c(F)c1F,7.0457573,5.3183784,1.7273788
C[C@H]1CN(c2cncnc2)Cc2cc(C(=O)Nc3cc(CN4CCN(C)CC4)cc(C(F)(F)F)c3)ccc21,8.423093,7.2804155,1.1426773
C[C@H]1CN(c2cncnc2)Cc2cc(NC(=O)c3cc(CN4CCN(C)CC4)cc(C(F)(F)F)c3)ccc21,7.2596374,7.1672487,0.09238863
Cc1c(Oc2ccccc2)ccc2c(=O)[nH]c(CSC3CCOCC3)nc12,5.8784404,5.0993767,0.7790637
Cc1c(Nc2ccc(OC(F)(F)F)cc2)ncnc1-c1ccc(CN)cc1,4.823909,4.770213,0.05369568
CCO[C@H](Cc1ccc(OCCN2c3ccccc3Oc3ccccc32)cc1)C(=O)O,5.0,4.599103,0.40089703
CNc1nc2ccc(-c3cnccc3C)cc2s1,8.167491,6.7016606,1.4658303
Cc1cccc2c(=O)[nH]c(CS[C@@H]3CCC[C@H](CO)O3)nc12,6.0,5.4450397,0.55496025
O=C(O)COc1ccc(SCc2ccc(OCc3ccc(F)cc3)cc2)c2c1CCC2,4.679854,4.5469112,0.13294268
O=C(O)COc1ccc(SCc2ccc(OCc3ccccc3)cc2)c2c1CCC2,6.1307683,4.873152,1.2576165
O=C(O)COc1ccc(SCc2ccccc2OCc2ccc(C(F)(F)F)cc2)c2c1CCC2,8.353597,6.4083815,1.9452152
O=C1NCCc2[nH]c(-c3ccncc3)cc21,6.468521,5.291072,1.1774492
Cc1cc(-c2cc(NC(=O)c3ccc(C)c(Nc4nccc(-c5ccc(F)cc5)n4)c3)cc(N3CCN(C)CC3)c2)on1,6.920819,5.8998036,1.0210152
CCOc1ccc(-c2nnc([C@H]3C[C@H](NC(=O)c4cccc5nccnc45)C3)n2-c2ccccc2F)nc1,6.7772837,5.4945474,1.2827363
CCOc1ccc(-c2nnc([C@H]3C[C@H](NC(=O)c4ccccn4)C3)n2-c2ccccc2F)nc1,7.207608,5.2507706,1.9568377
C=CCOc1ccc2cc(-c3nn(CC4CCNCC4)c4ncnc(N)c34)ccc2c1,5.0,5.0027514,-0.0027513504
COc1ccc(C(N)=O)cc1,8.30103,8.176031,0.12499905
CNc1ncnc2c1c(-c1ccccc1)cn2-c1ccccc1,4.481486,4.0539217,0.42756414
Cc1cccc2c(=O)[nH]c(C(C)SC3CCOCC3)nc12,9.045757,9.173129,-0.12737179
Cc1cccc2c(=O)[nH]c(CS(=O)(=O)C3CCOCC3)nc12,7.055517,7.6963844,-0.64086723
Cc1cccc2c(=O)[nH]c(CSC3CCC[C@H](CN(C)C)C3)nc12,6.0,6.0601044,-0.06010437
Cc1cc(C(=O)NCCS(=O)(=O)c2ccc(C(F)(F)F)cn2)ccc1Cl,6.710523,7.959073,-1.2485499
CCOC(=O)c1ccc(-c2cn(-c3ccccc3)c3ncnc(N)c23)cc1,7.275724,6.2469015,1.0288224
Cc1cc(-c2nn(CC3CCNCC3)c3ncnc(N)c23)ccc1-c1ccccc1,4.0,5.479441,-1.4794412
CCOC(=O)N1C[C@H](C(=O)O)[C@H](c2cccc(OCCc3nc(-c4ccccc4)oc3C)c2)C1,5.221849,5.1338644,0.08798456
CCOC(=O)N1C[C@H](CC(=O)O)[C@@H](c2cccc(OCCc3nc(-c4ccccc4)oc3C)c2)C1,6.69897,7.148451,-0.449481
CC(C)C(=O)Nc1ccc(-c2ccc(NCC(=O)Nc3ccc(CN4CCNCC4)c(C(F)(F)F)c3)cc2)cn1,4.90309,4.08702,0.8160701
CC(C)(Oc1ccc(C(=O)c2ccc(Cl)cc2)cc1)C(=O)O,5.21467,5.0581822,0.15648794
O=C(NCCCN1CCCC1=O)c1cnc(NCc2ccc(Cl)cc2Cl)nc1NC1CCCC1,5.258848,6.053178,-0.79432964
Cc1cc(C)c(/C=C2\C(=O)Nc3ccccc32)[nH]1,6.5228786,6.4435725,0.079306126
Cc1cc(Br)c(CNc2ncc(C(=O)NCCCN3CCOC3=O)c(NC3CCCC3)n2)cc1Br,3.1739252,3.611036,-0.4371109
CCOC(=O)N1C[C@H](CC(=O)O)[C@H](c2ccc(OCCc3nc(-c4ccccc4)oc3C)cc2)C1,6.537602,6.668887,-0.13128519
N[C@@H](CCCCN=CC1C(=O)Nc2ccc(Br)cc21)C(=O)O,8.1549015,8.795597,-0.6406956
O=C(NCCCN1CCOC1=O)c1cnc(NCc2cc(Cl)ccc2Cl)nc1NC1CCCC1,4.133896,4.6783943,-0.54449844
O=C(NCCN1CCCC1)Nc1cc2c(Nc3ccc(F)c(Cl)c3)ncnc2cc1O[C@H]1CCOC1,6.0,5.246278,0.7537222
O=C(NCCO)c1cc2c(Nc3ccc(OC(F)(F)F)cc3)ncnc2s1,7.432033,6.402835,1.0291982
N[C@@H](CCCCN=CC1C(=O)Nc2ccccc21)C(=O)O,7.0,7.3741693,-0.37416935
N[C@@H](CCCN=CC1C(=O)Nc2ccc(Br)cc21)C(=O)O,6.2596374,5.5654697,0.6941676
N[C@@H](CCCN=CC1C(=O)Nc2ccccc21)C(=O)O,4.1325326,3.7893505,0.3431821
CCOC(=O)N1C[C@H](C(=O)O)[C@@H](c2ccc(OCCc3nc(-c4ccccc4)oc3C)cc2)C1,4.394695,3.9911141,0.40358067
CCOC(=O)N1C[C@H](C(=O)O)[C@H](c2ccc(OCCc3nc(-c4ccccc4)oc3C)cc2)C1,8.522879,8.308948,0.21393108
O=C(NCCS(=O)(=O)c1ccc(C(F)(F)F)cn1)c1ccc(Br)cc1F,6.6382723,6.119563,0.5187092
O=C(NCCS(=O)(=O)c1ccc(C(F)(F)F)cn1)c1ccc(C2CCCCC2)cc1,6.8416376,6.8926764,-0.051038742
O=C(NCCS(=O)(=O)c1ccc(C(F)(F)F)cn1)c1ccc(Cl)c(Br)c1,6.161151,5.31369,0.84746075
O=C(NCCS(=O)(=O)c1ccc(C(F)(F)F)cn1)c1ccc(Cl)cc1,7.0,6.2263584,0.7736416
O=C(NCCS(=O)(=O)c1ccc(C(F)(F)F)cn1)c1ccc(Cl)cc1Cl,7.939302,7.8057294,0.13357258
O=C(NCCS(=O)(=O)c1ccc(C(F)(F)F)cn1)c1ccc(OC(F)(F)F)cc1,4.552842,4.2706013,0.28224087
O=C(NCCS(=O)(=O)c1ccccn1)c1ccc(Cl)cc1,9.19382,7.592331,1.6014891
Cc1oc(-c2ccccc2)nc1CCOc1ccc(CCC(=O)O)c(CNC(=O)NCc2ccccc2)c1,5.958607,7.0093923,-1.0507851
NCCn1cc(-c2cc(-c3cc4ccccc4s3)c3[nH]ncc3c2)c2nc(N)ncc21,4.320572,3.8549032,0.46566868
NCCn1ncc2c(Nc3ccc(OC(F)(F)F)cc3)ncnc21,7.817069,7.5190682,0.2980008
CC(=O)N1CCC(Nc2ncc3c(n2)-c2c(c(C(N)=O)nn2C)CC3)CC1,4.0,4.1052,-0.105199814
CC(=O)N1CCN([C@H]2C[C@@H](n3cc(-c4cc(OC[C@@H]5CCCO5)ccc4F)c4c(N)ncnc43)C2)CC1,9.244125,9.209092,0.035033226
CC(=O)N1CCN([C@H]2C[C@@H](n3cc(-c4cccc(OC[C@@H]5CCCO5)c4F)c4c(N)ncnc43)C2)CC1,6.0,7.2966914,-1.2966914
CCOC(=O)C1=C2C(=NC1=O)c1cccc3cccc2c13,3.6550186,3.950789,-0.2957704
Cc1cc(Oc2cccc(CNC(=O)c3ccc(C(F)(F)F)cc3C)c2)ccc1CCC(=O)O,5.4596705,5.3265977,0.13307285
CC(=O)N1CCN(c2cnc3cc(C(F)(F)F)cc(NCc4cccc([N+](=O)[O-])c4)c3c2)CC1,6.69897,6.825229,-0.12625933
CC(=O)N1N=C(c2cc3c(Br)cccc3oc2=O)CC1c1ccc(O)cc1,4.3297544,3.8777456,0.45200872
Cc1cc(Oc2cccc(CNC(=O)c3ccccc3C)c2)ccc1OC(C)(C)C(=O)O,4.180456,3.9818377,0.19861841
C[C@@H]1C[C@H](N)C[C@H](c2ccncc2NC(=O)c2ccc(F)c(-c3c(F)cccc3F)n2)C1,5.3018994,4.9972982,0.3046012
C[C@@H]1COCCN1c1nc(-c2cncc3[nH]ccc23)nc2c1ccn2S(C)(=O)=O,9.065501,9.294428,-0.22892666
Cc1oc(-c2ccccc2)nc1CCOc1ccc(Cc2cn(C)cc2C(=O)O)cc1,5.0,4.0896893,0.91031075
Cc1ccc2c(c1)nc(CCN1C(=O)c3cccc4cccc(c34)C1=O)n2-c1ccncc1,6.0,5.4319015,0.56809855
Cc1ccc(Sc2sc(C=C3SC(S)=NC3=O)cc2Br)cc1,8.853872,8.561126,0.29274654
Cc1ccc2c(=O)[nH]c(-c3ccc(C(C)(C)O)cc3)cn12,6.8996296,6.428196,0.47143364
CC1CN(c2cncnc2)Cc2cc(C(=O)Nc3cc(CCN4CCN(C)CC4)cc(C(F)(F)F)c3)ccc21,7.5228786,7.5559235,-0.033044815
COc1ccc(CC(CO)n2cc(-c3ccccc3)c3c(N)ncnc32)cc1,7.823909,6.3780184,1.4458904
[O-][n+]1ccc2c(-c3ccc(F)cc3Cl)ccnc2c1-c1c(Cl)cccc1Cl,6.1870866,6.225377,-0.0382905
CNC(=O)c1ccc2c(=O)[nH]c(CSC3CCOCC3)nc2c1,5.0604806,6.450568,-1.3900876
O=C(O)Cc1ccc(-c2ccc(OCc3c(-c4c(Cl)cccc4Cl)noc3C3CC3)cc2)cc1,4.69897,4.443347,0.25562286
Cc1ccc(S(=O)(=O)CCNC(=O)c2ccc(Cl)cc2)nc1,7.5228786,7.2186017,0.30427694
CC1CN(c2cncnc2)Cc2cc(C(=O)Nc3cc(CN4CCCCC4)cc(C(F)(F)F)c3)ccc21,5.221849,5.565427,-0.34357786
CC1CN(c2cncnc2)Cc2cc(C(=O)Nc3cc(CN4CCCN(C)CC4)cc(C(F)(F)F)c3)ccc21,8.522879,9.175172,-0.6522932
CC1CN(c2cncnc2)Cc2cc(C(=O)Nc3cc(CN4CCN(C)CC4)c(Cl)c(C(F)(F)F)c3)ccc21,7.1307683,8.15445,-1.0236821
CC1CN(c2cncnc2)Cc2cc(C(=O)Nc3cc(CN4CCN(C)CC4)c(F)c(C(F)(F)F)c3)ccc21,5.6777806,5.4873323,0.19044828
CC1CN(c2cncnc2)Cc2cc(C(=O)Nc3cc(CN4CCN(C)CC4)cc(-c4ccccc4)c3)ccc21,6.0,5.437669,0.5623312
Cc1ccc(S(=O)(=O)NC(=O)c2ccc3c(Nc4ccc(OC(F)(F)F)cc4)ncnc3c2)cc1,5.60206,4.7829075,0.81915236
CCN1CCN(Cc2ccc(NC(=O)CNc3ccc(-c4cccnc4)cc3)cc2C(F)(F)F)CC1,5.5228786,4.565485,0.95739365
CCN1CCN(Cc2ccc(NC(=O)Cc3ccc(Oc4cc(NC)ncn4)cc3)cc2C(F)(F)F)CC1,6.1985965,5.6735616,0.5250349
CC(=O)N1CCCC(Nc2ccc3c(=O)[nH]c(CSC4CCOCC4)nc3c2)C1,4.7695513,5.140397,-0.3708458
CN(C)CC(C#N)n1ncc2c(Nc3ccc(OC(F)(F)F)cc3)ncnc21,9.236572,5.9444733,3.292099
CC1CN(c2cncnc2)Cc2cc(NC(=O)Nc3cc(CN4CCN(C)CC4)cc(C(F)(F)F)c3)ccc21,4.5883803,4.1961126,0.3922677
Cc1oc(-c2ccccc2)nc1CCOc1cccc(CC[C@H]2CN(C(=O)Oc3ccccc3)C[C@@H]2C(=O)O)c1,7.2441254,5.3401065,1.9040189
Cc1oc(-c2ccccc2)nc1CCOc1ccc([C@@H]2CN(C(=O)Oc3ccccc3)C[C@@H]2C(=O)O)cc1,4.30103,4.5459633,-0.24493313
c1cc(Nc2ncnc3cc4c(cc23)OCCO4)cc(-c2cccs2)c1,4.0,5.5851665,-1.5851665
CC1CN(c2cncnc2)Cc2cc(C(=O)Nc3cc(CN4CCN(C)CC4)cc(C4CCCCC4)c3)ccc21,7.536107,8.078321,-0.5422144
CC1CN(c2cncnc2)Cc2cc(C(=O)Nc3cc(CN4CCN(C5CCCCC5)CC4)cc(C(F)(F)F)c3)ccc21,5.251812,4.2884636,0.9633484
CC1CN(c2cncnc2)Cc2cc(C(=O)Nc3cc(CN4CCOCC4)cc(C(F)(F)F)c3)ccc21,8.431798,8.865403,-0.4336052
CC1CN(c2cncnc2)Cc2cc(C(=O)Nc3cc(CN4CCSCC4)cc(C(F)(F)F)c3)ccc21,4.650742,5.2930965,-0.6423545
CC(C)(C)n1ncc2c(N)ncnc21,5.5272436,4.1784534,1.3487902
CN(C)C(=O)N1CCC(c2nc(-c3cc4ccccc4[nH]3)c3c(N)nccn23)CC1,4.7189665,4.7013397,0.017626762
CCN1CCN(Cc2cc(NC(=O)c3ccc4c(c3)CN(c3cncnc3)CC4C)cc(C(F)(F)F)c2)CC1,5.275724,4.6638937,0.61183023
NC(=O)c1cc(F)cc2c1C(=O)N(C1CCN(C3CCC(F)(F)CC3)CC1)C2,5.3565474,4.940895,0.41565228
NC(=O)c1ccc(OCC2CC2)cc1,8.970616,8.762219,0.20839691
NC(=O)c1ccc(OCC2CCC2)cc1,6.3565474,4.727718,1.6288295
NC(=O)c1ccc(OCC2CCC2)cc1F,7.61997,5.894635,1.7253346
NC(=O)c1ccc(OCC2CCC2)cc1OCCN1CCNCC1,8.552842,7.9091454,0.6436968
NC(=O)c1ccc(OCC2CCCC2)cc1,4.9197345,4.384132,0.53560257
NC(=O)c1ccc(OCC2CCCCC2)cc1F,5.080922,4.23429,0.846632
CC1CN(c2cncnc2)Cc2cc(C(=O)Nc3cc(CN4CCCC4)cc(C(F)(F)F)c3)ccc21,8.552842,8.110139,0.44270325
O=C(CCCl)Nc1ccc2ncnc(Nc3ccc4[nH]cc(Br)c4c3)c2c1,5.8219547,5.9045467,-0.08259201
O=c1[nH]c(CSC2CCOCC2)nc2cc(NC3CCCC3)cnc12,4.7189665,4.1106424,0.60832405
COc1cccc2cc(-c3ncnc(Nc4ccc(OC(F)(F)F)cc4)c3C)ccc12,5.69897,6.343359,-0.64438915
COc1cccc2ccn(S(=O)(=O)c3cccc(C(=O)Nc4ccc(C)cc4C(=O)O)c3)c12,4.30103,3.8535547,0.44747543
CNC(=O)c1nn(C)c2c1CCc1cnc(NC3CCN(C(=O)C4CCN(S(C)(=O)=O)CC4)CC3)nc1-2,5.91364,6.327421,-0.41378117
CC1CN(c2cncnc2)Cc2cc(C(=O)Nc3cc(CN4CC[C@H](N(C)C)C4)cc(C(F)(F)F)c3)ccc21,6.0,5.801909,0.19809103
CC1CN(c2cncnc2)Cc2cc(C(=O)Nc3cccc(C(F)(F)F)c3)ccc21,5.0,4.949971,0.0500288
CC1CN(c2cncnc2)Cc2cc(C(=O)Nc3cccc(CN4CCN(C)CC4)c3)ccc21,4.69897,6.677092,-1.9781222
Nc1ncnc2scc(-c3ccc4c(C(=O)Nc5ccccc5)cccc4c3)c12,7.6777806,8.002546,-0.32476568
CC(C)(C)S(=O)(=O)NC(=O)c1ccc2c(Nc3ccc(OC(F)(F)F)cc3)ncnc2c1,7.167491,5.592383,1.575108
O=c1[nH]c(CSC2CCOCC2)nc2cc(NC3CCCNC3)ccc12,5.6055484,5.5226912,0.08285713
O=C(O)Cn1ccc2cc(OCCCOc3ccc(C(=O)c4ccc(F)cc4)cc3)ccc21,6.75659,7.4381905,-0.6816006
O=C(O)Cn1ccc2cc(OCc3ccccc3COc3ccc(C(F)(F)F)cc3)ccc21,6.829738,4.9726496,1.8570886
O=C(O)c1cc2c(Nc3ccc(OC(F)(F)F)cc3)ncnc2s1,6.129596,4.7285166,1.4010797
CC1Cc2ccc(C(=O)Nc3cc(CN4CCN(C)CC4)cc(C(F)(F)F)c3)cc2CN1c1cncnc1,7.154902,5.5709105,1.5839915
CC1CN(c2cncnc2)Cc2cc(C(=O)Nc3cc(CN(C)C)cc(C(F)(F)F)c3)ccc21,6.2596374,5.709881,0.5497565
CC1CN(c2cncnc2)Cc2cc(C(=O)Nc3cc(CN(C)CCN(C)C)cc(C(F)(F)F)c3)ccc21,7.09691,6.433902,0.6630082
O=C1c2ccccc2C(=O)N1CCn1ncc2c(Nc3ccc(OC(F)(F)F)cc3)ncnc21,9.455932,9.085975,0.36995697
CCN(Cc1ccc(Cl)cc1)c1ncc(C(=O)NCCCN2CCCC2=O)c(NC2CCCC2)n1,6.39794,5.3970413,1.0008988
C[C@@H]1CN(c2cncnc2)Cc2cc(C(=O)Nc3cc(CN4CCCN(C)CC4)cc(C(F)(F)F)c3)ccc21,4.8961964,4.4338703,0.46232605
C[C@@H]1CN(c2cncnc2)Cc2cc(C(=O)Nc3cc(CN4CCN(C)CC4)cc(C(F)(F)F)c3)ccc21,4.5833597,4.2239885,0.3593712
C[C@@H]1CN(c2cncnc2)Cc2cc(NC(=O)c3cc(CN4CCN(C)CC4)cc(C(F)(F)F)c3)ccc21,5.756962,5.7467136,0.010248184
NC(=O)c1ccc(OCc2cccc(Br)c2)cc1F,5.481486,4.9067917,0.57469416
NC(=O)c1ccc(OCc2ccccc2F)cc1,8.0,8.005795,-0.005794525
NC(=O)c1ccc(OCc2cncs2)cc1,5.0,4.76633,0.23367023
Clc1ccc(Nc2nnc(Cc3ccncc3)c3ccccc23)cc1,8.522879,8.876487,-0.35360813
Cc1oc(-c2ccccc2)nc1CCOc1cccc([C@@H]2CN(C(=O)Oc3ccccc3)C[C@@H]2C(=O)O)c1,8.30103,8.650392,-0.34936142
Cc1oc(-c2ccccc2)nc1CCOc1cccc([C@H]2CN(C(=O)Oc3ccccc3)C[C@@H]2CC(=O)O)c1,5.5670004,5.5635056,0.0034947395
COc1cc(OCc2ccccc2F)ccc1C(N)=O,8.30103,8.077733,0.22329712
Cc1ccc(NC(=O)c2ccc(F)cc2)cc1-n1cc(-c2cnc3ccnn3c2)cn1,5.2596374,4.710041,0.5495963
O=C(Nc1ccccc1)c1ccc2c(=O)[nH]c(CSC3CCOCC3)nc2c1,9.045757,9.27303,-0.22727299
NC(=O)c1c(-c2ccc(Oc3ccccc3)cc2)[nH]c(C(=O)c2c(F)cccc2F)c1N,5.39794,4.5507402,0.8471999
NC(=O)c1cc(-c2ccnc(N)n2)[nH]c1-c1ccccc1,5.659556,5.405533,0.25402308
CC(C)(C)NS(=O)(=O)c1cncc(-c2ccn3nc(N)nc3c2)c1,5.240015,5.3490086,-0.10899353
CC(C)(C)OC(=O)Nc1ccc(Nc2[nH]nc3ncnc(Nc4cccc(Cl)c4)c23)cc1,4.60206,5.193869,-0.5918093
CCc1ccc(C(=O)Nc2cccc(C(F)(F)F)c2)cc1-c1cc(C)cc(-c2cnc3cnccn23)c1,6.920819,5.6818495,1.2389693
CNC(=O)Nc1ccc2c(c1)CC[C@@]21OC(=O)N(CC(=O)N(Cc2ccc(F)cc2)[C@@H](C)C(F)(F)F)C1=O,7.30103,6.4887323,0.8122978
CCC(NC(=O)c1ccc2c(c1)c(C)c(C)n2Cc1ccc(-c2ccccc2C(=O)O)cc1)c1ccccc1,4.30103,4.0326204,0.26840973
CCC(NC(=O)c1ccc2c(c1)c(SC)c(C)n2Cc1ccc(-c2ccccc2C(=O)O)cc1)c1ccccc1,4.0,4.0213113,-0.021311283
Nc1ncnc2c1cnn2CC1CCNCC1,6.876148,7.015086,-0.13893795
COc1ccc(/C=C/c2cc(OC)cc(OC)c2)cc1,7.0,5.6966424,1.3033576
COc1ccc(/C=C\c2cc(OC)c(OC)c(OC)c2)cc1O,5.623423,5.4014664,0.22195673
C[C@@H]1COCCN1c1nc(-c2ccnc3[nH]ccc23)nc2c1ccn2S(C)(=O)=O,6.0,5.729807,0.2701931
CCCc1nc2c(C)cc(-c3nc4ccccc4n3C)cc2n1Cc1ccc(-c2ccccc2C(=O)O)cc1,7.920819,5.141338,2.779481
O=C(Nc1ccc(Oc2ncnc3scc(-c4ccccc4)c23)c(F)c1)c1cccn(-c2ccc(F)cc2)c1=O,5.840132,5.0522566,0.78787565
COc1cc(/C=C/c2ccc(O)cc2)cc(OC)c1,6.0,5.0009947,0.9990053
Clc1cccc(CNc2[nH]nc3ncnc(Nc4cccc(Cl)c4)c23)c1,9.2218485,9.446953,-0.22510433
Clc1cccc(Nc2[nH]nc3ncnc(NCc4ccccc4)c23)c1,4.254613,3.6822724,0.5723405
CN(C)CCCNC(=O)c1csc2nc(-c3ccc(NC(=O)Nc4cc(C(C)(C)C)on4)cc3)cn12,6.7520266,8.097608,-1.345581
OC[C@H]1O[C@@]2(CC(c3cc4ccccc4s3)=NO2)[C@H](O)[C@@H](O)[C@@H]1O,4.026401,3.9861536,0.04024744
N#Cc1cccc2c(=O)[nH]c(CSC3CCOCC3)nc12,4.6655464,4.3158846,0.34966183
CCCc1cc(Oc2ccc(-c3ccccc3)cc2)ccc1OCCCOc1cccc(-c2sc(=O)[nH]c2O)c1,8.39794,8.821436,-0.42349625
C[C@@H](COCc1cc2n(n1)CCN(c1ncc(C(F)(F)F)cn1)C2)Nc1cn[nH]c(=O)c1C(F)(F)F,6.3467875,5.916628,0.43015957
CCCc1cc(Oc2ccc(CC(C)C)cc2)ccc1OCCCOc1cccc(-c2sc(=O)[nH]c2O)c1,6.1999707,5.1927733,1.0071974
CCCc1cc(C(=O)c2ccc(Cl)cc2)ccc1OCCCOc1cccc(-c2sc(=O)[nH]c2O)c1,5.30103,5.263768,0.037261963
Cn1c(C(=O)NC(=N)N)cc2c(Nc3ccc(OC(F)(F)F)cc3)ncnc21,4.732828,4.2093706,0.5234575
CN1CCN(c2ccc(OC(F)(F)F)c(Nc3nccc(-c4cc(C(N)=O)cn4C)n3)c2)CC1,5.5575204,5.0892463,0.46827412
CN1CCN(c2ccc(OC(F)(F)F)c(Nc3nccc(-c4cc5c(n4C)CCNC5=O)n3)c2)CC1,7.625252,7.421753,0.20349884
CN1CCN(c2ccc3c(n2)nc(-c2ccc(F)cc2)n3-c2ccnc(NC3CCCC3)n2)CC1,3.8239088,3.7004561,0.12345266
CCC1CCN(Cc2ccc(NC(=O)COc3ccc(-c4cccnc4)cc3)cc2C(F)(F)F)CC1,4.9100947,4.939627,-0.029532433
CCC1CN(c2cncnc2)Cc2cc(C(=O)Nc3cc(CN4CCN(C)CC4)cc(C(F)(F)F)c3)ccc21,5.2441254,5.7007,-0.45657444
CCC1NC(CC)C(O)C(O)C1O,3.69897,4.299687,-0.6007168
CCCCC(Oc1ccc(S(=O)(=O)N(CCCC)c2cccc(-c3ccc(Cl)cc3)c2C)c(C)c1C)C(=O)O,8.744727,8.907262,-0.16253471
O=c1[nH]c(CSC2CCOCC2)nc2c(Cc3ccccc3)cccc12,4.559091,3.8374527,0.72163844
CCCc1cc(Oc2ccc(C(C)(C)C)cc2)ccc1OCCCOc1cccc(-c2sc(=O)[nH]c2O)c1,8.0,7.822931,0.17706919
CN(C)CCOCCNC(=O)[C@H](CC(C)(C)C)NC(=O)c1cccc(CNC(=O)c2ccc(OCCN(C)C)cc2)c1,4.6197886,4.6592655,-0.03947687
C[C@@H](Oc1ccc2ncc(/C=C/C(N)=O)cc2c1)c1c(Cl)ccc(F)c1Cl,8.443698,8.665399,-0.22170067
C[C@@H](c1ccc(F)cc1)n1nnc2cnc3ccc(-c4ccc5ocnc5c4)cc3c21,4.0264564,4.8781643,-0.85170794
CCCc1c(OC(C)(C)C(=O)O)ccc2c(C(F)(F)F)noc12,4.7346163,3.7739787,0.96063757
Cn1c2c(c3ccc(Cl)c(Cl)c31)C(C#N)C1(CCNCC1)NC2=O,5.79588,4.3384304,1.4574494
Cn1c(=O)c(S(=O)(=O)c2ccc(F)cc2F)cc2cnc(Nc3ccc4[nH]ccc4c3)nc21,7.161151,8.74923,-1.5880795
Cn1c(=O)c(Sc2ccc(F)cc2)cc2cnc(Nc3ccc4[nH]ccc4c3)nc21,9.1549015,8.949364,0.2055378
CN1CCN(Cc2cc(C(=O)Nc3ccc4c(c3)CN(c3cncnc3)CC4)cc(C(F)(F)F)c2)CC1,8.585027,9.064513,-0.47948647
CN1CCN(Cc2cc(NC(=O)c3ccc4c(c3)CN(c3cccnc3)CC4)cc(C(F)(F)F)c2)CC1,6.0,5.4982257,0.5017743
O=c1[nH]c(CSC2CCOCC2)nc2cc(Cc3ccccc3)ccc12,5.207608,4.64364,0.5639682
Nc1ncnc2c1c(-c1ccc3cc(OCc4ccc(Cl)cc4)ccc3c1)nn2CC1CCNCC1,4.1340084,3.935464,0.1985445
CN1C(=O)Cc2c(Nc3ccc(OC(F)(F)F)cc3)ncnc21,5.091515,4.605289,0.48622608
CC(C)(C)C(=O)N1Cc2c(n[nH]c2NC(=O)c2cc(F)cc(F)c2)C1(C)C,6.6575775,6.115323,0.54225445
CN1CCN(Cc2cc(NC(=O)c3ccc4c(c3)CN(c3cncnc3)CC4(C)C)cc(C(F)(F)F)c2)CC1,6.462181,6.865039,-0.40285778
CN1CCCC(Nc2ccc3c(=O)[nH]c(CSC4CCOCC4)nc3c2)C1,4.627088,4.4285107,0.1985774
CS(=O)(=O)c1ccc(-c2cnc(NCc3ccco3)n3cnnc23)cc1,4.30103,3.882994,0.41803622
CC(=O)O[C@H]1C(=O)[C@@]2(C)[C@H]([C@H](OC(=O)c3ccccc3)[C@]3(O)C[C@H](OC(=O)[C@H](O)[C@@H](NC(=O)c4ccccc4)c4ccccc4)C(C)=C1C3(C)C)[C@]1(OC(C)=O)CO[C@@H]1C[C@@H]2O,6.086186,4.0276136,2.0585723
CCCOc1ccc(-c2cc(OC)c(-c3ccc(O)cc3)c(O)c2OC)cc1,6.0,4.766423,1.2335768
CCCOc1ccc2cc(-c3nn(CC4CCNCC4)c4ncnc(N)c34)ccc2c1,6.2006593,6.40343,-0.20277071
CCCOC(=O)[C@@]1(C)[C@@H]2CC[C@]3(C)[C@H](CC=C4[C@@H]5[C@@H](C)[C@H](C)CC[C@]5(C(=O)O)CC[C@]43C)[C@@]2(C)C[C@@H](OC(=O)CCC)[C@@H]1OC(=O)CCC,7.920819,5.093887,2.826932
N#Cc1ccc2c(=O)[nH]c(CSC3CCOCC3)nc2c1,2.7677665,3.7876515,-1.0198851
N#Cc1ccc2c(c1)[nH]c(=O)n2[C@H]1C[C@H](c2nnc(-c3ccncn3)n2-c2ccccc2Cl)C1,7.29243,6.876533,0.4158969
CSc1ccccc1Nc1nc(N2CCN(C3CCNCC3)CC2)nc2c(NCC3CC3)ncnc12,5.6382723,5.1932077,0.44506454
CCCC[C@@H]1N[C@H](CO)[C@H](O)[C@H](O)[C@H]1C,4.60206,5.0296984,-0.42763853
CC(=O)Nc1ccc2c(=O)[nH]c(CSC3CCOCC3)nc2c1,3.0101054,3.5058076,-0.49570227
O=c1[nH][nH]c(=O)c2cc(OCc3ccccc3F)ccc12,4.7999983,4.437811,0.3621874
O=c1[nH][nH]c(=O)c2cc(OCc3ccsc3)ccc12,7.3665314,6.7868986,0.57963276
CCCCOc1ccc2cc(-c3nn(CC4CCNCC4)c4ncnc(N)c34)ccc2c1,6.0,5.5268564,0.47314358
CN(C)c1ccc(C(=O)Nc2cccc(NC(=O)COc3ccc4c(=O)ccoc4c3)c2)cc1,6.974039,6.7478614,0.22617769
Cc1cn(CCN2CCN(c3ccccc3-c3cc(C#N)cc(C(=O)NCCCN4CCCC4)c3)CC2)c2ccccc12,3.39794,3.1602368,0.23770308
CCCCN(c1cccc(-c2ccc(Cl)cc2)c1C)S(=O)(=O)c1ccc(OC(C)C(=O)O)c(Cl)c1Cl,5.0,4.8096447,0.1903553
CCCCN(c1cccc(-c2ccc(Cl)cc2)c1C)S(=O)(=O)c1ccc(OC(C)C(=O)O)c(F)c1F,8.537602,8.890125,-0.35252285
CN1CCC(CCn2c(N)nc3ccc(C(=O)c4ccccc4)cc32)CC1,5.0,4.678052,0.32194805
Cn1ccc2cc(-c3nn(CC4CCNCC4)c4ncnc(N)c34)ccc21,6.39794,4.7499437,1.6479964
Cn1ccnc1Nc1ccc2c(=O)[nH]c(CSC3CCOCC3)nc2c1,7.60206,6.2343326,1.3677273
O=C(O)C1(c2cccc(-c3ccc(OCc4c(-c5c(Cl)cccc5Cl)noc4C4CC4)cc3)c2)CC1,4.406714,4.8239703,-0.41725636
COc1ccc(Nc2[nH]nc3ncnc(Nc4cccc(Cl)c4)c23)cc1,9.309804,8.971103,0.33870125
Cc1cn(-c2cc(NC(=O)c3ccc(C)c(C(=O)c4cccc(C#N)c4)c3)cc(N3CCN(C)CC3)c2)cn1,7.2510376,7.11814,0.13289738
O=c1[nH][nH]c(=O)c2cc(OCC3CCC3)ccc12,5.79588,6.179344,-0.38346434
O=c1[nH][nH]c(=O)c2cc(OCC3CCCC3)ccc12,4.3665314,5.5683246,-1.2017932
CN1CCN(CCn2c(N)nc3ccc(C(=O)c4ccccc4)cc32)CC1,9.552842,9.236762,0.3160801
CCCCN(c1cc(-c2ccc(Cl)cc2)ccc1C)S(=O)(=O)c1ccc(OC(C)C(=O)O)c(C)c1C,8.0,8.939071,-0.9390707
Cc1ccc(C(=O)Nc2cccc(C(F)(F)F)c2)cc1Nc1nc(-c2cccnc2)cs1,4.2749057,4.667291,-0.39238548
CCCCNc1nc2cc([N+](=O)[O-])ccc2s1,5.829738,5.3808203,0.44891787
CC(=O)c1c(C)c2cnc(Nc3ccc(N4CCNCC4)cn3)nc2n(C2CCCC2)c1=O,5.60206,4.2097654,1.3922944
O=c1nc2n(c3ccnc(O)c13)-c1cc(C3CCNCC3)ccc1C21CCCCC1,5.49485,3.9078708,1.5869794
O=c1nc2n(c3nccc(O)c13)-c1cc(C3CCNCC3)ccc1C21CCCCC1,5.0,4.9186754,0.08132458
Cn1ncc2c(Nc3ccc(OC(F)(F)F)cc3)ncnc21,6.194003,5.2999973,0.8940058
Cn1nccc1-c1ccc(C(=O)N[C@@H]2CNCC[C@H]2c2ccc(F)c(F)c2)c(F)c1,5.09691,4.44866,0.6482501
Cc1ccc(NC(=O)c2ccc(CN(CCCl)CCCl)cc2)cc1Nc1nccc(-c2cccnc2)n1,9.49485,9.006341,0.48850918
Cc1ccc(NC(=O)c2ccc(CN(CCN(C)C)C(=O)c3cccnc3)cc2)cc1Nc1nccc(-c2cccnc2)n1,4.69897,5.389787,-0.69081736
CCCCNc1nc2ccc([N+](=O)[O-])cc2[nH]1,7.404504,7.8525486,-0.44804478
CCCCN(c1cccc(-c2ccc(Cl)cc2)c1C)S(=O)(=O)c1ccc(OC(CCC)C(=O)O)c(C)c1C,4.026295,3.5328655,0.49342966
CCCCN(c1cccc(-c2ccc(OC(F)(F)F)cc2)c1C)S(=O)(=O)c1ccc(OC(C)C(=O)O)c(C)c1C,5.700057,4.9731536,0.72690344
CCCCN(c1cccc(-c2ccc(OC(F)(F)F)cc2)c1Cl)S(=O)(=O)c1ccc(OC(C)C(=O)O)c(C)c1C,7.6197886,6.0009813,1.6188073
CCCCN(c1cc(-c2ccc(Cl)cc2)c(F)cc1C)S(=O)(=O)c1ccc(OC(C)C(=O)O)c(C)c1C,9.130768,9.286582,-0.15581417
CCCCN(c1cc(-c2ccc(Cl)cc2)c(F)cc1F)S(=O)(=O)c1ccc(OC(C)C(=O)O)c(C)c1C,5.7544875,5.479269,0.2752185
CN1CCN(Cc2cc(NC(=O)c3ccc(C(C)(C)C)c(C#Cc4cnc5cnccn45)c3)cc(C(F)(F)F)c2)CC1,9.69897,8.899427,0.7995424
CN1CCN(Cc2cc(NC(=O)c3ccc4c(c3)CN(Cc3cncnc3)CC4)cc(C(F)(F)F)c2)CC1,5.05,5.2122107,-0.16221046
CN1CCN(Cc2cc(NC(=O)c3ccc4c(c3)CN(c3ccccc3)CC4)cc(C(F)(F)F)c2)CC1,4.0,3.7728887,0.22711134
Cc1cn(-c2cc(CN3CCCC[C@H]3C(=O)O)cc(NC(=O)c3ccc(C)c(Nc4nccc(-c5ccc(F)cc5)n4)c3)c2)cn1,4.7212462,4.76857,-0.047323704
CC(Nc1ccc2c(=O)[nH]c(CSC3CCOCC3)nc2c1)c1ccccc1,8.30103,8.859727,-0.55869675
CN1CCC(O)(c2cn(-c3ccnc(NC4CCCC4)n3)c(-c3cccc(C(F)(F)F)c3)n2)CC1,5.0,5.584225,-0.5842252
COc1ccc(C(=O)Nc2ccc(C(=O)N(c3ccncn3)c3ccccc3Cl)cc2)cc1,7.29414,6.9718895,0.32225037
FC(F)(F)Oc1ccc(Nc2ncnc3nn(Cc4ccccc4)cc23)cc1,3.8416376,4.2706013,-0.42896366
FC(F)(F)Oc1ccc(Nc2cc(-n3ccnc3Nc3ccc(OC(F)(F)F)cc3)ncn2)cc1,7.0,5.2024055,1.7975945
CN(C)c1ccc(Nc2[nH]nc3ncnc(Nc4cccc(Cl)c4)c23)cc1,6.5157003,5.926613,0.5890875
CN(C)c1ccc2cc(-c3nn(CC4CCNCC4)c4ncnc(N)c34)ccc2c1,4.5086384,4.9436545,-0.43501616
OC1(c2nc(-c3ccc(F)cc3)c(-c3ccnc(NC4CCCCC4)c3)o2)CCNCC1,7.6382723,6.857945,0.7803273
FC(F)(F)Oc1ccc(Nc2ncnc(NCCN3CCOCC3)c2Br)cc1,6.0,5.725932,0.27406788
FC(F)(F)Oc1ccc(Nc2ncnc3[nH]ccc23)cc1,6.468521,5.510482,0.9580393
FC(F)(F)Oc1ccc(Nc2ncnc3c2cnn3Cc2cccc(Br)c2)cc1,4.7999983,4.6231976,0.17680073
COc1ccc(C(=O)Nc2ccc(-c3cc(Nc4ccc(OC(F)(F)F)cc4)ncn3)cc2)cc1,4.39794,4.7957697,-0.39782953
c1ccc(-c2csc(Nc3ncnc4cc5c(cc34)OCCO5)n2)cc1,7.0,7.65586,-0.65585995
CCCCCCN(C)C(=O)c1cn(-c2ccc(OCC)cc2)c(=O)c2cc(OC)c(OC)cc12,5.6382723,4.7613873,0.87688494
c1ccc(-c2ccnc(Nc3ncnc4cc5c(cc34)OCCO5)n2)cc1,5.9698052,4.783679,1.1861262
c1ccc(-c2cccc(Nc3ncnc4cc5c(cc34)OCCO5)c2)nc1,5.0,5.499138,-0.49913788
c1cc(Nc2ncnc3cc4c(cc23)OCCO4)cc(-c2ccco2)c1,8.522879,9.010295,-0.48741627
CCc1ccc(C(=O)Nc2cc(C(F)(F)F)ccc2F)cc1-c1cc(C)cc(-c2cnc3cnccn23)c1,9.124939,6.7343554,2.3905835
CCc1ccc(C(=O)Nc2cc(CN3CCN(C)CC3)cc(C(F)(F)F)c2)cc1-c1cccc(-c2cnc3ccnn3c2)c1,4.852262,4.2646656,0.5875964
CCc1ccc(C(=O)Nc2cc(CN3CCN(C)CC3)cc(C(F)(F)F)c2)cc1C#Cc1ccco1,4.798603,3.8625119,0.9360912
CCc1ccc(C(=O)Nc2cc(CN3CCN(C)CC3)cc(C(F)(F)F)c2)cc1C#Cc1ccsc1,4.958607,6.8775578,-1.9189506
CCc1c(-c2ccccc2)c(-c2ccccc2)nn1-c1ccccc1-c1cccc(OCC(=O)O)c1,6.4012094,5.783929,0.6172805
CCc1ccc(C(=O)Nc2cc(F)cc(C(F)(F)F)c2)cc1-c1cc(C)cc(-c2cnc3cnccn23)c1,6.5734887,5.906308,0.66718054
CCc1ccc(C(=O)Nc2cccc(C(F)(F)F)c2)cc1-c1cc(Cl)cc(-c2cnc3cnccn23)c1,6.247184,5.307021,0.94016266
O=C(/C=C/CN1CC2CCC1C(=O)C2)Nc1cc2c(Nc3ccc(F)c(Cl)c3)ncnc2s1,4.026387,3.7701254,0.25626183
c1cc(CCN2CCOCC2)cc(Nc2nccc(-c3cccnc3)n2)c1,2.9208188,3.4155846,-0.49476576
c1cc(NN=NCCN2CCOCC2)cc(Nc2nccc(-c3cccnc3)n2)c1,5.552842,5.216858,0.33598423
CCc1cc(-c2cc(C(=O)Nc3cccc(C(F)(F)F)c3)ccc2CC)cc(-c2cnc3cnccn23)c1,8.327902,5.2872596,3.0406423
COc1ccc(S(=O)(=O)Nc2ccc(NC(=O)Nc3ccc([N+](=O)[O-])cc3)cc2)cc1,4.7447276,5.149664,-0.4049363
O=C(Cn1cccc(NCc2ccc(Cl)c(Cl)c2)c1=O)NCc1ccccc1,5.6382723,4.8616285,0.77664375
C=C(C)[C@@H]1CC[C@]2(C(=O)NCCCCCCN)CC[C@]3(C)[C@H](CC[C@@H]4[C@@]5(C)CC[C@H](O)[C@@](C)(CO)[C@@H]5CC[C@]43C)[C@@H]12,4.0,3.9962153,0.0037846565
CCCCCCCC/C=C\CCCCCCCC(=O)Oc1cccc2c1C(=O)C=CC2=O,4.30103,4.1939716,0.107058525
CN(C)c1cccc(C(=O)N2CCN(C(=O)c3ccc(-c4cccnc4)cc3)CC2)c1,6.5934596,4.726469,1.8669906
C[C@H]1[C@H](C)CC[C@]2(C(=O)OCCBr)CC[C@]3(C)C(=CC[C@@H]4[C@@]5(C)CC[C@H](O)C(C)(C)[C@@H]5CC[C@]43C)[C@H]12,6.779892,5.827212,0.9526801
CCC(C)C(NC(=O)[C@@H]1CCCN1C(=O)[C@@H](NC(=O)OC(C)(C)C)C(C)(C)C)P(=O)(Oc1ccccc1)Oc1ccccc1,5.5559554,3.9333215,1.6226339
CC(C)(Oc1ccc(CCOc2ccc(NC(=O)Nc3ccccc3)cc2)cc1)C(=O)NCc1ccccc1,6.3036437,5.80209,0.50155354
COC(=O)[C@@]1(O)OC(=O)C(Cc2ccc3c(c2)CCC(C)(C)O3)=C1c1ccc(O)cc1,8.30103,8.712208,-0.41117764
Cc1cc(Oc2cccc(CNC(=O)c3ccc(C(F)(F)F)cc3C(F)(F)F)c2)ccc1OC(C)(C)C(=O)O,4.2660007,4.146408,0.11959267
Cc1cc(Nc2ncc(C)c(N3CC(CC#N)(OC4CC5(CC5)C4)C3)n2)sn1,7.481486,7.300605,0.18088102
COc1cc(C=O)ccc1OCC(=O)Nc1sc2c(c1C#N)CCC(O)C2,4.542118,4.1369796,0.4051385
O=S(=O)(NCCNc1nccc(-c2c(-c3cccc(O)c3)nc3sccn23)n1)c1ccc(F)cc1,5.7447276,5.268824,0.4759035
N#C/C(=C\c1ccc(O)cc1)c1nc2ccccc2s1,9.522879,9.37304,0.14983845
CCc1ccc(O[C@H](C)CCOc2ccc(CCC(=O)O)c(C)c2)c(-c2ncco2)c1,6.0,5.639329,0.36067104
OCc1nc2c(-c3ccc(O)c(O)c3)c(O)c(O)c(-c3ccc(O)cc3)c2s1,5.50724,5.577232,-0.069992065
COC(=O)Cn1/c(=N/C(=O)c2cc(-c3cccs3)nc3ccccc23)sc2cc(S(N)(=O)=O)ccc21,6.9029856,5.433407,1.4695787
O=C(CSc1nc2ccccc2c(=O)n1-c1ccc(F)c(Cl)c1)Nc1cccc(S(=O)(=O)N2CCOCC2)c1,4.0,3.9929678,0.007032156
O=C1Nc2cc(OC(F)(F)F)ccc2Oc2ccc(-c3cnn(CCN4CCOCC4)c3)cc21,8.357536,6.6979246,1.6596117
CN(C)CCNC(=O)c1cccc(-c2ccc3c(c2)C(=O)Nc2cc(OC(F)(F)F)ccc2N3)c1,6.759451,5.73555,1.023901
CCC(=O)O[C@@H]1C[C@]2(C)[C@H]3CC=C4[C@@H]5CC(C)(C)CC[C@]5(C(=O)O)CC[C@@]4(C)[C@]3(C)CC[C@H]2C(C)(C)[C@H]1OC(=O)CC,5.114639,5.030702,0.08393669
CC(=S)Nc1ccccc1-c1cccc2c1[nH]c1ccccc12,4.299037,3.4398048,0.8592322
Nc1ncnc2c1c(-c1ccccc1)cn2C(CO)Cc1ccccc1,5.0,3.9325213,1.0674787
COc1cc(/C=N/NC(=O)COc2ccc(Cl)cc2)ccc1OS(=O)(=O)c1ccc(C)cc1,5.7695513,5.1039,0.6656513
CC(C)(C)c1ccc(-n2c(C(=O)O)c(Oc3cccc(C(F)(F)F)c3)c3ccccc32)cc1,5.700057,6.3934975,-0.69344044
Cc1c(-c2ccc(Oc3ccc(F)cc3)nc2)[nH]c2ccccc2c1=O,4.30103,4.6528835,-0.35185337
Nc1cccc(NC(=O)c2cc(Sc3ccccn3)c(F)cc2N)c1,4.160522,3.8768673,0.2836547
CC(C)C(NC(=O)[C@@H]1CCCN1C(=O)[C@@H](NC(=O)NC(C)(C)C)C(C)(C)C)P(=O)(Oc1ccccc1)Oc1ccccc1,4.026461,3.5487452,0.47771597
O=C(N/N=C/c1ccc(-c2ccc(Cl)c(C(=O)O)c2)o1)c1cc2c(ccc3ccccc32)o1,5.782516,4.3739204,1.4085956
CCCOc1ccc(-c2c(OC)cc(-c3ccc(O)cc3)c(OC)c2OCCC)cc1,7.0013046,5.796715,1.2045898
CCc1ccc(O[C@H](C)CCOc2ccc(CCC(=O)O)c(C)c2)c(Cc2ccccc2)c1,5.207608,5.2400694,-0.032461166
CCc1ccc(OC(C)CCOc2ccc(CCC(=O)O)c(C)c2)c(Cc2ccccc2)c1,9.69897,9.236941,0.4620285
COC(=O)c1ccc(CSc2nnc(-c3ccncc3)o2)o1,7.221849,6.9646177,0.25723124
CC1c2c(-c3ccncc3)c(-c3ccccc3C#N)nn2CC1(C)C,7.221849,5.9263067,1.2955422
Cc1ccc(-c2ccnc(Nc3cc(NC(=O)c4ccc(CN5CCN(C)CC5)cc4)ccc3C)n2)cn1,8.177178,8.59024,-0.41306114
CN(C)CCCCNC(=O)[C@H](CC(C)(C)C)NC(=O)c1cccc(CNC(=O)c2ccc(OCCN(C)C)cc2)c1,6.0457573,5.654487,0.39127016
CC(=O)NCc1cccc(C(=O)N[C@@H](CC(C)(C)C)C(=O)Nc2ccc(CCC(=O)O)cc2)c1,9.173925,9.258337,-0.08441162
CCOC(=O)c1c(C)n(C(=O)c2ccco2)c(=O)n1C(=O)c1ccco1,4.0,5.0058613,-1.0058613
Cc1ccc(C2N(c3cccc(Cl)c3)C(=O)N3CCCN23)cc1,3.8239088,3.9367707,-0.11286187
CCOC(=O)C1=C(C)OC2(O)c3ccccc3C(=O)C12O,7.0404816,7.944622,-0.9041405
CN(CCc1ccccc1)C(=O)c1ccc(NC(=O)Cc2ccc(NC(=O)C3CCN(C(=O)C4CCCCC4)CC3)cc2)cc1,8.180456,8.824948,-0.64449215
COC(=O)[C@H](Cc1ccc(O)cc1)NC(=O)[C@]12CC[C@@H](C)[C@H](C)[C@H]1C1=CC[C@@H]3[C@@]4(C)C[C@@H](OC(C)=O)[C@H](OC(C)=O)C(C)(C)[C@@H]4CC[C@@]3(C)[C@]1(C)CC2,7.5679936,7.4633894,0.104604244
CC1(C)CC[C@]2(C(=O)O)CC[C@]3(C)C(=CC[C@@H]4[C@@]5(C)Cc6nonc6C(C)(C)[C@@H]5CC[C@]43C)[C@@H]2C1,4.1687703,4.1724157,-0.00364542
CCCCCCCCCCCCCCCCCC(=O)OCc1cn(CC(=O)O[C@H]2CC[C@]3(C)[C@H]4CC=C5[C@@H]6CC(C)(C)CC[C@]6(C(=O)O)CC[C@@]5(C)[C@]4(C)CC[C@H]3C2(C)C)nn1,6.008774,4.9186754,1.0900984
CC1(C)CC[C@]2(C(=O)O)CC[C@]3(C)C(=CCC4[C@@]5(C)Cc6nonc6C(C)(C)C5CC[C@]43C)[C@@H]2C1,4.09691,3.614317,0.48259306
Nc1ncnc2oc(-c3ccco3)c(-c3ccco3)c12,6.7121983,5.246949,1.4652491
COc1cc(-c2ccc(O)cc2)c(OC)c(O)c1-c1ccc(O)c(O)c1,6.1007266,6.257598,-0.15687132
COc1ccc(Nc2cc(-c3ccc(C(=O)NCCNC(=O)c4cccc(F)c4)cc3)ncn2)cc1,4.0260367,3.9495308,0.0765059
[C]Oc1c([O])cc2oc3cc4c(c([O])c3c(=O)c2c1[C][C]=C([C])[C])[C]=[C]C([C])([C])O4,4.026166,3.930118,0.09604788
CCOc1ccc2c(c1)C=C/C(=C\C=C1/C=C(C)c3ccc[nH+]c3C1=O)N2C,4.7292047,5.3245463,-0.5953417
O=C1Nc2cc(OC(F)(F)F)ccc2Oc2ccc(CCCB(O)O)cc21,6.2692175,6.7017345,-0.43251705
NC(=O)c1cccc(-c2ccc3c(c2)C(=O)Nc2cc(OC(F)(F)F)ccc2N3)c1,7.537602,8.410478,-0.8728757
COc1ccc(NC(=O)Cn2cc(COc3cc(O)c4c(=O)c5ccc(Br)cc5oc4c3)nn2)cc1OC,5.485452,6.202762,-0.71730995
O=C(CCO)c1ccc(O)cc1,3.8239088,3.7606952,0.06321359
O=C1CNC(=O)N1CC(O)Cn1c2ccccc2c2ccccc21,4.5379014,3.872411,0.6654904
Nc1ccc(-c2cccc(C(=O)N[C@H]3CN[C@@H](C(=O)Nc4ccc(Cl)c(C(F)(F)F)c4)C3)c2)cn1,4.342944,4.72495,-0.3820057
CCc1ccc(S(=O)(=O)Nc2ccc(NC(=O)Nc3cccc([N+](=O)[O-])c3)cc2)cc1,5.823909,4.2015543,1.6223545
CSCC[C@H](NC(=O)c1cccc(N)c1)C(=O)Nc1nc(-c2ccccc2)cs1,6.2596374,5.8491755,0.4104619
Nc1c(C(=O)Nc2ccc(Cl)cc2F)sc2nc(-c3cccs3)ccc12,4.026383,4.897192,-0.8708091
O=C1NC(=O)c2cc(Nc3ccc(O)cc3)c(Nc3ccc(O)cc3)cc21,4.9829664,4.244988,0.73797846
Nc1ccccc1C(=O)NNC(=O)C(=O)CC(=O)c1ccccc1,4.221849,3.9613707,0.26047826
CNC(=O)c1ccc(OCCNC(=O)CC(C)(C)CC(=O)NCCc2ccc(NC(=O)[C@H](CC(C)(C)C)NC(=O)c3cccc(CNC(C)=O)c3)cc2)cc1,9.39794,9.312892,0.08504772
C[C@@H]1CNC[C@@H](O)[C@@H](O)[C@@H]1O,6.659556,4.870781,1.788775
CC1c2c(-c3ccc(O)cc3)c(-c3ccccc3C#N)nn2CC1(C)C,3.69897,4.250078,-0.5511081
Cc1cccc(-c2nn3c(c2-c2ccc(O)cc2)C(C)C(C)(C)C3)c1C#N,4.725634,4.8887396,-0.16310549
O=C(NCCCN1CCCC1=O)c1cnc(NCc2cc(Cl)ccc2Cl)nc1NC1CCCC1,4.79588,6.0262647,-1.2303848
CC(C)(Oc1ccc(CCOc2ccc(NC(=O)c3ccccc3)cc2)cc1)C(=O)NCc1ccccc1,9.376751,9.171926,0.2048254
NCc1ccc(S(=O)(=O)Nc2ccc(NC(=O)Nc3ccc([N+](=O)[O-])cc3)cc2)cc1,9.508638,9.150464,0.35817432
COc1ccc(NC(=O)Cn2cc(COc3cc(OC(C)=O)c4c(=O)c5cc(Br)ccc5oc4c3)nn2)c(OC)c1,5.2555504,4.937147,0.31840324
CC(C)C(NC(=O)[C@@H]1CCCN1C(=O)[C@@H](NC(=O)OC(C)(C)C)C(C)(C)C)P(=O)(Oc1ccccc1)Oc1ccccc1,5.0,5.032676,-0.03267622
CCOC(=O)c1ccc(NC(=O)COc2ccccc2CNC2CCCC2)cc1,3.4012096,4.8819804,-1.4807708
COc1cc(-c2ccc(OCc3ccc(-c4ccccc4)cc3)cc2)c(OC)c(O)c1-c1ccc(O)cc1,9.045757,9.059183,-0.013425827
CC(C)(Oc1ccc(CCOc2ccc(NC(=O)c3ccccc3)cc2)cc1)C(=O)Nc1ccccc1,5.2999887,4.905123,0.3948655
CC(=O)OCCCCCCOC(=O)[C@H](O)CC(=O)OCCCCCCOC(=O)[C@]12CCC(C)(C)C[C@H]1C1=CC[C@@H]3[C@@]4(C)CC[C@H](O)C(C)(C)[C@@H]4CC[C@@]3(C)[C@]1(C)CC2,8.522879,8.683713,-0.16083431
CCCOc1ccc(-c2c(OC)cc(-c3ccc(O)cc3)c(OC)c2O)cc1,4.530178,3.615244,0.91493416
CN1CCN(CCNc2nccc(-c3c(-c4cccc(O)c4)nc4sccn34)n2)S1(=O)=O,6.79588,5.4271164,1.3687634
Nc1nc(NC2CCCC2)cc(=O)[nH]1,5.1101384,5.651411,-0.54127264
N#Cc1cccc(NC(=O)CN2CCN(c3ccccc3F)CC2)c1,8.59176,8.832623,-0.24086285
Cc1cc(C)c2nc(-c3cccnc3)cc(C(=O)Nc3ccc(S(=O)(=O)Nc4onc(C)c4C)cc3)c2c1,4.026383,3.7289672,0.29741573
COc1cc(-c2ccc(O)cc2)c(OC)c(O)c1-c1ccc(OCc2ccccc2)cc1,5.2596374,4.8260393,0.43359804
CCOC(=O)Cn1c(COC)nc2c(c(C)nn2-c2ccccc2)c1=O,5.8383327,4.3767633,1.4615693
Cc1nn(-c2ccccc2)c2nc(CCl)n(Cc3ccccc3)c(=O)c12,4.0,3.5402243,0.4597757
CC1=C(C(=O)O)C(c2ccccc2Cl)NC(=S)N1,5.1999707,4.581833,0.61813784
COc1cc(-c2ccc(OCc3ccccc3)cc2)c(OC)c(O)c1-c1ccc(O)cc1,7.39794,5.7100945,1.6878457
CCOCc1nc2c(c(C)nn2-c2ccccc2)c(=O)n1Cc1ccccc1,8.0,7.6952605,0.30473948
CCCCN(c1cccc(-c2ccccc2Cl)c1C)S(=O)(=O)c1ccc(OC(C)C(=O)O)c(C)c1C,9.744727,8.42376,1.3209667
CCCCN(c1cccc(-c2ccc(Cl)cc2)c1C)S(=O)(=O)c1ccc(OC(C)C(=O)O)c(F)c1Cl,4.542118,4.542663,-0.0005450249
CCCCN(c1cc(-c2ccc(Cl)cc2)ccc1OC(F)(F)F)S(=O)(=O)c1ccc(OC(C)C(=O)O)c(C)c1C,5.0,4.9780617,0.021938324
CCCCN(c1cccc(-c2ccc(Cl)cc2)c1OC)S(=O)(=O)c1ccc(OC(C)C(=O)O)c(C)c1C,5.5734887,4.42058,1.1529088
CCCCN(c1cccc(-c2ccc(Cl)cc2)c1Cl)S(=O)(=O)c1ccc(OC(C)C(=O)O)c(C)c1C,6.628932,5.9257946,0.7031374
CCCCN(c1cc(-c2ccc(Cl)cc2)cc(C(F)(F)F)c1)S(=O)(=O)c1ccc(OC(C)C(=O)O)c(C)c1C,4.490394,3.4875007,1.0028934
Cc1c(-c2ccc(Cl)cc2)cccc1N(CC1CCC1)S(=O)(=O)c1ccc(OC(C)C(=O)O)c(C)c1C,6.0,5.042057,0.95794296
CC1(C)CC[C@]2(C(=O)OCc3ccccc3)CC[C@]3(C)C(=CC[C@@H]4[C@@]5(C)CC[C@H](OC(=O)CCl)C(C)(C)[C@@H]5CC[C@]43C)[C@@H]2C1,6.124939,5.946947,0.17799187
CCCCNCCCCCCOC(=O)[C@]12CCC(C)(C)C[C@H]1C1=CC[C@@H]3[C@@]4(C)CC[C@H](O)C(C)(C)[C@@H]4CC[C@@]3(C)[C@]1(C)CC2,8.853872,8.643323,0.21054935
CN(C(=O)c1ccc(NC(=O)Cc2ccc(NC(=O)C3CCN(C(=O)C4CCCC4)CC3)cc2)cc1)C1CCCC1,8.920818,8.750842,0.16997623
CC1(C)CC[C@]2(C(=O)OCc3ccccc3)CC[C@]3(C)C(=CC[C@@H]4[C@@]5(C)CC[C@H](OC(=O)CN=[N+]=[N-])C(C)(C)[C@@H]5CC[C@]43C)[C@@H]2C1,4.853872,5.3923516,-0.5384798
COc1cccc(C(=O)Nc2ccccc2-c2cccc3c2[nH]c2ccccc23)c1,6.0,5.9001756,0.09982443
CC1(C)CC[C@]2(C(=O)O)CC[C@]3(C)C(=CCC4[C@@]5(C)CC6C=NOC6C(C)(C)C5CC[C@]43C)[C@@H]2C1,6.5228786,4.938334,1.5845447
CC1(C)CC[C@]2(C(=O)O)CC[C@]3(C)C(=CC[C@@H]4[C@@]5(C)CC6C=NOC6C(C)(C)[C@@H]5CC[C@]43C)[C@@H]2C1,4.0,4.137474,-0.13747406
COc1ccc(NC(=O)Cn2cc(COc3cc(OC(C)=O)c4c(=O)c5ccc(Br)cc5oc4c3)nn2)c(OC)c1,6.086186,5.1677527,0.9184332
CCOC(=O)CCCCC(=O)c1[nH]c(=O)[nH]c1Cn1ccnc1,3.8239088,4.089635,-0.2657261
CN1CCN(Cc2ccc(NC(=O)c3cc(-c4ccc5c(c4)OCO5)cnc3O)cc2)CC1,6.0,6.228383,-0.22838306
CN1CCN(Cc2ccc(NC(=O)c3cc(-c4ccc5c(c4)OCO5)c[nH]c3=O)cc2)CC1,5.0,5.1202526,-0.12025261
O=C(Nc1ccc(Cl)c(C(F)(F)F)c1)Nc1ccc(OCCN2CCOCC2)c2ccccc12,5.6197886,4.601574,1.0182147
O=C(N/N=C/c1ccccc1O)c1ccc(Nc2ccnc3cc(Cl)ccc23)cc1,7.0457573,6.0273314,1.018426
CC(=O)Nc1ccc(-c2ccc(C(=O)N[C@H]3CN[C@@H](C(=O)Nc4ccc(Cl)c(C(F)(F)F)c4)C3)cc2)cn1,3.4056075,4.312278,-0.90667033
CC(=O)NCc1ccc(F)c(C(=O)N[C@@H](CC(C)(C)C)C(=O)Nc2ccc(CCC(=O)O)cc2)c1,9.080922,9.389799,-0.308877
O=C(CCC(=O)Nc1ccccc1Cl)NN=Cc1ccc(C=NNC(=O)CCC(=O)Nc2ccccc2Cl)cc1,6.0,5.666894,0.33310604
COc1cc(N2CCN(C)CC2)ccc1Nc1ncc(Cl)c(Oc2ccc(N=[N+]=[N-])cc2)n1,5.79588,4.921371,0.87450886
CC1(C)CC[C@]2(C(=O)O)CC[C@]3(C)C(=CC[C@@H]4[C@@]5(C)CC(N=O)CC(C)(C)[C@@H]5CC[C@]43C)[C@@H]2C1,5.1366773,3.812768,1.3239093
C#Cc1nc(Nc2ccccc2)nc2[nH]cnc12,8.136677,8.907778,-0.771101
Cc1ccc(C(=O)Nc2ccc(OCCCN(C)C)cc2)cc1Nc1nccc(-c2cccnc2)n1,4.5968795,4.141486,0.4553933
COc1cc(-c2ccc(O)cc2)c(O)c(O)c1-c1ccc(O)cc1,7.3769574,5.8302794,1.5466781
O=C(Nc1ccc(NS(=O)(=O)c2ccccc2C(F)(F)F)cc1)Nc1ccc([N+](=O)[O-])cc1,4.6999917,4.4586163,0.24137545
CC(=O)O[C@@H]1C[C@]2(C)[C@H]3CC=C4[C@@H]5CC(C)(C)CC[C@]5(C(=O)O)CC[C@@]4(C)[C@]3(C)CC[C@H]2C(C)(C)[C@H]1OC(C)=O,7.21467,6.889365,0.32530499
CC1(C)CCc2cc(CC3=C(c4ccc(O)cc4)C(O)OC3=O)ccc2O1,5.0,3.9675288,1.0324712
Oc1ccc(C=NNC(=S)Nc2cccnc2)c(O)c1O,6.8902535,7.8813267,-0.99107313
COc1ccc([N+](=O)[O-])cc1NC(=O)c1ccc2c(c1)N(Cc1cc(C)ccc1C)C(=O)c1ccccc1S2(=O)=O,7.876148,8.193636,-0.31748772
CN(C)CCNc1ncnc2c1sc1nc(N3CCOCC3)c3c(c12)CC(C)(C)SC3,6.0,4.9897738,1.0102262
Cc1cccc(N2CCN(C(=O)c3ccc4c(c3)NC(=O)C(CSCc3cccc(F)c3)N4)CC2C)c1,8.886057,8.700462,0.18559456
CCCCOC(=O)[C@]12CCC(C)(C)C[C@H]1C1=CC[C@@H]3[C@@]4(C)C[C@H](O)CC(C)(C)[C@@H]4CC[C@@]3(C)[C@]1(C)CC2,5.221849,5.312808,-0.09095907
CC(C)C(NC(=O)[C@@H]1C[C@@H](OC(=O)CN)CN1C(=O)[C@@H](NC(=O)OC(C)(C)C)C(C)(C)C)P(=O)(Oc1ccccc1)Oc1ccccc1,4.005991,3.6213124,0.3846786
COc1ccc(CCNC(=O)CSc2nc(C)nc3c2c(=O)n(C)c(=O)n3C)cc1OC,7.0222764,6.3314695,0.69080687
CC1(C)CC[C@]2(C(=O)O)CC[C@]3(C)C(=CC[C@@H]4[C@@]5(C)CC[C@H](O)C(C)(C)[C@@H]5CC[C@]43C)[C@@H]2C1,7.405607,7.666294,-0.26068687
COc1cc(Br)ccc1O[C@H](C)Cn1cc(-c2ccc(C(F)(F)F)cc2)nn1,5.9292235,5.5298247,0.3993988
COc1cc(-c2ccc(F)cc2)ccc1O[C@H](C)Cn1cc(-c2ccc(C(F)(F)F)cc2)nn1,7.6575775,7.015767,0.6418104
CC1(C)CC[C@]2(C(=O)O)CC[C@]3(C)C(=CC[C@@H]4[C@@]5(C)CC[C@H](O)C(C)(C)C5CC[C@]43C)[C@@H]2C1,3.8239088,3.6186962,0.2052126
CC1(C)CC[C@]2(C(=O)O)CC[C@]3(C)C(=CC[C@@H]4[C@@]5(C)Cc6nc7ccccc7nc6C(C)(C)[C@@H]5CC[C@]43C)[C@@H]2C1,9.69897,9.31248,0.38648987
COc1ccc(-c2ccc(O[C@H](C)Cn3cc(-c4ccc(C(F)(F)F)cc4)nn3)c(OC)c2)cc1,4.30103,3.9556017,0.34542847
COc1cc(-c2ccc([N+](=O)[O-])cc2)ccc1O[C@H](C)Cn1cc(-c2ccc(C(F)(F)F)cc2)nn1,5.892112,5.9124575,-0.020345688
COc1cc(Br)ccc1O[C@H](C)Cn1cc(-c2ccccc2)nn1,5.5228786,5.370613,0.15226555
COc1cc(-c2ccc(C)cc2)ccc1O[C@H](C)Cn1cc(-c2ccc(C(F)(F)F)cc2)nn1,5.1655793,4.645832,0.51974726
Cc1cccc(C)c1C(=O)N/N=C/c1cc2ccccc2nc1SCC(=O)Nc1cccc(Cl)c1,6.7644715,5.000596,1.7638755
COc1cc(OC)cc(-c2ccccc2-c2ccc(O)cc2)c1,4.30103,4.3246555,-0.023625374
COC(=O)c1cn(C[C@@H](C)Oc2ccc(Br)cc2OC)nn1,4.69897,4.7548733,-0.055903435
COc1cc(-c2ccc(O)c(O)c2)c(OC)c(O)c1-c1ccc(O)c(O)c1,6.0,5.5739145,0.42608547
COc1cc(OC)cc(-c2cccc(-c3ccc(O)cc3)c2)c1,8.1549015,9.192594,-1.0376921
COc1cc(Br)ccc1O[C@H](C)Cn1cc(-c2ccc(F)cc2)nn1,4.709965,4.586215,0.12375021
COc1ccc(OC)c(NC(=O)Cc2ccc(NC3=NC4CS(=O)(=O)CC4S3)cc2)c1,5.39794,3.9964547,1.4014854
COC(=O)c1ccc(CSc2nnc(-c3ccccc3)n2C)o1,9.69897,9.195865,0.50310516
COc1cc(C=O)ccc1OCC(=O)Nc1sc2c(c1C#N)CCCC2,5.39794,4.568413,0.8295274
CCC(C)C(NC(=O)[C@@H]1CCCN1C(=O)[C@@H](NC(=O)NC(C)(C)C)C(C)(C)C)P(=O)(Oc1ccccc1)Oc1ccccc1,5.2231536,5.266779,-0.043625355
O=C(/C=C(O)/C=C/c1ccco1)c1cc(O)ccc1O,4.823909,4.238583,0.5853257
CC1(C)CC[C@]2(C(=O)OCCCCCCN)CC[C@]3(C)C(=CC[C@@H]4[C@@]5(C)CC[C@H](O)C(C)(C)[C@@H]5CC[C@]43C)[C@@H]2C1,7.39794,6.131323,1.2666173
CCOC(=O)C1CCCN(C(=O)c2cn(C)c(=O)c3cc(OC)c(OC)cc23)C1,4.248721,4.7873683,-0.5386472
CCOc1ccc2cc(-c3nn(CC4CCNCC4)c4ncnc(N)c34)ccc2c1,9.522879,9.206474,0.31640434
COc1ccc2cc(-c3nn(CC4CCNCC4)c4ncnc(N)c34)ccc2c1,9.229148,9.159201,0.06994724
[C]OC(=O)[C@]1([C]c2ccc([O])c([C][C]=C([C])[C])c2)OC(=O)C([O])=C1c1ccc([O])cc1,6.21467,5.547507,0.6671634
CCOC(=O)N1CCN(C(=O)C2CCN(c3ncnc4c3sc3cccc(F)c34)CC2)CC1,5.2596374,4.7475758,0.5120616
COC(=O)CCCC1=CC2=CC(=O)C(C)(OC(=O)CCc3ccccc3)C(=O)C2=CO1,7.2596374,7.615238,-0.35560083
CC(C)C(NC(=O)[C@@H]1C[C@@H](O)CN1C(=O)[C@@H](NC(=O)OC(C)(C)C)C(C)(C)C)P(=O)(Oc1ccccc1)Oc1ccccc1,5.552842,4.90047,0.65237236
CC(C)c1ccc(NC(=O)CSc2nnc(CN3CCOCC3)n2C)cc1,6.0840726,5.3577156,0.726357
O=C(C=Cc1ccc(O)c(O)c1)CC(=O)c1ccccc1O,4.539102,4.566352,-0.027249813
COc1cc(-c2ccc(OCCC(C)C)cc2)c(OC)c(O)c1-c1ccc(O)cc1,5.0,4.849104,0.15089607
Nc1n[nH]c2cccc(-c3ccc(C(=O)NCCNC(=O)c4ccc(F)c(F)c4)cc3)c12,2.3467875,3.2747614,-0.927974
Cc1ccc(C(=O)N2CC(C)CC(C)C2)cc1NC1=NC2CS(=O)(=O)CC2S1,7.090228,4.038172,3.0520563
COc1ccc(Nc2cc(-c3ccc(C(=O)NCCNC(=O)c4ccccc4C)cc3)ncn2)cc1,4.49485,4.8007774,-0.30592728
COCCNC(=O)c1cc2c3ccccc3n(C)c2s1,4.680894,4.012644,0.6682501
CN1CCN(CCCc2ccc(NC(=O)c3cc(-c4ccc5c(c4)OCO5)cnc3O)cc2)CC1,7.823909,8.293801,-0.4698925
Cc1[nH][nH]c(=O)c1C(c1c(C)[nH][nH]c1=O)c1cn(Cc2cccc3ccccc23)c2ccccc12,4.3746877,4.0159883,0.35869932
C[C@H]1[C@H](C)CC[C@]2(C(=O)O)CC[C@]3(C)C(=CC[C@@H]4[C@@]5(C)CC(N=O)CC(C)(C)[C@@H]5CC[C@]43C)[C@H]12,9.346787,9.147,0.19978714
O=C1Nc2cc(OC(F)(F)F)ccc2Oc2ccc(B(O)O)cc21,4.0264287,3.9463115,0.080117226
CS(=O)(=O)Nc1cccc(-c2ccc3c(c2)C(N)=Nc2cc(OC(F)(F)F)ccc2O3)c1,8.522879,9.175172,-0.6522932
O=C1Nc2cc(OC(F)(F)F)ccc2Nc2ccc(-c3cn[nH]c3)cc21,6.0,5.246499,0.75350094
CC1(C)CC[C@]2(C(=O)O)CC[C@]3(C)C(=CC[C@@H]4[C@@]5(C)CC(=O)CC(C)(C)[C@@H]5CC[C@]43C)[C@@H]2C1,4.9764185,3.7922297,1.1841888
O=C(O)CN(Cc1ccc(OCCc2nc(-c3ccccc3)oc2CO)cc1)C(=O)Oc1ccc(O)cc1,8.0,8.100324,-0.10032368
Cc1ccc(NC(=O)Cn2cc(Cn3c(-c4cccc(F)c4)nc(-c4ccccc4)c3-c3ccccc3)nn2)c(C)c1,6.2941365,5.0279303,1.2662063
CCCc1cc(Oc2ccccc2)ccc1OCCCOc1ccc2c(c1)CCC(C(=O)O)O2,5.49485,4.982608,0.5122423
CCCc1cc(Oc2ccc(S(C)(=O)=O)cc2)ccc1OCCCOc1ccc2c(c1)OC(CC)(C(=O)O)CC2,9.0,7.064968,1.9350319
CCCc1cc2c(=O)n(C3CCCCC3)oc2c(CCC)c1O[C@H](C(=O)O)c1ccc(C(C)C)cc1,4.481486,4.1248565,0.35662937
CCCc1cc(Oc2ccc(OC)cc2)ccc1OCCCOc1ccc2c(c1)OC(CC)(C(=O)O)CC2,7.7607007,5.477814,2.2828865
CCCc1cc(C(=O)CC)cc(CCC)c1CC(C(=O)O)c1ccc(C(C)C)cc1,9.920818,7.8619676,2.0588508
COc1ccc2c(c1)c(Oc1cccc(C(F)(F)F)c1)c(C(=O)O)n2-c1ccc(C(C)(C)C)cc1,6.0,5.906191,0.09380913
COc1ccc2c(Oc3cccc(C(F)(F)F)c3)c(C(=O)O)n(-c3ccc(C(C)(C)C)cc3)c2n1,5.330033,4.6915703,0.63846254
Cc1ccccc1NC(=O)Cn1cc(Cn2c(-c3ccc(Br)cc3)nc(-c3ccccc3)c2-c2ccccc2)nn1,4.342944,4.340349,0.0025949478
Cc1c(C(=O)c2ccc(Cl)cc2)c2ccc(OC(F)(F)F)cc2n1Cc1cccc(OCC(=O)O)c1,4.5833597,4.3730087,0.21035099
Cc1c(Cc2cccc(OCC(=O)O)c2)c2cc(OC(F)(F)F)ccc2n1C(=O)c1ccc(Cl)cc1,6.0,5.2935796,0.7064204
CCOc1ccccc1NC(=O)Cn1cc(Cn2c(-c3cccc(Br)c3)nc(-c3ccccc3)c2-c2ccccc2)nn1,8.251812,7.6170797,0.63473225
CCC[C@@H](Oc1cccc(Cn2c(C)c(C(=O)c3ccc(Cl)cc3)c3ccc(OC(F)(F)F)cc32)c1)C(=O)O,5.4881167,5.5694766,-0.08135986
CC(C)c1cccc(-n2c(C(=O)O)c(Oc3ccc(C(F)(F)F)cc3)c3ccccc32)c1,7.60206,6.2935266,1.3085332
CC(C)c1cccc(-n2c(C(=O)O)c(Oc3cccc(C(F)(F)F)c3)c3ccccc32)c1,5.0,4.9261227,0.073877335
COc1ccc(-c2nc(-c3ccccc3)c(-c3ccccc3)n2Cc2cn(CC(=O)Nc3ccc(Cl)cc3Cl)nn2)cc1OC,8.67162,7.041069,1.6305513
Cc1oc(-c2ccccc2)nc1CCOc1ccc(C[C@H]2C(=O)N(c3ccc(C(C)(C)C)cc3)[C@H]2C(=O)O)cc1,4.823909,4.2285433,0.5953655
Cc1ccccc1NC(=O)Cn1cc(Cn2c(-c3cccc(F)c3)nc(-c3ccccc3)c2-c2ccccc2)nn1,4.0260367,3.3668268,0.65920997
CCCc1cc(Oc2ccccc2)ccc1OCCCCOc1ccc2c(c1)OC(C)(C(=O)O)CC2,6.69897,5.2100744,1.4888954
Cc1nn(C)c2nnc(Nc3ccc(S(=O)(=O)NCCN)cc3)nc12,5.3665314,5.607889,-0.2413578
CCOc1ccc(NC(=O)Cn2cc(Cn3c(-c4cccc(Cl)c4)nc(-c4ccccc4)c3-c3ccccc3)nn2)cc1,7.455932,6.9973803,0.45855188
CCOc1ccc(NC(=O)Cn2cc(Cn3c(-c4ccc(C(=O)OC)cc4)nc(-c4ccccc4)c3-c3ccccc3)nn2)cc1,7.1366773,6.2336183,0.903059
C[C@@H](NC(=O)c1ccc(S(=O)(=O)Oc2ccc(/C=C/[N+](=O)[O-])cc2)cc1)C(=O)N[C@H](C)C(=O)NCCN,4.634512,4.655083,-0.020571232
CCCc1cc(C2CCC(=O)CC2)ccc1OCCCOc1cccc(-c2oc(=O)[nH]c2O)c1,4.9148164,3.9966736,0.9181428
COc1ccc(NC(=O)Cn2cc(Cn3c(-c4cccc(Cl)c4)nc(-c4ccccc4)c3-c3ccccc3)nn2)cc1,5.90309,4.2481976,1.6548924
COc1ccc(NC(=O)Cn2cc(Cn3c(-c4cccs4)nc(-c4ccccc4)c3-c3ccccc3)nn2)cc1,3.8239088,3.6760056,0.1479032
COc1ccc(OC(=O)N(CC(=O)O)Cc2ccc(OCCC(=O)NC(=O)c3ccccc3)cc2)cc1,6.600326,5.5970783,1.0032477
COc1ccc(OC(=O)N(CC(=O)O)Cc2ccc(OCCC(=O)N(C(C)=O)C(=O)c3ccccc3)cc2)cc1,5.6493645,3.7724447,1.8769197
COc1ccc(OC(=O)N(CC(=O)O)Cc2ccc(O)cc2)cc1,5.958607,4.6464396,1.3121676
Cc1c(C(=O)c2ccc(Cl)cc2)c2ccc(OC(F)(F)F)cc2n1Cc1cccc(O[C@H](C)C(=O)O)c1,6.519993,5.566719,0.9532738
COc1ccc(N2C(=O)[C@H](Cc3ccc(OCCc4nc(-c5ccccc5)oc4C)cc3)[C@@H]2C(=O)O)cc1,3.8239088,3.9905586,-0.16664982
CCOc1ccccc1NC(=O)Cn1cc(Cn2c(-c3ccccc3F)nc(-c3ccccc3)c2-c2ccccc2)nn1,6.236572,6.5589795,-0.32240772
CCCc1cc(Oc2ccccc2)ccc1OCCCCOc1ccc2c(c1)OC(C(=O)O)CC2,5.8523235,4.7370796,1.1152439
CC(=O)NCc1cccc(C(=O)N[C@@H](CC(C)(C)C)C(=O)Nc2ccc(CCNC(=O)CC(C)(C)CC(=O)NCCOc3ccc(C(=O)O)cc3)cc2)c1,5.3708963,4.7316103,0.63928604
Cc1c(C(=O)c2ccc(Cl)cc2)c2ccc(OC(F)(F)F)cc2n1Cc1cccc(O[C@@H](C)C(=O)O)c1,9.136677,8.9413,0.1953764
Cc1ccc(NC(=O)Cn2cc(Cn3c(-c4cccc(Cl)c4)nc(-c4ccccc4)c3-c3ccccc3)nn2)c(C)c1,5.4596705,4.9559116,0.5037589
CC(C)c1cccc(Oc2c(C(=O)O)n(-c3ccc(C(C)(C)C)cc3)c3cc(Cl)ccc23)c1,4.30103,4.3528776,-0.051847458
CC(C)(C)c1ccc(-n2c(C(=O)O)c(Oc3cc(C(F)(F)F)cc(C(F)(F)F)c3)c3cc(Cl)ccc32)cc1,4.7801275,3.9084647,0.87166286
CC(C)(C)c1ccc(-n2c(C(=O)O)c(Oc3ccc(Cl)cc3)c3ccc(OC(F)(F)F)cc32)cc1,4.7520266,4.6894665,0.06256008
COC(=O)c1ccc(-c2nc(-c3ccccc3)c(-c3ccccc3)n2Cc2cn(CC(=O)Nc3cc(Cl)ccc3Cl)nn2)cc1,5.703335,5.6969447,0.0063900948
C[C@@]1(C(=O)O)CCc2ccc(OCCCOc3ccc(Oc4ccccc4)cc3Cl)cc2O1,6.823909,4.9971066,1.8268023
O=C(Cn1cc(Cn2c(-c3ccc(Br)cc3)nc(-c3ccccc3)c2-c2ccccc2)nn1)Nc1ccc(F)cc1,6.60206,5.164076,1.437984
O=C(O)c1c(Sc2ccccc2)c2cc(Cl)ccc2n1Cc1ccc(Cl)cc1,5.0,4.891675,0.108325005
CC(C)(C)c1ccc(-n2c(C(=O)O)c(Oc3cccc(C(F)(F)F)c3)c3ccc(Cl)cc32)cc1,6.699481,5.818138,0.8813429
Cc1oc(-c2ccccc2)nc1CCOc1cccc(C[C@H]2C(=O)N(c3ccc(C(C)(C)C)cc3)[C@H]2C(=O)O)c1,6.113509,4.412973,1.7005363
CC(C)(C)c1ccc(-n2c(C(=O)O)c(Oc3cccc(C(F)(F)F)c3)c3ccc(Cl)nc32)cc1,5.0,5.0419655,-0.041965485
CC(C)(C)c1ccc(-n2c(C(=O)O)c(Oc3cccc(C(F)(F)F)c3)c3cc(Cl)ccc32)cc1,4.0,4.423191,-0.42319107
COc1cccc(Oc2c(C(=O)O)n(-c3ccc(C(C)(C)C)cc3)c3nc(Cl)ccc23)c1,4.69897,5.432587,-0.7336173
Cc1oc(-c2ccccc2)nc1CCOc1ccc([C@@H]2CN(C(=O)Oc3ccccc3)C[C@@H]2CC(=O)O)cc1,6.318759,6.4325128,-0.113753796
COc1ccccc1-c1nc(-c2ccccc2)c(-c2ccccc2)n1Cc1cn(CC(=O)Nc2ccc(C)cc2)nn1,5.3481407,5.091555,0.2565856
CC[C@H](Oc1cccc(Cn2c(C)c(C(=O)c3ccc(Cl)cc3)c3ccc(OC(F)(F)F)cc32)c1)C(=O)O,7.920819,8.587555,-0.6667361
CC[C@@]1(C(=O)O)CCc2ccc(OCCCOc3ccc(Oc4ccc(F)cc4)cc3Cl)cc2O1,3.30103,4.459427,-1.158397
O=C(Cn1cc(Cn2c(-c3ccc(F)cc3)nc(-c3ccccc3)c2-c2ccccc2)nn1)Nc1ccc(Cl)cc1Cl,4.211761,4.01209,0.19967079
CC[C@]1(C(=O)O)CCc2ccc(OCCCOc3ccc(F)cc3Cl)cc2O1,9.366531,9.457499,-0.09096718
C[C@]1(C(=O)O)CCc2ccc(OCCCOc3ccc(F)cc3Cl)cc2O1,5.7297873,4.2435865,1.4862008
O=c1c(F)cn(C2CCCO2)c(=O)n1CCCCCCCCN1C[C@H](O)[C@@H](O)[C@H](O)[C@H]1CO,8.522879,8.044593,0.4782858
Cc1ccc(-n2[nH]c(C)c(C(c3cccc(O)c3)c3c(C)[nH]n(-c4ccc(C)c(C)c4)c3=O)c2=O)cc1C,3.69897,3.6306858,0.06828427
O=C(/C=C(O)/C=C/c1ccc(O)c(O)c1)c1cc(Cl)ccc1O,4.0,3.6368153,0.3631847
CCOC(=O)[C@]12CCC(C)(C)C[C@H]1C1=CC[C@@H]3[C@@]4(C)C[C@H](O)CC(C)(C)[C@@H]4CC[C@@]3(C)[C@]1(C)CC2,4.69897,3.737628,0.96134186
C=C(C)[C@@H]1CC[C@]2(C(=O)NCCCN)CC[C@]3(C)[C@H](CC[C@@H]4[C@@]5(C)CC[C@H](OC(C)=O)[C@@](C)(COC(C)=O)[C@@H]5CC[C@]43C)[C@@H]12,4.300865,3.8051667,0.49569845
C=C(C)[C@@H]1CC[C@]2(COC(c3ccccc3)(c3ccccc3)c3ccccc3)CC[C@]3(C)[C@H](CC[C@@H]4[C@@]5(C)[C@H](C(=O)OC)[C@H](OC(C)=O)C(C)(C)[C@@H]5CC[C@]43C)[C@@H]12,5.036212,5.4969006,-0.4606886
Cc1nnc(SCc2nc3ccccc3[nH]2)s1,4.367,4.1616735,0.20532656
CC(C)C(NC(=O)[C@@H]1C[C@@H](OC(=O)CCN)CN1C(=O)[C@@H](NC(=O)OC(C)(C)C)C(C)(C)C)P(=O)(Oc1ccccc1)Oc1ccccc1,4.026729,4.1351213,-0.10839224
CN(C(=O)c1ccc(NC(=O)Cc2cccc(NC(=O)C3CCN(C(=O)c4ccccc4)CC3)c2)cc1)C1CC1,8.244125,6.99662,1.2475052
CC[C@H](C)[C@H](NC(=O)[C@H](CCC(=O)O)NC(=O)[C@H](CCC(=O)O)NC(=O)[C@@H](Cc1ccc(OP(=O)(O)O)cc1)NC(C)=O)C(=O)N[C@@H](CCC(=O)O)C(=O)O,7.2660007,7.789119,-0.523118
Cc1ccc(-c2cc(C(=O)Nc3ccc(S(=O)(=O)Nc4cc(C)on4)cc3)c3ccccc3n2)c(C)c1,5.2596374,4.9760413,0.28359604
O=C(O)c1cccc(NC(=S)NN=Cc2ccccc2OCc2ccc(Br)cc2)c1,4.1079054,4.326296,-0.21839046
O=C1N=c2ccccc2=C1Nc1ccc(S(=O)(=O)Nc2nccs2)cc1,6.0,4.571801,1.4281988
CC(=O)Nc1cc2c(nc1C)nc(C)n2Cc1ccc(Br)cc1,4.0,5.186157,-1.1861572
O=C(c1cc(Cc2n[nH]c(=O)c3ccccc23)ccc1F)N1CCN(C(=O)C2CC2)CC1,8.721247,9.108245,-0.38699818
CCOc1ccc(CN=Nc2ccc(S(=O)(=O)Nc3ccccc3C(=O)O)cc2[N+](=O)[O-])cc1,6.679854,6.6201773,0.059676647
O=C(Cn1cc(COc2cc(O)c3c(=O)c4cc(O)ccc4oc3c2)nn1)Nc1ccc(O)cc1O,5.6903696,5.1157556,0.57461405
COc1cc(O)c(C(C)=O)c(CC(=O)O)c1,8.1549015,7.7166486,0.43825293
Cc1nc(S)sc1Cc1cc(Cl)ccc1Cl,5.552842,4.57038,0.9824619
CSCC[C@H](NC(=O)c1ccccn1)C(=O)Nc1nc(-c2ccccc2)cs1,7.4089355,7.1239634,0.2849722
O=C(O)c1cccc(NC(=S)NN=Cc2ccccc2OCc2cccc(Br)c2)c1,4.278189,3.8988147,0.3793745
O=c1cc(-c2cnn(Cc3ccc(OC(F)(F)F)cc3)c2)[nH]c2ccccc12,3.7619538,4.2296805,-0.4677267
CCCCN(c1cccc(-c2ccc(C(F)(F)F)cc2)c1C)S(=O)(=O)c1ccc(OC(C)C(=O)O)c(C)c1C,4.236572,4.45496,-0.21838808
CCCCN(c1cccc(-c2ccc(Cl)cc2)c1C)S(=O)(=O)c1ccc(OC(CC)C(=O)O)c(C)c1C,5.5100417,5.793351,-0.28330946
CCCCN(c1cccc(-c2ccc(Cl)cc2)c1C)S(=O)(=O)c1ccc(OC(C)C(=O)O)c(OC)c1Cl,4.040005,3.6770306,0.36297464
CCCCN(c1cccc(-c2ccc(Cl)cc2)c1C)S(=O)(=O)c1ccc(O[C@@H](C)C(=O)O)c(C)c1C,6.8632793,6.7575336,0.10574579
CCCCN(c1cccc(-c2ccc(OC)cc2)c1C)S(=O)(=O)c1ccc(OC(C)C(=O)O)c(C)c1C,4.849485,4.917344,-0.06785917
CCCCN(c1cccc(-c2ccc(C)cc2)c1C)S(=O)(=O)c1ccc(OC(C)C(=O)O)c(C)c1C,6.6575775,5.793351,0.86422634
CCCCN(c1cccc(-c2ccc(Cl)cc2)c1C)S(=O)(=O)c1ccc(OC(C)C(=O)O)c(F)c1OC,5.468521,5.911156,-0.44263506
CCCCN(c1cccc(-c2ccc(Cl)cc2)c1C)S(=O)(=O)c1ccc(OC(C)C(=O)O)c(C2CCCCC2)c1,7.199481,5.644335,1.5551462
Cc1c(-c2ccc(Cl)cc2)cccc1N(CC1CC1)S(=O)(=O)c1ccc(OC(C)C(=O)O)c(C)c1C,5.0,6.1898866,-1.1898866
CCCCCN(c1cccc(-c2ccc(Cl)cc2)c1C)S(=O)(=O)c1ccc(OC(C)C(=O)O)c(C)c1C,4.53429,4.154616,0.37967396
Cc1cc(S(=O)(=O)N(CCC(C)C)c2cccc(-c3ccc(C(F)(F)F)cc3)c2)ccc1OCC(=O)O,6.500313,5.277278,1.2230349
COc1ccc2c(=O)c3c(O)cc(OCc4cn(CC(=O)Nc5ccc(OC)c(OC)c5)nn4)cc3oc2c1,7.2596374,7.6633315,-0.40369415
CC(=O)OC1CC2(C)C(C(C)=O)CCC2C2CCC3CC4(CC(=O)C3(C)C12)OCCO4,6.39794,4.8383474,1.5595927
CC(C)(O)c1ccc(NC(=O)c2cc(C(=O)NCc3ccc(F)c(F)c3)c(F)cc2Cl)cc1,6.6197886,5.18918,1.4306087
N=C1SC(c2ccccc2)C(=O)N1c1ncc(Cc2ccccc2Cl)s1,4.7128706,4.421241,0.2916298
C=C(C)[C@@H]1CC[C@]2(C(=O)O)CC[C@]3(C)[C@H](CC[C@@H]4[C@@]5(C)CC[C@H](O)[C@@](C)(CO)[C@@H]5CC[C@]43C)[C@@H]12,4.0,4.5966864,-0.59668636
Cc1ccc(NP(=O)(O)OP(=O)(O)OP(=O)(O)OP(=O)(O)OC[C@H]2O[C@@H](n3cnc4c(N)ncnc43)[C@H](O)[C@@H]2O)cc1,4.6369524,3.7662053,0.8707471
COc1cc(/C=C/c2cc(Cl)ccc2O)cc(OC)c1,9.173925,9.112311,0.061614037
O=C(NC1CC1)c1cncc(-c2cccc(C(=O)N[C@H]3CN[C@@H](C(=O)Nc4ccc(Cl)c(C(F)(F)F)c4)C3)c2)c1,5.180456,5.049067,0.13138914
COc1cc(-c2ccc(OCCBr)cc2)c(OC)c(O)c1-c1ccc(O)cc1,4.5559554,4.3681974,0.18775797
[C]C([C])=[C][C][C]C([C])([O])[C]1[C]c2c(c([C][C]=C([C])[C])c([O])c3c(=O)c4cc([O])ccc4oc23)O1,7.797241,6.2646103,1.5326309
O=C(c1cc(I)ccc1Cl)N1CCN(c2nc(Cl)ncc2Br)CC1,8.09691,7.8825464,0.21436405
CC1(C)CC[C@]2(C(=O)OCc3ccccc3)CC[C@]3(C)C(=CC[C@@H]4[C@@]5(C)CC(N=O)CC(C)(C)[C@@H]5CC[C@]43C)[C@@H]2C1,6.0132284,5.943611,0.06961727
Cc1ccccc1S(=O)(=O)Nc1ccc(NC(=O)Nc2ccc([N+](=O)[O-])cc2)cc1,8.537602,6.999571,1.5380316
Cc1ccc(S(=O)(=O)Nc2ccc(Nc3nccn4c(-c5ccc6ccccc6c5)cnc34)cc2)cc1,8.0,8.184535,-0.18453503
CC(C)n1cc(CN2CCC(C(=O)Nc3cccc(-c4cccc(Cl)c4)c3)CC2)cn1,4.481486,4.13871,0.34277582
O=C(Nc1ccccc1N1CCN(C(=O)c2ccc(Cl)cc2)CC1)c1cccnc1,4.026383,4.5229278,-0.49654484
O=C(Cc1ccc(NC(=O)C2CCN(C(=O)C3CCC3)CC2)cc1)Nc1ccc(C(=O)N2CCOCC2)cc1,4.567031,4.70768,-0.14064932
Cc1ccc(S(=O)(=O)CC2CCc3ccccc3C2=O)cc1,4.823909,4.1319485,0.69196033
CCc1nnc(NS(=O)(=O)c2ccc(N=Cc3c(C)[nH]n(-c4ccc(C)c(C)c4)c3=O)cc2)s1,9.0,8.722859,0.27714062
CC(C)C(NC(=O)[C@@H]1CCCN1C(=O)[C@@H](NC(=O)OC(C)(C)C)C(C)C)P(=O)(Oc1ccccc1)Oc1ccccc1,9.21467,9.289933,-0.07526302
O=C1C=CC(=O)c2c(O)c(N3CCN(CCO)CC3)c(Cl)c(O)c21,8.958608,8.458768,0.49983978
NCCNC(=O)c1cccc(-c2ccc3c(c2)C(=O)Nc2cc(OC(F)(F)F)ccc2N3)c1,9.20066,9.149212,0.05144787
CC(=O)N1N=C(c2cc3ccccc3oc2=O)CC1c1ccccc1Cl,8.0,7.725941,0.27405882
Cc1cc(=O)oc2c3c(ccc12)O/C(=N/Nc1ccc([N+](=O)[O-])cc1[N+](=O)[O-])C3=O,3.464706,3.5931363,-0.12843037
Cc1cnc(Nc2cnn(C)c2)nc1N1CC2CCCC(C1)N2CC#N,8.0,8.175294,-0.17529392
CN(CCC#N)C(=O)COC(=O)c1c2c(nc3ccccc13)/C(=C/c1ccco1)CC2,4.2298846,4.9632626,-0.73337793
COc1ccc(/C=C\C(=O)O[C@H]2CC[C@]3(C)[C@H]4CC=C5[C@@H]6CC(C)(C)CC[C@]6(C(=O)O)CC[C@@]5(C)[C@]4(C)CC[C@H]3C2(C)C)cc1,9.244125,9.210048,0.034077644
COc1ccc(/C=C/C(=O)O[C@H]2CC[C@@]3(C)C(CC[C@]4(C)C3CC=C3[C@@H]5CC(C)(C)CC[C@]5(C(=O)O)CC[C@]34C)C2(C)C)cc1,5.188224,3.9546962,1.2335277
C[C@H]1[C@H](C)CC[C@]2(C(=O)O)CC[C@]3(C)C(=CC[C@@H]4[C@@]5(C)C[C@@H](O)[C@H](O)[C@@](C)(CO)[C@@H]5CC[C@]43C)[C@H]12,7.49485,5.235217,2.259633
Cc1ccccc1-n1c(Cn2nc(-c3cccc(O)c3)c3c(N)ncnc32)nc2cccc(C)c2c1=O,5.0457573,5.0306435,0.015113831
O=C(NO)c1ccc(C(=O)Nc2cccc(Nc3ncc(-c4cccnc4)s3)c2)cc1,9.113509,9.270026,-0.15651703
C[C@H]1[C@H](C)CC[C@]2(C(=O)O)CC[C@]3(C)C(=CC[C@@H]4[C@@]5(C)C[C@@H](O)[C@H](O)[C@@](C)(CO)C5CC[C@]43C)[C@H]12,8.30103,8.218929,0.08210087
C=C(C)[C@@H]1CC[C@]2(CO)CC[C@]3(C)[C@H](CC[C@@H]4[C@@]5(C)CC[C@H](O)C(C)(C)[C@@H]5CC[C@]43C)[C@@H]12,5.229148,5.061282,0.16786575
CC12CCC(=O)N1C(C(=O)N1CCN(S(=O)(=O)c3ccc(Br)cc3Cl)CC1)CS2,4.30103,4.0987463,0.20228386
N#C/C(=C\c1ccc[nH]1)c1nc2ccccc2s1,4.978811,5.5355835,-0.5567727
Cc1ccccc1CSCC1Nc2ccc(C(=O)NCCc3ccccc3)cc2NC1=O,5.0,4.1905994,0.80940056
COc1ccc(-c2cc(C(=O)Nc3ccc(S(=O)(=O)Nc4onc(C)c4C)cc3)c3ccccc3n2)cc1,4.0,3.2750993,0.7249007
O=C(Nc1ccc(NS(=O)(=O)c2ccccc2Cl)cc1)Nc1ccc([N+](=O)[O-])cc1,4.026489,3.780137,0.24635172
C/C=C\C=C/C(=O)Nc1cccc(C2=NOC3(C2)C[C@@H](C(N)=O)N(C(=O)COc2ccc(Cl)cc2)C3)c1,5.0,4.760341,0.23965883
NC(=O)c1cccc2cn(-c3ccc([C@@H]4CCCNC4)cc3)nc12,5.39794,4.450608,0.9473324
COC(=O)[C@H](Cc1ccc(OCc2cn(CC(=O)O[C@H]3CC[C@]4(C)[C@H]5CC=C6[C@@H]7CC(C)(C)CC[C@]7(C(=O)OCc7ccccc7)CC[C@@]6(C)[C@]5(C)CC[C@H]4C3(C)C)nn2)cc1)NC(=O)OC(C)(C)C,5.275724,5.2258053,0.04991865
[C]Oc1cc(-c2ccc([O])cc2)c(O[C])c([O])c1-c1ccc(O[C][C]=C([C])[C])cc1,6.0,5.479266,0.52073383
O=C(Nc1ccc(NS(=O)(=O)c2cccc(Cl)c2)cc1)Nc1cccc([N+](=O)[O-])c1,5.461175,4.729562,0.73161316
Cc1cccc(-n2nc3c(c2NC(=O)c2ccc(Br)o2)CSC3)c1,8.102373,6.2935266,1.8088465
Nc1n[nH]c2cccc(-c3ccc(C(=O)N4CCN(C(=O)c5ccc(F)cc5)CC4)cc3)c12,9.337242,9.274805,0.062437057
O=C(COc1cc(O)c2c(=O)cc(-c3ccccc3)oc2c1)Nc1ccccc1Br,5.23905,4.8102894,0.42876053
O=C(Cn1cc(COc2cc(O)c3c(=O)c4ccc(O)cc4oc3c2)nn1)Nc1ccc(O)cc1O,6.69897,6.0699387,0.6290312
CC1(C)CC2CC(C)(CN2S(=O)(=O)c2ccc(C(=O)Nc3cccc(S(=O)(=O)N4CCOCC4)c3)cc2)C1,4.13415,3.1496363,0.98451376
Nc1cccc(NC(=O)c2cc(Sc3nncs3)c(F)cc2N)c1,5.166853,4.4655056,0.70134735
Cc1ccc2sc(NNC(=O)c3cc(=O)c4ccccc4o3)nc2c1C,4.60206,4.950708,-0.34864807
Cc1cccc(-n2nc3c(c2NC(=O)c2ccco2)CSC3)c1C,5.0,4.3121595,0.68784046
CCOCc1nnc(NC(=O)c2c(OC)cccc2OC)s1,4.326979,3.5588152,0.7681639
CC(=O)Nc1ccccc1-c1cccc2c(C(C)C)c[nH]c12,4.621602,3.6405125,0.9810896
COc1cc(-c2ccc(O)cc2)c(OC)c(O)c1-c1ccc(OCCBr)cc1,4.221849,4.1584544,0.06339455
CN(CCC#N)C(=O)COC(=O)c1c2c(nc3ccccc13)/C(=C\c1ccco1)CC2,4.115205,4.220964,-0.105759144
CCOc1cc(/C=C/c2cc(OC)cc(OC)c2)ccc1O,7.6575775,8.6711035,-1.013526
CN(C)CCCNC(=O)[C@H](CC(C)(C)C)NC(=O)c1cccc(CNC(=O)c2ccc(OCCN(C)C)cc2)c1,5.2006593,5.2087307,-0.008071423
COC(=O)c1cccc(NC(=O)c2ccc[n+]([O-])c2)c1,5.0665126,4.8244267,0.24208593
CSCC[C@H](NC(=O)c1ccccc1N)C(=O)Nc1nc(-c2ccccc2)cs1,6.2441254,6.1113305,0.13279486
Cc1csc(NC(=O)c2cc(-c3ccco3)nc3ccccc23)n1,6.3467875,6.930238,-0.5834503
CCc1n[nH]c(=S)n1[NH+]=C[c-]1cc(OC)cc([N+](=O)[O-])c1=O,3.8239088,3.6586933,0.16521549
O=C(Cn1cccc(NCc2ccccc2Cl)c1=O)NCc1ccc(Cl)c(Cl)c1,3.69897,4.2469516,-0.5479815
O=C(Cn1cccc(NCc2ccc(Cl)c(Cl)c2)c1=O)Nc1ccc(Cl)c(Cl)c1,7.829738,7.838183,-0.008444786
COc1ccc(C2=NN(c3nc(-c4ccccc4)c(CC(=O)O)s3)C(c3ccco3)C2)cc1,5.017729,4.474301,0.54342794
Cc1cccc(N(Cc2ccccc2)C(=O)Cc2ccc(S(=O)(=O)N3CCOCC3)s2)c1,4.7212462,5.0557737,-0.3345275
CC(=O)O[C@@H]1O[C@H](OC(=O)[C@]23CCC(C)(C)C[C@H]2C2=CC[C@@H]4[C@@]5(C)C[C@@H](O)[C@H](O)C(C)(C)[C@@H]5CC[C@@]4(C)[C@]2(C)CC3)[C@@H](OC(C)=O)[C@H](OC(C)=O)[C@H]1OC(C)=O,4.761954,4.3881307,0.37382317
CNC(=O)/C=C/C(=O)Nc1cccc(C(N)=O)c1,5.69897,4.578455,1.1205149
NCc1ccc(-c2ccc3c(c2)C(=O)Nc2cc(OC(F)(F)F)ccc2O3)s1,9.943028,8.964059,0.9789696
CN1CCN(C(=O)c2cccc(-c3ccc4c(c3)C(=O)Nc3cc(OC(F)(F)F)ccc3O4)c2)CC1,6.8388906,5.9606953,0.8781953
CN1C(=O)c2ccc(-c3cccc(NS(C)(=O)=O)c3)cc2Oc2ccc(OC(F)(F)F)cc21,5.6314034,4.934414,0.69698954
CS(=O)(=O)Nc1cccc(-c2ccc3c(c2)C(=O)Nc2cc(-c4ccc(OC(F)(F)F)cc4)ccc2O3)c1,8.39794,4.8561306,3.541809
O=C(CN1CCN(c2ccccc2F)CC1)Nc1cccc(F)c1,5.004365,4.8286524,0.17571259
COc1cc(-c2ccc(O)cc2)c(OC)c(OCCBr)c1-c1ccc(O)cc1,4.609065,4.1586404,0.45042467
Oc1c(Br)cc(CC=Nc2cc(O)c3cccnc3c2O)cc1Br,6.823909,5.052328,1.7715807
O=C(/C=C/c1ccc(O)c(O)c1)OC1C(O)CC(OC(=O)/C=C/c2ccc(O)c(O)c2)(C(=O)O)CC1O,6.218963,6.3291774,-0.11021423
Nc1cc(F)c(Sc2nncs2)cc1C(=O)Nc1cccc(C(F)(F)F)c1,8.39794,9.103384,-0.70544434
CC1=C(C(=O)[C@@H](C)c2ccccc2)C(c2ccccc2Cl)NC(=S)N1,9.026872,7.245511,1.7813606
CN(C(=O)c1ccc(NC(=O)Cc2cccc(NC(=O)C3CCN(C(=O)C4CCCCC4)CC3)c2)cc1)C1CC1,8.79673,9.203319,-0.40658855
C[C@H]1[C@H](C)CC[C@]2(C(=O)O)CC[C@]3(C)C(=CC[C@@H]4[C@@]5(C)CC[C@@H](O)C(C)(C)C5CC[C@]43C)[C@H]12,4.69897,4.1787615,0.52020836
Nc1ncnc2c1ncn2[C@@H]1O[C@H](COC(=O)c2ccc(S(=O)(=O)Nc3ccccc3)cc2)[C@@H](O)[C@H]1O,6.950782,5.6534777,1.2973042
Cc1ccc(-c2cc(-c3cccc(Br)c3)nc(SCc3cccc(F)c3)n2)cc1,9.356547,8.789514,0.56703377
Cc1ccc(-c2cc(-c3cccc(Br)c3)nc(SCc3ccccc3Cl)n2)cc1,4.30103,4.6186905,-0.31766033
Cc1ccc(-c2cc(-c3cccc(Br)c3)nc(SCc3ccc(F)cc3)n2)cc1,5.0,5.2457137,-0.24571371
Cc1ccc(-c2cc(-c3ccc(Br)cc3)nc(SCc3ccccc3Br)n2)cc1,5.6575775,5.4537497,0.20382786
Cc1ccc(-c2cc(-c3ccc(Br)cc3)nc(SCc3ccc(Cl)cc3)n2)cc1,4.0264797,3.9869967,0.03948307
Fc1ccc(CSc2nc(-c3ccc(Br)cc3)cc(-c3ccc(Br)cc3)n2)cc1,4.3809066,4.28707,0.093836784
CCOC(=O)COC(=O)[C@]12CCC(C)(C)C[C@H]1C1=CC[C@@H]3[C@@]4(C)C[C@@H](O)[C@H](O)C(C)(C)[C@@H]4CC[C@@]3(C)[C@]1(C)CC2,5.2814984,4.376029,0.9054694
Fc1cccc(CSc2nc(-c3ccc(Br)cc3)cc(-c3cccc(Br)c3)n2)c1,5.0996327,6.0198245,-0.92019176
Clc1ccc(CSc2nc(-c3ccc(Br)cc3)cc(-c3ccc(Br)cc3)n2)cc1,5.469651,5.852239,-0.3825879
Fc1ccccc1CSc1nc(-c2ccc(Br)cc2)cc(-c2ccc(Br)cc2)n1,4.37059,3.6301627,0.7404275
COc1ccc(-c2nnc3n(-c4ccccc4)c(=O)c4cnn(-c5ccccc5)c4n23)cc1,4.8462462,3.999201,0.8470452
C[C@H]1[C@H](C)CC[C@]2(C(=O)O)CC[C@]3(C)C(=CC[C@@H]4[C@@]5(C)CC[C@@H](O)C(C)(C)[C@@H]5CC[C@]43C)[C@H]12,4.69897,3.975491,0.7234788
Clc1ccccc1CSc1nc(-c2ccc(Br)cc2)cc(-c2ccc(Br)cc2)n1,6.154902,5.7046275,0.45027447
Fc1cccc(CSc2nc(-c3ccc(Br)cc3)cc(-c3ccc(Br)cc3)n2)c1,5.2881927,3.817011,1.4711816
Clc1ccccc1CSc1nc(-c2ccc(Br)cc2)cc(-c2cccc(Br)c2)n1,6.0,4.828289,1.171711
CCOC(=O)c1c(C)[nH]c(/C=C2\C(=O)Nc3ccccc32)c1C,4.49485,4.688094,-0.19324398
Cc1ccnc(-c2ccc(C(=O)N3CCN(C(=O)c4cccc(N(C)C)c4)CC3)cc2)c1,8.552842,8.946845,-0.3940029
COc1cc(-c2ccc(O)cc2)c(OC)c(OCc2ccccc2)c1-c1ccc(O)cc1,3.769551,3.7083428,0.06120825
C=C(C)[C@@H]1CC[C@]2(COC(=O)C(=O)OCC#CCO)CC[C@]3(C)[C@@H](CC[C@@H]4[C@@]5(C)CC[C@H](OC(=O)C(=O)OCC#CCO)[C@@](C)(COC(=O)C(=O)OCC#CCO)[C@@H]5CC[C@]43C)C12,9.1549015,8.786308,0.36859322
N#CC1C(=S)N=C(N)C(c2nc(-c3ccccc3)cs2)C12CCCC2,4.4100504,4.155326,0.2547245
O=C(Nc1ccc(O)cc1C(=O)O)c1cccc(Br)c1,4.69897,4.0349064,0.66406345
NCCCC[C@H](NC(=O)c1ccccc1)C(=O)Nc1nc(-c2ccccc2)cs1,5.0,5.333839,-0.33383894
CCOC(=O)C1=C(C)N=c2s/c(=C\c3cc(Cl)c(OCC(=O)O)c(Cl)c3)c(=O)n2C1c1cccc(OC)c1,8.0,5.6230044,2.3769956
CCCOc1c(OC)c(-c2ccc(O)cc2)cc(OC)c1-c1ccc(O)cc1,5.1139607,5.5777535,-0.4637928
Cc1cc(C)nc(Sc2cc(C(=O)Nc3cccc(C#N)c3)c(N)cc2F)n1,3.30103,4.798999,-1.4979689
O=C(Nc1ccc(NS(=O)(=O)c2cccc(Cl)c2)cc1)Nc1ccc([N+](=O)[O-])cc1,2.975227,3.6524258,-0.67719865
O=C(N/N=C/c1ccc(O)cc1)c1ccc(Nc2ccnc3cc(Cl)ccc23)cc1,4.30103,3.6799746,0.6210556
CCCCC(=O)C1CCN(Cc2ccccc2)CC1,5.0,5.22589,-0.22589016
O=C(Nc1nnc(-c2ccccc2)o1)c1cc(-c2cccs2)nc2ccccc12,3.7447276,3.2429242,0.5018034
Cc1ccc(-n2c(SCc3cc(=O)n4ccsc4n3)nnc2-c2cccnc2)c(C)c1,4.823909,4.4072456,0.41666317
O=C(/C=C(O)/C=C/c1cc(O)ccc1O)c1cc(O)ccc1O,6.0,6.1265497,-0.12654972
O=C(Nc1ccc2nc(-c3ccco3)c(-c3ccco3)nc2c1)N1CCN(c2ccccn2)CC1,7.2373214,8.028687,-0.79136515
CCC(C)C(NC(=O)C(C)n1cccc(NC(=O)Oc2ccccc2)c1=O)P(=O)(Oc1ccccc1)Oc1ccccc1,5.9829664,4.9101048,1.0728617
CCCCC1=CC2=CC(=O)C(C)(OC(=O)CCc3ccccc3)C(=O)C2=CO1,4.4259686,4.5244913,-0.09852266
CCCCC(Sc1nc2cc(Cl)ccc2s1)C(=O)NS(=O)(=O)c1ccccc1,5.0,3.400546,1.5994539
Cc1cccc(S(=O)(=O)Nc2ccc(NC(=O)Nc3ccc([N+](=O)[O-])cc3)cc2)c1,5.0,4.705201,0.29479885
COc1ccc(Br)cc1[CH-]/N=[NH+]/c1ccc(S(=O)(=O)Nc2ccccc2C(=O)O)cc1[N+](=O)[O-],4.0,5.3084426,-1.3084426
CCCN(c1cccc(-c2ccc(Cl)cc2)c1C)S(=O)(=O)c1ccc(OC(C)C(=O)O)c(C)c1C,4.29073,3.5101452,0.7805848
CCCCN(c1ccc(C)c(-c2ccc(Cl)cc2)c1)S(=O)(=O)c1ccc(OC(C)C(=O)O)c(C)c1C,4.823909,4.0708714,0.75303745
CCCCN(c1cccc(-c2ccc(Cl)cc2)c1C)S(=O)(=O)c1ccc(OC(C)C(=O)O)c(C)c1C,7.6340647,8.118514,-0.4844494
Cc1c(-c2ccc(Cl)cc2)cccc1N(CCCC(F)(F)F)S(=O)(=O)c1ccc(OC(C)C(=O)O)c(C)c1C,3.8239088,3.757432,0.06647682
CCCCN(c1ccc(F)c(-c2ccc(Cl)cc2)c1)S(=O)(=O)c1ccc(OC(C)C(=O)O)c(C)c1C,8.49485,8.357064,0.13778591
COCCN(c1cccc(-c2ccc(Cl)cc2)c1C)S(=O)(=O)c1ccc(OC(C)C(=O)O)c(C)c1C,6.0,5.7284107,0.27158928
CCCCN(c1cccc(-c2ccc(Cl)cc2)c1C)S(=O)(=O)c1ccc(O[C@H](C)C(=O)O)c(C)c1C,4.860121,4.4211054,0.4390154
CCCCN(c1cccc(-c2ccc(Cl)c(Cl)c2)c1C)S(=O)(=O)c1ccc(OC(C)C(=O)O)c(C)c1C,5.0,5.4975758,-0.49757576
CCCCN(c1c(C)cc(C)c(-c2ccc(Cl)cc2)c1C)S(=O)(=O)c1ccc(OC(C)C(=O)O)c(C)c1C,4.353596,4.359197,-0.0056009293
Nc1ncnc2c1c(Cc1cccc3ccccc13)nn2CC1CCNCC1,9.187087,8.227434,0.9596529
Cc1[nH]c2ccccc2c1-c1nnc(-c2ccc(C(c3c(-c4ccccc4)[nH]c4ccccc34)c3c(-c4ccccc4)[nH]c4ccccc34)cc2)o1,5.5128617,3.9163089,1.5965528
c1ccc(-c2[nH]c3ccccc3c2C(c2ccc(-c3nnc(-c4c[nH]c5ccccc45)o3)cc2)c2c(-c3ccccc3)[nH]c3ccccc23)cc1,4.551294,3.8471437,0.7041502
Nc1ncnc2c1c(-c1cnc3ccccc3c1)nn2CC1CCNCC1,6.086186,5.4582887,0.62789726
Cc1[nH]c2ccccc2c1-c1nnc(-c2ccc(C(c3c[nH]c4ccc(Br)cc34)c3c[nH]c4ccc(Br)cc34)cc2)o1,6.330683,5.508812,0.8218713
Cc1[nH]c2ccccc2c1-c1nnc(-c2ccc(C(c3c(C)n(C)c4ccccc34)c3c(C)n(C)c4ccccc34)cc2)o1,9.236572,9.389799,-0.15322685
NC(=O)c1cccc(NC(=O)CCCC(=O)O)c1,4.9000087,4.412987,0.48702145
Clc1ccc2sc(SCc3cn(Cc4ccccc4Cl)nn3)nc2c1,4.30103,3.9038022,0.397228
Cc1ccc(NC(=O)c2ccc(CNC(=O)CCl)cc2)cc1Nc1nccc(-c2cccnc2)n1,9.148742,8.938654,0.21008778
Cn1cc(-c2nnc(-c3ccc(C(c4c(-c5ccccc5)[nH]c5ccccc45)c4c(-c5ccccc5)[nH]c5ccccc45)cc3)o2)c2ccccc21,5.229222,5.561112,-0.3318901
Clc1ccc2sc(SCc3cn(Cc4ccc(Br)cc4)nn3)nc2c1,6.5850267,5.644273,0.94075394
Clc1ccc2sc(SCc3cn(Cc4ccccc4Br)nn3)nc2c1,4.1040254,4.035049,0.0689764
Clc1ccc2sc(SCc3cn(Cc4ccccc4)nn3)nc2c1,6.0,5.5245924,0.4754076
O=c1c(-c2cccc(Cl)c2)coc2cc(O)cc(O)c12,4.69897,4.6159716,0.082998276
Cn1cc(C(c2ccc(-c3nnc(-c4c[nH]c5ccccc45)o3)cc2)c2cn(C)c3ccccc23)c2ccccc21,8.055517,7.6291,0.42641735
Cn1cc(-c2nnc(-c3ccc(C(c4cn(C)c5ccccc45)c4cn(C)c5ccccc45)cc3)o2)c2ccccc21,7.958607,9.157907,-1.1992993
Cn1cc(-c2nnc(-c3ccc(C(c4c[nH]c5ccccc45)c4c[nH]c5ccccc45)cc3)o2)c2ccccc21,6.0,5.63081,0.36919022
O=C1NC(=O)C(c2c[nH]c3ccccc23)=C1c1c[nH]c2ccccc12,4.7212462,4.9586077,-0.23736143
O=C1N=C(S)SC1=Cc1ccc(SC2CCCC2)c([N+](=O)[O-])c1,6.89279,7.0181727,-0.1253829
N#Cc1ccc2[nH]cc(C(c3ccc(-c4nnc(-c5c[nH]c6ccccc56)o4)cc3)c3c[nH]c4ccc(C#N)cc34)c2c1,5.0,5.6325655,-0.6325655
Cn1cc(-c2nnc(-c3ccc(C(c4c[nH]c5ccc(Cl)cc45)c4c[nH]c5ccc(Cl)cc45)cc3)o2)c2ccccc21,7.5512195,7.8835535,-0.33233404
O=C(O)c1ccc(C(=O)C(=Cc2ccc(F)c([N+](=O)[O-])c2)S(=O)Cc2ccc(Br)cc2)cc1,9.124939,8.365615,0.7593241
O=C(Nc1ccc(Cl)c(Cl)c1)N1Cc2ccc(-c3ccncc3)cc2C1,8.130768,4.9650183,3.1657495
Cc1ccc(NC(=O)c2ccc(CN)cc2)cc1Nc1nccc(-c2cccnc2)n1,4.729997,3.9151492,0.81484795
O=C(Nc1ccc(Cl)c(Cl)c1)N1CCCc2ccc(-c3ccncc3)cc21,5.0,4.284901,0.71509886
O=C(O)c1ccc(C(=O)/C(=C\c2ccc(F)c([N+](=O)[O-])c2)Sc2ccc(Br)cc2)cc1,5.920819,6.106621,-0.18580198
Cn1cc(-c2nnc(-c3ccc(C(c4c[nH]c5ccc(Br)cc45)c4c[nH]c5ccc(Br)cc45)cc3)o2)c2ccccc21,5.2596374,4.7347126,0.52492476
Cn1cc(-c2nnc(-c3ccc(C(c4c[nH]c5ccc(C#N)cc45)c4c[nH]c5ccc(C#N)cc45)cc3)o2)c2ccccc21,6.60206,5.7698526,0.8322072
C[C@H]1[C@H](C)CC[C@]2(C(=O)O)CC[C@]3(C)C(=CC[C@@H]4[C@@]5(C)C[C@@H](O)[C@H](O)C(C)(C)[C@@H]5CC[C@]43C)[C@H]12,4.559091,3.954553,0.6045382
C[C@H]1[C@H](C)CC[C@]2(C(=O)O)CC[C@]3(C)C(=CC[C@@H]4[C@@]5(C)C[C@@H](O)[C@H](O)C(C)(C)C5CC[C@]43C)[C@H]12,6.0,5.751827,0.24817324
O=C(/C=C(O)/C=C/c1cc(O)ccc1O)c1ccc(O)cc1O,5.256412,4.5554485,0.7009635
C/C(=C/C(=O)O)C(=O)Nc1cccc(C(N)=O)c1,6.2596374,6.6584883,-0.39885092
CCN(CC)C(=O)/C=C\C(=O)Nc1cccc(C(N)=O)c1,4.8477116,3.8963022,0.95140934
Oc1cc(O)cc(-c2ccc3cc(O)ccc3c2)c1,4.1384654,3.747242,0.39122343
Oc1ccc(-c2ccc(-c3cc(O)cc(O)c3)cc2)cc1,5.0,5.1698494,-0.1698494
Oc1ccc(-c2cccc(-c3cc(O)cc(O)c3)c2)cc1,4.546682,4.932893,-0.38621092
COc1cccc(C(c2c(N)c3ccccc3oc2=O)c2c(N)c3ccccc3oc2=O)c1,4.0,3.6583927,0.34160733
O=C(Nc1ccc(S(=O)(=O)Nc2nccs2)cc1)c1cc(-c2ccccc2)nc2ccccc12,5.0,5.1256876,-0.1256876
COc1ccc(NC(=O)N2CCOc3ccc(-c4ccncc4)cc3C2)cc1,5.8477116,5.4892898,0.3584218
Nc1c(C(c2ccccc2Cl)c2c(N)c3ccccc3oc2=O)c(=O)oc2ccccc12,7.1366773,5.9481964,1.1884809
Nc1c(C(c2ccccc2)c2c(N)c3ccccc3oc2=O)c(=O)oc2ccccc12,5.116422,4.3739204,0.74250174
Nc1c(C(c2cccc(F)c2)c2c(N)c3ccccc3oc2=O)c(=O)oc2ccccc12,5.950782,6.171012,-0.2202301
Nc1c(C(c2cccc(Cl)c2)c2c(N)c3ccccc3oc2=O)c(=O)oc2ccccc12,4.69897,4.2857904,0.4131794
Cc1c(C(c2ccc(-c3nnc(-c4cn(C)c5ccccc45)o3)cc2)c2c(C)n(C)c3ccccc23)c2ccccc2n1C,4.39794,4.1072226,0.2907176
Clc1ccc2[nH]cc(C(c3ccc(-c4nnc(-c5c[nH]c6ccccc56)o4)cc3)c3c[nH]c4ccc(Cl)cc34)c2c1,6.031517,5.2547054,0.7768116
Nc1c(C(c2ccc([N+](=O)[O-])cc2)c2c(N)c3ccccc3oc2=O)c(=O)oc2ccccc12,8.522879,8.127797,0.39508152
Clc1cc(Cl)cc(Cn2cc(CSc3nc4cc(Cl)ccc4s3)nn2)c1,5.236572,5.6769137,-0.44034195
Clc1cc(Cl)cc(Cn2cc(CSc3nc4ccccc4s3)nn2)c1,3.30103,3.2643805,0.036649466
COc1cc(C(c2c(N)c3ccccc3oc2=O)c2c(N)c3ccccc3oc2=O)cc(Cl)c1O,9.327902,9.189024,0.13887787
O=C(O)c1ccc(C(=O)/C(=C\c2ccc(Cl)c([N+](=O)[O-])c2)S(=O)(=O)Cc2ccc(Br)cc2)cc1,5.1811147,4.1305056,1.0506091
COc1cc(C(c2c(N)c3ccccc3oc2=O)c2c(N)c3ccccc3oc2=O)cc(Br)c1O,5.30103,4.1783743,1.1226559
Fc1ccccc1Cn1cc(CSc2nc3cc(Cl)ccc3s2)nn1,8.619789,8.091832,0.52795696
Fc1cccc(Cn2cc(CSc3nc4ccccc4s3)nn2)c1,3.8239088,3.6739235,0.14998531
Fc1cccc(Cn2cc(CSc3nc4cc(Cl)ccc4s3)nn2)c1,7.3186154,6.352461,0.9661546
CNC(=O)/C=C\C(=O)Nc1cccc(C(N)=O)c1,4.0,5.16294,-1.16294
Clc1ccc(Cn2cc(CSc3nc4ccccc4s3)nn2)cc1,6.0,4.8673134,1.1326866
Clc1ccc(Cn2cc(CSc3nc4cc(Cl)ccc4s3)nn2)cc1,8.847712,8.793855,0.05385685
Cc1cccc(C(c2c(N)c3ccccc3oc2=O)c2c(N)c3ccccc3oc2=O)c1,4.372634,3.7855437,0.58709025
CC(=O)CCC(=O)Nc1cccc(C(N)=O)c1,5.823909,5.266364,0.5575447
Nc1c(C(c2cccc(Br)c2)c2c(N)c3ccccc3oc2=O)c(=O)oc2ccccc12,4.1481304,3.7433677,0.40476274
Cc1c(C(c2ccc(-c3nnc(-c4c[nH]c5ccccc45)o3)cc2)c2c(C)n(C)c3ccccc23)c2ccccc2n1C,6.0,5.5723295,0.42767048
Nc1c(C(c2ccc(O)cc2)c2c(N)c3ccccc3oc2=O)c(=O)oc2ccccc12,8.522879,8.39317,0.12970829
Cc1ccc(S(=O)(=O)c2ccc(C=C3SC(S)=NC3=O)cc2[N+](=O)[O-])cc1,9.2218485,8.988971,0.23287773
Nc1c(C(c2ccccc2F)c2c(N)c3ccccc3oc2=O)c(=O)oc2ccccc12,6.69897,6.575963,0.12300682
COc1cccc(N(C)C(=O)N2CCOc3ccc(-c4ccncc4)cc3C2)c1,4.6439743,4.547085,0.096889496
CCN1CCC(CCn2nc(Cc3cccc4ccccc34)c3c(N)ncnc32)CC1,8.853872,8.932471,-0.078598976
CCN1CCC(Cn2nc(Cc3cccc4ccccc34)c3c(N)ncnc32)CC1,5.0,5.0597076,-0.05970764
O=C(O)c1ccc(C(=O)/C(=C\c2ccc(F)c([N+](=O)[O-])c2)S(=O)(=O)Cc2ccc(Br)cc2)cc1,7.236572,6.1491017,1.08747
Fc1ccc(Cn2cc(CSc3nc4cc(Cl)ccc4s3)nn2)cc1,4.180456,3.8370526,0.34340358
Cc1ccc(C(c2c(N)c3ccccc3oc2=O)c2c(N)c3ccccc3oc2=O)cc1,5.3665314,4.758747,0.6077843
CC1(C)Cc2c(-c3ccncc3)c(-c3ccccc3C#N)nn2C1,6.180456,5.793351,0.387105
Cc1cccc(-c2nn3c(c2-c2ccc(O)cc2)CC(C)(C)C3)n1,8.207608,8.877833,-0.67022514
CC1=C(C)C(=O)N(c2cccc(C(N)=O)c2)C1=O,7.5228786,7.2702546,0.25262403
CC(C)(CC(=O)Nc1cccc(C(N)=O)c1)C(=O)O,7.4089355,7.9169793,-0.50804377
CC(C)(C)c1ccc(Cn2cc(CSc3nc4ccccc4s3)nn2)cc1,7.920819,7.575089,0.34572983
CC(C)(C)c1ccc(Cn2cc(CSc3nc4cc(Cl)ccc4s3)nn2)cc1,4.4877424,3.7686083,0.7191341
NC(=O)c1cccc(NC(=O)/C=C\C(=O)N2CCCC2)c1,7.075721,5.6957846,1.3799362
NC(=O)c1cccc(NC(=O)/C=C/C(=O)O)c1,5.223299,4.410858,0.8124409
NC(=O)c1cccc(NC(=O)/C=C\C(=O)O)c1,6.0,4.7997355,1.2002645
CCNC(=O)[C@H](CCC1CCCCC1)NC(=O)c1ccc(CNC(=O)c2cnn(-c3ccccc3)c2N)cc1,4.634512,5.05639,-0.42187786
Cc1ccc2[nH]c(=O)c(CN(CCc3ccccc3)C(c3nnnn3Cc3ccco3)C(C)C)cc2c1,8.39794,6.910335,1.4876046
Cc1[nH]c2ccccc2c1-c1nnc(-c2ccc(C(c3cn(C)c4ccccc34)c3cn(C)c4ccccc34)cc2)o1,9.29243,9.293914,-0.0014839172
Cc1[nH]c2ccccc2c1-c1nnc(-c2ccc(C(c3c[nH]c4ccccc34)c3c[nH]c4ccccc34)cc2)o1,6.4089355,8.37525,-1.9663143
Cc1[nH]c2ccccc2c1-c1nnc(-c2ccc(C(c3c[nH]c4ccc(Cl)cc34)c3c[nH]c4ccc(Cl)cc34)cc2)o1,8.376751,7.802251,0.5745001
Cc1[nH]c2ccccc2c1-c1nnc(-c2ccc(C(c3c[nH]c4ccc(C#N)cc34)c3c[nH]c4ccc(C#N)cc34)cc2)o1,4.30103,3.9537594,0.34727073
C=C(C)C(=O)NCc1ccc(C(=O)Nc2ccc(C)c(Nc3nccc(-c4cccnc4)n3)c2)cc1,5.7447276,4.661208,1.0835195
Brc1ccccc1Cn1cc(CSc2nc3ccccc3s2)nn1,5.6575775,4.8320365,0.825541
Brc1ccc(Cn2cc(CSc3nc4ccccc4s3)nn2)cc1,5.3736596,4.8806953,0.49296427
C(=C\n1ncc2c(N3CCCCCC3)ncnc21)/c1ccccc1,7.853872,7.8511324,0.0027394295
C/C(=C/C(=O)Nc1cccc(C(N)=O)c1)C(=O)O,7.251812,7.7113733,-0.45956135
c1ccc2c(-c3nnc(-c4ccc(C(c5c[nH]c6ccccc56)c5c[nH]c6ccccc56)cc4)o3)c[nH]c2c1,6.6055484,6.5523643,0.053184032
C/C=C/C(=O)NCc1ccc(C(=O)Nc2ccc(C)c(Nc3nccc(-c4cccnc4)n3)c2)cc1,5.7212462,4.7252526,0.9959936
C=C(C)[C@@H]1CC[C@]2(COC(c3ccccc3)(c3ccccc3)c3ccccc3)CC[C@]3(C)[C@H](CC[C@@H]4[C@@]5(C)[C@H](C(=O)OC)[C@H](O)C(C)(C)[C@@H]5CC[C@]43C)[C@@H]12,5.275724,5.257644,0.018079758
[C]Oc1cc(-c2ccc(O[C][C]=C([C])[C])cc2)c(O[C])c([O])c1-c1ccc([O])cc1,6.0409584,4.798644,1.2423143
Cc1ccc(S(=O)(=O)Nc2ccc(Nc3nccn4c(-c5ccccc5Oc5ccccc5)cnc34)cc2)cc1,10.2218485,8.536683,1.6851654
C#CCOc1ccc(-c2cc(OC)c(-c3ccc(O)cc3)c(OCC#C)c2OC)cc1,8.443698,8.218692,0.2250061
CCN(CC)CC(=O)O[C@H]1CC[C@]2(C)[C@H]3CC=C4[C@@H]5CC(C)(C)CC[C@]5(C(=O)OCc5ccccc5)CC[C@@]4(C)[C@]3(C)CC[C@H]2C1(C)C,6.823909,7.4192886,-0.5953798
Cc1ccc(-c2cc(C(=O)Nc3ccc(S(=O)(=O)Nc4onc(C)c4C)cc3)c3ccccc3n2)cc1,6.1643095,5.1694927,0.9948168
CC[C@]12c3[nH]c4ccc(OC)cc4c3CCN1C(=O)C(CC(=O)NCc1cccc(C(F)(F)F)c1)C[C@@H]2C(=O)N1CCN(C(=O)c2ccco2)CC1,4.823909,4.4350157,0.38889313
C[C@H]1[C@H](C)CC[C@]2(C(=O)OCc3ccccc3)CC[C@]3(C)C(=CC[C@@H]4[C@@]5(C)CC(N=O)CC(C)(C)[C@@H]5CC[C@]43C)[C@H]12,7.1079054,8.694792,-1.5868864
COc1cccc(NC(=O)c2cc(Sc3nccn3C)c(F)cc2N)c1,5.080922,4.2669377,0.8139844
O=C(NN=CC=Cc1ccco1)c1cc(-c2ccc3ccccc3c2)n[nH]1,6.0,5.634143,0.36585712
CCOc1cc(/C=C2\SC(=O)N(Cc3cccc([N+](=O)[O-])c3)C2=O)ccc1OCc1ccc(C)cc1,6.133713,6.4244003,-0.29068756
Cc1ccc(-n2nc3c(c2NC(=O)/C=C\c2ccc4c(c2)OCO4)CSC3)cc1,5.2596374,4.960437,0.29920053
O=C(Nc1ccc(NS(=O)(=O)c2ccccc2Cl)cc1)Nc1cccc([N+](=O)[O-])c1,5.0457573,4.223148,0.8226094
COCCN(CCOC)C(=O)CSc1ccc(S(=O)(=O)N2CCN(C)CC2)cn1,6.6615434,5.8250103,0.83653307
CC1(C)CC[C@]2(C(=O)OCc3ccccc3)CC[C@]3(C)C(=CC[C@@H]4[C@@]5(C)Cc6cn(C7CC7)nc6C(C)(C)[C@@H]5CC[C@]43C)[C@@H]2C1,4.026761,3.9795723,0.04718876
C[C@H]1[C@H](C)CC[C@]2(C(=O)O)CC[C@]3(C)C(=CC[C@@H]4[C@@]5(C)C[C@H](O)CC(C)(C)[C@@H]5CC[C@]43C)[C@H]12,6.177832,5.7371054,0.44072676
CC(C)(O)c1ccccc1CC[C@@H](SCC1(CC(=O)[O-])CC1)c1cccc(/C=C/c2ccc3ccc(Cl)cc3n2)c1,8.119186,8.287936,-0.16874981
CC(=O)OCc1cn(CCCCCCn2cc(COC(=O)[C@]34CCC(C)(C)C[C@H]3C3=CC[C@@H]5[C@@]6(C)CC[C@H](O)C(C)(C)[C@@H]6CC[C@@]5(C)[C@]3(C)CC4)nn2)nn1,4.026406,4.1627836,-0.13637781
CC(=O)N1N=C(c2cc3ccccc3oc2=O)CC1c1ccc(Cl)cc1Cl,6.8268137,6.78051,0.04630375
C#Cc1ccc([C@H]2C=C(C(=O)NCc3nc4ccccc4[nH]3)O[C@@H](OCc3ccc(CO)cc3)C2)cc1,5.229148,4.3192005,0.9099474
CN(Cc1ccccc1)C(=O)c1ccc(NC(=O)Cc2ccc(NC(=O)C3CCN(C(=O)C4CCCC4)CC3)cc2)cc1,5.3196645,4.401166,0.9184985
CC1(C)CC[C@]2(C(=O)OCc3ccccc3)CC[C@]3(C)C(=CC[C@@H]4[C@@]5(C)CCC(N=O)C(C)(C)[C@@H]5CC[C@]43C)[C@@H]2C1,8.522879,9.226218,-0.7033396
CC1(C)CC[C@]2(C(=O)OCc3ccccc3)CC[C@]3(C)C(=CCC4[C@@]5(C)CCC(N=O)C(C)(C)C5CC[C@]43C)[C@@H]2C1,6.600326,5.4491005,1.1512256
CCNC(=O)Nc1ccc2ncc(-c3ccc(OC)cc3)cc2n1,3.5352125,4.087163,-0.55195045
CC1CCc2c(sc(NC(=O)COc3cccc(C=O)c3)c2C#N)C1,6.935542,7.58132,-0.6457777
O=C(NNc1nc2c(cnn2-c2ccccc2)c(=O)n1-c1ccccc1)c1ccccc1,4.496209,4.052514,0.44369507
Cc1ccnc(NS(=O)(=O)c2ccc(NC(=O)c3cc(-c4ccc(Br)cc4)nc4ccccc34)cc2)n1,4.0,3.2643757,0.7356243
O=C1OC(c2ccc3ccccc3c2O)(c2ccc3ccccc3c2O)c2ccccc21,9.080922,9.269448,-0.18852615
CN1C(=O)c2ccc(-c3cccc(N(C)S(C)(=O)=O)c3)cc2Oc2ccc(OC(F)(F)F)cc21,4.925147,4.241733,0.683414
Cc1ccc(C(=O)Nc2ccc(OCCCCN(C)C)cc2)cc1Nc1nccc(-c2cccnc2)n1,4.026466,3.6315813,0.3948846
Cc1cccc(-c2n[nH]cc2-c2ccc3ncccc3n2)n1,9.327902,9.304356,0.023546219
CC1(C)CC[C@]2(C(=O)O)CC[C@]3(C)C(=CC[C@@H]4[C@@]5(C)CC[C@@H](O)C(C)(C)C5CC[C@]43C)[C@@H]2C1,5.6197886,6.374704,-0.75491524
Cc1cccc(-c2nn3c(c2-c2ccncc2)C(C)C(C)(C)C3)n1,4.026383,3.5276318,0.49875116
COC(=O)c1ccc(COC(=O)c2ccc(-n3cnnn3)cc2)o1,3.8239088,3.4245868,0.39932203
NS(=O)(=O)c1ccc(NC(=O)COC(=O)c2c3c(nc4ccccc24)/C(=C\c2ccc4c(c2)OCO4)CCC3)cc1,5.8181562,5.3455315,0.47262478
O=C(N/N=C/c1cccc(F)c1)c1cc(-c2ccco2)nc2ccccc12,5.0,5.406849,-0.4068489
Cc1[nH]n(-c2ccc(Cl)cc2)c(=O)c1C(c1ccccc1O)c1c(C)[nH]n(-c2ccc(Cl)cc2)c1=O,5.4202166,5.3075433,0.11267328
COc1ccccc1CNc1ncc(C(=O)NC2CCN(C)CC2)c(NC2CCCC2)n1,6.9871626,7.137374,-0.15021133
CN(C(=O)c1ccc(NC(=O)Cc2cccc(NC(=O)C3CCN(C(=O)C4CCCC4)CC3)c2)cc1)C1CC1,8.638272,8.465545,0.17272758
COC(=O)c1ccc(CSc2nnc(CNC(=O)COc3ccc(Cl)cc3)o2)o1,4.30103,3.9444523,0.35657787
Cc1ccc(Nc2nnc(SCC(=O)C(C#N)c3nc4ccccc4[nH]3)s2)c(C)c1,8.30103,7.5088787,0.79215145
Cc1cc(S(=O)(=O)N2CCN(C(=O)CCC(=O)N3CCOCC3)CC2)ccc1Br,4.69897,4.258475,0.440495
Cc1ccc(S(=O)(=O)N2CCN(C(=O)Cn3cnc4c3c(=O)n(C)c(=O)n4C)CC2)cc1C,5.124939,5.173854,-0.04891491
CCOC(=O)C1=C(C)NC(SC)N(C)C1c1cccc(O)c1,8.552842,7.658489,0.8943529
Cc1ccc(-n2nc3c(c2NC(=O)/C=C\c2ccc4c(c2)OCO4)CSC3)c(C)c1,4.5228786,5.277386,-0.75450754
C=CCn1/c(=N/C(=O)c2cc(-c3cccs3)nc3ccccc23)sc2cc(S(N)(=O)=O)ccc21,9.3019,9.119821,0.18207932
Cc1ccc(-c2cc(C(=O)Nc3ccc(S(=O)(=O)Nc4nccs4)cc3)c3ccccc3n2)c(C)c1,7.318759,6.174164,1.1445951
Oc1ccc(-c2cn3c(n2)SCC3)cc1O,8.522879,9.043376,-0.5204973
CC1(C)CC[C@]2(C(=O)OCc3ccccc3)CC[C@]3(C)C(=CC[C@@H]4[C@@]5(C)C[C@H](O)[C@H](O)C(C)(C)[C@@H]5CC[C@]43C)[C@@H]2C1,5.3595185,5.5863514,-0.22683287
Oc1ccc(Br)cc1-c1nc2cc(Cl)ccc2s1,5.782516,6.0612383,-0.2787223
C[N+](C)(C)CCN1C(=O)c2cccc3cccc(c23)C1=O,4.0265026,3.7684724,0.25803018
CC[C@H](C)[C@H](NC(=O)[C@H](CCC(=O)O)NC(=O)[C@H](CCC(=O)O)NC(=O)[C@H](Cc1ccc(P(=O)(O)O)cc1)NC(C)=O)C(=O)N[C@@H](CCC(=O)O)C(=O)O,5.610834,5.1495595,0.46127462
CC1(C)CC[C@]2(C(=O)O)CC[C@]3(C)C(=CCC4[C@@]5(C)CC[C@H](O)C(C)(C)C5CC[C@]43C)[C@@H]2C1,3.6699922,3.431643,0.2383492
O=C1N(c2cccc(Cl)c2)C(c2ccccc2)N2CCCN12,5.1895657,4.9738846,0.21568108
CCCCSc1cc(=O)[nH]c(N)n1,5.0,5.269685,-0.2696848
O=C(Nc1ccc(NS(=O)(=O)c2ccccc2F)cc1)Nc1ccc([N+](=O)[O-])cc1,5.3400836,4.0834503,1.2566333
O=C(Nc1ccc(S(=O)(=O)Nc2nccs2)cc1)c1cc(-c2ccccc2Cl)nc2ccccc12,7.41531,8.728825,-1.3135147
COc1ccccc1NS(=O)(=O)c1cccc(-n2c(O)c(C=Nc3ccccc3C(=O)O)c3ccccc3c2=O)c1,5.9469213,5.025223,0.9216986
CCCC(Sc1nc2cc(Cl)ccc2s1)C(=O)NS(=O)(=O)c1ccccc1,4.10513,5.165373,-1.0602427
COc1ccccc1CN1C[C@@H]2C[C@@H](c3ccc4nsnc4c3)N3CCC[C@@]23C1=O,8.619789,9.0153055,-0.3955164
CC1(C)CC[C@]2(C(=O)OCc3ccccc3)CC[C@]3(C)C(=CCC4[C@@]5(C)CC(N=O)C(N=O)C(C)(C)C5CC[C@]43C)[C@@H]2C1,4.246417,3.9832177,0.26319933
CC1CC[C@]2(C(=O)OCc3ccccc3)CC[C@]3(C)C(=CC[C@@H]4[C@@]5(C)C[C@H](O)CC(C)(C)[C@@H]5CC[C@]43C)[C@@H]2[C@H]1C,4.026341,3.8688416,0.15749931
Cc1cc(C)cc(NC(=O)C(OC(=O)c2ccc(NC(=O)CC#N)cc2)c2ccccc2)c1,4.980676,4.307562,0.6731143
CC1(C)CC[C@]2(C(=O)OCc3ccccc3)CC[C@]3(C)C(=CC[C@@H]4[C@@]5(C)CC(N=O)C(N=O)C(C)(C)[C@@H]5CC[C@]43C)[C@@H]2C1,7.0,5.0958595,1.9041405
C[C@H]1[C@H](C)CC[C@]2(C(=O)OCc3ccccc3)CC[C@]3(C)C(=CC[C@@H]4[C@@]5(C)C[C@H](O)CC(C)(C)[C@@H]5CC[C@]43C)[C@H]12,5.525638,5.693426,-0.16778803
CCCc1ncc(CN2CCC(C(=O)Nc3cccc(-c4cscn4)c3)CC2)cn1,5.536107,5.0316,0.50450706
CC1(C)CC[C@]2(C(=O)O)CC[C@]3(C)C(=CC[C@@H]4[C@@]5(C)CC[C@@H](O)C(C)(C)[C@@H]5CC[C@]43C)[C@@H]2C1,7.0,7.5582676,-0.5582676
CCOC(=O)COC(=O)[C@]12CCC(C)(C)C[C@H]1C1=CC[C@@H]3[C@@]4(C)C[C@H](O)CC(C)(C)[C@@H]4CC[C@@]3(C)[C@]1(C)CC2,6.0,5.7536397,0.2463603
O=C(Cn1cccc(NCc2ccc(Cl)c(Cl)c2)c1=O)NCCc1ccc(Cl)c(Cl)c1,7.79588,9.254585,-1.4587054
O=C(Nc1cccc(S(=O)(=O)NC2=NCCC2)c1)c1cc(-c2ccco2)nc2ccccc12,6.6819367,6.671458,0.010478973
COc1ccccc1C(=O)N1CCN(C(=O)c2ccc(-c3cccc4[nH]nc(N)c34)cc2)CC1,6.6439743,6.5034146,0.14055967
C/C=C\C=C\C(=O)Nc1cccc(C2=NOC3(C2)C[C@@H](C(N)=O)N(C(=O)C(c2ccccc2)c2ccccc2)C3)c1,5.4666095,5.123133,0.3434763
O=C(Nc1ccc(S(=O)(=O)Nc2nccs2)cc1)/C(=C/c1ccccc1Cl)NC(=O)c1ccccc1,5.4388986,6.2039027,-0.76500416
Cc1cc(O)cc(O)c1C(=O)O[C@H]1[C@@H]2COC(/C=C/C=O)=CC2=CC(=O)[C@@]1(C)O,5.0,5.913752,-0.9137521
Cc1ccc(C(=O)Nc2cc(C(C)(C)C)on2)cc1/C=C/n1cnc2c(NC3CC3)ncnc21,5.552842,5.1648135,0.38802862
CN(C)CCNC(=O)[C@H](CC(C)(C)C)NC(=O)c1cccc(CNC(=O)c2ccc(OCCN(C)C)cc2)c1,3.9586072,4.367652,-0.40904474
CS(=O)(=O)c1ccc2nc(NC(=O)NCc3cccnc3)sc2c1,6.6197886,5.5656223,1.0541663
Cc1ccc(C(=O)Nc2cccc(C(F)(F)F)c2)cc1/C=C/n1cnc2c(NC3CC3)ncnc21,6.030584,6.7610116,-0.73042774
COc1cc(/C=C/c2cc(OC)c(O)c(OC)c2)cc(OC)c1,4.987,5.5810533,-0.59405327
CSCC[C@H](NC(=O)[C@H](CC(C)C)NC(=O)[C@H](CO)NC(=O)[C@@H]1CCCN1C(=O)[C@@H](NC(=O)[C@@H](N)CCCNC(=N)N)C(C)C)C(=O)O,5.39794,4.3373036,1.0606365
CC1(C)CC[C@]2(C(=O)OC3CC3)CC[C@]3(C)C(=CC[C@@H]4[C@@]5(C)C[C@H](O)CC(C)(C)[C@@H]5CC[C@]43C)[C@@H]2C1,6.1499667,5.2335415,0.9164252
C=CCOC(=O)[C@]12CCC(C)(C)C[C@H]1C1=CC[C@@H]3[C@@]4(C)C[C@H](O)CC(C)(C)[C@@H]4CC[C@@]3(C)[C@]1(C)CC2,5.2596374,4.7416906,0.5179467
N#C/C(=C\c1ccc(O)cc1O)c1nc2ccccc2s1,9.468521,8.809569,0.65895176
N#CC1C(=S)N=C(N)C(c2nc(-c3ccccc3)cs2)C12CCCCC2,6.2660007,5.6231203,0.64288044
Cc1cc(NCCCCCCCNc2cc(C)nc3cc([N+](=O)[O-])ccc23)c2ccc([N+](=O)[O-])cc2n1,6.2596374,7.964731,-1.7050939
CC[C@H]1O[C@@H](NC(=S)NN=Cc2cccc(Cl)c2)[C@H](O)[C@@H](O)[C@@H]1O,4.0264935,3.6805959,0.34589767
CC[C@H](NC(=O)c1ccccc1)C(=O)Nc1nc(-c2ccccc2)cs1,5.229148,4.4648514,0.76429653
CC1=C(C(=O)[C@H](C)c2ccccc2)C(c2ccccc2Cl)NC(=S)N1,8.39794,9.032901,-0.6349611
Cc1ccc(NS(=O)(=O)c2ccc(/[NH+]=N/[CH-]c3ccccc3OCC(=O)O)c([N+](=O)[O-])c2)c(C)c1,9.387217,9.218495,0.1687212
[C]Oc1cc(-c2ccc([O])cc2)c(O[C])c(O[C][C]=C([C])[C])c1-c1ccc([O])cc1,6.38934,5.446104,0.9432359
CC(O)c1ccc(Nc2nc3c(C(N)=O)cc(F)cc3s2)cc1,4.3936186,4.765373,-0.37175465
CS(=O)(=O)Nc1cccc(-c2ccc3c(c2)Oc2ccc(OC(F)(F)F)cc2C(=O)N3)c1,6.853872,5.957675,0.89619684
O=[N+]([O-])c1ccc(Cl)c(S(=O)(=O)Nc2cccc(-c3ccc(N4CCCC4)nn3)c2)c1,8.229148,6.443692,1.7854557
CC1=NN(S(=O)(=O)CCc2ccc([N+](=O)[O-])cc2)C(c2ccccc2O)C1,5.876148,5.7951975,0.08095074
O=C(CC1N=C2c3ccccc3N=C(SCc3ccc(Cl)cc3)N2C1=O)NCc1ccco1,5.69897,6.6625066,-0.96353674
Fc1ccc(CSc2nnc(COc3ccnc4ccccc34)o2)cc1,8.366531,8.367101,-0.00056934357
C[C@H](NC(=O)c1ccccc1)C(=O)Nc1nc(-c2ccccc2)cs1,6.229148,6.587926,-0.358778
CCOC(=O)CN1C(=O)NC2NC(=O)NC21,7.455932,8.425031,-0.96909857
Cc1ccccc1C(=O)N=c1ccn(-c2nc3ccccc3nc2NS(=O)(=O)c2ccc(F)cc2)cc1,4.30103,4.43793,-0.13689995
C=C(C)[C@@H]1CC[C@]2(C(=O)NCCCN)CC[C@]3(C)[C@H](CC[C@@H]4[C@@]5(C)CC[C@H](O)[C@@](C)(CO)[C@@H]5CC[C@]43C)[C@@H]12,6.4558825,6.0070543,0.44882822
COCCn1/c(=N/C(=O)c2cc(-c3cccs3)nc3ccccc23)sc2cc(S(N)(=O)=O)ccc21,4.30103,4.127413,0.17361736
O=C(COC(=O)c1ccc(Oc2ccccc2)cc1)Nc1nnc(-c2ccccc2)o1,5.49485,4.8818655,0.61298466
CC1(C)CC[C@]2(C(=O)OCc3ccccc3)CC[C@]3(C)C(=CC[C@@H]4[C@@]5(C)CC[C@H](OC(=O)Cn6cc(COC(=O)Cc7ccc8ccccc8c7)nn6)C(C)(C)[C@@H]5CC[C@]43C)[C@@H]2C1,9.79588,8.773457,1.0224237
COC(=O)[C@H](Cc1ccccc1)NC(=O)[C@]12CC[C@@H](C)[C@H](C)[C@H]1C1=CC[C@@H]3[C@@]4(C)C[C@@H](OC(C)=O)[C@H](OC(C)=O)C(C)(C)[C@@H]4CC[C@@]3(C)[C@]1(C)CC2,8.2218485,8.022145,0.19970322
COc1ccc(NC(=O)c2cc(Sc3nccn3C)c(F)cc2N)cc1,5.0,5.1218667,-0.1218667
Cc1ccc(NC(=O)c2ccc(C(=O)Nc3ccccc3N)s2)cc1Nc1ncc(-c2cccnc2)s1,8.494172,6.298006,2.196166
Cc1ccc(C(=O)Nc2cc(N3CCN(C)CC3)cc(C(F)(F)F)c2)cc1/C=C/n1cnc2c(NC3CC3)ncnc21,3.8239088,3.510806,0.31310272
Nc1ccccc1NC(=O)c1ccc(C(=O)Nc2cccc(Nc3ncc(-c4cccnc4)s3)c2)s1,5.1739254,5.231627,-0.057701588
N[C@@H](CSC(c1ccccc1)(c1ccccc1)c1ccc(-c2ccccc2)cc1)C(=O)O,5.3467875,5.2631683,0.08361912
COc1cc(/C=C/c2ccccc2O)cc(OC)c1,6.167491,5.4227695,0.7447214
Nc1ccccc1NC(=O)c1ccc(C(=O)Nc2cccc(Nc3ncc(-c4cccnc4)s3)c2)cn1,9.527244,8.590734,0.9365101
CCCCC1=CC2=CC(=O)C(C)(OC(=O)CC)C(=O)C2=CO1,6.0,6.9708376,-0.9708376
CS(=O)(=O)c1ccc2nc(NC(=O)NCc3cccs3)sc2c1,5.468521,4.5894384,0.8790827
OCCN1CCN(c2ncnc3c2sc2nc(N4CCOCC4)c4c(c23)CCC4)CC1,8.886057,6.8086305,2.0774264
C[C@H]1[C@H](C)CC[C@]2(C(=O)OCc3ccccc3)CC[C@]3(C)C(=CC[C@@H]4[C@@]5(C)CC(=O)CC(C)(C)[C@@H]5CC[C@]43C)[C@H]12,9.39794,8.5964575,0.8014822
CCOC(=O)C1=C(C)NC(SC)N(C)C1c1ccccc1,4.69897,4.37551,0.32345963
CC1CCc2c(sc(NC(=O)COc3ccc(C=O)cc3)c2C#N)C1,7.5257835,8.188083,-0.66229916
O=c1c(CO)cc(CO)cc(CO)c1O,5.798,5.432922,0.36507797
C#CCn1/c(=N/C(=O)c2cc(-c3cccs3)nc3ccccc23)sc2cc(S(N)(=O)=O)ccc21,7.468521,5.774662,1.6938591
CC1(C)CC[C@]2(COC(=O)CCC(=O)O)CC[C@]3(C)C(=CC[C@@H]4[C@@]5(C)Cc6cn[nH]c6C(C)(C)[C@@H]5CC[C@]43C)[C@@H]2C1,4.0039263,3.524292,0.47963428
Cc1ccc(-n2c(SCC(=O)N3Cc4ccccc4CC3C(=O)O)nnc2-c2cccnc2)c(C)c1,9.187087,9.0008335,0.18625355
CCC(C)C(NC(=O)[C@@H]1CCCN1C(=O)[C@@H](NC(=O)OCc1ccccc1)C(C)(C)C)P(=O)(Oc1ccccc1)Oc1ccccc1,6.0,6.3265905,-0.32659054
O=C(CCC(=O)Nc1ccccc1Br)N/N=C/c1c2ccccc2cc2ccccc12,9.283997,9.48668,-0.20268345
O=C(CCC(=O)Nc1cccc(Cl)c1)NN=Cc1c2ccccc2cc2ccccc12,4.3665314,4.0836244,0.282907
CC(=O)NCCNP(=O)(O)OP(=O)(O)OP(=O)(O)OC[C@H]1O[C@@H](n2cnc3c(N)ncnc32)[C@H](O)[C@@H]1O,8.032453,7.6903996,0.34205294
CCCOCc1nc2c(c(C)nn2-c2ccccc2)c(=O)[nH]1,4.7281585,4.9653244,-0.23716593
CCOCc1nc2c(c(C)nn2-c2ccccc2)c(=O)n1CC(=O)OCC,6.0,5.1261806,0.87381935
CCOC(=O)Cn1c(CCl)nc2c(c(C)nn2-c2ccccc2)c1=O,6.537602,5.456301,1.0813007
CCOC(=O)c1ccccc1NC(=O)c1ccc2c(SCC(=O)O)c3c(nc2c1)CCCC3,5.0,4.985751,0.014248848
CNc1ncnc2c1ncn2/C=C/c1cc(NC(=O)c2cccc(C(F)(F)F)c2)ccc1C,6.0,5.856489,0.14351082
COC(=O)[C@@H]1CSC(c2ccccc2)=N1,7.69897,7.828698,-0.12972832
CCOc1ccc(S(=O)(=O)N2CCCCC2)cc1-c1nnc2c(n1)c(C)nn2C,4.625252,4.2689896,0.3562622
CN(C)CCN1Cc2ccc3c4c(ccc(c24)C1)CN(CCN(C)C)C3,4.0,4.240836,-0.24083614
CS(=O)(=O)N1CCCC(NC(=O)[C@H](CCC2CCCCC2)NC(=O)c2ccc(CNC(=O)c3cnc4ccccn34)cc2)C1,4.50724,5.570478,-1.0632381
COc1cccc(S(=O)(=O)Nc2ccc(NC(=O)Nc3ccc([N+](=O)[O-])cc3)cc2)c1,5.069051,5.00045,0.068600655
COCc1nc2c(c(C)nn2-c2ccccc2)c(=O)n1Cc1ccccc1,8.69897,8.70148,-0.0025100708
COCC1c2c(-c3ccncc3)c(-c3cccc(C)n3)nn2CC1(C)C,4.0,4.7889743,-0.7889743
Cc1ccc(NC(=O)c2ccc(C(=O)Nc3ccccc3N)s2)cc1Nc1ncc(-c2cccnc2)cn1,9.244125,8.9871855,0.2569399
Cc1cc(-c2c(-c3cccc(C)n3)nn3c2C(C)C(C)(C)C3)ccn1,8.528708,8.226726,0.30198288
Cc1ccc(NC(=O)c2ccc(N)c(N)c2)cc1Nc1nccc(-c2cccnc2)n1,4.183096,4.2941875,-0.111091614
Cc1ccn(-c2ccc(-c3ncco3)cc2)c(=O)c1-c1ccc2nc(N)ncc2c1,7.6382723,6.505356,1.1329165
Cc1oc(-c2ccccc2)nc1CCOc1ccc(Cc2c(C(=O)O)cnn2-c2ccccc2)cc1,6.6575775,5.548025,1.1095524
Cc1nn(C)c2nnc(Nc3ccc(S(=O)(=O)N4CCCCC4)cc3)nc12,8.148742,8.770281,-0.6215391
Cc1nn(C)c2nnc(Nc3ccc(S(=O)(=O)N4CCOCC4)cc3)nc12,7.318759,6.737235,0.5815239
Cc1oc(-c2ccccc2)nc1CCOc1ccc(Cc2c(C(=O)O)nnn2-c2ccccc2)cc1,7.673664,6.3655653,1.3080988
Cc1oc(-c2ccccc2)nc1CCOc1cccc(Cc2c(C(=O)O)nnn2-c2ccccc2)c1,4.4436975,4.946949,-0.50325155
CCOc1ccccc1N(C(=O)c1snc(C(N)=O)c1N)C(C(=O)NCC1CCCO1)c1ccc2ncccc2c1,3.429457,4.0641856,-0.63472867
CC1(C)CC[C@]2(C(=O)O)CC[C@]3(C)C(=CC[C@@H]4[C@@]5(C)Cc6nccnc6C(C)(C)[C@@H]5CC[C@]43C)[C@@H]2C1,6.0,6.0780993,-0.07809925
COc1ccc(S(=O)(=O)Nc2c(C)cc(C)cc2C)cc1,4.823909,4.575553,0.24835587
Cn1ncnc1[C@@H]1c2n[nH]c(=O)c3cc(F)cc(c23)N[C@H]1c1ccc(F)cc1,5.660151,4.3242016,1.3359494
CCCCN(c1cccc(-c2ccc(Cl)cc2)c1C)S(=O)(=O)c1ccc(OC(C)C(=O)O)c(OC)c1OC,5.8635964,5.958123,-0.09452677
Cc1cccc(C)c1Nc1nnc(SCC(=O)C(C#N)c2nc3ccccc3[nH]2)s1,6.0,5.7993364,0.20066357
CCCC(=O)O[C@@H]1C[C@]2(C)[C@H]3CC=C4[C@@H]5CC(C)(C)CC[C@]5(C(=O)O)CC[C@@]4(C)[C@]3(C)CC[C@H]2C(C)(C)[C@H]1OC(=O)CCC,5.2596374,4.662156,0.59748125
COC(=O)c1nc2c(-c3ccc(O)c(O)c3)c(O)c(O)c(-c3ccc(O)cc3)c2s1,5.427593,4.7531347,0.6744585
CCOC(=O)c1ccc(NC(=O)COc2ccccc2CNCCO)cc1,4.7144427,4.823885,-0.109442234
COc1ccc(-c2cc(C(=O)Nc3cccc(S(=O)(=O)NCc4ccco4)c3)c3ccccc3n2)cc1OC,5.659556,5.387388,0.27216768
Cn1ccnc1Sc1cc(C(=O)Nc2cccc(CN)c2)c(N)cc1F,6.0,6.0639925,-0.0639925
Cc1ccc(C2CC(c3cccs3)=NN2C(=O)CSc2nc(=O)n3ccc(C)cc3n2)cc1,6.2596374,6.150793,0.10884428
CC1(C)CC[C@]2(C(=O)OCCBr)CC[C@]3(C)C(=CC[C@@H]4[C@@]5(C)C[C@H](O)CC(C)(C)[C@@H]5CC[C@]43C)[C@@H]2C1,4.623423,4.444547,0.17887592
COc1cccc(OCc2cc(CN=Nc3ccc(C(=O)O)cc3)ccc2OC)c1,5.0,5.188227,-0.18822718
NN=C1c2ccccc2C(=O)C1C(=O)C(c1ccccc1)c1ccccc1,9.387217,9.210655,0.17656136
CCc1nnc(NS(=O)(=O)c2ccc(N=Cc3c(C)[nH]n(-c4ccc(Cl)cc4)c3=O)cc2)s1,5.207608,4.4411936,0.76641464
CCCCCCCCCC(=O)OCc1cn(CC(=O)O[C@H]2CC[C@]3(C)[C@H]4CC=C5[C@@H]6CC(C)(C)CC[C@]6(C(=O)O)CC[C@@]5(C)[C@]4(C)CC[C@H]3C2(C)C)nn1,5.102373,3.917173,1.1852002
[C]Oc1cc(-c2ccc([O])cc2)c(O[C])c([O])c1-c1ccc([O])c([C][C]=C([C])[C])c1,7.9508514,7.2021713,0.7486801
CCCCCN(CCCCC)C(=O)[C@H](C)NC(=O)[C@@H](NC(=O)[C@H](Cc1ccc(OP(=O)(O)O)cc1)NC(C)=O)C(C)C,7.4089355,7.2528996,0.1560359
CC[C@H]1O[C@@H](NC(=S)NN=Cc2ccc([N+](=O)[O-])cc2)[C@H](O)[C@@H](O)[C@@H]1O,5.623423,5.271899,0.35152388
CCN(CCCCOc1ccc(-c2cc(=O)c3c(O)c(OC)c(OC)cc3o2)cc1)Cc1ccccc1OC,5.0,5.4387255,-0.43872547
O=C(CSc1ccc(Br)c2cccc(Cl)c12)Nc1ccc(S(=O)(=O)Nc2nccs2)cc1,8.60206,7.9898252,0.61223507
Nc1cccc(NC(=O)CN2CCN(c3ccccc3F)CC2)c1,3.7121983,3.991227,-0.27902865
CN(C)C(CNC(=O)c1cc(-c2ccco2)nc2ccccc12)c1ccccc1,6.625252,5.8267326,0.79851913
Cc1ccc(C)c(N2CCN(S(=O)(=O)c3ccc4[nH]c(=O)c(=O)[nH]c4c3)CC2)c1,5.498941,4.6688156,0.83012533
CC(=O)N[C@@H](Cc1ccc(OP(=O)(O)O)cc1)C(=O)N[C@H](C(=O)N[C@H](C)C(=O)NCCC1CCCCC1)C(C)C,3.9746943,3.535503,0.43919134
Cc1cccc(-c2nn3c(c2-c2ccncc2)CC(C)(C)C3)n1,9.0,8.919034,0.080965996
COc1cc(/C=C/c2cccc(O)c2)cc(OC)c1,6.6777806,5.7379637,0.93981695
Cc1ccc(NC(=O)c2ccc(N)cc2)cc1Nc1nccc(-c2cccnc2)n1,4.5575204,4.4652243,0.09229612
COc1ccc(-c2cc(C(=O)NNC(=S)NC(=O)c3c(-c4ccccc4)noc3C)[nH]n2)cc1,6.453001,5.556114,0.8968868
COc1ccc(C(=O)NNc2nc3c(cnn3-c3ccccc3)c(=O)n2-c2ccccc2)cc1,5.7851562,5.2000637,0.58509254
COc1ccc(NC(=O)Cn2cc(COc3cc(OC(C)=O)c4c(=O)c5ccc(Br)cc5oc4c3)nn2)cc1OC,4.60206,4.128273,0.47378683
COc1ccc(CCNC(=O)c2ccc(NC3=NC4CS(=O)(=O)CC4S3)cc2)cc1OC,4.0263968,4.072599,-0.046202183
O=C1Nc2cc(OC(F)(F)F)ccc2Oc2ccc(CCB(O)O)cc21,5.8326826,5.960428,-0.12774563
CS(=O)(=O)Nc1cccc(-c2ccc3c(c2)Oc2cc(OC(F)(F)F)ccc2NC3=O)c1,4.30103,3.8802023,0.42082787
COc1ccc(C(=O)NNC(=S)NC(=O)c2cc(-c3ccccc3)nc3ccccc23)cc1,4.29243,4.009392,0.28303814
C=CCOc1ccc(-c2cc(OC)c(-c3ccc(O)cc3)c(O)c2OC)cc1,7.4907975,5.8171744,1.6736231
CC[C@H]1O[C@@H](NC(=S)NN=Cc2ccccc2O)[C@H](O)[C@@H](O)[C@@H]1O,8.522879,9.026498,-0.5036192
Cc1ccc(NC(=O)c2cc(-c3ccco3)nc3ccccc23)cc1S(=O)(=O)N1CCOCC1,2.8860567,4.3920946,-1.506038
Cc1cccc2sc(NNC(=O)c3cc(-c4cccs4)nc4ccccc34)nc12,8.443698,7.4325314,1.0111666
COc1ccc(-c2nc3cc(C(=O)O)ccc3n2CCCn2c(-c3ccc(O)c(OC)c3)nc3cc(C(F)(F)F)ccc32)cc1,9.39794,8.414097,0.98384285
O=C(Nc1ccc(NS(=O)(=O)c2cccc(C(F)(F)F)c2)cc1)Nc1ccc([N+](=O)[O-])cc1,7.0,5.622093,1.3779068
CCOc1c(Cl)cc(C(=O)Nc2ccccc2C(=O)O)cc1Cl,7.837734,5.8961697,1.9415646
CSCCC(NC(=O)c1ccccc1)C(=O)Nc1nc(-c2ccccc2)cs1,9.148742,8.134903,1.0138388
CCN1\C(=C/C=C/C=C/C=C/c2sc3ccccc3[n+]2CC)Sc2ccccc21,3.69897,3.860505,-0.16153502
O=C(N/N=C/c1ccc(F)cc1)c1cc(-c2ccco2)nc2ccccc12,5.1266794,5.49325,-0.36657047
O=C(O)c1cccc(-n2cccc2C=C2NC(=O)N(c3ccc(Cl)cc3)C2=O)c1,9.337242,9.07242,0.264822
O=C(O)c1ccc(/C=N/NC(=O)c2ccc(CN3c4cccc5cccc(c45)S3(=O)=O)cc2)cc1,2.7520268,4.138917,-1.3868902
Cc1ccc(S(=O)(=O)Nc2ccc(Nc3nccn4c(-c5cccc(OC(F)(F)F)c5)cnc34)cc2)cc1,4.1307683,4.281129,-0.15036058
Cc1oc(-c2ccccc2)nc1CCOc1cccc(C2CN(C(=O)OCC(C)C)CCC2C(=O)O)c1,5.7311883,4.5386167,1.1925716
CCCOC(=O)[C@]12CCC(C)(C)C[C@H]1C1=CC[C@@H]3[C@@]4(C)C[C@H](O)CC(C)(C)[C@@H]4CC[C@@]3(C)[C@]1(C)CC2,9.2218485,8.959411,0.26243782
Cc1nn(-c2ccc(Cl)cc2)c(Cl)c1/C=N/NC(=O)c1ccc(NS(=O)(=O)c2cccs2)cc1,7.0,5.579324,1.4206762
O=C(N/N=C/c1ccccc1)c1ccc(Nc2ccnc3cc(Cl)ccc23)cc1,6.6197886,6.253234,0.36655474
O=c1cc(-c2ccccc2)oc2cc(OCc3ccc(Cl)nc3)cc(O)c12,9.2218485,9.008508,0.21334076
Cc1oc(-c2ccccc2)nc1CCOc1cccc(C2=C(C(=O)O)CCN(Cc3ccccc3)C2)c1,9.366531,8.909167,0.45736408
O=C(Nc1nnc(-c2cccs2)o1)c1cc(-c2ccccc2)nc2ccccc12,4.0,3.6176376,0.38236237
O=C(CSc1nnc(SCc2ccccc2)s1)N/N=C/C=C/c1ccco1,7.6458917,6.5327435,1.1131482
C[C@H]1[C@H](C)CC[C@]2(C(=O)O)CC[C@]3(C)C(=CC[C@@H]4[C@@]5(C)CC[C@H](OC(=O)CCC(=O)O)C(C)(C)[C@@H]5CC[C@]43C)[C@H]12,4.30103,4.1764665,0.124563694
O=C(O)Cc1sc(N=NCc2ccccc2)nc1-c1ccccc1,4.642065,4.317574,0.32449102
N#Cc1c(NC(=O)CSc2ncnc3sccc23)oc(-c2ccco2)c1-c1ccco1,5.0,5.1862364,-0.18623638
CC(C)C(Sc1nc2cc(Cl)ccc2s1)C(=O)NS(=O)(=O)c1ccccc1,4.30103,5.152612,-0.85158205
CC1(C)CC[C@]2(C(=O)O)CC[C@]3(C)C(=CC[C@@H]4[C@@]5(C)C[C@@H](O)[C@H](O)C(C)(C)C5CC[C@]43C)[C@@H]2C1,4.133967,3.8307388,0.30322814
Oc1ccc(/C=C/c2cc(O)cc(O)c2)cc1,5.2596374,4.941674,0.31796312
CC1(C)CC[C@]2(C(=O)O)CC[C@]3(C)C(=CC[C@@H]4[C@@]5(C)C[C@@H](O)[C@H](O)C(C)(C)[C@@H]5CC[C@]43C)[C@@H]2C1,7.30103,7.292268,0.00876236
COc1ccc(NC(=O)c2cc(-c3ccco3)nc3ccccc23)cc1S(=O)(=O)N1CCOCC1,5.6575775,4.393737,1.2638407
COC(=O)[C@]12CCC(C)(C)C[C@H]1C1=CC[C@@H]3[C@@]4(C)C[C@H](O)CC(C)(C)[C@@H]4CC[C@@]3(C)[C@]1(C)CC2,9.1549015,9.042014,0.11288738
CNc1ncc2cc(-c3cc(F)ccc3F)c(=O)n(CCCCN)c2n1,7.30103,8.147813,-0.8467827
Cc1cc(C)c2nc(NNC(=O)c3cc(=O)c4ccccc4o3)sc2c1,4.69897,4.833059,-0.134089
CC[C@H]1O[C@@H](NC(=S)NN=Cc2ccc(Cl)cc2)[C@H](O)[C@@H](O)[C@@H]1O,5.4202166,5.048361,0.37185574
O=C(O)CSc1cc(C(=O)c2ccccc2O)cn2c(=O)c3c(-c4ccccc4)csc3nc12,4.950782,4.4454947,0.5052872
Cc1cc(N(CCCl)CCCl)ccc1C=NNC(=O)Cc1cc(=O)oc2cc(O)ccc12,4.412289,5.6241865,-1.2118974
Cc1cn([C@H]2CC[C@@H](COP(=O)(O)OP(=O)(O)OP(=O)(O)O)O2)c(=O)[nH]c1=O,8.29243,8.209285,0.08314514
CCOC(=O)c1c(-c2ccccc2Cl)csc1NC(=O)CSc1nc(C)cc(=O)[nH]1,6.276421,5.988074,0.28834724
CC1CCN(S(=O)(=O)c2ccc(NC(=O)Cn3nnc(-c4ccccc4F)n3)cc2)CC1,5.701147,5.5464945,0.1546526
C[C@H]1[C@H](C)CC[C@]2(C(=O)O)CC[C@]3(C)C(=CC[C@@H]4[C@@]5(C)CC(=O)CC(C)(C)[C@@H]5CC[C@]43C)[C@H]12,8.19382,8.834175,-0.6403551
Cn1ccnc1Sc1cc(NC(=O)c2cccc(N)c2)c(N)cc1F,5.6382723,4.0753307,1.5629416
O=C(NNS(=O)(=O)c1ccc2ccccc2c1)c1cc(-c2ccccn2)nc2ccccc12,4.30103,4.209069,0.091961384
CC(C)C(NC(=O)Cn1cccc(NC(=O)Oc2ccccc2)c1=O)P(=O)(Oc1ccccc1)Oc1ccccc1,7.0,6.4068832,0.59311676
CC(C)(C)C[C@H](NC(=O)c1cccc(CN)c1)C(=O)Nc1ccc(CCNC(=O)CC(C)(C)CC(=O)NCCOc2ccc(C(=O)O)cc2)cc1,7.189969,5.817665,1.372304
CC(=O)O[C@@H]1C[C@]2(C)[C@H]3CC=C4[C@@H]5CC(C)(C)CC[C@]5(C(=O)OCc5ccccc5)CC[C@@]4(C)[C@]3(C)CC[C@H]2C(C)(C)C1=O,7.154902,6.9091163,0.24578571
COc1ccc2oc(=O)c(-c3csc(Nc4cccc(O)c4)n3)cc2c1,4.326979,4.1363096,0.19066954
CC1(C)CC[C@]2(C(=O)OCc3ccccc3)CC[C@]3(C)C(=CC[C@@H]4[C@@]5(C)C[C@@H](O)C(=O)C(C)(C)[C@@H]5CC[C@]43C)[C@@H]2C1,6.0433517,6.074139,-0.030787468
Nn1cnn2c(SCC(=O)Nc3nnc(SCC(=O)Nc4ccc(S(N)(=O)=O)cc4)s3)nnc12,4.304518,3.835936,0.46858215
NC(=O)/C(=N\OC(=O)c1ccco1)c1nc(-c2ccc(Br)cc2)cs1,6.8860564,6.5728283,0.31322813
Cc1cc2[nH]c(=O)c(=O)[nH]c2cc1S(=O)(=O)N1CCN(c2cccc(C(F)(F)F)c2)CC1,6.950782,7.8153267,-0.86454487
O=S(=O)(Nc1nccs1)c1ccc(Nc2nnc(-c3ccccc3)c3ccccc23)cc1,4.30103,5.236311,-0.9352808
O=C(Cc1ccc(NC(=O)C2CCN(C(=O)C3CCCC3)CC2)cc1)Nc1cccc(C(=O)N2CCCCC2)c1,5.4317985,4.919717,0.5120816
O=c1cc(O)cc2oc(-c3ccc(O)c(-c4c(O)cc(O)c5c(=O)cc(-c6ccc(O)cc6)oc45)c3)cc(O)c1-2,5.229148,5.148351,0.08079672
C=C(C)[C@@H]1CC[C@]2(C(=O)NCCCCCCNCC)CC[C@]3(C)[C@H](CC[C@@H]4[C@@]5(C)CC[C@H](OC(C)=O)[C@@](C)(COC(C)=O)[C@@H]5CC[C@]43C)[C@@H]12,6.0,5.872529,0.12747097
COc1ccc(NC(=O)Cn2cc(COc3cc(O)c4c(=O)c5cc(Br)ccc5oc4c3)nn2)cc1OC,6.725842,4.800403,1.9254389
O=C(c1cc2ccc(F)cc2[nH]1)N1C[C@]2(CCN(C3CCNC3)C2)c2ccccc21,5.61997,4.9854603,0.63450956
CC(=O)Nc1ccccc1-c1nccc2c1[nH]c1ccccc12,6.322393,7.219292,-0.8968992
O=C(c1cc2cc(F)ccc2[nH]1)N1C[C@]2(CCN(C3CCCNC3)C2)c2ccccc21,5.0,5.3959417,-0.39594173
Clc1cccc(Nc2ncnc3[nH]c4ccccc4c23)c1,9.420217,9.295947,0.124269485
COc1cc2ncnc(N3CCN(C(=S)NCc4ccc5c(c4)OCO5)CC3)c2cc1OC,5.0,5.5779333,-0.5779333
NC(=O)C[C@H](N)C(=O)NCc1cc(C(=O)O)c(Nc2ccc(I)cc2F)c(F)c1F,8.39794,8.3062105,0.091729164
C[C@@H](c1cc2cccnc2cc1F)n1cnc2ncc(-c3cnn(C)c3)nc21,5.1426673,5.1898975,-0.047230244
CN1CCN(Cc2ccc(C(=O)Nc3ccc(OCCN4CCOCC4)c4ccccc34)cc2)CC1,4.30103,4.160304,0.14072609
C[C@@H]1CCC(N2CC[C@]3(CN(C(=O)c4cc5ccc(F)cc5[nH]4)c4ccccc43)C2)CN1,6.30103,4.809834,1.4911962
C[C@@H]1CCC(N2CC[C@]3(CN(C(=O)c4cc5ccccc5[nH]4)c4ccccc43)C2)CN1,5.1870866,5.567601,-0.38051462
COc1ccccc1CNc1ncc(C(=O)NCCCN2CCCC2=O)c(NC2CCCC2)n1,6.2596374,6.3754807,-0.115843296
CNC(=O)c1cc(Oc2ccc(NC(=O)c3ccc(CN4CCN(C)CC4)cc3)cc2)ccn1,4.823909,4.467791,0.35611773
CN1CCC(NC(=O)c2cnc(Nc3cc(Cl)cc(Cl)c3)nc2N[C@@H]2COC[C@H]2O)CC1,4.801343,5.5288715,-0.7275286
Cc1c(CN(C)C(=O)/C=C/c2cnc3c(c2)CCC(=O)N3)c2ccccc2n1C,5.429457,4.3030386,1.1264186
Cc1c(Cc2c(Cl)cccc2Cl)c(=O)ccn1/C=C/c1ccc(-c2c[nH]c(CNC(=O)Nc3ncc(Br)s3)n2)cc1,7.2006593,8.13208,-0.9314208
CC(c1cc2cc(-c3cnn(C)c3)cnc2cc1F)n1nnc2ncc(-c3cnn(CCO)c3)nc21,6.0655017,5.1869287,0.87857294
CC(=O)c1ccc(N2CCN(C(=O)CN3CC[C@@H](C(=O)Nc4ccc(O)c(Cl)c4)C3)CC2)cc1,5.7999706,5.1850576,0.614913
Cc1cccc2c(CN(C)C(=O)/C=C/c3cnc4c(c3)CCC(=O)N4)c(C)n(C)c12,3.9625735,4.22289,-0.26031637
CN(C)CCN1CCN(C(=O)c2cc(C(C)(C)C)sc2NC(=O)Nc2cccc(Cl)c2Cl)CCC1=O,8.49485,8.347521,0.14732933
COc1ccc(C(C)=NNC(=O)CNc2cc(Br)c(C)c(Br)c2)c(OC)c1,5.229148,4.8227,0.4064479
CN1C(=O)COc2c1cnc1ccc(Sc3nnc4c(F)cc(-c5cnn(C)c5)cn34)cc21,8.036212,6.7297544,1.3064575
COc1cc2c(C(=O)N3CCCCCC3)cn(C(C)C)c(=O)c2cc1OC,5.6903696,4.7755604,0.9148092
CC1=NN(S(=O)(=O)c2ccc(C)cc2)C(c2ccccc2O)C1,4.5734887,4.3132715,0.2602172
C=C(C)C1CCC2(COC(=O)C(=O)OC)CCC3(C)C(CCC4C5(C)CCC(OC(=O)C(=O)OC)C(C)(COC(=O)C(=O)OC)C5CCC43C)C12,7.8860564,6.8998804,0.986176
Oc1ccc(C[C@H]2CNC(=S)N2CC2CCCN2C[C@H](Cc2ccccc2)N2C[C@H](Cc3ccc(O)cc3)N(CCc3ccccc3)C2=S)cc1,8.065501,7.587876,0.47762537
O=C1NC[C@H](Cc2ccccc2)N(C[C@@H]2CCCN2C[C@H](Cc2ccccc2)N2C[C@H](Cc3ccc(O)cc3)N(CCc3ccccc3)C(=O)C2=O)C1=O,5.419075,4.6624517,0.75662327
CCOC(=O)CCCCCC(=O)Nc1ccc2c(c1)CC(=O)N([C@H](C)CO)C[C@@H](C)[C@H](CN(C)Cc1ccc3c(c1)OCO3)O2,5.943095,4.251972,1.691123
CC1(C)CC[C@]2(C(=O)O)CC[C@]3(C)C(=CC[C@@H]4[C@@]5(C)CC[C@H](OC(=O)Cn6cc(COC(=O)Cc7ccccc7)nn6)C(C)(C)[C@@H]5CC[C@]43C)[C@@H]2C1,5.0,5.1847486,-0.18474865
Cn1ccnc1Sc1cc(C(=O)Nc2cccc(F)c2)c(N)cc1F,4.1360826,3.7026567,0.4334259
CN(C(=O)c1ccc(C(=O)Nc2ccccc2N)cc1)c1cccc(Nc2nccc(-c3cccnc3)n2)c1,6.8996296,5.4382286,1.461401
CC1=NN(S(=O)(=O)c2ccccc2)C(c2ccccc2O)C1,5.0,4.2387667,0.7612333
CCCC(Sc1nc2ccc(OCC)cc2s1)C(=O)NS(=O)(=O)c1ccccc1,4.026341,3.570558,0.4557829
COc1ccccc1NC(=O)Nc1nc(Nc2ccc(S(=O)(=O)Nc3nc(C)cc(C)n3)cc2)nc(Oc2cccc(O)c2)n1,6.0,5.061469,0.9385309
CCOC(=O)C1=C(C)NC(NN)N(C)C1c1ccccc1,9.060481,8.762318,0.2981634
CCc1cccc2c(C=NNC(=O)c3cccc(S(=O)(=O)Nc4ccccc4Cl)c3)c[nH]c12,8.0,7.9300146,0.06998539
CCOc1cc(/C=C2\SC(=O)N(Cc3cccc([N+](=O)[O-])c3)C2=O)ccc1OCc1ccccc1,6.2839966,5.156195,1.1278014
COc1c(Cl)c(-c2ccc(O)cc2)c(OC)c(O)c1-c1ccc(O)cc1,6.790485,6.994628,-0.20414305
Cc1ccccc1CN1C(=O)C(C)Sc2ccc(-c3ccco3)cc21,4.7080097,4.6406145,0.06739521
O=C(Cn1cccc(NCc2ccc(Cl)c(Cl)c2)c1=O)NCCc1ccccc1,4.823909,4.611416,0.21249294
O=C(O)c1cnc2c([N+](=O)[O-])cccc2c1O,5.113509,6.1232834,-1.0097742
CCOC(=O)Cn1/c(=N/C(=O)c2cc(-c3cccs3)nc3ccccc23)sc2cc(S(N)(=O)=O)ccc21,5.7206235,5.7671943,-0.046570778
CN(C)c1ccc(/C=N/NC(=O)c2ccc(Nc3ccnc4cc(Cl)ccc34)cc2)cc1,7.6575775,7.936263,-0.27868557
Nc1n[nH]c2cccc(-c3ccc(C(=O)NCCNC(=O)c4ccc(Br)cc4)cc3)c12,5.0,4.5922165,0.4077835
CC(=O)N1c2ccc(-c3ccc(C(=O)O)cc3)cc2[C@H](Nc2ccc(Cl)cc2)C[C@@H]1C,7.6382723,8.390474,-0.75220203
CCOC(=O)c1ccc(NC(=O)NC2CC3CCC(C2)N3)cc1,9.886057,8.907414,0.97864246
C[C@H]1[C@H](C)CC[C@]2(C(=O)OCc3ccccc3)CC[C@]3(C)C(=CC[C@@H]4[C@@]5(C)C[C@@H](O)C(=O)C(C)(C)[C@@H]5CC[C@]43C)[C@H]12,7.0644927,5.7546425,1.3098502
O=C1N(c2cccc(Cl)c2)C(c2ccc(Cl)cc2)N2CCCN12,4.026341,3.6988924,0.3274486
OCc1nc2c(s1)c(-c1ccc(O)cc1)c(O)c1oc3cc(O)c(O)cc3c12,3.8239088,3.7048411,0.11906767
O=c1[nH]cnc2c1C(c1ccccc1)c1c(nc[nH]c1=O)O2,4.69897,4.261829,0.43714094
Cc1c(Cc2c(Cl)cccc2Cl)c(=O)ccn1CCc1ccc(-c2c[nH]c(CNC(=O)Nc3ncc[nH]3)n2)cc1,4.30103,4.5841064,-0.2830763
CS(=O)(=O)c1ccc2nc(NC(=O)NCCc3cnc[nH]3)sc2c1,8.180456,6.981783,1.1986732
O=C(CSc1nc2ccccc2[nH]1)Nc1nc2ccc(C(=O)O)cc2s1,7.154902,7.2271547,-0.07225275
COc1ccc2sc(NC(=O)NCc3nc4ccccc4[nH]3)nc2c1,4.468521,4.0824475,0.3860736
O=C(Nc1nc2ccccc2s1)OCc1nc2ccccc2[nH]1,4.958607,4.9754972,-0.016890049
O=c1ccc2ccc(OCC(O)CSc3nnc(-c4ccco4)c(-c4ccco4)n3)cc2o1,9.508638,9.312215,0.19642353
O=c1ccc2ccc(OCC(O)CSc3nnc(-c4ccccc4)c(-c4ccccc4)n3)cc2o1,4.959358,4.113618,0.8457403
O=C(NCc1nc(-c2ccccc2)c[nH]1)Nc1nc(-c2ccccc2)cs1,7.2676063,6.5599995,0.7076068
CN(C)CCOc1ccc(C(=O)NCc2cccc(C(=O)N[C@@H](CC(C)(C)C)C(=O)NCc3ccccn3)c2)cc1,4.6811023,6.1115246,-1.4304223
O=c1oc2ccccc2cc1OCC(O)CSc1nnc(-c2ccco2)c(-c2ccco2)n1,10.09691,8.606261,1.4906492
O=C(CSc1nc2ccccc2[nH]1)Nc1nc2ccccc2s1,5.5850267,5.3378305,0.2471962
COc1cccc2sc(NC(=O)NCc3nc4ccccc4[nH]3)nc12,3.747147,3.8191433,-0.07199621
O=C(O)CSc1nc2ccccc2[nH]1,7.0457573,5.273682,1.7720752
Nc1nc2ccc(C(=O)O)cc2s1,5.337242,4.543899,0.79334307
Cn1cc(CNC(=O)/C=C/c2cnc3c(c2)CCC(=O)N3)c2ccccc21,4.09691,4.125906,-0.02899599
Cc1ccc(NC(=O)c2ccc(C(=O)Nc3ccccc3N)nc2)cc1Nc1ncc(-c2cccnc2)cn1,6.3089185,5.693426,0.61549234
O=c1ccc2ccc(OCC(O)CSc3nnc(-c4cccc(F)c4)c(-c4cccc(F)c4)n3)cc2o1,6.7144427,7.059108,-0.34466505
O=c1ccc2ccc(OCC(O)CSc3nnc(-c4ccc(F)cc4)c(-c4ccc(F)cc4)n3)cc2o1,4.026655,3.7678704,0.25878477
O=c1/c(=C\c2ccc(O)cc2)sc2n1C(c1ccccc1)C(c1ccccc1)=NN=2,5.2358236,5.414767,-0.17894316
COc1ccc(NC(=O)CSc2nc3nc(-c4cccs4)cc(C(F)(F)F)c3c(=O)[nH]2)c(OC)c1,5.0,4.3648705,0.63512945
C=CCOc1ccc(-c2c(OC)cc(-c3ccc(O)cc3)c(OC)c2O)cc1,6.0,6.6099143,-0.6099143
COc1ccc(NC(=O)Cn2cc(COc3cc(OC(C)=O)c4c(=O)c5cc(Br)ccc5oc4c3)nn2)cc1OC,3.69897,3.9985611,-0.29959106
COc1cc(C=O)ccc1OCC(=O)Nc1sc2c(c1C#N)CCOC2,5.69897,4.53084,1.1681299
Cc1ccc(C2(SC[C@H](N)C(=O)O)c3ccccc3-c3ccccc32)cc1,6.5850267,6.144022,0.44100475
O=C(O)c1ccccc1NS(=O)(=O)c1ccc(N=[NH+]Cc2ccc([O-])c(O)c2)c([N+](=O)[O-])c1,4.0457573,4.003656,0.042101383
CN(Cc1ccccc1)S(=O)(=O)c1ccc(Cl)c(C(=O)N2CCC2)c1,3.8239088,3.7892587,0.034650087
N#Cc1c(SCc2c(Cl)cccc2Cl)nc(N)[nH]c1=S,4.920819,3.8373206,1.0834982
O=C(CCCC(=O)Nc1ccc(Br)cc1)N/N=C/c1c2ccccc2cc2ccccc12,6.5086384,5.5044193,1.004219
O=c1c(NCc2ccc(Cl)c(Cl)c2)cccn1Cc1ccccc1,4.595166,4.431965,0.16320133
COC(=O)[C@@]1(C)[C@@H]2CC[C@]3(C)[C@H](CC=C4[C@@H]5[C@@H](C)[C@H](C)CC[C@]5(C(=O)O)CC[C@]43C)[C@@]2(C)C[C@@H](OC(C)=O)[C@@H]1OC(C)=O,4.696804,3.728004,0.96880007
Cc1nn(C)c2nnc(Nc3ccc(S(N)(=O)=O)cc3)nc12,6.29073,5.5651464,0.72558355
O=C(CCC(=O)Nc1ccc(Br)cc1)N/N=C/c1c2ccccc2cc2ccccc12,6.0457573,6.082041,-0.036283493
COc1ccc(NC(=O)Cn2cc(COc3cc(OC(C)=O)c4c(=O)c5ccc(OC)cc5oc4c3)nn2)c(OC)c1,6.30103,6.2300177,0.0710125
COCCN(C)/N=N/c1ccc(C(=O)Nc2cccc(Nc3nccc(-c4cccnc4)n3)c2)cc1,8.522879,8.442643,0.08023548
COc1cccc(Nc2nc(-c3sc(NC(=O)c4ccco4)nc3C)cs2)c1,4.7931743,4.741626,0.05154848
CCOC(=O)C1=C(C)NC(SC)N(C)C1c1ccc([N+](=O)[O-])cc1,3.69897,4.169201,-0.47023082
Nc1cc(F)c(Sc2nncs2)cc1C(=O)Nc1cccc(F)c1,4.30103,4.6541204,-0.3530903
CCn1c2ccccc2c2cc(C=Nn3c(-c4cc(C)[nH]n4)n[nH]c3=S)ccc21,6.0,6.3265915,-0.3265915
COC(=O)[C@]12CC[C@@H](C)[C@H](C)[C@H]1C1=CC[C@@H]3[C@@]4(C)C[C@@H](O)[C@@H](O)C(C)(C)[C@@H]4CC[C@@]3(C)[C@]1(C)CC2,9.60206,8.921157,0.68090343
C[C@]12CCC3C(C(=O)C[C@H]4C[C@@H](O)CC[C@]34C)C1CCC2=O,4.30103,4.228716,0.07231426
O=[N+]([O-])c1cccc(Nc2nccc(-c3cccnc3)n2)c1,4.30103,4.1969047,0.1041255
Cc1nn(C)c2nnc(Nc3ccc(S(=O)(=O)NCC(O)CO)cc3)nc12,4.0963674,4.0168915,0.07947588
CC1(C)CC[C@]2(C(=O)O)CC[C@]3(C)C(=CC[C@@H]4[C@@]5(C)C[C@H](O)[C@H](O)C(C)(C)C5CC[C@]43C)[C@@H]2C1,5.860121,5.7055974,0.15452337
CC1(C)CC[C@]2(C(=O)O)CC[C@]3(C)C(=CC[C@@H]4[C@@]5(C)C[C@H](O)[C@H](O)C(C)(C)[C@@H]5CC[C@]43C)[C@@H]2C1,4.283162,4.3479295,-0.06476736
O=C(Nc1nnc(SCc2ccc(F)cc2)s1)C1Cc2ccccc2CN1C(=O)c1ccco1,5.152427,5.659013,-0.5065856
C=C(C)[C@@H]1CC[C@]2(C(=O)NCCCCCCNC(C)=O)CC[C@]3(C)[C@H](CC[C@@H]4[C@@]5(C)CC[C@H](OC(C)=O)[C@@](C)(COC(C)=O)[C@@H]5CC[C@]43C)[C@@H]12,9.585027,9.262414,0.32261276
Cc1ccccc1CN1C[C@@H]2C[C@@H](c3ccc4nsnc4c3)N3CCC[C@@]23C1=O,4.2125397,3.886187,0.3263526
O=C(O)COc1ccccc1/C=N/NC(=O)c1cc(-c2ccc(Cl)cc2)nc2ccccc12,4.8556437,4.4111614,0.44448233
N[C@@H](CSC1(c2ccc(Cl)cc2)c2ccccc2-c2ccccc21)C(=O)O,6.0,6.5132694,-0.5132694
O=C(Cn1cccc(NCc2ccccc2)c1=O)NCc1ccccc1,8.4957,8.753261,-0.25756073
CC1(C)CC[C@]2(C(=O)O)CC[C@]3(C)C(=CCC4[C@@]5(C)CC[C@H](OC(=O)CCC(=O)O)C(C)(C)C5CC[C@]43C)[C@@H]2C1,7.49485,7.812815,-0.31796503
CCCCC1=CC2=CC(=O)C(C)(OC(=O)c3cccs3)C(=O)C2=CO1,4.026341,3.8365452,0.18979573
C#CCN(C[C@@H]1c2c(c(O)n(-c3ccccc3)c2O)C[C@@H](OC(=O)Nc2cccs2)[C@H]1OC(=O)Nc1cccs1)S(=O)(=O)c1ccc(C)cc1,4.026438,3.6506414,0.3757968
CC1(C)CC[C@]2(C(=O)O)CC[C@]3(C)C(=CC[C@@H]4[C@@]5(C)CC[C@H](OC(=O)CCC(=O)O)C(C)(C)[C@@H]5CC[C@]43C)[C@@H]2C1,9.187087,8.866448,0.32063866
C=C(C)[C@@H]1CC[C@]2(COC(=O)C(=O)NCCCC)CC[C@]3(C)[C@H](CC[C@@H]4[C@@]5(C)CC[C@H](OC(=O)C(=O)NCCCC)[C@@](C)(COC(=O)C(=O)NCCCC)[C@@H]5CC[C@]43C)[C@@H]12,5.5850267,4.7479033,0.8371234
COc1cc(OC)cc(-c2ccc(-c3ccc(O)cc3)cc2)c1,5.407823,5.0292883,0.3785348
Cc1ccc(NC(=O)c2ccc(C(=O)Nc3ccccc3N)nc2)cc1Nc1ncc(-c2cccnc2)s1,3.8239088,3.5764346,0.2474742
CC(=O)O[C@@H]1C[C@]2(C)[C@H]3CC=C4[C@@H]5[C@@H](C)[C@H](C)CC[C@]5(C(=O)O)CC[C@@]4(C)[C@]3(C)CC[C@H]2C(C)(C)[C@H]1OC(C)=O,6.3214817,6.378914,-0.057432175
O=C(NC(=S)Nc1cccc(S(=O)(=O)NC2=NCCC2)c1)c1cc(-c2ccco2)nc2ccccc12,9.142668,9.302475,-0.1598072
C[C@@H](NC(=O)[C@@H](C)NC(=O)c1ccc(S(=O)(=O)Oc2ccc(/C=C/[N+](=O)[O-])cc2)cc1)C(=O)O,4.0261245,4.342862,-0.31673765
CCC(c1nc2ccccc2c(=O)n1CCCn1ccnc1)N1C(=O)c2ccccc2C1=O,7.154902,6.4808636,0.6740384
Cc1cccc2sc(NNC(=O)c3cc(=O)c4ccccc4o3)nc12,6.39794,5.5872526,0.81068754
CSCC[C@H](NC(=O)c1cccnc1)C(=O)Nc1nc(-c2ccccc2)cs1,5.29243,4.138336,1.1540937
C[C@@H]1CN([C@H](C)CO)C(=O)c2cc(NC(=O)c3ccncc3)ccc2O[C@@H]1CN(C)C(=O)Nc1ccccc1,5.083493,4.7316103,0.35188293
COc1cc2c(ccc3cc(OC)c(OC)c(O)c32)cc1O,9.031517,8.462833,0.5686836
COc1cc(-c2ccc(O)cc2)c(OC)c(OC(=O)c2ccco2)c1-c1ccc(O)cc1,6.159894,4.7549706,1.4049234
Cc1cc(C=O)ccc1OCC(=O)Nc1sc2c(c1C#N)CCC(C)C2,5.821023,5.95006,-0.1290369
COc1cc(C=O)ccc1OCC(=O)Nc1sc2c(c1C#N)CCC2,5.9829664,4.3078384,1.675128
CCc1cccc2c1NC(=O)C21N2CCCC2C(C(=O)c2ccc3ccccc3c2)C12C(=O)Nc1ccccc12,5.075721,3.957271,1.1184497
O=C(Nc1ccc(NS(=O)(=O)c2cccc(F)c2)cc1)Nc1ccc([N+](=O)[O-])cc1,4.2332897,3.756275,0.47701478
O=c1[nH]c(NNC(=S)NCc2ccccc2)nc2c1C1(CCCCC1)Cc1ccccc1-2,4.7212462,5.3300843,-0.6088381
COc1ccc(NC(=O)CN2CCN(c3ccc(F)cc3F)CC2)cc1OC,7.1870866,6.0927587,1.0943279
CCOC(=O)C1=C(C)NC(SC)N(C)C1c1cccc(OC)c1OC,4.69897,4.488552,0.21041775
O=C(Nc1ccc(N2CCCC2)cc1)c1cc(Br)ccc1Cl,6.5850267,5.897605,0.6874218
C=C(C)[C@@H]1CC[C@]2(COC(=O)C(=O)NC(C)C)CC[C@]3(C)[C@H](CC[C@@H]4[C@@]5(C)CC[C@H](OC(=O)C(=O)NC(C)C)[C@@](C)(COC(=O)C(=O)NC(C)C)[C@@H]5CC[C@]43C)[C@@H]12,4.707744,3.9524198,0.75532436
O=C(c1cc(Cc2n[nH]c(=O)c3ccccc23)ccc1F)N1CCn2c(nnc2-c2ccc(Br)o2)C1,6.71688,4.3352118,2.381668
CC1=NN(C(=O)c2ccccc2Cl)C(c2ccccc2O)C1,6.1579967,4.942814,1.2151828
Nc1c(C(=O)Nc2cccc(F)c2)sc2nc(-c3cccs3)ccc12,4.0,5.3602743,-1.3602743
CNCCOc1ccc(C(=O)NCc2cccc(C(=O)N[C@@H](COC(C)(C)C)C(=O)Nc3ccc(CCC(=O)O)cc3)c2)cc1,7.0,6.4965734,0.50342655
COc1ccccc1OCc1ccc(C(=O)N2CCN(C(=O)c3ccco3)CC2)cc1,9.207608,8.384368,0.8232403
CC(C)(C)n1nc2c(c1NC(=O)c1ccc(S(=O)(=O)N3CCCC3)cc1)CSC2,6.4436975,5.3138247,1.1298728
O=C(Nc1ccc(NS(=O)(=O)c2cccc(F)c2)cc1)Nc1ccccc1[N+](=O)[O-],4.69897,5.637288,-0.93831825
O=C(/C=C(O)/C=C/c1cccc(O)c1)c1cc(Cl)ccc1O,5.4173684,4.4068546,1.0105138
Cc1ccc(C(=O)Nc2ccc(Cl)c(C(F)(F)F)c2)cc1/C=C/n1cnc2c(NC3CC3)ncnc21,7.69897,6.460338,1.2386317
O=C1NC[C@@H](CCCCN2C[C@H](Cc3ccc(O)cc3)N(CCC3CCCCC3)C(=O)C2=O)N(CC2CCCCC2)C1=O,6.91364,6.0087795,0.9048605
CCC(=O)n1cc2c(n1)C(C)(C)[C@@H]1CC[C@]3(C)[C@H](CC=C4[C@@H]5CC(C)(C)CC[C@]5(C(=O)O)CC[C@]43C)[C@@]1(C)C2,6.0,6.0288043,-0.028804302
CC1(C)CC[C@]2(C(=O)OCCCBr)CC[C@]3(C)C(=CC[C@@H]4[C@@]5(C)C[C@H](O)CC(C)(C)[C@@H]5CC[C@]43C)[C@@H]2C1,7.6777806,8.321575,-0.64379454
Cn1c2ccccc2c2cc(/C=N/NC(=O)c3cc(O)ccc3O)ccc21,4.0,3.8403177,0.15968227
O=C1NC[C@H](Cc2ccccc2)N(C[C@H]2CCCN2C[C@H](Cc2ccccc2)N2C[C@H](Cc3ccc(O)cc3)N(CC3CCCCCC3)C(=O)C2=O)C1=O,5.229148,3.9916608,1.2374871
CCN(CC)C(=O)CSc1ncnc2c(-c3cccs3)nsc12,4.6382723,4.8443685,-0.20609617
NC(=O)[C@H]1CC2(CC(c3cccc(NC(=O)COc4ccc(Cl)cc4)c3)=NO2)CN1C(=O)CC(c1ccccc1)c1ccccc1,7.950782,8.208911,-0.25812912
CC(=O)O[C@@H]1C[C@]2(C)[C@H]3CC=C4[C@@H]5[C@@H](C)[C@H](C)CC[C@]5(C(=O)O)CC[C@@]4(C)[C@]3(C)CC[C@H]2C(C)(C)[C@H]1O,9.267606,9.202481,0.06512451
Cc1cc(C)c2nc(NNC(=O)c3ccc(S(=O)(=O)N4CCc5ccccc5C4)cc3)sc2c1,8.522879,8.484392,0.03848648
O=C(Nc1ccc(S(=O)(=O)Nc2nccs2)cc1)c1cccc(N2C(=O)c3ccccc3C2=O)c1,4.312471,4.1567764,0.15569448
CCOc1cc(/C=C2\SC(=O)N(Cc3cccc([N+](=O)[O-])c3)C2=O)ccc1OCc1ccc([N+](=O)[O-])cc1,5.5686364,5.260831,0.30780554
CCC(Sc1nc2ccsc2c(=O)n1Cc1ccc(C(=O)O)cc1)C(=O)Nc1ccc(C)c(Cl)c1,7.6575775,6.7664447,0.89113283
Cc1noc(C)c1NC(=O)N(C)C[C@@H]1Oc2c(NC(=O)c3ccncc3)cccc2C(=O)N([C@H](C)CO)C[C@@H]1C,4.0,3.555909,0.44409108
COc1ccc(C(=O)OCc2cn(CC(=O)O[C@H]3CC[C@]4(C)[C@H]5CC=C6[C@@H]7CC(C)(C)CC[C@]7(C(=O)OCc7ccccc7)CC[C@@]6(C)[C@]5(C)CC[C@H]4C3(C)C)nn2)cc1,8.522879,8.398586,0.12429237
CN1CCN(C(=O)CSc2nc(-c3ccncc3)ccc2C#N)CC1,7.9065785,8.287936,-0.38135767
Cc1nn(C)c2nnc(Nc3ccc(S(=O)(=O)NCCO)cc3)nc12,4.406714,3.777946,0.62876797
O=C(NC1CC1)c1cncc(-c2ccc(C(=O)N[C@H]3CN[C@@H](C(=O)Nc4ccc(Cl)c(C(F)(F)F)c4)C3)cc2)c1,4.90309,4.6435757,0.25951433
c1coc(-c2ccc3nncn3c2)c1,4.1045775,4.229476,-0.12489843
CC1=C(C(=O)O)C(c2ccc(C)cc2)NC(=S)N1,6.8894105,6.464585,0.42482567
Cc1ccc([N+](=O)[O-])cc1S(=O)(=O)Nc1cccc(-c2ccc(N3CCCC3)nn2)c1,9.39794,8.875503,0.5224371
COc1ccc(NS(=O)(=O)c2ccc(NC(=S)NC(=O)C=Cc3ccc(C)cc3)cc2)nn1,6.0,5.4275894,0.5724106
CCOC(=O)C1=C(C)n2nnnc2N(C)C1c1ccccc1,4.30103,4.800734,-0.49970388
COc1cc(Cl)c(O)c([C@@H]2O[C@H](CO)[C@@H](O)[C@H](O)[C@H]2O)c1,9.065501,9.071917,-0.006415367
CN(C)CCN1Cc2cccc3cccc(c23)C1,5.0,4.752864,0.24713612
CN1Cc2ccc3c4c(ccc(c24)C1)CN(C)C3,4.8079066,4.3629827,0.44492388
O=c1c2cnn(-c3ccccc3)c2n2c(-c3ccccc3)nnc2n1-c1ccccc1,5.0,4.563946,0.43605423
Cc1ccc(NC(=O)c2cccc(C(F)(F)F)c2)cc1/C=C/n1cnc2c(Nc3ccncn3)ncnc21,7.823909,8.483661,-0.6597519
CN(C)CCN1C(=O)c2cccc3cccc(c23)C1=O,4.121478,3.7993143,0.32216382
CSCC[C@H](NC(=O)N1CCCCC1)C(=O)Nc1nc(-c2ccccc2)cs1,5.0,5.0619574,-0.06195736
CSc1ccccc1Nc1nc(N2CCNCC2)nc2c(NCC3CC3)ncnc12,9.443698,6.916911,2.5267868
COc1ccccc1-n1c(SCc2cc(=O)oc3cc(O)ccc23)nc2ccccc2c1=O,5.0,5.0688148,-0.068814754
O=S(=O)(O)c1cc(O)c2ccc(Nc3ccccc3)cc2c1,5.1174755,4.374058,0.74341774
C[C@H]1[C@H](C)CC[C@]2(C(=O)O)CC[C@]3(C)C(=CC[C@@H]4[C@@]5(C)Cc6cn[nH]c6C(C)(C)[C@@H]5CC[C@]43C)[C@H]12,8.721247,8.214024,0.5072231
COc1ccc(NC(=O)N(C)C[C@H]2Oc3ccc(NC(=O)c4ccncc4)cc3C(=O)N([C@H](C)CO)C[C@@H]2C)cc1,4.7999983,4.7174835,0.08251476
Cc1[nH]c2ncnc(Nc3cccc(Cl)c3)c2c1C,9.1549015,8.826424,0.32847786
COc1ccc(NS(=O)(=O)c2ccc(NC(=S)NC(=O)C=Cc3ccccc3)cc2)nn1,7.5606675,9.129741,-1.5690732
C=C(C)[C@@H]1CC[C@]2(C(=O)NCC(=O)N[C@@H](Cc3ccccc3)C(=O)OC)CC[C@]3(C)[C@H](CC[C@@H]4[C@@]5(C)CC[C@H](O)[C@@](C)(CO)[C@@H]5CC[C@]43C)[C@@H]12,5.1079054,4.7134895,0.39441586
O=C(Nc1ccn(CCCN(CCCn2ccc(NC(=O)OCc3ccccc3)nc2=O)CCc2cc3ccccc3[nH]2)c(=O)n1)OCc1ccccc1,5.0,4.3349466,0.66505337
O=C(/C=C(O)/C=C/c1ccc(O)cc1O)c1ccccc1O,5.275724,4.8258085,0.4499154
CC1(C)CC[C@]2(C(=O)O)CC[C@]3(C)C(=CC[C@@H]4[C@@]5(C)C[C@@H](OC(=O)c6ccccc6)CC(C)(C)[C@@H]5CC[C@]43C)[C@@H]2C1,8.408936,8.92031,-0.5113745
C[C@H]1[C@H](C)CC[C@]2(C(=O)OCc3ccccc3)CC[C@]3(C)C(=CC[C@@H]4[C@@]5(C)C[C@@H](O)[C@H](O)C(C)(C)[C@@H]5CC[C@]43C)[C@H]12,5.6575775,4.9131045,0.744473
O=c1c(F)cn(C2CCCO2)c(=O)n1CCCCCN1C[C@H](O)[C@@H](O)[C@H](O)[C@H]1CO,4.5228786,5.0821466,-0.559268
O=C(C1=C(O)/C(=C/c2ccc(O)c(O)c2)CCC1)c1ccccc1,5.172631,4.6326323,0.53999853
Nc1ncnc2c1ncn2[C@@H]1O[C@H](COP(=O)(O)OP(=O)(O)OP(=O)(O)OP(=O)(O)Oc2ccccc2)[C@@H](O)[C@H]1O,4.0,3.6630154,0.33698463
CCC(C)n1c(=O)c(C(=O)Nc2ccccc2S(N)(=O)=O)c(O)c2ccccc21,7.3925447,7.329255,0.06328964
CC1(C)CC[C@]2(C(=O)O)CC[C@]3(C)C(=CC[C@@H]4[C@@]5(C)CC[C@H](OC(=O)COCCOCCNC(=O)c6ccc(C(=O)c7ccc(NC(=O)CCCC[C@@H]8SC[C@@H]9NC(=O)N[C@@H]98)cc7)cc6)C(C)(C)[C@@H]5CC[C@]43C)[C@@H]2C1,4.9469213,4.2059784,0.74094296
CC1=C(C(=O)[C@H](C)c2ccccc2)C(c2ccc(C)cc2)NC(=S)N1,4.823909,4.167593,0.6563158
COc1ccccc1C=CC=NNC(=O)c1cc(-c2ccco2)n[nH]1,7.0457573,5.437622,1.6081352
COc1ccc(Oc2c(OC)cc(NCc3ccc(CN)cc3)c3ncccc23)cc1,5.2596374,4.9268208,0.3328166
CCn1c(SCC(=O)Nc2nc(-c3ccc(C)cc3)cs2)nnc1-c1ccccc1O,6.0,5.140713,0.8592868
CC(C)C(NC(=O)C(C)n1cccc(NC(=O)Oc2ccccc2)c1=O)P(=O)(Oc1ccccc1)Oc1ccccc1,4.0,4.2812996,-0.2812996
Cc1ccc(-n2nnnc2SCC(=O)c2nnc(-c3ccc(Cl)cc3)o2)cc1,6.415997,5.424451,0.99154615
COc1cc(OC)cc(-c2ccc3cc(O)ccc3c2)c1,3.3429441,3.7228622,-0.3799181
Cc1cccc2sc(NNC(=O)c3ccc(S(=O)(=O)N4CC(C)CC(C)C4)cc3)nc12,6.0,6.4410677,-0.4410677
Cc1cc(C)c2sc(NNC(=O)c3ccc(S(=O)(=O)N4CCc5ccccc5C4)cc3)nc2c1,7.2839966,4.353904,2.9300928
CCOc1cc(/C=C2\SC(=O)N(Cc3cccc([N+](=O)[O-])c3)C2=O)ccc1OS(=O)(=O)c1ccc(C)cc1,7.6575775,7.217712,0.4398656
C#CCN(C[C@@H]1c2c(c(O)n(-c3ccccc3)c2O)C[C@@H](OC(=O)NCc2ccccc2)[C@H]1OC(=O)NCc1ccccc1)S(=O)(=O)c1ccc(C)cc1,8.638272,8.422501,0.21577168
CC(=O)O[C@H]1CC(C)(C)[C@@H]2CC[C@]3(C)[C@H](CC=C4[C@@H]5CC(C)(C)CC[C@]5(C(=O)O)CC[C@]43C)[C@@]2(C)C1,4.0259905,3.450315,0.5756755
CCn1c2ccccc2c2cc(NC(=O)CSc3nccc(=O)[nH]3)ccc21,4.212335,5.1219983,-0.9096632
COc1ccc(OC)c(/C=C/C(=O)OCC(=O)Nc2nnc(-c3ccccc3)o2)c1,4.269379,3.6026566,0.66672254
COc1ccc(NC(=O)Cn2cc(COc3cc(OC(C)=O)c4c(=O)c5cc(OC)ccc5oc4c3)nn2)c(OC)c1,4.0,3.983498,0.016501904
Cc1ccc(C)c(NC(=O)C(OC(=O)c2ccc(NC(=O)CC#N)cc2)c2ccccc2)c1,5.29073,4.867692,0.423038
CC(=O)NCCCC[C@H](NC(=O)c1ccccc1)C(=O)Nc1nc(-c2ccccc2)cs1,7.7212462,6.47817,1.2430763
O=C(O)c1ccc(COc2ccc3ccccc3c2/C=N/c2ccc(N3CCOCC3)cc2)cc1,9.283997,9.294911,-0.010914803
C=C(C)[C@@H]1CC[C@]2(C(=O)O)CC[C@]3(C)[C@H](CC[C@@H]4[C@@]5(C)CC[C@H](O)C(C)(C)[C@@H]5CC[C@]43C)[C@@H]12,5.8416376,5.8929505,-0.051312923
CCc1cccc(-c2nn3c(c2-c2ccncc2)C(C)C(C)(C)C3)n1,6.161151,5.299016,0.86213493
CCCCCCCCCCCCCCCc1cccc(O)c1C(=O)O,6.2090116,6.0889244,0.12008715
COS(=O)(=O)[C@@H]1C[C@]2(C)[C@H]3CC=C4[C@@H]5[C@@H](C)[C@H](C)CC[C@]5(C(=O)OCc5ccccc5)CC[C@@]4(C)[C@]3(C)CC[C@H]2C(C)(C)[C@H]1O,9.2218485,8.902881,0.31896782
Cc1ccc(/C=N/NC(=O)c2ccc(Nc3ccnc4cc(Cl)ccc34)cc2)cc1,4.133695,3.5838811,0.549814
Cn1ccnc1Sc1cc(C(=O)Nc2nccs2)c(N)cc1F,6.8664613,6.68587,0.1805911
CC(C)C[C@@H](CNCC(=O)[C@H](CC(=O)O)NC(=O)c1[nH]cnc1C(=O)N[C@H](C[NH3+])CC(C)C)NC(=O)c1nc[nH]c1C(=O)N[C@@H](Cc1ccccc1)C(=O)O,7.09691,7.837859,-0.74094915
N#Cc1cccc(NC(=O)c2cc(Sc3nncs3)c(F)cc2N)c1,8.376751,7.841256,0.5354948
CCOC(=O)C1=C(C)NC(SC)N(C)C1c1ccc(C)cc1,5.1351333,5.077032,0.058101177
Cc1ccc(C)c(CC(=O)Nc2ccccc2-c2cccc3c2[nH]c2ccccc23)c1,6.8041005,6.057623,0.7464776
O=C(NNC(=O)c1cc2cc(Br)ccc2oc1=O)c1ccc(O)cc1O,4.09691,4.191098,-0.09418821
COc1cc(C=Cc2ccc3c(Br)cc(Br)c(O)c3n2)ccc1O,5.978811,6.8219633,-0.8431525
Nc1ncnc2c1ncn2[C@@H]1O[C@H](COC(=O)c2ccc(S(=O)(=O)NCc3ccccc3)cc2)[C@@H](O)[C@H]1O,5.8198743,3.8841734,1.9357009
C=CCC[C@@H]1N[C@H](CO)[C@H](O)[C@H](O)[C@H]1C,4.0,5.5283427,-1.5283427
Cc1cccc(C2(c3cccc(C)c3)CC2C(=O)Nc2ccc([N+](=O)[O-])cc2O)c1,4.0357404,4.1813927,-0.1456523
CCc1nnc(NS(=O)(=O)c2ccc(NC(=S)NC(=O)C=Cc3ccc(F)cc3)cc2)s1,4.6999917,4.43781,0.26218176
CCOC(=O)C1=C(C)n2nnnc2N(C)C1c1cccc(O)c1,5.938001,7.0789337,-1.1409326
CN(C)c1cccc(C(=O)N2CCN(C(=O)c3ccc(-c4ccccn4)cc3)CC2)c1,6.0,5.520404,0.47959614
Cc1c(C(=O)NNC(=O)c2ccccc2O)oc2ccc(Br)cc12,8.207608,6.129616,2.0779924
CCOC(=O)c1ccccc1-n1c(O)c2c(c1O)C(C=Cc1ccccc1)c1sc(=O)[nH]c1S2,4.026341,3.3910332,0.6353078
COc1cccc(C2c3c(-c4cc(Cl)c(C)cc4O)n[nH]c3C(=O)N2Cc2cccnc2)c1,5.0952845,4.634449,0.46083546
C=C(C)[C@@H]1CC[C@]2(C(=O)O)CC[C@]3(C)[C@H](CC[C@@H]4[C@@]5(C)[C@H](C(=O)OC)[C@H](OC(C)=O)C(C)(C)[C@@H]5CC[C@]43C)[C@@H]12,6.0,4.939001,1.0609989
CC(C)C(Sc1nc2cc(Cl)ccc2s1)C(=O)NS(C)(=O)=O,9.102373,8.636323,0.46605015
CCOc1cc(/C=C2\SC(=O)N(Cc3cccc([N+](=O)[O-])c3)C2=O)ccc1OCc1ccc(F)cc1,6.0,5.5421996,0.4578004
CCOC(=O)[C@]12CC[C@@H](C)[C@H](C)[C@H]1C1=CC[C@@H]3[C@@]4(C)C[C@@H](O)[C@H](O)C(C)(C)[C@@H]4CC[C@@]3(C)[C@]1(C)CC2,6.21467,4.709178,1.5054922
CC1(C)CC[C@]2(C(=O)OCc3ccccc3)CC[C@]3(C)C(=CC[C@@H]4[C@@]5(C)CC(N=O)C(=O)C(C)(C)[C@@H]5CC[C@]43C)[C@@H]2C1,4.950782,3.5743592,1.3764226
CC1(C)CC[C@]2(C(=O)OCc3ccccc3)CC[C@]3(C)C(=CCC4[C@@]5(C)CC(N=O)C(=O)C(C)(C)C5CC[C@]43C)[C@@H]2C1,4.4596705,3.4805608,0.97910976
CC1(C)CC[C@]2(C(=O)OCc3ccccc3)CC[C@]3(C)C(=CC[C@@H]4[C@@]5(C)Cc6cn(CC(=O)O)nc6C(C)(C)[C@@H]5CC[C@]43C)[C@@H]2C1,8.917214,9.017875,-0.100660324
O=C(O)c1cc(NC(=O)c2cc([N+](=O)[O-])cc([N+](=O)[O-])c2)cc(NC(=O)c2cc([N+](=O)[O-])cc([N+](=O)[O-])c2)c1,8.987163,8.493468,0.4936943
CC1=C(C(=O)[C@@H](C)c2ccccc2)C(c2ccc(C)cc2)NC(=S)N1,5.2026634,4.687437,0.51522636
OC[C@H]1O[C@@H](O[C@@H]2OC=C[C@H]3[C@H](O)[C@@H]4O[C@]4(CO)[C@@H]23)[C@H](O)[C@@H](O)[C@@H]1O,5.559091,4.798828,0.76026297
N#C/C(=C\c1ccc(OCc2ccccc2)cc1)c1nc2ccccc2s1,5.0,5.1911044,-0.19110441
CCC(C)C(NC(=O)Cn1cccc(NC(=O)Oc2ccccc2)c1=O)P(=O)(Oc1ccccc1)Oc1ccccc1,4.0264335,3.897306,0.1291275
CC1(C)CC[C@]2(C(=O)OCc3ccccc3)CC[C@]3(C)C(=CC[C@@H]4[C@@]5(C)C[C@@H](OC(=O)c6ccccc6)CC(C)(C)[C@@H]5CC[C@]43C)[C@@H]2C1,5.3485284,4.124327,1.2242012
CC(C)C(NC(=O)[C@@H]1C[C@H](O)CN1C(=O)[C@@H](NC(=O)OC(C)(C)C)C(C)(C)C)P(=O)(Oc1ccccc1)Oc1ccccc1,5.0,4.220257,0.7797432
CC1(C)CC[C@]2(C(=O)OCCCCBr)CC[C@]3(C)C(=CC[C@@H]4[C@@]5(C)C[C@H](O)CC(C)(C)[C@@H]5CC[C@]43C)[C@@H]2C1,6.4317985,4.595297,1.8365016
COc1ccc(C)c2c1C(=O)OC(C)C2,6.1191864,5.613624,0.5055623
CC(=O)c1cccc(NC(=O)C(OC(=O)c2cccc(S(=O)(=O)N(C)c3ccccc3)c2)c2ccccc2)c1,4.8063188,4.1500287,0.65629005
COc1cccc(C(=O)N2CCN(C(=O)c3ccc(-c4cccc5[nH]nc(N)c45)cc3)CC2)c1,4.0,4.2566357,-0.25663567
CC1(C)CC[C@]2(C(=O)O)CC[C@]3(C)C(=CC[C@@H]4[C@@]5(C)Cc6cn(S(C)(=O)=O)nc6C(C)(C)[C@@H]5CC[C@]43C)[C@@H]2C1,6.0,5.282857,0.71714306
Nc1nc2c(s1)=C(c1ccc(O)cc1)C(=O)C(=O)C=2c1ccc(O)cc1,5.0,5.180441,-0.1804409
COc1cc2ncccc2cc1NC(=O)c1csc2cncnc12,6.0,5.0719557,0.9280443
COc1ccc(-n2c(C(=O)O)c(Oc3cccc(C(F)(F)F)c3)c3ccccc32)cc1,4.823909,4.108809,0.7150998
COc1ccc(C(=O)c2c(C)n(Cc3cccc(O[C@@H](C)C(=O)O)c3)c3ncccc23)cc1,8.79588,8.465672,0.33020878
CC(C)(C)c1ccc(-n2c(C(=O)O)c(Oc3ccc(-c4cc(C(F)(F)F)c[nH]4)cc3)c3cccnc32)cc1,8.522879,8.881982,-0.3591032
CCc1ccc(-c2nc3cc(NC(=O)c4cc([N+](=O)[O-])ccc4Cl)ccc3o2)cc1,5.3233976,6.509582,-1.1861844
Cc1nn(C)c2nnc(Nc3ccc(S(=O)(=O)NC(CO)C(C)C)cc3)nc12,7.7695513,6.3448052,1.424746
CCCCC(=O)Nc1ccccc1-c1cccc2c1[nH]c1ccccc12,4.9726505,4.0934362,0.8792143
CC1CCc2c(sc(NC(=O)COc3ccccc3C=O)c2C#N)C1,4.30103,3.6831322,0.617898
Cc1nn(-c2ccccc2)c2nc(CCl)n(CC#N)c(=O)c12,4.9888525,4.178767,0.8100853
C(=C\n1ncc2c(NC3CCCCC3)ncnc21)/c1ccccc1,8.0,7.1136045,0.88639545
CCOCc1nc2c(c(C)nn2-c2ccccc2)c(=O)[nH]1,8.337242,6.404643,1.9325991
CC(C)c1cccc(-n2c(C(=O)O)c(Oc3cccc(O)c3)c3ccccc32)c1,5.552842,4.613348,0.93949413
O=c1[nH]c(O)c(-c2ccc(OCCCOc3ccc(Oc4ccccc4)cc3)cc2)s1,6.920819,6.007921,0.9128976
CCOc1ccc(S(=O)(=O)NCCN)cc1-c1nnc2c(n1)c(C)nn2C,5.0,5.525111,-0.5251112
CCOc1ccc(S(=O)(=O)NCCN2CCOCC2)cc1-c1nnc2c(n1)c(C)nn2C,4.0,4.220262,-0.22026205
CCOc1ccc(S(=O)(=O)NCCO)cc1-c1nnc2c(n1)c(C)nn2C,8.30103,9.127841,-0.82681084
O=C1NC(=O)c2cc(Nc3ccc(F)cc3)c(Nc3ccc(F)cc3)cc21,7.154902,6.3376813,0.8172207
O=C1NC(=O)c2cc(Nc3ccccc3)c(Nc3ccccc3)cc21,7.818194,8.107996,-0.28980207
O=C1Nc2ccccc2/C1=C/c1ccc[nH]1,9.69897,9.049544,0.6494255
O=C1Nc2ccccc2/C1=C\c1ccc(O)cc1,5.537602,4.949992,0.58760977
Cc1ccc(C=O)c(OCC(=O)Nc2sc3c(c2C#N)CCC(C)C3)c1,4.6428275,5.1014047,-0.45857716
CCNc1ccccc1-c1cccc2c1[nH]c1ccccc12,6.1001797,4.3761425,1.7240372
FC(F)C(F)(F)Oc1cccc(Nc2nccc(-c3ccc(Cl)cc3)n2)c1,7.39794,6.002187,1.3957534
C=C(CN(C)C)C(=O)c1ccc(OCc2ccccc2)c(O)c1,5.0,4.6023293,0.39767075
C[C@@H](Oc1cc(Cn2c(=O)n(-c3ccc(C(C)(C)C)cc3)c3ccc(C(F)(F)F)cc32)ccc1Cl)C(=O)O,8.79588,6.875724,1.9201565
C[C@@H](Oc1cc(Cn2c(=O)n(-c3nc4ccc(Cl)cc4s3)c3ccc(C(F)(F)F)cc32)ccc1Cl)C(=O)O,8.376751,8.726066,-0.3493147
C[C@@H](Oc1cc(Cn2c(=O)n(-c3noc4cc(Cl)ccc34)c3ccc(C(F)(F)F)cc32)ccc1Cl)C(=O)O,6.39794,5.324417,1.073523
O=C(Cc1ccc(F)cc1)Nc1ccccc1-c1cccc2c1[nH]c1ccccc12,6.958607,5.7870026,1.1716046
CC(C)(C)c1ccc(-n2c(C(=O)O)c(Oc3cccc(O)c3)c3ccccc32)cc1,9.19382,9.206903,-0.013083458
CC(C)(C)c1ccc(-n2c(C(=O)O)c(Oc3cccc(S(C)(=O)=O)c3)c3ccc(Cl)nc32)cc1,4.650004,4.2071133,0.44289064
CC(=O)Nc1ccccc1-c1cccc2c1C(=O)c1ccccc1-2,7.6051216,8.496301,-0.8911791
CC(=O)Nc1ccccc1-c1cccc2c1C(O)c1ccccc1-2,5.8860564,5.5525765,0.33347988
CC(=O)Nc1ccccc1-c1cccc2c1oc1ccccc12,3.30103,4.6398077,-1.3387778
CC(=O)Nc1ccccc1-c1cccc2c3c([nH]c12)CCNC3,8.920818,8.124984,0.79583454
CC(=O)Nc1ccccc1-c1cccc2c3ccccc3n(C)c12,4.4434805,3.914452,0.5290284
CC(C)(C)c1ccc(-n2c(C(=O)O)c(Oc3cccc(C(F)(F)F)c3)c3cccnc32)cc1,7.823909,7.9593983,-0.13548946
CC(=O)Nc1ccccc1-c1cccc2c3ccccc3n(Cc3ccccc3)c12,4.8894105,5.4636908,-0.57428026
CC(=O)Nc1ccccc1-c1cn2c3ccccc3c3cccc(c1=O)c32,8.267606,7.28869,0.9789157
C[C@@H](Oc1cc(Cn2c(=O)n(-c3noc4ccc(Cl)cc34)c3ccc(C(F)(F)F)cc32)ccc1Cl)C(=O)O,4.0262537,3.7701912,0.2560625
CC(=O)Nc1ccccc1-c1cn2c3ccccc3c3ccnc(c1=O)c32,5.0,5.1358337,-0.13583374
C[C@@H](Oc1cc(Cn2c(=O)n(Cc3ccc(Cl)cc3)c3ccc(C(F)(F)F)cc32)ccc1Cl)C(=O)O,9.207608,9.102646,0.10496235
CC(=O)Nc1ccncc1-c1cccc2c1[nH]c1ccccc12,5.0,4.705201,0.29479885
C[C@@H](Oc1cc(Cn2c(=O)n(C(=O)c3ccc(Cl)cc3)c3ccc(C(F)(F)F)cc32)ccc1Cl)C(=O)O,9.09691,8.850443,0.24646759
CC(=O)Nc1cnccc1-c1cccc2c1[nH]c1ccccc12,4.026475,3.613833,0.412642
O=S(=O)(Nc1ccccc1-c1cccc2c1[nH]c1ccccc12)c1ccccc1,5.0,4.7336855,0.2663145
CCCc1cc2c(C(F)(F)F)noc2c(CCC)c1OCC(C)(C)C(=O)O,5.490932,4.2996144,1.1913176
CCCc1nn(C)c2nnc(-c3cc(S(=O)(=O)N4CCN(C)CC4)ccc3OCC)nc12,4.154902,4.312455,-0.1575532
CCN(C(C)=O)c1ccccc1-c1cccc2c1[nH]c1ccccc12,4.8934693,3.6802642,1.2132051
CCN(CC)Cc1nc2c(c(C)nn2-c2ccccc2)c(=O)[nH]1,7.221849,6.1070247,1.1148243
CCN(CC)c1ccc(Nc2cc3c(cc2Nc2ccc(N(CC)CC)cc2)C(=O)NC3=O)cc1,6.7644715,6.9172564,-0.15278482
O=C(Nc1cccc(-c2ccnc3cc(-c4ccncc4)nn23)c1)c1cccc(C(F)(F)F)c1,4.60206,3.9488025,0.65325737
CCCc1cc(Oc2ccccc2)ccc1OCCCOc1ccc(-c2sc(=O)[nH]c2O)cc1C,8.674361,8.943189,-0.26882744
CNC(=O)[C@H](CC(C)(C)C)NC(=O)c1cccc(CNC(=O)c2ccc(OCCNC(=O)CC(C)(C)CC(=O)NCCc3ccc(NC(C)=O)cc3)cc2)c1,5.0371575,5.3817887,-0.3446312
CNCCOc1ccc(C(=O)NCc2cccc(C(=O)N[C@@H](C)C(=O)Nc3ccc(CCC(=O)O)cc3)c2)cc1,7.1666617,5.3115654,1.8550963
CCCc1cc(Oc2ccccc2)ccc1OCCCOc1ccc(-c2sc(=O)[nH]c2O)cc1CCC,4.8912997,4.557871,0.33342886
CCCc1cc(Oc2ccc(NS(=O)(=O)c3ccc(C)cc3)cc2)ccc1OCCCOc1ccc(-c2sc(=O)[nH]c2O)cc1,7.2596374,6.931095,0.32854223
COc1ccc2c(-n3c(=O)n(Cc4cccc([C@@]5(C)OC(O)=NC5=O)c4)c4cc(C(F)(F)F)ccc43)noc2c1,8.552842,6.435433,2.1174092
CCCc1cc(Oc2ccccc2)ccc1OCCCOc1ccc(-c2sc(=O)[nH]c2O)cc1OC,7.004365,4.946233,2.0581322
CCCc1cc(Oc2ccccc2)ccc1OCCCOc1ccc(-c2sc(=O)[nH]c2O)cc1Cl,4.79588,4.8806295,-0.0847497
C[C@@H](Oc1ccc2ncccc2c1)c1c(Cl)ccc(F)c1Cl,5.853872,5.4992514,0.35462046
C[C@@]1(C(=O)O)CCc2ccc(OCCCOc3ccc(OCC(F)(F)F)cc3Cl)cc2O1,3.9385476,4.504745,-0.5661974
CCOc1ccc(S(=O)(=O)N(CC)CC)cc1-c1nnc2c(n1)c(C)nn2C,4.5228786,6.1671953,-1.6443167
CCOc1ccc(S(=O)(=O)N2CCCC2)cc1-c1nnc2c(n1)c(C)nn2C,5.7772837,5.7692013,0.00808239
CCOc1cc(N2CCC(O)CC2)ccc1Nc1ncc2c(n1)N(C)c1ccccc1C(=O)N2C,4.391474,3.9617248,0.429749
COc1ccc2c(-n3c(=O)n(Cc4cccc([C@@]5(C)OC(O)=NC5=O)c4)c4ccccc43)noc2c1,9.0,7.1498904,1.8501096
CCCc1cc(Oc2ccc(F)cc2)ccc1OCCCOc1ccc(-c2sc(=O)[nH]c2O)cc1,10.0,8.80172,1.1982803
CN(c1ccccc1)c1cc2c(cc1N(C)c1ccccc1)C(=O)NC2=O,4.652124,5.0628347,-0.4107108
CN(c1ccccc1)c1cc2c(cc1Nc1ccccc1)C(=O)NC2=O,6.0,5.314028,0.6859722
CNCCOc1ccc(C(=O)NCc2cccc(C(=O)N[C@@H](CC3CCCCC3)C(=O)Nc3ccc(CCC(=O)O)cc3)c2)cc1,6.5850267,4.580204,2.0048227
CNCCOc1ccc(C(=O)NCc2cccc(C(=O)N[C@H](C(=O)Nc3ccc(CCC(=O)O)cc3)C(C)C)c2)cc1,5.0,4.609582,0.39041805
CCCc1cc(Oc2ccc(NS(C)(=O)=O)cc2)ccc1OCCCOc1ccc(-c2sc(=O)[nH]c2O)cc1,9.468521,9.027311,0.4412098
CCCc1cc(Oc2ccc(OC)cc2)ccc1OCCCOc1ccc(-c2sc(=O)[nH]c2O)cc1,5.552842,6.162292,-0.60944986
CCCc1cc(Oc2ccc(S(C)(=O)=O)cc2)ccc1OCCCOc1ccc(-c2sc(=O)[nH]c2O)cc1,7.221849,6.5311747,0.6906743
CCCc1cc(Oc2ccccc2)ccc1OCCCCOc1ccc(-c2sc(=O)[nH]c2O)cc1,4.722574,4.219182,0.5033922
CCC[C@H](Oc1cccc(Cn2c(C)c(C(=O)c3ccc(Cl)cc3)c3ccc(OC(F)(F)F)cc32)c1)C(=O)O,5.207608,4.8256187,0.38198948
Cc1ccc2onc(-n3c(=O)n(Cc4ccc(Cl)c(O[C@H](C)C(=O)O)c4)c4cc(C(F)(F)F)ccc43)c2c1,4.0264196,3.9272335,0.09918618
COc1ccc2c(-n3c(=O)n(Cc4ccc(Cl)c(O[C@H](C)C(=O)O)c4)c4ccc(C(F)(F)F)cc43)noc2c1,7.1191864,4.316535,2.8026514
CS(=O)(=O)Nc1ccc(C(F)(F)F)cc1-c1cccc2c1[nH]c1ccccc12,9.275724,9.155749,0.11997509
COc1ccncc1NC(=O)c1ccnc(NC(=O)C2CC2)c1,7.801378,8.183203,-0.38182497
O=C1NC(=O)c2cc(NC3CCCCC3)c(NC3CCCCC3)cc21,5.0,4.690688,0.30931187
COc1ccc2c(-n3c(=O)n(Cc4ccccc4[C@@]4(C)OC(O)=NC4=O)c4cc(C(F)(F)F)ccc43)noc2c1,5.552842,4.500071,1.0527711
CNC(=O)c1cccc(CNC(=O)c2ccc(OCCNC(=O)CC(C)(C)CC(=O)NCCc3ccc(NC(=O)[C@H](CC(C)(C)C)NC(C)=O)cc3)cc2)c1,8.0,7.2212033,0.7787967
COc1ccc2c(-n3c(=O)n(Cc4cccc(O[C@H](C)C(=O)O)c4)c4cc(C(F)(F)F)ccc43)noc2c1,6.767004,6.122537,0.6444669
CCCc1cc(Oc2ccc(-c3ccccc3)cc2)ccc1OCCCOc1ccc(-c2sc(=O)[nH]c2O)cc1,6.3467875,5.3173957,1.0293918
CCCc1cc(Oc2ccccc2)ccc1OCCCOc1ccc(-c2sc(=O)[nH]c2O)cc1,9.309804,9.153006,0.15679836
COc1ccc(NC(=S)NN=C2C(=O)Nc3ccccc32)cc1,8.30103,8.612659,-0.3116293
COc1ccc2[nH]c3c(-c4ccccc4NC(C)=O)cccc3c2c1,8.455932,9.014217,-0.5582857
COc1ccc(Nc2cc3c(cc2Nc2ccc(OC)cc2)C(=O)NC3=O)cc1,8.463442,8.9319,-0.46845818
COc1ccc2c(-n3c(=O)n(Cc4cc(O[C@H](C)C(=O)O)ccc4Cl)c4cc(C(F)(F)F)ccc43)noc2c1,7.920819,8.86251,-0.9416909
O=C(Nc1cnccc1-c1ccc(Cl)cc1)c1ccnc(NC(=O)C2CC2)c1,6.0,5.1983795,0.8016205
O=C(Nc1cnccc1-c1ccc(F)cc1)c1ccnc(NC(=O)C2CC2)c1,6.0,4.782009,1.2179909
O=C(Nc1cnccc1-c1ccccc1)c1ccnc(NC(=O)C2CC2)c1,6.7772837,6.544958,0.23232555
COCc1nc2c(c(C)nn2-c2ccccc2)c(=O)[nH]1,8.954677,7.1101685,1.8445082
COc1ccc2c(-n3c(=O)n(Cc4cc(O[C@H](C)C(=O)O)ccc4Cl)c4ccccc43)noc2c1,7.6382723,7.3615904,0.2766819
COc1ccc2c(-n3c(=O)n(Cc4cc([C@@]5(C)OC(O)=NC5=O)ccc4Cl)c4cc(C(F)(F)F)ccc43)noc2c1,5.034328,5.0900507,-0.055722713
COc1ccc2c(-n3c(=O)n(Cc4cc([C@@]5(C)OC(O)=NC5=O)ccc4Cl)c4ccccc43)noc2c1,4.823909,4.3700514,0.45385742
COc1ccc2c(-n3c(=O)n(Cc4ccc(Cl)c(O[C@@H](C)C(=O)O)c4)c4cc(C(F)(F)F)ccc43)noc2c1,4.6922903,3.6795204,1.0127699
COc1ccc2c(-n3c(=O)n(Cc4ccc(Cl)c(O[C@H](C)C(=O)O)c4)c4cc(C(F)(F)F)ccc43)noc2c1,4.026452,3.6316895,0.39476252
COc1ccc2c(-n3c(=O)n(Cc4ccc(Cl)c(O[C@H](C)C(=O)O)c4)c4cc(OC(F)(F)F)ccc43)noc2c1,5.134304,5.3142376,-0.17993355
COc1ccc2c(-n3c(=O)n(Cc4ccc(Cl)c(O[C@H](C)C(=O)O)c4)c4ccc(OC(F)(F)F)cc43)noc2c1,6.0,4.826014,1.173986
COc1ccc2c(-n3c(=O)n(Cc4ccc(Cl)c(O[C@H](C)C(=O)O)c4)c4ccccc43)noc2c1,5.2153826,6.239498,-1.0241156
COc1ccc2c(-n3c(=O)n(Cc4ccc([C@@]5(C)OC(O)=NC5=O)cc4)c4cc(C(F)(F)F)ccc43)noc2c1,5.322758,5.0285673,0.29419088
CN(C)CC(CSCCN)C(=O)c1ccc(OCc2ccccc2)cc1,5.0,4.6973767,0.30262327
CC(C)N1CCN(C(=O)c2ccc(NC(=O)Nc3ccc(-c4nc(C5CCOCC5)nc(N5C6CCC5COC6)n4)cc3)cc2)CC1,4.22,5.349331,-1.1293311
Nc1ccc2c(c1)/C(=C/c1ccc[nH]1)C(=O)N2,5.539854,5.2227964,0.3170576
Nc1ccc(C(F)(F)F)cc1-c1cccc2c1[nH]c1ccccc12,5.30103,4.3183317,0.98269844
Cc1cc(C)c(/C=C2\C(=O)Nc3ccc(N)cc32)[nH]1,9.420217,8.632628,0.7875881
CCOc1ccc(S(=O)(=O)N2CCN(C)CC2)cc1-c1nnc2c(n1)c(C)nn2C,8.187087,8.639919,-0.45283222
CCOc1ccc(S(=O)(=O)N2CCNCC2)cc1-c1nnc2c(n1)c(C)nn2C,4.30103,4.1094227,0.19160748
COc1ccccc1C(=O)Nc1ccccc1-c1cccc2c1[nH]c1ccccc12,4.026489,4.006473,0.020015717
CC(Nc1ccccc1-c1cccc2c1[nH]c1ccccc12)C(F)(F)F,6.958607,6.272442,0.68616533
CC[C@@H](Oc1cccc(-n2c(C)c(C(=O)c3ccc(OC)cc3)c3ccc(OC(F)(F)F)cc32)c1)C(=O)O,8.09691,7.3357334,0.76117706
CCOc1ccc(S(=O)(=O)N2CCOCC2)cc1-c1nnc2c(n1)c(C)nn2C,7.536107,7.429147,0.1069603
CC[C@@H](Oc1cccc(Cn2c(=O)n(-c3noc4cc(OC)ccc34)c3ccc(C(F)(F)F)cc32)c1)C(=O)O,8.30103,6.6509204,1.6501098
CCOc1cccc(Oc2c(C(=O)O)n(-c3ccc(C(C)(C)C)cc3)c3ccccc23)c1,6.39794,4.6728463,1.7250938
CCCc1cc(Oc2ccc(C)cc2)ccc1OCCCOc1ccc(-c2sc(=O)[nH]c2O)cc1,5.0,4.9981947,0.0018053055
CCCc1cc(Oc2ccc(C3CCCC3)cc2)ccc1OCCCOc1ccc(-c2sc(=O)[nH]c2O)cc1,6.711997,5.7327337,0.9792633
CN(C)CC(CSc1ccccc1)C(=O)c1ccc(OCc2ccccc2)cc1,8.102373,7.719279,0.3830943
CCCc1cc(Oc2ccc(C(F)(F)F)cc2)ccc1OCCCOc1ccc(-c2sc(=O)[nH]c2O)cc1,7.537602,5.1246395,2.4129624
CCCc1cc(C(=O)CC)cc(CCC)c1NC(C(=O)O)c1ccc(C(C)C)cc1,9.318759,9.008569,0.3101902
Cc1cccc2c1/C(=C/c1ccc(N(C)C)c3ccccc13)C(=O)N2,4.5228786,4.91554,-0.39266157
Cc1cccc2c(-n3c(=O)n(Cc4ccc(Cl)c(O[C@H](C)C(=O)O)c4)c4cc(C(F)(F)F)ccc43)noc12,7.6946487,7.654728,0.039920807
Cc1cccc(N)c1-c1cccc2c1[nH]c1ccccc12,5.2196107,3.6484122,1.5711985
CN(C)S(=O)(=O)c1ccc2c(c1)/C(=C/c1cc3c([nH]1)CCCC3)C(=O)N2,4.30103,5.083832,-0.7828016
CCCc1cc(Oc2ccc(CC(C)C)cc2)ccc1OCCCOc1ccc(-c2sc(=O)[nH]c2O)cc1,9.481486,9.135638,0.34584808
CCCc1cc(Oc2ccc(Cl)cc2)ccc1OCCCOc1ccc(-c2sc(=O)[nH]c2O)cc1,9.49485,9.30763,0.18722057
Cc1c[nH]c(NC(=O)Nc2ccnc(Cl)c2)n1,8.319212,6.034968,2.284244
CC(=O)Nc1ccc(CCNC(=O)CC(C)(C)CC(=O)NCCOc2ccc(C(=O)NCc3cccc(C(=O)N[C@@H](CC(C)(C)C)C(=O)O)c3)cc2)cc1,4.0,4.066189,-0.06618881
COc1ccc(C(=O)c2c(C)n(Cc3cc(O[C@@H](C)C(=O)O)ccc3F)c3ncccc23)cc1,6.4436975,6.393839,0.04985857
COc1ccc(C(=O)c2c(C)n(Cc3ccc(Cl)c(O[C@@H](C)C(=O)O)c3)c3nc(OC)ccc23)cc1,4.6478176,4.1683855,0.4794321
COc1ccc(C(=O)c2c(C)n(Cc3ccc(F)c(O[C@@H](C)C(=O)O)c3)c3ncccc23)cc1,5.005683,4.5712337,0.4344492
COc1ccc(C(=O)c2c(C)n(Cc3cccc(O[C@@H](C)C(=O)O)c3)c3nc(C)ccc23)cc1,6.853872,5.798127,1.0557446
CC1(C)CC[C@]2(C(=O)OCCBr)CC[C@]3(C)C(=CC[C@@H]4[C@@]5(C)C[C@@H](O)[C@H](O)C(C)(C)[C@@H]5CC[C@]43C)[C@@H]2C1,4.465974,5.140872,-0.67489815
Cc1nn(-c2ccccc2)c2nc(CCl)n(C)c(=O)c12,4.69897,3.6543248,1.0446451
Cc1cccc(C=O)c1OCC(=O)Nc1sc2c(c1C#N)CCC(C)C2,8.39794,7.420718,0.9772215
Cc1cnc(Nc2cnn(C)c2)nc1N1CC(CC#N)(N2CCN(C)CC2)C1,4.5934596,4.3124337,0.2810259
Cc1ccc2c(-n3c(=O)n(Cc4ccc(Cl)c(O[C@H](C)C(=O)O)c4)c4cc(C(F)(F)F)ccc43)noc2c1,4.7447276,4.155463,0.5892644
C=C(CN(C)C)C(=O)c1ccc(OS(=O)(=O)c2ccc(C(=O)O)c(O)c2)cc1,5.334419,5.5221643,-0.18774557
CCC(=O)c1ccc(OC(C(=O)O)c2ccccc2)cc1,5.207608,4.7994256,0.40818262
C=C(CN(C)C)C(=O)c1ccc(OS(=O)(=O)c2ccc(C(=O)O)cc2)cc1,5.0,4.9600544,0.039945602
CC(C)(C)c1ccc(-n2c(C(=O)O)c(Oc3cccc(-c4cc(C(F)(F)F)c[nH]4)c3)c3ccc(Cl)nc32)cc1,5.2596374,4.811038,0.44859934
CC(C)(C)C[C@H](N)C(=O)Nc1ccc(CCNC(=O)CC(C)(C)CC(=O)NCCOc2ccc(C(=O)NCc3cccc(C(=O)O)c3)cc2)cc1,8.026872,6.7921767,1.234695
Cc1nn(C)c2nnc(Nc3ccc(S(=O)(=O)N4CCCC4)cc3)nc12,5.0,5.1500134,-0.15001345
CC(C)(C)c1ccc(-n2c(C(=O)O)c(Oc3cccc(C(F)(F)F)c3)c3cc(O)ccc32)cc1,8.769551,8.216163,0.5533886
CC(C)(C)C[C@H](NC(=O)c1cccc(CNC(=O)c2ccc(OCCNC(=O)CC(C)(C)CC(=O)NCCc3ccc(N)cc3)cc2)c1)C(=O)O,8.30103,6.888075,1.4129553
COc1ccc(C(=O)c2c(C)n(Cc3cc(O[C@@H](C)C(=O)O)ccc3Cl)c3nc(OC)ccc23)cc1,4.2692175,3.995482,0.27373552
COc1ccc(C(=O)c2c(C)n(Cc3cc(O[C@@H](C)C(=O)O)ccc3F)c3nc(OC)ccc23)cc1,8.9914,8.9396,0.051799774
CC(=O)N[C@@H](CC(C)(C)C)C(=O)Nc1ccc(CCNC(=O)CC(C)(C)CC(=O)NCCOc2ccc(C(=O)NCc3cccc(C(=O)O)c3)cc2)cc1,8.259637,6.618061,1.6415758
Cc1ccc(-c2cccc3c2[nH]c2ccccc23)c(N)c1,4.026341,3.9073749,0.1189661
C[C@]1(c2cccc(Cn3c(=O)n(-c4noc5cc(Cl)ccc45)c4ccccc43)c2)OC(O)=NC1=O,5.958607,4.742197,1.2164102
Cc1nn(C)c2nnc(Nc3ccc(S(=O)(=O)N4CCN(C)CC4)cc3)nc12,6.207608,5.765185,0.44242334
Cc1nn(-c2ccccc2)c2nc(CN3CCCCC3)[nH]c(=O)c12,6.0,5.3992014,0.6007986
Cc1nn(-c2ccccc2)c2nc(CN3CCOCC3)[nH]c(=O)c12,4.026383,3.7206993,0.3056836
c1cc(N2CCCC2)[c-]2[cH-][cH-][cH-][c-]2n1,5.0,4.390928,0.6090722
CC1(C)Cc2c(-c3ccncc3)c(-c3ccccn3)nn2C1,6.0,6.219124,-0.21912384
COc1ccc(C(=O)NC[C@@H](O)CO)cc1/C=C/c1ccc(Cl)cc1,8.455932,8.508161,-0.052228928
COc1ccc(C(=O)NC[C@H](O)CO)cc1/C=C/c1ccc(Cl)cc1,4.377786,4.406615,-0.02882862
O=C(Nc1ccccc1-c1cccc2c1[nH]c1ccccc12)C1CCCCC1,8.522879,6.852393,1.6704855
O=C(Nc1ccccc1-c1cccc2c1[nH]c1ccccc12)c1ccco1,5.329383,5.43452,-0.10513687
COc1ccccc1N(C(=O)c1snc(C(N)=O)c1N)C(C(=O)NCc1ccccc1)c1ccc(O)cc1,4.823909,5.39515,-0.5712414
N#C/C(=C/c1cn(-c2ccccc2)nc1-c1cccc(S(=O)(=O)N2CCCC2)c1)C(=O)NCc1ccco1,7.221849,6.5785904,0.6432586
Cc1ccc(-c2ccnc(Nc3cccc(OC(F)(F)C(F)F)c3)n2)cc1,7.2596374,8.149039,-0.8894019
O=C(O)CC(CCc1ccccc1)OC1OC(CO)C(O)C(O)C1O,5.530178,4.2082863,1.3218918
CC[C@H]1O[C@@H](NC(=S)NN=Cc2cccc(Br)c2)[C@H](O)[C@@H](O)[C@@H]1O,5.412289,4.8595943,0.5526948
C=C(C)[C@@H]1CC[C@]2(C(=O)OC3CCCCC3)CC[C@]3(C)[C@H](CC[C@@H]4[C@@]5(C)CC[C@H](O)[C@@](C)(CO)[C@@H]5CC[C@]43C)[C@@H]12,6.8268137,6.397685,0.42912865
CC1=NN(C(=O)c2ccccc2C)C(c2ccccc2O)C1,5.607303,5.799284,-0.19198084
CCN(CC)CCOC(=O)[C@]12CCC(C)(C)C[C@H]1C1=CC[C@@H]3[C@@]4(C)C[C@@H](O)[C@H](O)C(C)(C)[C@@H]4CC[C@@]3(C)[C@]1(C)CC2,8.30103,5.191002,3.1100283
NCc1ccc(S(=O)(=O)Nc2ccc(NC(=O)Nc3cccc([N+](=O)[O-])c3)cc2)cc1,4.8199887,4.240487,0.5795016
Cc1cc(=O)oc2c(O)c(O)ccc12,7.618286,6.692104,0.92618227
Nc1nc(COc2ccccc2C=O)nc(Nc2ccccc2)n1,3.942334,3.6171565,0.32517743
Cc1ccc2nc(NNC(=O)c3ccc(S(=O)(=O)N4CCc5ccccc5C4)cc3)sc2c1,8.522879,9.079801,-0.55692196
Cc1ccc(-c2nc3cc(C(=O)NCCCn4ccnc4)ccc3c(O)c2O)cc1,4.823909,5.4189005,-0.5949917
Cc1ccc(Cl)cc1N1CCN(S(=O)(=O)c2ccc3[nH]c(=O)c(=O)[nH]c3c2)CC1,8.337242,8.56807,-0.23082829
CC1(C)CC[C@]2(C(=O)OCc3ccccc3)CC[C@]3(C)C(=CC[C@@H]4[C@@]5(C)CC(=O)[C@H](O)C(C)(C)[C@@H]5CC[C@]43C)[C@@H]2C1,6.705534,7.703018,-0.9974842
CCCc1cc(=O)[nH]c(SCC(=O)N2N=C(c3ccc(Cl)cc3)CC2c2ccco2)n1,6.0,5.2681255,0.73187447
[C]Oc1cc(-c2ccc(O[C][C]=C([C])[C])cc2)c(O[C])c(O[C][C]=C([C])[C])c1-c1ccc([O])cc1,5.481486,5.589469,-0.10798311
O=C1/C(=C2/SC(=O)N(Cc3cccc([N+](=O)[O-])c3)C2=O)Nc2ccc(Cl)cc21,4.49485,5.0635333,-0.56868315
CNCCOC(=O)[C@]12CCC(C)(C)C[C@H]1C1=CCC3[C@@]4(C)CC[C@H](O)C(C)(C)C4CC[C@@]3(C)[C@]1(C)CC2,5.596708,6.2760124,-0.6793046
CNCCOC(=O)[C@]12CCC(C)(C)C[C@H]1C1=CC[C@@H]3[C@@]4(C)CC[C@H](O)C(C)(C)[C@@H]4CC[C@@]3(C)[C@]1(C)CC2,6.850781,6.860117,-0.009335995
CC(=O)N1N=C(C)CC1c1ccccc1OCc1ccc(Cl)nc1,7.69897,5.126636,2.5723338
Cc1ccc(Nc2nc(Nc3ccc(C)cc3)nc(SC3=NCCS3)n2)cc1,9.09691,8.92228,0.17463017
N#C/C(=C\c1ccccc1OCC(=O)O)c1nc2ccccc2s1,6.761954,7.1277084,-0.3657546
CC(=O)n1cc2c(n1)C(C)(C)[C@@H]1CC[C@]3(C)[C@H](CC=C4[C@@H]5CC(C)(C)CC[C@]5(C(=O)O)CC[C@]43C)[C@@]1(C)C2,5.0,5.8351126,-0.8351126
Oc1cc(O)c2c(c1)O[C@@H](c1ccc(O)c(O)c1)[C@H](O)C2,6.0,8.105356,-2.1053562
C=C(C)[C@@H]1CC[C@]2(C=O)CC[C@]3(C)[C@H](CC[C@@H]4[C@@]5(C)[C@H](C(=O)OC)[C@H](OC(C)=O)C(C)(C)[C@@H]5CC[C@]43C)[C@@H]12,6.0604806,5.3608475,0.6996331
Nc1nc2c(s1)c(-c1ccc(O)cc1)c(O)c1oc3cc(O)c(O)cc3c12,9.113509,8.155622,0.95788765
CC(C)n1cc(CN2CCC(C(=O)Nc3cccc(-c4cscn4)c3)CC2)cn1,5.39794,5.270502,0.12743807
C=C(C)[C@@H]1CC[C@]2(C(=O)NCCCCCCNC(=O)/C=C/C(=O)O)CC[C@]3(C)[C@H](CC[C@@H]4[C@@]5(C)CC[C@H](OC(C)=O)[C@@](C)(COC(C)=O)[C@@H]5CC[C@]43C)[C@@H]12,6.076756,5.24846,0.8282962
[C][C]Oc1ccc([N]S(=O)(=O)c2ccc(Cl)c([N]N=C3C(=O)[N]C(=S)[N]C3=O)c2)cc1Br,7.8326826,7.621781,0.21090174
C=C(C)[C@@H]1CC[C@]2(C(=O)NCCCCCCN(CC)CC)CC[C@]3(C)[C@H](CC[C@@H]4[C@@]5(C)CC[C@H](OC(C)=O)[C@@](C)(COC(C)=O)[C@@H]5CC[C@]43C)[C@@H]12,8.420217,6.3048306,2.115386
COC(=O)[C@H](CC(C)C)N1Cc2cc(OC)cc(OC)c2-c2ccccc2S1(=O)=O,4.823909,5.1627183,-0.3388095
Cc1ccc(OCC(=O)c2c(N)n(C)c(=O)n(C)c2=O)c([N+](=O)[O-])n1,7.6575775,8.738446,-1.0808687
C[C@H]1[C@H](C)CC[C@]2(C(=O)OCc3ccccc3)CC[C@]3(C)C(=CC[C@@H]4[C@@]5(C)C[C@@H](O)CC(C)(C)[C@@H]5CC[C@]43C)[C@H]12,3.69897,2.8617868,0.83718324
Nc1ncnc2c1ncn2[C@@H]1O[C@H](COC(=O)c2ccc(S(=O)(=O)NCCCc3ccccc3)cc2)[C@@H](O)[C@H]1O,4.7212462,4.2231483,0.4980979
Clc1ccc(C(Cl)Cn2ncc3c(NCc4ccncc4)ncnc32)cc1,5.20204,5.246619,-0.04457903
CCN(Cc1ccccc1)S(=O)(=O)c1ccc(C(=O)Nc2nnc(-c3ccccc3OC)o2)cc1,4.5999975,4.39312,0.20687771
Cc1cccc2sc(NNC(=O)c3ccc(S(=O)(=O)N4CCc5ccccc5C4)cc3)nc12,7.3297544,7.282448,0.047306538
Nc1c(C(=O)NCC2CCCO2)sc2nc3c(c(-c4ccco4)c12)CC/C3=C\c1ccco1,6.2596374,7.027133,-0.76749563
O=C1C(=O)N(c2nc3ccc(Cl)cc3s2)C(c2ccco2)C1C(=O)c1ccco1,4.91364,4.041519,0.87212086
O=C(Cn1cccc(NCc2ccccc2Cl)c1=O)Nc1ccc(Cl)c(Cl)c1,8.522879,8.462893,0.059986115
COc1cc(/C=c2\sc3n(c2=O)C(c2ccccc2)C(c2ccccc2)=NN=3)ccc1O,7.0,6.4345007,0.5654993
O=C(c1ccc2c(=O)n(Cc3ccco3)c(=S)[nH]c2c1)N1CCN(Cc2ccccc2)CC1,7.91364,7.5975657,0.31607437
Cc1ccc(S(=O)(=O)N2CCN(c3nc(Cl)ncc3Br)CC2)cc1,5.0,5.4881897,-0.4881897
O=C(NNC(=O)c1cc(-c2ccc(Cl)cc2)nc2ccccc12)c1csc(N2CCOCC2)n1,9.356547,8.980897,0.3756504
O=C1/C(=C2/SC(=O)N(Cc3cccc([N+](=O)[O-])c3)C2=O)Nc2ccccc21,8.619789,7.1027794,1.5170097
CC(=O)N1N=C(c2cc3ccccc3oc2=O)CC1c1ccc(O)cc1,6.0,5.1471953,0.85280466
O=C(NC(=S)Nc1cc(-c2nc3ccccc3[nH]2)ccc1Cl)c1ccc2c(c1)OCO2,5.3481407,5.26666,0.0814805
Cc1ccc(C(=O)Nc2cccc(C(C)(C)C)c2)cc1/C=C/n1cnc2c(NC3CC3)ncnc21,5.3665314,4.7036567,0.6628747
CC(C)C(NC(=O)[C@@H]1C[C@@H](c2ccccc2)CN1C(=O)[C@@H](NC(=O)OC(C)(C)C)C(C)(C)C)P(=O)(Oc1ccccc1)Oc1ccccc1,7.9593983,8.147029,-0.18763065
O=C1NCC(O)NC12O[C@H](CO)[C@@H](O)[C@H](O)[C@H]2O,4.668411,4.1417656,0.5266452
N#Cc1c(N)nc(SCC(=O)c2ccc(Cl)cc2)c(C#N)c1-c1ccsc1,6.0,5.787174,0.21282578
CS(=O)(=O)c1ccc(C(=O)OC[C@H]2O[C@@H](n3cnc4c(N)ncnc43)[C@H](O)[C@@H]2O)cc1,8.161151,8.216794,-0.05564308
Cc1ccc(C(=O)Nc2cccc(C(C)C)c2)cc1/C=C/n1cnc2c(NC3CC3)ncnc21,7.154902,6.760125,0.39477682
COc1ccc(-c2csc(NC(=O)c3ccccc3NS(=O)(=O)c3ccc(C)cc3)n2)cc1,7.4089355,6.963917,0.44501877
COC(=O)C1CCCc2sc(NC(=O)COc3ccc(C=O)cc3OC)c(C#N)c21,5.0,4.1384535,0.8615465
Cc1c(-c2ccnc(C(F)(F)F)c2)ccc2c1CCNC2=O,4.69897,4.178132,0.5208378
COc1cccc(C(=O)N2CCN(C(=O)c3ccc(-c4cccnc4)cc3)CC2)c1,7.7695513,6.9812326,0.78831863
CCOC(=O)C1=C(C)n2nnnc2N(C)C1c1ccc(C)cc1,6.5850267,5.376376,1.2086506
CC1=C(C(=O)[C@@H](C)c2ccccc2)C(c2ccccc2)NC(=S)N1,4.60206,5.0155673,-0.41350746
Cc1ccc(C(=O)Nc2cccc([N+](=O)[O-])c2)cc1S(=O)(=O)Nc1ccc(NC(=O)c2ccccc2)cc1,6.478862,6.097453,0.3814087
CC(C)Cn1c(=O)c(C(=O)Nc2ccccc2S(N)(=O)=O)c(O)c2ccccc21,8.251812,8.1511,0.10071182
CC1(C)CC[C@]2(C(=O)OCc3ccccc3)CC[C@]3(C)C(=CCC4[C@@]5(C)C/C(=N\OCc6ccccc6)C(=O)C(C)(C)C5CC[C@]43C)[C@@H]2C1,7.154902,6.466592,0.68831015
CC1(C)CC[C@]2(C(=O)OCc3ccccc3)CC[C@]3(C)C(=CC[C@@H]4[C@@]5(C)C/C(=N\OCc6ccccc6)C(=O)C(C)(C)[C@@H]5CC[C@]43C)[C@@H]2C1,6.2139587,6.6718082,-0.4578495
O=[N+]([O-])c1cccc(Nc2nccc(-c3ccncc3)n2)c1,6.070581,4.117453,1.9531279
COc1ccc(/C=C(\C#N)c2nc3ccccc3s2)cc1OC,5.9480762,6.1467624,-0.19868612
CCN(CC)CCCCOC(=O)[C@]12CCC(C)(C)C[C@H]1C1=CC[C@@H]3[C@@]4(C)C[C@@H](O)[C@H](O)C(C)(C)[C@@H]4CC[C@@]3(C)[C@]1(C)CC2,6.0,5.866073,0.13392687
C[C@H]1[C@H](C)CC[C@]2(C(=O)OCn3cccn3)CC[C@]3(C)C(=CC[C@@H]4[C@@]5(C)C[C@@H](O)[C@H](O)C(C)(C)[C@@H]5CC[C@]43C)[C@H]12,8.0,5.3806305,2.6193695
Cc1ccc(S(=O)(=O)Nc2ccccc2C(=O)Nc2nc(-c3ccc(F)cc3)cs2)cc1,4.69897,4.3050222,0.3939476
O=C1[N]C(=S)[N]C(=O)C1=N[N]c1ccc(S(=O)(=O)N2[C][C]c3ccccc32)cc1,6.669586,4.9227304,1.7468557
CC1(C)CC[C@]2(C(=O)OCC(=O)O)CC[C@]3(C)C(=CC[C@@H]4[C@@]5(C)CC[C@H](O)C(C)(C)[C@@H]5CC[C@]43C)[C@@H]2C1,4.38405,4.8691545,-0.48510456
CC1(C)CC[C@]2(C(=O)OCC(=O)O)CC[C@]3(C)C(=CCC4[C@@]5(C)CC[C@H](O)C(C)(C)C5CC[C@]43C)[C@@H]2C1,4.499997,4.762562,-0.26256466
CCOC(=O)C1=C(C)NC(NN)N(C)C1c1cccc(O)c1,6.167491,4.4089446,1.7585464
COc1cc(C=CC(=O)CC(=O)C=Cc2ccc(O)c(OC)c2)ccc1O,8.886057,9.140176,-0.25411892
CC(=O)O[C@@H]1C[C@]2(C)[C@H]3CC=C4[C@@H]5CC(C)(C)CC[C@]5(C(=O)OCc5ccccc5)CC[C@@]4(C)[C@]3(C)CC[C@H]2C(C)(C)[C@@H]1O,8.0,8.165015,-0.16501522
Cc1oc2c(cc(NS(=O)(=O)c3ccc4c5c(cccc35)C(=O)N4)c3ccccc32)c1C(=O)OC(C)C,6.0655017,6.0482187,0.017282963
O=C(N/N=C/c1ccc(Cl)c(Cl)c1)c1ccc(Nc2ccnc3cc(Cl)ccc23)cc1,5.571865,4.656084,0.915781
Cc1ccnc(-c2ccc(C(=O)N3CCN(C(=O)c4cccc(F)c4)CC3)cc2)c1,4.6197886,4.941937,-0.32214832
CCn1cc2c(n1)C(C)(C)[C@@H]1CC[C@]3(C)[C@H](CC=C4[C@@H]5CC(C)(C)CC[C@]5(C(=O)OCc5ccccc5)CC[C@]43C)[C@@]1(C)C2,4.69897,4.418019,0.28095102
COc1cc(/C=C(\C#N)c2nc3ccccc3s2)cc(OC)c1OC,7.958607,8.3038645,-0.34525728
C/C(=C\COc1ccc2ccc(=O)oc2c1)CC/C=C(\C)CCC(O)C(C)(C)O,6.5142784,6.5827017,-0.06842327
COC(=O)C1=C(C)n2nnnc2N(C)C1c1ccccc1,8.552842,8.663434,-0.11059189
O=C(NNc1nc2c(cnn2-c2ccccc2)c(=O)n1-c1ccccc1)c1ccc(Cl)cc1,8.39794,9.045216,-0.6472759
N#C/C(=C\c1ccc2c(c1)OCO2)c1nc2ccccc2s1,7.167491,6.238417,0.9290738
CC1(C)CC[C@]2(C(=O)OCc3ccccc3)CC[C@]3(C)C(=CC[C@@H]4[C@@]5(C)C[C@@H](O)[C@@H](O)C(C)(C)[C@@H]5CC[C@]43C)[C@@H]2C1,5.298432,4.585029,0.71340275
CC1(C)C2CC[C@]3(C)[C@H](C(=O)C=C4[C@@H]5C[C@@](C)(C(=O)O)CC[C@]5(C)CC[C@]43C)[C@@]2(C)CC[C@@H]1O,9.30103,7.7125797,1.5884504
Cc1cccc(-c2nn3c(c2-c2ccc(O)cc2)C(C)C(C)(C)C3)n1,4.2975693,3.5139866,0.7835827
CC1(C)CC[C@]2(C(=O)OCn3cccn3)CC[C@]3(C)C(=CC[C@@H]4[C@@]5(C)C[C@@H](O)[C@H](O)C(C)(C)[C@@H]5CC[C@]43C)[C@@H]2C1,4.823909,4.1397185,0.6841903
C[C@H]1[C@H](C)CC[C@]2(C(=O)O)CC[C@]3(C)C(=CC[C@@H]4[C@@]5(C)Cc6nonc6C(C)(C)[C@@H]5CC[C@]43C)[C@H]12,4.856049,3.9293694,0.9266796
CC1(C)CC[C@]2(C(=O)OCc3ccccc3)CC[C@]3(C)C(=CCC4[C@@]5(C)CCC(=O)C(C)(C)C5CC[C@]43C)[C@@H]2C1,4.712086,3.8619542,0.850132
O=C(Nc1ccn([C@H]2CC[C@@H](CO)O2)c(=O)n1)c1ccccc1,6.869666,6.219496,0.6501703
C/C(=C\COc1cc2oc(=O)ccc2cc1O)CC/C=C(\C)CCC1OC1(C)C,4.823909,3.8279371,0.9959717
C=C(C)[C@@H]1CC[C@]2(C(=O)NCC(=O)O)CC[C@]3(C)[C@H](CC[C@@H]4[C@@]5(C)CC[C@H](O)[C@@](C)(CO)[C@@H]5CC[C@]43C)[C@@H]12,5.207608,4.6273227,0.58028555
CC1(C)CC[C@]2(C(=O)O)CC[C@]3(C)C(=CC[C@@H]4[C@@]5(C)C[C@H](O)[C@H](O)[C@@](C)(CO)[C@@H]5CC[C@]43C)[C@@H]2C1,7.2596374,8.059681,-0.8000436
O=C(Cn1cccc(NCCCc2ccccc2)c1=O)NCCc1ccc(Cl)c(Cl)c1,4.30103,4.6942816,-0.39325142
CC(C)(Oc1ccc(CCNC(=O)c2ccc(Cl)cc2)cc1)C(=O)NS(C)(=O)=O,6.0,6.1752763,-0.17527628
O=C1/C(=C2/SC(=O)N(Cc3cccc([N+](=O)[O-])c3)C2=O)Nc2ccc(Br)cc21,4.2125397,3.886187,0.3263526
CN(CCc1ccc(-c2ccccc2)cc1)Cc1cn(C)c2ccc(C(=O)Nc3ccc(F)cc3)cc12,4.616436,4.620271,-0.0038352013
C=C(C)[C@@H]1CC[C@]2(C(=O)OCCCCCC)CC[C@]3(C)[C@H](CC[C@@H]4[C@@]5(C)CC[C@H](O)[C@@](C)(CO)[C@@H]5CC[C@]43C)[C@@H]12,5.0,6.4649944,-1.4649944
C[C@H]1[C@H](C)CC[C@]2(C(=O)OCc3ccccc3)CC[C@]3(C)C(=CC[C@@H]4[C@@]5(C)C[C@@H]6O[C@@H]6C(C)(C)[C@@H]5CC[C@]43C)[C@H]12,4.0,4.22503,-0.22502995
CCOC(=O)C1CCc2sc(NC(=O)COc3ccc(C=O)cc3OC)c(C#N)c21,5.0,4.6554394,0.34456062
CSc1nc(NCc2ccccc2)c2ccn(Cc3ccc(F)cc3)c2n1,4.69897,3.8558917,0.84307814
[C]C([C])=[C][C][C]/C([C])=[C]/[C][C]/C([C])=[C]/[C]Oc1ccc2ccc(=O)oc2c1,7.6382723,8.148656,-0.5103836
C=C(CN(C)C)C(=O)c1ccc(OS(=O)(=O)c2ccc(C(=O)N(C)C)cc2)cc1,3.60206,4.1523056,-0.5502455
CCOC(=O)C1=C(C)NC(NN)N(C)C1c1ccc(C)cc1,4.307153,4.313548,-0.006394863
Cc1ccc(C(=O)Nc2cc(N3CCOCC3)cc(C(F)(F)F)c2)cc1/C=C/n1cnc2c(NC3CC3)ncnc21,7.69897,6.0334196,1.6655502
N#Cc1c(SCc2ccccc2)nc2c(c1-c1cccs1)CCCC2,4.4700027,5.217669,-0.74766636
CCOC(=O)C1=C(C)NC(NN)N(C)C1c1ccc([N+](=O)[O-])cc1,5.0,5.188227,-0.18822718
COc1c(O)ccc2c(=O)c3c(O)cc4c(c3oc12)C(C)(C)C(CO)O4,8.30103,6.986295,1.3147349
C=C(C)[C@@H]1CC[C@]2(C(=O)NCCCN(CC)CC)CC[C@]3(C)[C@H](CC[C@@H]4[C@@]5(C)CC[C@H](OC(C)=O)[C@@](C)(COC(C)=O)[C@@H]5CC[C@]43C)[C@@H]12,4.30103,4.377864,-0.076833725
C[C@H]1[C@H](C)CC[C@]2(C(=O)OCc3ccccc3)CC[C@]3(C)C(=CC[C@@H]4[C@@]5(C)Cc6cn[nH]c6C(C)(C)[C@@H]5CC[C@]43C)[C@H]12,4.69897,4.3359976,0.36297226
COc1ccc(/C=C2\SC(=O)N(CCC(=O)Nc3ccc(S(=O)(=O)Nc4nccs4)cc3)C2=O)cc1,4.49485,6.0157285,-1.5208783
CCN(CC)C(=O)CSc1nc(Cc2ccccc2)nc2ccccc12,6.90309,7.8594847,-0.9563947
CC(=O)C1=C(C)OC2(O)c3ccccc3C(=O)C12O,5.3496923,5.3790836,-0.029391289
COc1ccc(/C=N/NC(=O)Cn2c(Cc3ccc(OC)c(OC)c3)nc3ccccc32)cc1,5.0,5.383212,-0.3832121
Cc1ccc(-c2nn3c(-c4ccco4)nnc3c3ccccc23)cc1S(=O)(=O)NCC1CCCO1,6.0,5.1115866,0.8884134
O=c1nccc(N=NCc2ccccc2)[nH]1,6.0,5.583238,0.41676188
CCOc1ccc(CCNC(=O)CN2C(=O)c3cccnc3Oc3ccc(Cl)cc32)cc1,8.387217,6.7452106,1.6420059
CCOc1ccccc1N(C(=O)c1snc(C(N)=O)c1N)C(C(=O)NCc1ccccc1)c1ccc(O)cc1,4.5001755,5.33026,-0.8300843
CCn1nc(/C=C/c2ccccc2)nc2c(=O)n(C)c(=O)nc1-2,5.581699,5.4288673,0.15283155
CN1CCN(C(c2ccccn2)c2cc(Cl)c3cccnc3c2O)CC1,7.5867033,7.779139,-0.19243574
COC(=O)c1c(C)nc(C)c2c(=O)oc3ccccc3c12,5.0,5.0308456,-0.030845642
Cc1nc(Nc2cccc(O)c2)c2c3c(sc2n1)CCC3,8.443698,8.410781,0.032917023
CCCCc1nnc(NC(=O)c2ccc(OCc3c(C)noc3C)cc2)s1,4.7189665,3.8153987,0.9035678
CC(=O)C(C(C)=O)C1(O)C(=O)c2ccccc2C1=O,6.5850267,5.880399,0.7046275
Oc1ccc(C=NN2CCOCC2)c(O)c1O,7.0457573,4.6401052,2.405652
Oc1ccc(C=NN2CCCCC2)c(O)c1O,8.1549015,6.58132,1.5735817
CCC(=O)O[C@@H]1C[C@]2(C)[C@H]3CC=C4[C@@H]5[C@@H](C)[C@H](C)CC[C@]5(C(=O)O)CC[C@@]4(C)[C@]3(C)CC[C@H]2C(C)(C)[C@H]1OC(=O)CC,4.026392,4.3668194,-0.3404274
Cc1ccc(NC(=O)c2cccc(C(F)(F)F)c2)cc1/C=C/n1cnc2c(NC3CC3)ncnc21,7.920819,8.650935,-0.73011637
N#Cc1c(SCc2ccc(F)cc2)nc2c(c1-c1cccs1)CCCC2,5.161151,5.1333294,0.02782154
O=C(NN=CC=Cc1ccccc1[N+](=O)[O-])c1cc(-c2ccc3ccccc3c2)n[nH]1,4.701147,4.496084,0.20506287
NCc1cccc(S(=O)(=O)Nc2ccc(NC(=O)Nc3ccc([N+](=O)[O-])cc3)cc2)c1,5.0,5.995484,-0.9954839
Cn1c(=O)c2c(ncn2C)n(C)c1=O,6.0,5.964207,0.035792828
CCCC(=O)O[C@H]1CC(C)(C)[C@@H]2CC[C@]3(C)[C@H](CC=C4[C@@H]5CC(C)(C)CC[C@]5(C(=O)O)CC[C@]43C)[C@@]2(C)C1,7.30103,6.352461,0.9485693
O=C(Nc1ccc(S(=O)(=O)NCc2ccco2)cc1)c1cc(NS(=O)(=O)c2cccs2)cc(NS(=O)(=O)c2cccs2)c1,9.0,8.553601,0.44639874
CCOC(=O)CCCOC(=O)[C@]12CCC(C)(C)C[C@H]1C1=CC[C@@H]3[C@@]4(C)CC[C@H](O)C(C)(C)[C@@H]4CC[C@@]3(C)[C@]1(C)CC2,6.0,5.3672132,0.63278675
CC1=C(C(=O)[C@H](C)c2ccccc2)C(c2ccccc2)NC(=S)N1,7.5606675,8.55354,-0.9928727
COc1ccc(-c2cnnn2-c2ccc(NC(=O)c3ccc(S(=O)(=O)N4CCCCC4)cc3)cc2)cc1OC,5.275724,5.1158466,0.1598773
CCOC(=O)CCCOC(=O)[C@]12CCC(C)(C)C[C@H]1C1=CCC3[C@@]4(C)CC[C@H](O)C(C)(C)C4CC[C@@]3(C)[C@]1(C)CC2,7.3467875,8.390474,-1.0436869
CC(C)C(NC(=O)C(C)n1cccc(NC(=O)OC(C)(C)C)c1=O)P(=O)(Oc1ccccc1)Oc1ccccc1,4.0170507,3.6795204,0.33753037
CCCCCCCCC(=O)OCc1cn(CC(=O)O[C@H]2CC[C@]3(C)[C@H]4CC=C5[C@@H]6CC(C)(C)CC[C@]6(C(=O)O)CC[C@@]5(C)[C@]4(C)CC[C@H]3C2(C)C)nn1,7.6800613,6.2135563,1.466505
COc1cccc(NC(=O)c2cccc(C(=O)Nc3cccc(OC)c3)c2)c1,4.0263968,4.0429435,-0.016546726
Cc1ccc(-n2c(O)cc(N(CCc3ccccc3)C(=S)Nc3ccc(N(C)C)cc3)c2O)cc1,6.165999,5.1952944,0.97070456
CCCC(=O)O[C@@H]1C[C@]2(C)[C@H]3CC=C4[C@@H]5[C@@H](C)[C@H](C)CC[C@]5(C(=O)O)CC[C@@]4(C)[C@]3(C)CC[C@H]2C(C)(C)[C@H]1O,8.136677,8.42916,-0.29248333
COc1ccc2ccccc2c1/C=N/NC(=O)c1nnn(-c2nonc2N)c1C(C)C,5.304343,5.050553,0.25379038
O=C(CN1CCN(c2ccccc2F)CC1)Nc1cccc(C(F)(F)F)c1,7.481486,6.296318,1.1851678
Cc1cc(O)cc(O)c1C(=O)O[C@H]1[C@@H]2COC(/C=C/[C@H](C)O)=CC2=CC(=O)[C@@]1(C)O,4.0,3.3486373,0.65136266
CCCC(=O)O[C@@H]1C[C@]2(C)[C@H]3CC=C4[C@@H]5[C@@H](C)[C@H](C)CC[C@]5(C(=O)O)CC[C@@]4(C)[C@]3(C)CC[C@H]2C(C)(C)[C@H]1OC(=O)CCC,5.0,4.446437,0.5535631
Cc1ccccc1COc1ccc(C(=O)C2C(=O)C(=O)N(CCCn3ccnc3)C2c2ccco2)cc1,5.0,5.655489,-0.65548897
CC(=O)O[C@@H]1C[C@]2(C)[C@H]3CC=C4[C@@H]5CC(C)(C)CC[C@]5(C(=O)OCc5ccccc5)CC[C@@]4(C)[C@]3(C)CC[C@H]2C(C)(C)[C@H]1O,9.49485,9.218495,0.2763548
CCn1cc(/C=N/NC(=O)c2cc3c(ccc4ccccc43)o2)c2ccccc21,8.318759,8.244167,0.07459164
O=S(=O)(NC(=Nc1ccc(Cl)c(S(=O)(=O)Nc2ccccc2Cl)c1)c1ccc(F)cc1)c1ccccc1,1.621602,3.6700401,-2.048438
O=C(CNc1cccc2ccccc12)N/N=C/c1ccc([N+](=O)[O-])cc1,4.537602,4.265185,0.27241707
CCCCCCCCC(=O)OCc1cn(CC(=O)O[C@H]2CC[C@]3(C)[C@H]4CC=C5[C@@H]6CC(C)(C)CC[C@]6(C(=O)OCc6ccccc6)CC[C@@]5(C)[C@]4(C)CC[C@H]3C2(C)C)nn1,4.30103,4.462514,-0.16148376
CCC(=O)O[C@H]1CC(C)(C)[C@@H]2CC[C@]3(C)[C@H](CC=C4[C@@H]5CC(C)(C)CC[C@]5(C(=O)O)CC[C@]43C)[C@@]2(C)C1,5.241088,4.768443,0.4726448
COc1cc(OC)c([C@@H](OC)[C@H](C)O)cc1OC,6.0,5.479267,0.5207329
CC1(C)CC[C@]2(C(=O)OCc3ccccc3)CC[C@]3(C)C(=CC[C@@H]4[C@@]5(C)C[C@@H](OC(=O)CCC(=O)O)CC(C)(C)[C@@H]5CC[C@]43C)[C@@H]2C1,6.850781,6.2077637,0.6430173
OC[C@H]1O[C@@]2(CC(c3ccc4c(c3)OCO4)=NO2)[C@H](O)[C@@H](O)[C@@H]1O,6.0,5.9233303,0.07666969
O=C(N[C@@H](CO)C(=O)Nc1nc(-c2ccccc2)cs1)c1ccccc1,5.4436975,5.132792,0.31090546
CC(C)C(NC(=O)[C@@H]1CCCCN1C(=O)[C@@H](NC(=O)OC(C)(C)C)C(C)(C)C)P(=O)(Oc1ccccc1)Oc1ccccc1,4.1580153,3.7630172,0.39499807
CC1(C)C2CC[C@]3(C)[C@H](CC=C4[C@@H]5C[C@@](C)(C(=O)O)CC[C@]5(C)CC[C@]43C)[C@@]2(C)CC[C@@H]1O,6.07848,4.0848026,1.9936771
CC1(C)[C@@H](O)CC[C@]2(C)[C@H]3CC=C4[C@@H]5C[C@@](C)(C(=O)O)CC[C@]5(C)CC[C@@]4(C)[C@]3(C)CC[C@@H]12,3.8239088,3.55717,0.2667389
COc1cccc2c1C(=O)CCC2O,4.0665126,4.5147343,-0.44822168
CCCOC(=O)[C@]12CC[C@@H](C)[C@H](C)[C@H]1C1=CC[C@@H]3[C@@]4(C)C[C@@H](O)[C@H](O)C(C)(C)[C@@H]4CC[C@@]3(C)[C@]1(C)CC2,6.376751,5.4033513,0.97339964
C[C@H]1[C@H](C)CC[C@]2(C(=O)OCc3ccccc3)CC[C@]3(C)C(=CC[C@@H]4[C@@]5(C)CC(N=O)C(=O)C(C)(C)[C@@H]5CC[C@]43C)[C@H]12,7.429457,7.149089,0.28036833
Nc1n[nH]c2cccc(-c3ccc(C(=O)N4CCN(C(=O)c5ccc(F)c(F)c5)CC4)cc3)c12,6.0,7.7751327,-1.7751327
C=CCOc1c(OC)c(-c2ccc(O)cc2)cc(OC)c1-c1ccc(O)cc1,4.60206,4.2056694,0.39639044
COC(=O)C1=C(C)NC(SC)N(C)C1c1ccccc1,7.69897,4.002251,3.6967187
COC(=O)[C@]1(Cc2ccc(O)cc2)OC(=O)C(O)=C1c1ccc(O)cc1,4.30103,4.235216,0.06581402
CC(C)c1cc2cc3ccc(=O)oc3cc2o1,8.30103,8.696811,-0.39578056
CN1CCC(O)(c2nc(-c3ccc(F)cc3)c(-c3ccncc3)o2)CC1,4.787812,3.792388,0.9954243
C[C@]1(c2nc3cccc(C(N)=O)c3[nH]2)CCCN1,4.653647,3.7523017,0.90134525
CC1=C(C(=O)O)C(c2ccccc2)NC(=S)N1,5.4134126,4.4001894,1.0132232
COc1ccc(CNP(=O)(O)OP(=O)(O)OP(=O)(O)OC[C@H]2OC(n3cnc4c(N)ncnc43)[C@H](O)[C@@H]2O)cc1,4.026295,3.525467,0.50082827
[C]C([C])=[C][C][C]/C([C])=[C]/[C][C]/C([C])=[C]/[C]c1c([O])c2ccccc2oc1=O,4.30103,4.6484785,-0.34744835
C[C@H]1[C@H](C)CC[C@]2(C(=O)OC3CC3)CC[C@]3(C)C(=CC[C@@H]4[C@@]5(C)C[C@@H](O)[C@H](O)C(C)(C)[C@@H]5CC[C@]43C)[C@H]12,5.6615434,4.9781547,0.6833887
CCCCOC(=O)[C@]12CC[C@@H](C)[C@H](C)[C@H]1C1=CC[C@@H]3[C@@]4(C)C[C@@H](O)[C@H](O)C(C)(C)[C@@H]4CC[C@@]3(C)[C@]1(C)CC2,6.3050003,5.592903,0.71209717
Cc1cccc(-c2nn3c(c2-c2ccncc2)C(CO)C(C)(C)C3)n1,5.7212462,5.4293833,0.29186296
COc1cc(C2=C(c3c[nH]c4ccccc34)C(=O)NC2=O)cc(OC)c1OC,6.1958604,7.3467183,-1.1508579
CC[C@H]1O[C@@H](NC(=S)NN=Cc2ccc(Br)cc2)[C@H](O)[C@@H](O)[C@@H]1O,9.309804,9.226064,0.083740234
O=C(NNC(=O)c1ccccc1O)c1ccccc1O,4.008774,3.939197,0.06957674
Cc1c(C(=O)NNC(=O)c2ccccc2O)oc2ccccc12,4.0,4.6931586,-0.6931586
CC(=O)NNC(=S)NC(=O)c1ccc(C)cc1,8.400008,8.182794,0.21721458
O=C(N/N=C/c1ccoc1)c1cc(O)cc(O)c1,4.6946487,4.335431,0.35921764
O=C(N/N=C/c1cccnc1)c1cc(O)c(O)c(O)c1,6.0,5.4320664,0.56793356
COc1ccc(C(=O)NNC(=S)NC(=O)c2cccs2)cc1,5.2596374,4.933155,0.3264823
O=C1NC(=O)N(CCc2ccccc2)C(=O)C1=CNNC(=O)c1ccccc1O,5.481486,6.0009813,-0.5194955
O=C1NC(=O)N(Cc2ccco2)C(=O)C1=CNNC(=O)c1ccccc1O,6.0,5.885521,0.114479065
Cc1cccc(C(=O)NCC(=O)NNC(=O)c2ccccc2O)c1,8.0,8.5323515,-0.5323515
O=C(NNC(=S)NC(=O)c1cccs1)c1ccc(O)cc1,4.60206,5.476387,-0.8743272
O=C(CCl)NNC(=O)c1c(O)c2ccccc2[nH]c1=O,5.7999706,5.184806,0.61516476
Cc1nc2ccccc2n1CC(=O)c1ccc(O)c(O)c1,5.958607,4.169585,1.789022
O=C(NNC(=O)c1ccccc1F)c1cccc(-n2cccc2)c1,4.026461,3.8442652,0.1821959
CC1CCCC(C)N1N=Cc1ccc(O)c(O)c1,3.9193735,3.7962217,0.12315178
O=C(NC(=S)NNC(=O)c1ccccc1O)c1cccnc1,5.3279023,5.117712,0.2101903
O=C(NNC(=O)c1c(O)c2ccccc2[nH]c1=O)c1ccccc1,4.0,3.9377742,0.06222582
O=C(CSc1nnc(-c2ccccc2)n1Cc1ccccc1)NNC(=O)c1ccccc1O,4.086186,3.8827705,0.2034154
COc1ccc(C(=O)CC=NNC(=O)c2ccc(Cl)cc2)cc1,7.707744,7.6580653,0.049678802
O=C(CCc1ccc(S(=O)(=O)N2CCOCC2)cc1)NN=Cc1ccc(O)c(O)c1O,4.809556,4.372357,0.43719912
O=C(N/[NH+]=C/[c-]1cc([N+](=O)[O-])cc([N+](=O)[O-])c1=O)/C(=C\c1cccs1)NC(=O)c1ccccc1,5.2596374,5.3575172,-0.09787989
O=C(NNC(=O)c1ccc2ccccc2c1O)Nc1ccc(F)cc1,5.0947437,5.0736675,0.021076202
COc1ccc(/C=C2\SC(=O)N(CC(=O)NNC(=O)c3ccccc3O)C2=O)cc1,6.0,5.585822,0.4141779
CCC(=O)Nc1ccc2nc3c(=O)[nH]c(=S)[nH]c3nc2c1,8.0,7.2072873,0.7927127
CC(=O)NC(CC(=O)NNC(=O)c1cc2ccccc2cc1O)c1ccccc1,5.5128617,4.1073008,1.405561
O=C(NNC(=S)NC1CCCCC1)c1ccccc1O,5.229148,4.5510316,0.6781163
CC1=CC(/C=N/n2c(COc3ccccc3C)nc3ccccc3c2=O)C(=O)C([N+](=O)[O-])=C1,6.50724,5.1311593,1.3760805
Cc1cc2oc3ccc(NCCCn4ccnc4)cc3c(=O)c2cc1C,5.207608,4.9453535,0.26225471
CCC(NNC(=O)c1ccccc1O)=C1C(=O)NC(=O)N(Cc2ccccc2)C1=O,6.39794,4.905429,1.4925113
Cc1cc(C(=O)N/[NH+]=C/[c-]2cc(Cl)cc([N+](=O)[O-])c2=O)c2ccccc2n1,5.6382723,4.3855114,1.2527609
O=C(NNC(=O)c1ccccc1O)c1ccc(-c2ccc([N+](=O)[O-])cc2)o1,4.087034,4.1739388,-0.086904526
COc1ccc(C)cc1NC(=O)NNC(=O)c1cc2ccccc2cc1O,4.30103,4.6905956,-0.38956547
COc1ccc(CC(=O)N/[NH+]=C/[c-]2cc([N+](=O)[O-])cc(Br)c2=O)cc1,6.4775558,5.9257126,0.55184317
COc1ccc(NC(=O)NNC(=O)c2cc3ccccc3cc2O)cc1,3.29388,4.4172487,-1.1233687
COC(=O)Nc1ccc(S(=O)(=O)NNC(=O)c2c(O)c3ccccc3n(C)c2=O)cc1,6.699481,5.5414453,1.1580358
Cc1nc2ccccc2c(=O)n1N=Cc1cc(Br)cc(Br)c1O,4.5109982,4.433385,0.077613354
Cc1cc2cc(CNC(=O)c3ccc(C)c([N+](=O)[O-])c3)ccc2[nH]1,5.7695513,6.2048554,-0.43530416
CCOc1ccc(NC(=O)NNC(=O)c2ccc3ccccc3c2O)cc1,4.8181562,3.5523458,1.2658105
O=C(NNC(=S)NC(=O)c1cccnc1)c1ccc(F)cc1,6.6777806,5.8107767,0.8670039
O=C(CCCN1C(=O)/C(=C/c2cccs2)SC1=S)NNC(=O)c1ccccc1O,4.6840296,4.653759,0.030270576
O=C(CSc1nc2ccccc2s1)N/[NH+]=C/[c-]1cc([N+](=O)[O-])ccc1=O,7.79588,4.849606,2.9462738
C=CCN1C(=O)/C(=N\NC(=O)CNC(=O)/C=C/c2ccco2)c2ccccc21,4.8181562,3.7510202,1.067136
CNC(=S)NNC(=O)c1oc2nc(-c3ccccc3)cc(-c3ccco3)c2c1N,7.744969,6.2336183,1.5113506
CN1C(=O)C(C=NNC(=O)c2cc3ccccc3cc2O)c2ccccc21,5.0,4.5416265,0.45837355
Cc1ccc(S(=O)(=O)N2CCC(C(=O)NNC(=O)c3ccccc3O)CC2)cc1C,6.530178,4.442605,2.087573
CCN(CC(=O)Nc1c(F)cccc1F)C(=O)/C=C/c1ccc2ccccc2n1,6.519993,5.913888,0.60610485
O=C(CSc1nnc(-c2ccccc2O)n1Cc1ccccc1)NNC(=O)c1ccccc1O,6.779892,5.820468,0.959424
CCOc1ccc(C(=O)CCC(=O)NNC(=O)c2ccccc2O)cc1,9.356547,9.101308,0.2552395
CCc1ccccc1NC(=O)NNC(=O)c1ccc2ccccc2c1O,4.0814457,3.9021869,0.17925882
[C]C([N][N]C(=O)c1ccc(-c2ccccc2)cc1)=C1C(=O)c2ccccc2C1=O,5.468521,5.2042246,0.26429653
COc1ccc(/C=C2\SC(=O)N(CC(=O)NNC(=O)c3ccccc3O)C2=O)cc1OC,7.79588,7.11398,0.6819
Cc1ccccc1C(=O)NNC(=S)NC(=O)c1cccnc1,4.093665,5.038087,-0.94442177
Cc1ccc(/C=C2\SC(=S)N(CCC(=O)NNC(=O)c3ccccc3O)C2=O)cc1,9.30103,6.646434,2.6545963
Cc1cc(=O)oc2cc(OCC(=O)N/[NH+]=C/[c-]3cc([N+](=O)[O-])ccc3=O)ccc12,5.5934596,4.894507,0.6989527
COc1ccc(NC(=O)NNC(=O)c2ccc3ccccc3c2O)cc1OC,7.031517,8.134654,-1.103137
O=C(NN=Cc1cc(Br)cc(Cl)c1O)c1ccc2c(c1)OCO2,4.0260367,4.2110825,-0.18504572
Cc1cc([N+](=O)[O-])c(=O)[c-](/C=[NH+]/n2c(CO[N-][C+](C)c3ccccc3)nc3ccccc3c2=O)c1,4.7144427,3.7284563,0.9859865
Cc1ccc(NC(=O)NNC(=O)c2cc3ccccc3cc2O)cc1,4.5617743,4.4068832,0.15489101
Nc1ccc([N+](=O)[O-])cc1C(=O)NNC(=O)c1ccco1,8.896196,7.269861,1.6263351
CCn1c(SCC(=O)c2ccc(O)c(O)c2)nnc1-c1ccccc1OC,4.026392,3.5898,0.4365921
O=C(NNC(=O)c1cc2ccccc2cc1O)Nc1ccc(F)cc1F,7.0,6.4671793,0.5328207
O=C(NNC(=O)C1CCN(S(=O)(=O)c2ccccc2C(F)(F)F)CC1)c1ccccc1O,6.0,5.8794355,0.12056446
Cc1cccc(-n2c(O)c(C=NNC(=O)c3ccccc3Cl)c3ccccc3c2=O)n1,4.1339903,4.4993987,-0.36540842
CC(=NNC(=O)c1nnn(-c2nonc2N)c1CN(C)c1ccccc1)c1ccccc1O,9.79588,9.012738,0.7831421
Cc1nnc(SC(=Cc2ccc(OCc3ccc(C(=O)O)cc3)cc2)C(=O)O)[nH]1,6.0,5.176655,0.8233452
O=C(N/[NH+]=C/[c-]1cc([N+](=O)[O-])ccc1=O)/C(=C\c1cccs1)NC(=O)c1ccccc1,5.853872,4.413783,1.4400887
Cc1ccc(/C=C2\SC(=S)N(CCCC(=O)NNC(=O)c3ccccc3O)C2=O)cc1,4.559091,4.734474,-0.17538309
CC(C)(C)c1ccc(C(=O)NCC(=O)NNC(=O)c2ccccc2O)cc1,6.3595185,6.29609,0.0634284
COc1cc([N+](=O)[O-])c[c-](/C=[NH+]/NC(=O)c2cc(C)nc3ccccc23)c1=O,5.4619293,6.90223,-1.4403005
O=C(N/[NH+]=C/[c-]1cc([N+](=O)[O-])ccc1=O)c1cccc(N2CCCC2=O)c1,9.327902,9.21757,0.110331535
COc1ccc(C(=O)NNC(=S)NC(=O)c2cccnc2)cc1,6.38934,5.0722847,1.3170552
Cc1ccc(O)c(-c2cc(C(=O)Nc3ccc(S(=O)(=O)Nc4nccc(C)n4)cc3)[nH]n2)c1,4.5999975,4.3527923,0.24720526
Cc1cc(C)c(C)c(S(=O)(=O)N2CCC(C(=O)NNC(=O)c3ccccc3O)CC2)c1C,7.1487417,7.2248974,-0.07615566
COc1ccccc1N(C)S(=O)(=O)c1ccc(C(=O)NNC(=O)c2ccccc2O)cc1,5.4436975,5.235963,0.20773458
Oc1ccc(CN=Nc2ncnc3c2ncn3Cc2ccccc2)cc1O,5.856985,5.66532,0.19166517
COc1ccccc1C(=O)NNC(=O)c1ccc(NC(=O)CC(C)C)cc1,6.0,7.2002535,-1.2002535
Cn1c(=O)c(C(=O)NNC(=O)c2ccccc2F)c(O)c2ccccc21,7.447332,7.6603403,-0.2130084
Cc1ccccc1C(=O)Nc1cccc(C(=O)N/[NH+]=C/[c-]2cc(Cl)cc([N+](=O)[O-])c2=O)c1,5.0,5.272647,-0.2726469
Cc1nnc(SC(=Cc2ccc(-c3ccc(C(=O)O)c(Cl)c3)o2)C(=O)O)[nH]1,4.823909,4.731681,0.092227936
COc1ccc2nc(C)cc(SCC(=O)NN=Cc3ccc(O)c(O)c3)c2c1,9.431798,9.313922,0.11787605
Cc1ccc(C(=O)Nc2nc(C(C)(C)C)cs2)s1,4.821023,4.9662924,-0.1452694
Cc1ccc(S(=O)(=O)N2CCC(C(=O)NNC(=O)c3ccccc3O)CC2)cc1,9.387217,9.415526,-0.028309822
COc1ccccc1NC(=O)NNC(=O)c1cc2ccccc2cc1O,5.395774,5.6576724,-0.26189852
Cc1ccc(O)c(C=NNC(=O)COc2ccc3c(C)cc(=O)oc3c2)c1,8.0,7.876876,0.12312412
Cc1cc(Br)cc(C=NNC(=O)c2ccc3c(c2)OCO3)c1O,4.2596374,4.4120846,-0.15244722
O=C(NNC(=O)c1cc(Cl)ccc1O)c1cccc(S(=O)(=O)N2CCOCC2)c1,5.60206,4.710064,0.8919959
O=C(Cc1ccccc1)NNC(=S)NC(=O)c1cccnc1,4.823909,5.380164,-0.55625534
O=C(Cc1ccccc1)NN=Cc1cc(Br)cc(Br)c1O,4.801343,4.4132524,0.3880906
COc1cc(=O)[c-](/C=[NH+]/NC(=O)c2ccncc2)c(OC)c1[N+](=O)[O-],7.1573906,7.3209944,-0.16360378
NS(=O)(=O)c1ccc(NC(=O)c2cccc(N3C(=O)c4ccccc4C3=O)c2)cc1,6.39794,5.2110734,1.1868668
Cc1cc(C)c2c(N)c(C(=O)NN)sc2n1,4.30103,5.317094,-1.0160637
O=c1ccc([N+](=O)[O-])c[c-]1C=[NH+]NC(=S)Nc1ccc(Cl)cc1Cl,5.79588,3.9751012,1.8207786
O=C(CNC(=O)c1ccccc1F)NNC(=O)c1ccccc1O,5.0,4.825185,0.17481518
O=C1C([N+](=O)[O-])=CC=CC1/C=N/n1cnc2scc(-c3ccc(Cl)cc3)c2c1=O,6.206908,7.3525977,-1.1456895
O=C(CNC(=O)c1cccc(Br)c1)NN=Cc1cc(Br)cc(Br)c1O,5.0,5.680833,-0.68083286
Cc1c(NC(=S)N[NH+]=C[c-]2cc([N+](=O)[O-])ccc2=O)c(=O)n(-c2ccccc2)n1C,7.2596374,7.2941113,-0.034473896
CC(=O)c1ccc(NC(=O)CN2C(=O)C(=CC(C)=Cc3ccccc3)SC2=S)cc1,4.2479515,4.2058277,0.042123795
CCC1=NN(C(=O)c2cccc([N+](=O)[O-])c2)C(O)(c2ccc(C)cc2)C1,5.8996296,5.317745,0.5818844
COC(=O)Nc1ccc(S(=O)(=O)NNC(=O)c2c(O)c3ccccc3[nH]c2=O)cc1,7.154902,6.744088,0.4108138
O=C(NC(C(=O)N[NH+]=C[c-]1cc([N+](=O)[O-])ccc1=O)c1n[nH]c(=O)c2ccccc12)c1ccccc1,5.048177,5.1216326,-0.07345581
COc1ccc(NS(=O)(=O)c2cc(NC(=O)/C=C/c3cc(OC)c(OC)c(OC)c3)ccc2N2CCCCC2)cc1,7.69897,5.980654,1.7183161
O=C(NC(=S)NNC(=O)c1cccs1)c1ccccc1,6.876148,7.09332,-0.21717167
O=[N+]([O-])c1cc(Br)c(O)c(CN=Nc2nnnn2-c2cccc3ccccc23)c1,6.337242,5.166651,1.1705914
O=C(CCN1C(=O)/C(=C\c2ccccc2)SC1=S)NNC(=O)c1ccccc1O,5.1999707,5.3414855,-0.14151478
O=C(CCN1CCN(c2ccccc2)CC1)NN=Cc1ccc(O)c(O)c1O,6.1700535,5.7737675,0.396286
O=C(CCNC(=O)c1ccc(Br)cc1)NNC(=O)c1ccccc1O,9.1549015,9.021104,0.13379765
O=C(O)c1ccccc1/C=N/NC(=O)c1cc(-c2ccco2)nc2ccccc12,4.5044556,4.1878023,0.31665325
Cc1[nH]n(-c2ccccc2)c(=O)c1N=Nc1ccccc1O,4.585,5.367489,-0.7824888
Cc1cc(C(=O)N[NH+]=C[c-]2cc(Cl)cc([N+](=O)[O-])c2=O)[nH]n1,6.421361,6.96146,-0.54009914
COc1cc(Br)cc2cc(C(=O)N3CCN(C(=O)c4ccco4)CC3)c(=O)oc12,7.850792,6.6921024,1.1586895
CCc1ccc(NC(=O)NNC(=O)c2ccc3ccccc3c2O)cc1,8.853872,6.4741735,2.3796988
O=C(N/[NH+]=C/[c-]1cc(Cl)cc([N+](=O)[O-])c1=O)c1ccc2c(c1)OCO2,4.5482135,3.2774892,1.2707243
O=C(CN1C(=O)S/C(=C\c2ccccc2)C1=O)NNC(=O)c1ccccc1O,5.3665314,5.1072526,0.25927877
Cc1ccc(-n2c(O)c(C=NNC(=O)C3COc4ccccc4O3)c3ccccc3c2=O)cc1,6.0,5.160248,0.8397522
CC(=NNC(=O)c1c(C)nc2ccccn12)c1ccc(O)cc1O,6.0,5.2216578,0.77834225
O=C1C=CC([N+](=O)[O-])=CC1/C=N/n1c(COc2ccccc2)nc2ccccc2c1=O,6.0,5.7023945,0.2976055
Cc1cc(C(=O)N/[NH+]=C/[c-]2cc(Br)cc([N+](=O)[O-])c2=O)c2ccccc2n1,5.958607,4.6039963,1.3546109
O=C(NN=Cc1sc(=O)[nH]c1-[n+]1ccc2ccccc2c1)c1ccccc1[O-],6.6575775,7.0557475,-0.39817
CC(=NNC(=O)c1cc(O)c(O)c(O)c1)c1ccc([N+](=O)[O-])cc1,8.568636,8.373839,0.19479656
O=C(N/[NH+]=C/[c-]1cc(Cl)cc([N+](=O)[O-])c1=O)c1cccc(S(=O)(=O)N2CCOCC2)c1,4.30103,4.8648615,-0.5638313
O=C(NNC(=O)c1ccc2ccccc2c1O)c1cccs1,8.0,7.9487815,0.05121851
Cc1cc(C)c(-c2cc(NC(=O)COC(=O)c3ccc(NC(=O)CC#N)cc3)n(-c3ccccc3)n2)cc1C,6.0,5.0069284,0.99307156
O=C1COc2ccc(C(=O)COC(=O)C=Cc3ccc(Br)o3)cc2N1,7.180755,7.2341332,-0.053378105
O=C(NNC(=O)C1CCN(S(=O)(=O)c2ccccc2)CC1)c1ccccc1O,3.8239088,3.4724178,0.35149097
O=C(N/[NH+]=C/[c-]1cccc([N+](=O)[O-])c1=O)c1cccs1,3.2062795,4.589114,-1.3828347
NC(=O)CCC1NC(=S)N(Cc2ccccc2)C1=O,4.534617,4.249914,0.28470278
CCOc1ccc(Nc2ccc(N)c(S(=O)(=O)O)c2)cc1,4.462181,3.5720901,0.89009094
O=C1NC(=S)NC1=Cc1ccco1,5.617983,5.7839065,-0.1659236
CCOC(=O)c1c(C)[nH]c(C(=O)N/[NH+]=C/[c-]2cc([N+](=O)[O-])ccc2=O)c1C,7.045999,4.764558,2.2814412
Cc1cc([N+](=O)[O-])c[c-](/C=[NH+]/NC(=O)C2COc3ccccc3O2)c1=O,5.4202166,4.643957,0.7762594
CC1=NN(C(=O)c2ccccc2)C(O)(c2ccc(Br)cc2)C1,8.468521,8.2785845,0.18993664
Cc1nnc(SC(=Cc2ccc(-c3ccc(C(=O)O)cc3)o2)C(=O)O)[nH]1,5.2596374,4.8512154,0.408422
CCCCCCn1c(=O)c(C(=O)Nc2ncccc2O)c(O)c2ccccc21,6.958607,5.2716675,1.6869397
O=C1/C(=C/c2cn(-c3ccccc3)nc2-c2ccc(OCc3ccccc3)cc2)SC(=S)N1CCS(=O)(=O)O,5.4342704,4.986255,0.4480152
COc1ccc(/C=N\NC(=O)c2cc(O)c(O)c(O)c2)cc1CN1CCN(c2ccc(F)cc2)CC1,4.49485,4.0684605,0.4263897
O=C1NC(=O)N(Cc2ccco2)C(=O)C1=CNNC(=O)c1ccccc1,4.8435116,4.753432,0.090079784
O=c1oc2ccccc2c2oc3cc(O)c(O)cc3c12,4.69897,3.6748111,1.0241587
Cc1ccccc1NC(=O)NNC(=O)c1ccc2ccccc2c1O,4.5228786,5.7956347,-1.2727561
O=C(CP(=O)(c1ccccc1)c1ccccc1)NN=Cc1cc(Br)cc(Br)c1O,6.091515,6.2088346,-0.117319584
Cn1c(SCC(=O)NNC(=O)c2ccccc2O)nnc1-c1ccccc1,9.045757,7.0793014,1.9664559
O=c1cc(-c2ccc(O)c(O)c2)oc2ccc3ccccc3c12,7.3665314,7.0511947,0.3153367
NNC(=O)c1nc[nH]c1C(=O)Nc1ccccn1,8.389979,6.7452106,1.6447687
COC(=O)c1cc(O)c(O)c(O)c1,5.6382723,4.698269,0.9400034
C=C(C)[C@@H]1CC[C@]2(C(=O)OCC#CCOC(=O)CCC(=O)O)CC[C@]3(C)[C@H](CC[C@@H]4[C@@]5(C)CC[C@H](OC(C)=O)[C@@](C)(COC(C)=O)[C@@H]5CC[C@]43C)[C@@H]12,5.3545775,4.786104,0.56847334
OC[C@H]1O[C@@H](c2cc(O)cc(Cl)c2O)[C@H](O)[C@@H](O)[C@@H]1O,5.05061,4.9480534,0.102556705
CCCCCCCCN(CCCCCCCC)C(=O)[C@H](C)NC(=O)[C@@H](NC(=O)[C@H](Cc1ccc(OP(=O)(O)O)cc1)NC(C)=O)C(C)C,5.0,5.0525913,-0.052591324
CNc1ncnc2c1ncn2CCc1cc(NC(=O)c2cccc(C(F)(F)F)c2)ccc1C,6.0,5.691835,0.30816507
CCOc1cc(/C=C2\SC(=O)N(Cc3cccc([N+](=O)[O-])c3)C2=O)ccc1OCc1ccc(Cl)cc1,4.9830003,5.19512,-0.21211958
C=C(C)[C@@H]1CC[C@]2(C(=O)OCCN(CCCCCCNC(C)=O)C(C)=O)CC[C@]3(C)[C@H](CC[C@@H]4[C@@]5(C)CC[C@H](OC(C)=O)[C@@](C)(COC(C)=O)[C@@H]5CC[C@]43C)[C@@H]12,5.6575775,4.817274,0.8403034
O=C(CN1CCN(c2ccccc2)CC1)Nc1nccs1,3.352441,4.6048765,-1.2524354
C[C@H]1[C@H](C)CC[C@]2(C(=O)O[C@@H]3O[C@H](CO)[C@@H](O)[C@H](O)[C@H]3O)CC[C@]3(C)C(=CC[C@@H]4[C@@]5(C)CC[C@H](O)C(C)(C)C5CC[C@]43C)[C@H]12,5.062984,5.042804,0.020180225
CCCCN(CCCC)c1nc(-c2cccn2CCCc2ccccc2)nc(N2CCCCCC2)n1,5.5114493,3.9057755,1.6056738
C=C(C)[C@@H]1CC[C@]2(COC(=O)CCC(=O)O)CC[C@]3(C)[C@H](CC[C@@H]4[C@@]5(C)CC[C@H](OC(=O)CCC(=O)O)[C@@](C)(COC(=O)CCC(=O)O)[C@@H]5CC[C@]43C)[C@@H]12,7.35868,7.3412123,0.017467499
COC(=O)c1ccc(N=CC2C(=O)Nc3ccccc32)cc1,5.623423,5.0649867,0.5584364
N=C(N)NCCC[C@H](N)C(=O)N[C@@H](Cc1c[nH]c2ccccc12)C(=O)N[C@@H](Cc1c[nH]c2ccccc12)C(=O)O,5.0,4.5792794,0.42072058
COc1ccc2c(=O)c3c(OC(C)=O)cc(OCc4cn(CC(=O)Nc5ccc(OC)c(OC)c5)nn4)cc3oc2c1,5.0,4.9090834,0.09091663
Cc1[nH]c2ncnc(Nc3cccc(F)c3)c2c1C,4.30103,4.451974,-0.15094376
O=C(OCCOc1ccc2ccc(=O)oc2c1)c1ccc(Cl)cc1Cl,6.348722,6.4903173,-0.14159536
CCOc1cc(/C=C2\SC(=O)N(Cc3cccc([N+](=O)[O-])c3)C2=O)ccc1OCc1cccc([N+](=O)[O-])c1,4.769168,4.308327,0.4608407
NC(=O)c1ccc(OCC2CCCCC2)cc1,5.9800534,4.910685,1.0693684
CN(C)CCC(=O)c1ccc(OCc2ccccc2)cc1,8.886057,9.045408,-0.15935135
C[C@H]1NC[C@@H](O)[C@@H](O)[C@H]1CO,4.6655464,4.310366,0.35518026
N#CC(Cc1ccc(O)c(O)c1)C(N)=S,4.30103,3.7596247,0.54140544
CCOC(=O)c1nc2c(-c3ccc(O)cc3)c(O)c(O)c(-c3ccc(O)cc3)c2s1,6.0,5.15014,0.8498602
CCOC(=O)c1nc2c(-c3ccc(O)c(O)c3)c(O)c(O)c(-c3ccc(O)cc3)c2s1,5.4292235,5.672055,-0.24283123
COc1ccc(-c2c(-c3cccc(C)n3)nn3c2C(C)C(C)(C)C3)cc1,3.8239088,3.694023,0.12988591
COc1ccc(-c2cnc3ccc(NC(=O)NC(C)(C)C)nc3c2)cc1OC,6.2209244,5.7803297,0.44059467
COc1ccc(-c2ccc(-c3cc(OC)cc(OC)c3)cc2)cc1,4.6401644,4.166711,0.47345352
C=C(C)Cn1c(O)c(CN(C)C)sc1=NN=c1scc(O)n1C,4.481486,3.913735,0.56775093
C=C(C)Cn1c(O)c(C)sc1=NN=c1scc(O)n1C,4.442493,3.98735,0.45514297
Nc1ncnc2c1ncn2C1OC(COC(=O)c2ccc([S+](=O)([O-])Oc3ccc(/C=C/[N+](=O)[O-])cc3)cc2)C(O)C1O,6.0,5.824835,0.17516518
COc1cc(/C=C/[N+](=O)[O-])ccc1OS(=O)(=O)c1ccc(C(=O)OC[C@H]2O[C@@H](n3cnc4c(N)ncnc43)[C@H](O)[C@@H]2O)cc1,6.306273,7.3020277,-0.9957547
COC(=O)c1ccccc1SCC(CN(C)C)C(=O)c1ccc(OCc2ccccc2)cc1,4.8827286,4.6946883,0.18804026
C=CCn1c(O)c(CC(=O)O)sc1=NN=c1scc(O)n1C,4.823909,4.709296,0.11461258
COC(=O)c1nc2c(-c3ccc(O)cc3)c(O)c(O)c(-c3ccc(O)cc3)c2s1,5.5228786,4.169239,1.3536396
COC(=O)c1nc2c(s1)c(-c1ccc(O)cc1)c(O)c1oc3cc(O)c(O)cc3c12,3.7746906,3.695034,0.0796566
C=CCn1c(O)c(C)sc1=NN=c1scc(O)n1C,4.0,3.7121572,0.28784275
C=C(C)CN1C(=O)C(=C)SC1=NN=c1scc(O)n1C,9.387217,9.077336,0.30988026
C=C(C)Cn1c(O)c(OS(=O)O)sc1=NN=c1scc(O)n1C,4.534617,4.419322,0.11529493
C=C(C)Cn1c(O)c(O)sc1=NN=c1scc(O)n1C,4.236572,4.507872,-0.27130032
C=C(C)Cn1c(O)c(CO)sc1=NN=c1scc(O)n1C,9.376751,9.189024,0.18772697
C=C(C)Cn1c(O)csc1=NN=c1scc(O)n1C,6.4202166,5.0366054,1.3836112
CCc1cccc(-c2nn3c(c2-c2ccnc(Cl)c2)C(C)C(C)(C)C3)n1,4.69897,4.102471,0.59649897
CCc1cccc(-c2nn3c(c2-c2ccc(OC)cc2)C(C)C(C)(C)C3)n1,4.1765256,3.8237686,0.35275698
CN(C)CCCC(=O)c1ccc(OCc2ccccc2)cc1,5.549751,4.906939,0.6428118
C[C@H](CCC(=O)O)[C@H]1CC[C@H]2[C@@H]3[C@H](O)C[C@@H]4C[C@H](O)CC[C@]4(C)[C@H]3C[C@H](O)[C@]12C,5.207608,4.9040127,0.30359554
C[C@@H]1C[C@H]1C(=O)N1CCN(c2cnc(C#N)c(-c3cnn(C)c3)n2)C[C@H]1C,6.180456,4.74619,1.4342661
Cn1nnc2c(C(N)=O)ncn2c1=O,7.69897,5.6112337,2.0877361
Cc1ccc(Nc2cc3c(cc2Nc2ccc(C)cc2)C(=O)NC3=O)cc1,5.552842,4.8281503,0.72469187
CN(C)CCC(=O)c1ccc(OCc2ccccc2)c(O)c1,3.28042,3.6853638,-0.4049437
CSCC[C@@H](NC(=O)c1ccccc1)C(=O)Nc1nc(-c2ccccc2)cs1,7.823909,7.6130304,0.21087837
CCN(CC)CCCOc1ccc(NC(=O)c2ccc(C)c(Nc3nccc(-c4cccnc4)n3)c2)cc1,5.958607,4.4128046,1.5458026
CCNC(=O)Nc1nc2ccc(C(=O)N3CCN(C)CC3)cc2[nH]1,5.0,4.148028,0.8519721
CCNC(=O)Nc1nc2ccc(C(=O)Nc3ccncc3)cc2[nH]1,4.30103,3.802314,0.49871612
CCNC(=O)Nc1ccc2ncc(-c3ccc(OC)c(OC)c3)cc2n1,7.161151,5.6490254,1.5121255
CCOC(=O)C1CCN(CCC(=O)c2ccc(OCc3ccccc3)cc2)CC1,6.5800443,6.758086,-0.17804193
[C]C([C])=[C][C@@H]1[C][C@H]([C])c2c([O])cc([C])c3c2C1=C([C])C(=O)C3=O,9.747147,5.926752,3.8203945
CN(C)CC(CNNC(N)=O)C(=O)c1ccc(OCc2ccccc2)cc1,7.7447276,7.188526,0.55620146
CCOC(=O)c1nc2c(s1)c(-c1ccc(O)cc1)c(O)c1oc3cc(O)c(O)cc3c12,5.229148,4.946602,0.28254604
CCc1cccc(-c2nn3c(c2-c2ccc(O)cc2)[C@H](C)C(C)(C)C3)n1,5.2596374,5.436791,-0.17715359
Cc1ccc(C)c(N2C(=O)/C(=C/c3ccc(F)cc3)S/C2=N\NC(=O)c2cc3ccccc3oc2=O)c1,5.0,5.515637,-0.5156369
CCc1cccc(-c2nn3c(c2-c2ccc(O)cc2)C(C)C(C)(C)C3)n1,4.1339493,4.8218136,-0.6878643
C[C@@H](NC(=O)c1ccc(S(=O)(=O)Oc2ccc(/C=C/[N+](=O)[O-])cc2)cc1)C(=O)N[C@H](C)C(=O)OC(C)(C)C,5.100008,5.468109,-0.36810112
OCCCCCCCCCCn1cc(CN[C@H]2[C@H](O)[C@@H](O)[C@H](O)[C@@H](O)[C@@H]2O)nn1,4.5044556,4.57826,-0.07380438
O=C(CCc1nc2ccccc2c(=O)[nH]1)Nc1ccc(C(=O)Nc2cccc3cccnc23)cc1,4.9570704,3.1398885,1.8171818
C[C@@H]1CN(c2ccc(F)cc2C(F)(F)F)CCN1S(=O)(=O)c1ccc([C@@](O)(C(N)=O)C(F)(F)F)s1,8.19044,8.24188,-0.05144024
C=C(CN1CCOCC1)C(=O)c1ccc(OCc2ccccc2)cc1,8.30103,8.822394,-0.5213642
Cc1ccc(CNc2nc(N)nc3[nH]c4cc(C)c(O)cc4c23)cc1,4.0,3.937143,0.06285691
FC(F)C(F)(F)Oc1cccc(Nc2nccc(-c3ccncc3)n2)c1,5.648716,6.1659775,-0.5172615
O=[N+]([O-])/C=C/c1ccc(O)cc1,6.2628074,5.398836,0.86397123
O=[N+]([O-])/C=C/c1ccc(O)c(O)c1,5.6575775,4.64104,1.0165377
Oc1ccc(-c2c(O)c(O)c(-c3ccc(O)c(O)c3)c3ncsc23)cc1,6.4534574,5.556114,0.89734316
CCOCc1nc2c(c(C)nn2-c2ccccc2)c(=O)n1CC#N,5.0,5.7049623,-0.70496225
Cc1ccc(C(=O)Nc2ccc(OCCCCN3CCOCC3)cc2)cc1Nc1nccc(-c2cccnc2)n1,5.091515,4.61007,0.48144484
CCOCc1nc2c(c(C)nn2-c2ccccc2)c(=O)n1C,9.4067135,8.593299,0.8134146
Nc1n[nH]c2cccc(-c3ccc(C(=O)NCCNC(=O)c4cccc(F)c4)cc3)c12,7.920819,8.182794,-0.2619748
O=C(CCCCCCC(=O)Nc1ccccc1)NO,5.0,5.8389654,-0.8389654
Cc1cccc(-c2nn3c(c2-c2ccnc(Cl)c2)CC(C)(C)C3)n1,6.823909,6.436318,0.3875909
Cc1cccc(-c2nn3c(c2-c2ccnc(Cl)c2)C(C)C(C)(C)C3)n1,6.09691,4.8761683,1.2207417
Cc1cccc(-c2nn3c(c2-c2ccc(O)cc2)[C@H](C)C(C)(C)C3)n1,4.69897,5.0068855,-0.3079157
Cc1cccc(-c2nn3c(c2-c2ccc(O)cc2)[C@@H](C)C(C)(C)C3)n1,8.39794,8.943538,-0.54559803
CNC(=O)c1cc(F)cc2sc(Nc3ccc(C(C)NC)cc3)nc12,8.600327,9.12246,-0.5221338
COc1cc(/C=C/[N+](=O)[O-])ccc1O[S+](=O)([O-])c1ccc(C(=O)OCC2OC(n3cnc4c(N)ncnc43)C(O)C2O)cc1,8.619789,8.701409,-0.08162022
O=C(CCN1CCCCC1)c1ccc(OCc2ccccc2)cc1,5.500038,4.741218,0.75882006
O=C(CCN1CCOCC1)c1ccc(OCc2ccccc2)cc1,7.8860564,6.7186565,1.1673999
COc1ccc(C(=O)NCCNC(=O)c2ccc(-c3cccc4[nH]nc(N)c34)cc2)cc1,5.823909,8.355097,-2.531188
COc1ccc(C(=O)N2CCN(C(=O)c3ccc(-c4cccc5[nH]nc(N)c45)cc3)CC2)cc1,7.5228786,9.115399,-1.5925207
CCCCCCCCCCCn1cc(CN[C@H]2[C@H](O)[C@@H](O)[C@H](O)[C@@H](O)[C@@H]2O)nn1,4.69897,6.0139437,-1.3149738
CCCCC[C@H]1NC[C@@H](O)[C@@H](O)[C@H]1CO,4.5806227,4.0844812,0.49614143
CCCCCCCCCCn1cc(CN[C@H]2[C@H](O)[C@@H](O)[C@H](O)[C@@H](O)[C@@H]2O)nn1,5.865823,5.279384,0.58643866
CCCCCCCCCN1C[C@H](O)[C@@H](O)[C@H](O)[C@H]1CO,7.2596374,7.53613,-0.2764926
O=c1[nH][nH]c(=O)c2cc(OCc3cccc(Br)c3)ccc12,5.8607507,6.466882,-0.60613155
CCc1cccc(-c2nn3c(c2-c2ccc(O)cc2)[C@@H](C)C(C)(C)C3)n1,7.4907975,8.125285,-0.6344876
Cc1ccc(C(=O)Nc2ccc(OCCCN3CCCCC3)cc2)cc1Nc1nccc(-c2cccnc2)n1,4.8164454,4.0453343,0.771111
Cc1ccc(C(=O)Nc2ccc(OCCCN3CCCC3)cc2)cc1Nc1nccc(-c2cccnc2)n1,6.5228786,4.1973567,2.325522
Nc1ccccc1NC(=O)c1ccc(CNCOC(=O)c2cccnc2)cc1,6.0,5.9644737,0.035526276
Cc1ccc(SCC(CN(C)C)C(=O)c2ccc(OCc3ccccc3)cc2)cc1C,4.220043,4.222944,-0.0029006004
O=C(CCc1cn(Cc2ccc(Cl)cc2)c2ccccc12)Nc1ccc([N+](=O)[O-])cc1,3.8239088,3.8402762,-0.016367435
O=C(CCc1cn(Cc2ccc(Cl)cc2)c2ccccc12)Nc1ccncc1,6.0,5.590375,0.40962505
C=C1CC[C@@](C)(c2cc(Br)c(C)cc2O)[C@H]1C,6.4400935,6.3715286,0.06856489
CCOC(=O)c1ccc(-c2c(-c3cccc(C)n3)nn3c2C(C)C(C)(C)C3)cc1,6.0,5.1098285,0.8901715
CC(=O)NC(Cc1ccc(OS(=O)(=O)c2ccc(C(=O)OC[C@H]3O[C@@H](n4cnc5c(N)ncnc54)[C@H](O)[C@@H]3O)cc2)cc1)C(N)=O,5.4271283,4.972346,0.4547825
Cc1cccc2c(=O)[nH]c(CCC(=O)Nc3ccc(C(=O)Nc4cccc5cccnc45)cc3)nc12,6.298432,6.0380907,0.26034117
COc1ccc(Nc2cc3c(cc2Nc2ccccc2)C(=O)NC3=O)cc1,5.0,5.7161894,-0.7161894
COc1ccc2oc3cc(OCc4cn(CC(=O)Nc5ccc(OC)c(OC)c5)nn4)cc(OC(C)=O)c3c(=O)c2c1,4.30103,5.225945,-0.92491484
COc1ccc(Nc2cc(-c3ccc(C(=O)NCCNC(=O)c4ccc(C(C)(C)C)cc4)cc3)ncn2)cc1,4.333482,3.7630816,0.57040024
COc1ccc2oc3cc(OCc4cn(CC(=O)Nc5ccc(OC)c(OC)c5)nn4)cc(O)c3c(=O)c2c1,6.0,4.594221,1.4057789
CCCCCCCCCCN[C@H]1[C@H](O)[C@@H](O)[C@H](O)[C@@H](O)[C@@H]1O,6.39794,5.3394566,1.0584836
COc1cc(OCc2cccc3ccccc23)ccc1C(N)=O,10.823909,8.091604,2.7323046
O=c1[nH]c2sccc2c2cc(OCc3ccccc3)ccc12,6.1810617,4.2205095,1.9605522
COc1cc(OC)cc(C(=O)N2CCN(C(=O)c3ccc(-c4cccc5[nH]nc(N)c45)cc3)CC2)c1,5.0,3.8865967,1.1134033
COc1cc(OCC2CCCCC2)ccc1C(N)=O,6.39794,5.2922754,1.1056647
C=CCN1C(=O)C(=C)SC1=NN=c1scc(O)n1C,7.6575775,7.593109,0.064468384
Oc1ccc(-c2c(O)c(O)c(-c3ccc(O)cc3)c3scnc23)cc1,5.595166,5.7374034,-0.14223719
CC[C@H](C)[C@H](NC(=O)[C@H](CCC(=O)O)NC(=O)[C@H](CCC(=O)O)NC(=O)C(Cc1ccc(OP(=O)(O)O)cc1)c1ccccc1)C(=O)N[C@@H](CCC(=O)O)C(=O)O,5.30103,4.7740545,0.52697563
OCc1nc2c(-c3ccc(O)cc3)c(O)c(O)c(-c3ccc(O)cc3)c2s1,8.522879,7.686885,0.83599377
O[C@@H]1[C@@H](O)[C@H](O)[C@@H](NCc2cn(CCC(c3ccccc3)c3ccccc3)nn2)[C@H](O)[C@H]1O,9.236572,9.020366,0.21620655
CCOc1ccc(S(=O)(=O)NC(C)(CO)CO)cc1-c1nnc2c(n1)c(C)nn2C,5.830032,6.758855,-0.928823
O[C@@H]1[C@@H](O)[C@H](O)[C@@H](NCc2cn(Cc3cc(OCc4ccccc4)cc(OCc4ccccc4)c3)nn2)[C@H](O)[C@H]1O,5.8544927,5.0184965,0.83599615
C=C(CN1CCNCC1)C(=O)c1ccc(OCc2ccccc2)cc1,6.0,5.4849763,0.5150237
O[C@@H]1[C@@H](O)[C@H](O)[C@@H](NCc2cn(CCCCC3CCCCC3)nn2)[C@H](O)[C@H]1O,6.621602,6.9874973,-0.36589527
CC(=O)NC(Cc1ccc(NP(=O)(O)OP(=O)(O)OP(=O)(O)OP(=O)(O)OC[C@H]2O[C@@H](n3cnc4c(N)ncnc43)[C@H](O)[C@@H]2O)cc1)C(N)=O,6.5171266,6.438122,0.079004765
C=C(CN(C)C)C(=O)c1ccc(OCc2ccccc2)cc1,4.8664613,3.57828,1.2881813
CC1(C)Cc2c(-c3ccc(O)cc3)c(-c3ccccn3)nn2C1,8.0,7.268236,0.73176384
O=C(N/N=C1\S/C(=C\c2ccc(F)cc2)C(=O)N1c1cccc(Cl)c1)c1cc2ccccc2oc1=O,5.3665314,5.0022607,0.3642707
COc1cc(OCc2cccc(Br)c2)ccc1C(N)=O,9.209715,8.470271,0.7394438
COc1cc(/C=C/[N+](=O)[O-])ccc1O,8.0,7.481309,0.51869106
CC(C)(C)NC(=O)c1ccc(S(=O)(=O)Oc2ccc(/C=C/[N+](=O)[O-])cc2)cc1,5.2418456,4.702604,0.5392418
C=C(CN1CCCCC1)C(=O)c1ccc(OCc2ccccc2)cc1,5.595166,4.787052,0.80811405
C=C(CN(C)C)C(=O)c1ccccc1,4.5228786,4.9654794,-0.44260073
Cc1cccc(N2C(=O)/C(=C/c3ccc(F)cc3)S/C2=N\NC(=O)c2cc3ccccc3oc2=O)c1C,6.7644715,5.6799183,1.0845532
COCc1nc2c(c(C)nn2-c2ccccc2)c(=O)n1C,4.5228786,4.687845,-0.16496658
Cn1cc(-c2cnc3ccc(NC(=O)Nc4ccccc4)nc3c2)cn1,5.689519,7.2056255,-1.5161066
CC(=O)Oc1ccc2c(OC(C)=O)c(C/C=C(\C)CC/C=C(\C)CCC3OC3(C)C)c(=O)oc2c1,5.207608,5.0677886,0.13981962
O=C(Nc1ccc([N+](=O)[O-])cc1Cl)c1cc(Cl)ccc1O,5.2596374,4.7357054,0.523932
COc1cc(O)c2c(=O)c(-c3cccc(Cl)c3)coc2c1,5.6197886,4.5184455,1.1013432
CC(C)n1nc(C#Cc2cccc(C(F)(F)F)c2)c2c(N)ncnc21,6.459833,6.1993313,0.26050186
COCc1nc2c(c(C)nn2-c2ccccc2)c(=O)n1CC#N,5.7788467,6.8658047,-1.0869579
COc1cc(-c2cnc3ccc(NC(=O)NC(C)(C)C)nc3c2)ccc1O,4.9000087,4.5208054,0.37920332
CCOc1ccc(S(=O)(=O)NC(C)(C)CO)cc1-c1nnc2c(n1)c(C)nn2C,4.6883945,3.3511257,1.3372688
O=c1[nH]c2sccc2c2cc(OCc3cccc(Br)c3)ccc12,4.853872,4.962967,-0.1090951
CCCCCCCCC[C@H]1NC[C@@H](O)[C@@H](O)[C@H]1CO,4.008774,4.2656837,-0.25690985
COc1cc(/C=C/c2cc(C(C)(C)C)c(O)c(C(C)(C)C)c2)cc(OC)c1,8.267606,6.9364243,1.3311815
CCCCCCCCn1cc(CN[C@H]2[C@H](O)[C@@H](O)[C@H](O)[C@@H](O)[C@@H]2O)nn1,5.5686364,6.113168,-0.54453135
COc1ccc2nc(NC(=O)c3cc(C)n(-c4sc(C)cc4C#N)c3C)[nH]c2c1,6.0,7.7965207,-1.7965207
Cn1cc(-c2cnc3ccc(NC(=O)NCCc4ccccc4)nc3c2)cn1,4.0,4.2421927,-0.24219275
C/C(=C\c1ccc(O)c(O)c1)[N+](=O)[O-],4.69897,4.5636635,0.13530636
COc1cc(OC)cc(-c2ccc3cc(OC)ccc3c2)c1,9.2218485,9.045371,0.17647743
Nc1ncnc2c1ncn2[C@@H]1O[C@H](COC(=O)c2ccc(S(=O)(=O)Oc3ccc(/C=C/[N+](=O)[O-])cc3)cc2)[C@@H](O)[C@H]1O,6.1870866,4.5016527,1.6854339
Nc1ncnc2c1ncn2[C@@H]1O[C@H](COC(=O)c2ccc(S(N)(=O)=O)cc2)[C@@H](O)[C@H]1O,6.3936186,7.4623127,-1.0686941
Clc1cccc(Nc2ncnc3[nH]c(-c4ccccc4)c(-c4ccccc4)c23)c1,6.294992,6.4040856,-0.109093666
CCOC(=O)COC(=O)[C@]12CC[C@@H](C)[C@H](C)[C@H]1C1=CC[C@@H]3[C@@]4(C)C[C@@H](O)[C@H](O)C(C)(C)[C@@H]4CC[C@@]3(C)[C@]1(C)CC2,6.124939,5.359514,0.7654247
O=C(O)[C@H](CCCCNc1ccc([N+](=O)[O-])cc1[N+](=O)[O-])Nc1ccc([N+](=O)[O-])cc1[N+](=O)[O-],7.0457573,5.2496448,1.7961125
C=C(C)[C@@H]1CC[C@]2(C(=O)NCC(=O)OC)CC[C@]3(C)[C@H](CC[C@@H]4[C@@]5(C)CC[C@H](OC(C)=O)[C@@](C)(COC(C)=O)[C@@H]5CC[C@]43C)[C@@H]12,9.09691,8.996131,0.10077953
CC1(C)CC[C@]2(C(=O)O)CC[C@]3(C)C(=CC[C@@H]4[C@@]5(C)C[C@@H](O)[C@H](O)[C@@](C)(CO)[C@@H]5CC[C@]43C)[C@@H]2C1,5.0,5.358886,-0.35888577
O=C(CNC(=O)c1ccccc1)Nc1nc(-c2ccccc2)cs1,8.477556,8.319492,0.15806389
C[C@H]1[C@H](C)CC[C@]2(C(=O)O[C@@H]3O[C@H](CO)[C@@H](O)[C@H](O)[C@H]3O)CC[C@]3(C)C(=CC[C@@H]4[C@@]5(C)C[C@@H](O)[C@H](O)C(C)(C)C5CC[C@]43C)[C@H]12,6.2596374,5.512075,0.7475624
CCCC(=O)O[C@H]1CC(C)(C)[C@@H]2CC[C@]3(C)[C@H](CC=C4[C@@H]5CC(C)(C)CC[C@]5(C(=O)OCc5ccccc5)CC[C@]43C)[C@@]2(C)C1,4.074688,3.6074896,0.46719837
C[C@H]1[C@H](C)CC[C@]2(C(=O)OCc3ccccc3)CC[C@]3(C)C(=CC[C@@H]4[C@@]5(C)C[C@H](O)[C@H](O)C(C)(C)[C@@H]5CC[C@]43C)[C@H]12,4.0,3.6363559,0.36364412
CCCC(Sc1nc2cc(Cl)ccc2s1)C(=O)NS(=O)(=O)c1ccc(NC(C)=O)cc1,8.300509,7.3898296,0.9106798
COc1cc(-c2ccccc2)c(OC)c(O)c1-c1ccc(O)cc1,7.455932,8.904153,-1.4482207
O=C(N/N=C/c1ccc(Cl)cc1Cl)c1ccc(Nc2ccnc3cc(Cl)ccc23)cc1,6.1870866,8.343413,-2.1563268
CCCCN(CCCC)c1nc(-c2cccn2CCc2ccccc2)nc(N2CCCCCC2)n1,5.707744,5.634882,0.07286215
O=c1c2cnn(-c3ccccc3)c2nc(N/N=C/c2ccc(F)cc2)n1-c1ccccc1,4.90309,3.8571835,1.0459065
CCOC(=O)Cn1cc2c(n1)C(C)(C)[C@@H]1CC[C@]3(C)[C@H](CC=C4[C@@H]5CC(C)(C)CC[C@]5(C(=O)OCc5ccccc5)CC[C@]43C)[C@@]1(C)C2,5.464059,5.574804,-0.11074495
C/C(C[C@H](c1ccccc1)c1c(O)c2ccccc2oc1=O)=N\Nc1ccc([N+](=O)[O-])cc1[N+](=O)[O-],5.0,4.694579,0.30542088
CC1(C)CC[C@]2(C(=O)O)CC[C@]3(C)C(=CC[C@@H]4[C@@]5(C)CC[C@H](OC(=O)COCCOCCNC(=O)c6ccc(C(=O)c7ccc(NC(=O)CN=[N+]=[N-])cc7)cc6)C(C)(C)[C@@H]5CC[C@]43C)[C@@H]2C1,6.0,5.034964,0.9650359
C=C(C)[C@@H](C)CC[C@@H](C)C1CC[C@@]2(C)[C@@H]3CC[C@H]4[C@H](C)c5[nH]c6ccccc6c5C[C@@]45C[C@@]35CC[C@]12C,8.522879,7.0240793,1.4987993
C[C@H]1[C@H](C)CC[C@]2(C(=O)O)CC[C@]3(C)C(=CC[C@@H]4[C@@]5(C)C[C@H](O)[C@H](O)C(C)(C)C5CC[C@]43C)[C@H]12,6.60206,6.0105333,0.5915265
O=C(Cn1cccc(NCc2ccccc2)c1=O)N[C@H](CO)c1ccccc1,6.9469986,5.363742,1.5832567
CC1(C)CC[C@]2(C(=O)OCCCCN3CCOCC3)CC[C@]3(C)C(=CC[C@@H]4[C@@]5(C)C[C@@H](O)[C@H](O)C(C)(C)[C@@H]5CC[C@]43C)[C@@H]2C1,5.312471,4.2852054,1.0272655
CCC(=O)O[C@H]1CC(C)(C)[C@@H]2CC[C@]3(C)[C@H](CC=C4[C@@H]5CC(C)(C)CC[C@]5(C(=O)OCc5ccccc5)CC[C@]43C)[C@@]2(C)C1,4.823909,4.8917427,-0.0678339
O=S(=O)(c1ccc(F)cc1)N1CCN(c2nc(Cl)ncc2Br)CC1,5.9829664,5.7083197,0.27464676
O=C(CCC(=O)Nc1ccc(Br)cc1)N/N=C/c1ccc(F)cc1,6.113509,4.540693,1.5728164
O=C(N[C@@H]1O[C@H](CO)[C@@H](O)[C@H](O)[C@H]1O)C1=COc2ccccc2O1,5.251812,4.199668,1.052144
CC1(C)CC[C@]2(C(=O)OCc3ccccc3)CC[C@]3(C)C(=CC[C@@H]4[C@@]5(C)Cc6cn(Cc7ccccc7)nc6C(C)(C)[C@@H]5CC[C@]43C)[C@@H]2C1,8.823909,8.444427,0.37948227
c1nc(N2CCC3(CCCCN3)CC2)c2[nH]cnc2n1,9.376751,8.83492,0.541831
CCC(C)C(NC(=O)C(C)n1cccc(NC(=O)OC(C)(C)C)c1=O)P(=O)(Oc1ccccc1)Oc1ccccc1,7.145694,7.1294856,0.016208172
C=C(C)[C@@H]1CC[C@]2(C(=O)NCC(=O)N[C@@H](Cc3ccccc3)C(=O)O)CC[C@]3(C)[C@H](CC[C@@H]4[C@@]5(C)CC[C@H](O)[C@@](C)(CO)[C@@H]5CC[C@]43C)[C@@H]12,4.154902,4.4202905,-0.2653885
CNC(=O)CC[C@H](NC(=O)c1ccccc1)C(=O)Nc1nc(-c2ccccc2)cs1,9.283997,6.6141405,2.669856
CC(=O)O[C@H]1CC[C@]2(C)[C@H]3CC=C4[C@@H]5[C@@H](C)[C@H](C)CC[C@]5(C(=O)O)CC[C@@]4(C)[C@]3(C)CC[C@H]2C1(C)C,5.4282913,4.1527596,1.2755318
OC[C@H]1O[C@@H](c2cc(O)c(Br)cc2O)[C@H](O)[C@@H](O)[C@@H]1O,5.0,5.4004097,-0.4004097
C=C(C)[C@@H]1CC[C@]2(COC(C)=O)CC[C@]3(C)[C@H](CC[C@@H]4[C@@]5(C)CC[C@H](OC(C)=O)[C@@](C)(COC(C)=O)[C@@H]5CC[C@]43C)[C@@H]12,7.7695513,9.026498,-1.2569466
COc1ccc(/C=N/NC(=O)c2ccc(Nc3ccnc4cc(Cl)ccc34)cc2)cc1,4.49485,4.1279955,0.36685467
CCCCCCCCCC(=O)OCc1cn(CC(=O)O[C@H]2CC[C@]3(C)[C@H]4CC=C5[C@@H]6CC(C)(C)CC[C@]6(C(=O)OCc6ccccc6)CC[C@@]5(C)[C@]4(C)CC[C@H]3C2(C)C)nn1,4.0,4.883581,-0.88358116
CC1(C)CC[C@]2(C(=O)O)CC[C@]3(C)C(=CC[C@@H]4[C@@]5(C)C[C@@H](O)[C@@H](O)C(C)(C)[C@@H]5CC[C@]43C)[C@@H]2C1,7.05061,6.605154,0.44545603
CC1(C)CC[C@]2(C(=O)O)CC[C@]3(C)C(=CC[C@@H]4[C@@]5(C)C[C@@H](O)[C@@H](O)C(C)(C)C5CC[C@]43C)[C@@H]2C1,5.0,5.3214107,-0.32141066
Cc1ccc(C(=O)Nc2cc(C(C)(C)C)nn2C)cc1/C=C/n1cnc2c(NC3CC3)ncnc21,7.7447276,5.132695,2.6120324
O=C(Nc1ccc(NS(=O)(=O)c2ccc(-c3ccccc3)cc2)cc1)Nc1ccc([N+](=O)[O-])cc1,8.004365,8.526574,-0.52220917
O=C(Nc1ccc(NS(=O)(=O)c2cccc(C(=O)O)c2)cc1)Nc1ccccc1[N+](=O)[O-],4.026341,3.4289699,0.5973711
Cc1cccc(S(=O)(=O)Nc2ccc(NC(=O)Nc3ccccc3[N+](=O)[O-])cc2)c1,4.60206,4.047222,0.5548377
O=C(Nc1ccc(NS(=O)(=O)c2ccc(Cl)cc2)cc1)Nc1cccc([N+](=O)[O-])c1,3.30103,4.5764637,-1.2754338
O=C(Nc1ccc(NS(=O)(=O)c2ccc(Cl)cc2)cc1)Nc1ccc([N+](=O)[O-])cc1,6.49485,5.4294257,1.0654244
O=C(Nc1ccc(NS(=O)(=O)c2ccc(C(F)(F)F)cc2)cc1)Nc1ccccc1[N+](=O)[O-],4.69897,5.311963,-0.61299324
O=C(Nc1ccc(NS(=O)(=O)c2ccc(C(F)(F)F)cc2)cc1)Nc1cccc([N+](=O)[O-])c1,5.0,6.2249837,-1.2249837
O=C(Nc1ccc(NS(=O)(=O)c2ccc(C(F)(F)F)cc2)cc1)Nc1ccc([N+](=O)[O-])cc1,4.7212462,5.117429,-0.39618254
Cc1ccccc1S(=O)(=O)Nc1ccc(NC(=O)Nc2cccc([N+](=O)[O-])c2)cc1,6.0,5.46606,0.53393984
Cc1ccccc1S(=O)(=O)Nc1ccc(NC(=O)Nc2ccccc2[N+](=O)[O-])cc1,5.3018994,6.19538,-0.8934808
O=C(Nc1ccc(NS(=O)(=O)c2ccc(C(=O)O)cc2)cc1)Nc1cccc([N+](=O)[O-])c1,7.5228786,6.704797,0.81808186
O=C(Nc1ccc(NS(=O)(=O)c2ccc(C(=O)O)cc2)cc1)Nc1ccccc1[N+](=O)[O-],5.7212462,4.8701997,0.85104656
O=C(Nc1ccc(NS(=O)(=O)c2ccc(-c3ccccc3)cc2)cc1)Nc1ccccc1[N+](=O)[O-],4.5883803,4.63095,-0.042569637
O=C(Nc1ccc(NS(=O)(=O)c2ccc(C(=O)O)cc2)cc1)Nc1ccc([N+](=O)[O-])cc1,8.30103,9.087708,-0.7866783
O=C(Nc1ccc(NS(=O)(=O)c2ccc(-c3ccccc3)cc2)cc1)Nc1cccc([N+](=O)[O-])c1,5.4089355,6.857945,-1.4490094
Nc1ncnc2c1ncn2[C@@H]1O[C@H](COC(=O)c2ccc(S(=O)(=O)F)cc2)[C@@H](O)[C@H]1O,4.7292047,5.9633636,-1.234159
Cc1cccc(S(=O)(=O)Nc2ccc(NC(=O)Nc3cccc([N+](=O)[O-])c3)cc2)c1,8.229148,8.121863,0.107284546
O=C(Nc1ccc(NS(=O)(=O)c2cccc(C(F)(F)F)c2)cc1)Nc1ccccc1[N+](=O)[O-],9.55752,8.882308,0.6752119
O=C(Nc1ccc(NS(=O)(=O)c2cccc(C(F)(F)F)c2)cc1)Nc1cccc([N+](=O)[O-])c1,4.0264196,3.8409185,0.1855011
O=C(Nc1ccc(NS(=O)(=O)c2ccc(Oc3ccccc3)cc2)cc1)Nc1ccccc1[N+](=O)[O-],5.0,4.4762945,0.5237055
O=C(Nc1ccc(NS(=O)(=O)c2ccc(Oc3ccccc3)cc2)cc1)Nc1ccc([N+](=O)[O-])cc1,6.091515,5.9653015,0.12621355
O=C(Nc1ccc(NS(=O)(=O)c2ccc(F)cc2)cc1)Nc1ccccc1[N+](=O)[O-],6.79588,5.9894876,0.8063922
O=C(Nc1ccc(NS(=O)(=O)c2ccc(F)cc2)cc1)Nc1cccc([N+](=O)[O-])c1,6.2700257,5.1592827,1.110743
O=C(Nc1ccc(NS(=O)(=O)c2cccc(C(=O)O)c2)cc1)Nc1cccc([N+](=O)[O-])c1,4.69897,4.1742754,0.52469444
N#Cc1cccc(S(=O)(=O)Nc2ccc(NC(=O)Nc3ccc([N+](=O)[O-])cc3)cc2)c1,6.236572,6.080659,0.15591288
Nc1ccc(S(=O)(=O)Nc2ccc(NC(=O)Nc3ccccc3[N+](=O)[O-])cc2)cc1,3.5228786,3.3349774,0.18790126
CC(=O)Nc1ccc(S(=O)(=O)Nc2ccc(NC(=O)Nc3ccccc3[N+](=O)[O-])cc2)cc1,4.026415,3.9437623,0.08265257
N#Cc1c(SCC(=O)c2ccccc2)nc2c(c1-c1ccsc1)CCCC2,5.124939,4.810963,0.3139758
N#Cc1ccc(S(=O)(=O)Nc2ccc(NC(=O)Nc3ccccc3[N+](=O)[O-])cc2)cc1,4.90309,4.440585,0.46250486
O=C(Nc1ccc(NS(=O)(=O)c2ccccc2F)cc1)Nc1ccccc1[N+](=O)[O-],5.0,5.204685,-0.20468521
O=C(Nc1ccc(NS(=O)(=O)c2ccccc2F)cc1)Nc1cccc([N+](=O)[O-])c1,7.0457573,5.1518455,1.8939118
O=C(Nc1ccc(NS(=O)(=O)c2cccc(C(=O)O)c2)cc1)Nc1ccc([N+](=O)[O-])cc1,4.468521,4.2706013,0.19791985
O=C(Nc1ccc(NS(=O)(=O)c2ccc(Cl)cc2)cc1)Nc1ccccc1[N+](=O)[O-],7.44855,6.8828545,0.56569576
O=C(Nc1ccc(NS(=O)(=O)c2ccccc2Cl)cc1)Nc1ccccc1[N+](=O)[O-],8.0,7.6899333,0.3100667
O=C(Nc1ccc(NS(=O)(=O)c2ccccc2C(F)(F)F)cc1)Nc1ccccc1[N+](=O)[O-],5.7379622,5.147058,0.59090424
O=C(Nc1ccc(NS(=O)(=O)c2ccccc2C(F)(F)F)cc1)Nc1cccc([N+](=O)[O-])c1,5.49485,4.907258,0.5875921
O=C(Nc1ccc(NS(=O)(=O)c2cccc(F)c2)cc1)Nc1cccc([N+](=O)[O-])c1,5.5142784,5.0720453,0.4422331
O=C(Nc1ccc(NS(=O)(=O)c2cccc(Cl)c2)cc1)Nc1ccccc1[N+](=O)[O-],9.327902,9.037681,0.2902212
N#Cc1ccccc1S(=O)(=O)Nc1ccc(NC(=O)Nc2ccccc2[N+](=O)[O-])cc1,5.60206,4.5763116,1.0257483
N#Cc1ccc(S(=O)(=O)Nc2ccc(NC(=O)Nc3cccc([N+](=O)[O-])c3)cc2)cc1,4.350665,5.423291,-1.0726261
COc1ccc(S(=O)(=O)Nc2ccc(NC(=O)Nc3ccccc3[N+](=O)[O-])cc2)cc1,5.60206,4.925461,0.676599
COc1cccc(S(=O)(=O)Nc2ccc(NC(=O)Nc3ccccc3[N+](=O)[O-])cc2)c1,4.6516953,3.7609272,0.89076805
COc1ccc(S(=O)(=O)Nc2ccc(NC(=O)Nc3cccc([N+](=O)[O-])c3)cc2)cc1,4.9000087,4.3018684,0.59814024
N#Cc1ccccc1S(=O)(=O)Nc1ccc(NC(=O)Nc2cccc([N+](=O)[O-])c2)cc1,5.3665314,4.764638,0.6018934
N#Cc1ccccc1S(=O)(=O)Nc1ccc(NC(=O)Nc2ccc([N+](=O)[O-])cc2)cc1,6.0,4.887432,1.1125679
N#Cc1cccc(S(=O)(=O)Nc2ccc(NC(=O)Nc3ccccc3[N+](=O)[O-])cc2)c1,7.3467875,5.4192605,1.927527
N#Cc1cccc(S(=O)(=O)Nc2ccc(NC(=O)Nc3cccc([N+](=O)[O-])c3)cc2)c1,4.884057,4.8255873,0.058469772
COc1cccc(S(=O)(=O)Nc2ccc(NC(=O)Nc3cccc([N+](=O)[O-])c3)cc2)c1,5.19382,6.173163,-0.97934294
N#Cc1ccc(S(=O)(=O)Nc2ccc(NC(=O)Nc3ccc([N+](=O)[O-])cc3)cc2)cc1,4.2062097,4.4506497,-0.24444008
NCc1ccccc1S(=O)(=O)Nc1ccc(NC(=O)Nc2cccc([N+](=O)[O-])c2)cc1,4.3391347,4.1664724,0.17266226
NCc1cccc(S(=O)(=O)Nc2ccc(NC(=O)Nc3ccccc3[N+](=O)[O-])cc2)c1,4.30103,4.315797,-0.014766693
CCc1ccc(S(=O)(=O)Nc2ccc(NC(=O)Nc3ccc([N+](=O)[O-])cc3)cc2)cc1,4.6840296,4.5561376,0.12789202
CCc1ccc(S(=O)(=O)Nc2ccc(NC(=O)Nc3ccccc3[N+](=O)[O-])cc2)cc1,5.167491,5.0011168,0.1663742
O=c1c2cnn(-c3ccccc3)c2n2c(Nc3ccccc3)nnc2n1-c1ccccc1,5.2441254,4.2016325,1.0424929
NCc1ccccc1S(=O)(=O)Nc1ccc(NC(=O)Nc2ccccc2[N+](=O)[O-])cc1,6.0,5.1919765,0.80802345
NCc1ccc(S(=O)(=O)Nc2ccc(NC(=O)Nc3ccccc3[N+](=O)[O-])cc2)cc1,7.4089355,6.7594414,0.6494942
CC1(C)CC[C@]2(C(=O)OCCO)CC[C@]3(C)C(=CC[C@@H]4[C@@]5(C)C[C@@H](O)[C@H](O)C(C)(C)[C@@H]5CC[C@]43C)[C@@H]2C1,5.248952,5.6038446,-0.35489273
Cc1ccc(NC(=O)c2cccc(C(F)(F)F)c2)cc1/C=C/n1cnc2c(NCCCN(C)C)ncnc21,8.60206,7.673173,0.92888737
C[C@H]1[C@H](C)CC[C@]2(C(=O)O)CC[C@]3(C)C(=CC[C@@H]4[C@@]5(C)C[C@H](O)[C@H](O)C(C)(C)[C@@H]5CC[C@]43C)[C@H]12,4.4436975,4.0947447,0.34895277
CC(C)C(NC(=O)[C@@H]1C[C@@H](C2CCCCC2)CN1C(=O)[C@@H](NC(=O)OC(C)(C)C)C(C)(C)C)P(=O)(Oc1ccccc1)Oc1ccccc1,6.0908723,4.9932504,1.0976219
COc1cccc2c1C(O)CCC2O,4.0262537,3.8996916,0.12656212
OC[C@H]1O[C@@H](c2cc(O)c(Cl)cc2O)[C@H](O)[C@@H](O)[C@@H]1O,4.6197886,4.9039245,-0.28413582
Nc1ncnc2c1ncn2[C@@H]1O[C@H](COC(=O)c2ccc(S(=O)(=O)Oc3ccccc3)cc2)[C@@H](O)[C@H]1O,4.0,3.1694446,0.83055544
O=C(CCC(=O)Nc1ccc(Br)cc1)N/N=C/c1cccc(Br)c1,8.398973,7.736147,0.66282654
OC[C@H]1N[C@H](CO)[C@@H](O)[C@H]1O,6.8539963,6.158516,0.69548035
O=C(O)c1cc2ccc(=O)oc2cc1O,6.473661,5.6744413,0.7992196
CSCC[C@H](NC(=O)c1ccncc1)C(=O)Nc1nc(-c2ccccc2)cs1,7.39794,7.8546057,-0.45666552
CC1(C)CC[C@]2(C(=O)OCc3ccccc3)CC[C@]3(C)C(=CC[C@@H]4[C@@]5(C)CC(NO)C(=O)C(C)(C)[C@@H]5CC[C@]43C)[C@@H]2C1,4.756962,3.8502169,0.90674496
CC1(C)CC[C@]2(C(=O)OCc3ccccc3)CC[C@]3(C)C(=CCC4[C@@]5(C)CC(NO)C(=O)C(C)(C)C5CC[C@]43C)[C@@H]2C1,4.455932,4.820794,-0.36486197
CC1(C)CC[C@]2(C(=O)OCc3ccccc3)CC[C@]3(C)C(=CC[C@@H]4[C@@]5(C)Cc6cn(Cc7ccc(Cl)cc7Cl)nc6C(C)(C)[C@@H]5CC[C@]43C)[C@@H]2C1,6.0457573,6.6823263,-0.636569
CC[C@H]1O[C@@H](NC(=S)NN=Cc2cccc(O)c2)[C@H](O)[C@@H](O)[C@@H]1O,6.7695513,4.197432,2.5721192
COc1cccc2c1C(=O)OC(C)C2,7.2596374,7.1672487,0.09238863
Cn1cc2c(n1)C(C)(C)[C@@H]1CC[C@]3(C)[C@H](CC=C4[C@@H]5CC(C)(C)CC[C@]5(C(=O)OCc5ccccc5)CC[C@]43C)[C@@]1(C)C2,4.026341,3.762313,0.26402807
C[C@H]1[C@H](C)CC[C@]2(C(=O)OCC(=O)O)CC[C@]3(C)C(=CC[C@@H]4[C@@]5(C)CC[C@H](O)C(C)(C)[C@@H]5CC[C@]43C)[C@H]12,4.823909,5.9263067,-1.1023979
CC[C@H]1O[C@@H](NC(=S)NN=Cc2ccc(C)cc2)[C@H](O)[C@@H](O)[C@@H]1O,4.026747,3.6824276,0.34431958
C=C(C)[C@@H]1CC[C@]2(C(=O)OCC#CCO)CC[C@]3(C)[C@H](CC[C@@H]4[C@@]5(C)CC[C@H](O)[C@@](C)(CO)[C@@H]5CC[C@]43C)[C@@H]12,4.167491,4.6367054,-0.46921444
C=C(C)[C@@H]1CC[C@]2(C(=O)NCCCCCCNC(=O)CCC(=O)O)CC[C@]3(C)[C@H](CC[C@@H]4[C@@]5(C)CC[C@H](OC(C)=O)[C@@](C)(COC(C)=O)[C@@H]5CC[C@]43C)[C@@H]12,4.69897,4.124041,0.57492876
C=C(C)[C@@H]1CC[C@]2(C(=O)O)CC[C@]3(C)[C@H](CC[C@@H]4[C@@]5(C)[C@H](C(=O)O)[C@H](O)C(C)(C)[C@@H]5CC[C@]43C)[C@@H]12,6.0,5.502039,0.49796104
COC(=O)C1=CC2=CC(=O)[C@@](C)(O)[C@@H](OC(=O)c3c(C)cc(O)cc3O)[C@@H]2CO1,5.0,5.33992,-0.33992004
C/C=C/C1=CC2=CC(=O)[C@@](C)(OC(=O)c3c(C)cc(O)cc3O)C(=O)C2=CO1,5.2596374,4.7498903,0.509747
C/C=C/C1=CC2=CC(=O)[C@@](C)(OC(=O)c3c(C)cc(O)cc3O)[C@@H](O)[C@@H]2CO1,4.7212462,3.7164872,1.0047591
C/C=C/C1=CC2=CC(=O)[C@@](C)(O)[C@@H](OC(=O)c3c(C)cc(O)cc3O)[C@@H]2CO1,7.7212462,8.3084545,-0.5872083
CSCC[C@H](NC(=O)c1cccc(C)c1)C(=O)Nc1nc(-c2ccccc2)cs1,7.6777806,7.2323523,0.44542837
CSCC[C@H](NC(=O)C1CCCCC1)C(=O)Nc1nc(-c2ccccc2)cs1,6.5867004,6.580617,0.0060834885
COC(OC)C1=CC2=CC(=O)[C@@](C)(O)[C@@H](OC(=O)c3c(C)cc(O)cc3O)[C@@H]2CO1,6.2676063,5.3416586,0.92594767
O=C(O)CN(/N=C/c1cccc2ccccc12)C(=O)CCC(=O)Nc1ccccc1Cl,7.1307683,6.1882825,0.9424858
COC(=O)CCC1=CC2=CC(=O)[C@@](C)(O)[C@@H](OC(=O)c3c(C)cc(O)cc3O)[C@@H]2CO1,5.408268,3.7843938,1.6238742
CC[C@H]1O[C@@H](NC(=S)NN=Cc2ccncc2)[C@H](O)[C@@H](O)[C@@H]1O,5.60206,4.692596,0.9094639
Nc1c(C(=O)Nc2cccc(Cl)c2)sc2nc(-c3ccncc3)ccc12,6.4881167,7.598729,-1.1106124
CC(C=NNC(=O)CCC(=O)Nc1ccc(Br)cc1)c1ccc2ccccc2c1,8.0,7.8882,0.111800194
CCCC[C@@H](O)/C=C(C)/C=C/C=C/C(=O)N1CCCC1=O,4.7235384,4.956246,-0.2327075
Cc1cc(O)cc(O)c1C(=O)O[C@H]1[C@@H]2COC(/C=C/CO)=CC2=CC(=O)[C@@]1(C)O,4.551294,5.2081594,-0.6568656
CC(C)[C@H](NC(=O)c1ccccc1)C(=O)Nc1nc(-c2ccccc2)cs1,4.634512,3.4846385,1.1498735
CC(/C=C/CCC(=O)N1CCCC1=O)=C\C1CCCCO1,6.0,5.817668,0.18233204
CCCCC(=O)C=C(C)C=CCCC(=O)N1CCCC1=O,5.5316525,6.382077,-0.85042477
CCCC[C@@H](O)/C=C(C)/C=C/C=C\C(=O)N1CCCC1=O,8.522879,9.094155,-0.57127666
Cc1cc(O)cc(O)c1C(=O)O[C@H]1C2=COC(/C=C/CO)=CC2=CC(=O)[C@@]1(C)O,8.636388,8.535153,0.101234436
Cc1cc(O)cc(O)c1C(=O)O[C@]1(C)C(=O)C=C2C=C(/C=C/CO)OC=C2C1=O,5.853872,4.900756,0.95311594
Cc1cc(O)cc(O)c1C(=O)O[C@H]1[C@@H]2COC(/C=C/C(=O)O)=CC2=CC(=O)[C@@]1(C)O,4.6999917,4.3060045,0.39398718
NCc1cccc(S(=O)(=O)Nc2ccc(NC(=O)Nc3cccc([N+](=O)[O-])c3)cc2)c1,4.69897,4.2447267,0.45424318
CSCC[C@H](NC(=O)c1ccccc1C)C(=O)Nc1nc(-c2ccccc2)cs1,7.6613445,5.082082,2.5792627
C[C@@]1(CO)[C@H](O)CC[C@@]2(C)[C@H]1CC[C@H]1C[C@@H]3C[C@@]12CC[C@]3(O)CO,6.69897,6.3034563,0.39551353
C[C@H]1[C@H](C)CC[C@]2(C(=O)O)CC[C@]3(C)C(=CC[C@@H]4[C@@]5(C)C[C@@H](O)[C@@H](O)C(C)(C)C5CC[C@]43C)[C@H]12,4.0262537,3.6476092,0.37864447
CC(=O)O[C@@]1(C)C[C@@H](O)[C@]2(O)C=CO[C@@H](O[C@@H]3O[C@H](CO)[C@@H](O)[C@H](O)[C@H]3O)[C@@H]21,4.1897674,3.953546,0.23622131
CCCCCCCCCCCCCCCC(=O)OCc1cn(CC(=O)O[C@H]2CC[C@]3(C)[C@H]4CC=C5[C@@H]6CC(C)(C)CC[C@]6(C(=O)O)CC[C@@]5(C)[C@]4(C)CC[C@H]3C2(C)C)nn1,7.5228786,7.545421,-0.022542477
CC1(C)CC[C@]2(C(=O)O)CC[C@]3(C)C(=CCC4[C@@]5(C)CCC(N=O)C(C)(C)C5CC[C@]43C)[C@@H]2C1,6.3469996,5.3559833,0.9910164
CC1(C)CC[C@]2(C(=O)O)CC[C@]3(C)C(=CC[C@@H]4[C@@]5(C)CCC(N=O)C(C)(C)[C@@H]5CC[C@]43C)[C@@H]2C1,7.7380238,5.6412187,2.096805
O=C(Nc1ccc(NS(=O)(=O)c2ccc(Oc3ccccc3)cc2)cc1)Nc1cccc([N+](=O)[O-])c1,6.9829664,6.947631,0.03533554
C[C@H]1CNC[C@@H](O)[C@@H](O)[C@@H]1O,5.481486,4.3751907,1.1062951
Cc1ccc(C(=O)Nc2cc(C(F)(F)F)ccc2F)cc1/C=C/n1cnc2c(NC3CC3)ncnc21,5.6382723,4.7480373,0.89023495
Cc1ccc(NC(=O)c2cccc(C(F)(F)F)c2)cc1/C=C/n1cnc2c(Nc3ccccn3)ncnc21,6.161151,5.3138247,0.8473263
O=[N+]([O-])c1ccc([C-]2N=[O+]C3(OC(CO)C(O)C(O)C3O)S2)cc1,8.0,8.031463,-0.03146267
CCOc1ccc(-c2ccc(-c3cc(CC(=O)[O-])ccc3OC)c(CN(CC)C(=O)C3CC3)c2)cn1,3.30103,4.623161,-1.3221309
OC[C@H]1O[C@]2(ON=C(c3ccc(-c4ccccc4)cc3)S2)[C@H](O)[C@@H](O)[C@@H]1O,8.958608,9.167897,-0.20928955
Cc1nccn1CCCCOc1ccc2ccc(=O)oc2c1,3.5228786,4.6564054,-1.1335268
Cc1ccc(C(=O)Nc2ncc(C(C)(C)C)s2)cc1/C=C/n1cnc2c(NC3CC3)ncnc21,5.1444807,3.9409008,1.2035799
CC1Cc2c(C=O)ccc(O)c2C(=O)O1,7.5228786,6.575181,0.94769764
OC[C@H]1O[C@@]2(CC(c3cc4ccccc4[nH]3)=NO2)[C@H](O)[C@@H](O)[C@@H]1O,5.0,4.4190617,0.58093834
C=C(C)[C@@H]1CC[C@]2(C(=O)OCCBr)CC[C@]3(C)[C@H](CC[C@@H]4[C@@]5(C)CC[C@H](O)[C@@](C)(CO)[C@@H]5CC[C@]43C)[C@@H]12,9.2218485,8.823596,0.3982525
Cc1cc(O[C@H](C)C(=O)NC[C@H]2CC[C@H](C(=O)O)CC2)c2c3c(c(=O)oc2c1)CCC3,8.723538,8.559491,0.16404724
CC1(C)CC[C@]2(C(=O)O[C@@H]3O[C@H](CO)[C@@H](O)[C@H](O)[C@H]3O)CC[C@]3(C)C(=CC[C@@H]4[C@@]5(C)CC[C@H](O)C(C)(C)C5CC[C@]43C)[C@@H]2C1,6.2596374,5.399197,0.86044025
O=C(OCCCOc1ccc2ccc(=O)oc2c1)c1ccc(Cl)cc1Cl,5.543634,5.1403775,0.40325642
O=C(OCCCCOc1ccc2ccc(=O)oc2c1)c1ccc(Cl)cc1Cl,4.653647,3.6358967,1.0177503
O=C(/C=C/c1ccc2ccccc2c1)OCCOc1ccc2ccc(=O)oc2c1,7.5086384,5.4926596,2.0159788
Cc1cc(C)cc(-n2cccc2-c2nc(N3CCCCCC3)nc(N3CCCCCC3)n2)c1,6.489455,6.0623226,0.4271326
O=C(N[C@@H]1O[C@H](CO)[C@@H](O)[C@H](O)[C@H]1O)[C@@H]1COc2ccccc2O1,8.89963,9.164316,-0.26468658
COc1ccc(/C=N/NC(=O)c2ccc(Nc3ccnc4cc(Cl)ccc34)cc2)cc1OC,5.2596374,4.9268208,0.3328166
COc1ccccc1CNC(=O)Cn1cccc(NCc2ccccc2)c1=O,9.09691,9.172068,-0.075157166
CC1Cc2cccc(O)c2C(=O)O1,7.69897,7.1155715,0.58339834
O=C(N[C@@H]1O[C@H](CO)[C@@H](O)[C@H](O)[C@H]1O)[C@H]1COc2ccccc2O1,3.764219,4.0916586,-0.32743955
O=S(=O)(Nc1ccc(-c2nc3ccccc3[nH]2)cc1)c1ccccc1,6.0570006,6.057913,-0.0009121895
COc1cc2cc(Oc3cc(O[C@@H]4O[C@H](CO)[C@@H](O)[C@H](O)[C@H]4O[C@@H]4O[C@H](CO)[C@@H](O)[C@H](O)[C@H]4O)c4ccc(=O)oc4c3)c(=O)oc2cc1O,5.0,6.6505375,-1.6505375
CC[C@H]1O[C@@H](NC(=S)NN=Cc2ccc(O)cc2)[C@H](O)[C@@H](O)[C@@H]1O,5.2596374,5.1727233,0.08691406
CCCNc1cccn(CC(=O)NCc2ccccc2)c1=O,6.0,5.6889853,0.31101465
NOC(=O)c1cn([C@@H]2O[C@H](CO)[C@@H](O)[C@H](O)[C@H]2O)nn1,7.853872,7.4636574,0.39021444
Cc1ccc(-c2nc([C@@H]3O[C@H](CO)[C@@H](O)[C@H](O)[C@H]3O)no2)cc1,4.30103,3.9292912,0.3717389
O=C1Cc2c([nH]c3ccc(Br)cc23)-c2ccccc2N1,8.0,7.065834,0.93416595
O=[N+]([O-])c1ccccc1S(=O)(=O)Nc1ccc(-c2nc3ccccc3[nH]2)cc1,5.6382723,5.6070557,0.031216621
CCCCN(CCCC)c1nc(-c2cccn2C2CCCCC2)nc(N2CCCCCC2)n1,9.39794,8.931642,0.4662981
O=C(Nc1ccc(NS(=O)(=O)c2ccc(F)cc2)cc1)Nc1ccc([N+](=O)[O-])cc1,5.5686364,5.967776,-0.3991394
CC[C@H]1O[C@@H](NC(=S)NN=Cc2ccccc2Cl)[C@H](O)[C@@H](O)[C@@H]1O,4.459996,4.38539,0.07460642
CC(=O)Nc1cccn(CC(=O)NCc2ccc(Cl)c(Cl)c2)c1=O,3.69897,4.1438456,-0.44487548
O=C(Nc1ccc(NS(=O)(=O)c2ccc(Cl)c(Cl)c2)cc1)Nc1cccc([N+](=O)[O-])c1,5.0,4.91341,0.08658981
COc1ccc(CNc2ccnc3oc4ccccc4c23)cc1,4.823909,4.6814,0.14250898
COC(=O)[C@]12CCC(C)(C)C[C@H]1C1=CC[C@@H]3[C@@]4(C)C[C@@H](O)[C@H](O)C(C)(C)[C@@H]4CC[C@@]3(C)[C@]1(C)CC2,6.823909,5.4123178,1.411591
O=C1N=C(Nc2ccc(-c3nc4ccccc4[nH]3)cc2)CN1,9.886057,9.124868,0.7611885
O=C1O/C(=C\c2ccc(O)cc2)C(O)=C1c1ccc(O)cc1,5.229148,3.9553094,1.2738385
O=C([O-])c1cn([C@H]2O[C@H](CO)[C@@H](O)[C@H](O)[C@H]2O)nn1,4.9871626,4.8440804,0.14308214
CC[C@H]1O[C@@H](NC(=S)NN=Cc2ccc(OC)cc2)[C@H](O)[C@@H](O)[C@@H]1O,7.1739254,4.263342,2.9105835
C[C@]1(O)C[C@@H](O)[C@]2(O)C=CO[C@@H](O[C@H]3O[C@H](CO)[C@@H](O)[C@H](O)[C@H]3O)[C@@H]21,4.5058455,3.5779066,0.92793894
Cc1ccc(NC(=O)CSc2nc(-c3ccccc3F)nc3c2Cc2c(CO)cnc(C)c2O3)cc1,6.375718,4.5410647,1.8346534
O=C(c1ccc(-c2nccs2)cc1)N1CCN(C(=O)c2cccc(F)c2)CC1,5.850781,5.9848146,-0.13403368
COc1cc(O)c2c(=O)c(CO)c(C)oc2c1,5.8219547,5.795388,0.026566505
O=C(O)C1CCC(Cn2c(=S)[nH]c3ccc(F)cc3c2=O)CC1,5.6382723,4.9802055,0.65806675
O=C(NCCCCCCNC(=O)Nc1cccc([N+](=O)[O-])c1)Nc1cccc([N+](=O)[O-])c1,7.6197886,6.612876,1.0069127
CC1(C)CC[C@]2(C(=O)OCc3ccccc3)CC[C@]3(C)C(=CCC4[C@@]5(C)CC[C@H](O)C(C)(C)C5CC[C@]43C)[C@@H]2C1,5.0,4.0061283,0.9938717
CC1(C)CC[C@]2(C(=O)OCc3ccccc3)CC[C@]3(C)C(=CC[C@@H]4[C@@]5(C)CC[C@H](O)C(C)(C)[C@@H]5CC[C@]43C)[C@@H]2C1,3.69897,4.6452813,-0.94631124
CC[C@H]1O[C@@H](NC(=S)NN=Cc2ccccc2[N+](=O)[O-])[C@H](O)[C@@H](O)[C@@H]1O,4.419075,4.1210957,0.29797935
Cc1noc(C)c1S(=O)(=O)N1CCN(c2nc(N3CCOCC3)ncc2Br)CC1,7.60206,7.4069405,0.19511938
O=C(c1ccc(-c2nccs2)cc1)N1CCN(C(=O)c2ccc(Cl)cc2Cl)CC1,7.6197886,5.644977,1.9748116
O=C(c1ccc(-c2ccccn2)cc1)N1CCN(C(=O)c2cccc(C(F)(F)F)c2)CC1,4.88773,4.415799,0.47193098
CCCS(=O)(=O)N1CCN(c2nc(Cl)ncc2Br)CC1,5.1511955,4.230791,0.92040443
O=S(=O)(c1cc(Cl)sc1Cl)N1CCN(c2nc(N3CCOCC3)ncc2Br)CC1,6.0,5.275134,0.7248659
O=C(c1ccc(Cl)cc1[N+](=O)[O-])N1CCN(c2nc(N3CCOCC3)ncc2Br)CC1,9.267606,7.413987,1.8536186
Cc1ccc(-c2ccc(C(=O)N3CCN(C(=O)c4cccc(F)c4)CC3)cc2)cn1,9.251812,9.36823,-0.116417885
Cc1ccc(-c2ccc(C(=O)N3CCN(C(=O)c4cccc(N(C)C)c4)CC3)cc2)cn1,6.730487,6.174801,0.555686
O=S(=O)(C1CC1)N1CCN(c2nc(Cl)ncc2Br)CC1,6.60206,6.0325904,0.56946945
Cc1ccnc(-c2ccc(C(=O)N3CCN(C(=O)c4ccc(C(C)(C)C)cc4)CC3)cc2)c1,8.522879,9.216659,-0.69377995
Cc1cccc(CN2C(=O)/C(=N\Nc3nncs3)c3ccccc32)c1,4.0,3.9038177,0.09618235
COC(=O)c1cn([C@@H]2O[C@H](CO)[C@@H](O)[C@H](O)[C@H]2O)nn1,6.920819,7.7468696,-0.82605076
S=C1N=C(Nc2ccc(-c3nc4ccccc4[nH]3)cc2)CNN1,5.275724,4.980076,0.2956481
N=C1N=C(Nc2ccc(-c3nc4ccccc4[nH]3)cc2)CN1,4.6946487,4.1249094,0.56973934
CC[C@H]1O[C@@H](NC(=S)NN=Cc2ccc(C(F)(F)F)cc2)[C@H](O)[C@@H](O)[C@@H]1O,4.30103,3.3906584,0.9103718
COc1ccc(-c2nc([C@@H]3O[C@H](CO)[C@@H](O)[C@H](O)[C@H]3O)no2)cc1,7.30103,5.806328,1.4947023
CC1(C)CC[C@]2(C(=O)OCc3ccccc3)CC[C@]3(C)C(=CC[C@@H]4[C@@]5(C)C[C@@H](O[Si](C)(C)C(C)(C)C)[C@@H](O)C(C)(C)[C@@H]5CC[C@]43C)[C@@H]2C1,7.154902,6.9706144,0.18428755
c1ccc(-n2cccc2-c2nc(N3CCCCCC3)nc(N3CCCCCC3)n2)cc1,5.552842,5.0303555,0.5224867
O=C(Nc1ccc(NS(=O)(=O)c2ccc(Cl)c(Cl)c2)cc1)Nc1ccccc1[N+](=O)[O-],7.1079054,6.699714,0.4081912
CCCCCCN(CCCCCC)c1nc(-c2cccn2Cc2ccccc2)nc(N(CCCC)CCCC)n1,5.3665314,5.347041,0.019490242
OC[C@H]1O[C@@H](n2cc(Cc3ccccc3)nn2)[C@H](O)[C@@H](O)[C@@H]1O,4.943095,3.8139646,1.1291306
C=C(C)[C@@H](C)CC[C@@H](C)[C@H]1CC[C@@]2(C)[C@@H]3CC[C@H]4[C@H](C)C(=O)CC[C@@]45C[C@@]35CC[C@]12C,5.2814984,5.050534,0.23096466
Cc1n[nH]c(C)c1/N=N/c1ccc(-c2nc3ccccc3[nH]2)cc1,4.844057,5.4979696,-0.65391254
OC[C@H]1O[C@@H](n2cc(-c3cccc4ccccc34)nn2)[C@H](O)[C@@H](O)[C@@H]1O,7.0409584,7.792078,-0.7511196
OC[C@H]1O[C@@H](c2cc3ccccc3[nH]2)[C@H](O)[C@@H](O)[C@@H]1O,4.590067,3.945689,0.64437795
O=[N+]([O-])c1ccc(-c2noc([C@@H]3O[C@H](CO)[C@@H](O)[C@H](O)[C@H]3O)n2)cc1,6.0,5.359559,0.64044094
CC[C@H]1CC[C@@H](O)[C@@H](CO[C@@H]2O[C@H](CO)[C@@H](O)[C@H](O)[C@H]2O)N1,5.5228786,5.3708363,0.15204239
OCc1cn([C@H]2O[C@H](CO)[C@@H](O)[C@H](O)[C@H]2O)nn1,6.0,5.4997916,0.5002084
C[C@H]1C[C@H](C)CN(CCCNc2ccc(C(=O)Nc3ccc(C(F)(F)F)cc3)cc2[N+](=O)[O-])C1,4.026475,3.5517178,0.4747572
N#Cc1ccc(C2=NO[C@]3(O[C@H](CO)[C@@H](O)[C@H](O)[C@H]3O)S2)cc1,6.1524496,5.8944693,0.25798035
COc1cc(/C=N/NC(=O)c2ccc(Nc3ccnc4cc(Cl)ccc34)cc2)cc(OC)c1OC,8.522879,7.799642,0.72323656
NC(=O)[C@@]1(n2cc(-c3ccc4ccccc4c3)nn2)O[C@H](CO)[C@@H](O)[C@H](O)[C@H]1O,4.8796563,5.98981,-1.1101537
O=C(O)c1ccc2c3c1C(=O)N(c1ccccc1)C3=CCC2,6.0,7.85814,-1.85814
OC[C@H]1O[C@@]2(CC(c3c[nH]c4ccccc34)=NO2)[C@H](O)[C@@H](O)[C@@H]1O,7.3496923,7.303297,0.0463953
O=C(Cn1cccc(NCc2ccccc2)c1=O)NC1CCN(Cc2ccccc2)CC1,5.0,3.7593856,1.2406144
CC1(C)C2CC[C@]3(C)[C@H](C(=O)C=C4[C@@H]5C[C@@](C)(C(=O)O)CC[C@]5(C)CC[C@]43C)[C@@]2(C)CC[C@@H]1O[C@H]1O[C@H](C(=O)O)[C@@H](O)[C@H](O)[C@H]1O[C@@H]1O[C@H](C(=O)O)[C@@H](O)[C@H](O)[C@H]1O,5.4867826,5.002035,0.4847474
C/C(=N/Nc1ccc([N+](=O)[O-])cc1[N+](=O)[O-])c1ccc(-n2nncc2C(C)(C)C)cc1,5.958607,4.644326,1.314281
COc1ccc(OC)c(NS(=O)(=O)c2ccc(NS(=O)(=O)c3cccc([N+](=O)[O-])c3)cc2)c1,2.2146702,3.7502704,-1.5356002
OC[C@H]1O[C@@H](c2cc(O)ccc2O)[C@H](O)[C@@H](O)[C@@H]1O,7.552842,6.0515256,1.5013165
CC1(C)CC[C@]2(C(=O)OCc3ccccc3)CC[C@]3(C)C(=CCC4[C@@]5(C)Cc6nonc6C(C)(C)C5CC[C@]43C)[C@@H]2C1,8.522879,9.138211,-0.6153326
O=CNc1cccc([N+](=O)[O-])c1,5.5228786,4.7605906,0.7622881
O=C(O)c1ccc2c3c1C(=O)N(Cc1ccccc1)C3=CCC2,3.20412,4.0420346,-0.8379147
O=C(O)c1ccc2c3c1C(=O)N(Cc1ccccc1)C3(O)CCC2,4.109579,4.1522913,-0.04271221
O=c1ccc2ccc(Oc3cc4ccc(O)c(-c5c(OC6O[C@H](CO)[C@@H](O)[C@H](O)[C@H]6O)ccc6ccc(=O)oc56)c4oc3=O)cc2o1,9.29243,8.998939,0.29349136
CCCCCSC(=O)c1c(C(=O)O)ccc2c1C(=O)CCC2,5.481486,4.2386723,1.2428136
c1ccc(C2=NCCCCO2)cc1,5.960586,5.9942083,-0.033622265
O=c1ccc2ccc(O)c(-c3c(OC4O[C@H](CO)[C@@H](O)[C@H](O)[C@H]4O)ccc4ccc(=O)oc34)c2o1,4.6757174,4.169434,0.5062833
CC1(C)CC[C@]2(C(=O)OCC(=O)O)CC[C@]3(C)C(=CC[C@@H]4[C@@]5(C)C[C@@H](O)[C@H](O)C(C)(C)[C@@H]5CC[C@]43C)[C@@H]2C1,5.03,5.9154334,-0.8854332
CC1(C)CC[C@]2(C(=O)OCc3ccccc3)CC[C@]3(C)C(=CC[C@@H]4[C@@]5(C)C[C@@H](O[Si](C)(C)C(C)(C)C)[C@H](O)C(C)(C)[C@@H]5CC[C@]43C)[C@@H]2C1,5.0,4.5749044,0.42509556
CCCNc1cccn(CC(=O)NCc2ccc(Cl)c(Cl)c2)c1=O,5.6575775,4.2366285,1.420949
C[C@@H]1O[C@@H](O)[C@@H](O)[C@H](O)[C@@H]1O,7.21467,5.949459,1.2652111
O[C@@H]1[C@@H](OC[C@H]2O[C@H](CN(CC3CCCCC3)CC3CCCCC3)[C@@H](O)[C@@H]2O)O[C@H](CN(CC2CCCCC2)CC2CCCCC2)[C@H]1O,4.701147,3.733389,0.9677582
O[C@H]1[C@H](O)[C@@H](CN(CC2CCCCC2)CC2CCCCC2)O[C@@H]1/C=C/[C@H]1O[C@H](CN(CC2CCCCC2)CC2CCCCC2)[C@@H](O)[C@@H]1O,8.30103,8.534822,-0.2337923
Cc1ccc(C(=O)N[C@@H]2O[C@H](CO)[C@@H](O)[C@H](O)[C@H]2O)cc1,4.0,3.1839073,0.8160927
CCCCCC#Cc1cn([C@@H]2O[C@H](CO)[C@@H](O)[C@H](O)[C@H]2O)c(=O)[nH]c1=O,5.9694004,6.1114073,-0.14200687
CC(C)CC(N)C(=O)N1CCOCC1,5.09691,3.8677487,1.2291613
c1ccc(C2=NC3CCCCC3N2)cc1,4.853872,4.7952538,0.05861807
O=NC(S[C@@H]1O[C@H](CO)[C@@H](O)[C@H](O)[C@H]1O)c1ccc([N+](=O)[O-])cc1,5.376751,4.7656355,0.61111546
c1ccc(C2=NCCO2)cc1,4.39794,4.4183226,-0.020382404
