Observed,Predicted,Residual
10.82390874094432,10.5341,0.28980916208689855
10.522878745280336,9.966888,0.5559903175459606
10.221848749616356,9.935086,0.28676249931118036
10.221848749616356,10.263409,-0.04155991127231573
10.193820026016112,10.112782,0.08103850135790935
10.096910013008056,9.699383,0.39752723102563436
10.0,9.567377,0.43262290954589844
10.0,9.574722,0.4252777099609375
10.0,9.167203,0.8327970504760742
10.0,9.481414,0.5185861587524414
9.958607314841776,9.556388,0.40221941353562407
9.943028323846583,9.273441,0.6695870091493177
9.920818753952377,10.078961,-0.15814261842311161
9.886056647693165,9.121703,0.7643534998049812
9.886056647693165,9.893871,-0.007814659679882041
9.886056647693165,9.153473,0.7325837473025398
9.886056647693165,9.2787895,0.607267127429493
9.886056647693165,9.406518,0.4795386652102547
9.886056647693165,9.376081,0.5099751810183601
9.886056647693165,9.528472,0.35758470097685624
9.886056647693165,9.397076,0.48898099461699296
9.886056647693165,9.346991,0.5390660623660164
9.886056647693165,8.854347,1.0317094186892586
9.795880017344077,10.052144,-0.25626403325406777
9.795880017344077,9.31985,0.4760300493875338
9.795880017344077,9.467453,0.32842701441438926
9.747146969020108,9.623344,0.12380254763338883
9.747146969020108,9.726491,0.020655994593838045
9.744727494896694,9.921411,-0.1766830657112166
9.721246399047171,9.346436,0.37481085217217114
9.703334809738468,9.378728,0.32460689683563615
9.69897000433602,9.2526245,0.4463454926172705
9.69897000433602,8.976868,0.7221023285547705
9.69897000433602,9.283734,0.41523568274178224
9.69897000433602,9.211726,0.48724381567635255
9.69897000433602,8.507102,1.1918679917017432
9.69897000433602,9.506855,0.1921149933496924
9.69897000433602,9.363548,0.3354217255274268
9.69897000433602,9.03153,0.6674396240869971
9.69897000433602,9.460856,0.23811356665291505
9.69897000433602,8.712574,0.9863959992090674
9.69897000433602,8.886543,0.8124267304102393
9.65051499783199,9.132426,0.5180887359301352
9.638272163982409,9.61307,0.0252026296806509
9.63264407897398,9.510168,0.12247600341245679
9.603800652904264,9.447798,0.15600287763570897
9.602059991327964,9.33031,0.27175012346907756
9.602059991327964,9.4089575,0.19310250994368694
9.585026652029182,9.35089,0.2341364924222482
9.585026652029182,9.400718,0.18430891673865446
9.568636235841012,9.390058,0.1785786720592739
9.568636235841012,9.195282,0.3733542534191372
9.557520230935552,9.55107,0.0064500176176807145
9.55284196865778,9.445826,0.107016391875554
9.55284196865778,9.233821,0.3190210534356126
9.55284196865778,9.400883,0.15195924771051494
9.55284196865778,9.440312,0.11252958309869854
9.537602002101044,9.280231,0.25737052627096624
9.527243550682789,9.000208,0.527035649681812
9.522878745280336,9.254245,0.2686339408980114
9.522878745280336,9.436087,0.08679209061724968
9.522878745280336,9.429977,0.09290132828814812
9.522878745280336,9.221048,0.30183039017779656
9.522878745280336,9.216636,0.3062430412398083
9.522878745280336,9.404473,0.11840544053180047
9.508638306165729,9.233608,0.2750300603161193
9.508638306165729,8.882467,0.6261710362682678
9.508638306165729,9.319809,0.1888293462047912
9.508638306165729,9.409597,0.09904090931514276
9.508638306165729,9.264125,0.24451343586543572
9.508638306165729,9.326143,0.18249504139522088
9.494850021680094,9.323074,0.17177568085978123
9.494850021680094,9.390024,0.10482583649942967
9.494850021680094,9.347964,0.1468857348758945
9.494850021680094,9.38428,0.11056981690714451
9.481486060122112,9.314019,0.16746685693607688
9.481486060122112,9.463007,0.018479086855510474
9.481486060122112,9.347964,0.13352177331791282
9.481486060122112,9.317993,0.16349289605961204
9.481486060122112,9.34342,0.1380660314355886
9.481486060122112,9.346236,0.13524983117924094
9.481486060122112,8.043411,1.4380748052392995
9.481486060122112,9.288497,0.19298908899174094
9.468521082957745,8.890591,0.5779304152331353
9.468521082957745,9.317067,0.1514539366564751
9.468521082957745,9.307664,0.16085716541624073
9.468521082957745,9.414161,0.054360354503154795
9.468521082957745,9.4452095,0.023311579783916514
9.468521082957745,9.256621,0.21189972217893605
9.455931955649724,9.286297,0.16963511116730245
9.455931955649724,9.271018,0.18491392739044699
9.455931955649724,9.390555,0.06537657387482199
9.443697499232712,9.417549,0.02614836593193104
9.443697499232712,9.339193,0.10450415511650135
9.443697499232712,9.104924,0.33877329726738026
9.443697499232712,9.313716,0.12998156447929432
9.443697499232712,9.25273,0.1909671296648412
9.443697499232712,9.408828,0.034869717555466195
9.443697499232712,9.318517,0.12518076797050526
9.443697499232712,9.47527,-0.03157277206855724
9.443697499232712,9.32741,0.11628775497001698
9.431798275933003,9.348233,0.08356505297157746
9.431798275933003,9.357885,0.0739129152152298
9.431798275933003,8.336082,1.0957158174369095
9.431798275933003,9.348233,0.08356505297157746
9.431798275933003,9.349056,0.08274203203651886
9.431798275933003,9.115139,0.31665926836464386
9.42693598216088,9.218552,0.20838434641869163
9.42021640338319,9.320727,0.09948905505555317
9.42021640338319,9.303853,0.11636336841004535
9.42021640338319,9.318432,0.10178454913514301
9.42021640338319,9.361944,0.05827220477479145
9.42021640338319,8.880021,0.540195308107311
9.42021640338319,9.233581,0.1866358140887563
9.4089353929735,9.283943,0.1249922167039692
9.4089353929735,8.916996,0.49193939077623483
9.4089353929735,9.359579,0.04935630666978952
9.406713932979542,9.080861,0.32585284136577286
9.397940008672036,9.245206,0.15273412946060994
9.397940008672036,9.261123,0.13681730511978962
9.397940008672036,9.244798,0.1531423020680318
9.397940008672036,9.077326,0.32061418774918415
9.397940008672036,9.24434,0.1536000657399068
9.397940008672036,9.32826,0.06967958691910603
9.397940008672036,8.840684,0.5572560715992818
9.397940008672036,8.102715,1.295225470097817
9.397940008672036,9.310646,0.08729395154312947
9.397940008672036,8.839446,0.5584939408619771
9.397940008672036,9.210899,0.18704065564469197
9.397940008672036,9.20059,0.19734987500504353
9.397940008672036,9.616052,-0.21811166521712444
9.397940008672036,8.783544,0.6143964219410787
9.397940008672036,9.574722,-0.17678228136702678
9.397940008672036,9.3642845,0.03365549329117634
9.397940008672036,9.157939,0.24000105145768025
9.397940008672036,9.106722,0.2912181306202779
9.397940008672036,9.167203,0.23073705914810994
9.387216143280265,9.225846,0.16136985269188564
9.387216143280265,9.230303,0.15691333261131923
9.387216143280265,9.229065,0.15815120187401455
9.387216143280265,9.387132,8.445230126064018e-05
9.387216143280265,9.323074,0.06414180245995205
9.387216143280265,9.412408,-0.02519173178077061
9.387216143280265,9.404995,-0.01777882131934483
9.387216143280265,9.192398,0.19481807199120205
9.387216143280265,9.40101,-0.01379341635108311
9.3767507096021,9.271041,0.10570979315922813
9.3767507096021,9.231822,0.14492869574711875
9.3767507096021,8.789589,0.587161781379443
9.3767507096021,9.176933,0.19981742102788047
9.3767507096021,9.393386,-0.016635177543896873
9.366531544420411,9.441768,-0.07523614814550683
9.366531544420411,9.264692,0.10183923790185645
9.366531544420411,9.372622,-0.006089991834471675
9.366531544420411,9.338862,0.02766912529199317
9.356547323513812,9.20012,0.15642735128480822
9.356547323513812,9.307425,0.049122778225726194
9.356547323513812,9.269737,0.08681007986146838
9.346787486224656,9.349056,-0.0022687576718283253
9.346787486224656,9.412976,-0.06618877872895723
9.346787486224656,9.387273,-0.04048534855317598
9.346787486224656,9.33373,0.013057742267136518
9.346787486224656,9.2137575,0.13302997127104277
9.346787486224656,9.322462,0.024325404315476362
9.346787486224656,9.227058,0.1197290755801248
9.337242168318426,9.14573,0.19151214970270303
9.337242168318426,9.286789,0.050453227888738184
9.337242168318426,8.750178,0.5870638312212577
9.337242168318426,8.953083,0.38415912998834756
9.337242168318426,8.953083,0.38415912998834756
9.337242168318426,9.325971,0.011271518599187402
9.337242168318426,9.398675,-0.06143279658635947
9.327902142064282,9.370942,-0.043039973719409375
9.327902142064282,9.139567,0.18833476688117656
9.327902142064282,9.393386,-0.06548374508171406
9.327902142064282,9.408828,-0.08092563961296406
9.327902142064282,9.0307045,0.2971976437732664
9.327902142064282,9.0307045,0.2971976437732664
9.327902142064282,9.322462,0.005440060155102344
9.327902142064282,9.280636,0.04726630832404766
9.318758762624412,9.157575,0.1611841089989241
9.318758762624412,9.374852,-0.05609341785654465
9.318758762624412,9.279621,0.03913763835683426
9.318758762624412,9.317993,0.000765598561912384
9.318758762624412,9.368896,-0.05013676807627121
9.318758762624412,9.260333,0.058425701406150665
9.309803919971486,8.893652,0.4161519576912127
9.309803919971486,9.219115,0.09068866270830256
9.309803919971486,9.372622,-0.06281761628339666
9.309803919971486,9.177429,0.13237472075273615
9.309803919971486,9.204323,0.1054811050300799
9.30189945437661,9.356727,-0.05482719204673003
9.30102999566398,8.837261,0.4637687957128076
9.30102999566398,9.2597275,0.04130251763663573
9.30102999566398,8.872529,0.42850096581778807
9.30102999566398,9.372158,-0.0711280548731299
9.30102999566398,9.436233,-0.13520257116951662
9.30102999566398,9.188811,0.11221869347892088
9.30102999566398,9.291157,0.009873226865151352
9.30102999566398,8.982357,0.3186729705174951
9.30102999566398,9.203767,0.09726317284903807
9.30102999566398,9.304208,-0.003177806154868179
9.30102999566398,8.595025,0.7060049331029443
9.30102999566398,8.988035,0.3129947936376123
9.30102999566398,8.797094,0.503935650571206
9.30102999566398,9.496836,-0.19580571295418459
9.30102999566398,9.129136,0.17189391015372557
9.30102999566398,9.217619,0.08341105340323729
9.30102999566398,8.84233,0.4587000167211084
9.30102999566398,9.3114,-0.010370417849204117
9.30102999566398,9.296707,0.004322842343666977
9.30102999566398,8.9241705,0.37685950158438963
9.30102999566398,9.398834,-0.09780423285164552
9.292429823902063,9.067861,0.22456922056954376
9.292429823902063,9.241423,0.0510071707038211
9.292429823902063,9.387111,-0.09468088624197968
9.292429823902063,9.342751,-0.05032072541434296
9.292429823902063,9.366211,-0.07378111359793671
9.292429823902063,9.030485,0.2619446707038211
9.292429823902063,9.320195,-0.02776537415701874
9.292429823902063,9.283038,0.009391684558801572
9.292429823902063,8.523591,0.7688387823371219
9.2839966563652,9.456539,-0.17254249768753382
9.2839966563652,9.337462,-0.05346576886673304
9.2839966563652,9.238096,0.04590041918258336
9.2839966563652,8.749035,0.5349617747734037
9.2839966563652,8.322301,0.9616957454154935
9.2839966563652,9.33373,-0.04973308759231898
9.2839966563652,9.380705,-0.09670822339554164
9.2839966563652,9.070724,0.21327312273482946
9.2839966563652,9.296894,-0.012897417121127575
9.2839966563652,9.0422,0.241796567864224
9.275724130399212,9.15384,0.12188406539677032
9.275724130399212,9.271233,0.004491525418742981
9.267606240177033,9.339193,-0.07158710393917822
9.267606240177033,8.6621685,0.6054377373694155
9.267606240177033,9.155806,0.11180065240847803
9.267606240177033,9.278469,-0.010862845516326658
9.267606240177033,9.077258,0.190348130130646
9.267606240177033,9.323074,-0.05546810064327978
9.267606240177033,9.365113,-0.09750701818478369
9.259637310505756,9.241423,0.018214657307513704
9.259637310505756,8.58642,0.6732172513016543
9.259637310505756,9.322225,-0.06258730649863864
9.259637310505756,9.169312,0.09032578706825589
9.259637310505756,9.231264,0.02837319612587308
9.2518119729938,9.329445,-0.07763291226010693
9.2518119729938,9.313716,-0.06190396175961865
9.2518119729938,9.246013,0.005799285310693847
9.2518119729938,9.078821,0.17299079074282275
9.2518119729938,9.420139,-0.1683273397503413
9.2518119729938,9.355956,-0.10414410458188428
9.244125144327509,9.187148,0.05697705015026244
9.244125144327509,9.118458,0.1256673501380554
9.244125144327509,9.296894,-0.05276892915881959
9.244125144327509,9.348233,-0.10410807863391724
9.236572006437065,9.03336,0.20321247884917426
9.236572006437065,9.176915,0.059656837674857854
9.236572006437065,9.307175,-0.07060267618012261
9.236572006437065,8.22324,1.0133321077554243
9.229147988357855,9.344696,-0.11554805656401967
9.229147988357855,9.223782,0.005366402664495951
9.229147988357855,9.193932,0.035216408768011576
9.229147988357855,9.199466,0.029682236709906107
9.229147988357855,9.307089,-0.07794086357085561
9.221848749616356,9.489414,-0.2675654654715345
9.221848749616356,9.277081,-0.05523178627231573
9.221848749616356,8.797949,0.4238999123360827
9.221848749616356,8.959423,0.26242568443080927
9.221848749616356,9.207444,0.014404558637352238
9.221848749616356,8.995161,0.22668769309780146
9.221848749616356,9.208737,0.013111376264305363
9.221848749616356,8.675118,0.5467303032662585
9.221848749616356,9.193619,0.028229975202293645
9.221848749616356,9.417037,-0.19518826057651495
9.221848749616356,9.135553,0.08629538963100458
9.221848749616356,8.940738,0.2811110253121569
9.221848749616356,8.665166,0.5566828484322741
9.221848749616356,8.873474,0.34837462852260614
9.221848749616356,8.988564,0.2332852120186999
9.221848749616356,8.695626,0.5262224907662585
9.221848749616356,9.373364,-0.15151569893100714
9.221848749616356,8.676788,0.5450604195382311
9.221848749616356,9.324324,-0.10247490455844854
9.221848749616356,8.604415,0.617433809735985
9.221848749616356,9.194758,0.027090334394188176
9.221848749616356,9.397076,-0.17522690345981573
9.220403508742177,9.372578,-0.1521741584941516
9.214670164989233,9.322515,-0.10784436900734917
9.214670164989233,8.576074,0.6385965184438227
9.214670164989233,9.344907,-0.13023664195656792
9.214670164989233,9.325971,-0.11130048473000542
9.20971483596676,9.218849,-0.00913434616214559
9.207608310501746,9.303853,-0.09624472447139887
9.207608310501746,9.307425,-0.09981623478634027
9.207608310501746,9.297537,-0.08992853947384027
9.207608310501746,9.209324,-0.0017155725548949619
9.207608310501746,9.128607,0.07900151423709723
9.200659450546418,9.387132,-0.18647224043258603
9.200659450546418,9.295583,-0.09492332075485166
9.200659450546418,9.194631,0.006028827682648341
9.200659450546418,9.224093,-0.023433986648406346
9.200659450546418,8.935064,0.26559513475051943
9.193820026016112,8.715172,0.47864821205126873
9.193820026016112,9.242818,-0.04899785270703205
9.193820026016112,8.8675785,0.3262415195463859
9.191789027075778,9.082978,0.10881077847958665
9.187086643357144,9.4722805,-0.2851938589621916
9.187086643357144,9.099023,0.08806377806173415
9.187086643357144,8.744053,0.4430337563942537
9.18045606445813,9.144968,0.03548803162121672
9.18045606445813,9.190891,-0.010435201411009842
9.17979854051436,9.303124,-0.12332588728104987
9.173925197299171,9.096646,0.07727888840024555
9.173925197299171,9.168827,0.005098140414405705
9.154901959985745,9.116711,0.03819129714394798
9.154901959985745,9.029585,0.12531707534219017
9.154901959985745,9.281325,-0.12642338028525124
9.154901959985745,9.134933,0.019968488306057353
9.154901959985745,9.463006,-0.3081040596065403
9.154901959985745,8.894307,0.2605948234501003
9.154901959985745,9.1631565,-0.00825454941366921
9.154901959985745,9.302581,-0.14767887344931374
9.154901959985745,9.096673,0.058228948205959696
9.154901959985745,9.265934,-0.11103203049277077
9.154901959985745,9.120818,0.03408382186318626
9.154901959985745,9.086474,0.06842754134560813
9.154901959985745,9.109392,0.04550979384804954
9.154901959985745,9.099131,0.05577132949258079
9.154901959985745,8.874518,0.28038356551553
9.148741651280924,9.244578,-0.09583671023030682
9.148741651280924,9.108488,0.04025356839518146
9.148741651280924,9.229065,-0.08032329012532635
9.148741651280924,8.709947,0.43879501889566974
9.142667503568733,9.332026,-0.18935802438536875
9.142667503568733,8.82686,0.3158070757122875
9.142667503568733,8.883504,0.2591635896893383
9.136677139879543,9.17146,-0.03478301179282006
9.130768280269024,9.374833,-0.24406482672560514
9.130768280269024,9.132441,-0.0016722867475778003
9.1249387366083,8.180177,0.9447620016839835
9.1249387366083,9.118024,0.006914864232811624
9.1249387366083,8.51683,0.6081082922723624
9.1249387366083,9.046421,0.07851768558290928
9.119186407719209,9.215143,-0.09595679601614293
9.119186407719209,8.409345,0.7098417345624704
9.119186407719209,9.194631,-0.0754442151445609
9.113509274827518,9.213282,-0.09977235664220885
9.113509274827518,9.273918,-0.16040887702795104
9.113509274827518,9.174457,-0.060947321546994004
9.113509274827518,9.157575,-0.04406537879797057
9.113509274827518,9.121572,-0.008062266005001817
9.10790539730952,9.053769,0.05413628567621842
9.10790539730952,8.719927,0.3879785632030739
9.102372908709558,9.003202,0.09917047035506599
9.096910013008056,9.20321,-0.10629986400610392
9.096910013008056,9.132747,-0.03583668346411173
9.096910013008056,9.408601,-0.31169079418188517
9.096910013008056,8.929598,0.16731215839379843
9.096910013008056,9.276964,-0.18005417461401407
9.096910013008056,8.636318,0.46059180622094686
9.096910013008056,8.636318,0.46059180622094686
9.096910013008056,9.131814,-0.03490398998266642
9.096910013008056,9.018751,0.07815886859887655
9.096910013008056,8.828309,0.26860095386498983
9.096910013008056,8.939222,0.15768767719262655
9.096910013008056,8.912442,0.18446780567163046
9.096910013008056,8.461282,0.6356282365798336
9.09151498112135,9.267573,-0.17605837550706838
9.080921907623926,8.869598,0.21132351895205126
9.080921907623926,9.176915,-0.09599326113828077
9.080921907623926,9.053769,0.027152795990625478
9.065501548756432,9.242343,-0.17684140015714256
9.065501548756432,9.280231,-0.21472992707364646
9.060480747381382,7.9970384,1.0634423829709814
9.060480747381382,9.272045,-0.21156438811666511
9.05700040663396,8.193769,0.863230951677906
9.05453141486818,8.36927,0.6852610901611484
9.045757490560677,8.885897,0.15986080782141876
9.045757490560677,8.515038,0.5307199539395828
9.045757490560677,9.216733,-0.1709754882601242
9.045757490560677,9.020088,0.025669294759895322
9.045757490560677,8.138633,0.9071247162076492
9.045757490560677,8.829496,0.21626110689368438
9.045757490560677,9.281827,-0.2360694824007492
9.045757490560677,8.797949,0.24780865328040313
9.036212172654444,7.717616,1.3185960914166515
9.031517051446064,8.831862,0.19965460180006822
9.0268721464003,8.512821,0.5140509488905352
9.017728766960431,9.225372,-0.20764354749269387
9.013228265733757,9.340457,-0.32722869685169265
9.013228265733757,9.183063,-0.16983428767200515
9.008773924307503,9.042704,-0.03392970423253594
9.0,9.276888,-0.2768878936767578
9.0,9.022744,-0.022744178771972656
9.0,8.689254,0.3107461929321289
9.0,9.074846,-0.07484626770019531
9.0,9.002465,-0.0024652481079101562
9.0,8.992642,0.007357597351074219
9.0,8.37,0.630000114440918
9.0,7.9857764,1.014223575592041
9.0,8.862597,0.13740253448486328
9.0,8.610079,0.3899211883544922
9.0,9.116651,-0.11665058135986328
9.0,9.167203,-0.16720294952392578
9.0,8.784887,0.21511268615722656
9.0,9.048648,-0.04864788055419922
9.0,8.986041,0.013958930969238281
9.0,8.378443,0.6215572357177734
9.0,8.806853,0.1931467056274414
8.995678626217357,8.790561,0.2051179038662827
8.995678626217357,8.540648,0.4550301658291733
8.991399828238082,9.331628,-0.3402280175260781
8.987162775294827,9.229065,-0.2419021661114229
8.987162775294827,8.942669,0.044493860499905225
8.987162775294827,9.223171,-0.23600845883603228
8.97061622231479,9.143576,-0.17295944602017066
8.97061622231479,9.157939,-0.1873227348995652
8.97061622231479,8.435112,0.5355042228030715
8.958607314841775,8.996793,-0.03818547843215114
8.958607314841775,8.695626,0.262981055991677
8.958607314841775,8.49372,0.4648872602153098
8.958607314841775,8.991611,-0.03300321219679958
8.958607314841775,9.170692,-0.2120851290058816
8.958607314841775,8.85255,0.10605776192429417
8.958607314841775,8.604178,0.3544288861918723
8.958607314841775,8.82672,0.13188707710984104
8.958607314841775,9.26403,-0.3054231417011941
8.958607314841775,6.982114,1.9764934766459739
8.958607314841775,9.208366,-0.2497590792011941
8.958607314841775,8.820251,0.13835584999802464
8.958607314841775,8.975874,-0.01726663230178005
8.956642168027559,8.239469,0.7171735935036327
8.954677021213342,8.360783,0.5938943979223268
8.954677021213342,9.115491,-0.16081389217777087
8.94692155651658,9.279621,-0.33269956775099807
8.928117992693874,8.580314,0.34780431013772173
8.920818753952375,8.918152,0.002666898483624891
8.920818753952375,8.770485,0.15033382963596864
8.920818753952375,8.646747,0.2740721185153632
8.920818753952375,8.31438,0.6064390618747382
8.920818753952375,8.539967,0.38085217070042177
8.920818753952375,8.167261,0.7535576302951483
8.920818753952375,8.897538,0.023280568832745985
8.920818753952375,8.49096,0.42985863279758973
8.920818753952375,8.861373,0.0594458062595038
8.920818753952375,8.888624,0.032194562668195204
8.920818753952375,8.067913,0.852905698532453
8.920818753952375,8.5742035,0.3466152627414374
8.920818753952375,9.233428,-0.3126092474514337
8.91721462968355,9.072689,-0.1554744267129351
8.903089986991944,8.439174,0.4639162885666508
8.899629454882437,9.104266,-0.2046367118045751
8.896196279044043,8.70695,0.18924609136093729
8.886056647693163,8.128639,0.7574174265017568
8.886056647693163,8.971345,-0.08528830012177835
8.886056647693163,8.8325,0.05355618992949118
8.886056647693163,9.158806,-0.2727491994748057
8.886056647693163,9.077274,-0.19121767481660257
8.886056647693163,8.467509,0.4185473779788076
8.886056647693163,8.901319,-0.015261902416700224
8.886056647693163,8.918915,-0.03285814722871194
8.886056647693163,9.026839,-0.14078260859345804
8.886056647693163,8.877162,0.008894668017870089
8.886056647693163,8.8635,0.022557006274706026
8.869666231504993,9.4089575,-0.5392912498792839
8.861769097913378,8.37572,0.4860490738044909
8.853871964321762,8.8223295,0.031542443142562604
8.853871964321762,8.931258,-0.07738623727735927
8.853871964321762,8.503332,0.3505398262602384
8.853871964321762,9.056863,-0.20299086679396083
8.853871964321762,8.843233,0.01063885580125401
8.853871964321762,8.996215,-0.14234290231642177
8.853871964321762,8.917103,-0.0632308493989413
8.853871964321762,8.029251,0.8246208656889493
8.85078088734462,9.057015,-0.20623453166172823
8.847711655616944,8.942094,-0.09438219356518474
8.82682351277468,8.199401,0.627422610980247
8.823908740944319,8.474594,0.34931462473338115
8.823908740944319,8.528114,0.2957944220966624
8.818156412055227,9.062572,-0.2444151135185031
8.796729909783021,8.742192,0.05453764141143935
8.795880017344075,8.587337,0.20854347712190702
8.795880017344075,8.566146,0.2297341204324539
8.795880017344075,8.336064,0.45981567865999295
8.795880017344075,8.576481,0.21939915186555936
8.795880017344075,7.7706785,1.0252014971414383
8.795880017344075,7.937208,0.8586718416848953
8.769551078621726,8.752914,0.016636649910788393
8.769551078621726,8.814523,-0.044971664603371764
8.769551078621726,8.632412,0.13713912183461652
8.769551078621726,8.729538,0.04001311475453839
8.7594507517174,8.920367,-0.1609164891883612
8.744727494896694,9.06353,-0.3188024733650252
8.744727494896694,8.5511875,0.19353997963790448
8.744727494896694,9.123104,-0.37837660056229083
8.744727494896694,8.946047,-0.20131933432693927
8.723538195826755,8.663389,0.06014898989413808
8.721246399047171,8.776206,-0.054959617493356205
8.721246399047171,8.806962,-0.08571561419745777
8.721246399047171,8.661407,0.05983892834404614
8.721246399047171,8.327628,0.3936182633660188
8.716722334558472,8.231126,0.48559650295446843
8.712198270069774,8.857859,-0.14566038776714052
8.698970004336019,8.488074,0.2108957016626789
8.698970004336019,8.789437,-0.09046728967032891
8.698970004336019,8.332455,0.36651532293953437
8.698970004336019,8.494311,0.20465867163338203
8.698970004336019,8.712567,-0.013597325070719535
8.68837535480105,8.642811,0.045564533267846485
8.679853713888946,8.363547,0.31630638875466843
8.674360993000928,8.642811,0.03155017146772465
8.67366413907125,8.15144,0.5222244723232023
8.673393743112328,8.318491,0.35490276105666396
8.671620396561263,8.322907,0.3487129487463214
8.657577319177793,8.659774,-0.002196507421327709
8.657577319177793,8.288402,0.3691757154790629
8.657577319177793,8.770485,-0.11290760513861287
8.649751981665837,8.536628,0.11312421219562196
8.647817481888637,8.594876,0.05294119252096152
8.642065152999546,8.11992,0.5221453760830421
8.638272163982407,8.626006,0.012266037578598343
8.638272163982407,8.085369,0.5529030538749851
8.638272163982407,8.487973,0.15029895078660616
8.638272163982407,8.135865,0.5024069524955905
8.638272163982407,8.444346,0.19392573606492647
8.638272163982407,8.484081,0.15419089567186006
8.638272163982407,7.614281,1.023990986461655
8.636388020107855,9.288696,-0.6523082689546449
8.634528153286132,8.552819,0.08170890127197161
8.619788758288394,8.318209,0.3015800638303858
8.619788758288394,8.423088,0.1967006845579249
8.619788758288394,8.812012,-0.19222296046160636
8.619788758288394,8.819934,-0.20014513300799308
8.619788758288394,8.719023,-0.09923399256609855
8.619788758288394,9.266943,-0.6471542196168798
8.619788758288394,8.092127,0.5276619119749171
8.619788758288394,8.247772,0.37201654149151864
8.619788758288394,8.487018,0.13277112675763192
8.619788758288394,8.688274,-0.06848562525652824
8.610924374808178,8.918915,-0.3079904201136969
8.603800652904264,8.846602,-0.24280178697610744
8.602059991327963,8.075023,0.527037293879232
8.602059991327963,8.605505,-0.0034449982960609304
8.602059991327963,8.552979,0.0490805220286461
8.602059991327963,8.514793,0.08726659533186876
8.600326278518962,9.064441,-0.46411444871492513
8.593459819566045,8.610973,-0.01751353858825233
8.59176003468815,8.68476,-0.09300005900081487
8.585026652029182,8.728962,-0.14393529255089632
8.585026652029182,9.023082,-0.43805512745079866
8.568636235841012,8.640546,-0.07190960919072609
8.568636235841012,8.353249,0.21538763964960594
8.568636235841012,7.9646726,0.6039636703808071
8.568636235841012,8.911749,-0.34311265026738624
8.55284196865778,9.516277,-0.9634353445746413
8.55284196865778,8.674164,-0.12132184970159443
8.55284196865778,8.307575,0.24526674282770244
8.55284196865778,8.170291,0.38255102169733135
8.55284196865778,8.579666,-0.02682416903753193
8.55284196865778,8.618723,-0.0658809469916335
8.537602002101044,7.9636903,0.5739117211867377
8.537602002101044,8.025735,0.5118671006728217
8.537602002101044,8.63542,-0.09781784348001032
8.537602002101044,8.627106,-0.08950371078958064
8.537602002101044,8.4795475,0.0580545014906928
8.528708288941061,7.9840326,0.5446756580206511
8.522878745280337,8.475332,0.04754648514850146
8.522878745280337,8.663293,-0.14041413954632276
8.522878745280337,8.663225,-0.14034642866985791
8.522878745280337,8.698113,-0.17523469618694776
8.522878745280337,8.571199,-0.048320671833920414
8.522878745280337,8.40615,0.11672888108356005
8.522878745280337,8.084797,0.4380818397627593
8.522878745280337,8.310272,0.2126065284834624
8.522878745280337,8.23048,0.2923985511885405
8.522878745280337,8.436972,0.08590708085162646
8.522878745280337,8.533671,-0.01079263380901807
8.522878745280337,8.676696,-0.1538170783890962
8.522878745280337,8.257368,0.2655106575117827
8.522878745280337,7.869533,0.6533456832991362
8.522878745280337,7.8904085,0.6324702293501616
8.522878745280337,6.9630895,1.5597892791853667
8.522878745280337,8.484759,0.03811941453082568
8.522878745280337,8.518248,0.004631140910220211
8.522878745280337,8.697634,-0.17475499800579541
8.522878745280337,8.610565,-0.0876864402665376
8.522878745280337,8.440282,0.08259687729938037
8.522878745280337,8.452957,0.0699215919600249
8.522878745280337,8.519809,0.0030699760542631793
8.522878745280337,8.593612,-0.0707329719437837
8.522878745280337,8.452957,0.0699215919600249
8.522878745280337,8.298897,0.22398195572955615
8.522878745280337,8.442968,0.07991037675006396
8.522878745280337,8.122925,0.3999539405928374
8.522878745280337,8.598375,-0.07549657515423291
8.522878745280337,8.508065,0.014813521586489742
8.522878745280337,8.442968,0.07991037675006396
8.522878745280337,8.636318,-0.11343946150677198
8.522878745280337,8.695369,-0.17249002150433057
8.522878745280337,8.519809,0.0030699760542631793
8.522878745280337,8.393222,0.12965689011676318
8.522878745280337,8.578704,-0.055825135029721196
8.522878745280337,8.502753,0.020125487528872554
8.522878745280337,8.721848,-0.1989687888993501
8.522878745280337,8.719023,-0.1961440055741548
8.522878745280337,8.220501,0.3023777992354155
8.522878745280337,8.105466,0.4174128563032866
8.522878745280337,8.508675,0.014204123698306148
8.522878745280337,8.78556,-0.26268090895550245
8.522878745280337,8.695626,-0.17274751356976026
8.522878745280337,8.771285,-0.2484063117875337
8.522878745280337,8.278564,0.2443142921553374
8.522878745280337,8.387409,0.13546953507525927
8.522878745280337,8.591561,-0.06868257216351026
8.522878745280337,8.591561,-0.06868257216351026
8.522878745280337,8.235686,0.2871924430952788
8.522878745280337,8.66704,-0.14416112593548291
8.522878745280337,8.517115,0.005764105998110836
8.522878745280337,8.663225,-0.14034642866985791
8.522878745280337,8.524628,-0.001748940266537602
8.522878745280337,8.524628,-0.001748940266537602
8.522878745280337,8.72223,-0.199351212300229
8.522878745280337,8.676788,-0.1539095847977876
8.522878745280337,8.4795475,0.043331244669985836
8.522878745280337,8.3817005,0.14117822953326709
8.522878745280337,8.440282,0.08259687729938037
8.522878745280337,8.259632,0.2632466346846343
8.522878745280337,8.049154,0.47372446366412646
8.522878745280337,8.473182,0.049697020731997554
8.522878745280337,8.650663,-0.1277846305741548
8.522878745280337,8.582134,-0.05925550154583448
8.522878745280337,6.9630895,1.5597892791853667
8.522878745280337,7.7692513,0.7536273986922026
8.508638306165727,8.485402,0.023236198926957385
8.508638306165727,8.423088,0.08555023243525817
8.508638306165727,8.289701,0.21893684437373473
8.507938958569444,8.451705,0.056233979626572506
8.498940737782249,8.875728,-0.3767869157211692
8.498269733945246,8.236618,0.26165169195305893
8.49569991411904,8.9884205,-0.4927205723311552
8.494850021680094,8.383616,0.11123357423136326
8.494850021680094,8.172384,0.3224657595951328
8.494850021680094,8.267947,0.2269028247196445
8.494850021680094,8.539591,-0.04474081389119533
8.49417249463761,7.5933743,0.9007982423182739
8.489454989793387,8.514664,-0.025208706495675415
8.481486060122112,7.855271,0.6262151975427663
8.481486060122112,8.423088,0.058397986391643286
8.481486060122112,8.825774,-0.34428813268794656
8.481486060122112,8.5297165,-0.048230431577106714
8.47755576649368,8.465623,0.011932864577175906
8.468521082957745,8.315162,0.1533593779406548
8.468521082957745,8.923165,-0.454644238392353
8.468521082957745,8.328471,0.14004989918088917
8.468521082957745,8.371245,0.09727569874143605
8.468521082957745,7.9485874,0.5199336653552056
8.46344155742847,8.812513,-0.34907179401196053
8.459056430288225,8.408704,0.05035262627211168
8.455931955649724,8.486202,-0.030270284340510045
8.455931955649724,8.665518,-0.2095858513571116
8.455931955649724,8.213156,0.2427762091897634
8.455931955649724,8.581241,-0.1253086983419749
8.454692883534175,8.054418,0.4002752733657182
8.449814727441218,8.908406,-0.4585915301881762
8.443697499232712,8.433057,0.010640667872849008
8.443697499232712,8.486217,-0.04251904587226818
8.443697499232712,8.299866,0.1438317765764623
8.443697499232712,8.216587,0.22711043258232166
8.443697499232712,8.420907,0.022790478663864633
8.443697499232712,8.192447,0.25125079055351307
8.443697499232712,8.293542,0.15015559096855213
8.443697499232712,8.392079,0.05161814590019276
8.443697499232712,8.527349,-0.08365197281318615
8.443697499232712,8.392127,0.051570462184372445
8.443697499232712,8.640492,-0.19679494003730724
8.431798275933005,8.256711,0.17508726976845423
8.431798275933005,8.720348,-0.28855008222129186
8.431798275933005,8.35881,0.07298785112831752
8.428291168191313,7.340204,1.0880874061368697
8.423092567827736,8.23145,0.1916424869561535
8.421362301772982,7.889312,0.5320505113066734
8.42021640338319,7.7860446,0.6341718057574575
8.4089353929735,8.526138,-0.11720291269056204
8.4089353929735,8.664679,-0.255743180634898
8.4089353929735,8.2122,0.19673522817857858
8.407823242604133,8.5149765,-0.10715325886071092
8.400007822415901,8.181131,0.2188764595008621
8.39897391554397,8.222851,0.17612311598342245
8.397940008672037,8.509646,-0.11170640703841173
8.397940008672037,8.600881,-0.20294061419173204
8.397940008672037,7.9104214,0.48751863721207656
8.397940008672037,8.406458,-0.00851789232893907
8.397940008672037,8.656321,-0.25838056322737657
8.397940008672037,8.387247,0.01069292310074843
8.397940008672037,8.322628,0.07531198743180312
8.397940008672037,8.682736,-0.2847963881175133
8.397940008672037,8.562518,-0.16457811113997423
8.397940008672037,8.21518,0.1827596116383461
8.397940008672037,8.539967,-0.14202657457991563
8.397940008672037,8.534477,-0.13653722521468126
8.397940008672037,8.533846,-0.13590589281722032
8.397940008672037,8.296761,0.10117944959000624
8.397940008672037,7.8772454,0.520694582494059
8.389978975335854,8.156201,0.23377761272599074
8.387216143280265,8.4074745,-0.02025837454200108
8.387216143280265,8.581653,-0.19443649801612217
8.387216143280265,7.496275,0.8909411951601474
8.378823718224965,8.45117,-0.07234624942640266
8.3767507096021,7.766406,0.6103446503369625
8.3767507096021,8.635705,-0.25895428459956094
8.3767507096021,7.9831686,0.3935821076123531
8.3767507096021,8.423088,-0.04633736412836953
8.366531544420413,8.418556,-0.052024668958493336
8.366531544420413,8.294073,0.07245843956201448
8.366531544420413,8.347143,0.019388371202639476
8.357536606504857,8.212438,0.1450989768051496
8.356547323513812,7.8217025,0.53484484319765
8.35359627377693,7.989857,0.36373907696906826
8.346787486224656,7.633131,0.7136564590029764
8.337242168318426,7.3886867,0.9485555113665214
8.337242168318426,7.976176,0.3610663832537284
8.337242168318426,7.6837597,0.653482478987371
8.327902142064282,7.0870643,1.240837875859448
8.327902142064282,7.772873,0.5550292172595945
8.327902142064282,7.6792583,0.6486437955066648
8.326520500663236,7.8526325,0.47388797808022787
8.320572103387882,8.463488,-0.14291552173418864
8.319211624604925,8.095176,0.2240358815018979
8.318758762624412,7.6090527,0.7097061045433577
8.318758762624412,8.37165,-0.05289097950205246
8.318758762624412,8.278378,0.04038122966542801
8.318758762624412,8.340808,-0.022049152109474335
8.317256007554551,8.181131,0.13612464463951213
8.309803919971486,7.5440435,0.7657603790168963
8.309803919971486,8.191373,0.11843104857256037
8.308918507877031,8.120959,0.18795922595564463
8.30715308072277,8.3150625,-0.007909442165413338
8.301029995663981,8.262192,0.038838223203043754
8.301029995663981,8.043366,0.25766356347403985
8.301029995663981,8.069145,0.2318847930272625
8.301029995663981,8.116084,0.18494589684806328
8.301029995663981,7.9484935,0.3525365149816082
8.301029995663981,8.282066,0.018963650449137504
8.301029995663981,8.39755,-0.09651963354744453
8.301029995663981,8.006674,0.2943561827977703
8.301029995663981,8.267061,0.03396876214347344
8.301029995663981,7.313956,0.9870742118199871
8.301029995663981,8.235762,0.06526835320792657
8.301029995663981,8.26647,0.034560040219645316
8.301029995663981,8.385596,-0.08456627966560859
8.301029995663981,8.539967,-0.23893658758797187
8.301029995663981,8.29425,0.00678046105704766
8.301029995663981,8.257595,0.04343493340812188
8.301029995663981,8.920561,-0.6195308411280109
8.301029995663981,8.194398,0.10663206933341485
8.301029995663981,8.283335,0.01769526360831719
8.301029995663981,7.749599,0.5514310157140301
8.301029995663981,7.876434,0.42459614632926446
8.301029995663981,8.27448,0.026550129636149222
8.301029995663981,8.439511,-0.13848130346931953
8.301029995663981,8.227893,0.07313711999259453
8.301029995663981,8.116192,0.18483813165030938
8.301029995663981,8.175307,0.12572272179923516
8.301029995663981,7.677429,0.6236007964452313
8.301029995663981,7.465359,0.8356707846959637
8.301029995663981,7.5554023,0.7456277167638348
8.301029995663981,8.533671,-0.23264138342537422
8.301029995663981,8.396391,-0.09536091925301093
8.301029995663981,8.518984,-0.21795384527840156
8.301029995663981,8.292716,0.00831396935782891
8.301029995663981,8.150855,0.1501749312718914
8.301029995663981,8.434061,-0.1330310547510578
8.301029995663981,8.26647,0.034560040219645316
8.301029995663981,8.6366625,-0.3356324875513508
8.301029995663981,7.8196707,0.48135931847892266
8.301029995663981,8.253329,0.047700718625407035
8.301029995663981,7.849912,0.45111782906852227
8.301029995663981,8.294582,0.0064476287206218785
8.300509466670935,8.410272,-0.10976217792135046
8.292429823902063,8.344976,-0.05254660126883515
8.292429823902063,7.6370153,0.655414481189661
8.292429823902063,8.368636,-0.0762063073845578
8.275724130399212,8.011189,0.2645346696448172
8.275724130399212,7.8748436,0.40088053298710236
8.267606240177031,8.354828,-0.08722164068234406
8.267606240177031,8.011965,0.25564144220339813
8.267606240177031,7.9123006,0.3553056534765915
8.259637310505756,8.540828,-0.2811904406539121
8.259637310505756,8.352074,-0.09243635892783786
8.259637310505756,8.9258,-0.6661630129805722
8.2518119729938,7.936369,0.31544303073305713
8.2518119729938,8.412017,-0.16020489559750928
8.2518119729938,7.470781,0.7810311235370122
8.2518119729938,8.555606,-0.3037939153728999
8.244125144327509,8.344976,-0.1008512808433899
8.244125144327509,8.344976,-0.1008512808433899
8.244125144327509,8.017306,0.22681881650768432
8.236572006437063,8.288402,-0.05182959726166736
8.230996061137837,7.8365746,0.39442150669447784
8.229147988357855,7.363115,0.8660331545260682
8.229147988357855,8.097523,0.1316252527621522
8.224753740259764,8.175404,0.04935014528906123
8.221848749616356,7.9477787,0.2740700478341296
8.221848749616356,8.246231,-0.024382329485206355
8.221848749616356,7.7602205,0.46162822196743036
8.221848749616356,8.362423,-0.14057419349887823
8.221848749616356,7.8843017,0.3375470871712878
8.221848749616356,7.849912,0.37193658302089716
8.221848749616356,8.211159,0.010689997174949895
8.221848749616356,8.06163,0.16021850059291864
8.214670164989233,7.9989724,0.2156977490651606
8.207608310501746,8.019379,0.18822964839237066
8.207608310501746,8.16255,0.045058337967565976
8.207608310501746,8.41052,-0.20291128941280512
8.200659450546418,8.275388,-0.07472831343063291
8.200659450546418,7.914085,0.2865745391999823
8.198970004336019,8.147739,0.05123059393562812
8.193820026016112,8.719481,-0.5256614421845711
8.193820026016112,8.1787195,0.015100505447264823
8.193820026016112,8.340411,-0.14659116020214924
8.190440285364732,8.144005,0.046435463587387815
8.187086643357144,8.210072,-0.022984920363558814
8.18045606445813,7.994393,0.18606319260144133
8.18045606445813,7.816153,0.36430301498913664
8.18045606445813,8.225583,-0.04512701201892
8.18045606445813,8.021293,0.15916337799572844
8.18045606445813,8.031876,0.14858045410656828
8.177178354696895,8.326642,-0.1494636817410928
8.173925197299173,8.271028,-0.0971023677032683
8.167491087293763,7.956741,0.2107502311231091
8.167491087293763,7.960407,0.20708430705084346
8.167491087293763,8.00024,0.167250761366029
8.166852888087215,7.7665405,0.4003123607434649
8.161781235513615,7.746823,0.41495840149872265
8.161150909262744,8.379877,-0.21872618119135723
8.161150909262744,8.229563,-0.06841185013666973
8.155212392120031,7.959086,0.19612645080533397
8.154901959985743,8.436972,-0.28206970444296786
8.154901959985743,8.236268,-0.08136608353232333
8.154901959985743,7.645559,0.5093431259098153
8.154901959985743,7.668213,0.4866890693607431
8.154901959985743,8.725915,-0.5710129951534171
8.154901959985743,6.726928,1.4279737258854013
8.154901959985743,8.154609,0.0002932334842782325
8.154901959985743,7.9761753,0.178726651758204
8.154901959985743,8.49622,-0.34131767502402255
8.154901959985743,7.689625,0.46527717360878995
8.149384869476037,7.844224,0.30516089334078345
8.148741651280925,8.344252,-0.19550998140950426
8.148741651280925,7.8100996,0.33864204953531996
8.148741651280925,8.200537,-0.05179507662434801
8.142667503568731,7.5229254,0.6197421266766412
8.142667503568731,7.6730447,0.46962282201965877
8.142667503568731,8.286283,-0.14361503579894475
8.136677139879545,8.4214,-0.2847229303108847
8.136677139879545,8.255621,-0.11894381654135344
8.130768280269024,8.057201,0.07356689477097689
8.130768280269024,7.186974,0.9437942316545218
8.130768280269024,7.8131847,0.3175835421098441
8.1249387366083,7.92695,0.19798875873354405
8.119186407719209,7.930728,0.1884584490400094
8.113509274827518,8.336881,-0.22337140907140807
8.10790539730952,7.8888936,0.21901179303095475
8.10790539730952,8.021293,0.08661271084711686
8.102372908709558,7.781614,0.3207590819578492
8.102372908709558,8.028928,0.0734451056700074
8.102372908709558,7.873738,0.22863509666732185
8.102372908709558,8.349085,-0.2467119454164184
8.096910013008056,8.252973,-0.15606258983618204
8.096910013008056,7.489571,0.6073389184951168
8.096910013008056,7.2534223,0.8434877527236324
8.096910013008056,7.9915714,0.10533858661645468
8.096367822361946,7.274742,0.8216256958971027
8.09151498112135,8.058893,0.03262177738599803
8.09151498112135,8.349687,-0.2581716414982793
8.086186147616283,7.799305,0.28688118545808017
8.080921907623926,8.006368,0.07455422421328173
8.080921907623926,8.411398,-0.3304760263360347
8.080921907623926,7.9130864,0.16783549328676806
8.080921907623926,7.7177544,0.3631675436102544
8.080921907623926,8.222231,-0.14130900363095655
8.065501548756432,8.081281,-0.01577915955655662
8.060480747381382,7.9038863,0.15659442917459465
8.060480747381382,7.9576535,0.10282722488992668
8.05551732784983,7.7095966,0.34592069393869807
8.05551732784983,7.385271,0.6702462554621356
8.050609993355087,8.093037,-0.04242665825624137
8.047207556955907,7.703317,0.34389039158115153
8.045757490560675,8.079639,-0.03388194425377833
8.045757490560675,8.041269,0.004488188192510734
8.045757490560675,7.3381414,0.70761604921546
8.045757490560675,8.176779,-0.13102130277428614
8.045757490560675,7.52912,0.5166375221463682
8.045757490560675,7.733066,0.3126914085599424
8.045757490560675,7.751377,0.29438038484778417
8.045757490560675,8.08415,-0.03839282377037989
8.040958607678906,7.7301607,0.31079789448310535
8.040958607678906,7.751731,0.2892276887946288
8.040958607678906,7.886632,0.1543266420416991
8.040958607678906,8.231016,-0.19005755137871105
8.036212172654444,7.718336,0.31787606730776474
8.036212172654444,7.542674,0.49353810801821396
8.036212172654444,7.8924866,0.14372560038881943
8.032453032382065,8.200613,-0.16815998946852062
8.031517051446064,8.09527,-0.06375310541428725
8.031517051446064,8.352919,-0.3214015734318654
8.031517051446064,8.166438,-0.13492105127610365
8.0268721464003,7.449351,0.5775213125074785
8.0268721464003,7.363568,0.6633043172682207
8.0268721464003,8.158379,-0.13150645467391797
8.0268721464003,8.037846,-0.010973465171964847
8.023422293100944,8.271757,-0.24833483275354773
8.022276394711152,8.726567,-0.7042908736604296
8.014573525916997,8.639238,-0.6246648316269479
8.013228265733755,7.496275,0.5169533176136376
8.011138197355576,8.360122,-0.3489835296341699
8.005243055412372,8.1646805,-0.15943742554465956
8.00436480540245,8.160541,-0.15617577534706228
8.00436480540245,8.144505,-0.1401397417166912
8.003050751504619,8.544887,-0.5418358375456744
8.0,8.063191,-0.06319141387939453
8.0,7.996877,0.0031228065490722656
8.0,8.029428,-0.029427528381347656
8.0,8.029428,-0.029427528381347656
8.0,8.104081,-0.1040811538696289
8.0,8.119317,-0.11931705474853516
8.0,7.3006196,0.6993803977966309
8.0,7.711577,0.2884230613708496
8.0,7.6595354,0.34046459197998047
8.0,8.496148,-0.49614810943603516
8.0,8.029428,-0.029427528381347656
8.0,8.029428,-0.029427528381347656
8.0,8.036781,-0.03678131103515625
8.0,7.9966254,0.0033745765686035156
8.0,7.6582146,0.3417854309082031
8.0,8.150844,-0.15084362030029297
8.0,7.934091,0.06590890884399414
8.0,8.075332,-0.0753316879272461
8.0,7.863532,0.13646793365478516
8.0,7.7757063,0.22429370880126953
8.0,7.886104,0.11389589309692383
8.0,6.969007,1.0309929847717285
8.0,6.985359,1.0146408081054688
8.0,7.920808,0.0791921615600586
8.0,7.743305,0.2566947937011719
8.0,7.6870413,0.3129587173461914
8.0,7.7143965,0.28560352325439453
8.0,7.6612787,0.33872127532958984
8.0,8.097935,-0.09793472290039062
8.0,7.5551047,0.44489526748657227
8.0,7.5411057,0.4588942527770996
8.0,8.08347,-0.08347034454345703
8.0,8.050454,-0.050454139709472656
8.0,7.504021,0.49597883224487305
8.0,7.9772773,0.022722721099853516
8.0,8.035817,-0.03581714630126953
8.0,7.440488,0.5595121383666992
8.0,7.851009,0.14899110794067383
8.0,7.917079,0.08292102813720703
8.0,7.584599,0.41540098190307617
8.0,8.080606,-0.08060646057128906
8.0,8.088035,-0.08803462982177734
8.0,7.877144,0.12285614013671875
8.0,7.804672,0.1953282356262207
8.0,7.966398,0.033602237701416016
8.0,8.048098,-0.04809761047363281
8.0,8.074159,-0.0741586685180664
8.0,7.286573,0.7134270668029785
8.0,7.8211107,0.17888927459716797
8.0,7.884841,0.1151590347290039
8.0,7.9487023,0.051297664642333984
8.0,7.8839846,0.11601543426513672
8.0,7.9745703,0.025429725646972656
8.0,7.5868964,0.4131035804748535
8.0,7.947018,0.05298185348510742
8.0,7.945838,0.054162025451660156
8.0,8.084328,-0.08432769775390625
8.0,7.811319,0.18868112564086914
8.0,8.053835,-0.05383491516113281
8.0,7.6389766,0.3610234260559082
8.0,8.00293,-0.0029296875
8.0,8.098835,-0.09883499145507812
8.0,7.885134,0.11486577987670898
8.0,8.033908,-0.03390789031982422
8.0,7.963351,0.036649227142333984
8.0,7.5957947,0.404205322265625
8.0,8.1052685,-0.10526847839355469
8.0,7.9135385,0.08646154403686523
8.0,7.99135,0.008649826049804688
8.0,7.106937,0.8930630683898926
8.0,7.8469105,0.1530895233154297
8.0,7.929337,0.0706629753112793
8.0,7.164392,0.8356080055236816
8.0,7.5605044,0.4394955635070801
8.0,7.7091513,0.2908487319946289
8.0,7.7801185,0.21988153457641602
8.0,8.015376,-0.015376091003417969
8.0,7.5688534,0.43114662170410156
8.0,8.065196,-0.06519603729248047
8.0,7.9797883,0.02021169662475586
7.992110621805479,8.082968,-0.09085713637323156
7.97469413473523,8.220305,-0.245611308074829
7.9672661637671744,7.9803762,-0.013110079824134147
7.959398380346712,8.242616,-0.28321731942135475
7.958607314841775,8.377409,-0.41880166648146755
7.958607314841775,7.8196707,0.13893663765671604
7.958607314841775,8.655025,-0.6964172136616433
7.958607314841775,7.417204,0.5414034116435325
7.958607314841775,7.9725785,-0.013971210701438252
7.958607314841775,7.5635524,0.39505493523362034
7.958607314841775,7.5459394,0.41266786934616917
7.958607314841775,8.696963,-0.7383559953999246
7.958607314841775,7.42848,0.530127166526345
7.950851231752651,7.7776513,0.17319992178560994
7.950781977329818,7.963618,-0.012835824336441704
7.943095148663527,7.5719357,0.37115949497700385
7.939302159646388,7.572703,0.3665992749723159
7.935542010773082,7.752929,0.18261280011024006
7.924453038607469,7.8993826,0.025070447359910375
7.921180816901151,7.4626937,0.4584871256474887
7.920818753952375,7.9782057,-0.05738692689479308
7.920818753952375,8.181131,-0.26031260896266417
7.920818753952375,8.291636,-0.3708177130276056
7.920818753952375,7.798322,0.1224965531772284
7.920818753952375,8.078601,-0.15778212953151183
7.920818753952375,7.099857,0.8209619004672675
7.920818753952375,7.917977,0.002841897720685438
7.920818753952375,7.9678707,-0.047051958327898546
7.920818753952375,8.28849,-0.36767154145778136
7.920818753952375,7.0122833,0.9085354287570624
7.920818753952375,7.800457,0.12036175321995302
7.920818753952375,7.931533,-0.010714105849871203
7.920818753952375,7.6709795,0.24983925413548036
7.920818753952375,7.2106814,0.71013731550633
7.920818753952375,7.8348045,0.08601421904026552
7.920818753952375,7.5148063,0.40601248335300966
7.913640169325252,7.6616316,0.25200858515777114
7.910094888560602,7.8546495,0.05544534479839491
7.908507516498209,7.496275,0.41223256837809163
7.906578314837764,7.930728,-0.02414964384143481
7.892790030352131,8.020945,-0.12815456498478284
7.886056647693163,7.772873,0.11318372288847556
7.886056647693163,7.7602205,0.12583612004423728
7.886056647693163,7.3369603,0.5490963319888174
7.886056647693163,7.820084,0.06597255269194235
7.886056647693163,7.7808533,0.10520337620878806
7.886056647693163,7.992586,-0.10652948817109475
7.886056647693163,8.021293,-0.1352360387692393
7.886056647693163,7.970057,-0.08400036295747171
7.886056647693163,7.580499,0.3055574754824697
7.886056647693163,7.882409,0.0036475519290029013
7.886056647693163,8.381319,-0.49526239832734475
7.886056647693163,7.9224706,-0.036413921917432646
7.886056647693163,8.282802,-0.3967449804196299
7.876148359032914,7.5109496,0.36519874736909586
7.863279432843593,7.8091507,0.05412873704281207
7.856985199745905,7.930728,-0.07374275893329418
7.853871964321762,8.101645,-0.24777350534376552
7.853871964321762,7.2560654,0.5978065956694181
7.853871964321762,6.44537,1.4085017670256192
7.853871964321762,7.509163,0.3447090614897306
7.853871964321762,7.7669783,0.08689370046678135
7.853871964321762,7.836048,0.017823838101058698
7.853871964321762,7.427113,0.4267589081389005
7.850791809969353,7.8133373,0.03745448391954831
7.846701716601362,7.746026,0.10067567747782658
7.845576026885353,7.838561,0.0070149688409193445
7.84163750790475,7.727486,0.11415137432931033
7.837734385701978,7.4175344,0.42020003435310116
7.832682665251823,7.5592737,0.273408945464225
7.829738284605042,8.036889,-0.20715079162786854
7.828887385319604,7.9090247,-0.08013733010398028
7.826813731587726,7.837771,-0.01095720728556504
7.823908740944319,8.557729,-0.7338200264507009
7.823908740944319,7.109293,0.7146157569355296
7.823908740944319,7.8287477,-0.00483900838429463
7.823908740944319,7.854705,-0.030796115928239942
7.823908740944319,7.7305136,0.09339516825144756
7.823908740944319,7.7157745,0.10813420481150615
7.823908740944319,7.81564,0.008268768257551073
7.823908740944319,6.6967797,1.1271290130085276
7.823908740944319,7.6266594,0.19724934763377178
7.8230410194130915,7.7488756,0.07416540143213446
7.818194010053928,7.4086466,0.40954742649679865
7.817068892298723,7.8966646,-0.07959572714707797
7.804100347590766,7.9798613,-0.17576091186968323
7.8013777094948065,7.722924,0.07845347701189631
7.797241446511812,7.5757823,0.221459147470064
7.795880017344075,7.3748918,0.4209882593789871
7.795880017344075,6.8200984,0.9757816172281082
7.795880017344075,7.49231,0.3035699701944168
7.795880017344075,6.889882,0.9059979296365555
7.795880017344075,7.288582,0.5072981691995437
7.795880017344075,8.176739,-0.3808587216695969
7.795880017344075,7.5211186,0.2747613764444168
7.795880017344075,6.7649593,1.0309206820169265
7.795880017344075,7.962036,-0.16615611546842501
7.79317412396815,7.9810557,-0.18788161257359803
7.774690718274137,7.583137,0.19155368290426367
7.771217998016301,7.3848453,0.38637274121088083
7.769806696356897,8.013974,-0.2441674934014042
7.769551078621726,7.5192966,0.25025443250356183
7.769551078621726,7.803164,-0.03361292665781512
7.769551078621726,7.2814326,0.4881184499901341
7.769551078621726,8.225358,-0.455806930716653
7.769551078621726,7.7738123,-0.004261215384621764
7.769551078621726,7.5905166,0.17903451139150128
7.769551078621726,7.5268745,0.24267653638539777
7.769551078621726,8.442968,-0.6734172899085475
7.763877823663264,7.5706763,0.19320149691155475
7.760700520873107,6.9726515,0.7880490392446893
7.756961951313706,7.7579174,-0.0009554528610991042
7.7523666278060945,7.501739,0.25062760269012774
7.752026733638194,8.321837,-0.56981069159374
7.7495799976911055,7.952559,-0.2029789966021074
7.7495799976911055,7.7023697,0.047210307749699254
7.744968836654449,7.2599635,0.4850053242337946
7.744727494896693,7.4037495,0.34097802895430984
7.744727494896693,7.5655007,0.1792267586601204
7.744727494896693,7.8081903,-0.0634628508674675
7.744727494896693,7.734718,0.010009648979944608
7.744727494896693,7.625271,0.11945665139083328
7.744727494896693,7.066155,0.6785725380790657
7.744727494896693,7.5248256,0.21990192192916336
7.744727494896693,7.2957163,0.44901120919112625
7.738023808602187,7.498124,0.23989968598255818
7.735182176990463,7.4861646,0.24901760713572685
7.728390698621168,7.662235,0.0661559154485607
7.7281583934635005,7.817553,-0.08939464990197798
7.72584215073632,8.034859,-0.30901655287696084
7.721246399047171,7.342561,0.37868563091972973
7.721246399047171,7.3384204,0.38282600796440747
7.721246399047171,8.193853,-0.4726069792487273
7.721246399047171,6.2234187,1.4978276864312043
7.721246399047171,7.717233,0.004013218047415279
7.721246399047171,7.5998816,0.12136475002983715
7.721246399047171,7.9377346,-0.2164882048346648
7.721246399047171,7.9255557,-0.20430930697699878
7.721246399047171,8.400745,-0.679498992798532
7.721246399047171,7.857627,-0.1363805159308562
7.721246399047171,7.0715,0.6497465745232454
7.718966632752272,7.924548,-0.2055815163566148
7.712198270069773,7.930728,-0.21852968860942656
7.707743928643524,7.929698,-0.22195406177395682
7.701146923590294,7.535018,0.16612895636617253
7.698970004336019,7.756346,-0.057376221402506644
7.698970004336019,7.172256,0.5267140114466144
7.698970004336019,6.748396,0.9505740845362141
7.698970004336019,7.326433,0.37253682257332343
7.698970004336019,7.8472714,-0.14830143807731133
7.698970004336019,7.3516383,0.34733168722786445
7.698970004336019,6.7658963,0.9330736839930012
7.698970004336019,6.9501133,0.7488567078272297
7.698970004336019,7.200005,0.4989649498621418
7.698970004336019,6.730273,0.9686972344080402
7.698970004336019,7.0368385,0.6621314728418781
7.698970004336019,7.5060387,0.19293133856453437
7.698970004336019,7.8869476,-0.18797762749991875
7.698970004336019,7.633123,0.06584708334602851
7.698970004336019,7.5327144,0.16625563742317695
7.698970004336019,8.002458,-0.30348761437736016
7.698970004336019,7.8015594,-0.10258944390616875
7.698970004336019,7.292625,0.4063450539270832
7.698970004336019,7.224358,0.4746119225183918
7.698970004336019,6.7823825,0.9165875160852863
7.698970004336019,7.6576204,0.041349574343342965
7.696803942579511,6.610568,1.0862358960096872
7.694648630553377,7.819202,-0.12455331570516837
7.692503962086787,7.6284876,0.06401637511168978
7.692503962086787,7.650121,0.042382750081172205
7.684029654543082,8.441054,-0.7570246896341644
7.680061560019691,7.6190443,0.061017256125648345
7.67778070526608,7.322489,0.3552919204760405
7.67778070526608,7.780538,-0.10275737685672315
7.67778070526608,7.5726867,0.10509403305538623
7.67778070526608,7.5702724,0.10750825958736865
7.67778070526608,7.41852,0.2592607315111968
7.67778070526608,7.890802,-0.21302120131961377
7.67778070526608,7.168302,0.5094786460924956
7.67778070526608,7.4693747,0.2084060485888335
7.67778070526608,7.8174653,-0.13968460006228955
7.67778070526608,7.2106886,0.4670921142626616
7.673664139071248,7.581801,0.09186320141866045
7.673664139071248,7.5186615,0.15500264004781084
7.671620396561262,7.757434,-0.08581349473512478
7.661344334421299,7.675033,-0.013688758077480045
7.658963580782055,7.7401915,-0.08122787887370642
7.657577319177793,7.0073824,0.6501949262944926
7.657577319177793,7.4971247,0.16045264724175823
7.657577319177793,8.004221,-0.3466436433466207
7.657577319177793,7.599487,0.05809049132745159
7.657577319177793,6.9422293,0.7153480482427348
7.657577319177793,7.373469,0.2841084432927836
7.657577319177793,7.9786053,-0.3210279512079488
7.657577319177793,7.8056803,-0.14810295578558552
7.657577319177793,7.764997,-0.1074196862848531
7.657577319177793,7.7527914,-0.09521408554632771
7.657577319177793,8.114845,-0.45726795670111287
7.657577319177793,7.45386,0.20371751311700237
7.647817481888637,7.535178,0.11263929737935996
7.645891560852599,8.160299,-0.5144077402948621
7.645891560852599,7.9691887,-0.3232971293329481
7.645891560852599,6.5011344,1.1447571652532336
7.638272163982407,7.6627684,-0.02449619997022978
7.638272163982407,7.473564,0.1647080160331882
7.638272163982407,7.557365,0.08090722333909639
7.638272163982407,6.269075,1.3691972471428073
7.638272163982407,7.713425,-0.07515299547193877
7.638272163982407,7.1804276,0.4578446127128757
7.638272163982407,7.569558,0.06871402036668428
7.638272163982407,7.7292457,-0.09097349870680205
7.638272163982407,6.7989573,0.8393148161125339
7.638272163982407,7.041021,0.5972512937736667
7.638272163982407,7.3833504,0.2549217916679538
7.634064658465652,7.713808,-0.07974340122673063
7.625251653989896,7.496275,0.12897670586977839
7.619969752032169,7.160149,0.45982065458954224
7.619788758288394,6.318063,1.301725976000796
7.619788758288394,7.331432,0.28835689259625497
7.619788758288394,6.83001,0.7897788210020167
7.619788758288394,7.8193183,-0.19952953623675285
7.619788758288394,7.2860317,0.3337570352659327
7.619788758288394,7.591939,0.027849785815249106
7.619788758288394,7.4944324,0.12535630894757332
7.619788758288394,7.1576724,0.4621163530454737
7.619788758288394,6.4800215,1.1397672815427882
7.619788758288394,7.581772,0.03801690770245614
7.619788758288394,6.780699,0.8390899820432764
7.6182860032185316,7.5309014,0.08738457118117804
7.61261017366127,7.7477055,-0.1350952859334562
7.609064892896621,7.2302656,0.3787992755260152
7.605121533857356,7.936171,-0.33104952098273177
7.602059991327962,7.1740727,0.4279872488658034
7.602059991327962,7.3619785,0.24008146044417256
7.602059991327962,7.838674,-0.23661407712296612
7.602059991327962,7.781614,-0.17955383542374737
7.595166283380061,7.6486387,-0.053472441900701106
7.586703473032976,7.633148,-0.04644472032639868
7.585026652029182,7.541131,0.04389563243689665
7.585026652029182,7.1928277,0.3921989504605783
7.585026652029182,7.5703697,0.014656931570197429
7.585026652029182,7.249773,0.3352536265164865
7.585026652029182,7.8169255,-0.2318988736361014
7.585026652029182,7.4589257,0.1261009279996408
7.585026652029182,7.3418937,0.24313297908606657
7.584442810430426,7.476386,0.10805674017896116
7.572040629617149,7.4703236,0.10171706699507865
7.568958054664114,7.4879923,0.08096576798198551
7.568636235841012,7.925089,-0.35645264660527687
7.568636235841012,7.6853385,-0.11670226132085304
7.567993787913952,7.6144786,-0.04648480019029577
7.562249437179612,7.784177,-0.22192738929743872
7.560667306169737,7.786161,-0.22549363972259684
7.560667306169737,7.566979,-0.006311625257264808
7.560667306169737,7.7272353,-0.16656801106048746
7.560667306169737,7.9527874,-0.39212009312225504
7.560667306169737,7.77767,-0.2170026004464738
7.560667306169737,8.068997,-0.5083300769479386
7.552841968657781,6.736631,0.8162110520623216
7.552841968657781,7.0140014,0.5388405991814622
7.552841968657781,8.362169,-0.8093272970892897
7.552841968657781,6.9204073,0.6324346734307298
7.552841968657781,7.228781,0.32406074536066143
7.552841968657781,6.9877086,0.5651334000847825
7.552841968657781,7.0240555,0.5287864877007493
7.552841968657781,7.644388,-0.0915462301947585
7.552841968657781,6.3551693,1.1976726723931321
7.552841968657781,7.621236,-0.06839387881536396
7.551219441251208,7.7893467,-0.23812725369508136
7.549750891680639,7.732002,-0.18225088978298398
7.537602002101044,7.333088,0.20451408095846624
7.537602002101044,6.9290247,0.6085773057509467
7.537602002101044,6.575468,0.9621339387465522
7.537602002101044,7.7727385,-0.23513645462502986
7.537602002101044,7.4226527,0.11494928069601507
7.537602002101044,7.3121634,0.22543864913473577
7.536109575326312,7.752215,-0.21610533327354187
7.536107011014092,7.5020003,0.034106679135430085
7.536107011014092,7.4350705,0.10103649633513712
7.525783735923745,7.894086,-0.36830214817049356
7.523023534240472,7.2353134,0.2877101187131279
7.522878745280337,7.7037864,-0.18090762785809034
7.522878745280337,6.933141,0.5897375137434722
7.522878745280337,7.388335,0.1345435173140288
7.522878745280337,8.1007805,-0.5779017417802095
7.522878745280337,7.357105,0.16577396699054248
7.522878745280337,7.5117087,0.011170008860659664
7.522878745280337,7.2187304,0.3041482956038237
7.522878745280337,7.382239,0.14063988038165576
7.522878745280337,6.5929427,0.9299360305891753
7.522878745280337,7.566638,-0.04375924757854932
7.522878745280337,7.788933,-0.26605405501263135
7.522878745280337,6.5265455,0.9963332206831694
7.522878745280337,7.6826134,-0.15973462752239698
7.522878745280337,7.6175485,-0.09466972044842237
7.522444884514724,7.4239593,0.09848562929621796
7.51999305704285,6.9261847,0.5938084028070101
7.508638306165727,7.838124,-0.3294854922046344
7.508638306165727,6.9959636,0.5126747327099164
7.508638306165727,7.5760164,-0.06737811992069886
7.494850021680094,7.019042,0.47580800660441014
7.494850021680094,8.012819,-0.5179692684810391
7.494850021680094,7.1220856,0.37276445039103123
7.494850021680094,7.766203,-0.27135290495564846
7.493494967595128,7.6924686,-0.1989736755933489
7.490797477668897,7.3494124,0.14138503641523492
7.490797477668897,7.6118207,-0.1210232201155268
7.486141768895504,7.6118207,-0.12567892888892018
7.481486060122112,6.8965693,0.5849168081079519
7.481486060122112,7.065536,0.41595003793583274
7.481486060122112,7.2209044,0.2605817098413503
7.481486060122112,7.557977,-0.07649113943233132
7.477886961443659,7.135103,0.3427837357356509
7.47755576649368,6.6317024,0.8458533433979767
7.468521082957745,7.3654084,0.1031126623950005
7.468521082957745,6.4800215,0.9884996062121392
7.468521082957745,7.358909,0.10961195286130909
7.468521082957745,7.4442825,0.02423855121946339
7.468521082957745,7.633874,-0.16535285655641552
7.457363632483233,7.379329,0.07803442792390669
7.455931955649724,7.0112395,0.44469242699371847
7.455931955649724,7.3034477,0.15248423226105245
7.455931955649724,7.750392,-0.29446000449431864
7.455931955649724,8.442959,-0.987026876137385
7.455931955649724,7.2608147,0.19511728890167745
7.448550002027125,7.706934,-0.2583839731926014
7.447331783887806,7.508521,-0.06118929612928348
7.446116973356125,7.3944902,0.0516267313517309
7.443697499232712,7.1481547,0.29554276366752674
7.443697499232712,7.2991896,0.14450793166679432
7.443697499232712,7.0290284,0.41466908355278065
7.443697499232712,6.721666,0.7220316400103002
7.432033093176845,7.181032,0.25100091239071176
7.431798275933005,7.343917,0.08788138292763392
7.431798275933005,7.396916,0.03488236330483119
7.429457060118103,7.2097588,0.21969830157318082
7.429457060118103,7.2210736,0.20838343264617887
7.42021640338319,7.185989,0.2342275003375356
7.42021640338319,7.1015916,0.3186248163165395
7.42021640338319,7.2469435,0.17327292956727192
7.42021640338319,7.392318,0.02789863147156879
7.42021640338319,7.4961376,-0.0759212156353648
7.415309752344025,7.2409277,0.17438205611599766
7.411168274405792,7.0720525,0.3391157956155091
7.4089353929735005,7.3954473,0.013488138792592252
7.4089353929735005,6.745074,0.6638615976548969
7.4089353929735005,7.5298934,-0.12095800531141165
7.4089353929735005,7.1461706,0.2627647768235981
7.4089353929735005,7.0325685,0.3763669382310688
7.405607449624574,7.060557,0.3450505610442516
7.404503778174426,7.590863,-0.186359449669812
7.401209493236885,7.5806255,-0.17941604082073237
7.398048595866478,7.2692156,0.12883301206520859
7.397940008672037,6.7583146,0.6396253991444487
7.397940008672037,6.7503567,0.6475833344777007
7.397940008672037,7.5256696,-0.12772956606551222
7.397940008672037,6.9018946,0.49604543927506395
7.397940008672037,7.07422,0.323719828160562
7.397940008672037,6.5178294,0.8801105904896636
7.397940008672037,7.2692156,0.12872442487076707
7.397940008672037,6.6972446,0.7006953645069975
7.397940008672037,6.53321,0.8647302079518218
7.397940008672037,6.834532,0.5634082246144194
7.397940008672037,7.217764,0.18017610791520067
7.397940008672037,7.1765394,0.22140058759049364
7.397940008672037,7.277267,0.12067302945450731
7.393618634889395,7.124912,0.2687068497636629
7.392544976785332,7.3591857,0.033359281137138375
7.392544976785332,7.330555,0.06199001462712861
7.387216143280264,7.5018563,-0.11464018377662111
7.387216143280264,7.156714,0.23050218072533202
7.387216143280264,7.056207,0.3310089632570703
7.387216143280264,8.027789,-0.6405729726254981
7.387110243623958,7.084642,0.3024683101827961
7.379351306445003,8.167464,-0.7881129498416177
7.376957565753618,6.5854135,0.7915441097904834
7.376957565753618,7.155834,0.2211233677555713
7.376750709602099,8.032753,-0.656002281120557
7.376750709602099,7.334732,0.04201865393803672
7.376750709602099,7.2875648,0.08918595511601524
7.376750709602099,7.116101,0.26064992148564414
7.376750709602099,7.6375294,-0.2607786635668461
7.370590400897282,7.8715878,-0.5009973523986169
7.366531544420414,7.483409,-0.11687738349706667
7.366531544420414,6.8060703,0.5604612166616247
7.366531544420414,7.165307,0.20122449943750365
7.366531544420414,6.7803836,0.5861479575368689
7.365522729839268,8.36927,-1.0037475948677637
7.365172324610844,7.3527284,0.012443957759037616
7.358679881789029,7.563468,-0.20478809764212347
7.356547323513812,7.084575,0.27197214727479846
7.356547323513812,7.5256977,-0.16915038461607068
7.356547323513812,6.8375993,0.5189480460174742
7.349692476868063,7.4233403,-0.07364784371909483
7.349692476868063,7.225616,0.12407649862709658
7.346787486224656,7.1745653,0.17222217097807402
7.346787486224656,7.3737803,-0.026992764324660357
7.346787486224656,6.9877086,0.359078917651658
7.346787486224656,7.512509,-0.16572138294648653
7.346787486224656,7.478459,-0.13167139515351778
7.346787486224656,6.937581,0.4092064239077615
7.346787486224656,7.2168775,0.12991002574491972
7.346787486224656,7.4053717,-0.058584179729933794
7.346787486224656,7.5365644,-0.18977686390351778
7.3448615651886175,7.327493,0.017368374423236688
7.3448615651886175,7.301565,0.04329639490053161
7.338187314462739,7.183072,0.1551152243138132
7.337242168318426,6.89176,0.44548229588190225
7.33630009638115,7.1514134,0.18488665567680407
7.329754146925876,7.428308,-0.09855386317544212
7.327994554977048,6.677617,0.6503774819179657
7.327902142064282,8.282385,-0.9544827303722414
7.327902142064282,7.3356953,-0.007793124659350781
7.327902142064282,7.325235,0.0026672520801511723
7.327902142064282,7.122734,0.20516807224006328
7.327902142064282,6.9851146,0.342787567631909
7.327902142064282,7.40086,-0.07295769069938984
7.326058001365912,7.5218716,-0.19581356540654937
7.318758762624412,7.1871367,0.13162211253896317
7.318758762624412,6.9142423,0.4045164950157698
7.318758762624412,6.252293,1.0664656527306136
7.318758762624412,7.011638,0.3071205981041487
7.318758762624412,7.3872123,-0.06845351383432785
7.318758762624412,7.1188684,0.19989041164174637
7.318758762624412,7.509531,-0.19077225849375168
7.318615552998157,7.259876,0.05873977861461199
7.309803919971486,6.9663806,0.3434233238105975
7.309803919971486,6.671344,0.6384601165657244
7.309803919971486,7.885285,-0.575480980693797
7.309803919971486,6.462172,0.8476318885688983
7.301073429455696,7.337213,-0.036139609942497763
7.301029995663981,6.9762764,0.32475359795890313
7.301029995663981,6.8340893,0.46694071648917657
7.301029995663981,6.9847083,0.31632168649039727
7.301029995663981,7.297815,0.003215149625162894
7.301029995663981,6.835219,0.46581108926139336
7.301029995663981,7.797121,-0.49609105230965156
7.300162274132754,7.6686296,-0.36846737216851544
7.2971561066636115,7.343528,-0.04637168722066587
7.294139653531132,7.495319,-0.20117923608678812
7.292429823902063,6.9018316,0.39059819700997345
7.292429823902063,7.126866,0.16556396010201446
7.292429823902063,7.1815453,0.11088456633370392
7.292429823902063,7.7250333,-0.4326034593315793
7.292429823902063,7.073361,0.2190689039496707
7.292429823902063,6.494392,0.7980379057196902
7.2839966563652,7.2425365,0.041460111565394975
7.2839966563652,5.854697,1.4292994288871723
7.2839966563652,6.8083663,0.47563035768966255
7.275724130399211,6.9519577,0.3237664277624921
7.275724130399211,6.332046,0.9436780984473065
7.275724130399211,7.385271,-0.10954694198848447
7.275724130399211,7.270096,0.005628305203898343
7.275724130399211,7.1074424,0.1682817514014081
7.27441392124373,7.1745777,0.0998362082310349
7.268008550981071,6.735242,0.5327666610274573
7.267606240177031,7.142262,0.1253442582129196
7.267606240177031,6.6056385,0.6619677361487106
7.267606240177031,6.8148775,0.45272873010623016
7.267606240177031,7.354471,-0.08686496648800812
7.266000713461613,7.842017,-0.5760164603054765
7.259637310505756,7.38411,-0.12447266340171481
7.259637310505756,7.0385146,0.22112269640053128
7.259637310505756,7.9361506,-0.6765132403365293
7.259637310505756,7.084487,0.1751503491410098
7.259637310505756,7.498701,-0.2390637850752988
7.259637310505756,7.2144675,0.04516978502357816
7.259637310505756,7.272461,-0.012823626994244108
7.259637310505756,7.7448564,-0.485219047068707
7.259637310505756,7.533963,-0.2743258929244199
7.259637310505756,7.4038553,-0.14421801328574801
7.259637310505756,7.6166954,-0.3570580935469785
7.259637310505756,7.8229175,-0.5632801508895078
7.259637310505756,7.452574,-0.1929364657393613
7.259637310505756,7.0830884,0.17654891252601956
7.259637310505756,7.132221,0.12741608858192777
7.259637310505756,7.260259,-0.0006218409529843427
7.259637310505756,7.6613464,-0.4017091250411191
7.259637310505756,7.0620465,0.19759078264320706
7.259637310505756,7.519553,-0.25991587400352145
7.259637310505756,7.357997,-0.09835963010703708
7.259637310505756,7.0000315,0.2596058392533145
7.259637310505756,7.4253983,-0.165761039256207
7.259637310505756,7.1259856,0.13365168809975003
7.259637310505756,7.657728,-0.3980908846846738
7.259637310505756,7.423799,-0.16416172742759372
7.259637310505756,7.291017,-0.03137974500571872
7.251811972993799,7.699795,-0.44798279629331006
7.251811972993799,7.1698017,0.0820102609576665
7.251811972993799,7.318398,-0.06658602581601514
7.251811972993799,7.275461,-0.023649223905614747
7.251811972993799,7.040794,0.21101807727236377
7.251811972993799,7.1360664,0.11574553622622119
7.251037828712369,7.022172,0.22886585453024022
7.248720896016658,7.166544,0.08217693544536875
7.245271042717301,6.8306346,0.41463644875367756
7.244125144327507,7.223419,0.02070595487438176
7.244125144327507,6.6628313,0.5812938378699872
7.244125144327507,6.8647246,0.3794005082496259
7.239577516576788,7.657125,-0.41754747960851457
7.2373214362725635,7.6758857,-0.43856424106508296
7.236572006437063,6.7684846,0.46808741399931897
7.236572006437063,7.084162,0.15240977117705334
7.236572006437063,7.175409,0.06116316625761975
7.235077015350111,7.0720525,0.16302453655982774
7.229147988357855,7.1998997,0.029248314895941263
7.229147988357855,7.4089675,-0.17981950660674428
7.229147988357855,7.0053186,0.22382934669525767
7.229147988357855,7.187022,0.04212577919037486
7.229147988357855,7.162817,0.06633098701508189
7.224025668870631,7.3123174,-0.08829170249777718
7.221848749616356,7.0828953,0.13895347068569208
7.221848749616356,6.287765,0.9340837235238268
7.221848749616356,7.2227845,-0.0009357695792004961
7.221848749616356,7.0622897,0.15955903480312372
7.221848749616356,7.156962,0.06488683173915888
7.221848749616356,6.382673,0.8391759629037097
7.221848749616356,6.262842,0.9590065712716296
7.221848749616356,6.8125405,0.4093082184579089
7.221848749616356,7.112363,0.10948588798305536
7.221848749616356,7.151061,0.07078769157192255
7.221631710876696,7.495695,-0.27406340325904655
7.2168113089247425,7.132474,0.08433736330706676
7.215955486182618,7.5354085,-0.3194530106740716
7.215026290045599,7.115136,0.09989014350018888
7.214670164989233,7.1601267,0.05454347889304145
7.214670164989233,7.115136,0.0995340184438227
7.214670164989233,7.173214,0.041456206248998484
7.214670164989233,6.5970845,0.6175856427419184
7.207608310501746,7.074292,0.13331612757938238
7.207608310501746,7.0653315,0.1422768514563355
7.207608310501746,7.641274,-0.4336656648705688
7.207608310501746,7.4575458,-0.2499374467919555
7.2058921673855005,7.09433,0.11156233340112554
7.20342566678957,6.761129,0.4422967643542677
7.202417292604885,7.0651855,0.13723174572988484
7.200659450546418,7.320459,-0.11979943846115049
7.200659450546418,7.313216,-0.11255675886520322
7.200659450546418,7.080847,0.11981266404739443
7.200659450546418,6.992853,0.2078062858735663
7.200315045651141,7.714935,-0.5146197802460755
7.199593568512473,6.7894053,0.41018822259572474
7.199480900891103,6.0409975,1.158483395703115
7.1938200260161125,6.836952,0.35686781654345623
7.1938200260161125,7.1583686,0.035451438522215994
7.1938200260161125,7.8196707,-0.6258506511689461
7.189969213594161,7.1256804,0.06428876696940478
7.187086643357144,6.9700203,0.21706634916769119
7.187086643357144,7.207678,-0.020591197829379126
7.187086643357144,7.0042915,0.18279510893331619
7.1807553715226815,7.05964,0.12111544079758385
7.180456064458131,7.9278092,-0.7473531739757071
7.180456064458131,6.5356035,0.6448525412037363
7.180456064458131,7.0164347,0.16402139496350188
7.180456064458131,7.222053,-0.041596986536742264
7.180456064458131,6.3056183,0.8748377783253183
7.175819994509534,6.9994,0.17641985565455354
7.173925197299173,6.024298,1.1496270062286165
7.167491087293763,7.1688375,-0.0013464600084827083
7.167491087293763,6.931673,0.23581803736700557
7.167491087293763,6.9695287,0.19796241221441768
7.167491087293763,6.869167,0.2983242362500622
7.167491087293763,7.0996723,0.06781876978888057
7.167491087293763,6.732256,0.4352351516248181
7.1666616110606025,7.116798,0.04986368701885446
7.161150909262744,7.0443053,0.11684558470830098
7.161150909262744,6.4860253,0.6751255758582033
7.161150909262744,7.164906,-0.003755115670116993
7.161150909262744,8.204656,-1.0435047380150877
7.161150909262744,6.849348,0.31180284102543965
7.157390760389438,7.5283675,-0.3709767589892241
7.154901959985743,7.157511,-0.0026092742977041894
7.154901959985743,7.204988,-0.05008604279135653
7.154901959985743,7.1499467,0.004955270380030186
7.154901959985743,7.159027,-0.004125139623631924
7.154901959985743,7.1495724,0.005329587549219639
7.154901959985743,7.1574264,-0.002524397283544033
7.154901959985743,6.485532,0.6693701530399423
7.154901959985743,6.720661,0.43424079665566495
7.154901959985743,7.166021,-0.011118910222997158
7.154901959985743,7.1913857,-0.03648378601645419
7.154901959985743,7.1066437,0.048258283227930576
7.154901959985743,7.149156,0.005745866388330967
7.154901959985743,7.216853,-0.06195118179892489
7.154901959985743,7.235804,-0.08090212097739169
7.154901959985743,7.1709275,-0.016025564580907314
7.154901959985743,7.202186,-0.04728414764975497
7.154901959985743,7.188708,-0.03380586853598544
7.154901959985743,7.1984596,-0.04355766525839755
7.154901959985743,7.164131,-0.009229204565038174
7.154901959985743,7.0845523,0.07034967193032315
7.154901959985743,6.409351,0.7455510879459482
7.154901959985743,7.1510983,0.0038037086429696387
7.154901959985743,7.0439157,0.11098621138955167
7.154901959985743,7.1712036,-0.016301653295506924
7.154901959985743,7.084788,0.07011411437417081
7.154901959985743,7.0611606,0.09374139556313565
7.154901959985743,7.144334,0.01056812056923917
7.154901959985743,7.162244,-0.007341883092870205
7.154901959985743,7.146802,0.008100011438379795
7.154901959985743,7.1994567,-0.04455473175620028
7.1487416512809245,7.023753,0.12498848508219407
7.1487416512809245,7.115918,0.032823491796061255
7.1487416512809245,6.5460873,0.6026543862662761
7.145693958198919,7.044163,0.10153073111762012
7.1444808443322,7.0431957,0.10128511984489563
7.142667503568731,7.0876737,0.05499383947571346
7.142667503568731,6.82727,0.31539747259338924
7.142667503568731,7.3322043,-0.1895368383196967
7.136677139879544,7.5249333,-0.3882561982857391
7.136677139879544,6.7590904,0.37758671629555973
7.136677139879544,6.6725826,0.46409451353677067
7.136677139879544,7.8220263,-0.6853491128670379
7.136677139879544,7.2599635,-0.12328637254111019
7.130768280269024,6.51221,0.6185583879960745
7.130768280269024,7.1808896,-0.050121326206806316
7.130768280269024,7.1415553,-0.010787029026630535
7.130768280269024,6.8808756,0.24989269280564486
7.129596094720973,7.690183,-0.5605870679682363
7.1249387366083,7.3261085,-0.20116971904965908
7.1249387366083,6.695557,0.4293816191461417
7.1249387366083,7.231671,-0.10673211986753017
7.119186407719209,6.693666,0.425520426426484
7.1180450286604,7.3324947,-0.21444970705737365
7.113509274827518,7.4050956,-0.2915863024124725
7.113509274827518,6.610345,0.5031643880477326
7.107905397309519,7.1215568,-0.013651361571096032
7.107905397309519,7.328803,-0.22089766512944564
7.102372908709558,6.972998,0.12937476646712653
7.096910013008056,7.1664624,-0.06955240840918009
7.096910013008056,6.525527,0.5713830125808101
7.096910013008056,7.0782766,0.018633378791747646
7.096910013008056,7.518889,-0.42197893733984415
7.096910013008056,6.830292,0.26661778812402304
7.096910013008056,6.858994,0.23791600589746054
7.096910013008056,7.261927,-0.16501711483007853
7.096910013008056,5.909753,1.187157167243896
7.091514981121351,6.869331,0.22218409809522832
7.091514981121351,6.8896832,0.20183173450880254
7.091514981121351,6.6446085,0.44690648350172246
7.090228032229065,6.345455,0.744772862551331
7.086716098239582,7.0229506,0.06376544897810721
7.086186147616283,6.128611,0.957575059817211
7.080921907623926,6.9142423,0.16667964001528368
7.080921907623926,6.9544673,0.12645461102358446
7.080921907623926,6.859467,0.22145487805239306
7.075720713938118,6.7738266,0.3018941148170242
7.075720713938118,6.849087,0.2266334756263504
7.075720713938118,7.1985464,-0.12282569566881563
7.070581074285707,7.088215,-0.01763379998187098
7.070581074285707,7.213781,-0.1431998056886581
7.0655015487564325,6.748481,0.3170207519424677
7.0655015487564325,5.624011,1.4414905090225458
7.064996848546345,7.094238,-0.029240955866496776
7.064996848546345,6.9763517,0.0886451105702708
7.064492734175287,5.9396505,1.1248421985917911
7.055517327849831,7.311071,-0.25555359118703436
7.055517327849831,7.130989,-0.07547174685720037
7.055517327849831,6.7481275,0.30738986737009455
7.055517327849831,7.2071085,-0.15159116976979803
7.050609993355087,7.2486606,-0.19805057106752066
7.050609993355087,7.4492545,-0.3986445194317785
7.050609993355087,6.9882607,0.06234924735288949
7.050609993355087,7.1018877,-0.051277709586807774
7.047691990337874,6.449673,0.5980188145261067
7.046240308266771,8.193769,-1.1475291466892834
7.04599883231843,6.4791427,0.566856166455393
7.04599883231843,7.053907,-0.007908085253591324
7.045757490560675,6.4507346,0.5950228752347471
7.045757490560675,6.87366,0.17209740297522558
7.045757490560675,6.815398,0.2303592743131162
7.045757490560675,6.939487,0.10627051012244237
7.045757490560675,6.3924675,0.6532899917813779
7.045757490560675,6.3187823,0.7269751610013486
7.045757490560675,6.5870056,0.4587518753262998
7.045757490560675,7.200676,-0.15491847379479395
7.045757490560675,6.486236,0.559521395132208
7.045757490560675,6.755829,0.2899286331387998
7.045757490560675,6.998258,0.04749937669959081
7.045757490560675,6.42665,0.6191074432584287
7.045757490560675,6.679537,0.366220671102667
7.045757490560675,6.708148,0.3376094879361631
7.045757490560675,6.9914136,0.05434389726843847
7.045757490560675,7.1362157,-0.09045819623742091
7.045757490560675,6.815262,0.2304956497403623
7.045757490560675,6.5777044,0.46805306093420995
7.045757490560675,7.4340696,-0.3883121429232119
7.045757490560675,6.327691,0.7180664123746396
7.042871802323187,7.3099766,-0.26710477543560174
7.040958607678906,6.951711,0.0892474298529784
7.040958607678906,6.9011793,0.13977929401923816
7.040958607678906,6.6333427,0.40761586475898426
7.040481623027002,7.1470394,-0.10655779042514624
7.040481623027002,7.2399964,-0.19951481023105444
7.036212172654444,6.4745584,0.5616538192303722
7.033858267260968,7.248388,-0.21452954630714682
7.031517051446065,7.1209087,-0.08939168573655198
7.031517051446065,7.2019267,-0.17040965677537034
7.026872146400302,6.786849,0.24002312448868057
7.022276394711152,6.9123077,0.10996865545333989
7.022276394711152,6.340114,0.6821622780424512
7.022276394711152,7.150763,-0.12848664010940425
7.017728766960431,6.968912,0.04881664232664207
7.017728766960431,7.168454,-0.15072540326661965
7.017728766960431,6.8847227,0.1330060573046694
7.013228265733755,6.4443555,0.5688727779102685
7.013228265733755,6.9434943,0.06973394581798331
7.008773924307505,6.941781,0.06699288030115724
7.00436480540245,6.3494573,0.6549075414559171
7.00436480540245,6.373266,0.6310985853096769
7.001304841688344,7.0229506,-0.021645807573130504
7.0,7.0833263,-0.08332633972167969
7.0,6.9994087,0.000591278076171875
7.0,7.202275,-0.20227479934692383
7.0,6.931221,0.06877899169921875
7.0,6.55519,0.4448099136352539
7.0,6.8683953,0.13160467147827148
7.0,6.945806,0.054193973541259766
7.0,6.530968,0.46903181076049805
7.0,6.5144567,0.48554325103759766
7.0,6.6765532,0.32344675064086914
7.0,6.988848,0.011151790618896484
7.0,6.151108,0.8488922119140625
7.0,6.785606,0.21439409255981445
7.0,6.904973,0.09502696990966797
7.0,6.5770063,0.42299365997314453
7.0,6.887419,0.11258077621459961
7.0,6.780939,0.21906089782714844
7.0,6.945553,0.054447174072265625
7.0,6.907156,0.09284400939941406
7.0,7.020963,-0.020963191986083984
7.0,6.9474936,0.052506446838378906
7.0,7.051816,-0.05181598663330078
7.0,6.9084706,0.09152936935424805
7.0,6.8065042,0.1934957504272461
7.0,6.842545,0.1574549674987793
7.0,7.0507097,-0.05070972442626953
7.0,6.791399,0.2086009979248047
7.0,6.885455,0.11454486846923828
7.0,6.255056,0.7449440956115723
7.0,6.679728,0.32027196884155273
7.0,6.7655153,0.23448467254638672
7.0,6.5523815,0.4476184844970703
7.0,6.7278414,0.2721586227416992
7.0,6.644996,0.35500383377075195
7.0,6.968963,0.031036853790283203
7.0,7.2091146,-0.20911455154418945
7.0,6.952792,0.04720783233642578
7.0,6.838083,0.16191720962524414
7.0,6.9153075,0.08469247817993164
7.0,7.0401936,-0.04019355773925781
7.0,6.945073,0.05492687225341797
6.995678626217357,7.849912,-0.8542335403781021
6.991399828238082,7.1381397,-0.14673989649336328
6.991399828238082,6.9934835,-0.0020837151579140567
6.991399828238082,6.9466705,0.04472929601151954
6.987162775294828,7.321066,-0.33390312741513295
6.987162775294828,7.3324947,-0.34533196042294545
6.982966660701219,7.0876856,-0.10471892432075336
6.978810700930062,6.54349,0.4353207679161457
6.974039090143621,7.3969483,-0.42290924741131075
6.97061622231479,6.847872,0.12274444191928247
6.97061622231479,6.947396,0.023220420770600825
6.96657624451305,7.0529857,-0.08640942366932336
6.96657624451305,6.8956137,0.0709625741639286
6.963371838403274,6.5917206,0.37165125734858684
6.958607314841775,6.882042,0.07656538368943089
6.958607314841775,6.8166633,0.14194404961350315
6.958607314841775,6.4744353,0.4841719854045188
6.958607314841775,7.020067,-0.061459900124045674
6.958607314841775,6.8868575,0.07174980522873753
6.958607314841775,6.242644,0.7159634816813742
6.958607314841775,6.165519,0.7930880773234641
6.958607314841775,7.0466256,-0.08801829932448513
6.958607314841775,6.889715,0.0688921201396262
6.958607314841775,6.780975,0.17763244988205784
6.958607314841775,6.4842544,0.47435295464280003
6.958607314841775,7.623652,-0.6650446665119851
6.950781977329818,5.227102,1.7236801745038903
6.950781977329818,7.015015,-0.06423314794484014
6.950781977329818,6.3748307,0.5759512545209802
6.950781977329818,7.1643686,-0.21358665212574834
6.946998429599692,6.1240535,0.8229449513587248
6.943095148663527,7.516963,-0.5738678564023907
6.935991513468276,6.18311,0.7528812763466943
6.935542010773082,6.605898,0.32964410733069904
6.935542010773082,6.8908515,0.04469051312293537
6.935542010773082,6.4086328,0.5269092554935408
6.935542010773082,7.4602866,-0.5247446065059709
6.935542010773082,7.108415,-0.17287311602745525
6.931814138253838,6.991985,-0.06017070595392582
6.931073020671121,6.890639,0.04043419239353341
6.928117992693874,6.6855307,0.24258733015725298
6.924453038607469,7.0860605,-0.16160748537934744
6.924453038607469,6.7943087,0.1301443761929182
6.920818753952375,6.751591,0.16922754835545106
6.920818753952375,7.101288,-0.1804690878445001
6.920818753952375,7.0003424,-0.07952361512721495
6.920818753952375,6.9638705,-0.04305177140773253
6.920818753952375,6.598341,0.3224777657931952
6.920818753952375,6.382673,0.5381459672397284
6.920818753952375,6.4162736,0.504545160049787
6.920818753952375,6.958644,-0.03782515931666808
6.920818753952375,7.041534,-0.1207151930385919
6.920818753952375,7.0833263,-0.1625075857693048
6.917214629683549,6.7711573,0.14605736497407662
6.913640169325252,6.7554336,0.158206609907527
6.913640169325252,7.1197276,-0.20608744221649644
6.903089986991944,7.5167966,-0.6137066019057613
6.903089986991944,6.662997,0.24009321804052774
6.903089986991944,6.4974256,0.40566443080908243
6.903089986991944,6.79928,0.1038098203659672
6.903089986991944,7.1862345,-0.28314448719018515
6.902985768821967,6.662997,0.2399889998705511
6.899629454882437,7.0830646,-0.18343510123938955
6.899629454882437,6.471034,0.42859540489464365
6.899629454882437,6.930787,-0.031157631604379787
6.899629454882437,6.4222603,0.4773691704586085
6.899629454882437,6.2553387,0.6442907860591944
6.892993653618456,6.9275637,-0.03457001367890733
6.892790030352131,7.0720525,-0.17926244843815198
6.892790030352131,6.8466816,0.04610843550349841
6.890253581016719,7.1092463,-0.21899267295056646
6.889410289700751,7.0117626,-0.12235232931780349
6.889410289700751,6.8324733,0.0569370116550969
6.889242023717165,6.8661203,0.023121685277224024
6.886056647693163,6.698774,0.18728278676176657
6.886056647693163,7.39782,-0.5117633481869639
6.886056647693163,6.4772816,0.40877507725859275
6.886056647693163,6.7518477,0.13420890370512595
6.886056647693163,6.8847446,0.001312003528123995
6.886056647693163,6.7588277,0.1272289613833486
6.886056647693163,6.5769696,0.30908702412748923
6.882728704344236,7.2647276,-0.38199888812402616
6.8794260687941495,6.53917,0.3402562804335538
6.876148359032914,6.761426,0.11472238704805093
6.876148359032914,7.6227517,-0.746603353766158
6.876148359032914,6.990837,-0.11468873813505454
6.8696662315049934,7.513273,-0.6436065307935905
6.866461091629782,6.651355,0.2151063018958954
6.866461091629782,6.7066445,0.15981655656508487
6.863279432843593,6.838627,0.024652571271327695
6.863279432843593,6.84751,0.01576957185116168
6.860120913598763,6.721231,0.13888992986463222
6.860120913598763,6.407065,0.45305599889539394
6.856985199745905,6.944351,-0.08736599654315746
6.853996066189131,6.1571903,0.6968057433131545
6.853871964321762,6.3050733,0.5487987030607755
6.853871964321762,6.849727,0.004144810543685651
6.853871964321762,6.5494084,0.3044635285002286
6.853871964321762,6.1931386,0.6607333649260099
6.853871964321762,6.577703,0.2761689652067716
6.853871964321762,6.598637,0.255234860287338
6.853871964321762,6.528064,0.3258081902128751
6.853871964321762,6.845764,0.008107804165511823
6.853871964321762,6.37155,0.48232188116136143
6.85078088734462,6.787821,0.06296007130458126
6.85078088734462,7.1019554,-0.25117452647373906
6.847711655616944,5.8158946,1.0318170518876961
6.847711655616944,6.964984,-0.11727228450756755
6.844663962534938,5.76665,1.078013762644801
6.84163750790475,6.936041,-0.09440337039114866
6.83889035263304,6.8669224,-0.028032025906998825
6.838631997765026,7.0248933,-0.18626128607896852
6.835647144215563,6.6016474,0.2339997672014027
6.832682665251824,6.4715886,0.36109405364904124
6.8297382846050425,6.8665233,-0.03678498123358054
6.826813731587726,6.767044,0.059769664204913475
6.826813731587726,6.8311224,-0.0043086667887388685
6.826813731587726,6.8154387,0.011374984181720116
6.826813731587726,6.9385524,-0.11173864802042832
6.823908740944319,6.8161855,0.0077232665485666985
6.823908740944319,6.8659983,-0.042089527183122755
6.823908740944319,6.963488,-0.13957936101490986
6.823908740944319,7.397527,-0.5736184769206716
6.823908740944319,5.861535,0.9623736686176585
6.823908740944319,6.2303267,0.5935820884174632
6.823908740944319,6.0167327,0.8071760482258128
6.823908740944319,6.7110505,0.11285823053782451
6.823908740944319,7.0530596,-0.22915083699757588
6.821948810943301,6.4848075,0.3371413196408106
6.821023052706831,7.253794,-0.4327711405609911
6.818156412055227,7.198389,-0.3802326412894992
6.8124792791635365,6.5089493,0.3035299993783802
6.806875401645538,6.725029,0.0818464099463192
6.806875401645538,6.9061036,-0.09922820934689369
6.806875401645538,6.8433757,-0.0365002811852726
6.804100347590767,6.479559,0.32454140288861844
6.804100347590767,6.3870053,0.4170950184586868
6.804100347590767,6.8286014,-0.02450101273027805
6.804100347590767,7.087896,-0.28379552261797336
6.801342913045577,6.7264323,0.07491058958976637
6.801342913045577,6.8352795,-0.033936551676102766
6.798602875679549,7.19315,-0.3945471678079997
6.795880017344075,6.8006816,-0.004801573689860561
6.795880017344075,6.2843704,0.5115095949807937
6.795880017344075,6.745746,0.050133881632405064
6.795880017344075,6.537224,0.25865620142610624
6.795880017344075,5.964696,0.831184086863118
6.79317412396815,7.0645604,-0.2713862893924457
6.79317412396815,7.114058,-0.3208838937625629
6.790484985457369,6.851078,-0.0605930479898964
6.790484985457369,6.915421,-0.12493602360635148
6.790484985457369,6.647088,0.14339693461508407
6.790484985457369,6.5355525,0.25493248377890243
6.785156151952302,7.133989,-0.34883270531698507
6.785156151952302,6.2570662,0.5280899021048899
6.779891911959945,6.5549817,0.22491020343333368
6.779891911959945,6.782619,-0.0027270875212561663
6.779891911959945,6.291428,0.4884638228180993
6.777283528852417,6.9792013,-0.2019177879810794
6.777283528852417,7.0103264,-0.23304285664563018
6.777283528852417,6.740229,0.03705439906115693
6.774690718274137,7.138334,-0.36364307918069727
6.774690718274137,7.249773,-0.4750823072385586
6.772113295386326,6.672977,0.0991363247137187
6.769551078621726,6.3676558,0.4018953245323704
6.769551078621726,5.75381,1.015741149727683
6.769551078621726,6.791769,-0.022217949088235045
6.767003889607846,6.4223146,0.34468924574798265
6.767003889607846,6.4487143,0.31828963332122484
6.764471553092451,6.428782,0.33568956685587903
6.764471553092451,6.8578415,-0.09336993860676746
6.764471553092451,6.4602356,0.3042359573893263
6.764471553092451,6.5094414,0.2550301773600294
6.764471553092451,6.401557,0.36291458440348645
6.761953896871205,6.769625,-0.007671290048961055
6.7594507517174005,6.503507,0.2559436144188165
6.756961951313706,6.4314923,0.32546962266990676
6.756961951313706,6.604375,0.15258706575462355
6.756590017609955,7.13815,-0.3815601975389704
6.752026733638193,6.5317526,0.22027414727344663
6.752026733638193,6.3524947,0.3995320169939056
6.7495799976911055,6.795661,-0.04608097490410934
6.747146969020107,6.048557,0.6985901643631243
6.745905962850536,6.2054863,0.5404196652431139
6.7447274948966935,6.5829644,0.16176307457809003
6.7447274948966935,6.7580905,-0.01336300116653888
6.7447274948966935,6.9978056,-0.2530781005012557
6.7447274948966935,5.959042,0.785685422600551
6.7447274948966935,6.4440527,0.3006747986686662
6.742321425130816,6.744034,-0.001712388345746163
6.742321425130816,6.690353,0.05196850841328704
6.739928612014925,6.6199594,0.11996925761429011
6.73754891026957,6.788207,-0.05065814386861334
6.73754891026957,6.9036036,-0.1660546435024024
6.73754891026957,6.5107937,0.22675522435648432
6.73754891026957,7.1156025,-0.37805358301656256
6.732986946971932,6.327814,0.4051728447990808
6.730487055782083,6.9585786,-0.22809153079628608
6.730487055782083,7.074943,-0.3444560098612275
6.730487055782083,6.6447034,0.08578366756797173
6.7281583934635005,5.7727656,0.9553927570194087
6.7281583934635005,6.567639,0.16051951940954545
6.72600388624072,6.5647793,0.16122460462450938
6.72584215073632,6.1711807,0.5546614256386642
6.721246399047171,6.1510983,0.5701481477043977
6.721246399047171,6.6706944,0.050552047850882076
6.718966632752272,6.505554,0.2134124335335219
6.716879765040225,5.93722,0.7796596684520907
6.714442690992226,6.5042496,0.21019311823831988
6.714442690992226,6.6458397,0.06860299983011675
6.714442690992226,6.7545466,-0.04010395131124067
6.7121982700697735,6.7956085,-0.08341025043803896
6.7121982700697735,6.2827444,0.42945386241596495
6.7121982700697735,6.7753367,-0.0631384723313495
6.711997117232051,6.3801227,0.3318744556414748
6.710522891487877,7.068527,-0.3580043301918101
6.707743928643524,6.431597,0.27614669582492013
6.705533773838408,6.649672,0.05586174243582054
6.705533773838408,7.0295353,-0.32400151974069313
6.703334809738469,6.578095,0.12523985047943587
6.699480900891103,6.5307255,0.1687554217651268
6.699480900891103,6.2616534,0.4378274775817772
6.698970004336019,6.707763,-0.00879319070182305
6.698970004336019,6.3273306,0.37163941504158515
6.698970004336019,6.9994044,-0.30043442605338555
6.698970004336019,6.8628206,-0.16385062096915703
6.698970004336019,6.009635,0.6893350327173664
6.698970004336019,6.570669,0.1283008301416828
6.698970004336019,6.5586324,0.1403376305262043
6.698970004336019,6.4711986,0.2277714455286457
6.698970004336019,6.674399,0.024571105257649606
6.698970004336019,6.576962,0.12200801016487617
6.698970004336019,6.5976686,0.10130135656990547
6.698970004336019,6.136502,0.5624682152430012
6.698970004336019,6.7436347,-0.04466469643912774
6.698970004336019,6.7126155,-0.01364548562369805
6.69517601376751,7.135759,-0.4405828630330273
6.692503962086787,6.661982,0.030521902608027673
6.686132779630847,6.340551,0.3455818801252315
6.681936665037238,6.8572516,-0.17531497909728344
6.681936665037238,6.683398,-0.0014611048907404722
6.679853713888946,6.477319,0.20253495015603562
6.6777807052660805,6.300262,0.3775187309313637
6.6777807052660805,6.8098626,-0.13208190841189804
6.6777807052660805,6.66248,0.015300827794156646
6.6777807052660805,6.4850907,0.19268997269161758
6.675717544702307,6.7024436,-0.026726054998620796
6.670094173644883,6.8806753,-0.2105811422120505
6.669586226650809,5.703572,0.9660144302335727
6.665546248849069,6.492797,0.17274935096088573
6.661543506395395,6.8036766,-0.14213309882921443
6.6595558851598815,7.027454,-0.3678980142236634
6.6595558851598815,6.719857,-0.06030133072146615
6.657992070982661,6.684172,-0.02618008249023962
6.657577319177793,6.383846,0.2737315130559672
6.657577319177793,5.7390656,0.9185116720525492
6.657577319177793,6.9526362,-0.2950589227350484
6.657577319177793,5.627631,1.0299461317388285
6.657577319177793,5.963897,0.6936800909368266
6.657577319177793,6.684172,-0.026594834295107006
6.657577319177793,6.451225,0.20635251525323284
6.657577319177793,5.315161,1.3424160909978617
6.657577319177793,6.7609563,-0.10337896820623982
6.655607726314889,6.9895,-0.33389231946147824
6.649751981665837,6.797068,-0.14731613738323546
6.646083769079636,6.506493,0.13959067749638443
6.6439741428068775,6.843854,-0.1998798076936108
6.642065152999546,6.0662856,0.5757795428005714
6.642065152999546,6.4471884,0.19487677561917494
6.6401645176601125,6.2044783,0.43568625380513204
6.638272163982407,6.2691064,0.3691657758903659
6.638272163982407,6.449859,0.18841302167894014
6.638272163982407,5.6984596,0.9398125387382663
6.638272163982407,6.5758414,0.0624307371330417
6.638272163982407,6.8090043,-0.17073214281080595
6.638272163982407,6.9458632,-0.3075910829353177
6.638272163982407,6.4193,0.2189720846367038
6.638272163982407,6.7545958,-0.11632359254835478
6.634512015109101,6.313134,0.32137782168869045
6.632644078973981,6.9156575,-0.28301344132020834
6.630784142589857,6.656853,-0.026069056415270353
6.630784142589857,6.8525815,-0.22179735841722348
6.628932137728263,6.2295384,0.3993936970239176
6.625251653989896,6.498038,0.12721383889590143
6.625251653989896,6.169773,0.45547855218325495
6.623423042943488,6.50111,0.12231296603919084
6.621602099051863,6.740516,-0.11891408670863512
6.621602099051863,6.896554,-0.27495189417323473
6.619788758288394,6.598665,0.021123520861635825
6.619788758288394,5.842576,0.7772127313718897
6.619788758288394,6.5123177,0.10747110081769051
6.619788758288394,6.4240646,0.1957241220579249
6.619788758288394,6.5011373,0.11865150166607918
6.619788758288394,6.4287157,0.1910730524168116
6.619788758288394,6.7891307,-0.1693419294252294
6.619788758288394,6.0646157,0.5551730318174464
6.619788758288394,6.242016,0.37777291966534676
6.619788758288394,6.4569964,0.16279231740094247
6.614393726401688,7.0743475,-0.45995376963102697
6.614393726401688,6.6198287,-0.005434974617599231
6.61261017366127,6.4852304,0.12737972779945395
6.610833915635467,6.1543207,0.45651319877755725
6.609064892896621,5.957323,0.6517418185558004
6.609064892896621,6.594901,0.014163807996718347
6.605548319173783,6.720574,-0.1150255829563438
6.603800652904264,6.2000394,0.4037612661549961
6.6020599913279625,6.4964957,0.10556426760359727
6.6020599913279625,6.7816787,-0.1796186852772621
6.6020599913279625,6.8789124,-0.27685245755509413
6.6020599913279625,6.240691,0.3613688063304039
6.6020599913279625,6.6118093,-0.009749262364664446
6.600326278518962,6.2477403,0.3525860098116862
6.600326278518962,6.5642505,0.036075809311197915
6.600326278518962,6.9169354,-0.31660916535921224
6.600326278518962,6.290427,0.30989907057218424
6.600326278518962,6.5806346,0.01969168455533854
6.600326278518962,6.3735976,0.22672865660123698
6.600326278518962,6.3596764,0.2406499174349772
6.600326278518962,6.5349407,0.0653855589144694
6.600326278518962,6.4222603,0.17806599409513346
6.600326278518962,6.6920443,-0.0917179795987142
6.596879478824182,6.810009,-0.2131295238613653
6.5951662833800615,6.383518,0.21164806438592088
6.5934598195660445,5.1733675,1.4200923192608688
6.586700235918748,6.9779406,-0.39124032346845894
6.585026652029182,6.4858723,0.09915438335242399
6.585026652029182,5.754986,0.8300408427030099
6.585026652029182,6.386378,0.19864884059729704
6.585026652029182,6.6709948,-0.08596810657677523
6.585026652029182,6.6588826,-0.07385596592125765
6.585026652029182,6.5754967,0.009529978445197429
6.585026652029182,6.466624,0.11840286891760954
6.585026652029182,6.6515894,-0.06656274158654085
6.585026652029182,6.9236712,-0.33864459354576937
6.583359492661719,6.086635,0.496724379899268
6.581698708680255,6.545659,0.03603964343367316
6.580044251510242,6.5590034,0.021040898391345486
6.578396073130168,6.438252,0.14014410093168195
6.573488738635424,6.775228,-0.20173928489362858
6.571865205971211,6.496815,0.07505000135084927
6.568636235841012,5.9449573,0.6236789795238735
6.568636235841012,5.776,0.7926362129528286
6.568636235841012,6.371669,0.19696742022821923
6.568636235841012,6.175671,0.3929651352245571
6.567030709125595,5.933795,0.6332357338448329
6.559090917934782,5.449248,1.1098430808681314
6.559090917934782,7.175027,-0.6159359756809408
6.552997101533838,6.4282346,0.12476252435488266
6.552841968657781,6.4579606,0.09488136303644268
6.552841968657781,5.7753944,0.7774475289605149
6.552841968657781,6.5530224,-0.00018041598577411833
6.55129368009492,6.660386,-0.10909240541533372
6.55129368009492,6.1131234,0.4381702631942854
6.55129368009492,6.4618907,0.08940298261567214
6.543633966870956,6.5472994,-0.003665418199844339
6.539102157243452,6.5681224,-0.029020229688921262
6.537602002101044,6.8080187,-0.27041668228616267
6.537602002101044,6.206502,0.33110004134664983
6.537602002101044,5.451546,1.086055809931855
6.537602002101044,6.2793074,0.2582946366835639
6.537602002101044,6.0577536,0.47984843917379827
6.537602002101044,6.20726,0.33034187026510686
6.530177984021837,5.840865,0.6893128488289655
6.522878745280337,5.9749575,0.5479212791548491
6.522878745280337,6.6103783,-0.08749952010052198
6.522878745280337,6.22585,0.29702863999469287
6.522878745280337,6.2311177,0.29176101990802294
6.522878745280337,6.065965,0.4569135696516753
6.522878745280337,6.76737,-0.24449147871868604
6.522878745280337,7.112854,-0.5899752586259126
6.51999305704285,6.2795777,0.24041532495666829
6.51999305704285,6.3175936,0.20239948251892415
6.519949917349564,6.068865,0.45108509496186855
6.518557371497695,6.7710404,-0.2524830681080177
6.517126416391246,6.3120813,0.20504507941614847
6.515700160653214,6.0637693,0.4519308201380774
6.514278573518419,6.614671,-0.10039265679774267
6.514278573518419,6.755854,-0.24157555627284033
6.514278573518419,6.3875966,0.12668196631016748
6.511449283499555,6.0896654,0.4217838705967232
6.510041520575165,5.1211915,1.3888500189577337
6.510041520575165,6.7099414,-0.19989986660134829
6.509002705984747,6.346756,0.16224672453943434
6.508638306165727,6.2651353,0.24350301792720153
6.508638306165727,6.5154033,-0.00676496455570863
6.508638306165727,5.830572,0.6780661778698285
6.508638306165727,6.4886765,0.019961758161576526
6.507239610973162,5.9453535,0.5618861029775566
6.507239610973162,6.551973,-0.04473325508518755
6.506104323841626,6.64793,-0.1418258214220458
6.504455662453552,6.744956,-0.24050035408697568
6.504455662453552,6.3532047,0.1512509352807001
6.500312917381596,6.2553124,0.24500047460205465
6.500312917381596,6.0823884,0.4179245163501015
6.494850021680094,6.0935016,0.40134845383951756
6.494850021680094,6.0428715,0.45197854646036717
6.494850021680094,6.7583146,-0.26346458784749416
6.494850021680094,6.6537685,-0.1589185177486172
6.494850021680094,6.1949067,0.2999433101017246
6.490797477668897,6.8068933,-0.3160958710249506
6.490730254623813,5.740114,0.75061604258768
6.489454989793388,6.8930163,-0.4035613485550007
6.488116639021126,6.62913,-0.1410132476060717
6.486782399932061,6.880634,-0.3938514310921093
6.481486060122112,6.182835,0.2986509580408132
6.481486060122112,6.0828433,0.3986427564416921
6.481486060122112,5.6416793,0.8398067731653249
6.480610465222231,6.5820007,-0.10139026719964406
6.480172006224281,6.452123,0.0280488410936659
6.478861916295964,6.357344,0.12151776575275086
6.47755576649368,6.88622,-0.4086642118388397
6.476253533188435,6.217318,0.2589354751745194
6.476253533188435,6.4318886,0.044364952866169816
6.473660722610156,6.359237,0.11442352854887705
6.468993954885645,5.352686,1.1163080265409189
6.468521082957745,6.1552753,0.3132457381091118
6.468521082957745,6.635758,-0.16723684016847606
6.468521082957745,6.4124036,0.05611749943113331
6.468521082957745,6.442581,0.02593990619993214
6.465973893943865,6.4373407,0.028633157554704525
6.462180904926726,6.672336,-0.21015519660525683
6.460923901207224,6.3852262,0.07569765151239949
6.460923901207224,6.6753,-0.21437622010014934
6.45983329017955,6.1370416,0.3227917214234468
6.455931955649724,7.036736,-0.5808040558554026
6.455882327666203,6.505171,-0.049288494477351286
6.454692883534176,6.6918526,-0.23715968604590199
6.454692883534176,5.9652257,0.48946718697045544
6.453457336521868,6.628188,-0.17473079671787772
6.453001073554724,6.628188,-0.17518705968502246
6.452225294612178,6.131058,0.32116707851720694
6.443697499232712,6.5179887,-0.0742911825605006
6.443697499232712,6.261885,0.1818123330644994
6.443697499232712,7.470781,-1.0270833502240748
6.443697499232712,6.6333423,-0.18964476685005138
6.443697499232712,6.4416776,0.002019928889694711
6.443697499232712,6.144914,0.2987833489946752
6.443697499232712,5.789314,0.6543837060503392
6.443697499232712,6.342871,0.10082631011528065
6.443697499232712,6.2146087,0.22908882995170643
6.440093374963888,6.632509,-0.19241585660349525
6.434152181326482,6.6713476,-0.23719543677654542
6.431798275933005,6.0956683,0.33612996004555384
6.431798275933005,5.8331804,0.5986178483817355
6.431798275933005,6.478937,-0.04713887311484655
6.430896349585608,5.9077344,0.5231619555121219
6.427128397799519,6.2928367,0.13429173169234154
6.421360790031928,6.579065,-0.15770405600689053
6.42021640338319,6.2478275,0.17238887347596332
6.42021640338319,6.280623,0.139593444246227
6.4159968823543885,6.567624,-0.1516272097476623
6.414539270491499,6.1684475,0.24609177598466303
6.4089353929735005,6.2723947,0.1365407358384907
6.4089353929735005,7.10214,-0.6932045568250835
6.4089353929735005,6.382925,0.026010359404164518
6.4089353929735005,6.759278,-0.35034242761365775
6.4089353929735005,6.408051,0.0008843790269672525
6.405607449624574,6.793455,-0.38784767427679334
6.404503778174426,6.608749,-0.204245134636853
6.402304814074488,6.5443892,-0.1420844338197993
6.401209493236885,6.1384835,0.26272596891437505
6.400116927926312,6.6855307,-0.2854137346103087
6.400116927926312,6.133324,0.2667927816555604
6.400116927926312,6.591637,-0.19152020662568958
6.400116927926312,6.3900795,0.010037429635296746
6.400116927926312,6.746241,-0.3461241647555724
6.400116927926312,6.5499945,-0.14987754076265247
6.400056920649286,5.841369,0.5586877685801941
6.400056920649286,6.258404,0.141653142573114
6.3979400086720375,6.7480345,-0.3500944685618492
6.3979400086720375,6.497663,-0.09972301241560899
6.3979400086720375,6.284112,0.11382803204850234
6.3979400086720375,6.480283,-0.08234277483626329
6.3979400086720375,6.400165,-0.002225072352132429
6.3979400086720375,6.2266994,0.1712406564076332
6.3979400086720375,6.1001287,0.2978113580067543
6.3979400086720375,6.4118614,-0.013921411005696882
6.3979400086720375,6.49026,-0.09232011553450548
6.3979400086720375,6.301772,0.0961678910572914
6.3979400086720375,6.37224,0.02569994214371718
6.3979400086720375,6.363163,0.03477701428727187
6.3979400086720375,6.386645,0.011295168431558977
6.3979400086720375,6.4237285,-0.025788457361898054
6.3979400086720375,6.284016,0.11392387631730116
6.3979400086720375,5.855414,0.5425260949452309
6.3979400086720375,6.2359056,0.16203436139420546
6.3979400086720375,6.3731747,0.024765341313639055
6.3979400086720375,6.310258,0.08768209698990859
6.3979400086720375,6.4684887,-0.0705486845652672
6.3979400086720375,6.5412335,-0.14329353090926134
6.3979400086720375,6.375766,0.022174208195963274
6.39469495385889,6.422011,-0.027315944731197916
6.393618634889394,6.599316,-0.20569748525831066
6.393618634889394,6.4504538,-0.05683512335035168
6.391473966422806,6.1143146,0.27715941030098
6.391473966422806,6.273558,0.1179158266217808
6.39040559077478,6.267437,0.12296860957360778
6.38933983691012,6.4122105,-0.022870627567418644
6.38933983691012,5.917007,0.4723328674582161
6.3872161432802645,6.1009445,0.2862716242372958
6.386158178123931,7.0776267,-0.691468527045747
6.3829996588791005,6.1128483,0.2701513770187489
6.3829996588791005,6.1667757,0.2162239554489247
6.377785977033705,6.4773936,-0.09960765013304318
6.376750709602099,6.5248423,-0.14809155266596719
6.376750709602099,6.478076,-0.1013252715380375
6.376750709602099,6.253646,0.12310481269047813
6.375717904164332,6.1295843,0.24613359172536686
6.373659632624958,6.487422,-0.11376235681596025
6.367542707815275,6.512586,-0.1450434089754964
6.366531544420413,6.184154,0.18237751075952424
6.364516253185088,6.377268,-0.012751584339325994
6.363819240193515,6.2562327,0.10758650169864215
6.359518563029578,5.8805895,0.47892907786112104
6.356547323513812,6.0825434,0.274003950405902
6.356547323513812,6.054848,0.3016991293914977
6.356547323513812,6.0720644,0.28448292379457385
6.35261702988538,6.6276894,-0.2750723316868857
6.349692476868063,6.106045,0.243647707580954
6.348721986001856,6.5499973,-0.20127534371005762
6.347753658996677,6.3566303,-0.00887666632070605
6.347753658996677,6.9028916,-0.5551379768980986
6.3469998598891575,6.0536985,0.2933013201552708
6.346787486224656,5.949406,0.3973813392214822
6.346787486224656,6.4597507,-0.11296316608857637
6.346787486224656,6.0539117,0.29287580028105253
6.346787486224656,6.108382,0.23840526118803496
6.346787486224656,5.9290385,0.4177489615969705
6.346787486224656,5.949688,0.3970995284609842
6.346787486224656,6.3555245,-0.008737053722853716
6.341988603342887,6.6734953,-0.33150668932068683
6.341988603342887,7.0676494,-0.7256607611285482
6.337653043069112,6.1727066,0.164946439065206
6.337242168318426,6.371344,-0.03410192118963096
6.337242168318426,6.3690567,-0.031814533341730566
6.337242168318426,6.286436,0.050806087385808496
6.334419008982047,6.2752676,0.05915140796886309
6.334419008982047,5.865251,0.4691679446815096
6.332547047110046,6.626687,-0.2941400027556771
6.33161408331,6.871424,-0.5398101148406349
6.330683119433887,6.1652646,0.1654185129580572
6.329754146925875,7.1724405,-0.8426863819437536
6.328003797349959,6.1391697,0.18883410435679515
6.328003797349959,5.991831,0.33617297154429515
6.327902142064282,5.889961,0.437941376225659
6.3223930472795065,6.448418,-0.1260250931318705
6.321481620959887,6.9139123,-0.5924306753352786
6.320572103387882,5.59784,0.7227322710819735
6.319664486585436,6.0554395,0.26422501438695
6.318758762624412,6.3030696,0.015689171102195587
6.318758762624412,6.0911803,0.22757843806996902
6.318758762624412,5.750485,0.5682738192345198
6.318758762624412,5.8392606,0.4794981844688948
6.318758762624412,5.991522,0.32723692729726395
6.318758762624412,6.1665516,0.15220717265859207
6.318758762624412,6.112245,0.20651367976918777
6.318758762624412,6.1207047,0.19805411174550613
6.31695296176115,6.3469105,-0.029957514923419915
6.316052869248487,5.9167614,0.3992914709330577
6.315154638355588,5.859059,0.45609578139147633
6.314258261397736,5.9772615,0.33699671812381027
6.309803919971486,5.5439363,0.765867667377492
6.309803919971486,5.7545853,0.5552186538582049
6.309803919971486,6.228375,0.08142896193315607
6.309803919971486,5.982803,0.32700105208208186
6.308918507877031,6.201356,0.10756257373396494
6.308918507877031,5.5367436,0.7721748669773731
6.306273051076353,6.4797907,-0.17351763648468221
6.305000167252905,6.3347516,-0.029751438734644253
6.304518323509802,6.573766,-0.26924790802706333
6.3036436112666685,5.5505176,0.7531260522151548
6.301029995663981,6.509031,-0.20800082327522773
6.301029995663981,6.5954976,-0.2944676125208332
6.301029995663981,6.2382474,0.06278260110221368
6.301029995663981,6.040644,0.2603858268102215
6.301029995663981,6.3689985,-0.06796853186287422
6.301029995663981,6.181273,0.11975701211295586
6.301029995663981,6.098853,0.2021768843968914
6.301029995663981,6.4291177,-0.128087683931966
6.301029995663981,6.2942224,0.006807640775065238
6.300513799260864,6.0982323,0.20228152997375481
6.298432014944073,6.26199,0.0364419446010551
6.294992040666664,6.3235154,-0.02852337452498599
6.29413628771608,6.0541053,0.24003100588624626
6.292429823902063,6.1467695,0.14566030028145782
6.292429823902063,6.361037,-0.0686069535942746
6.292429823902063,6.223863,0.06856669905465118
6.290730039024169,6.2757177,0.015012303733641374
6.290730039024169,6.303495,-0.012764891243165266
6.289882634888183,6.29403,-0.004147554625976824
6.287350298372789,5.9522824,0.3350678696313336
6.2839966563652006,6.135958,0.14803846163253453
6.2839966563652006,5.8549476,0.42904908937911657
6.2839966563652006,6.3029876,-0.01899091916580531
6.279014255846261,5.933309,0.345705177629708
6.277876344118495,6.098271,0.17960545102157077
6.27642098432889,6.4114904,-0.13506945603976206
6.275724130399211,6.168591,0.10713310790775576
6.270025714300445,6.505709,-0.23568345699472104
6.270025714300445,6.2549644,0.01506136264639224
6.269217724333611,6.637253,-0.36803508328357637
6.267606240177031,5.965714,0.30189226236331024
6.267606240177031,5.5943875,0.6732187088965134
6.267606240177031,5.945958,0.3216481026648239
6.267606240177031,6.6937356,-0.4261293593407913
6.266000713461613,5.7655153,0.5004853860080001
6.262807357295262,5.9045863,0.358221042140233
6.261439372640169,5.722745,0.5386944309287429
6.261219441515631,6.4881477,-0.2269282940800723
6.259637310505756,6.374066,-0.11442856550132419
6.259637310505756,6.192272,0.06736512422645902
6.259637310505756,6.776394,-0.5167565798751035
6.259637310505756,6.503408,-0.24377064466392184
6.259637310505756,6.318734,-0.059096858500591765
6.259637310505756,6.360164,-0.10052685499107028
6.259637310505756,6.2083,0.051337196827777376
6.259637310505756,6.6901135,-0.43047623395835544
6.259637310505756,6.88955,-0.6299128985396543
6.259637310505756,6.8637586,-0.6041212534896054
6.259637310505756,6.0561695,0.20346780061806058
6.259637310505756,7.065012,-0.8053746676436582
6.259637310505756,6.2136054,0.04603190660560941
6.259637310505756,6.0405326,0.21910472154701566
6.259637310505756,6.0850396,0.17459769487465238
6.259637310505756,6.1640277,0.09560961961830472
6.259637310505756,6.2756205,-0.015983150004498015
6.259637310505756,6.0737233,0.18591399431312894
6.259637310505756,6.50857,-0.24893288373862887
6.259637310505756,6.162087,0.09755034685219144
6.259637310505756,6.5631976,-0.3035603022566953
6.259637310505756,6.4844856,-0.22484831571494723
6.259637310505756,5.740713,0.51892419099892
6.259637310505756,6.6273665,-0.3677292323104062
6.259637310505756,6.219993,0.039644196034320345
6.259637310505756,6.6903405,-0.4307032084456601
6.259637310505756,6.210768,0.048869087696918
6.259637310505756,5.7097445,0.5498928570755801
6.259637310505756,6.115368,0.14426942110145902
6.250263684430939,6.2096195,0.040644162336212375
6.249491605148654,6.328246,-0.07875451148952983
6.248720896016658,6.256484,-0.007763135660588283
6.247183568811728,5.9067516,0.3404319361212984
6.245651664288982,6.227912,0.01773971513126682
6.244887733604928,5.806021,0.4388665200734341
6.244887733604928,6.0549026,0.1899851800465786
6.2441251443275085,6.7280765,-0.4839513136497864
6.2441251443275085,6.4790144,-0.23488925233997193
6.242300374912261,5.9638667,0.2784336642494196
6.238072161579471,6.2232513,0.01482081880603392
6.238072161579471,6.837214,-0.5991418314930383
6.236572006437063,6.65653,-0.4199578969748021
6.236572006437063,6.158461,0.07811091253447522
6.236572006437063,6.1139035,0.12266848394560803
6.235077015350111,6.3375072,-0.10243023257469375
6.234331445240986,6.5312185,-0.2968870835065722
6.229147988357855,5.6346507,0.5944972811129823
6.229147988357855,6.2637043,-0.03455631156890249
6.229147988357855,5.8357205,0.39342744926483775
6.229147988357855,6.203955,0.025192814865423685
6.229147988357855,6.4702845,-0.24113647361724233
6.221848749616356,6.731273,-0.5094244246695325
6.221848749616356,5.7548523,0.46699645469448114
6.221848749616356,6.613345,-0.3914963965628431
6.221848749616356,5.7355886,0.4862601990487292
6.221848749616356,6.3630743,-0.1412255530569837
6.221848749616356,6.3161416,-0.09429285576084112
6.221848749616356,6.576729,-0.3548800711844251
6.221848749616356,5.8448815,0.37696721503994013
6.221848749616356,6.085166,0.1366827721383288
6.221848749616356,6.419259,-0.1974103217337415
6.221848749616356,6.5441165,-0.3222677474234388
6.220924225639893,5.6431804,0.5777438553090821
6.219682687859849,6.402508,-0.18282509412257308
6.219682687859849,6.598895,-0.37921238507716293
6.218963061378869,6.4859776,-0.26701458830985203
6.214670164989233,6.3750615,-0.16039134700417534
6.214670164989233,5.987082,0.22758816044211372
6.214670164989233,6.5159135,-0.30124332149148003
6.214670164989233,6.0084486,0.2062215642201899
6.214670164989233,5.834415,0.38025520603537544
6.213958789757446,6.4029717,-0.18901295477990754
6.209011524911184,6.9877086,-0.7786970436618139
6.208863974184242,5.6224513,0.5864126687948374
6.207608310501746,6.132103,0.07550534419315191
6.207608310501746,5.884099,0.32350930384891363
6.207608310501746,6.2089734,-0.001365097243615665
6.207608310501746,6.152241,0.055367080490759335
6.20690839982342,6.2712564,-0.06434804701495889
6.20690839982342,6.001125,0.20578354096721885
6.200997366572283,5.95435,0.24664737191285901
6.200659450546418,6.349353,-0.14869338606246885
6.200659450546418,5.316111,0.8845483627473456
6.199970640755866,5.98922,0.21075049839136373
6.198596289982644,6.1146846,0.08391170822605254
6.196542884351587,6.1040235,0.0925194277781003
6.195860567664649,6.6280427,-0.43218213024184493
6.1944991418416,5.7927413,0.4017578431660631
6.194003282659082,6.00511,0.1888934956717776
6.1938200260161125,5.833782,0.3600378299711906
6.1938200260161125,6.115832,0.07798817405688396
6.187086643357144,6.1247005,0.062386097092495874
6.187086643357144,5.7187214,0.4683652535866365
6.187086643357144,6.854254,-0.6671671255637541
6.187086643357144,5.7465053,0.440581382889615
6.187086643357144,6.2182655,-0.031178890090121314
6.187086643357144,5.7180686,0.4690180436562166
6.184982855504627,5.7605495,0.42443331021654096
6.18111458540599,6.149783,0.03133145094554113
6.181061866969181,5.5305934,0.6504684717360263
6.180456064458131,5.7552414,0.42521467041516203
6.180456064458131,5.963897,0.21655883621716399
6.177831920631983,6.231248,-0.05341598128452052
6.177831920631983,5.266734,0.9110977974020029
6.177178354696896,5.998814,0.17836424870934753
6.175874166083451,6.618455,-0.4425807670830526
6.173925197299173,6.262842,-0.08891698104555346
6.173277479831008,6.2457323,-0.07245482760307365
6.173277479831008,6.5289574,-0.355679887112351
6.172630726946174,6.1289177,0.04371303285437733
6.170696227168975,6.068264,0.10243221960061533
6.170696227168975,6.4183187,-0.2476225213051464
6.170053304058364,6.085503,0.08455020270948665
6.168770306132936,6.4316654,-0.26289511439929036
6.167491087293763,5.5605845,0.6069065421582653
6.167491087293763,6.0548964,0.11259473261847042
6.167491087293763,6.2433105,-0.07581936421380497
6.167491087293763,6.2963467,-0.12885557713494755
6.165999168848947,5.9644427,0.20155643889899544
6.164309428507575,5.9537587,0.21055071192432262
6.161780778092375,5.916203,0.24557775608920096
6.161150909262744,6.290242,-0.1290912858666502
6.161150909262744,6.2146087,-0.053457760018261524
6.161150909262744,5.905549,0.25560185988530293
6.1598939055432425,5.9360504,0.22384349050417995
6.157996449290077,6.003785,0.15421131592826054
6.15676722190199,6.0551324,0.10163483283338692
6.155522824254319,6.437841,-0.28231811431379583
6.154901959985743,6.10475,0.050151803583155186
6.154901959985743,6.111463,0.04343889006997159
6.154901959985743,6.850678,-0.6957760070857901
6.154901959985743,6.06427,0.09063194045449308
6.154901959985743,6.254822,-0.09991981735800692
6.152449686946641,5.9125166,0.23993309301353527
6.149966742310231,6.007699,0.14226772955388345
6.1487416512809245,5.239358,0.9093837029777019
6.1432711096171175,6.720309,-0.5770376710530485
6.140165467725366,5.6837373,0.4564281897407465
6.137999883359545,6.315509,-0.17750895910871645
6.136677139879544,5.5835085,0.5531686483634308
6.136677139879544,5.86563,0.2710469900382355
6.133712660915805,6.4330072,-0.29929457937960535
6.130915050968056,6.3996954,-0.2687803454552835
6.130768280269024,5.5933213,0.5374469568742484
6.130768280269024,6.2562327,-0.12546445822584928
6.1295960947209736,5.831057,0.29853902303518254
6.129011186239424,5.7378116,0.39119962084025417
6.1249387366083,6.7404604,-0.6155216592046884
6.1249387366083,5.957058,0.16788078372744053
6.1249387366083,6.0161395,0.10879922931459873
6.1249387366083,6.2562776,-0.13133882457944424
6.120330794367947,6.649216,-0.5288853807113991
6.119186407719209,6.142376,-0.023189538325713244
6.119186407719209,6.1332755,-0.014089101161406603
6.119186407719209,5.533769,0.5854172770124215
6.119186407719209,6.0013795,0.11780691782052699
6.119186407719209,5.7903147,0.3288717333417672
6.11690664142431,6.094117,0.02278947681249388
6.11690664142431,5.562961,0.5539455398923279
6.115317910566342,5.8977547,0.21756324137688932
6.114000248610756,6.0074167,0.10658352345206445
6.113509274827518,5.594507,0.5190020574202912
6.113509274827518,5.4192414,0.6942678464522736
6.111259039317107,6.366119,-0.25485986861135945
6.110138278741811,5.90202,0.20811830117223096
6.107905397309519,6.174012,-0.0661067868335472
6.102372908709558,5.466239,0.6361339331846558
6.102372908709558,6.3073874,-0.20501444328018792
6.100726812682396,6.126278,-0.02555111090158846
6.100179497572904,6.1547866,-0.054607089188571045
6.100179497572904,5.7879634,0.31221610722256177
6.100179497572904,6.2696924,-0.1695129233865691
6.100089266209717,5.903291,0.19679804077636742
6.100089266209717,6.0715466,0.028542711644287344
6.096910013008056,6.5536947,-0.45678471202856485
6.096910013008056,5.578999,0.5179109704970699
6.096910013008056,5.9585724,0.13833762531274374
6.095825631715837,5.9368877,0.1589378906269694
6.094824991461839,6.0123715,0.08245345139225879
6.092588639225414,5.749979,0.342609620060375
6.091997798827446,6.1251173,-0.03311950311347189
6.09151498112135,6.073921,0.017593777508068342
6.09151498112135,6.0910063,0.0005087021296503735
6.09151498112135,6.1251173,-0.033602320819568376
6.090872058010739,5.979031,0.11184097204272181
6.087246696328677,6.9134154,-0.8261687356476415
6.086186147616283,5.769766,0.31642029373444736
6.086186147616283,5.904572,0.1816141375760001
6.086186147616283,5.764843,0.3213431605557364
6.086186147616283,5.7804112,0.3057749041775626
6.086186147616283,5.7480288,0.338157392428295
6.084072788302884,6.279386,-0.19531325524569976
6.07847999262515,5.685675,0.3928048484295932
6.078313524516398,6.219112,-0.14079839488667822
6.076755981369724,6.0463014,0.030454616471041973
6.075720713938118,5.9780936,0.09762708982312773
6.071092309756047,6.3610954,-0.29000311871075013
6.070581074285707,6.2225976,-0.15201652474383387
6.070581074285707,5.6240406,0.44654047064801183
6.065501548756432,5.973411,0.09209046553499611
6.065501548756432,5.961523,0.10397849272615822
6.065501548756432,6.238038,-0.17253651429288475
6.063486257521107,5.957233,0.10625330540318689
6.060480747381382,6.201748,-0.14126714690572761
6.060480747381382,5.933539,0.12694183365457512
6.060480747381382,5.622165,0.43831554428689934
6.060480747381382,5.780064,0.28041664139383293
6.057000406633959,6.17304,-0.11603950654353135
6.057000406633959,6.044442,0.012558229815111233
6.050609993355087,5.8293996,0.2212104076312098
6.050609993355087,6.071604,-0.020993781669327305
6.049148541111453,5.9660344,0.08311412872741997
6.047691990337874,6.159037,-0.11134512285182296
6.046240308266771,6.17304,-0.12679960491071895
6.045757490560675,6.9521646,-0.9064071594027041
6.045757490560675,5.552822,0.4929353775235654
6.045757490560675,6.1272883,-0.081530850961542
6.045757490560675,5.7102747,0.33548279421057714
6.045757490560675,5.9341073,0.11165018694129003
6.045757490560675,5.8041587,0.24159880296912206
6.045757490560675,5.912367,0.1333906234952451
6.045757490560675,5.395191,0.6505662979337217
6.045757490560675,5.194838,0.8509194435330869
6.044312249686494,5.771896,0.272416364218965
6.043831569524636,6.0223374,0.021494132848610903
6.043351420794797,6.2535806,-0.21022914942615056
6.043351420794797,5.5792804,0.46407104436047053
6.040958607678906,5.942472,0.09848662663032215
6.040005161671584,6.170992,-0.1309867359114234
6.039053804266169,5.7820663,0.2569874590513255
6.03763066432998,5.959447,0.07818375728652338
6.037157318798758,6.5970845,-0.5599272034485567
6.037157318798758,5.8236895,0.2134678580443632
6.0343280287798935,5.7677875,0.2665405722674423
6.031517051446064,6.0695443,-0.03802726389207045
6.031050319018657,6.101442,-0.07039154118031732
6.030584087646019,6.25863,-0.22804571124314155
6.029188389127482,5.6886535,0.3405349200417884
6.026872146400301,6.0711784,-0.0443062898789961
6.026872146400301,6.047767,-0.02089501592269727
6.026041313893296,6.213473,-0.18743152927687046
6.020907099361674,6.57028,-0.5493729757115684
6.0195421077239,6.2464356,-0.22689353451853123
6.017728766960431,7.0704856,-1.0527568249279966
6.016373712875465,5.769833,0.2465406249543225
6.013676222949234,6.102548,-0.08887189945677143
6.013228265733755,5.8063416,0.20688661763194816
6.013228265733755,6.173738,-0.1605097370433448
6.008773924307505,5.429954,0.5788198723360694
6.004737849662705,5.984416,0.020321841667099605
6.004364805402449,5.2609096,0.7434552480599201
6.0,5.705489,0.2945108413696289
6.0,5.989469,0.010530948638916016
6.0,6.1150694,-0.11506938934326172
6.0,5.891554,0.10844612121582031
6.0,6.1524034,-0.1524033546447754
6.0,5.9817266,0.018273353576660156
6.0,5.932915,0.06708478927612305
6.0,5.761069,0.23893117904663086
6.0,6.0557494,-0.05574941635131836
6.0,5.8308234,0.16917657852172852
6.0,6.047205,-0.04720497131347656
6.0,6.094166,-0.09416580200195312
6.0,5.766873,0.23312711715698242
6.0,5.7248907,0.27510929107666016
6.0,5.6079655,0.39203453063964844
6.0,5.7503796,0.2496204376220703
6.0,5.778179,0.22182083129882812
6.0,5.813169,0.18683099746704102
6.0,5.938231,0.06176900863647461
6.0,5.9390078,0.06099224090576172
6.0,5.8077126,0.19228744506835938
6.0,5.9547186,0.045281410217285156
6.0,5.8077126,0.19228744506835938
6.0,5.9547186,0.045281410217285156
6.0,5.8422894,0.15771055221557617
6.0,5.6940217,0.30597829818725586
6.0,5.644518,0.3554821014404297
6.0,5.634036,0.3659639358520508
6.0,5.6817365,0.31826353073120117
6.0,5.7178636,0.2821364402770996
6.0,6.54833,-0.5483298301696777
6.0,6.0749907,-0.07499074935913086
6.0,6.1621675,-0.16216754913330078
6.0,5.9127545,0.08724546432495117
6.0,5.8043337,0.19566631317138672
6.0,5.951555,0.04844522476196289
6.0,5.7507215,0.24927854537963867
6.0,5.7386756,0.261324405670166
6.0,5.796356,0.203643798828125
6.0,5.77802,0.22198009490966797
6.0,5.842838,0.15716218948364258
6.0,5.787156,0.2128438949584961
6.0,5.804113,0.19588708877563477
6.0,5.7965455,0.20345449447631836
6.0,5.7140994,0.2859005928039551
6.0,5.7599177,0.2400822639465332
6.0,6.2286763,-0.22867631912231445
6.0,5.5801287,0.41987133026123047
6.0,5.7133803,0.2866196632385254
6.0,5.979062,0.02093791961669922
6.0,5.950157,0.04984283447265625
6.0,5.606011,0.39398908615112305
6.0,6.415498,-0.4154977798461914
6.0,6.0983644,-0.09836435317993164
6.0,5.9793806,0.02061939239501953
6.0,6.0939255,-0.09392547607421875
6.0,5.2665253,0.7334747314453125
6.0,6.2479925,-0.24799251556396484
6.0,5.8926435,0.10735654830932617
6.0,5.9550266,0.04497337341308594
6.0,5.9550266,0.04497337341308594
6.0,5.9834046,0.01659536361694336
6.0,5.9358697,0.06413030624389648
6.0,5.50529,0.49470996856689453
6.0,5.7506914,0.24930858612060547
6.0,5.762147,0.2378530502319336
6.0,5.7507215,0.24927854537963867
6.0,5.7386756,0.261324405670166
6.0,5.7308693,0.2691307067871094
6.0,5.7967987,0.2032012939453125
6.0,5.9065113,0.09348869323730469
6.0,5.6728945,0.3271055221557617
6.0,5.497969,0.5020308494567871
6.0,5.8115797,0.18842029571533203
6.0,6.0939255,-0.09392547607421875
6.0,5.9834046,0.01659536361694336
6.0,5.9647202,0.03527975082397461
6.0,5.9586096,0.041390419006347656
6.0,5.726429,0.2735710144042969
6.0,6.1068525,-0.10685253143310547
6.0,5.9032984,0.09670162200927734
6.0,5.9849167,0.01508331298828125
6.0,6.1293263,-0.12932634353637695
6.0,6.76484,-0.7648401260375977
6.0,6.3193054,-0.319305419921875
6.0,5.956649,0.043351173400878906
6.0,5.9230227,0.07697725296020508
6.0,5.941287,0.05871295928955078
6.0,5.7441697,0.2558302879333496
6.0,5.687127,0.31287288665771484
6.0,6.7017803,-0.7017803192138672
6.0,6.072361,-0.07236099243164062
6.0,5.9760027,0.02399730682373047
6.0,6.2088904,-0.20889043807983398
6.0,5.993897,0.006103038787841797
6.0,5.8013935,0.1986064910888672
6.0,5.956596,0.04340410232543945
6.0,6.2110257,-0.21102571487426758
6.0,5.786943,0.2130570411682129
6.0,5.9518976,0.048102378845214844
6.0,5.936459,0.06354093551635742
6.0,5.893859,0.1061410903930664
6.0,5.9635906,0.03640937805175781
6.0,6.073623,-0.0736231803894043
6.0,6.353109,-0.35310888290405273
6.0,6.0927997,-0.09279966354370117
6.0,6.362194,-0.3621940612792969
6.0,5.9991283,0.0008716583251953125
6.0,5.8418446,0.1581554412841797
6.0,6.0321794,-0.03217935562133789
6.0,6.1838818,-0.1838817596435547
6.0,5.924479,0.07552099227905273
6.0,6.125176,-0.12517595291137695
6.0,5.899356,0.10064411163330078
6.0,6.140764,-0.1407642364501953
6.0,5.9719887,0.028011322021484375
6.0,6.208737,-0.20873689651489258
6.0,6.0314765,-0.031476497650146484
6.0,6.00852,-0.008520126342773438
6.0,5.917714,0.08228588104248047
6.0,6.0497684,-0.04976844787597656
6.0,6.0309715,-0.030971527099609375
6.0,5.7085166,0.29148340225219727
6.0,5.8012958,0.19870424270629883
6.0,5.9760027,0.02399730682373047
6.0,5.794337,0.20566320419311523
6.0,5.698741,0.30125904083251953
6.0,5.9928336,0.007166385650634766
6.0,6.0402756,-0.04027557373046875
6.0,5.9625545,0.0374455451965332
6.0,5.947636,0.05236387252807617
6.0,5.893859,0.1061410903930664
6.0,5.8820376,0.11796236038208008
6.0,6.1002913,-0.10029125213623047
6.0,5.9680576,0.03194236755371094
6.0,6.0926237,-0.09262371063232422
6.0,6.0550156,-0.05501556396484375
6.0,6.1002913,-0.10029125213623047
6.0,6.0895233,-0.0895233154296875
6.0,6.038741,-0.038741111755371094
6.0,6.007254,-0.007254123687744141
6.0,6.075401,-0.07540082931518555
6.0,6.040737,-0.040737152099609375
6.0,6.1218934,-0.12189340591430664
6.0,5.782446,0.21755409240722656
6.0,6.040737,-0.040737152099609375
6.0,6.040737,-0.040737152099609375
6.0,6.0201225,-0.020122528076171875
6.0,6.0178366,-0.017836570739746094
6.0,6.063626,-0.06362581253051758
6.0,6.0087867,-0.008786678314208984
6.0,5.969013,0.030986785888671875
6.0,5.975553,0.024446964263916016
6.0,5.941913,0.05808687210083008
6.0,6.184531,-0.18453121185302734
6.0,5.6171737,0.3828263282775879
6.0,5.881605,0.11839485168457031
6.0,6.115294,-0.11529397964477539
6.0,5.9886613,0.01133871078491211
6.0,6.0286317,-0.02863168716430664
6.0,6.0653224,-0.0653223991394043
6.0,5.9272614,0.0727386474609375
6.0,6.3215094,-0.32150936126708984
6.0,5.873491,0.1265091896057129
6.0,5.9601493,0.039850711822509766
6.0,6.01893,-0.01892995834350586
6.0,5.873491,0.1265091896057129
6.0,6.01893,-0.01892995834350586
6.0,5.6886053,0.31139469146728516
6.0,5.7541404,0.24585962295532227
6.0,6.1043096,-0.1043095588684082
6.0,6.0634336,-0.06343364715576172
6.0,6.0359864,-0.03598642349243164
6.0,5.85283,0.1471700668334961
6.0,6.0359864,-0.03598642349243164
6.0,6.0359864,-0.03598642349243164
6.0,6.3950696,-0.39506959915161133
6.0,6.0858445,-0.08584451675415039
6.0,6.1376996,-0.13769960403442383
6.0,5.9593697,0.040630340576171875
6.0,5.5133915,0.48660850524902344
6.0,6.163237,-0.1632370948791504
6.0,6.1184554,-0.11845541000366211
6.0,6.138762,-0.1387619972229004
6.0,6.016318,-0.01631784439086914
6.0,6.1212325,-0.12123250961303711
6.0,6.9776382,-0.9776382446289062
6.0,6.2943997,-0.2943997383117676
6.0,7.1111403,-1.111140251159668
6.0,6.0114107,-0.011410713195800781
6.0,5.8097453,0.19025468826293945
6.0,6.2754855,-0.2754855155944824
6.0,6.0570517,-0.057051658630371094
6.0,5.7079477,0.2920522689819336
6.0,5.9835653,0.016434669494628906
6.0,5.9593697,0.040630340576171875
6.0,5.625824,0.374176025390625
6.0,6.0190744,-0.019074440002441406
6.0,5.9708652,0.029134750366210938
6.0,5.814811,0.18518877029418945
6.0,5.921726,0.07827377319335938
6.0,6.257187,-0.2571868896484375
6.0,6.400849,-0.4008488655090332
6.0,6.0667596,-0.06675958633422852
6.0,5.960236,0.0397639274597168
6.0,6.4101057,-0.41010570526123047
6.0,6.077974,-0.07797384262084961
6.0,5.730772,0.2692279815673828
6.0,6.2159057,-0.21590566635131836
6.0,5.8799095,0.12009048461914062
6.0,5.829588,0.1704120635986328
6.0,5.5869184,0.41308164596557617
6.0,5.8097453,0.19025468826293945
6.0,6.328675,-0.3286747932434082
6.0,6.120039,-0.12003898620605469
6.0,6.1609793,-0.1609792709350586
6.0,7.105189,-1.1051888465881348
6.0,5.9021063,0.09789371490478516
6.0,6.2260947,-0.22609472274780273
6.0,5.904972,0.09502792358398438
6.0,6.044885,-0.04488515853881836
6.0,6.3210588,-0.3210587501525879
6.0,6.234516,-0.23451614379882812
6.0,6.0843167,-0.08431673049926758
6.0,6.448147,-0.4481468200683594
6.0,6.1712174,-0.1712174415588379
6.0,6.0369163,-0.036916255950927734
6.0,5.9958763,0.004123687744140625
6.0,6.0439553,-0.043955326080322266
6.0,6.0753746,-0.07537460327148438
6.0,5.968312,0.03168821334838867
6.0,6.026237,-0.026237010955810547
6.0,5.9048905,0.09510946273803711
6.0,5.9388475,0.06115245819091797
6.0,6.0114107,-0.011410713195800781
6.0,6.1066,-0.10659980773925781
6.0,6.030985,-0.030984878540039062
6.0,6.0236034,-0.023603439331054688
6.0,6.0176334,-0.017633438110351562
6.0,5.9933834,0.0066165924072265625
6.0,5.9933834,0.0066165924072265625
6.0,5.9439416,0.056058406829833984
6.0,6.026237,-0.026237010955810547
6.0,5.9048905,0.09510946273803711
6.0,5.918584,0.08141613006591797
6.0,5.9287825,0.07121753692626953
6.0,6.0923586,-0.09235858917236328
6.0,5.8460155,0.15398454666137695
6.0,5.8405085,0.15949153900146484
6.0,6.055432,-0.05543184280395508
6.0,5.6097527,0.3902473449707031
6.0,5.517508,0.48249197006225586
6.0,5.838712,0.16128778457641602
6.0,6.2754855,-0.2754855155944824
6.0,6.1609793,-0.1609792709350586
6.0,6.0570517,-0.057051658630371094
6.0,6.15289,-0.15289020538330078
6.0,6.0708137,-0.07081365585327148
6.0,6.066653,-0.06665277481079102
6.0,5.9640064,0.03599357604980469
6.0,5.981913,0.018086910247802734
6.0,5.486462,0.5135378837585449
6.0,6.047744,-0.047743797302246094
6.0,5.8717217,0.12827825546264648
6.0,5.918584,0.08141613006591797
6.0,5.986249,0.013751029968261719
6.0,6.0632973,-0.06329727172851562
6.0,5.9650245,0.034975528717041016
6.0,5.837803,0.16219711303710938
6.0,6.0381575,-0.03815746307373047
6.0,6.112453,-0.11245298385620117
6.0,5.8277583,0.1722416877746582
6.0,5.523123,0.47687721252441406
6.0,5.5840073,0.41599273681640625
6.0,5.952725,0.04727506637573242
6.0,5.6343074,0.3656926155090332
6.0,5.9539447,0.04605531692504883
6.0,5.9719563,0.028043746948242188
6.0,5.8573112,0.14268875122070312
6.0,5.938909,0.061090946197509766
6.0,6.284296,-0.28429603576660156
6.0,5.9604616,0.03953838348388672
6.0,6.1074114,-0.10741138458251953
6.0,5.915003,0.08499717712402344
6.0,5.760847,0.2391529083251953
6.0,5.989469,0.010530948638916016
6.0,5.984349,0.015651226043701172
6.0,5.570114,0.4298858642578125
6.0,6.000542,-0.0005421638488769531
6.0,5.8149714,0.1850285530090332
6.0,6.0022583,-0.00225830078125
6.0,6.0022583,-0.00225830078125
6.0,5.877687,0.12231302261352539
6.0,6.1914644,-0.19146442413330078
6.0,5.8704224,0.12957763671875
6.0,6.1914644,-0.19146442413330078
6.0,5.8765707,0.1234292984008789
6.0,5.87712,0.1228799819946289
6.0,5.9820123,0.017987728118896484
6.0,5.970748,0.029252052307128906
6.0,5.9541316,0.0458683967590332
6.0,5.7356014,0.26439857482910156
6.0,5.946021,0.053978919982910156
6.0,6.093656,-0.09365606307983398
6.0,5.946021,0.053978919982910156
6.0,5.8940682,0.10593175888061523
6.0,5.905239,0.09476089477539062
6.0,5.9561725,0.04382753372192383
6.0,5.9244633,0.07553672790527344
6.0,6.2415423,-0.24154233932495117
6.0,6.05966,-0.05965995788574219
6.0,6.1910653,-0.19106531143188477
6.0,5.8845577,0.11544227600097656
6.0,5.889328,0.1106719970703125
6.0,6.078269,-0.07826900482177734
6.0,5.9657564,0.03424358367919922
6.0,5.818305,0.18169498443603516
6.0,5.9614215,0.03857851028442383
6.0,5.455753,0.5442471504211426
6.0,5.623849,0.37615108489990234
6.0,5.4811416,0.5188584327697754
6.0,5.7112517,0.28874826431274414
6.0,5.6769075,0.3230924606323242
6.0,6.013211,-0.013210773468017578
6.0,5.897696,0.10230398178100586
6.0,5.881775,0.11822509765625
6.0,5.8046956,0.19530439376831055
6.0,5.935455,0.0645451545715332
6.0,5.756368,0.24363183975219727
6.0,5.756368,0.24363183975219727
6.0,6.2415423,-0.24154233932495117
6.0,6.05966,-0.05965995788574219
6.0,6.9358673,-0.9358673095703125
6.0,5.9132385,0.086761474609375
6.0,6.047494,-0.047493934631347656
6.0,6.0648546,-0.06485462188720703
6.0,5.9362144,0.06378555297851562
6.0,6.0656753,-0.06567525863647461
5.995678626217357,6.068512,-0.07283333667326808
5.993106292052099,6.026829,-0.03372247381704163
5.991399828238082,5.958516,0.032883707327437506
5.989276134608227,5.4236584,0.5656177636365474
5.988429556402721,4.9615955,1.026834021124401
5.987162775294828,6.3027067,-0.31554394314999623
5.987162775294828,5.7927556,0.19440717150454478
5.982966660701219,6.1364803,-0.15351367071967914
5.982966660701219,5.611472,0.37149453087944195
5.982966660701219,5.559045,0.42392182274955914
5.982966660701219,5.999419,-0.016452551640089297
5.980053318321158,6.2098155,-0.22976218384559033
5.979638717352293,6.036451,-0.0568121455322288
5.979224511806442,5.890191,0.08903343362040683
5.978810700930062,5.7525816,0.22622910455555
5.97469413473523,6.200712,-0.2260180692442626
5.97469413473523,5.880084,0.09461009695446787
5.97469413473523,5.67012,0.3045743723145753
5.971022294791222,5.980247,-0.009224725930213395
5.969805214643249,5.658274,0.3115310409066767
5.969400278034049,6.04141,-0.0720096912957846
5.96617430604669,5.701337,0.2648374453899516
5.960585880823863,6.0346413,-0.07405538504527787
5.958607314841775,5.7407017,0.21790563942673558
5.958607314841775,6.8708606,-0.912253261787864
5.958607314841775,5.8910255,0.06758177162888401
5.958607314841775,5.577496,0.38111126305344456
5.958607314841775,5.425588,0.5330191838908469
5.958607314841775,6.25637,-0.2977627527546609
5.958607314841775,5.8601775,0.09842979790451878
5.958607314841775,5.9867454,-0.028138042671653096
5.958607314841775,6.150779,-0.1921714556050027
5.958607314841775,5.691321,0.267286418693093
5.958607314841775,5.606221,0.3523861158061301
5.958607314841775,5.9918222,-0.03321492789504177
5.958607314841775,5.8150134,0.14359390618088597
5.958607314841775,6.439699,-0.4810918581318582
5.958607314841775,5.7410045,0.2176028478312766
5.958607314841775,5.8928504,0.06575691582444065
5.958607314841775,6.024385,-0.06577766059157497
5.958607314841775,4.5202227,1.43838465096238
5.958607314841775,5.8175344,0.14107286812546604
5.958607314841775,5.8294773,0.12913000466111058
5.958607314841775,5.336609,0.6219984281230246
5.958607314841775,5.831144,0.12746345879319065
5.958607314841775,6.053311,-0.09470355628249294
5.958607314841775,5.8489823,0.10962498070481175
5.958607314841775,6.019105,-0.06049764273879177
5.958607314841775,6.023481,-0.06487357733962185
5.958607314841775,6.094358,-0.13575065253493435
5.958607314841775,5.4582376,0.5003696668315207
5.95663772197887,5.850832,0.10580573650523739
5.954677021213342,5.910695,0.04398194522457288
5.954594872933028,6.362375,-0.4077799096292276
5.950781977329818,5.773661,0.1771208407026208
5.950781977329818,6.748396,-0.7976139424699866
5.948076083953893,5.851069,0.09700711041263332
5.94692155651658,5.256845,0.6900765591105742
5.943095148663527,5.263831,0.6792640100526874
5.938170692705301,6.069643,-0.1314723279245822
5.93800122662597,5.891551,0.04645020886473983
5.937042165915489,5.2441654,0.6928767453832627
5.937042165915489,6.38143,-0.44438798316287986
5.929223537156565,5.62017,0.30905342073200437
5.929223537156565,5.437815,0.49140834779499265
5.929223537156565,5.844567,0.08465671510456296
5.928117992693874,5.8912725,0.03684544783303423
5.928117992693874,5.6798005,0.24831748228737993
5.924453038607469,6.1756783,-0.25122521456635916
5.920818753952375,5.0904665,0.8303522546237616
5.920818753952375,5.9117856,0.009033151382794813
5.920818753952375,5.791943,0.1288756806796698
5.920818753952375,5.5404615,0.3803572137302069
5.920818753952375,5.99063,-0.0698113958889337
5.920818753952375,5.9953747,-0.0745559256130548
5.920818753952375,5.6669335,0.2538852174228339
5.920818753952375,5.6252174,0.29560131620823427
5.920818753952375,5.726908,0.19391054701267763
5.920818753952375,5.357355,0.5634636361545233
5.920410177937011,5.8608994,0.05951072954223591
5.918292729902651,6.292463,-0.37417009587249517
5.917214629683549,5.579821,0.33739351991182076
5.917214629683549,5.719826,0.19738840821748482
5.914709421769935,6.0366096,-0.12190022788826838
5.913640169325252,6.044298,-0.1306580026718187
5.910094888560602,5.9310074,-0.020912496693304305
5.910094888560602,6.475713,-0.5656178876234801
5.910094888560602,5.855539,0.054556043498346085
5.905528871358355,6.0662856,-0.16075673884061992
5.903089986991944,6.0535254,-0.15043546085351522
5.903089986991944,5.7976627,0.1054272520065922
5.903089986991944,4.4390135,1.464076505851807
5.899998417198648,5.630732,0.2692663577198884
5.899998417198648,5.8656793,0.03431915313004463
5.899974269892137,5.800396,0.09957830431596548
5.899629454882437,5.961993,-0.0623637625858251
5.897223385116559,5.895698,0.0015253145904363663
5.892790030352131,6.154083,-0.26129274476383557
5.892111974817201,6.018589,-0.12647704495818957
5.890084136976206,5.784082,0.1060022010936379
5.890041992921547,6.248792,-0.35875017855672464
5.886056647693163,6.025808,-0.13975120982026468
5.886056647693163,5.662909,0.22314761677885642
5.886056647693163,5.6498537,0.23620294133329978
5.886056647693163,5.0576124,0.8284442285647451
5.886056647693163,6.1492543,-0.2631976743588389
5.886056647693163,6.3466754,-0.4606187482724131
5.886056647693163,5.7978334,0.08822320500517478
5.886056647693163,5.5284963,0.3575603822817861
5.886056647693163,5.8112693,0.07478736439848532
5.8794260687941495,5.742046,0.13738018943013586
5.878440155812499,5.8946195,-0.016179309061768343
5.878000503440344,5.8946195,-0.01661896143392383
5.876148359032914,5.3930173,0.48313106701020914
5.876148359032914,5.8370214,0.03912700817231851
5.875169850586141,6.254474,-0.3793043124692792
5.872895201635192,5.9283032,-0.055408040094544475
5.872895201635192,5.7166796,0.15621562857610982
5.872571222148402,6.156315,-0.28374362770511397
5.870000928042575,6.127237,-0.2572359150665555
5.8696662315049934,5.8922853,-0.022619115479869834
5.8696662315049934,5.4017735,0.4678927787462044
5.8696662315049934,6.2246213,-0.35495506442396163
5.866461091629782,5.559571,0.30689030229262393
5.866461091629782,5.687999,0.17846231996230166
5.865822892423234,5.9585485,-0.09272565341416872
5.86359655186601,6.08087,-0.21727359965376536
5.86359655186601,5.731458,0.13213836476273855
5.863279432843593,5.7054405,0.15783891160335894
5.8607507824283935,5.3509703,0.5097805141788818
5.8607507824283935,5.933017,-0.07226599461018068
5.860120913598763,6.059768,-0.19964728632189122
5.858863909879261,5.958354,-0.09949008639759427
5.857923538926715,6.0923486,-0.23442503666532577
5.856985199745905,5.994283,-0.1372979995643977
5.856985199745905,5.7394376,0.11754761963726246
5.854492828590337,6.2439694,-0.3894766118698678
5.853871964321762,5.8086042,0.045267723904281354
5.853871964321762,6.1442437,-0.2903717528718417
5.853871964321762,6.5877256,-0.7338536750214999
5.853871964321762,5.7689047,0.08496727834764073
5.853871964321762,5.1507206,0.7031513680082853
5.853871964321762,5.6262946,0.22757735143724034
5.853871964321762,6.225036,-0.37116417993483
5.853871964321762,5.9507685,-0.09689650644239833
5.853871964321762,5.738065,0.11580719839158604
5.853871964321762,5.9636574,-0.1097854148286288
5.853871964321762,5.680496,0.17337574850144932
5.852323675758901,5.994757,-0.14243349968665608
5.85078088734462,6.2150335,-0.3642526438443445
5.847711655616944,5.889157,-0.04144516277294841
5.844663962534938,5.8072324,0.03743158262160762
5.844663962534938,6.170992,-0.3263279350480701
5.844663962534938,5.628417,0.2162469474592541
5.84163750790475,5.337443,0.5041946329963025
5.84163750790475,5.702686,0.13895167492745486
5.840132152907433,5.6343045,0.20582762943941546
5.838332587562264,5.5929046,0.24542801984375817
5.838033383635925,5.6204576,0.21757573440496802
5.835647144215563,6.454354,-0.6187066651411266
5.832682665251824,6.008528,-0.17584556732263845
5.830031826003108,6.7230253,-0.8929934959573416
5.8297382846050425,5.61443,0.21530833389093118
5.8297382846050425,5.831344,-0.0016058430499867882
5.8297382846050425,5.616556,0.21318211700250345
5.82915179635669,6.1919622,-0.3628104457697745
5.825358807339551,5.7972183,0.028140484585644998
5.823908740944319,5.279631,0.5442776030964183
5.823908740944319,5.5952816,0.22862713999217021
5.823908740944319,5.5610027,0.26290600962107646
5.823908740944319,6.0641932,-0.24028450780446065
5.823908740944319,7.0227227,-1.1988139801555349
5.823908740944319,5.3672967,0.45661204523509014
5.823908740944319,5.7569714,0.06693738169138896
5.823908740944319,5.8242555,-0.000346725516862989
5.823908740944319,5.539201,0.28470795816843975
5.823908740944319,5.3877926,0.4361161536640452
5.821954549582578,5.611047,0.21090775850591825
5.821954549582578,5.436384,0.3855703485327737
5.821023052706831,6.152745,-0.33172171734321765
5.820161071976813,6.0577583,-0.23759725932201547
5.8198741248359465,5.3971257,0.42274840385816326
5.818156412055227,5.359932,0.45822446625444613
5.818156412055227,5.7722797,0.045876672675344565
5.815308569182401,5.5603952,0.2549133283987093
5.8124792791635365,5.5716343,0.2408449865609974
5.806041021980813,6.1948247,-0.388783673606345
5.800000874803203,5.584103,0.21589776735081045
5.800000874803203,5.6426487,0.15735217790378897
5.79997073344623,6.0393605,-0.2393897897776469
5.79997073344623,5.9341908,-0.13422001667584027
5.79997073344623,6.133324,-0.3333534128245219
5.798876102792621,5.846683,-0.047806922567486865
5.7979996527877145,5.816812,-0.018812385633916406
5.795880017344075,5.579719,0.21616095072420194
5.795880017344075,4.951978,0.8439018107095535
5.795880017344075,6.1891804,-0.3933003568014328
5.795880017344075,5.304762,0.4911181307473953
5.795880017344075,5.922903,-0.12702304356901095
5.79317412396815,5.981286,-0.18811192492101014
5.792365632611038,5.533492,0.25887354429316733
5.788078915691491,6.7495975,-0.9615186337469854
5.786216700664696,5.8127694,-0.026552712329689143
5.785156151952302,5.4857163,0.29943980902627665
5.782516055786093,5.6084576,0.1740584904784761
5.782516055786093,5.4341063,0.34840970584102493
5.782516055786093,6.1447825,-0.36226648739627976
5.779107750780481,6.2325215,-0.45341378318558334
5.778846678045294,6.7842717,-1.005425039026239
5.777283528852417,5.767009,0.010274747419311225
5.774949303861951,5.172717,0.6022322094405643
5.774690718274137,5.7744713,0.00021943531515233872
5.774690718274137,6.039368,-0.2646774343442715
5.773142429711276,5.671092,0.10205039632504587
5.772113295386326,5.3732414,0.39887187082577924
5.769551078621726,5.1884007,0.5811503332298802
5.769551078621726,5.7766967,-0.007145603354592467
5.769551078621726,5.6032844,0.1662667196434544
5.769551078621726,6.0343895,-0.2648384172278835
5.769551078621726,5.973172,-0.2036211091834499
5.769551078621726,6.1027474,-0.3331963617164089
5.769295686387431,6.1860037,-0.41670799861012764
5.761452112318672,5.8848004,-0.12334832179387689
5.757210190521324,5.2766466,0.48056357644661674
5.756961951313706,5.4490767,0.3078852987868501
5.75448733218585,5.5389175,0.21556979068194337
5.75448733218585,6.0376916,-0.2832042609843164
5.753999025514739,5.6631274,0.0908716031819754
5.747146969020107,5.6365366,0.11061037081454028
5.74521031260279,6.0869846,-0.34177432179662404
5.7447274948966935,5.678681,0.06604659813766034
5.7447274948966935,6.041692,-0.2969642851936385
5.7447274948966935,6.028818,-0.2840906355964705
5.7447274948966935,5.372371,0.37235629814986737
5.742321425130816,5.7022033,0.04011815135762298
5.741602195904491,5.4484234,0.293178810284374
5.739964408466519,5.59967,0.1402944751474271
5.739928612014925,5.7826366,-0.04270803044112981
5.73796234567482,5.5390897,0.1988726659568023
5.735890843694191,5.218687,0.5172037861990741
5.73118809626022,5.5056434,0.22554472849288576
5.729787145103757,5.383784,0.34600332781249765
5.729321163855293,5.5563416,0.1729795157534868
5.72584215073632,5.8117557,-0.08591350645972451
5.725380380908762,5.783449,-0.05806879206487103
5.723538195826755,5.740702,-0.017163956425441995
5.721246399047171,5.729074,-0.007827602265084721
5.721246399047171,6.085619,-0.3643725737311492
5.721246399047171,6.0349417,-0.31369527423163746
5.721246399047171,5.5845623,0.13668409741142895
5.721246399047171,5.691808,0.029438175322805904
5.721246399047171,5.1889744,0.5322720185540071
5.721246399047171,5.725141,-0.003894649384225346
5.721246399047171,5.577267,0.14397922909477856
5.721246399047171,5.774265,-0.053018413422311284
5.720623281343046,5.9265428,-0.20591947759860396
5.71669877129645,5.4401245,0.2765742595776999
5.714442690992226,5.962434,-0.24799112401021528
5.7121982700697735,6.055905,-0.34370659519511904
5.709965388637482,5.7096972,0.00026814208596803724
5.707743928643524,5.7790213,-0.07127733447903495
5.707743928643524,5.4143305,0.2934134461606135
5.707743928643524,6.045655,-0.33791084506863456
5.703334809738469,5.6678486,0.035486222702336256
5.703334809738469,5.4937954,0.20953941484100813
5.703334809738469,5.827887,-0.12455224851958757
5.701146923590294,5.993724,-0.29257694573343684
5.700057099977233,5.6697598,0.03029734961102193
5.700057099977233,5.970085,-0.2700280440657359
5.700057099977233,6.174918,-0.4748610747664195
5.700057099977233,5.7547107,-0.054653574308655806
5.700028801930125,5.8421397,-0.14211091898662342
5.698970004336019,5.3213882,0.3775817597071125
5.698970004336019,5.8597784,-0.1608083998998211
5.698970004336019,6.004893,-0.3059228217443035
5.698970004336019,5.2936935,0.40527646185555
5.698970004336019,5.060088,0.6388818466822102
5.698970004336019,5.095508,0.6034619057337238
5.698970004336019,5.3814287,0.3175412857691242
5.698970004336019,5.6368756,0.06209437491096992
5.698970004336019,6.430476,-0.7315061843236492
5.698970004336019,5.877051,-0.1780808722814129
5.698970004336019,5.401271,0.2976991379419758
5.698970004336019,5.158493,0.5404769623438312
5.698970004336019,5.5301733,0.1687967026392414
5.698970004336019,6.394695,-0.6957248008092449
5.698970004336019,6.0689797,-0.3700097358068035
5.698970004336019,5.774384,-0.07541401742301446
5.698970004336019,5.9577737,-0.2588036811193035
5.696803942579511,5.6182227,0.07858122910905241
5.694648630553376,5.7195663,-0.024917714661468082
5.694648630553376,5.6969805,-0.0023318458260188635
5.692932049338701,6.150063,-0.45713098853361345
5.692503962086787,5.430576,0.261928114461055
5.692076296388118,5.403174,0.2889023728956861
5.690369832574101,5.651532,0.0388376594173625
5.690369832574101,5.747606,-0.057235968054561326
5.690369832574101,5.856448,-0.16607834094884844
5.690369832574101,5.6711335,0.019236314355106643
5.689519108537325,6.393771,-0.7042520630324995
5.686132779630847,5.1359324,0.5502003341047237
5.684029654543082,5.718702,-0.03467218490393975
5.681936665037238,5.721526,-0.03958948089782055
5.681936665037238,6.0219517,-0.340015010377801
5.681936665037238,5.397426,0.28451053664978687
5.679230771661313,5.3675375,0.311693273187192
5.6777807052660805,5.967808,-0.29002706450931015
5.6777807052660805,5.4761047,0.20167596893795547
5.6777807052660805,5.4988747,0.17890604095943985
5.6777807052660805,6.235823,-0.5580424491833824
5.6777807052660805,5.059741,0.6180396850634438
5.6777807052660805,6.02395,-0.3461693946789879
5.6777807052660805,6.190468,-0.5126871292065758
5.6777807052660805,5.7029986,-0.025217932886995698
5.6777807052660805,5.363859,0.3139215286303383
5.675717544702307,5.156873,0.5188443185365355
5.675717544702307,5.691499,-0.01578168854354267
5.673664139071249,5.6813817,-0.007717563351846479
5.670398751643481,5.8351917,-0.16479297504108903
5.667561540084394,5.7389784,-0.0714168458408988
5.665546248849069,5.9043274,-0.23878114372905568
5.66354026615147,5.6910768,-0.027536489372211648
5.663140179083191,5.5629864,0.10015380518182404
5.661543506395395,6.065317,-0.4037736475352691
5.661543506395395,5.7713957,-0.10985217689317928
5.661543506395395,5.74684,-0.08529649375719295
5.660151216962364,5.509286,0.1508652901435159
5.6595558851598815,5.3396635,0.3198923796056823
5.6595558851598815,5.7617598,-0.10220387283572396
5.657577319177793,5.4949384,0.16263894561211956
5.657577319177793,5.6235604,0.03401689055840862
5.657577319177793,5.690533,-0.032955841985536694
5.657577319177793,5.3466673,0.31091002944390667
5.657577319177793,5.732083,-0.0745055246027242
5.657577319177793,5.589438,0.06813935759942424
5.657577319177793,5.4531107,0.20446662429253948
5.657577319177793,5.85025,-0.1926724481256734
5.657577319177793,5.6084843,0.04909305098931682
5.657577319177793,5.731147,-0.07356949326117146
5.657577319177793,5.634106,0.023471159967588306
5.657577319177793,5.585179,0.07239846709649456
5.657577319177793,5.642695,0.014882369074033619
5.657577319177793,5.4966555,0.1609218550054301
5.657577319177793,5.5551844,0.10239295485894573
5.657577319177793,5.4861717,0.171405596765684
5.657577319177793,5.6565967,0.0009806585637797127
5.657577319177793,5.7830467,-0.125469403234316
5.657577319177793,5.6438856,0.013691706690000416
5.657577319177793,5.516219,0.1413581800786723
5.657577319177793,5.63007,0.027507109674619556
5.657577319177793,5.725421,-0.06784363266546833
5.657577319177793,5.522468,0.13510922912042034
5.657577319177793,5.810722,-0.15314455505926716
5.657577319177793,5.702332,-0.04475470062811482
5.655607726314889,5.471352,0.1842556259425745
5.654038458186859,4.9887843,0.6652541449849547
5.653647025549361,5.3124957,0.341151317083785
5.651695136951839,5.2802067,0.3714884566539878
5.649364391741045,4.532396,1.116968552049883
5.648715807085038,5.746598,-0.09788195979118264
5.647817481888637,5.9366727,-0.2888552056418803
5.645507399410564,5.607926,0.03758150753434286
5.6439741428068775,5.4298635,0.21411068989550053
5.642065152999546,5.6372504,0.004814729568149545
5.639595945270061,5.900899,-0.2613029881405833
5.638272163982407,5.6381207,0.00015151273728974957
5.638272163982407,5.712646,-0.07437384355543486
5.638272163982407,5.7259116,-0.0876394532966458
5.638272163982407,5.657485,-0.019212844257339157
5.638272163982407,5.309196,0.3290761686515964
5.638272163982407,5.633457,0.004814980144516312
5.638272163982407,5.543706,0.0945662237358249
5.638272163982407,5.6055903,0.03268182050706514
5.638272163982407,5.544858,0.09341418516160616
5.638272163982407,5.818494,-0.18022167909620634
5.638272163982407,5.4120803,0.22619187604905733
5.638272163982407,5.4533577,0.1849144674492038
5.638272163982407,5.423053,0.21521937620164522
5.638272163982407,5.59148,0.046792385692612015
5.638272163982407,5.6062646,0.03200757276536592
5.638272163982407,5.7693157,-0.13104355562208525
5.638272163982407,5.3182607,0.320011494274155
5.638272163982407,5.451394,0.18687808286668428
5.638272163982407,5.7930307,-0.15475857484815947
5.638272163982407,5.553874,0.08439814817430147
5.638272163982407,5.639469,-0.001196982746108688
5.638272163982407,5.641124,-0.0028516076850735317
5.638272163982407,5.6430526,-0.004780413990005172
5.638272163982407,5.6518593,-0.013587119464858688
5.638272163982407,5.591301,0.04697119962693819
5.638272163982407,5.7819433,-0.1436711572456204
5.638272163982407,5.6463904,-0.008118274097427047
5.638272163982407,5.53668,0.10159194242478975
5.638272163982407,5.673014,-0.03474199998854033
5.638272163982407,5.637959,0.00031316053392060894
5.638272163982407,5.5883293,0.04994284879686006
5.638272163982407,5.2408605,0.39741170179368623
5.638272163982407,5.5638204,0.07445180189134248
5.638272163982407,5.7942734,-0.1560012124824368
5.638272163982407,5.647394,-0.009122016315444625
5.638272163982407,5.8353963,-0.19712412584303252
5.638272163982407,5.66609,-0.02781784761427275
5.638272163982407,5.5856757,0.05259644758226045
5.638272163982407,5.408154,0.23011815320970186
5.638272163982407,5.5001097,0.13816249143602022
5.638272163982407,5.6486654,-0.010393264179214157
5.632644078973981,5.4169207,0.21572341704771159
5.631403678647631,5.2691383,0.3622653424659905
5.630784142589857,5.4205375,0.21024667081861637
5.629116983222394,5.3102074,0.3189096162790346
5.627087997029893,5.8679056,-0.2408176197303611
5.625251653989896,5.5445676,0.0806840689984405
5.625251653989896,5.340087,0.285164717039212
5.623423042943488,5.434127,0.18929618900061662
5.623423042943488,5.487898,0.13552517001868303
5.623423042943488,6.021769,-0.39834600383995955
5.619969752032169,5.5413074,0.07866230269134888
5.619788758288394,5.9601545,-0.34036577509783683
5.619788758288394,5.812844,-0.19305504130267082
5.619788758288394,5.548548,0.07124053670025887
5.619788758288394,5.4734516,0.14633714390851082
5.619788758288394,5.90841,-0.2886213140382665
5.619788758288394,5.7434945,-0.12370575236224113
5.619788758288394,5.644662,-0.02487314509295402
5.617982957425132,5.50391,0.11407289272786603
5.616184634019569,5.9042487,-0.2880640804274526
5.614393726401688,5.6827497,-0.06835602182829259
5.613322716039162,5.773873,-0.16055013628627712
5.610833915635467,5.820646,-0.20981189353811658
5.607303046740334,5.673122,-0.06581888242836698
5.605548319173783,5.541807,0.06374114449116597
5.6020599913279625,5.7022905,-0.10023054364518202
5.6020599913279625,5.600644,0.0014158796946617258
5.6020599913279625,6.1092763,-0.5072163033802894
5.6020599913279625,4.856071,0.745988995997152
5.6020599913279625,5.610125,-0.008065073521891009
5.6020599913279625,5.382453,0.21960702654524766
5.6020599913279625,5.0371175,0.564942510096273
5.6020599913279625,5.1938763,0.4081837248484703
5.6020599913279625,4.968994,0.6330658507029625
5.6020599913279625,5.360739,0.24132076021834337
5.6020599913279625,5.2101703,0.39188972231551134
5.59999938302362,5.5546603,0.0453390627416379
5.599980364934842,6.4222603,-0.8222799194889863
5.596707854841746,5.8059177,-0.2092098850264179
5.5951662833800615,5.4019604,0.1932059104552568
5.5951662833800615,5.486428,0.10873849941399705
5.5934598195660445,6.1013913,-0.5079314958941605
5.590066876668706,5.972705,-0.3826380107214309
5.58838029403677,4.93995,0.6484303047179223
5.586700235918748,5.170572,0.41612843187211723
5.586700235918748,5.470768,0.11593226106523247
5.585026652029182,5.1656404,0.41938629787268766
5.585026652029182,5.5615053,0.023521334341193523
5.585026652029182,6.099584,-0.5145574506014334
5.585026652029182,5.5010347,0.08399191539588102
5.585026652029182,5.466638,0.11838856380286344
5.581698708680255,5.18094,0.4007585574656556
5.581532979053399,5.3789973,0.2025356531561826
5.581036169296377,5.066499,0.5145369360505274
5.578396073130168,5.698351,-0.11995483324190204
5.578396073130168,5.4482193,0.13017677381376203
5.576754126063192,6.033437,-0.45668264914432743
5.574465779501736,5.881281,-0.3068151195461155
5.573488738635424,5.62496,-0.05147120704328678
5.571865205971211,5.0953994,0.476465826240986
5.568636235841012,5.37787,0.19076615298578758
5.568636235841012,5.576106,-0.0074698356311557745
5.568636235841012,5.7162137,-0.14757746731450538
5.568636235841012,6.052625,-0.4839889434497593
5.568636235841012,5.3670006,0.20163565600702782
5.568636235841012,6.1664915,-0.5978552726428745
5.568636235841012,6.522101,-0.9534646896045444
5.56700026150232,5.888819,-0.32181895617956435
5.565431095965801,5.006971,0.5584602135500294
5.565431095965801,5.251407,0.31402394951194346
5.562249437179612,5.2560906,0.30615879615788355
5.562249437179612,5.655213,-0.09296344200129614
5.560667306169737,5.5182314,0.042435914262998864
5.560667306169737,5.430154,0.1305134594290145
5.5598862788877685,6.9507794,-1.3908931591310303
5.559090917934782,4.9386435,0.6204474624294107
5.559090917934782,5.549387,0.009703939785367766
5.557520230935552,5.873557,-0.31603685982372554
5.557520230935552,5.6219397,-0.06441942818310054
5.555955204081924,5.359242,0.19671324164906245
5.554395796726403,5.4592147,0.09518110937899049
5.554395796726403,5.4793305,0.07506525702303346
5.552841968657781,5.5404205,0.01242143643121807
5.552841968657781,5.541521,0.011320896270085257
5.552841968657781,5.4712033,0.08163864147882549
5.552841968657781,5.4712033,0.08163864147882549
5.552841968657781,5.5598774,-0.007035426972102243
5.552841968657781,5.20614,0.3467019273064622
5.552841968657781,5.378776,0.17406589520197002
5.552841968657781,5.480029,0.07281286251764385
5.552841968657781,5.448568,0.10427410137872783
5.552841968657781,5.5422273,0.010614700438786429
5.552841968657781,5.5404205,0.01242143643121807
5.552841968657781,6.3442974,-0.7914554403998366
5.552841968657781,5.6274056,-0.0745636748053542
5.552841968657781,5.541521,0.011320896270085257
5.552841968657781,5.5584803,-0.005638294098567087
5.552841968657781,5.5484796,0.0043624116204270535
5.552841968657781,5.2827654,0.27007658016901104
5.552841968657781,5.675689,-0.12284725177068623
5.552841968657781,5.6221166,-0.06927459704656513
5.552841968657781,5.484397,0.06844503414850323
5.55129368009492,5.532742,0.018551656626902613
5.549750891680639,5.5298896,0.01986130809299258
5.549750891680639,5.3608193,0.1889315519284418
5.549750891680639,5.457644,0.09210690593234805
5.543633966870956,5.132052,0.4115820221382904
5.543633966870956,5.727764,-0.18413016276771543
5.542572307053515,5.1517763,0.3907959932717766
5.541060138109674,5.549769,-0.008708786603460972
5.5406075122407685,5.6760364,-0.13542884563887014
5.53985418250825,6.035694,-0.4958399398062028
5.539102157243452,5.9480286,-0.4089264072096732
5.537602002101044,5.5741425,-0.03654045395364314
5.537602002101044,5.37905,0.15855222411642522
5.537602002101044,5.2779274,0.25967460341940374
5.536107011014092,5.438806,0.09730095403777383
5.531652669587842,5.726265,-0.19461228402543895
5.531209737900388,5.679383,-0.1481730631555198
5.530177984021837,5.7228127,-0.19263466856605405
5.530177984021837,4.9394135,0.5907644365059674
5.529736553034922,6.2132955,-0.6835589067123928
5.527243550682788,5.4233737,0.1038698514945553
5.525783735923745,5.6424103,-0.11662654239656778
5.525638023967369,5.5367436,-0.011105616932288953
5.52432881167557,5.379161,0.14516793063308953
5.523313257054355,5.5839496,-0.060636308833096564
5.522878745280337,5.7338967,-0.21101798704998487
5.522878745280337,5.4433546,0.07952413865191943
5.522878745280337,5.9612675,-0.43838872603313916
5.522878745280337,5.768717,-0.24583806685345166
5.522878745280337,4.8338943,0.6889844925032378
5.522878745280337,5.5823503,-0.05947150877850049
5.522878745280337,5.457099,0.06577978440387255
5.522878745280337,5.524852,-0.0019730537308930707
5.522878745280337,5.4636745,0.05920419999225146
5.522878745280337,5.353168,0.16971073456866748
5.522878745280337,5.1358423,0.38703642197711474
5.522878745280337,5.1011863,0.42169246979815966
5.517698232776557,5.885934,-0.3682356432610403
5.515758525723032,5.287255,0.2285037153897802
5.514278573518419,5.6096873,-0.09540875482020361
5.512861624522813,5.76846,-0.25559817238270455
5.512861624522813,5.1413016,0.3715599925953228
5.512861624522813,5.2727804,0.24008120612681694
5.511449283499555,5.1434007,0.3680486144016548
5.5101820916985496,5.38709,0.12309188555230932
5.510041520575165,5.963897,-0.4538557076658014
5.510041520575165,5.8196974,-0.3096558594907526
5.510041520575165,5.685664,-0.17562265636575258
5.510041520575165,5.4210114,0.08903007266867125
5.508638306165727,5.632652,-0.12401349971195863
5.508638306165727,5.174507,0.33413116505244567
5.507239610973162,5.19503,0.3122093985708183
5.507239610973162,5.553057,-0.04581758278294146
5.50003813440381,5.625739,-0.125700963191405
5.50003813440381,5.624796,-0.12475777929247922
5.50003813440381,5.646389,-0.14635087316454953
5.50003813440381,5.572439,-0.0724010593217761
5.50003813440381,5.785639,-0.2856006748002917
5.50003813440381,5.6259356,-0.1258974201005847
5.498940737782249,5.1804385,0.31850221925807887
5.498940737782249,5.2477903,0.25115040117336207
5.495257363728312,4.943083,0.5521745542800698
5.494850021680094,5.4811773,0.013672691663003889
5.494850021680094,5.58785,-0.093000072161459
5.494850021680094,5.4712625,0.023587566693521467
5.494850021680094,4.7904315,0.7044185221988926
5.494850021680094,5.2640805,0.23076949723551365
5.490931954982838,5.5529056,-0.06197360455695655
5.488116639021126,5.1260114,0.36210526740857674
5.488116639021126,5.615477,-0.12736044609239983
5.488116639021126,5.8392606,-0.351143939134392
5.486782399932061,5.659606,-0.17282357998737297
5.486782399932061,5.0924788,0.39430364779583016
5.485452247339714,5.7022033,-0.21675102643347977
5.481486060122112,5.668735,-0.18724896719112039
5.481486060122112,5.813628,-0.33214213659419656
5.481486060122112,5.446168,0.03531811426029563
5.481486060122112,5.555643,-0.07415702154292703
5.481486060122112,5.5192947,-0.037808678647419214
5.481486060122112,5.2806354,0.20085070321903586
5.481486060122112,5.2806354,0.20085070321903586
5.481486060122112,6.4800215,-0.9985354166234934
5.479254528480517,5.9601808,-0.48092623094941445
5.479254528480517,5.2310066,0.24824790616606407
5.47755576649368,5.648965,-0.17140911540329284
5.469651079823194,5.3965745,0.0730765826002937
5.468521082957745,5.289905,0.17861601169919972
5.468521082957745,5.373386,0.09513517673826222
5.468521082957745,5.5002327,-0.031711613575458486
5.468521082957745,5.8676066,-0.3990855569043159
5.468521082957745,5.563189,-0.09466794673585888
5.468521082957745,5.316666,0.15185495670652394
5.468521082957745,5.932015,-0.4634938592114448
5.467245621007502,5.3356147,0.13163093976360596
5.467245621007502,5.3239603,0.14328531674724854
5.466609291982449,5.5934753,-0.12686604981442606
5.464579281943827,5.823402,-0.358822646004171
5.464058996346937,5.453088,0.01097118964527688
5.46344155742847,5.256845,0.20659656002246418
5.461929212956829,6.954702,-1.492772687525349
5.461175011062096,5.5311446,-0.06996960792594109
5.459670525209127,5.439442,0.02022836746376555
5.459670525209127,5.4390106,0.02065990509193938
5.458420756053419,5.292358,0.16606283445307746
5.458420756053419,5.2627463,0.19567442197749152
5.458295976715712,5.633215,-0.174918973845811
5.458000392775788,5.499739,-0.04173877729867481
5.457299030551889,5.6955214,-0.23822232412340405
5.455931955649724,5.7036843,-0.24775237433684794
5.455931955649724,4.783544,0.6723878920816091
5.455931955649724,5.346519,0.10941296227203878
5.455931955649724,5.120405,0.33552675850616964
5.452225294612178,5.859311,-0.40708580920862314
5.447088549783491,5.309718,0.1373704177644477
5.44648105985103,5.5289927,-0.08251159304203615
5.446359663768646,5.8329825,-0.3866228763619688
5.446359663768646,5.6554747,-0.20911499901211528
5.44490555142168,5.4490767,-0.004171101105175268
5.44490555142168,4.77503,0.6698754153132818
5.443697499232712,5.52087,-0.07717270950752209
5.443697499232712,5.468625,-0.024927569431838492
5.443697499232712,6.1224294,-0.6787318716474147
5.443697499232712,5.6069546,-0.16325707535224865
5.443697499232712,5.2802124,0.1634850968889623
5.438898616350944,5.994601,-0.5557021565067224
5.435333935747911,5.402275,0.03305885029869238
5.434270212168872,5.404721,0.029549428935229827
5.432268037451931,5.2888927,0.1433752914802513
5.431798275933005,5.575225,-0.14342660047080358
5.431798275933005,5.3815837,0.05021458528969447
5.429457060118103,5.0087667,0.42069040896453824
5.429457060118103,5.4534955,-0.024038442353821132
5.429223631205252,5.357901,0.07132253486125784
5.428291168191312,4.699419,0.7288721465848669
5.427593132441944,5.0903397,0.33725347179741316
5.427128397799519,5.76628,-0.3391517764558518
5.425968732272281,5.253589,0.17237957898248624
5.422508200162774,5.5957856,-0.17327741766559512
5.42021640338319,5.0268025,0.39341386355775043
5.42021640338319,5.5272145,-0.10699812374693707
5.42021640338319,5.892365,-0.4721485754070933
5.42021640338319,4.8562574,0.5639589647235219
5.42021640338319,4.9966693,0.4235471109332387
5.42021640338319,5.3040676,0.11614879168885395
5.41907502432438,5.3322067,0.0868682982501614
5.417936637088291,5.5669665,-0.14902989657259802
5.417936637088291,5.7015123,-0.2835756996426664
5.417368560510363,5.2201896,0.19717898912974796
5.415895029600547,5.1822486,0.23364643722383782
5.415668775632469,5.473825,-0.058156202242287236
5.4152905157442,5.6505904,-0.23529990402508716
5.414869142302521,5.202304,0.21256525588894704
5.413412695328245,4.7387247,0.674687986771116
5.412289034981089,5.658491,-0.2462020996624661
5.412289034981089,5.3877134,0.02457560266907688
5.411168274405792,5.492502,-0.08133393811862177
5.4089353929735005,5.959169,-0.5502335180067242
5.4089353929735005,6.7989573,-1.3900219548963726
5.4089353929735005,5.5726886,-0.16375318658582572
5.408267761048164,5.466304,-0.058036064330253545
5.407823242604133,5.242346,0.1654774326676094
5.402304814074488,5.6807227,-0.27841789939597117
5.401209493236885,5.513952,-0.11274228517498042
5.400662867007511,5.1857357,0.2149271644928623
5.400007822415902,5.4516015,-0.05159368286363897
5.400007822415902,5.5338283,-0.13382043609850225
5.3979400086720375,5.365155,0.03278478864029921
5.3979400086720375,5.138177,0.25976309064225234
5.3979400086720375,5.2614,0.13653978589371718
5.3979400086720375,5.5570793,-0.15913930651350938
5.3979400086720375,5.1146894,0.28325065854386366
5.3979400086720375,5.204927,0.19301304105118788
5.3979400086720375,4.7272215,0.6707185197194008
5.3979400086720375,5.2027044,0.19523557904557265
5.39577394691553,5.1863394,0.20943456855859655
5.3952341152961125,5.426889,-0.03165482742239334
5.388701637703571,5.7938566,-0.4051549830850032
5.388382889445664,5.6010175,-0.21263458568251004
5.3872161432802645,5.3441644,0.04305177178978603
5.3872161432802645,4.61074,0.776475958496329
5.3872161432802645,5.1446433,0.2425728365480868
5.386158178123931,4.8956375,0.49052066591689947
5.384559728783053,6.807834,-1.4232744196239295
5.38153350780092,5.067501,0.3140324396856853
5.3810110796350665,5.5228944,-0.1418833028417401
5.379968104873703,5.6728363,-0.29286819883723414
5.379239510005794,5.4482913,-0.06905179172150078
5.377785977033705,5.545374,-0.1675879395922717
5.3769999834366455,5.4223285,-0.045328488700805636
5.376750709602099,5.2363453,0.1404054184644039
5.376750709602099,5.3149295,0.0618212242810543
5.376750709602099,4.869982,0.5067689438550289
5.375717904164332,5.256845,0.11887290675832585
5.373659632624958,5.640242,-0.2665824671370052
5.373659632624958,5.3942966,-0.020637013493206346
5.371611069949688,5.4684157,-0.09680466720241121
5.370896349822864,5.0469284,0.3239679440611454
5.368556230986828,5.219496,0.14906045767139808
5.366531544420413,5.1110196,0.25551193306177034
5.366531544420413,5.3816805,-0.015148944166012868
5.366531544420413,5.1978455,0.1686860854360379
5.366531544420413,5.2534146,0.11311691353052034
5.366531544420413,5.4864225,-0.1198909943369113
5.366531544420413,5.3628955,0.0036360556813992417
5.366531544420413,5.436905,-0.07037336280614959
5.366531544420413,5.5095224,-0.1429908936289035
5.366531544420413,5.3549976,0.011533909532717601
5.366531544420413,5.5049963,-0.13846475532323943
5.366531544420413,5.3363686,0.03016298362939729
5.366531544420413,5.356258,0.010273628923586742
5.366531544420413,5.319108,0.04742353508203401
5.366531544420413,5.2535152,0.11301630089013948
5.366531544420413,5.240694,0.1258374983999051
5.366531544420413,5.3494577,0.017073803636721507
5.366531544420413,5.0853806,0.28115099022119416
5.366531544420413,5.430675,-0.06414348533422576
5.364516253185088,5.330998,0.03351830930691424
5.364516253185088,5.5817227,-0.2172064831735545
5.362510270487489,5.8510895,-0.48857920705157376
5.359518563029578,5.4490767,-0.0895580894972774
5.357733381097327,4.782479,0.5752545717406372
5.356547323513812,5.8000913,-0.44354394311826795
5.356547323513812,5.2511764,0.10537096624452502
5.356547323513812,4.965879,0.39066836004335315
5.354577730650908,5.212014,0.14256353234768504
5.349692476868063,5.5640564,-0.21436391961631163
5.348528147800957,5.1559277,0.1926004897199025
5.348140730753051,5.81769,-0.46954916487683196
5.348140730753051,5.955586,-0.6074452258204355
5.3469998598891575,4.9845552,0.3624446154433567
5.346787486224656,5.6908684,-0.3440808914608908
5.346787486224656,5.3032203,0.043567214160447065
5.346787486224656,5.4623475,-0.11556002125215059
5.346787486224656,5.276212,0.07057527080107207
5.346787486224656,5.197719,0.14906838908720488
5.346787486224656,4.9740615,0.37272599711943144
5.346787486224656,5.428446,-0.08165832981538301
5.346787486224656,4.9797206,0.36706689372587675
5.345823458122039,5.669383,-0.3235595908891913
5.34008379993015,4.9262834,0.4138004404025617
5.337242168318426,5.2623467,0.07489542378107217
5.334419008982047,5.5253043,-0.19088530849231855
5.330032630091496,5.4032774,-0.0732447670642653
5.330000131185909,5.5894456,-0.2594454597869911
5.3293831135996745,5.3988614,-0.06947829463396804
5.329197715739056,5.7865367,-0.45733897783394184
5.328827157284916,4.9435434,0.3852837231418498
5.328827157284916,5.851118,-0.5222909304836385
5.327902142064282,5.538177,-0.21027487133293477
5.327902142064282,5.1316013,0.19630080844611797
5.325138859262188,5.46335,-0.13821095992116117
5.325138859262188,5.3712926,-0.04615373183278226
5.323397830417981,5.656343,-0.3329451528278682
5.322758154053346,5.7979965,-0.47523836694274735
5.320572103387882,5.2665076,0.054064477808047684
5.320027305722581,5.6631346,-0.34310726916755563
5.319664486585436,5.3088017,0.010862835584459773
5.319664486585436,5.4479446,-0.12828015452784491
5.319664486585436,4.750796,0.5688686453683953
5.318758762624412,5.1989946,0.11976412608876785
5.318758762624412,5.313784,0.004974640157371368
5.318758762624412,4.8292193,0.4895394213463362
5.315154638355588,6.170788,-0.8556331729237092
5.314258261397736,5.462057,-0.1477988522497249
5.313274378925458,5.4578032,-0.1445288704336729
5.3124710387853655,5.3022914,0.010179645505336232
5.309803919971486,5.432466,-0.12266211014936346
5.308918507877031,5.245491,0.0634274800450001
5.305394801066431,5.351872,-0.04647716624924314
5.30434324006381,5.4916763,-0.18733309050259628
5.302770657240282,5.4419336,-0.13916297465669025
5.302000424349328,5.2255735,0.076426884615441
5.30189945437661,5.3015385,0.0003609869693832479
5.30189945437661,5.622586,-0.32068631909140777
5.30189945437661,6.3024554,-1.0005559708858414
5.301725423325633,5.552986,-0.2512607216938987
5.301029995663981,4.826123,0.474906758054118
5.301029995663981,5.1731086,0.12792141793570977
5.301029995663981,5.804853,-0.5038229668299152
5.301029995663981,5.383454,-0.08242385031380195
5.301029995663981,4.898138,0.4028919493993328
5.301029995663981,5.6268044,-0.32577435614265937
5.301029995663981,5.570109,-0.269078894869466
5.301029995663981,5.6801543,-0.3791243279138996
5.301029995663981,4.869698,0.4313319480260418
5.301029995663981,5.302358,-0.0013281548181964808
5.301029995663981,5.263209,0.03782112954459649
5.301029995663981,4.96598,0.3350499427159832
5.301029995663981,5.353797,-0.05276696325935859
5.301029995663981,6.137668,-0.8366381371180012
5.301029995663981,5.4026184,-0.10158841253914375
5.301029995663981,5.438275,-0.13724486471809882
5.301029995663981,5.327485,-0.026455088869710153
5.301029995663981,5.7684455,-0.46741549612679023
5.301029995663981,5.493133,-0.19210307242073554
5.300515099054699,5.6046963,-0.3041811747490115
5.300162274132754,5.5783334,-0.2781711037053807
5.299988937677888,5.0357985,0.26419038802578854
5.299988937677888,5.353056,-0.05306701630160404
5.299988937677888,5.351546,-0.051556873021574745
5.299988937677888,5.228297,0.07169170409634518
5.299988937677888,5.462294,-0.16230516403719975
5.298432014944073,5.2560906,0.04234137392234416
5.295334814545472,5.18581,0.10952472543414427
5.292429823902063,5.650502,-0.35807238099295624
5.292429823902063,4.7689457,0.5234841299323367
5.292429823902063,5.464636,-0.17220602509696015
5.292004253577071,5.1605177,0.13148656101115286
5.291215074534333,5.580319,-0.28910385323055987
5.291015178892631,5.442149,-0.1511339833998493
5.290730039024169,5.4703484,-0.17961831913012816
5.288192770958808,4.8240757,0.4641170721062693
5.288024145648244,5.1380005,0.15002365736699375
5.2839966563652006,5.4596953,-0.1756986828376803
5.2839966563652006,5.680557,-0.39656011777420375
5.282329496997738,5.5016603,-0.21933084998712538
5.281498311132726,5.3023667,-0.02086842241829956
5.281498311132726,5.292481,-0.010982634454432372
5.280420142286276,5.566824,-0.2864038170643095
5.276544327964814,5.321646,-0.045101885566680266
5.275724130399211,5.161949,0.11377497268436709
5.275724130399211,5.2958736,-0.020149511568562595
5.275724130399211,5.310719,-0.034994882814900485
5.275724130399211,5.25515,0.020574289090617093
5.275724130399211,5.292097,-0.016372961275593845
5.275724130399211,5.269226,0.006498056180460843
5.275724130399211,5.163907,0.11181707931278506
5.275724130399211,5.2736907,0.0020334298682049834
5.275724130399211,5.1769085,0.09881563735721866
5.275724130399211,5.253512,0.022212224729044827
5.275724130399211,4.7302637,0.5454604203772382
5.275724130399211,5.384055,-0.1083310072350665
5.275724130399211,5.2149515,0.060772615201456937
5.275724130399211,5.3266993,-0.050975126497761813
5.275724130399211,5.380875,-0.10515098022700986
5.275724130399211,5.23182,0.043904023892863187
5.274823698580863,6.0240393,-0.7492155699127894
5.273272790973428,5.318744,-0.04547139161324232
5.273272790973428,5.419238,-0.14596529954170911
5.272052290455203,5.133768,0.13828420879016434
5.271646217978772,5.052132,0.21951408830958297
5.268411234813261,4.8699284,0.39848287482790923
5.267606240177031,5.0813794,0.1862268265722946
5.267606240177031,4.9086957,0.3589105423926071
5.266802734893431,5.5843573,-0.3175545267642841
5.265200170411153,6.7038746,-1.4386744176015425
5.259637310505756,5.385743,-0.12610583066856051
5.259637310505756,5.250759,0.008878185749896517
5.259637310505756,5.277555,-0.017917678355328093
5.259637310505756,5.3838763,-0.12423901319419528
5.259637310505756,5.6061716,-0.3465342974654355
5.259637310505756,5.6061716,-0.3465342974654355
5.259637310505756,5.722745,-0.4631076312056699
5.259637310505756,5.117449,0.14218850374306058
5.259637310505756,5.0612035,0.1984338307389102
5.259637310505756,5.7402935,-0.4806561923018613
5.259637310505756,5.269639,-0.010001704691998015
5.259637310505756,5.294093,-0.03445582151328708
5.259637310505756,5.3276515,-0.0680141901961484
5.259637310505756,5.522589,-0.26295189618980075
5.259637310505756,5.3935227,-0.1338854289046445
5.259637310505756,5.8100348,-0.550397441386334
5.259637310505756,5.444599,-0.18496184110557223
5.259637310505756,5.5173264,-0.25768904447471286
5.259637310505756,5.4077444,-0.1481070971480527
5.259637310505756,5.14084,0.11879725694740628
5.259637310505756,5.5439105,-0.2842731928816953
5.259637310505756,5.5970254,-0.3373880839339414
5.259637310505756,5.382749,-0.12311177015220309
5.259637310505756,5.656632,-0.3969946360579648
5.259637310505756,5.3771596,-0.11752228498374606
5.259637310505756,5.436149,-0.17651180982505466
5.259637310505756,5.597414,-0.3377767062178769
5.259637310505756,5.8115797,-0.5519423937789121
5.259637310505756,5.522716,-0.2630787348738828
5.259637310505756,5.467363,-0.20772557020103122
5.259637310505756,5.405508,-0.14587073087608005
5.259637310505756,5.5133915,-0.25375418424522067
5.259637310505756,5.705079,-0.4454417681685605
5.259637310505756,5.5301476,-0.2705102419844785
5.259637310505756,5.4978356,-0.23819832563316012
5.259637310505756,5.5038157,-0.24417834043418551
5.259637310505756,5.622136,-0.36249880552207614
5.259637310505756,5.5869184,-0.32728104352866794
5.259637310505756,5.5735726,-0.3139353251448789
5.259637310505756,5.625824,-0.3661866641036191
5.259637310505756,5.5650797,-0.305442378520123
5.259637310505756,5.699971,-0.44033388852988864
5.259637310505756,5.5869184,-0.32728104352866794
5.259637310505756,5.0904665,0.1691708111771426
5.259637310505756,5.3607717,-0.10113434553062106
5.259637310505756,5.4370813,-0.17744402646934176
5.259637310505756,5.526589,-0.26695160627280856
5.259637310505756,5.547398,-0.28776077985679294
5.259637310505756,5.7079477,-0.4483104205123105
5.259637310505756,5.153645,0.10599227190101956
5.259637310505756,5.252827,0.0068101429947695635
5.259637310505756,5.252827,0.0068101429947695635
5.259637310505756,5.2811646,-0.02152733564292575
5.259637310505756,5.2034426,0.05619473695839261
5.259637310505756,5.3189597,-0.05932240247642184
5.259637310505756,5.402112,-0.1424746966353574
5.259637310505756,5.529899,-0.27026180982505466
5.259637310505756,5.358003,-0.09836582899009372
5.259637310505756,5.3856277,-0.12599043607627536
5.259637310505756,5.0803275,0.17930979967201566
5.259637310505756,5.390627,-0.13098959684287692
5.259637310505756,5.5374584,-0.2778211092940488
5.259637310505756,5.519222,-0.2595844721785703
5.259637310505756,5.25419,0.005447342396625032
5.259637310505756,5.4235725,-0.16393522977744723
5.259637310505756,5.6298814,-0.3702440714827695
5.259637310505756,5.494168,-0.2345304942122617
5.259637310505756,5.6064587,-0.3468213534346738
5.259637310505756,5.7308693,-0.47123198270713473
5.259637310505756,5.206057,0.053580238819964876
5.259637310505756,5.9245605,-0.6649232363692441
5.259637310505756,5.1866426,0.07299466371620511
5.259637310505756,5.615401,-0.355763480662457
5.259637310505756,5.320965,-0.06132750272666598
5.259637310505756,5.519222,-0.2595844721785703
5.259637310505756,5.474312,-0.21467451810752536
5.259637310505756,5.50529,-0.24565272092734958
5.259637310505756,5.5223465,-0.26270918607627536
5.259637310505756,5.4348307,-0.17519335508262301
5.259637310505756,5.5077167,-0.24807934522544528
5.259637310505756,5.7020855,-0.4424481844893613
5.259637310505756,5.529899,-0.27026180982505466
5.259637310505756,5.681163,-0.4215255236617246
5.259637310505756,5.6003046,-0.34066729307090426
5.259637310505756,5.4720683,-0.21243099927817966
5.259637310505756,5.5374584,-0.2778211092940488
5.258848401148216,5.774397,-0.5155484952140883
5.258848401148216,4.913089,0.34575960262526717
5.256411849840096,5.1712856,0.08512622056763508
5.255550542553202,5.340768,-0.08521731785939579
5.254925208417943,5.306329,-0.05140356508059174
5.251811972993799,4.91574,0.3360719598712407
5.251811972993799,5.0646086,0.1872033990802251
5.251811972993799,5.6154346,-0.363622673612646
5.251811972993799,5.4132023,-0.16139031277280225
5.249491605148654,5.5052648,-0.25577315391506694
5.248951965179812,5.4462004,-0.19724840560876178
5.247183568811728,5.345713,-0.09852956976859417
5.2441251443275085,5.26298,-0.01885483995593873
5.2441251443275085,4.3920784,0.8520467446693054
5.2441251443275085,4.9499545,0.2941706345924011
5.2441251443275085,5.812844,-0.5687186552635559
5.24184537803261,5.1901584,0.05168701087562777
5.241088107602026,5.4339247,-0.1928365673857666
5.2403321553103694,5.5037613,-0.2634291361935368
5.240030142445693,5.3947353,-0.1547051938580175
5.240015047576483,5.5935698,-0.3535547079777164
5.239050048589103,5.7012076,-0.46215758919776206
5.238523220455298,5.9042096,-0.6656863933447505
5.237921912665361,5.5379405,-0.30001858950138693
5.236572006437063,5.129533,0.1070391924111842
5.236572006437063,5.642787,-0.40621497323822986
5.236572006437063,5.353797,-0.11722495248627673
5.236572006437063,5.1811,0.05547211477446545
5.236572006437063,5.5101604,-0.2735884397299291
5.235823867609669,5.411564,-0.1757400056813463
5.234260541478872,5.567203,-0.3329425034124851
5.232844133917819,5.2956953,-0.06285117095278636
5.231361898752386,5.252455,-0.021093335775201894
5.231000260603502,5.1664696,0.06453068662889283
5.229221603830853,5.744411,-0.5151893878378484
5.229147988357855,5.2658043,-0.03665630241362905
5.229147988357855,5.198495,0.03065307716400767
5.229147988357855,5.0449653,0.18418272117645884
5.229147988357855,5.1380305,0.09111745933563853
5.229147988357855,5.293719,-0.06457082649199819
5.229147988357855,5.2948585,-0.06571046730010366
5.229147988357855,5.4369836,-0.2078355969998107
5.229147988357855,5.245423,-0.016274851760552878
5.229147988357855,5.284828,-0.055680197677300924
5.229147988357855,5.2570686,-0.0279206456753478
5.229147988357855,5.130308,0.09883983711273814
5.229147988357855,5.135401,0.09374721626312876
5.229147988357855,4.708138,0.5210099993136659
5.229147988357855,5.1649837,0.06416423896820689
5.229147988357855,5.0976934,0.13145454505951548
5.229147988357855,4.9770823,0.2520657358554139
5.22767829327708,5.685315,-0.4576368388640333
5.22548303427145,5.1846185,0.04086456121847171
5.223298816011589,5.532834,-0.30953523702796204
5.223153591304701,5.1595416,0.06361198440162497
5.221848749616356,5.3200507,-0.09820196678379034
5.221848749616356,4.775734,0.4461148018624499
5.221848749616356,4.7963037,0.4255450005318835
5.221848749616356,5.041277,0.18057181785366083
5.221848749616356,5.196301,0.025547766187401066
5.221848749616356,5.5930524,-0.3712036376211927
5.221848749616356,4.826123,0.39572551200649286
5.220403508742176,5.2259355,-0.005531950394787266
5.219682687859849,5.5692716,-0.3495888766237938
5.219610671529047,5.000299,0.21931169463085354
5.218891164270534,5.162893,0.0559983458196065
5.2182446253475305,4.585898,0.6323467028316614
5.215382707367125,5.6383767,-0.42299400543194743
5.215382707367125,5.408172,-0.19278942321759196
5.215382707367125,5.102695,0.11268771911639242
5.214670164989233,5.239014,-0.024343983722925344
5.214670164989233,5.373935,-0.15926505763649956
5.214670164989233,4.5802274,0.6344427899587153
5.213248577854438,5.306893,-0.09364429400225127
5.212539525481585,5.1487546,0.06378492877137987
5.209011524911184,5.554107,-0.34509566426728266
5.207608310501746,5.2635055,-0.055897148330041446
5.207608310501746,5.2376246,-0.030016334731408634
5.207608310501746,4.977433,0.23017510585086676
5.207608310501746,5.1983333,0.009275047104528866
5.207608310501746,5.148663,0.058945266525915585
5.207608310501746,5.2926364,-0.08502808399898676
5.207608310501746,5.119464,0.08814438990848394
5.207608310501746,5.217281,-0.009672554213830509
5.207608310501746,5.2197413,-0.012133033950158634
5.207608310501746,5.225668,-0.018059642989465274
5.207608310501746,5.220514,-0.012905510146447696
5.207608310501746,5.1587524,0.04885586909549566
5.207608310501746,5.066457,0.14115151576297613
5.207608310501746,5.4230394,-0.21543112583858637
5.207608310501746,5.255136,-0.047527702529260196
5.207608310501746,5.2844515,-0.07684317417843012
5.207608310501746,5.135334,0.07227429560916754
5.207608310501746,5.16273,0.044878093521765194
5.207608310501746,5.1118865,0.0957218091894898
5.207608310501746,5.2247148,-0.017106445510217227
5.207608310501746,5.180806,0.026802150528601132
5.207608310501746,4.949706,0.25790223292606207
5.207608310501746,5.3798385,-0.17223015614254145
5.20690839982342,5.570071,-0.3631628205745292
5.204119982655925,4.704845,0.49927503102628634
5.204119982655925,4.418429,0.785691084798259
5.20266319922465,4.956052,0.2466113727475996
5.202040356262804,5.501191,-0.29915078295838704
5.200659450546418,5.476762,-0.27610236738571103
5.200659450546418,5.0217524,0.17890709306350772
5.200659450546418,4.7479773,0.45268219377151553
5.199970640755866,5.191563,0.008407511330816853
5.199970640755866,4.865741,0.33422986469385396
5.198596289982644,4.9784284,0.2201679261825955
5.197910742118268,5.3754463,-0.1775355774618097
5.197226274708024,5.63585,-0.4386236779897299
5.1944991418416,5.245042,-0.050542705387403686
5.1938200260161125,5.269488,-0.07566783180249104
5.1938200260161125,5.3968296,-0.20300957908642658
5.1938200260161125,5.1827602,0.011059787368651541
5.1938200260161125,5.3313036,-0.13748357048046955
5.1938200260161125,6.106054,-0.9122338031770028
5.189565844077327,5.268968,-0.07940226123883498
5.188424994129407,5.767344,-0.5789190038259155
5.188223978397096,5.070622,0.11760201108142176
5.187086643357144,5.3718123,-0.1847257002402678
5.187086643357144,5.910279,-0.7231921537925139
5.187086643357144,6.047997,-0.8609103544761076
5.187086643357144,5.229028,-0.04194158158792405
5.184422251675732,5.052132,0.1322901220065429
5.184223079701637,5.1432986,0.04092445375559173
5.18111458540599,4.3364882,0.8446263384882657
5.180456064458131,5.073134,0.10732211899304289
5.180456064458131,6.2814817,-1.101025678400756
5.180456064458131,4.649283,0.5311731321766366
5.180456064458131,5.0730743,0.10738172363781828
5.180456064458131,5.1382236,0.04223241638684172
5.179207618911796,5.438777,-0.2595693509978716
5.175874166083451,4.9288583,0.24701588590156653
5.173925197299173,5.451185,-0.2772600291412566
5.173925197299173,5.050714,0.12321118133847975
5.173925197299173,5.1992283,-0.025303089443990956
5.172630726946174,5.0810657,0.09156507219153553
5.168770306132936,4.4712033,0.6975669789539811
5.167491087293763,5.2750134,-0.10752235951409794
5.167491087293763,5.0490193,0.11847175059332393
5.167491087293763,5.268751,-0.1012600571154163
5.167491087293763,5.429419,-0.26192795338616826
5.166852888087215,5.1679745,-0.0011215839586835585
5.165579296318468,5.3043556,-0.13877632501942294
5.163675884293248,5.291521,-0.12784518809444734
5.163232952605794,5.105222,0.058010727416585084
5.162348442153608,5.1533833,0.008965187148724851
5.161780778092375,5.405965,-0.24418407328701974
5.161213855053406,5.0597672,0.10144660880706802
5.161150909262744,4.9880624,0.17308852751835957
5.161150909262744,5.332359,-0.1712079278649412
5.161150909262744,5.7553344,-0.594183468026074
5.161150909262744,5.2127357,-0.05158474366083965
5.161150909262744,5.144863,0.01628778060063496
5.160345619535736,5.7680964,-0.6077508274552308
5.158015195409886,5.2890306,-0.1310153565005141
5.154901959985743,4.9680095,0.18689248809243253
5.154901959985743,4.6300545,0.52484748610879
5.154901959985743,4.2967,0.8582019592228036
5.154901959985743,5.065866,0.08903596648598722
5.154901959985743,5.0716567,0.08324525603676847
5.154901959985743,5.2620754,-0.10717346420859286
5.154901959985743,5.772716,-0.6178140853938956
5.154901959985743,5.532786,-0.3778839325008292
5.152427340857888,4.973955,0.1784721864389427
5.151195298948196,5.0428696,0.10832573107710264
5.150949309430487,5.258439,-0.10748975459539167
5.150949309430487,5.0657225,0.08522684391535051
5.150514997831991,5.77582,-0.6253047806103922
5.14978275820161,5.9801283,-0.830345530067433
5.1487416512809245,5.1669874,-0.018245767847493433
5.146301788223825,5.378819,-0.23251720057622371
5.146301788223825,4.597221,0.5490808905492646
5.14545106418705,5.3214407,-0.1759896325292587
5.1444808443322,5.060843,0.08363785345695618
5.142667503568731,5.114313,0.028354377958379473
5.142667503568731,5.467928,-0.3252604291705268
5.142667503568731,5.0427747,0.09989282629211971
5.142667503568731,4.945112,0.19755527517517635
5.137272471682025,5.3151007,-0.17782819817881457
5.136677139879544,4.9408064,0.19587075102456364
5.135133085671474,5.1419625,-0.006829442557285681
5.13430394008393,5.0143046,0.11999930217499433
5.13399992204554,5.134291,-0.00029124998204821395
5.130768280269024,5.233629,-0.10286094641554655
5.130768280269024,4.9267907,0.20397756600510775
5.1295960947209736,4.9687977,0.16079841100515324
5.129186576084402,4.9338584,0.19532818146159947
5.126679398184601,5.4293933,-0.3027138932887876
5.1249387366083,5.0780153,0.046923409154686624
5.1249387366083,5.356533,-0.23159431392880947
5.1249387366083,4.9971957,0.12774301593569248
5.1249387366083,4.8075533,0.3173854452874991
5.1249387366083,5.2612987,-0.13635991985532314
5.119186407719209,5.062817,0.05636931100900355
5.117475462045119,5.1357584,-0.018282937918259634
5.1164220669589096,5.4341063,-0.3176842829861588
5.114638779968487,5.033145,0.08149382910178815
5.114073660198569,5.282246,-0.1681724526249173
5.113960724433557,5.241984,-0.12802316609989006
5.113509274827518,5.3331513,-0.21964206565710143
5.110138278741811,5.6169558,-0.5068174783993022
5.110138278741811,4.376606,0.7335322911929829
5.107905397309519,5.0489707,0.05893469799921647
5.107905397309519,4.8545666,0.2533388232128395
5.107905397309519,5.3636537,-0.25574826251103744
5.107794054024227,5.179586,-0.0717918796610757
5.107293362194334,4.9910493,0.11624407249096524
5.106238237942057,4.7292166,0.37702166231949796
5.1054070520770445,5.3250637,-0.21965665336729145
5.104577453960593,5.512694,-0.4081164280279328
5.102372908709558,5.591868,-0.4894950150270141
5.102372908709558,4.85017,0.2522027732115113
5.100015437450609,5.404855,-0.3048393370244886
5.100015437450609,4.994191,0.1058242677118395
5.100015437450609,4.8165464,0.2834689973260973
5.100007782892403,5.507684,-0.4076764479120403
5.0996328713435295,5.070474,0.029158723546898635
5.096910013008056,4.971852,0.1250581872939449
5.096910013008056,4.7415566,0.355353368568359
5.096910013008056,5.2472873,-0.15037726039892618
5.096910013008056,4.60809,0.48882008914941366
5.096910013008056,4.945435,0.15147496585839804
5.096910013008056,4.945435,0.15147496585839804
5.096910013008056,4.691872,0.4050378931044918
5.09528445472132,4.942881,0.15240334739099737
5.09528445472132,4.819713,0.27557133902918096
5.094743951251549,5.341008,-0.24626423508878315
5.093234110459273,5.1453857,-0.05215163172822734
5.09151498112135,5.3205104,-0.2289954062993047
5.09151498112135,4.7488284,0.34268657001905467
5.09151498112135,4.6221313,0.4693836334650996
5.09151498112135,5.041353,0.05016175541334178
5.090443970758825,5.2876554,-0.19721138278731765
5.083493412884844,5.0469284,0.036565007123125604
5.081445469449727,5.1773643,-0.09591887991550774
5.080921907623926,5.044482,0.03643967648378954
5.080921907623926,4.985257,0.09566475888125048
5.080921907623926,5.1426687,-0.061746816436132335
5.080921907623926,4.9389663,0.14195563336245165
5.080921907623926,5.457694,-0.3767721460259761
5.080921907623926,5.2468915,-0.16596959094174757
5.080921907623926,5.0877714,-0.00684950808652296
5.080921907623926,5.053631,0.027291078766504384
5.080921907623926,5.0426564,0.038265485962549306
5.080398976215889,5.039933,0.0404657715650103
5.0757724187398825,5.213523,-0.13775049233189485
5.075720713938118,4.489983,0.585737632120491
5.074069402131529,5.2116055,-0.1375361467271139
5.070581074285707,5.120405,-0.04982412285784754
5.069050968832477,5.0112286,0.05782240743111
5.068033885271827,5.339169,-0.2711351401493154
5.067526235322847,5.800009,-0.7324825384808635
5.066512712151295,4.854032,0.21248067250896074
5.065501548756432,4.622592,0.44290957640535744
5.065501548756432,5.2587686,-0.1932670097457656
5.065501548756432,5.2921767,-0.22667517472379295
5.062983892535186,5.025102,0.037881754015899105
5.060980223551334,4.9204016,0.14057865037018136
5.060480747381382,5.044617,0.015863571325473558
5.060480747381382,5.143527,-0.08304628356344246
5.057000406633959,4.7574606,0.2995398124567128
5.055517327849831,5.0958295,-0.04031215899709295
5.055517327849831,5.1100035,-0.05448614352468084
5.055517327849831,4.816838,0.23867954022165705
5.055517327849831,4.960221,0.09529651409861017
5.054088483180727,5.202784,-0.1486955782511581
5.053154886039377,5.018176,0.034978807242990406
5.050609993355087,5.12479,-0.07418019829530387
5.050609993355087,5.0705905,-0.019980502708145664
5.049999969853415,5.02387,0.026129978550924804
5.049988031665045,5.1235256,-0.07353758784179121
5.0496838360754,5.02387,0.02581384477290971
5.048176964684088,5.0919986,-0.04382161243383198
5.045757490560675,4.775604,0.270153719350958
5.045757490560675,5.345602,-0.29984454496178614
5.045757490560675,4.820051,0.2257062973233701
5.045757490560675,4.761076,0.2846815170499326
5.045757490560675,4.761076,0.2846815170499326
5.042778173934248,5.035296,0.0074822106468941385
5.040481623027002,5.021546,0.018935736033593997
5.038578905933552,5.2087784,-0.17019947541410385
5.037157318798758,5.250118,-0.21296045997931845
5.036212172654444,5.0887523,-0.05254009709042862
5.0343280287798935,5.1580377,-0.12370963372621002
5.033858267260968,5.0167456,0.017112699939191067
5.031517051446064,4.6852393,0.34627773641310533
5.031517051446064,4.8751726,0.15634443639479478
5.030000139977383,5.30627,-0.27626998255069335
5.027195677663422,4.93932,0.0878755902305608
5.022276394711152,5.0223694,-9.299005447260811e-05
5.022276394711152,5.5851336,-0.5628571578401171
5.019133445417921,6.029018,-1.00988447984453
5.017728766960431,4.8785768,0.1391520114367495
5.014124642691606,5.3085346,-0.2944099795007764
5.013676222949234,5.2943535,-0.28067726215818745
5.013228265733755,6.1823506,-1.1691223697948097
5.008773924307505,4.650626,0.35814774175135256
5.008773924307505,4.9549813,0.05379259725062013
5.008021209005417,4.735621,0.27240023351103204
5.006563769502389,5.0033355,0.003228293580757935
5.005682847330363,4.8097844,0.1958984349463302
5.004364805402449,5.0378156,-0.033450765428849394
5.004364805402449,4.595329,0.4090359975716389
5.002613615602687,5.555229,-0.5526155714090315
5.000869458712629,5.025102,-0.024232679806658552
5.0,4.7577667,0.2422332763671875
5.0,4.938407,0.061593055725097656
5.0,4.6951084,0.30489158630371094
5.0,5.746897,-0.7468972206115723
5.0,4.936232,0.06376791000366211
5.0,5.3094263,-0.30942630767822266
5.0,5.1486673,-0.1486673355102539
5.0,5.1259575,-0.12595748901367188
5.0,4.700913,0.2990870475769043
5.0,5.1527777,-0.15277767181396484
5.0,4.974214,0.02578592300415039
5.0,5.527883,-0.5278830528259277
5.0,4.983863,0.016137123107910156
5.0,5.0529895,-0.05298948287963867
5.0,5.183017,-0.18301677703857422
5.0,5.7068973,-0.7068972587585449
5.0,4.7742143,0.2257857322692871
5.0,5.114313,-0.11431312561035156
5.0,5.114313,-0.11431312561035156
5.0,5.0759373,-0.07593727111816406
5.0,4.9005404,0.09945964813232422
5.0,5.007999,-0.007998943328857422
5.0,5.373988,-0.37398815155029297
5.0,5.3259473,-0.32594728469848633
5.0,5.065719,-0.0657191276550293
5.0,5.324056,-0.32405614852905273
5.0,5.20384,-0.20383977890014648
5.0,5.157628,-0.15762805938720703
5.0,5.2026367,-0.20263671875
5.0,5.068742,-0.0687417984008789
5.0,4.9727607,0.027239322662353516
5.0,5.2333865,-0.23338651657104492
5.0,4.9774065,0.02259349822998047
5.0,5.096615,-0.09661483764648438
5.0,4.9507866,0.049213409423828125
5.0,5.4152155,-0.41521549224853516
5.0,5.2425475,-0.24254751205444336
5.0,5.3868337,-0.38683366775512695
5.0,7.496275,-2.496274948120117
5.0,4.8086987,0.1913013458251953
5.0,5.0028267,-0.002826690673828125
5.0,5.0913267,-0.09132671356201172
5.0,4.911942,0.0880579948425293
5.0,5.19631,-0.19631004333496094
5.0,5.465952,-0.46595191955566406
5.0,5.384376,-0.38437604904174805
5.0,4.928807,0.07119321823120117
5.0,5.2660933,-0.26609325408935547
5.0,5.0759373,-0.07593727111816406
5.0,4.855561,0.1444392204284668
5.0,4.8780723,0.12192773818969727
5.0,4.963917,0.036083221435546875
5.0,4.966035,0.033965110778808594
5.0,5.1426373,-0.1426372528076172
5.0,5.273792,-0.2737917900085449
5.0,4.9298215,0.07017850875854492
5.0,5.3366976,-0.3366975784301758
5.0,4.955582,0.0444178581237793
5.0,4.955582,0.0444178581237793
5.0,5.049722,-0.04972219467163086
5.0,4.6828475,0.3171525001525879
5.0,5.1390843,-0.1390843391418457
5.0,5.187366,-0.18736600875854492
5.0,5.080504,-0.08050394058227539
5.0,4.922157,0.07784318923950195
5.0,4.9160876,0.08391237258911133
5.0,5.1022725,-0.10227251052856445
5.0,5.085472,-0.08547210693359375
5.0,5.1877513,-0.18775129318237305
5.0,5.3212028,-0.32120275497436523
5.0,4.985883,0.014116764068603516
5.0,5.107979,-0.10797882080078125
5.0,4.855135,0.1448650360107422
5.0,5.1069126,-0.10691261291503906
5.0,4.9545584,0.045441627502441406
5.0,5.1995764,-0.19957637786865234
5.0,5.5227723,-0.5227723121643066
5.0,4.7433286,0.2566714286804199
5.0,5.444643,-0.4446430206298828
5.0,6.1281075,-1.1281075477600098
5.0,5.277055,-0.2770547866821289
5.0,5.2477446,-0.24774456024169922
5.0,5.3212786,-0.32127857208251953
5.0,5.007277,-0.007277011871337891
5.0,5.207793,-0.2077932357788086
5.0,5.18698,-0.1869797706604004
5.0,5.466472,-0.46647214889526367
5.0,5.2578254,-0.2578253746032715
5.0,4.845062,0.1549382209777832
5.0,4.8713036,0.12869644165039062
5.0,5.132067,-0.13206720352172852
5.0,5.464436,-0.46443605422973633
5.0,5.059741,-0.05974102020263672
5.0,5.1507206,-0.15072059631347656
5.0,5.1138306,-0.11383056640625
5.0,5.530495,-0.5304951667785645
5.0,5.429954,-0.42995405197143555
5.0,5.3629503,-0.36295032501220703
5.0,5.17895,-0.17894983291625977
5.0,5.262948,-0.26294803619384766
5.0,4.9075775,0.0924224853515625
5.0,5.1423535,-0.14235353469848633
5.0,4.951138,0.04886198043823242
5.0,4.8702,0.12979984283447266
5.0,5.012486,-0.012485980987548828
5.0,5.040239,-0.04023885726928711
5.0,5.0552206,-0.055220603942871094
5.0,4.719374,0.2806258201599121
5.0,5.315939,-0.31593894958496094
5.0,5.1531763,-0.15317630767822266
5.0,5.086966,-0.08696603775024414
5.0,5.228823,-0.22882318496704102
5.0,5.1415563,-0.1415562629699707
5.0,5.747599,-0.7475991249084473
5.0,5.2921476,-0.2921476364135742
5.0,5.2404737,-0.24047374725341797
5.0,5.2609096,-0.2609095573425293
5.0,5.676768,-0.6767678260803223
5.0,5.579433,-0.5794329643249512
5.0,4.993444,0.006556034088134766
5.0,4.8135695,0.1864304542541504
5.0,5.154152,-0.15415191650390625
5.0,5.0426373,-0.04263734817504883
5.0,5.0299697,-0.02996969223022461
5.0,4.9184575,0.0815424919128418
5.0,5.464506,-0.4645061492919922
5.0,5.6403527,-0.640352725982666
5.0,4.9898524,0.010147571563720703
5.0,5.0304165,-0.030416488647460938
5.0,4.990299,0.009700775146484375
5.0,5.0202436,-0.02024364471435547
5.0,5.0202436,-0.02024364471435547
5.0,5.1274743,-0.12747430801391602
5.0,4.9052544,0.09474563598632812
5.0,5.2170787,-0.21707868576049805
5.0,5.029575,-0.029574871063232422
5.0,5.138914,-0.1389141082763672
5.0,5.2247634,-0.2247633934020996
5.0,4.787833,0.21216678619384766
5.0,5.2697253,-0.26972532272338867
5.0,5.3975887,-0.39758872985839844
5.0,5.7474766,-0.7474765777587891
5.0,4.996384,0.003615856170654297
5.0,5.0676637,-0.06766366958618164
5.0,5.0648084,-0.06480836868286133
5.0,5.034329,-0.03432893753051758
5.0,5.1215496,-0.12154960632324219
5.0,5.006318,-0.006318092346191406
5.0,5.0349283,-0.034928321838378906
5.0,5.3508,-0.3508000373840332
5.0,5.148957,-0.1489567756652832
5.0,5.031787,-0.03178691864013672
5.0,5.0978355,-0.09783554077148438
5.0,5.0431433,-0.043143272399902344
5.0,5.11891,-0.11890983581542969
5.0,4.9089417,0.09105825424194336
5.0,5.009549,-0.009549140930175781
5.0,5.376071,-0.3760709762573242
5.0,4.982482,0.017518043518066406
5.0,5.024998,-0.024998188018798828
5.0,5.0530124,-0.05301237106323242
5.0,4.648367,0.35163307189941406
5.0,5.019888,-0.019887924194335938
5.0,5.041353,-0.04135322570800781
5.0,5.223833,-0.2238330841064453
5.0,5.1035857,-0.10358572006225586
5.0,5.095036,-0.09503602981567383
5.0,5.2623343,-0.26233434677124023
5.0,5.4423757,-0.44237565994262695
5.0,5.4940696,-0.49406957626342773
5.0,5.4313273,-0.43132734298706055
5.0,5.653775,-0.6537752151489258
5.0,5.5997987,-0.5997986793518066
5.0,5.67012,-0.6701197624206543
5.0,5.132052,-0.13205194473266602
5.0,5.4956775,-0.49567747116088867
5.0,5.209969,-0.20996904373168945
5.0,5.032661,-0.03266096115112305
5.0,4.939784,0.06021595001220703
5.0,5.0484776,-0.0484776496887207
5.0,5.3377857,-0.3377857208251953
5.0,5.076991,-0.07699108123779297
5.0,5.022751,-0.0227508544921875
5.0,4.854269,0.14573097229003906
5.0,5.2627945,-0.26279449462890625
5.0,4.752246,0.24775409698486328
5.0,5.1227374,-0.12273740768432617
5.0,5.045791,-0.0457911491394043
5.0,4.64966,0.3503398895263672
5.0,5.045186,-0.04518604278564453
5.0,5.035189,-0.035189151763916016
5.0,5.1415496,-0.14154958724975586
5.0,5.211381,-0.2113809585571289
5.0,5.175308,-0.1753082275390625
5.0,5.4116545,-0.4116544723510742
5.0,4.9964037,0.0035963058471679688
5.0,5.050714,-0.05071401596069336
5.0,4.93746,0.06254005432128906
5.0,5.2835603,-0.28356027603149414
5.0,5.3673377,-0.367337703704834
5.0,5.278933,-0.278933048248291
5.0,5.5845227,-0.5845227241516113
5.0,5.9711776,-0.9711775779724121
5.0,5.477584,-0.4775838851928711
5.0,5.4530325,-0.4530324935913086
5.0,5.135374,-0.1353740692138672
5.0,4.947138,0.05286216735839844
5.0,5.0542893,-0.05428934097290039
5.0,5.437655,-0.437654972076416
5.0,4.8877497,0.11225032806396484
5.0,5.041353,-0.04135322570800781
5.0,5.059741,-0.05974102020263672
5.0,5.1507206,-0.15072059631347656
5.0,5.0217557,-0.021755695343017578
5.0,4.9500523,0.04994773864746094
5.0,5.021609,-0.021608829498291016
5.0,5.008912,-0.008912086486816406
5.0,5.2141724,-0.21417236328125
5.0,5.1863394,-0.1863393783569336
5.0,4.953864,0.046135902404785156
5.0,5.4611692,-0.4611692428588867
5.0,4.9122524,0.08774757385253906
5.0,5.1358705,-0.13587045669555664
5.0,5.1837144,-0.1837143898010254
5.0,5.342079,-0.34207916259765625
5.0,5.54476,-0.5447602272033691
5.0,5.084825,-0.08482503890991211
5.0,5.0922956,-0.09229564666748047
5.0,5.0982594,-0.09825944900512695
5.0,5.0301747,-0.030174732208251953
5.0,5.0456867,-0.04568672180175781
5.0,4.7744093,0.22559070587158203
5.0,4.6450796,0.3549203872680664
5.0,5.189609,-0.18960905075073242
5.0,5.1566596,-0.15665960311889648
5.0,5.045665,-0.04566478729248047
5.0,4.753097,0.2469029426574707
5.0,5.2262416,-0.2262415885925293
5.0,5.28315,-0.28315019607543945
5.0,5.012085,-0.0120849609375
5.0,4.893194,0.10680580139160156
5.0,5.030211,-0.03021097183227539
5.0,5.560973,-0.5609731674194336
5.0,5.285342,-0.2853422164916992
5.0,5.889802,-0.8898019790649414
5.0,6.1175857,-1.1175856590270996
5.0,5.577165,-0.5771651268005371
5.0,5.2467017,-0.24670171737670898
5.0,5.2686586,-0.2686586380004883
5.0,5.012779,-0.01277923583984375
5.0,5.3860817,-0.3860816955566406
5.0,5.0759373,-0.07593727111816406
5.0,4.256108,0.7438921928405762
5.0,4.9630356,0.03696441650390625
5.0,5.1147904,-0.11479043960571289
5.0,5.703752,-0.7037520408630371
5.0,4.7322826,0.2677173614501953
5.0,5.0655746,-0.06557464599609375
5.0,4.941986,0.058013916015625
5.0,5.431488,-0.431488037109375
5.0,5.1885514,-0.1885514259338379
5.0,5.0546126,-0.05461263656616211
5.0,5.5088453,-0.508845329284668
5.0,5.2084484,-0.2084484100341797
5.0,5.347157,-0.34715700149536133
5.0,5.1212335,-0.12123346328735352
5.0,5.228827,-0.22882699966430664
5.0,5.1517987,-0.15179872512817383
5.0,5.5286975,-0.5286974906921387
5.0,5.165675,-0.16567516326904297
5.0,5.5157743,-0.5157742500305176
5.0,4.9138904,0.08610963821411133
5.0,5.0077176,-0.007717609405517578
5.0,4.9063745,0.09362554550170898
5.0,5.0950155,-0.0950155258178711
5.0,4.563513,0.43648719787597656
5.0,5.22808,-0.22807979583740234
5.0,5.024091,-0.02409076690673828
5.0,4.9314413,0.0685586929321289
5.0,4.648679,0.3513212203979492
5.0,5.205808,-0.20580816268920898
5.0,4.9132805,0.08671951293945312
5.0,4.7601433,0.23985671997070312
5.0,5.121037,-0.12103700637817383
5.0,4.9643373,0.03566265106201172
5.0,5.0763907,-0.07639074325561523
5.0,4.785951,0.2140488624572754
5.0,4.8189964,0.18100357055664062
5.0,4.9164567,0.08354330062866211
5.0,5.1702127,-0.1702127456665039
5.0,5.3078146,-0.3078145980834961
5.0,5.145832,-0.14583206176757812
5.0,5.283256,-0.28325605392456055
5.0,5.1174874,-0.11748743057250977
5.0,4.955956,0.04404401779174805
5.0,4.930542,0.0694580078125
5.0,5.1859727,-0.1859726905822754
5.0,4.826014,0.17398595809936523
5.0,5.417921,-0.4179210662841797
5.0,4.7903786,0.20962142944335938
5.0,5.248159,-0.24815893173217773
5.0,5.2046995,-0.20469951629638672
5.0,5.104566,-0.10456609725952148
5.0,5.7537794,-0.753779411315918
5.0,5.1479764,-0.14797639846801758
5.0,5.301166,-0.3011660575866699
5.0,5.162222,-0.16222190856933594
5.0,5.1413875,-0.1413874626159668
5.0,4.956929,0.04307079315185547
5.0,5.1456094,-0.14560937881469727
5.0,5.2774863,-0.27748632431030273
5.0,4.9639125,0.0360875129699707
5.0,4.915502,0.08449792861938477
5.0,6.405557,-1.4055571556091309
5.0,5.43076,-0.43075990676879883
5.0,4.964178,0.03582191467285156
5.0,4.9050856,0.09491443634033203
5.0,5.362617,-0.36261701583862305
5.0,5.251176,-0.2511758804321289
5.0,5.138271,-0.13827085494995117
5.0,5.331023,-0.3310232162475586
5.0,5.42054,-0.42053985595703125
5.0,5.4936733,-0.49367332458496094
5.0,4.9880795,0.011920452117919922
5.0,4.9208565,0.07914352416992188
5.0,5.545418,-0.5454177856445312
5.0,5.445007,-0.4450068473815918
5.0,5.9339266,-0.9339265823364258
5.0,5.899942,-0.8999419212341309
5.0,5.0233955,-0.023395538330078125
5.0,5.3817816,-0.38178157806396484
5.0,5.1754274,-0.17542743682861328
5.0,5.508956,-0.5089559555053711
5.0,5.3334856,-0.33348560333251953
5.0,4.7186375,0.28136253356933594
5.0,5.4488454,-0.44884538650512695
5.0,5.3399487,-0.3399486541748047
5.0,5.377531,-0.3775310516357422
5.0,5.2301173,-0.2301173210144043
5.0,5.0739617,-0.07396173477172852
5.0,5.108713,-0.10871315002441406
5.0,4.984296,0.01570415496826172
5.0,5.158342,-0.1583418846130371
5.0,5.1060843,-0.10608434677124023
5.0,5.127134,-0.12713384628295898
4.995678626217358,4.2667484,0.7289301978726312
4.991399828238082,5.0217524,-0.03035252924482812
4.991399828238082,4.8091483,0.1822515166230918
4.991399828238082,4.9233375,0.06806236867387305
4.990549104201306,4.6672025,0.32334663151453835
4.989276134608227,4.618592,0.37068434917731885
4.988852639224203,4.83451,0.15434278967586312
4.987162775294828,5.182928,-0.19576531003232045
4.987162775294828,5.0255594,-0.03839665005917592
4.9870000507645935,5.6749334,-0.6879333827681213
4.986320302708807,5.476533,-0.49021263338738397
4.985059650207064,4.715504,0.26955548074295255
4.984221243610959,4.9904003,-0.006179070720095936
4.983802646487561,4.584251,0.39955171951612556
4.983000069254019,5.274364,-0.2913639253443696
4.982966660701219,4.499772,0.4831945888628404
4.980675962846309,4.884895,0.09578111497643604
4.980302269019808,5.015254,-0.034951751671109754
4.979224511806442,5.3854737,-0.40624921637348965
4.979224511806442,5.2399926,-0.260768106754349
4.978810700930062,4.5482116,0.43059912637561837
4.978810700930062,4.8855586,0.09325209573596993
4.978810700930062,5.490464,-0.5116535095801922
4.9764183423350605,4.8890543,0.08736404393418162
4.97571962395292,4.7983766,0.17734306374173858
4.97469413473523,5.37795,-0.40325605676257315
4.97469413473523,5.2065268,-0.2318326215513915
4.972650392225243,4.9471464,0.02550397651479397
4.97061622231479,4.9370017,0.033614517145112544
4.97061622231479,4.9204016,0.050214649133637934
4.963000037223874,5.2038255,-0.24082543656152655
4.962693049102909,5.2038255,-0.2411324246824913
4.959358108455463,4.9945555,-0.03519736487217351
4.958607314841775,4.8723903,0.08621704460862034
4.958607314841775,5.814057,-0.8554495584797586
4.958607314841775,4.814535,0.1440721738505637
4.958607314841775,4.982167,-0.02355945227858669
4.9570702666568405,4.481517,0.47555342858311
4.9542859410591324,4.819233,0.13505300038530432
4.952958896584093,4.5862865,0.36667235178428825
4.951674749068778,5.265825,-0.31415004570050886
4.950781977329818,4.7887383,0.1620437265973962
4.950781977329818,4.5118256,0.43895641580638056
4.950781977329818,4.489983,0.4607988955121911
4.950781977329818,4.5118256,0.43895641580638056
4.946998429599692,5.0345564,-0.08755795925528886
4.94692155651658,4.769289,0.17763253979294724
4.94692155651658,4.8104696,0.13645192913620896
4.943095148663527,4.87609,0.06700509891987494
4.931814138253839,4.8128757,0.11893839057317468
4.929223537156565,4.976529,-0.047305584242360865
4.929223537156565,5.216312,-0.2870883944535425
4.927382523454764,4.888936,0.038446480669119154
4.925147004118752,4.678634,0.2465128374012231
4.923432369555062,4.829679,0.09375335725647815
4.922268820347608,5.102338,-0.1800690168716299
4.920818753952375,4.2329874,0.687831350082746
4.920818753952375,4.9919424,-0.0711236517483087
4.920818753952375,4.869922,0.05089659285007997
4.920818753952375,4.6304293,0.2903894860690741
4.920818753952375,4.471809,0.44900984358250184
4.920818753952375,4.889235,0.031583734268537
4.920818753952375,4.3951497,0.5256690461581854
4.920818753952375,4.922057,-0.0012383978420587027
4.920818753952375,5.0380445,-0.11722569871486144
4.919734372660155,4.9480515,-0.02831707997656352
4.91721462968355,5.1396155,-0.22240090605253382
4.91721462968355,4.325382,0.5918323970175345
4.916139199133427,4.8274283,0.0887108582215621
4.91560693423224,4.700635,0.2149719778723771
4.914816491947222,4.6737695,0.24104701791768068
4.913640169325252,4.932546,-0.01890596943817613
4.910094888560602,5.3309193,-0.42082437718646837
4.910094888560602,4.890187,0.019908101908990616
4.910094888560602,4.9063745,0.003720434062310929
4.907630300370879,5.195732,-0.2881018163283393
4.9058434382174765,5.362049,-0.45620566456572664
4.903089986991944,4.805265,0.09782503719335978
4.903089986991944,4.9466443,-0.04355431919091757
4.903089986991944,4.7558045,0.14728544826513712
4.903089986991944,4.5391693,0.36392067546850626
4.903089986991944,4.4740787,0.42901133174902384
4.903089986991944,4.707252,0.1958379613876957
4.903089986991944,4.7558045,0.14728544826513712
4.903089986991944,4.478922,0.4241680967331547
4.900008766455316,4.736394,0.16361483792748377
4.900008766455316,4.848435,0.0515738413759701
4.900008766455316,4.9667606,-0.06675186892066076
4.900008766455316,4.7486053,0.15140351514305994
4.900008766455316,4.7921004,0.10790833692040369
4.900008766455316,4.9064593,-0.006450565057135371
4.900008766455316,4.8015714,0.09843739728417322
4.8996294548824375,4.742065,0.1575645020320957
4.8996294548824375,4.5561996,0.3434299042537754
4.898493503860072,4.9353976,-0.036904121109410326
4.896196279044043,4.8065276,0.0896686644505369
4.896196279044043,4.980519,-0.08432253885756857
4.896196279044043,4.6709642,0.22523203801621072
4.896196279044043,4.6709642,0.22523203801621072
4.893469146177619,4.9269023,-0.03343314798131658
4.891299703105535,5.3551054,-0.4638056969799145
4.889410289700751,4.921502,-0.032091823641533956
4.889410289700751,4.9601426,-0.07073232275652419
4.888401475119606,5.1423445,-0.2539429996728746
4.887730231582729,4.7607093,0.12702094584664536
4.886390848926972,5.502207,-0.6158159534411922
4.886056647693163,5.0997143,-0.21365763148164163
4.886056647693163,4.5472603,0.33879636326933493
4.884056823060945,5.3194656,-0.43540881414608634
4.882728704344236,4.7385044,0.1442242945541965
4.882728704344236,4.8952007,-0.012472025025881628
4.879656437561975,4.976348,-0.09669148571683372
4.87942606879415,4.781253,0.0981732077712012
4.876148359032914,4.2899337,0.5862146775448771
4.876148359032914,4.6449513,0.23119701549653726
4.874193541860473,5.173498,-0.2993046118260505
4.8704389976909175,4.839484,0.030954782908202638
4.866461091629782,4.8216195,0.044841580979147366
4.861760476534812,4.9644403,-0.10267986922934824
4.860120913598763,4.933731,-0.07361016550279942
4.860120913598763,4.6589427,0.20117821416639003
4.856048883576037,4.822708,0.0333407536932242
4.855643772631817,4.9038315,-0.04818770930177685
4.853871964321762,4.6362014,0.2176705826384122
4.853871964321762,4.8929825,-0.03911051858839443
4.853871964321762,4.905159,-0.05128703226026943
4.853871964321762,4.6362014,0.2176705826384122
4.853871964321762,4.7195597,0.13431229482713292
4.853871964321762,4.829381,0.02449097524705479
4.853871964321762,4.7049074,0.14896454702439854
4.853871964321762,4.961062,-0.10718999017652919
4.853871964321762,4.8686867,-0.014814711703628802
4.853871964321762,4.9585,-0.1046279441255038
4.853871964321762,4.958952,-0.10507998575148036
4.853871964321762,4.9236255,-0.06975350488600185
4.853871964321762,4.774119,0.07975306402268956
4.853871964321762,4.707186,0.1466857422453458
4.853871964321762,4.824237,0.029635094509750104
4.852261858880012,5.073347,-0.22108523279479275
4.85210735516715,4.7261424,0.12596494870352704
4.851089006890644,4.8454733,0.005615717400897502
4.851089006890644,5.0808716,-0.2297825751406064
4.85078088734462,4.557849,0.2929319569857336
4.85078088734462,4.6733584,0.1774224469454504
4.850442208138421,4.7349715,0.1154706848535092
4.849485002168009,4.8295636,0.019921384461710545
4.849485002168009,4.980247,-0.13076201855342617
4.848323769152953,5.0174117,-0.1690879396788345
4.847986999949166,5.0173745,-0.16938751558428145
4.847711655616943,4.738076,0.10963544559497063
4.8474059220725305,4.599283,0.24812270368874145
4.846246093544813,4.6882787,0.1579674184654669
4.844663962534939,4.7671943,0.0774696914472921
4.844663962534939,4.9688234,-0.1241594703874247
4.844056982028163,5.1425877,-0.29853067971500113
4.843511423949983,4.7541904,0.08932097900369396
4.837137006678074,5.111083,-0.27394602402260926
4.837047470654274,4.940146,-0.10309849873659527
4.835647144215563,5.1336374,-0.29799028406812855
4.832682665251824,4.924626,-0.09194320831384939
4.832682665251824,4.772158,0.06052451934728342
4.829210409553609,4.8420477,-0.012837281791606259
4.829210409553609,5.026375,-0.19716440734092266
4.829210409553609,5.3835187,-0.5543082862776902
4.826813731587726,4.8661475,-0.03933378657023301
4.823908740944319,5.2294607,-0.40555197530323994
4.823908740944319,4.713894,0.11001485056345928
4.823908740944319,5.244884,-0.42097527318532
4.823908740944319,5.123092,-0.29918343358571065
4.823908740944319,5.6851225,-0.8612137489848806
4.823908740944319,5.3648915,-0.5409827881389333
4.823908740944319,5.035541,-0.21163231664235127
4.823908740944319,4.914027,-0.09011847310597432
4.823908740944319,4.69612,0.12778895563548076
4.823908740944319,4.757302,0.0666069335407542
4.823908740944319,5.053474,-0.2295652084880544
4.823908740944319,5.2388673,-0.414958541923113
4.823908740944319,4.850816,-0.026907032065935255
4.823908740944319,4.9680767,-0.14416796498829854
4.823908740944319,4.8066664,0.017242366737775683
4.823908740944319,4.7938066,0.03010218805735576
4.823908740944319,4.910042,-0.0861330681377126
4.823908740944319,5.466239,-0.6423302345805837
4.823908740944319,4.818354,0.005554611153058886
4.823908740944319,5.4290195,-0.6051107101970388
4.823908740944319,4.6636167,0.16029208368723857
4.823908740944319,4.811153,0.01275580591624248
4.823908740944319,4.6662946,0.15761416620676982
4.823908740944319,4.6688147,0.1550940818256663
4.823908740944319,5.5665917,-0.7426829987102224
4.823908740944319,4.85666,-0.032751148276872755
4.823908740944319,5.1028976,-0.2789889030986501
4.823908740944319,4.8115196,0.012389118141584277
4.823908740944319,4.9881725,-0.16426379018361104
4.823908740944319,5.0534945,-0.22958571248585713
4.823908740944319,5.059605,-0.23569638066823018
4.823908740944319,5.5835085,-0.7595997505717946
4.823908740944319,4.771783,0.052125865883283495
4.823908740944319,5.1538982,-0.32998949819142354
4.823908740944319,4.639416,0.18449252314036357
4.823908740944319,5.059605,-0.23569638066823018
4.823908740944319,4.742619,0.08128970331614482
4.823908740944319,4.843699,-0.019790237479753614
4.823908740944319,4.937649,-0.11374003224904072
4.823908740944319,4.8592114,-0.035302703910417677
4.823908740944319,5.00189,-0.17798144155079854
4.823908740944319,6.382673,-1.5587640457683278
4.823908740944319,4.760054,0.06385462946360576
4.823908740944319,4.9833655,-0.15945679479176533
4.823908740944319,4.7601504,0.06375830835764873
4.823908740944319,5.909753,-1.0858441048198415
4.823908740944319,4.6106825,0.21322625345652568
4.823908740944319,4.9508796,-0.12697083287770283
4.823908740944319,4.5657277,0.2581810302204417
4.823908740944319,5.0691905,-0.2452817612224294
4.823908740944319,4.7575126,0.06639617151682842
4.823908740944319,5.066499,-0.24259049230153096
4.823908740944319,6.287765,-1.4638562851482106
4.823908740944319,4.8813457,-0.057437007957048536
4.823908740944319,5.5749855,-0.751076763206072
4.823908740944319,5.341295,-0.5173860245280935
4.82131076022441,4.9386435,-0.11733269528096102
4.82102305270683,4.8820453,-0.06102221630562088
4.82102305270683,4.82356,-0.0025371851776911925
4.819988880942282,4.811442,0.008546982596334907
4.818156412055227,4.74046,0.0776964930793973
4.818156412055227,4.797125,0.02103154938432894
4.816730156317195,4.596986,0.21974433936162896
4.816445466381138,4.8432527,-0.026807192462856122
4.81553571065301,4.902173,-0.08663733164435339
4.815308569182402,4.85017,-0.0348615663156453
4.812479279163537,4.7643776,0.048101685169396724
4.812479279163537,4.812655,-0.00017569291287866662
4.809668301829708,4.639275,0.17039322782458122
4.80955624029331,4.8915277,-0.08197141244716821
4.807906682547966,4.860269,-0.052362387123665144
4.806875401645539,4.522905,0.2839705287512517
4.806318970458719,4.9612517,-0.15493276522853705
4.805735483974483,4.703918,0.10181750378039123
4.804100347590766,5.1684813,-0.3643810023543024
4.804100347590766,4.643325,0.1607754956010199
4.801342913045578,4.5743613,0.22698158873527507
4.801342913045578,5.1740823,-0.37273936615974446
4.799998134593398,4.71023,0.08976826093617163
4.799998134593398,4.9588947,-0.15889659502085962
4.799998134593398,4.7926764,0.007321685771376707
4.799998134593398,4.7605166,0.03948149106922827
4.799998134593398,4.604115,0.19588312528553686
4.799998134593398,4.6324496,0.16754850767079077
4.799998134593398,4.865692,-0.06569400407847681
4.799998134593398,4.8527694,-0.05277124025401392
4.799998134593398,4.883048,-0.08304992296275415
4.799998134593398,4.6954193,0.10457882306996069
4.799998134593398,4.812919,-0.012921005268662356
4.798602875679548,4.613187,0.18541603943687246
4.797157634805368,4.9763074,-0.1791497573149936
4.795880017344075,4.965275,-0.16939479344694064
4.795880017344075,5.0308676,-0.2349875592550461
4.795880017344075,4.2935634,0.5023166514077957
4.795880017344075,4.721566,0.07431381708772733
4.795880017344075,4.646673,0.14920681482942655
4.795880017344075,5.099619,-0.3037388943990891
4.79317412396815,4.9224877,-0.129313611780141
4.79317412396815,4.7439947,0.04917941113856017
4.790484985457369,5.1379166,-0.347431579484037
4.787812395596042,4.692103,0.09570948650790712
4.787812395596042,4.507559,0.28025357296420594
4.787812395596042,5.0066404,-0.21882803866909484
4.784812030502868,4.806438,-0.021625938704895376
4.7842302915823565,4.8690567,-0.08482641007779979
4.782805681993495,5.0235543,-0.24074864311026456
4.782516055786093,4.432464,0.3500519330138765
4.782516055786093,4.663476,0.11904006549068313
4.782241694453887,4.7357173,0.04652439785354545
4.78012743667646,4.696914,0.08321324066205538
4.779212223834125,5.050444,-0.2712319022950256
4.774690718274137,4.9296374,-0.15494671382425196
4.774690718274137,4.622126,0.15256461582662695
4.773993305270821,5.075613,-0.30161971657976494
4.772113295386326,4.5776772,0.19443604547787885
4.772113295386326,4.908366,-0.13625290792177935
4.772113295386326,4.908366,-0.13625290792177935
4.769551078621726,4.60396,0.16559104139028058
4.769551078621726,5.212304,-0.44275303667368426
4.769551078621726,4.904581,-0.13502999132456317
4.769551078621726,4.60396,0.16559104139028058
4.769551078621726,4.6294856,0.1400654714745091
4.769168046568172,4.971587,-0.20241913452313653
4.768275616671484,4.6039424,0.1643332224148919
4.764471553092451,4.745517,0.018954776053877076
4.761953896871205,4.672117,0.08983666359483777
4.761953896871205,4.554993,0.20696074425279676
4.761953896871205,4.75212,0.009833878865833867
4.761953896871205,4.9937816,-0.23182766974866809
4.756961951313706,4.739789,0.017172942219467302
4.756961951313706,4.530812,0.22615016466209426
4.756961951313706,4.011437,0.7455250120742036
4.756961951313706,4.966227,-0.20926510328224168
4.755475488429917,5.47872,-0.7232446997109525
4.7544873321858505,5.4777985,-0.723311129728212
4.754240644032723,5.0365033,-0.28226267093920043
4.7540680456613975,4.760938,-0.006870121910623972
4.752026733638194,4.7666636,-0.014636817692372794
4.752026733638194,4.557727,0.1942998735918069
4.749579997691106,4.7980065,-0.04842653688530962
4.745911353080926,4.7151194,0.030791991203484415
4.7447274948966935,4.7308517,0.013875844658656433
4.7447274948966935,4.9224877,-0.17776024085159747
4.7447274948966935,4.5776772,0.16705024498824628
4.7447274948966935,4.4522843,0.29244315880660565
4.7447274948966935,4.7807455,-0.03601801138992755
4.744679242634891,4.7337084,0.01097086098205935
4.739928612014925,4.8461246,-0.10619603703292668
4.735182176990463,4.48199,0.2531923164557952
4.734616075043825,4.559255,0.17536095190539758
4.732828271596986,4.7432313,-0.010403024942320371
4.732828271596986,5.0064983,-0.2736700651950059
4.732828271596986,4.597503,0.13532508632476947
4.730814067186048,4.6949205,0.035893527330091324
4.730487055782084,4.4600105,0.2704765272176308
4.729996999894941,4.9086294,-0.17863241752449266
4.729204746623152,5.00634,-0.2771352802323168
4.729204746623152,5.2541523,-0.5249475513504809
4.729204746623152,4.870862,-0.14165726051796135
4.729204746623152,5.0130987,-0.2838939701126879
4.728158393463501,4.5769024,0.15125600393713423
4.72584215073632,4.802343,-0.07650074095679482
4.725634293552575,4.626448,0.09918613910311169
4.723607136930465,4.652767,0.07083995553398026
4.723538195826756,4.638105,0.08543328020785967
4.723538195826756,4.7244596,-0.0009214523055680601
4.722574167724139,4.623972,0.09860222863722523
4.721246399047171,4.761076,-0.03982957446357105
4.721246399047171,4.2049804,0.5162660256646028
4.721246399047171,4.673425,0.04782120144585278
4.721246399047171,4.6229506,0.09829584515312817
4.721246399047171,4.7191343,0.0021120682976594196
4.721246399047171,4.6988544,0.022391952636038326
4.721246399047171,4.662607,0.058639206054007076
4.721246399047171,4.614913,0.10633341229180004
4.721246399047171,4.194378,0.5268684998772493
4.721246399047171,4.886673,-0.16542657458564136
4.721246399047171,4.6236534,0.09759298718193676
4.721246399047171,4.7552342,-0.033987842438424565
4.721246399047171,4.729659,-0.008412681458199955
4.721246399047171,4.761076,-0.03982957446357105
4.721246399047171,4.7131996,0.008046783568655513
4.721246399047171,4.640325,0.0809213296196809
4.721246399047171,4.7131453,0.00810114300469067
4.721246399047171,4.9121413,-0.19089492404242847
4.719649306953994,4.5876255,0.13202380341395514
4.718966632752273,4.740855,-0.021888584227707675
4.718966632752273,4.5406637,0.1783029135750267
4.718966632752273,4.535694,0.18327251043781967
4.718171533439482,4.749681,-0.031509462501680296
4.716698771296451,4.7162547,0.0004440601453277182
4.716698771296451,4.7883673,-0.07166850012688908
4.714442690992226,4.7768707,-0.062428036546836374
4.714442690992226,4.6957703,0.018672427320351126
4.714442690992226,4.4949493,0.21949335017191363
4.712870379280889,4.3308334,0.3820369442222953
4.712086352923967,4.5744834,0.13760295830116398
4.709965388637482,4.704216,0.005749385219512959
4.708009904653819,4.9008293,-0.1928194105317278
4.707743928643524,4.778968,-0.0712239287173162
4.705533773838407,4.743963,-0.03842899090158358
4.70421305974839,4.4368877,0.26732531865952325
4.703334809738469,4.782607,-0.07927226881377702
4.701146923590294,5.0761046,-0.37495771737039973
4.701146923590294,4.370373,0.33077415137349675
4.701146923590294,4.639598,0.061549030829063156
4.699991797446187,4.7293015,-0.029309655190531636
4.699991797446187,4.8449464,-0.14495458698374453
4.699991797446187,4.7605166,-0.06052484607798281
4.699991797446187,4.847916,-0.1479243288050336
4.699991797446187,4.8730006,-0.17300882434946718
4.699991797446187,4.902881,-0.2028893480311078
4.699991797446187,4.7605166,-0.06052484607798281
4.699991797446187,5.3024077,-0.6024159441004437
4.699991797446187,4.658536,0.04145584010976133
4.698970004336019,4.600118,0.09885184408821601
4.698970004336019,4.5970716,0.10189835669197578
4.698970004336019,4.521293,0.1776768410364582
4.698970004336019,5.128358,-0.42938788293204766
4.698970004336019,4.716417,-0.017446831448893363
4.698970004336019,4.713865,-0.014894798978190238
4.698970004336019,5.1403093,-0.4413393294652508
4.698970004336019,4.702624,-0.003653839810709769
4.698970004336019,4.98308,-0.28410990594230157
4.698970004336019,4.679115,0.0198551857630207
4.698970004336019,4.7688622,-0.06989224313102227
4.698970004336019,4.732081,-0.03311093209586602
4.698970004336019,4.649473,0.04949681402840156
4.698970004336019,4.578701,0.12026898504890937
4.698970004336019,4.7064834,-0.007513359769205863
4.698970004336019,4.839388,-0.14041788934073907
4.698970004336019,4.709472,-0.01050217507682305
4.698970004336019,4.6733403,0.025629683748860543
4.698970004336019,4.896228,-0.19725783227286797
4.698970004336019,4.772363,-0.07339318154654961
4.698970004336019,5.010151,-0.3111809050878094
4.698970004336019,4.669707,0.029263182894368356
4.698970004336019,5.4520965,-0.7531264579137371
4.698970004336019,5.217514,-0.5185440337499188
4.698970004336019,5.5600243,-0.8610542571385906
4.698970004336019,4.8472033,-0.14823325036368828
4.698970004336019,4.8253574,-0.12638743279777032
4.698970004336019,4.902059,-0.203089073880534
4.698970004336019,4.5202227,0.17874734045662422
4.698970004336019,4.5202227,0.17874734045662422
4.698970004336019,4.5179644,0.18100564123787422
4.698970004336019,4.8993373,-0.20036728738151055
4.698970004336019,4.7673492,-0.06837923882804375
4.698970004336019,4.5522094,0.1467606270472004
4.698970004336019,4.654917,0.044053241030354684
4.698970004336019,4.7279353,-0.02896530984244805
4.698970004336019,4.7595754,-0.06060536263785821
4.698970004336019,4.4138384,0.2851316178003742
4.698970004336019,5.4365635,-0.7375934874852703
4.698970004336019,4.6953926,0.0035773956934406215
4.698970004336019,4.6119075,0.08706252218880195
4.698970004336019,4.6854486,0.01352135779060859
4.698970004336019,4.82677,-0.12779982446036797
4.698970004336019,4.8432317,-0.14426167367301446
4.698970004336019,4.8648057,-0.16583569405875664
4.698970004336019,4.764898,-0.06592781899772149
4.698970004336019,4.687334,0.011635943667073434
4.698970004336019,4.692409,0.006560965792317575
4.698970004336019,4.7785397,-0.07956965325675469
4.698970004336019,4.584694,0.1142760956446125
4.698970004336019,4.6751037,0.023866339937825387
4.698970004336019,4.6792183,0.01975171209969062
4.698970004336019,4.675367,0.023603125826497262
4.698970004336019,4.648767,0.05020300985970039
4.698970004336019,4.9086294,-0.20965941308341485
4.698970004336019,4.599864,0.09910599829353828
4.698970004336019,4.7634444,-0.06447441933951836
4.698970004336019,4.670901,0.02806918265022773
4.698970004336019,4.7564483,-0.05747826455436211
4.698970004336019,4.704397,-0.005427197202067191
4.698970004336019,4.6669,0.03206984640755195
4.698970004336019,4.447833,0.251136943117757
4.698970004336019,4.581105,0.11786477209724922
4.698970004336019,4.643544,0.055425807253499215
4.698970004336019,5.26395,-0.5649798667272137
4.698970004336019,5.0254707,-0.3265007293065594
4.698970004336019,4.8359704,-0.13700039742789727
4.698970004336019,4.8362403,-0.13727028725944024
4.698970004336019,4.7663684,-0.06739838479361993
4.698970004336019,4.6838474,0.015122576967854684
4.698970004336019,4.668039,0.030931159273762887
4.698970004336019,4.152231,0.5467387879053547
4.698970004336019,4.8780546,-0.17908461449943047
4.698970004336019,4.868655,-0.16968520043693047
4.698970004336019,4.6604886,0.03848139883675117
4.698970004336019,4.7822614,-0.08329136727653008
4.698970004336019,5.4424243,-0.7434542929967449
4.698970004336019,4.809819,-0.11084921716056328
4.698970004336019,4.809819,-0.11084921716056328
4.698970004336019,4.6119742,0.08699576498665351
4.698970004336019,4.8019576,-0.10298760293326836
4.698970004336019,4.729517,-0.030546978696207816
4.698970004336019,4.577466,0.12150399328865547
4.698970004336019,4.844524,-0.14555390237174493
4.698970004336019,4.753906,-0.05493576882682305
4.698970004336019,4.748591,-0.04962094186149102
4.698970004336019,4.6815886,0.017381354586262887
4.698970004336019,4.6941137,0.004856272951741403
4.698970004336019,4.6826625,0.01630751730598945
4.698970004336019,4.698216,0.0007540428797199183
4.698970004336019,4.502869,0.19610087515511054
4.698970004336019,4.7442336,-0.04526360390983086
4.696803942579511,4.677752,0.019051924604657877
4.696803942579511,4.530812,0.16599215592790006
4.696803942579511,4.7541976,-0.05739365492415072
4.696803942579511,4.860775,-0.16397105131697298
4.696803942579511,4.8012643,-0.10446034346174837
4.696803942579511,4.6132684,0.08353556718278288
4.695832728275604,4.7032247,-0.007391930690460846
4.694648630553377,4.635633,0.05901563876260507
4.694648630553377,4.8264294,-0.13178073651205313
4.692503962086787,4.46794,0.22456410841857455
4.692290076595193,4.5152893,0.17700076995456815
4.690369832574102,4.647022,0.04334806209680675
4.690369832574102,4.2542667,0.4361030936825001
4.688394459945532,4.7350807,-0.04668625904860857
4.688246138944246,4.2932754,0.3949707826515212
4.686132779630847,5.0904665,-0.40433371969776655
4.686132779630847,4.722944,-0.03681100317554975
4.684029654543083,4.7599735,-0.07594387145789394
4.684029654543083,4.815419,-0.1313895425394369
4.684029654543083,4.5672426,0.11678703216759434
4.6832121883979045,4.9610505,-0.2778383220085896
4.681936665037238,4.4094877,0.2724489407330388
4.681936665037238,4.4094877,0.2724489407330388
4.681102285372513,4.679018,0.0020842647426304595
4.680893940690224,4.7849526,-0.10405869984322358
4.679853713888946,4.214917,0.4649365309665825
4.679853713888946,4.707498,-0.027644359688935083
4.679853713888946,4.5098176,0.17003611363870164
4.679210022301194,4.79362,-0.11441008725691137
4.677822068615024,5.00835,-0.3305278268622711
4.6777807052660805,4.682302,-0.00452129287234726
4.6777807052660805,4.6362014,0.041579323582730865
4.6777807052660805,4.3922553,0.285525399022184
4.676644754243716,4.633073,0.043571901155337045
4.675717544702307,4.6950502,-0.019332694860681343
4.675717544702307,4.558111,0.1176063539064085
4.675717544702307,4.758485,-0.08276729569075947
4.675511766692344,4.7861342,-0.11062247631913102
4.6727637072529005,4.7405005,-0.06773674288137688
4.670541099940278,4.793807,-0.12326592978384276
4.669586226650809,4.7088695,-0.03928323059406402
4.668451239492477,4.629281,0.03917019548612899
4.668410759044863,4.532381,0.13602970130560532
4.667561540084395,4.377178,0.2903833479457232
4.667561540084395,4.665726,0.0018353552394243522
4.665546248849069,4.6160855,0.049460719521676744
4.665546248849069,4.5434813,0.12206489890400096
4.665526143088463,4.852635,-0.18710876368033613
4.663540266151471,4.3364882,0.32705201923374627
4.657577319177793,4.9006453,-0.24306793686468708
4.657577319177793,4.766976,-0.10939856049139607
4.657577319177793,4.738298,-0.08072062012274372
4.655607726314889,4.6362014,0.01940634463153934
4.653940566947426,4.613303,0.04063738243814896
4.653842697767992,4.9181695,-0.26432680067561165
4.653647025549361,4.3013206,0.3523264727234334
4.653647025549361,4.6615896,-0.007942596948197433
4.653647025549361,4.366454,0.28719290109867757
4.653647025549361,4.9817224,-0.32807532933955486
4.652123800390197,4.6989384,-0.04681456936077932
4.651695136951839,4.631115,0.020580177235042463
4.651695136951839,4.7705054,-0.11881029136236965
4.651695136951839,4.545964,0.10573137276116551
4.651695136951839,4.631115,0.020580177235042463
4.651695136951839,4.7705054,-0.11881029136236965
4.6507419044872105,4.8674417,-0.2166997497181118
4.650004100737144,4.6362014,0.013802719053794377
4.647817481888637,4.73012,-0.08230270014871621
4.647817481888637,4.8019276,-0.154110084639683
4.6439741428068775,4.550579,0.0933950717619556
4.642827742276967,5.233712,-0.5908844540731311
4.642065152999546,4.638631,0.003434285995151498
4.642065152999546,4.514306,0.12775908457913587
4.640164517660112,3.9656785,0.674486064214677
4.638272163982407,4.836881,-0.19860899675367705
4.638272163982407,4.943569,-0.30529701936720244
4.638272163982407,5.053262,-0.4149900697517239
4.638272163982407,4.644685,-0.006412627582534469
4.638272163982407,4.5147743,0.12349784147264131
4.636952405478906,4.7280297,-0.0910773224568846
4.636388020107856,4.5801105,0.05627747018109819
4.636388020107856,4.6961393,-0.05975131552446822
4.634699251362012,4.5424485,0.09225073070161205
4.634512015109101,4.4933295,0.14118249011520412
4.634512015109101,4.7175393,-0.08302729534622166
4.634512015109101,4.291349,0.3431630809355166
4.632644078973981,4.50899,0.1236542680303776
4.632644078973981,4.7244596,-0.0918155691583431
4.632644078973981,4.5080976,0.12454643035337565
4.6307841425898575,4.7930946,-0.16231049241990814
4.6307841425898575,4.9265738,-0.2957896107670761
4.629209435480733,4.7595525,-0.1303430433095505
4.628932137728264,4.5801606,0.04877151989989503
4.628932137728264,4.5821314,0.04680075192504152
4.627087997029894,4.4900107,0.13707725865709097
4.625434939277235,4.8451996,-0.21976464568370258
4.6252516539898965,4.2600923,0.3651593955365273
4.624153563690844,5.0402007,-0.4160471466057869
4.623423042943488,4.8071604,-0.1837373345589537
4.623423042943488,4.780832,-0.15740877086876814
4.623423042943488,4.6285625,-0.005139407465447832
4.623423042943488,4.566331,0.05709213321448381
4.621602099051862,4.6786957,-0.057093579659075466
4.621602099051862,4.615827,0.005775015464215549
4.621602099051862,4.683943,-0.062340695747942654
4.619788758288394,4.8117876,-0.1919988469972509
4.619788758288394,4.806475,-0.18668640421770988
4.619788758288394,4.848346,-0.22855747507952628
4.619788758288394,4.5016146,0.11817418767071786
4.619788758288394,4.8180156,-0.1982268171205419
4.619788758288394,4.4919167,0.127872101794253
4.619788758288394,4.481921,0.13786756230450692
4.619788758288394,5.049008,-0.42921913432024894
4.6164359514633055,4.623073,-0.006637149580395629
4.616184634019569,4.6147323,0.0014523685471568015
4.616184634019569,4.4648447,0.1513399303452525
4.61475131759678,4.705294,-0.09054281463588598
4.609064892896621,4.7124543,-0.10338942610362345
4.609064892896621,4.6755886,-0.06652371489146525
4.607303046740334,4.7039995,-0.09669647260781034
4.6041670798980165,4.7777514,-0.17358436587224713
4.604149623981219,4.751897,-0.14774723423411285
4.6020599913279625,4.694436,-0.09237608197526015
4.6020599913279625,4.682869,-0.08080896619156874
4.6020599913279625,4.600107,0.0019527983347984446
4.6020599913279625,4.5581074,0.043952615229329695
4.6020599913279625,4.386918,0.2151419233958336
4.6020599913279625,4.527602,0.07445779558821641
4.6020599913279625,4.8051524,-0.20309242490128554
4.6020599913279625,4.1582623,0.4437977385203453
4.6020599913279625,4.6732926,-0.07123264554337538
4.6020599913279625,4.34852,0.25354018923445665
4.6020599913279625,4.6888456,-0.08678564313248671
4.6020599913279625,4.822656,-0.22059616330460585
4.6020599913279625,4.3572116,0.24484840151473009
4.6020599913279625,4.579329,0.022730977503499616
4.6020599913279625,4.4974704,0.10458961245223009
4.6020599913279625,4.798045,-0.19598516705826796
4.6020599913279625,4.660304,-0.05824407819108046
4.6020599913279625,5.263511,-0.661451189549723
4.6020599913279625,4.8956146,-0.293554632695475
4.6020599913279625,4.788636,-0.1865762162526039
4.6020599913279625,4.442313,0.15974679705306016
4.6020599913279625,4.5786,0.023460061518392195
4.6020599913279625,4.8155713,-0.21351131680802382
4.6020599913279625,5.226311,-0.6242512154896644
4.600811020875485,4.649182,-0.04837082192847042
4.600326278518962,4.740303,-0.13997676103181966
4.599997654072044,4.6275535,-0.027555808910133983
4.599997654072044,4.821473,-0.22147546757102266
4.599997654072044,4.7687025,-0.16870485294699922
4.598599459218456,4.7575493,-0.15894982667021562
4.598599459218456,4.533235,0.06536438612885664
4.598599459218456,4.351465,0.2471342339987297
4.597085517168477,4.7784476,-0.18136211085276344
4.596879478824183,4.6405115,-0.043632033932164305
4.596879478824183,4.80826,-0.21138048516507446
4.5951662833800615,4.6624627,-0.06729642795416702
4.5951662833800615,4.6825724,-0.0874060814270674
4.5934598195660445,4.723459,-0.12999894737121132
4.5934598195660445,4.4359775,0.15748236061218712
4.5934598195660445,4.665598,-0.07213809608336952
4.591760034688151,4.489983,0.1017769528705239
4.590066876668706,4.6617002,-0.07163337204955589
4.590066876668706,4.776825,-0.18675807450316917
4.590066876668706,3.9525442,0.6375226643273972
4.588717086982616,4.7488313,-0.16011418514262843
4.58838029403677,4.6719713,-0.08359102706918708
4.58838029403677,4.5912223,-0.002841992187595288
4.586700235918748,4.690889,-0.10418864576460152
4.586700235918748,4.4454627,0.1412375322139141
4.585026652029182,4.7215667,-0.13654002506432406
4.585026652029182,4.383064,0.20196285884680876
4.585026652029182,4.6455917,-0.060565083810661946
4.584999992096291,5.2384653,-0.6534653170467752
4.583359492661719,4.3744926,0.20886684739804728
4.583359492661719,4.3880153,0.19534422242856486
4.583193128177055,4.4792123,0.1039808440889205
4.5806225948608725,4.5116987,0.06892387202151706
4.579202899000155,4.8793035,-0.30010055635262844
4.579202899000155,4.8475356,-0.26833271119881985
4.578396073130169,4.458067,0.12032913282255198
4.576754126063192,4.761968,-0.18521400977054814
4.575118363368933,3.8093534,0.7657650117759154
4.575118363368933,4.5251603,0.04995805071634507
4.573488738635425,4.40102,0.17246868858659692
4.573488738635425,4.6147704,-0.041281673809643316
4.573488738635425,4.3333793,0.2401094699891848
4.572530120448188,4.78565,-0.21311965601055238
4.568636235841013,4.4712033,0.097432908662058
4.568636235841013,4.5108376,0.05779868090937246
4.567030709125595,4.527933,0.03909758839805555
4.567030709125595,4.488768,0.07826260838706922
4.565431095965801,4.558964,0.006467320331035253
4.565431095965801,4.9674616,-0.4020304900327343
4.563837352959244,5.0779934,-0.5141560399850915
4.563837352959244,4.5984626,-0.034625228675277064
4.562249437179612,4.669756,-0.10750649848933325
4.561774192395471,4.3939915,0.16778272205855682
4.560667306169737,4.850116,-0.2894484698922746
4.560667306169737,5.087687,-0.5270197093637101
4.559090917934783,4.5714226,-0.012331658969514159
4.559090917934783,4.098453,0.4606378730434253
4.559090917934783,4.460785,0.09830600582540772
4.557520230935552,4.78394,-0.22641960747387202
4.555955204081924,4.367936,0.18801906974354488
4.554395796726403,4.5331225,0.02127325720613893
4.552841968657781,4.418429,0.13441307080011455
4.552841968657781,4.6901283,-0.13728635775823506
4.552841968657781,4.418429,0.13441307080011455
4.55129368009492,4.5677333,-0.016439607716359106
4.55129368009492,4.625756,-0.07446210680083176
4.55129368009492,4.9772005,-0.4259068280227556
4.549750891680639,4.5462675,0.0034833822201898457
4.548213564475709,4.1683345,0.37987908037536755
4.546681659952962,4.7420793,-0.19539759801212586
4.542118103266008,4.5480733,-0.0059551885125568305
4.542118103266008,4.9378023,-0.39568421149229316
4.542118103266008,4.929734,-0.3876161267754963
4.541815564429737,4.8384795,-0.29666395446064353
4.539102157243452,4.7486396,-0.2095374263441947
4.539102157243452,4.7806125,-0.24151031147603064
4.539102157243452,4.720072,-0.18096963535908728
4.5379016188648444,4.3144045,0.22349713125498116
4.537602002101044,4.967914,-0.43031210236062556
4.537602002101044,4.302447,0.23515515990744085
4.537602002101044,4.6759415,-0.1383394651841119
4.537602002101044,4.375452,0.1621499604750678
4.536107011014093,4.758289,-0.22218184930695184
4.534617148551582,4.5527782,-0.018161095466973087
4.534617148551582,4.7800517,-0.24543455966985395
4.534617148551582,4.7884254,-0.253808297005059
4.534290063581759,4.635849,-0.1015589354416786
4.531652669587842,4.54266,-0.011007566770800281
4.530177984021837,4.4233556,0.10682240464561588
4.525201181199368,4.774526,-0.2493249380328093
4.522878745280337,4.603113,-0.08023442915813916
4.522878745280337,4.78334,-0.2604612319840669
4.522878745280337,4.496735,0.026143649302554195
4.522878745280337,4.574224,-0.051345249928402836
4.522878745280337,4.8040686,-0.28118982008831495
4.522878745280337,4.799324,-0.27644529036419385
4.522878745280337,4.5735726,-0.05069389037029737
4.522878745280337,4.859147,-0.3362683265580415
4.522878745280337,4.5403175,-0.017438790120053227
4.522878745280337,4.5792418,-0.05636300734417432
4.522878745280337,4.5288415,-0.0059627502335786176
4.522878745280337,5.1473026,-0.6244238822831392
4.522878745280337,5.059666,-0.5367874114884614
4.522878745280337,4.669901,-0.14702214888470166
4.522878745280337,5.166074,-0.6431950538529634
4.522878745280337,4.693045,-0.17016639403240674
4.522878745280337,4.5111384,0.011740306101870601
4.522878745280337,4.791947,-0.2690681426896333
4.522878745280337,4.6404176,-0.11753883055584424
4.522878745280337,4.675632,-0.15275325468914502
4.522878745280337,4.748648,-0.22576942137615674
4.522878745280337,4.5846686,-0.061789891041684086
4.522878745280337,4.3725166,0.15036211320025927
4.521433504406157,4.488129,0.033304365459623675
4.515700160653214,4.516441,-0.0007407077244714344
4.511449283499556,4.447425,0.06402439488871625
4.510998302688623,4.7850685,-0.2740702092742673
4.510041520575165,4.589589,-0.07954759838235415
4.510041520575165,4.740097,-0.23005552532327211
4.508638306165727,5.0273705,-0.5187321467151325
4.508638306165727,4.52298,-0.014341906999556286
4.508638306165727,4.98065,-0.47201164195439027
4.507239610973162,4.716809,-0.20956918495579302
4.507239610973162,4.423831,0.08340862495021284
4.505845405981558,4.5685134,-0.06266798742054203
4.505845405981558,4.3539004,0.15194497339488766
4.504455662453552,4.483762,0.020693875039000886
4.504455662453552,4.580554,-0.07609834603033505
4.504455662453552,4.521543,-0.017087363516907317
4.504205980225132,4.3686285,0.13557747833304212
4.503070351926785,4.786156,-0.2830858255939672
4.502793819296046,4.2729845,0.2298093145963387
4.500175504160421,5.458105,-0.9579295831198529
4.499996931948306,4.498085,0.0019119099756501612
4.498475182597372,4.6059313,-0.10745609944608514
4.497572880015567,4.445749,0.05182407401581113
4.497395374526333,4.660954,-0.16355862403934118
4.496209316942819,4.252165,0.2440444762445768
4.49540681825906,4.6255736,-0.13016681684225873
4.494850021680094,5.3515563,-0.8567062794368496
4.494850021680094,5.4420137,-0.947163718859457
4.494850021680094,4.843372,-0.3485218464534512
4.494850021680094,5.040574,-0.5457240521114102
4.494850021680094,4.76216,-0.26730980269124416
4.494850021680094,4.319011,0.17583881028483006
4.494850021680094,4.5347533,-0.03990330092122463
4.494850021680094,5.217054,-0.7222038685481778
4.494850021680094,5.078818,-0.5839678227107754
4.494850021680094,4.4976087,-0.0027586399715175958
4.494850021680094,4.716598,-0.22174801222493556
4.494850021680094,4.9365873,-0.4417373119991055
4.494850021680094,4.4682174,0.026632648785806623
4.494850021680094,4.5909505,-0.09610046736409572
4.494850021680094,4.7110205,-0.2161704479854336
4.494850021680094,4.6118264,-0.11697639815022853
4.494850021680094,4.5557966,-0.060946601549886736
4.494850021680094,4.6459026,-0.15105261198689846
4.493494967595128,4.2464733,0.247021655217198
4.493494967595128,4.8218875,-0.32839252553841725
4.492144128304169,4.761968,-0.2698240075295715
4.490394295388444,4.3647313,0.125662983590348
4.489723155582645,4.5715275,-0.08180432549645644
4.488116639021126,4.293489,0.19462765968152596
4.487742638706036,4.3959537,0.09178898346311648
4.483398528473466,4.709867,-0.2264684721063679
4.482804102050026,4.4035606,0.07924346362229162
4.481486060122113,4.521027,-0.03954102804317028
4.481486060122113,4.514004,-0.032518170377154654
4.481486060122113,4.6366997,-0.15521361639155895
4.481486060122113,4.6448755,-0.16338946630610973
4.481486060122113,4.386712,0.09477398584232777
4.479385478121764,4.663156,-0.18377055444049173
4.479002888672577,5.243341,-0.7643380804131166
4.478861916295964,4.430016,0.0488458754939618
4.47755576649368,4.3724656,0.10509015598952942
4.473660722610156,4.506665,-0.03300450718720693
4.4723700991286615,4.618909,-0.14653878301245182
4.4723700991286615,4.2517886,0.22058148294824154
4.471623291154592,4.517666,-0.04604257188251726
4.470002635357373,5.2325726,-0.7625699201846192
4.468521082957745,4.6203547,-0.15183356944704052
4.468521082957745,4.418429,0.05009218510007862
4.468521082957745,4.418429,0.05009218510007862
4.468521082957745,4.7440014,-0.27548030559206005
4.467245621007502,4.325994,0.1412516062675122
4.4671819461328335,4.503677,-0.036494945194070816
4.465973893943865,4.4815745,-0.015600641426008366
4.465973893943865,4.4788065,-0.012832601722639225
4.465973893943865,4.283194,0.18277982884987054
4.464705879957229,4.3792167,0.085489208967239
4.46344155742847,4.397718,0.06572360470019856
4.462180904926726,4.5458593,-0.08367843192630176
4.459996055149973,4.3792167,0.08077938415998265
4.459670525209126,4.484649,-0.024978656156840806
4.455931955649724,4.6241527,-0.16822070472014872
4.455931955649724,4.4649496,-0.009017652199396764
4.455931955649724,4.4894013,-0.03346938483489481
4.455931955649724,4.488822,-0.032890027687678014
4.455931955649724,4.278232,0.1776998580239919
4.453951133598266,4.428115,0.025836242546019683
4.453457336521869,4.4615426,-0.008085269831890507
4.453457336521869,4.4274387,0.026018600559955196
4.453457336521869,4.3554435,0.09801385889125402
4.453370979728273,4.557167,-0.10379607349438302
4.450996737974212,4.403606,0.047390800016448686
4.449160394934215,4.6895165,-0.2403561494078259
4.448550002027125,4.6456456,-0.19709561641159556
4.447331783887806,4.662658,-0.21532643068128543
4.446116973356125,4.397674,0.04844288964640864
4.446116973356125,4.580402,-0.1342849240742945
4.444905551421681,4.5639687,-0.11906310702558454
4.444905551421681,4.4659634,-0.02105781222577985
4.444905551421681,4.8574896,-0.41258403445478375
4.444905551421681,4.3344727,0.11043289517168109
4.444736221685872,4.623196,-0.17845990334464545
4.443697499232713,4.6280704,-0.18437285522895674
4.443697499232713,4.565518,-0.1218204031415544
4.443697499232713,5.280174,-0.8364762793012224
4.443480406260482,4.5978827,-0.15440234138966424
4.442492798094342,4.533126,-0.09063307928602882
4.442492798094342,4.0180016,0.4244912416978579
4.438898616350944,4.8010488,-0.3621501392948083
4.431798275933005,4.7740684,-0.3422700796272977
4.429457060118103,4.86366,-0.4342027985855106
4.429457060118103,4.558834,-0.12937701580963168
4.429457060118103,4.787287,-0.35783017514190707
4.428291168191312,4.5594926,-0.1312014198519007
4.425968732272281,4.3386617,0.0873070615874667
4.424812155072339,4.535558,-0.11074606865202608
4.423658649794207,4.700037,-0.27637835276926914
4.423658649794207,4.477892,-0.05423327220286289
4.419075024324381,4.505547,-0.08647202233699591
4.417936637088292,4.29093,0.127006842776769
4.416461180745648,4.507009,-0.09054784864277998
4.413412695328245,4.7025485,-0.28913580854748755
4.412289034981089,4.400867,0.011422049660043676
4.410050398674292,4.4849305,-0.07488011661501481
4.409113601626762,4.32011,0.08900375741899857
4.4089353929735005,4.64125,-0.23231474054090384
4.408601448718751,5.0235043,-0.6149028084833974
4.407601153884436,4.2585206,0.14908055070450477
4.406713932979542,4.3231955,0.0835184755210463
4.406713932979542,4.418616,-0.011901885044139249
4.405607449624573,4.356256,0.0493514414763796
4.404503778174426,4.321533,0.08297057504942629
4.400116927926312,4.2470493,0.1530675962612733
4.3979400086720375,4.4224653,-0.024525315729817976
4.3979400086720375,4.608665,-0.21072498079939805
4.3979400086720375,4.364516,0.0334242272694496
4.3979400086720375,4.633839,-0.23589912172957384
4.3979400086720375,4.7576585,-0.3597184729258629
4.3979400086720375,4.426451,-0.028511197535237898
4.3979400086720375,4.5941772,-0.1962372374217125
4.39577394691553,4.5778747,-0.18210071357641322
4.394694953858891,4.6764655,-0.2817705574631306
4.393618634889395,4.543649,-0.15003056173536056
4.393618634889395,4.5599747,-0.16635603552076095
4.392544976785332,4.8437657,-0.45122075884088897
4.391473966422806,4.4103003,-0.018826288398971158
4.391473966422806,4.3293886,0.062085347953567904
4.39040559077478,4.388842,0.0015634849093011383
4.39040559077478,4.761066,-0.37066036915564027
4.39040559077478,4.5809956,-0.19058996891760316
4.390000296157769,4.4390135,-0.04901318498236762
4.387640052032226,4.9386435,-0.5510034034731452
4.3872161432802645,4.4365797,-0.04936356100440342
4.3872161432802645,4.6951084,-0.3078922704160245
4.386158178123931,4.226831,0.15932721880386236
4.386158178123931,5.018908,-0.6327498457102978
4.3851027839668655,4.239908,0.14519456558307642
4.3851027839668655,4.434096,-0.04899307556072241
4.384049948343599,4.503961,-0.11991113792959407
4.380906669373258,4.782867,-0.4019602854302091
4.379135524734879,4.32761,0.0515255088657387
4.377785977033705,4.533259,-0.1554729379138049
4.376750709602099,4.5213947,-0.1446440200121586
4.375717904164332,4.2802286,0.0954892893572028
4.374687549038327,4.3820343,-0.007346752719485927
4.374276090474244,4.5155697,-0.1412935964154043
4.373659632624958,4.3454666,0.028193018855426466
4.372634143407267,4.398818,-0.02618387264497901
4.372634143407267,4.9849257,-0.6122916035104575
4.371611069949688,4.5996637,-0.22805266448634676
4.370590400897281,4.560615,-0.19002466181634237
4.369572124974976,4.350433,0.01913925220275914
4.368556230986828,4.4442863,-0.0757301154487191
4.367000027061367,4.390199,-0.023199157356357247
4.366531544420414,4.5539627,-0.18743116309911745
4.366531544420414,4.156678,0.2098533446523474
4.366531544420414,4.3079834,0.0585481459829138
4.36251027048749,4.4868937,-0.12438338338213928
4.358922686674625,4.233089,0.12583371649029917
4.357535479757878,4.580808,-0.22327268293133073
4.356547323513812,4.4567933,-0.10024598474424451
4.3535962737769305,4.583332,-0.22973578799064764
4.35261702988538,4.449669,-0.09705185439196384
4.350665141287858,4.9917164,-0.6410512435998372
4.349692476868063,4.4517207,-0.10202823770102842
4.347753658996677,4.5801725,-0.23241887976064746
4.346787486224656,4.1667533,0.18003419414091582
4.346787486224656,4.5452795,-0.1984920166439963
4.342944147142896,4.334413,0.008531095537671618
4.342944147142896,4.4395933,-0.09664916798161549
4.341035157335565,4.4118648,-0.07082960020227702
4.341035157335565,4.532298,-0.1912629307381657
4.33913452199613,4.4148974,-0.0757629198678833
4.338187314462739,4.4711213,-0.13293399672500517
4.337242168318426,4.7174344,-0.3801922379620919
4.333482019445119,4.2460876,0.08739446832817599
4.332547047110047,4.980417,-0.6478697276397085
4.332453660488484,4.5530047,-0.2205510811802176
4.330683119433888,4.3316064,-0.0009232686581528426
4.329754146925876,4.228342,0.10141209065146217
4.329754146925876,4.228342,0.10141209065146217
4.326979092871103,4.007989,0.3189901631225682
4.326979092871103,4.4092717,-0.08229262420042982
4.325138859262188,4.239908,0.08523064087839938
4.320572103387881,4.16879,0.151782239801455
4.319392571008212,4.677415,-0.35802232309579196
4.315693353928369,4.404842,-0.08914854594345734
4.315154638355588,4.272441,0.04271372801623219
4.3128278954052,4.599283,-0.2864553229785889
4.3124710387853655,4.666644,-0.3541730575891462
4.309803919971486,4.2490287,0.06077523726274592
4.308891973383256,4.666281,-0.35738924991386334
4.308034897232639,4.5753846,-0.2673497196191672
4.30715308072277,4.519918,-0.21276488421253248
4.304518323509803,5.09354,-0.7890218681405878
4.301029995663981,4.9721212,-0.6710912430445148
4.301029995663981,4.7541056,-0.45307557226814765
4.301029995663981,4.420886,-0.11985604406990547
4.301029995663981,4.311207,-0.010176821962971871
4.301029995663981,4.8118668,-0.510836764589925
4.301029995663981,4.361884,-0.06085412146248359
4.301029995663981,5.171124,-0.8700939858118488
4.301029995663981,4.3816857,-0.08065573813118476
4.301029995663981,4.2707205,0.03030951379142266
4.301029995663981,4.5910406,-0.2900106156031086
4.301029995663981,4.3628855,-0.06185547949471015
4.301029995663981,4.5089226,-0.20789258124031562
4.301029995663981,5.0163865,-0.7153565132776691
4.301029995663981,4.302834,-0.0018040383020831996
4.301029995663981,4.410689,-0.10965888144173164
4.301029995663981,4.346772,-0.04574219824471015
4.301029995663981,4.410604,-0.10957400442757148
4.301029995663981,4.2487774,0.052252606137614066
4.301029995663981,4.4613676,-0.16033761145271797
4.301029995663981,4.447009,-0.14597909094490547
4.301029995663981,4.641072,-0.3400418007532551
4.301029995663981,4.792855,-0.4918247902552082
4.301029995663981,4.518556,-0.21752612234749336
4.301029995663981,4.126459,0.1745708739598797
4.301029995663981,4.5309505,-0.22992055060066718
4.301029995663981,4.382241,-0.0812107765833332
4.301029995663981,4.2009306,0.10009940026603203
4.301029995663981,5.023253,-0.7222229683557941
4.301029995663981,4.3170815,-0.01605145575203437
4.301029995663981,4.7265215,-0.4254914963404133
4.301029995663981,4.267204,0.03382618783317071
4.301029995663981,4.3914113,-0.0903813088098957
4.301029995663981,4.4452963,-0.14426629187263984
4.301029995663981,4.8170185,-0.5159885132471516
4.301029995663981,4.4414577,-0.14042775274910468
4.301029995663981,4.479215,-0.17818514944710273
4.301029995663981,4.182739,0.11829121468863946
4.301029995663981,4.4629707,-0.16194073797859687
4.301029995663981,4.159656,0.14137394784293633
4.301029995663981,4.468413,-0.16738288046516914
4.301029995663981,4.49357,-0.1925398552576496
4.301029995663981,4.5294003,-0.22837035299934882
4.301029995663981,4.37469,-0.07366006018318672
4.301029995663981,4.6115513,-0.3105212891260578
4.301029995663981,4.884456,-0.5834261620203449
4.301029995663981,5.4232345,-1.1222044670740559
4.301029995663981,4.369002,-0.06797186972298164
4.301029995663981,4.7348943,-0.43386428000130195
4.301029995663981,4.4465814,-0.14555136801399726
4.301029995663981,4.265581,0.03544886468253594
4.301029995663981,4.7807975,-0.479767485872884
4.301029995663981,4.2952595,0.005770519955973441
4.301029995663981,4.339618,-0.03858821036018867
4.301029995663981,4.316543,-0.015513106600423043
4.301029995663981,4.213814,0.0872162139257
4.301029995663981,4.0178647,0.2831652915319012
4.301029995663981,4.3240523,-0.023022338167805856
4.301029995663981,4.2536817,0.047348335965494925
4.301029995663981,4.5201836,-0.21915356756844062
4.301029995663981,4.776864,-0.4758340561548664
4.301029995663981,6.165519,-1.8644892418543293
4.301029995663981,4.1484685,0.15256150124869805
4.301029995663981,4.407627,-0.10659711004890937
4.301029995663981,4.8638053,-0.562775298372884
4.301029995663981,4.2768307,0.024199322446207816
4.301029995663981,4.7725906,-0.47156064154305
4.301029995663981,4.3114667,-0.010436698214192575
4.301029995663981,4.2345176,0.06651242135367852
4.301029995663981,4.8295727,-0.5285426819483234
4.301029995663981,4.283959,0.0170710837682293
4.301029995663981,4.5436354,-0.24260537268318672
4.301029995663981,4.078338,0.22269184945426446
4.301029995663981,4.15165,0.1493800437291668
4.301029995663981,4.296607,0.00442297814689141
4.301029995663981,4.9680767,-0.6670467102686359
4.301029995663981,4.2781878,0.022842243893961722
4.301029995663981,4.2622085,0.038821533902506644
4.301029995663981,4.678205,-0.37717501761116523
4.301029995663981,4.6578865,-0.35685650946297187
4.301029995663981,4.3681235,-0.06709353567757148
4.301029995663981,4.2533402,0.04768975137076836
4.301029995663981,4.838478,-0.537448092714925
4.301029995663981,4.2533727,0.04765732644401055
4.301029995663981,4.5399146,-0.23888461233772773
4.301029995663981,4.35794,-0.05691020132698554
4.301029995663981,4.471978,-0.1709481918970539
4.301029995663981,4.9178963,-0.6168662750879719
4.301029995663981,4.175667,0.12536318658195
4.301029995663981,4.2498918,0.05113823769889336
4.301029995663981,4.412184,-0.11115376593269843
4.301029995663981,4.347374,-0.046343966738362496
4.301029995663981,4.1598434,0.1411865508397625
4.301029995663981,4.5694895,-0.26845948340096015
4.301029995663981,4.2729545,0.02807553170524102
4.301029995663981,4.336604,-0.035574122683186715
4.301029995663981,4.286338,0.01469214318595391
4.301029995663981,4.3011312,-0.00010125281013984022
4.301029995663981,4.3011312,-0.00010125281013984022
4.301029995663981,4.4037004,-0.10267035605110664
4.301029995663981,4.3647776,-0.06374756933846015
4.301029995663981,4.252532,0.04849799035392266
4.301029995663981,4.3579597,-0.05692975165047187
4.301029995663981,4.2297106,0.07131941674552422
4.301029995663981,4.4067283,-0.10569827200569648
4.301029995663981,4.435005,-0.1339751923243
4.301029995663981,4.275192,0.025838211758951957
4.301029995663981,4.6729755,-0.37194554449715156
4.301029995663981,4.284057,0.016972855313639457
4.301029995663981,4.606987,-0.3059570038477375
4.301029995663981,4.696248,-0.3952180588404133
4.301029995663981,4.596476,-0.295446082369466
4.301029995663981,4.868382,-0.5673519814173176
4.301029995663981,4.3007326,0.0002973830541179723
4.301029995663981,4.538946,-0.23791615606941718
4.301029995663981,4.4632926,-0.16226260306038398
4.301029995663981,4.0913157,0.2097142493566082
4.301029995663981,4.2807913,0.02023871301017266
4.301029995663981,4.2357054,0.06532461999259453
4.301029995663981,4.419312,-0.11828200461067695
4.301029995663981,4.7911057,-0.49007575155891914
4.301029995663981,4.753253,-0.45222298742928047
4.301029995663981,4.4366503,-0.13562028052010078
4.301029995663981,4.5154724,-0.21444241644539375
4.301029995663981,4.389885,-0.0888549530664875
4.301029995663981,4.280253,0.020777062161783988
4.301029995663981,4.179304,0.12172587273917657
4.301029995663981,5.475815,-1.1747848236719562
4.301029995663981,4.266186,0.034843758328776175
4.301029995663981,4.2276006,0.07342942117057305
4.301029995663981,4.323713,-0.02268283011116523
4.301029995663981,4.320884,-0.019854232088704293
4.301029995663981,4.3942814,-0.09325139166512031
4.301029995663981,4.2317934,0.06923659203849297
4.301029995663981,4.3194695,-0.01843945624031562
4.301029995663981,4.503798,-0.20276801230110664
4.301029995663981,4.653233,-0.3522030556360676
4.301029995663981,4.255298,0.04573185799918633
4.301029995663981,4.2354493,0.06558068154654961
4.301029995663981,4.7027416,-0.40171162726082343
4.301029995663981,4.359042,-0.058012171999592965
4.301029995663981,4.4951525,-0.19412247778572578
4.301029995663981,4.2123327,0.08869727013907891
4.301029995663981,4.510441,-0.20941083075203437
4.301029995663981,4.59825,-0.29721991659798164
4.301029995663981,4.4762845,-0.17525450827278632
4.301029995663981,4.3782063,-0.07717625738777656
4.301029995663981,4.2689095,0.03212054131827813
4.301029995663981,4.550588,-0.24955813528694648
4.301029995663981,4.5678716,-0.26684157492317695
4.301029995663981,4.307096,-0.006066008822102731
4.301029995663981,4.534984,-0.23395411612190742
4.301029995663981,4.313169,-0.01213900686897773
4.301029995663981,4.335971,-0.034940882937092965
4.301029995663981,4.253015,0.048014954312662894
4.301029995663981,4.499579,-0.1985489571253254
4.301029995663981,4.4675894,-0.16655938269295234
4.301029995663981,4.4675894,-0.16655938269295234
4.301029995663981,4.6287866,-0.32775656820930976
4.301029995663981,4.697976,-0.3969461167017414
4.300864995108978,4.366122,-0.06525677384243789
4.300162274132754,4.450905,-0.15074257205865216
4.299998815998418,4.507953,-0.2079543509632522
4.299036821840451,4.45071,-0.1516729979532503
4.297569463554475,4.140437,0.15713233739480703
4.297569463554475,4.0688,0.2287694910202953
4.296708621881339,4.4611073,-0.16439863214698125
4.292429823902063,4.113521,0.17890872481148712
4.29073003902417,4.1207886,0.1699414648054196
4.2839966563652006,4.5200763,-0.23607961850662562
4.283162276700476,4.6357265,-0.3525641751733035
4.278189384787454,4.3584003,-0.08021096006117912
4.277851639988837,4.597303,-0.3194512736769344
4.277366077466188,4.599466,-0.32209976954919295
4.276544327964814,4.4654245,-0.18888020969387753
4.276134035556496,4.2468596,0.029274485080422075
4.274905478918531,4.7703547,-0.4954492688536858
4.274251667004452,4.304464,-0.030212196368350597
4.274088367704952,4.452811,-0.17872239660779243
4.274088367704952,4.452811,-0.17872239660779243
4.274088367704952,4.5452533,-0.27116490911999946
4.27083521030723,4.505219,-0.23438377238930297
4.2693792021127175,4.6201987,-0.35081952454133525
4.269217724333611,4.467975,-0.1987574152843088
4.269217724333611,4.40648,-0.13726211117664278
4.269217724333611,4.3283052,-0.05908752011218965
4.266000713461613,4.302022,-0.03602126682403117
4.263308755636778,4.626037,-0.36272836518231344
4.261219441515631,4.335311,-0.07409149445849028
4.259637310505756,4.339989,-0.08035187482749606
4.254925208417943,4.226063,0.02886243375974029
4.254925208417943,4.5885625,-0.3336372801379648
4.254612878679991,4.5919023,-0.33728937733197206
4.253365801062421,4.7705054,-0.5171396272517876
4.251811972993799,4.4083624,-0.15655041561704053
4.248720896016658,4.585308,-0.33658717893451406
4.247951552180561,4.3970876,-0.14913602182456565
4.246416941107094,4.224041,0.02237595599967168
4.246018828872132,4.1693163,0.07670253706305008
4.245651664288981,4.6294494,-0.3837977032342126
4.2441251443275085,4.5358763,-0.2917511297813782
4.24184537803261,4.4765925,-0.2347471627083566
4.238824186844268,4.2091994,0.029624758285918595
4.236572006437063,4.6614485,-0.42487647226166736
4.236572006437063,4.395216,-0.15864398172211658
4.23328979273774,4.266147,-0.032857343950492
4.23284413391782,4.615504,-0.38265965407656477
4.229884705212898,4.574292,-0.3444074777094652
4.229147988357856,4.147552,0.08159597496063942
4.22548303427145,4.543653,-0.31816997705057126
4.223298816011589,4.3745575,-0.15125867910559876
4.221848749616356,4.951939,-0.7300903563711927
4.221848749616356,4.19781,0.024038576581688176
4.221848749616356,4.162881,0.05896785209438349
4.221125527997261,4.3045,-0.08337457499956535
4.220042948753094,4.508188,-0.2881448220904117
4.219999701663429,4.8834786,-0.6634789398465806
4.217026005055952,5.3320055,-1.1149794957375052
4.213958789757446,4.2542367,-0.04027790839318879
4.213958789757446,4.1607985,0.05316024010534637
4.213958789757446,4.0924826,0.12147622292394988
4.213603538627695,4.2069683,0.006635231132578134
4.212539525481585,4.5210075,-0.30846801236021193
4.212539525481585,4.5210075,-0.30846801236021193
4.212335083150178,4.6330166,-0.42068150315353314
4.211760902617832,4.763256,-0.5514951703802149
4.2076083105017466,4.212612,-0.005003841597862824
4.20690839982342,4.379651,-0.17274266981769326
4.206209615309182,4.27579,-0.06958059922939253
4.204815410317576,4.3211584,-0.11634299880107601
4.20342566678957,4.0782156,0.12521006772951182
4.20342566678957,4.0782156,0.12521006772951182
4.202732459169283,4.2752857,-0.07255326165591214
4.202732459169283,4.3961606,-0.1934281434002969
4.200659450546418,4.232279,-0.03161937330612119
4.199282921717615,4.3401403,-0.14085742099478704
4.198939470152144,4.2093234,-0.01038393606733834
4.198596289982645,4.308384,-0.1097876516677454
4.189767482004916,4.0273533,0.16241419526175171
4.187822225841246,4.7141013,-0.5262790887034319
4.187086643357144,4.4256673,-0.23858064256204514
4.186419011431808,4.4503384,-0.26391935221565266
4.18309616062434,4.320184,-0.13708807018010294
4.180587688790675,4.5516014,-0.37101372112143416
4.180456064458132,4.3364882,-0.15603218245959294
4.180456064458132,4.193462,-0.013005830530882001
4.180456064458132,4.0851645,0.09529151749157894
4.180456064458132,4.2075944,-0.02713833022570622
4.178486471595227,4.5377383,-0.3592518516164427
4.176525770829699,4.243296,-0.06677037556312371
4.176388852713253,4.644817,-0.46842802274451056
4.173925197299174,4.474414,-0.3004886744659627
4.169411331314856,4.195437,-0.026025623183435265
4.168770306132937,4.356071,-0.18730068919787346
4.167491087293763,4.392054,-0.22456299366937138
4.164309428507575,4.9957204,-0.8314109579975524
4.162664131984985,4.292658,-0.12999372018786648
4.161150909262744,4.5618396,-0.40068867127314434
4.1605219526258015,3.9714434,0.18907853793769114
4.158015195409886,4.3356237,-0.17760854574001605
4.156269034887908,4.374323,-0.2180538563474439
4.154901959985743,4.4162035,-0.26130153885458896
4.154901959985743,4.3232555,-0.1683535789546866
4.154901959985743,4.4416676,-0.28676559677695224
4.148130399270234,4.378936,-0.23080541463357473
4.142667503568732,4.7632627,-0.6205952451495298
4.142667503568732,4.072935,0.06973239919861474
4.140261433802853,4.2319345,-0.09167311362146346
4.138465589140962,4.342828,-0.2043622077950733
4.137868620686962,4.321837,-0.18396832770781302
4.137272471682025,4.358871,-0.22159851144175402
4.13608262304214,4.3393445,-0.20326187845322163
4.134286189991004,4.1274047,0.006881500202185364
4.134150130041464,4.458533,-0.32438268016971783
4.134037764833871,4.541046,-0.4070083777442539
4.134008199873724,4.184999,-0.050990789231500244
4.133990461863665,4.5190334,-0.38504297014317057
4.1339786369261,4.421053,-0.2870742958131576
4.133966812310496,4.0477924,0.08617437761811342
4.133966812310496,4.601308,-0.4673410566470233
4.133949075990725,4.42998,-0.2960307251872534
4.133931340395265,4.228873,-0.09494143563622881
4.133895871377041,4.595876,-0.4619803455113871
4.13386040525535,4.092652,0.04120856123069139
4.133736296632804,4.1930914,-0.05935509588428545
4.133718569724462,4.0207973,0.11292131706943298
4.133694934972173,3.9836502,0.15004472745264152
4.132532512140949,4.460369,-0.32783659796647324
4.130768280269024,4.193339,-0.0625705907331735
4.130768280269024,4.2577353,-0.12696697211134733
4.129011186239425,4.495251,-0.3662399925020301
4.127261172527331,4.2692556,-0.14199446559522766
4.125518182300533,4.7525067,-0.6269885506401405
4.121478204498794,4.2962837,-0.17480551742503447
4.120330794367947,4.369381,-0.2490501565597878
4.119998611678231,4.3334107,-0.21341212822045108
4.1180450286604,4.1607985,-0.04275352099169982
4.11656570631699,4.5953856,-0.47881984513564646
4.115204636051019,4.3334107,-0.21820610384766237
4.113622093241428,4.15678,-0.043157672841335426
4.112945621949043,4.489983,-0.3770374598685837
4.111259039317107,4.6315303,-0.5202712455644845
4.1095789811990855,4.291661,-0.18208180447596334
4.108462542327436,4.413925,-0.3054626285710018
4.107905397309519,4.375521,-0.2676157857043968
4.105130343254747,4.377509,-0.2723787738717176
4.104577453960592,3.8257067,0.27887073360841885
4.104025267640935,4.432004,-0.32797870727361556
4.096910013008056,4.6017137,-0.5048036443710942
4.096910013008056,4.232279,-0.13536881084448282
4.096910013008056,4.436102,-0.3391919004440922
4.096910013008056,4.178205,-0.08129500026709024
4.096910013008056,4.3512235,-0.25431345577246134
4.096367483915762,4.376606,-0.2802385036330657
4.095825631715837,4.2473116,-0.1514859603862142
4.09366495819491,4.784287,-0.6906220176656861
4.092051478387727,4.153265,-0.06121352100192112
4.089909454405932,4.1288056,-0.03889618295368713
4.087246696328677,4.347618,-0.2603714066986669
4.087034379295896,4.627209,-0.540174807258059
4.086186147616283,4.2459292,-0.15974309356413663
4.086186147616283,4.2459292,-0.15974309356413663
4.086186147616283,4.170716,-0.08452966125212491
4.0835460514500745,4.146342,-0.06279574923962272
4.081445469449727,4.243552,-0.1621067384970507
4.078209514341813,5.0650425,-0.9868329813857262
4.076755981369724,4.5419774,-0.4652214241783721
4.074687908500351,4.486266,-0.41157822766908225
4.069917366607629,4.414714,-0.34479649295047654
4.066512712151295,4.186872,-0.12035929331135176
4.061685462386115,4.3962884,-0.3346029325418636
4.050609993355088,4.3737626,-0.32315261421937524
4.048176964684088,4.1773777,-0.12920073612157612
4.045757490560675,4.308852,-0.2630947051790713
4.045757490560675,4.3006363,-0.25487880094323145
4.040005161671584,4.1314096,-0.091404483408982
4.035740369803151,4.224609,-0.18886852835969048
4.031517051446065,4.3208957,-0.2893786203984172
4.031517051446065,4.55696,-0.5254430544499309
4.030584087646019,4.1176167,-0.0870325657963642
4.027144821072396,4.1464105,-0.11926564416808283
4.026816708090088,4.186125,-0.15930809354565412
4.026816708090088,3.9494271,0.0773895802519533
4.0268074690597,4.3543625,-0.32755501873326853
4.02676127685575,4.438284,-0.4115226434323356
4.02674742015256,4.267945,-0.24119739262209805
4.02674742015256,4.0289245,-0.0021770450268832064
4.026742801349744,4.031615,-0.004871979076281008
4.026728945236015,4.1616454,-0.13491646720905326
4.02671047110536,4.0519295,-0.0252190027715935
4.026655053428071,4.2375236,-0.2108685023275445
4.026655053428071,4.415111,-0.38845601148281794
4.026655053428071,4.4033976,-0.3767425066915582
4.026622729715015,4.24641,-0.21978716332087345
4.026608877431568,4.010061,0.016548090230640078
4.026530389503343,4.3057184,-0.2791880324326925
4.026525773008098,3.8831167,0.1434090509011643
4.026525773008098,4.1107993,-0.08427353958345485
4.02650730751783,4.232404,-0.20589692450731611
4.026502691267937,4.0068574,0.019645296095817777
4.026493458915349,3.9637115,0.06278195874750203
4.026493458915349,4.0759897,-0.049496264290217695
4.026493458915349,4.5047135,-0.4782200763934892
4.026493458915349,4.0663605,-0.03986701471746379
4.026493458915349,4.094314,-0.06782063944280559
4.026488842812652,4.111306,-0.08481734767807048
4.026488842812652,4.4003725,-0.3738836623753361
4.026488842812652,3.9158108,0.11067801937210042
4.02648422675902,3.981282,0.04520223098570497
4.026479610754451,4.1895127,-0.16303311889032468
4.026479610754451,4.0860634,-0.059583774255314914
4.026479610754451,4.2793713,-0.252891650842229
4.026474994798943,4.160782,-0.1343068655526194
4.026474994798943,3.9990075,0.027467531343742912
4.026470378892497,4.0839777,-0.05750732038728845
4.026470378892497,4.227687,-0.20121650312654626
4.02646576303511,3.893975,0.13249074358015367
4.026461147226781,4.2937603,-0.2672991524558359
4.026461147226781,3.985649,0.04081203834006253
4.026461147226781,4.3695507,-0.3430895577292734
4.026461147226781,4.1373124,-0.11085126503518161
4.026456531467511,4.1707554,-0.1442988548850277
4.026456531467511,4.3265886,-0.30013209920875816
4.026451915757296,4.1426835,-0.11623159025466645
4.026451915757296,4.7324495,-0.7059976157978793
4.026438068920982,3.9220538,0.10438425498665627
4.026438068920982,4.0472727,-0.020834613268958968
4.026433453406985,3.9837542,0.042679295386965244
4.026428837942038,4.2397246,-0.2132957981358432
4.026428837942038,4.085236,-0.05880723459824555
4.026424222526141,4.199543,-0.17311877674143705
4.026419607159294,3.9451618,0.08125778770128633
4.026419607159294,4.167389,-0.14096930885633085
4.026419607159294,4.1488056,-0.12238601112683867
4.026419607159294,4.037982,-0.011562379840217574
4.026419607159294,3.999005,0.027414527889884965
4.026419607159294,4.1347923,-0.10837272072156523
4.026414991841495,3.9964786,0.029936434254825173
4.026414991841495,4.700069,-0.6736539588115811
4.026414991841495,4.312638,-0.2862228140972256
4.026414991841495,4.0576944,-0.03127944327813381
4.026405761353037,4.1648006,-0.13839488256786137
4.026405761353037,4.2984853,-0.2720795177302149
4.026405761353037,4.3591285,-0.3327227138361719
4.026405761353037,3.9340441,0.09236163865711422
4.026401146182377,4.0059266,0.02047453714307057
4.026396531060761,3.9321785,0.09421803374630766
4.026396531060761,4.1438265,-0.117429953619415
4.026396531060761,3.9243512,0.10204531569821196
4.026391915988187,4.120674,-0.09428221731259434
4.026391915988187,4.5099025,-0.4835105612762174
4.026391915988187,4.3016543,-0.275262422848483
4.026391915988187,3.978013,0.048378877352933
4.026391915988187,4.2763176,-0.24992568044735997
4.026387300964656,3.987263,0.039124336715998353
4.026382685990165,4.0385475,-0.012164829878975603
4.026382685990165,4.1066604,-0.08027768006818459
4.026382685990165,4.275094,-0.24871134629743263
4.026382685990165,4.3805547,-0.3541719900657432
4.026382685990165,4.389041,-0.3626582609702842
4.026382685990165,3.9777489,0.04863381514055565
4.026382685990165,4.2331758,-0.20679306855695412
4.026382685990165,4.187105,-0.1607224928428428
4.026382685990165,4.005308,0.021074534745047835
4.026382685990165,4.214359,-0.1879761206199424
4.026382685990165,4.0521345,-0.025751827864815446
4.026382685990165,4.099588,-0.07320523133771584
4.026382685990165,4.138999,-0.11261629930036232
4.026382685990165,4.3843503,-0.35796761384504006
4.026382685990165,4.634284,-0.6079013334800498
4.026382685990165,4.0616407,-0.035258053450752946
4.026341153426423,4.2920117,-0.26567058439706326
4.026341153426423,4.440756,-0.41441469068978787
4.026341153426423,4.162562,-0.1362207400367117
4.026341153426423,3.9430401,0.08330102090384006
4.026341153426423,3.86978,0.15656108979727268
4.026341153426423,4.378015,-0.3516738879248953
4.026341153426423,4.2637897,-0.2374485003516531
4.026341153426423,4.1063237,-0.07998256559823513
4.026341153426423,4.2134237,-0.18708257551644802
4.026341153426423,4.0780797,-0.051738547043547634
4.026341153426423,4.263963,-0.23762206907723904
4.026341153426423,3.9454372,0.08090396050955295
4.026341153426423,4.140503,-0.11416177626107693
4.026341153426423,4.1619296,-0.13558845396493435
4.026341153426423,4.4309735,-0.40463237638925076
4.026341153426423,4.1343465,-0.10800533171151638
4.026341153426423,4.1538243,-0.12748317594979763
4.026341153426423,4.242892,-0.21655063505624295
4.026341153426423,4.052846,-0.02650480146859646
4.026341153426423,3.780614,0.24572725419546604
4.026341153426423,3.9698775,0.05646367196585178
4.026341153426423,4.2472405,-0.22089938993905545
4.026341153426423,4.333116,-0.30677490110848904
4.026295010791243,4.1036286,-0.0773336246152514
4.026295010791243,4.040724,-0.014428789867936942
4.026295010791243,4.347774,-0.3214790179868334
4.026295010791243,3.9793718,0.046923224673689035
4.026295010791243,3.8759904,0.15030462001365485
4.026295010791243,3.9055014,0.12079364512962165
4.026295010791243,4.295795,-0.2694999530454272
4.026295010791243,4.437186,-0.4108907535215014
4.026295010791243,4.016558,0.00973684047263923
4.026253486610831,4.102123,-0.0758692970500574
4.026253486610831,4.3011646,-0.27491114046436405
4.026253486610831,4.4678273,-0.4415738334880457
4.026253486610831,3.9084966,0.11775686833995724
4.026253486610831,4.2102985,-0.18404505159717655
4.026165837488118,3.948243,0.07792293473238043
4.026165837488118,4.7588367,-0.7326709087277026
4.02612432565592,3.9055736,0.1205507191648314
4.026078206051142,4.0771213,-0.051043051730840006
4.026078206051142,4.3894925,-0.36341430569812516
4.026078206051142,4.3027835,-0.2767052831761525
4.02603670259391,3.992136,0.033900701006995604
4.02603670259391,4.189056,-0.16301921705330713
4.02603670259391,4.091399,-0.06536249021614893
4.02603670259391,4.198623,-0.17258647779549463
4.02599059229277,4.0114527,0.01453791742704702
4.025902996205869,4.6454687,-0.6195657156471581
4.02586150948843,4.6250834,-0.5992219370142555
4.025644920995208,4.486801,-0.4611562264657296
4.024568191490737,3.8758643,0.14870392414149425
4.022276394711152,4.106843,-0.08456659997878901
4.018181392829336,4.826123,-0.8079418447805269
4.017728766960432,4.610977,-0.5932484058911305
4.017050711425501,4.3762345,-0.3591838199770869
4.015022873584507,4.226556,-0.2115329506952781
4.013676222949234,4.5165086,-0.502832356304916
4.013228265733755,4.00146,0.011768190355336827
4.013228265733755,3.9509954,0.06223282048228995
4.009661145212399,4.140934,-0.1312728452661167
4.008773924307505,4.4234247,-0.41465079645665526
4.008773924307505,4.5050178,-0.4962438331082666
4.005990966876387,4.1836934,-0.17770244208967778
4.00436480540245,4.6938734,-0.6895086000540926
4.00436480540245,3.6117046,0.39266021746604896
4.003926345514724,4.4700174,-0.46609108765177965
4.0,4.522335,-0.5223350524902344
4.0,3.842714,0.1572859287261963
4.0,4.42197,-0.4219698905944824
4.0,4.498311,-0.49831104278564453
4.0,4.0381885,-0.03818845748901367
4.0,4.1483126,-0.14831256866455078
4.0,4.173359,-0.17335891723632812
4.0,4.0530124,-0.05301237106323242
4.0,4.6565676,-0.6565675735473633
4.0,3.8777518,0.12224817276000977
4.0,4.0386524,-0.03865242004394531
4.0,4.059121,-0.059121131896972656
4.0,3.9131866,0.08681344985961914
4.0,4.1053324,-0.1053323745727539
4.0,4.133904,-0.13390398025512695
4.0,4.1904864,-0.19048643112182617
4.0,4.1859126,-0.1859126091003418
4.0,4.0419984,-0.04199838638305664
4.0,4.05455,-0.0545501708984375
4.0,4.168363,-0.16836309432983398
4.0,4.0836763,-0.08367633819580078
4.0,4.0363336,-0.036333560943603516
4.0,3.8649468,0.13505315780639648
4.0,4.2581825,-0.2581825256347656
4.0,4.019939,-0.019938945770263672
4.0,4.090505,-0.09050512313842773
4.0,4.1753736,-0.17537355422973633
4.0,4.647122,-0.6471219062805176
4.0,4.5550895,-0.5550894737243652
4.0,4.399845,-0.3998451232910156
4.0,4.0154066,-0.015406608581542969
4.0,4.4712033,-0.4712033271789551
4.0,4.6681437,-0.6681437492370605
4.0,4.9314156,-0.9314155578613281
4.0,4.597004,-0.5970039367675781
4.0,4.3562713,-0.35627126693725586
4.0,4.067982,-0.06798219680786133
4.0,4.3603983,-0.3603982925415039
4.0,4.1564007,-0.1564006805419922
4.0,4.0366793,-0.03667926788330078
4.0,3.9335513,0.06644868850708008
4.0,5.8428483,-1.842848300933838
4.0,3.9335513,0.06644868850708008
4.0,4.133761,-0.13376092910766602
4.0,4.238296,-0.2382960319519043
4.0,4.055829,-0.05582904815673828
4.0,4.4874544,-0.4874544143676758
4.0,3.9816713,0.01832866668701172
4.0,4.587039,-0.5870389938354492
4.0,4.372638,-0.3726382255554199
4.0,4.2278395,-0.22783946990966797
4.0,4.2333636,-0.23336362838745117
4.0,4.36008,-0.3600797653198242
4.0,4.161397,-0.16139698028564453
4.0,4.3203754,-0.3203754425048828
4.0,4.0961394,-0.09613943099975586
4.0,5.1953645,-1.1953644752502441
4.0,4.798947,-0.7989468574523926
4.0,4.301868,-0.3018679618835449
4.0,4.3332453,-0.33324527740478516
4.0,4.0851645,-0.08516454696655273
4.0,4.0851645,-0.08516454696655273
4.0,4.551988,-0.5519881248474121
4.0,4.064352,-0.06435203552246094
4.0,3.9041889,0.09581112861633301
4.0,3.9780037,0.021996259689331055
4.0,4.558263,-0.558262825012207
4.0,4.1866736,-0.18667364120483398
4.0,3.919172,0.08082795143127441
4.0,4.242183,-0.24218320846557617
4.0,3.919172,0.08082795143127441
4.0,4.3710165,-0.3710165023803711
4.0,4.4466,-0.44659996032714844
4.0,3.9335513,0.06644868850708008
4.0,3.9466155,0.05338454246520996
4.0,4.0670853,-0.06708526611328125
4.0,4.1363335,-0.13633346557617188
4.0,4.535805,-0.5358052253723145
4.0,4.0694437,-0.0694437026977539
4.0,4.161362,-0.1613621711730957
4.0,4.197059,-0.19705915451049805
4.0,4.2250466,-0.22504663467407227
4.0,3.9492674,0.05073261260986328
4.0,4.172085,-0.17208480834960938
4.0,4.1454883,-0.14548826217651367
4.0,4.064145,-0.06414508819580078
4.0,4.4283915,-0.4283914566040039
4.0,4.487239,-0.48723888397216797
4.0,3.959825,0.04017496109008789
4.0,4.2545223,-0.25452232360839844
4.0,4.1423974,-0.14239740371704102
4.0,4.398954,-0.398953914642334
4.0,4.375599,-0.3755989074707031
4.0,4.091476,-0.0914759635925293
4.0,4.1833377,-0.18333768844604492
4.0,4.6752753,-0.6752753257751465
4.0,4.215207,-0.21520709991455078
4.0,3.995442,0.004558086395263672
4.0,3.9848213,0.015178680419921875
4.0,4.50439,-0.504389762878418
4.0,4.250784,-0.25078392028808594
4.0,4.121653,-0.12165307998657227
4.0,4.3702374,-0.3702373504638672
4.0,4.024839,-0.024838924407958984
4.0,4.4654193,-0.46541929244995117
4.0,5.806462,-1.8064618110656738
4.0,4.4675837,-0.46758365631103516
4.0,4.1854286,-0.18542861938476562
4.0,4.132554,-0.1325540542602539
4.0,3.895935,0.10406494140625
4.0,4.2477403,-0.2477402687072754
4.0,5.315927,-1.3159270286560059
4.0,4.253857,-0.2538571357727051
4.0,4.4358525,-0.4358525276184082
4.0,4.200965,-0.20096492767333984
4.0,4.4513283,-0.4513282775878906
4.0,4.4228272,-0.42282724380493164
4.0,5.6433463,-1.6433463096618652
4.0,4.2542353,-0.25423526763916016
4.0,4.099647,-0.09964704513549805
4.0,3.9885628,0.011437177658081055
4.0,4.303803,-0.3038029670715332
4.0,4.273498,-0.2734980583190918
4.0,4.1761637,-0.1761636734008789
4.0,3.919172,0.08082795143127441
4.0,4.6149335,-0.6149334907531738
4.0,4.321374,-0.32137393951416016
4.0,4.2039404,-0.20394039154052734
4.0,4.5985107,-0.5985107421875
4.0,3.9832904,0.016709566116333008
4.0,3.9881842,0.011815786361694336
4.0,4.4980035,-0.4980034828186035
3.991399828238082,4.3601966,-0.36879676218550195
3.987584625237567,4.214859,-0.22727438355149543
3.987162775294828,4.119699,-0.13253622601742787
3.986320302708808,4.356071,-0.36975069262200266
3.9788107009300617,4.7442446,-0.7654338745704266
3.9746941347352296,3.935197,0.03949701979077158
3.966978555317089,4.1170697,-0.15009116590483496
3.966978555317089,4.4390135,-0.47203492582304785
3.9665762445130506,4.78656,-0.8199838140806994
3.9657727392294495,4.7139325,-0.7481597749612243
3.96433016534832,4.029184,-0.06485369924518603
3.962573502059376,3.7860086,0.1765649056390881
3.958607314841775,4.2620845,-0.3034771692585667
3.9546770212133424,4.012043,-0.05736597805423571
3.9423338960901706,4.214179,-0.27184514291129425
3.9396799713117145,3.878354,0.061325898740913765
3.938547520912807,3.969408,-0.030860514365513403
3.935542010773082,4.5202227,-0.5846806531063127
3.9193735130781935,4.1565247,-0.23715114512493152
3.91721462968355,4.124513,-0.20729851957792444
3.9161391991334273,4.1198907,-0.20375149071642618
3.913640169325252,5.0402193,-1.1265791376205487
3.913640169325252,4.238611,-0.3249710519882245
3.903089986991944,3.465786,0.43730400676733483
3.8996294548824375,3.933576,-0.03394665214270898
3.8996294548824375,4.412701,-0.5130716750308926
3.891096872332687,4.2778344,-0.38673754310310393
3.889410289700751,4.21398,-0.32456990820574294
3.886056647693163,4.285196,-0.3991391797909678
3.882728704344236,4.531552,-0.6488231335769066
3.86518562967954,3.7283993,0.1367863529461415
3.8446639625349386,4.369173,-0.5245090873918192
3.8430875742999833,3.9311697,-0.08808217400629115
3.841939206063395,4.376606,-0.5346667814854333
3.841637507904751,4.418429,-0.5767913899529149
3.841637507904751,4.418429,-0.5767913899529149
3.835647144215563,4.135393,-0.29974599848463246
3.823908740944319,4.0513577,-0.22744900517994848
3.823908740944319,3.744133,0.07977574533885035
3.823908740944319,3.8153267,0.00858205027049097
3.823908740944319,3.9559302,-0.1320214920573899
3.823908740944319,4.203282,-0.37937313848072973
3.823908740944319,3.7447417,0.07916706270640406
3.823908740944319,3.783751,0.040157730049543705
3.823908740944319,4.0783668,-0.2544580154948899
3.823908740944319,4.1905828,-0.3666740112834641
3.823908740944319,4.104125,-0.2802162819438645
3.823908740944319,3.742757,0.08115165895884546
3.823908740944319,3.7169147,0.10699408716624292
3.823908740944319,3.7818542,0.042054588264875736
3.823908740944319,3.908518,-0.08460933499867407
3.823908740944319,3.9015875,-0.07767874532277075
3.823908740944319,4.3385754,-0.5146666222148606
3.823908740944319,3.875786,-0.051877325110978756
3.823908740944319,3.8566728,-0.032764022880143795
3.823908740944319,3.9070091,-0.08310038381154028
3.823908740944319,3.7891946,0.03471415705149683
3.823908740944319,4.1154737,-0.2915650063090989
3.823908740944319,3.6557167,0.1681920833057693
3.823908740944319,3.7095578,0.11435096926157984
3.823908740944319,3.7468863,0.0770224875873855
3.823908740944319,4.137712,-0.313803260856218
3.823908740944319,3.8828602,-0.05895144277150122
3.823908740944319,3.6157613,0.20814746088450464
3.823908740944319,4.2053666,-0.3814578705363938
3.823908740944319,3.7742112,0.049697572655134525
3.823908740944319,3.9037359,-0.07982713513905493
3.823908740944319,4.067707,-0.24379832082325903
3.823908740944319,4.183809,-0.3599000626140305
3.823908740944319,3.8689146,-0.04500586324269262
3.823908740944319,4.010975,-0.18706614308888403
3.823908740944319,3.9244905,-0.10058171086842504
3.823908740944319,4.0031333,-0.17922455602223364
3.823908740944319,3.9341187,-0.11021000676686254
3.823908740944319,3.897569,-0.07366020017201391
3.823908740944319,3.6330886,0.1908201522297195
3.823908740944319,3.7579591,0.06594961351817163
3.823908740944319,3.885919,-0.062010353141374264
3.823908740944319,3.7840116,0.0398971385425857
3.823908740944319,3.9421716,-0.11826283269459692
3.823908740944319,3.795965,0.02794378466074976
3.823908740944319,3.968887,-0.1449783497386643
3.823908740944319,3.8107283,0.013180429405622807
3.823908740944319,3.7092345,0.11467426485484156
3.823908740944319,3.8773582,-0.05344945722157446
3.823908740944319,3.9486191,-0.12471038632924047
3.823908740944319,3.9529183,-0.12900955014759985
3.823908740944319,3.762552,0.061356718010359135
3.823908740944319,4.2744794,-0.45057064824635473
3.823908740944319,4.0058427,-0.1819339447551438
3.823908740944319,4.287151,-0.4632421188884446
3.823908740944319,3.895827,-0.0719183140330979
3.823908740944319,4.0276523,-0.20374352269703833
3.820000358220839,4.1518903,-0.3318899196417098
3.804100347590766,4.055986,-0.2518855799910211
3.787812395596042,4.5202227,-0.7324102682833527
3.787279845582158,4.346646,-0.5593659864796097
3.7746907182741367,4.294506,-0.5198153547239102
3.769806621130954,3.9893434,-0.21953678363894324
3.769551078621726,4.0505195,-0.2809683877784206
3.769551078621726,4.380048,-0.6104967195350124
3.767003889607846,4.849999,-1.082995061350406
3.76421912967244,4.0301905,-0.26597133816203256
3.761953896871205,4.5323887,-0.7704347902625841
3.747146969020106,3.9953563,-0.24820935231473307
3.746904414150968,3.9953563,-0.2484519071838709
3.746177561291927,4.389926,-0.6437483954341472
3.7447274948966935,3.9804711,-0.23574363928909747
3.7447274948966935,4.000769,-0.2560416434394881
3.72584215073632,3.9859695,-0.2601273927207113
3.72584215073632,4.357976,-0.6321338090415121
3.7157949322982056,3.8364952,-0.12070022875831299
3.7121982700697735,3.925448,-0.21324967075664247
3.7121982700697735,4.017308,-0.3051099650986835
3.711974464611637,4.1070604,-0.3950859678224452
3.6989700043360174,3.8904307,-0.1914606845220148
3.6989700043360174,3.9100568,-0.21108682511649723
3.6989700043360174,3.7823298,-0.08335979340873356
3.6989700043360174,3.7899876,-0.09101755975089665
3.6989700043360174,4.4162564,-0.7172864234288752
3.6989700043360174,4.350665,-0.6516950881322443
3.6989700043360174,3.8026435,-0.10367353318534489
3.6989700043360174,4.021847,-0.32287676690421696
3.6989700043360174,3.8594337,-0.16046364663444157
3.6989700043360174,3.7516541,-0.052684143765789226
3.6989700043360174,4.3123455,-0.6133755004247248
3.6989700043360174,4.005793,-0.30682309029899235
3.6989700043360174,3.7140632,-0.01509316323600407
3.6989700043360174,3.740591,-0.04162104485831852
3.6989700043360174,4.2798867,-0.5809167182286799
3.6989700043360174,3.723838,-0.02486808656058903
3.6989700043360174,3.825444,-0.12647397874198552
3.6989700043360174,3.7140632,-0.01509316323600407
3.6989700043360174,3.610818,0.08815209509529476
3.6989700043360174,3.8031611,-0.10419113992057438
3.6989700043360174,3.8681388,-0.16916878579459782
3.6989700043360174,3.8417764,-0.14280636666617985
3.6989700043360174,4.3951206,-0.6961506163915216
3.6989700043360174,3.9868176,-0.2878475940068781
3.671620396561262,4.5202227,-0.8486022673181326
3.669992299127241,3.575497,0.09449538712467742
3.6550185860727424,4.489983,-0.8349644957448845
3.647817481888637,4.267326,-0.6195083962546737
3.647817481888637,4.267326,-0.6195083962546737
3.647817481888637,3.9270282,-0.2792106972800643
3.645891560852599,4.3951497,-0.7492581469415907
3.6270879970298937,4.230887,-0.6037989391578504
3.614393726401688,4.3108687,-0.6964750136800992
3.6020599913279625,3.846042,-0.2439819264729408
3.6020599913279625,4.2493405,-0.6472805428822426
3.6020599913279625,3.592985,0.009075076548299421
3.591760034688151,4.793384,-1.201624040476644
3.573488738635425,3.9287713,-0.35528251876508765
3.560667306169737,3.753016,-0.19234868885589762
3.552841968657781,3.7064202,-0.15357821452398168
3.539102157243452,4.064102,-0.5250000156081107
3.5352124803540628,3.975968,-0.44075540370965793
3.533132379645891,3.8336606,-0.3005282229236892
3.5228787452803374,3.76511,-0.24223127058880323
3.5228787452803374,3.632425,-0.10954632452862256
3.5228787452803374,3.889395,-0.36651625327007764
3.5228787452803374,3.8663058,-0.343427082814145
3.5228787452803374,3.5574458,-0.03456701926128858
3.5192602644064337,3.8779001,-0.3586398591897577
3.511449283499556,3.9115036,-0.40005426989094683
3.500312917381597,3.8437304,-0.34341753229491667
3.4948500216800937,3.5574458,-0.06259574286153224
3.489186989487504,3.639475,-0.1502881177054891
3.47755576649368,3.5973358,-0.11978004893600769
3.467882883751196,3.7647593,-0.2968764183880861
3.464705879957229,3.653087,-0.18838102075383079
3.4559319556497243,3.547049,-0.09111708991301981
3.4559319556497243,3.4039757,0.051956230475774134
3.4559319556497243,4.1486216,-0.6926896034933421
3.4467239538629,3.502487,-0.055762990335708196
3.443697499232713,3.6581678,-0.2144703398175798
3.431798275933005,3.8726015,-0.44080323316123327
3.431798275933005,3.7664511,-0.3346528444435819
3.4294570601181027,4.33003,-0.9005729043289188
3.4179366370882915,4.352726,-0.9347893455777241
3.4067139329795424,3.9833744,-0.5766604242439684
3.405607449624573,4.0169764,-0.6113689068817747
3.401209493236885,3.6247494,-0.22353992883647944
3.397940008672037,3.9686205,-0.5706805300395108
3.397940008672037,3.248359,0.1495810437519931
3.3909394500699133,3.7366211,-0.34568169136380256
3.3799681048737025,3.5964115,-0.21644336172480827
3.3795516152882907,3.8787026,-0.49915102524515653
3.3524410002341547,4.5365286,-1.184087587107154
3.342944147142896,3.9820116,-0.6390674094824704
3.3383765907707703,4.051325,-0.7129482535895812
3.3363932918754795,4.0473685,-0.7109752345832607
3.336299074610352,4.28627,-0.9499710669912105
3.336299074610352,4.28627,-0.9499710669912105
3.314975214894286,3.4444737,-0.12949852854443478
3.3010299956639813,4.1456203,-0.8445903504053547
3.3010299956639813,4.2541223,-0.9530922615686848
3.3010299956639813,4.502983,-1.2019530975977375
3.3010299956639813,4.2036304,-0.9026004517237141
3.3010299956639813,4.071937,-0.7709070885340168
3.3010299956639813,4.2540274,-0.9529973709742023
3.3010299956639813,4.224528,-0.923497840181966
3.3010299956639813,4.044971,-0.7439409935633137
3.3010299956639813,4.9339304,-1.6329004013697102
3.3010299956639813,4.2591095,-0.9580795014063312
3.3010299956639813,3.8823092,-0.5812792027155353
3.3010299956639813,3.489237,-0.1882070744196369
3.2938798902972968,3.4084902,-0.1146102906719415
3.287434472126692,3.395899,-0.10846458526161351
3.2804201422862764,3.9536026,-0.673182410127664
3.259637310505756,3.4803598,-0.2207224822035947
3.236572006437063,3.406506,-0.16993405511689197
3.221848749616356,3.374328,-0.15247914840915655
3.221848749616356,4.1611876,-0.9393388991568372
3.221848749616356,3.7373412,-0.5154924159262464
3.221848749616356,3.314648,-0.09279916336276983
3.2191068913129213,3.4935756,-0.274468681654608
3.2062794431864763,3.7016501,-0.49537069948320145
3.204119982655925,3.43892,-0.2348000384012039
3.204119982655925,3.667368,-0.46324795252473905
3.1870866433571443,3.3822293,-0.19514268479837327
3.173925197299174,3.206842,-0.032916748349019365
3.173925197299174,3.4138412,-0.23991605025941976
3.1733422081241303,3.723079,-0.5497367580166168
3.154901959985743,3.4891424,-0.33424045792197177
3.125895237005137,3.671878,-0.5459828624363912
3.107905397309519,3.704751,-0.5968456173999535
3.096910013008056,3.537619,-0.44070910091406335
3.096910013008056,3.4651365,-0.3682265150070809
3.089909454405932,3.829091,-0.7391816176765875
3.085128182459949,3.4197307,-0.3346024808396115
3.057942316158605,3.6782458,-0.6203034666935681
3.0323116495466875,3.7178028,-0.685491113438542
3.0101054362812265,3.6106875,-0.6005820579967276
2.999132278468773,3.8281004,-0.8289681644175797
2.975227086920368,3.8037152,-0.8284881421140557
2.958607314841774,3.2002509,-0.24164354918715647
2.920818753952375,3.2617037,-0.3408849756771417
2.91721462968355,3.1060002,-0.18878555532926722
2.886056647693163,3.299476,-0.4134192605862559
2.853871964321762,2.966558,-0.11268601526197841
2.806875401645539,2.9400902,-0.13321477779782054
2.7822529267372067,3.8934538,-1.1112009097038333
2.7677664788852665,3.406506,-0.6387395826686886
2.7520267336381936,4.028436,-1.2764094502912497
2.605548319173784,3.659092,-1.0535436302891066
2.552841968657781,2.9661143,-0.4132723139502512
2.3819519032879075,2.8464377,-0.4644857893543044
2.346787486224656,3.1546257,-0.807838167995925
2.214670164989233,3.3489962,-1.134325997425318
2.1870866433571443,3.521913,-1.3348264082480803
2.107905397309519,3.5754633,-1.467557897673391
2.0,3.0894918,-1.089491844177246
1.621602099051862,3.054413,-1.432810981163592
