SMILES,Observed,Predicted,Residual
COc1ccccc1-c1ccc2nc(NC(=O)NCCN3CCN(C)CC3)sc2c1,2.3467875,3.323679,-0.9768915
CCNC(=O)Nc1nc2ccc(-c3ccccc3OCC)cc2s1,9.552842,9.654914,-0.10207176
COc1ccc(Cl)c(Nc2c(C#N)cnc3cc(OCCCN4CCN(C)CC4)c(OC)cc23)c1,4.44855,5.017978,-0.56942797
CCNC(=O)Nc1nc2ccc(-c3ccccc3OC)cc2s1,5.6757174,5.7722154,-0.09649801
COc1ccccc1-c1ccc2nc(NC(=O)NCCO)sc2c1,7.74958,8.524223,-0.7746434
COc1cc(Nc2c(C#N)cnc3cc(OCCCN4CCN(C)CC4)c(OC)cc23)c(Cl)cc1Cl,4.60206,4.4464774,0.15558243
O=C(Nc1ccc(OC(F)(F)Cl)cc1)c1cnc(N2Cc3cn[nH]c3C2)c(-c2cncnc2)c1,4.30103,4.5681443,-0.26711416
N#Cc1cncc(-c2cc(C(=O)Nc3ccc(OC(F)(F)Cl)cc3)cnc2N2C[C@H](O)[C@@H](O)C2)c1,4.30103,4.09098,0.2100501
CC1(O)CCN(c2ncc(C(=O)Nc3ccc(OC(F)(F)Cl)cc3)cc2-c2ccn[nH]2)C1,8.004365,7.9703856,0.033979416
N#Cc1ccncc1-c1cc(C(=O)Nc2ccc(OC(F)(F)Cl)cc2)cnc1N1CC[C@@H](O)C1,8.39794,8.519048,-0.121108055
CCNC(=O)Nc1nc2ccc(-c3ccc(N)cc3OC)cc2s1,9.2218485,9.804886,-0.5830374
N#Cc1ccc(-c2cc(C(=O)Nc3ccc(OC(F)(F)F)cc3)cnc2N2C[C@H](O)[C@@H](O)C2)[nH]1,5.958607,6.309214,-0.35060692
CCOc1ccccc1-c1ccc2nc(NC(=O)NCCN3CCNCC3)sc2c1,6.3565474,6.426468,-0.06992054
O=C(Nc1ccc(OC(F)(F)Cl)cc1)c1cnc(N2CC3(CNC3)C2)c(-c2ccn[nH]2)c1,6.950782,7.2883897,-0.33760786
CCOc1ccccc1-c1ccc2nc(NC(=O)NCCCO)sc2c1,6.0,6.1407466,-0.1407466
O=C(Nc1ccc(OC(F)(F)F)cc1)c1cnc(N2CC[C@H](CO)C2)c(-c2ccc(Cl)nc2)c1,5.207608,5.4280515,-0.22044325
CCN(CCO)c1ncc(C(=O)Nc2ccc(SC(F)(F)F)cc2)cc1-c1cncnc1,5.4388986,6.4291983,-0.9902997
O=C(Nc1ccc(OC(F)(F)Cl)cc1)c1cnc(N2CC[C@@H](O)C2)c(-c2cncc(F)c2)c1,9.886057,9.036651,0.84940624
O=C(Nc1ccc(OC(F)(F)Cl)cc1)c1cnc(N2CC[C@@H](O)C2)c(-c2ccc[nH]2)c1,7.0457573,6.630941,0.41481638
N#Cc1cncc(-c2cc(C(=O)Nc3ccc(OC(F)(F)Cl)cc3)cnc2N2CC[C@@H](O)C2)c1,6.7931743,7.375234,-0.58205986
O=C(Nc1ccc(OC(F)(F)Cl)cc1)c1cnc(N2C[C@H](O)[C@@H](O)C2)c(-c2cncc(F)c2)c1,4.254613,4.2664113,-0.011798382
NC[C@H]1CN(c2ncc(C(=O)Nc3ccc(OC(F)(F)Cl)cc3)cc2-c2ccn[nH]2)C[C@H]1O,4.312828,4.5015106,-0.18868256
CN(CCO)c1ncc(C(=O)Nc2ccc(OC(F)(F)F)cc2)cc1-c1cncnc1,7.229148,7.0552497,0.17389822
COc1ccccc1-c1ccc2nc(NC(=O)NCCCO)sc2c1,5.0,5.202969,-0.20296907
CC(C)n1cnc2cc(C(=O)Nc3ccc(OC(F)(F)Cl)cc3)cc(Br)c21,6.316053,6.470555,-0.15450191
CC(C)n1cnc2cc(C(=O)Nc3ccc(OC(F)(F)Cl)cc3)cc(-n3ccnc3)c21,6.6197886,5.8061404,0.8136482
Cc1cccc(Cl)c1NC(=O)c1cnc(Nc2cc(N3CCN(C(=O)OCCN4CCOCC4)CC3)ncn2)s1,6.0,5.867701,0.13229895
Cc1nc(Nc2ncc(C(=O)Nc3c(C)cccc3Cl)s2)cc(N2CCN(C(=O)OCCN3CCOCC3)CC2)n1,6.3089185,6.067806,0.24111271
CCOc1ccccc1-c1ccc2nc(NC(=O)NCCO)sc2c1,4.69897,4.8534203,-0.15445042
Cc1c(F)cncc1-c1cc2cnc(NC(=O)[C@@H]3C[C@@H]3F)cc2n(C)c1=O,4.0,4.436239,-0.43623877
C=CCOC(=O)N1CCC(c2cc(Nc3ncc(C(=O)Nc4c(C)cccc4Cl)s3)nc(C)n2)C1,5.6556077,5.956496,-0.30088806
N[C@@H]1[C@H]2CN(c3ncc(C(=O)Nc4ccc(OC(F)(F)Cl)cc4)cc3-c3ccn[nH]3)C[C@@H]12,6.958607,7.3907585,-0.43215132
CC1(O)CN(c2ncc(C(=O)Nc3ccc(OC(F)(F)F)cc3)cc2-c2ncc[nH]2)C1,4.4634414,4.350475,0.11296654
O=C(Nc1ccc(SC(F)(F)F)cc1)c1cnc(N2CC[C@@H](O)C2)c(-c2cncc(F)c2)c1,7.2676063,6.616709,0.650897
CN(CCO)c1ncc(C(=O)Nc2ccc(OC(F)(F)Cl)cc2)cc1-c1cncc(C#N)c1,6.276421,6.2677116,0.008709431
CNC(=O)c1ncc(C#Cc2cc(C(=O)Nc3ccc(CN4CCN(CCO)CC4)c(C(F)(F)F)c3)ccc2C)n1C,5.4775558,5.7775755,-0.30001974
O=C(Nc1ccc(OC(F)(F)Cl)cc1)c1cnc(N2CC[C@H](CO)C2)c(-c2cncc(F)c2)c1,5.0,5.270424,-0.2704239
N#Cc1cncc(-c2cc(C(=O)Nc3ccc(SC(F)(F)F)cc3)cnc2N2CC[C@@H](O)C2)c1,4.835647,5.2142544,-0.37860727
CN1CCN(Cc2ccc(NC(=O)CCSc3ccc4c(/C=C/c5ccccn5)n[nH]c4c3)cc2C(F)(F)F)CC1,5.0,5.233189,-0.2331891
Cc1ccncc1-c1cc(C(=O)Nc2ccc(OC(F)(F)Cl)cc2)cnc1N1CC[C@@H](O)C1,7.2006593,6.6618357,0.5388236
Cc1ccc(C(=O)Nc2ccc(CN3CCN(C)CC3)c(C(F)(F)F)c2)cc1C#Cc1ncc2cccnn12,5.2379217,6.1196475,-0.8817258
O=C(Nc1ccc(OC(F)(F)F)cc1)c1cnc(N2CC[C@@H](O)C2)c(-c2ccccn2)c1,6.699481,6.30888,0.39060116
N#Cc1ccc(-c2cc(C(=O)Nc3ccc(OC(F)(F)F)cc3)ccc2N2C[C@H](O)[C@@H](O)C2)[nH]1,6.6197886,7.0212903,-0.40150166
COc1ccc(Cl)c(Nc2c(C#N)cnc3cc(OCCCN4CCOCC4)c(OC)cc23)c1,5.0,5.679559,-0.67955923
COC(=O)N1CCC(c2cc(Nc3ncc(C(=O)Nc4c(C)cccc4Cl)s3)nc(C)n2)C1,5.4317985,5.497336,-0.06553745
CCOC(=O)N1CCC(c2cc(Nc3ncc(C(=O)Nc4c(C)cccc4Cl)s3)nc(C)n2)C1,6.29243,6.367307,-0.07487726
CC(C)n1c(C2CCOCC2)nc2cc(C(=O)Nc3ccc(OC(F)(F)Cl)cc3)cc(-c3cncnc3)c21,6.600326,6.629785,-0.029459
C[C@@H]1COCc2nc3cc(C(=O)Nc4ccc(OC(F)(F)Cl)cc4)cc(-c4cncnc4)c3n21,8.0,8.778233,-0.7782326
COc1nc2cc(C(=O)Nc3ccc(OC(F)(F)Cl)cc3)cc(-c3ccn[nH]3)c2n1[C@H](C)CO,7.74958,9.024712,-1.2751317
O=C(Nc1ccc(OC(F)(F)Cl)cc1)c1cc(-c2cncnc2)c2c(c1)ncn2C1CC1,5.6382723,5.7207894,-0.08251715
CC(C)n1cnc2cc(C(=O)Nc3ccc(OC(F)(F)Cl)cc3)cc(-c3cncnc3)c21,5.4792547,5.548132,-0.06887722
Cc1nc2c(-c3cncnc3)cc(C(=O)Nc3ccc(OC(F)(F)Cl)cc3)cc2n1C,5.29073,4.9209495,0.36978054
Cc1nc(Nc2ncc(C(=O)Nc3c(C)cccc3Cl)s2)cc(N2CCN(C(=O)Oc3ccccc3)CC2)n1,6.489455,6.73245,-0.24299479
COc1nc2cc(C(=O)Nc3ccc(OC(F)(F)Cl)cc3)cc(-c3cncnc3)c2n1[C@H](C)CO,5.407823,5.388442,0.019381046
COc1ccc(NC(=O)N(CCCCC2CCCCC2)CCc2ccc(SC(C)(C)C(=O)O)cc2)cc1,4.579203,4.634878,-0.05567503
C[C@@H]1COCc2nc3cc(C(=O)Nc4ccc(OC(F)(F)Cl)cc4)cc(-c4cncs4)c3n21,4.5686364,4.0922437,0.47639275
C[C@@H]1COCc2nc3cc(C(=O)Nc4ccc(OC(F)(F)Cl)cc4)cc(-c4cncc(C#N)c4)c3n21,9.207608,8.955239,0.25236893
C[C@H](C(F)F)n1cnc2cc(C(=O)Nc3ccc(OC(F)(F)Cl)cc3)cc(-c3ccn[nH]3)c21,9.148742,9.565219,-0.4164772
Cc1ccc(C(=O)NC2=CC(Cl)C(CN3CCN(CCO)CC3)C=C2)cc1C#Cc1cnc2cccnn12,8.449815,8.572604,-0.12278938
O=C(Nc1ccc(OC(F)(F)Cl)cc1)c1cnc(N2CC[C@@H](O)C2)c(-c2cccnc2F)c1,4.7447276,4.8431573,-0.09842968
C[C@@H]1CCOc2nc3cc(C(=O)Nc4ccc(OC(F)(F)Cl)cc4)cc(-c4cncnc4)c3n21,6.0,5.51008,0.48992014
O=C(Nc1ccc(OC(F)(F)Cl)cc1)c1cnc(N2CC[C@@H](O)C2)c(-c2cnccc2F)c1,2.2146702,3.6055927,-1.3909225
COc1ncc(-c2cc(C(=O)Nc3ccc(OC(F)(F)Cl)cc3)cnc2N2CC[C@@H](O)C2)cc1C#N,7.0,6.599211,0.40078878
O=C(Nc1ccc(OC(F)(F)F)cc1)c1cnc(N2CC[C@H](CO)C2)c(-c2cnc(Cl)c(F)c2)c1,4.30103,5.046759,-0.74572897
Cc1nc2cc(C(=O)Nc3ccc(OC(F)(F)Cl)cc3)cc(-c3cncnc3)c2n1C1CC1,9.39794,9.14607,0.25187016
CC(C)n1cnc2cc(C(=O)Nc3ccc(OC(F)(F)Cl)cc3)cc(-c3cscn3)c21,4.0,3.8677301,0.13226986
CCNC(=O)Nc1nc2ccc(-c3ccccc3)cc2s1,4.600811,4.8637733,-0.26296234
O=C(Nc1ccc(OC(F)(F)Cl)cc1)c1cc(-c2ccn[nH]2)c2c(c1)ncn2C1CC1,5.1870866,5.83804,-0.6509533
C[C@@H]1COCc2nc3cc(C(=O)Nc4ccc(OC(F)(F)Cl)cc4)cc(-c4ccn[nH]4)c3n21,5.9829664,6.0456653,-0.06269884
C[C@@H]1CCOc2nc3cc(C(=O)Nc4ccc(OC(F)(F)Cl)cc4)cc(-c4cccnn4)c3n21,6.571865,6.5139656,0.057899475
CC(C)n1cnc2cc(C(=O)Nc3ccc(OC(F)(F)Cl)cc3)cc(C3CSC=N3)c21,5.6382723,5.719895,-0.0816226
O=C(Nc1ccc(OC(F)(F)Cl)cc1)c1cc(-c2cncnc2)c2c(c1)ncn2[C@@H]1CCOC1,4.5543957,5.151488,-0.59709215
O=C(Nc1ccc(OC(F)(F)Cl)cc1)c1cc(-c2ccn[nH]2)c2c(c1)nc1n2[C@H](CF)COC1,4.30103,4.3083587,-0.0073285103
C[C@H](CO)n1cnc2cc(C(=O)Nc3ccc(OC(F)(F)Cl)cc3)cc(-c3ccn[nH]3)c21,5.3288274,6.273154,-0.9443264
O=C(Nc1ccc(OC(F)(F)Cl)cc1)c1cc(Br)c2c(c1)nc1n2[C@H](CF)COC1,6.7772837,6.928296,-0.15101242
C[C@@H]1COCc2nc3cc(C(=O)Nc4ccc(OC(F)(F)Cl)cc4)cc(-c4cnn[nH]4)c3n21,5.271646,4.6398053,0.6318407
COc1nc2cc(C(=O)Nc3ccc(OC(F)(F)Cl)cc3)cc(-c3cncnc3)c2n1C(C)C,5.09691,5.739339,-0.6424289
C[C@@H](CO)n1cnc2cc(C(=O)Nc3ccc(OC(F)(F)Cl)cc3)cc(-c3ccn[nH]3)c21,8.958608,9.286956,-0.32834816
CCn1c([C@H](C)O)nc2cc(C(=O)Nc3ccc(OC(F)(F)Cl)cc3)cc(-c3ccn[nH]3)c21,7.376751,7.5264993,-0.14974833
Cc1nc2cc(C(=O)Nc3ccc(OC(F)(F)Cl)cc3)cc(-c3cncnc3)c2n1C,6.0,5.9650636,0.034936428
O=C(Nc1ccc(OC(F)(F)Cl)cc1)c1cc(-c2cncnc2)c2c(c1)nc1n2[C@H](CO)COC1,5.0,5.012488,-0.012487888
Cc1cn(-c2cc(NC(=O)c3ccc(C)c(Nc4nccc(-c5cccnc5)n4)c3)cc(C(F)(F)F)c2)cn1,6.0,6.1531653,-0.15316534
Cc1ccc(C(=O)Nc2ccc(CN3CCC(N(C)C)CC3)c(C(F)(F)F)c2)cc1-n1cc(-c2cnc3[nH]ncc3c2)nn1,4.49485,5.0913634,-0.5965133
Cc1ccc(C(=O)Nc2ccc(CN3CCN(C)CC3)c(C(F)(F)F)c2)cc1C#Cc1cnc2[nH]ncc2c1,7.3010736,8.181246,-0.88017225
COc1ccc(Cn2ncc(F)c2-c2cc(C(=O)Nc3ccc(OC(F)(F)Cl)cc3)cc3ncn(C(C)C)c23)cc1,6.236572,5.940559,0.29601288
Cn1c(C(F)F)nc2cc(C(=O)Nc3ccc(OC(F)(F)Cl)cc3)cc(-c3cncnc3)c21,6.29073,6.7146106,-0.42388058
CCn1c(OC)nc2cc(C(=O)Nc3ccc(OC(F)(F)Cl)cc3)cc(-c3cncnc3)c21,5.0,5.4180903,-0.41809034
C[C@@H]1CCOc2nc3cc(C(=O)Nc4ccc(OC(F)(F)Cl)cc4)cc(-c4cncc(C#N)c4)c3n21,6.0,5.6020074,0.3979926
CC(C)n1cnc2cc(C(=O)Nc3ccc(OC(F)(F)Cl)cc3)cc(-c3[nH]ncc3F)c21,6.8181562,6.7514367,0.06671953
C[C@@H]1CCOc2nc3cc(C(=O)Nc4ccc(OC(F)(F)Cl)cc4)cc(-c4cscn4)c3n21,7.3565474,7.8124957,-0.45594835
C[C@@H]1COCc2nc3cc(C(=O)Nc4ccc(OC(F)(F)Cl)cc4)cc(-c4ccnnc4)c3n21,7.1487417,7.3230596,-0.17431784
C[C@@H]1COCc2nc3cc(C(=O)Nc4ccc(OC(F)(F)Cl)cc4)cc(-c4cnsc4)c3n21,5.2596374,5.717591,-0.45795345
C[C@@H]1CCSc2nc3cc(C(=O)Nc4ccc(OC(F)(F)Cl)cc4)cc(-c4ccn[nH]4)c3n21,6.39794,6.475696,-0.07775593
C[C@@H](CF)n1c(C(F)F)nc2cc(C(=O)Nc3ccc(OC(F)(F)Cl)cc3)cc(-c3cncnc3)c21,8.886057,9.30914,-0.4230833
CN1CCN(Cc2ccc(NC(=O)c3ccc(Cl)c(-n4cc(-c5cnc6[nH]ncc6c5)nn4)c3)cc2C(F)(F)F)CC1,9.113509,9.471683,-0.35817337
C[C@H](CF)n1cnc2cc(C(=O)Nc3ccc(OC(F)(F)Cl)cc3)cc(-c3ccn[nH]3)c21,4.668411,4.7383523,-0.06994152
CC(=O)N1CCC(CNc2nc3cc(OCC4CCN(C(C)=O)CC4)cc(F)c3c(=O)[nH]2)CC1,6.100089,6.1959715,-0.095882416
C[C@H](CO)n1cnc2cc(C(=O)Nc3ccc(OC(F)(F)Cl)cc3)cc(-c3cncnc3)c21,5.853872,6.186494,-0.33262205
COc1nc2cc(C(=O)Nc3ccc(OC(F)(F)Cl)cc3)cc(-c3ccn[nH]3)c2n1C(C)C,8.522879,8.052409,0.47046947
C[C@@H]1CCSc2nc3cc(C(=O)Nc4ccc(OC(F)(F)Cl)cc4)cc(-c4cncnc4)c3n21,6.091515,6.569034,-0.47751904
CC(C)n1cnc2cc(C(=O)Nc3ccc(OC(F)(F)Cl)cc3)cc(-c3cnsc3)c21,5.2596374,5.6928086,-0.43317127
O=C(Nc1ccc(OC(F)(F)Cl)cc1)c1cc(-c2cncnc2)c2c(c1)ncn2[C@H]1C[C@@H](O)C1,5.536107,5.4797153,0.056391716
O=C(Nc1ccc(OC(F)(F)Cl)cc1)c1cc(-c2cncnc2)c2c(c1)ncn2C1CCC1,4.823909,5.0382648,-0.21435595
Cc1ccc(C(=O)Nc2ccc(CN3CCN(C)CC3)c(C(F)(F)F)c2)cc1C#Cc1cnc2cccnn12,5.4202166,4.7094483,0.7107682
O=C(Nc1ccc(OC(F)(F)Cl)cc1)c1cc(-c2cncnc2)c2c(c1)ncn2C1CC(O)C1,5.6382723,5.4298415,0.20843077
O=C(Nc1ccc(OC(F)(F)Cl)cc1)c1cc(-c2cncnc2)c2c(c1)nc1n2CC[C@H](O)C1,4.206908,3.910047,0.29686117
CNC(=O)c1cc(C(=O)Nc2ccc(OC(F)(F)Cl)cc2)cc2nc3n(c12)[C@H](C)COC3,6.519993,6.709677,-0.18968439
CN(C)[C@H]1CN(c2ncc(C(=O)Nc3ccc(OC(F)(F)Cl)cc3)cc2-c2ccn[nH]2)C[C@@H]1O,7.69897,7.7489095,-0.049939632
O=C(Nc1ccc(OC(F)(F)Cl)cc1)c1cc(-c2cncnc2)c2c(c1)nc1n2C[C@@H](O)CC1,4.026484,3.8768113,0.14967275
O=C(Nc1ccc(OC(F)(F)Cl)cc1)c1cc(-c2ccn[nH]2)c2c(c1)nc1n2C[C@@H](O)CC1,7.0655017,5.723765,1.3417368
Cn1c(CCO)nc2cc(C(=O)Nc3ccc(OC(F)(F)Cl)cc3)cc(-c3cncnc3)c21,4.0,4.2344375,-0.23443747
C[C@H](CO)n1c(C(F)F)nc2cc(C(=O)Nc3ccc(OC(F)(F)Cl)cc3)cc(-c3cncnc3)c21,6.0,6.274831,-0.27483082
CNc1c(Br)cc(C(=O)Nc2ccc(OC(F)(F)Cl)cc2)cc1NC(=O)CC(=O)OC,6.8416376,6.9850225,-0.14338493
O=C(Nc1ccc(OC(F)(F)Cl)cc1)C1C=C(C2C=NC=NC2)c2c(nc3n2C[C@@H](O)CC3)C1,4.8996296,4.5719266,0.327703
C[C@@H]1C[C@H]1n1cnc2cc(C(=O)Nc3ccc(OC(F)(F)Cl)cc3)cc(-c3cncnc3)c21,6.030584,7.04328,-1.0126963
Cc1ccc(C(=O)Nc2ccc(CN3CCN(CCO)CC3)c(Cl)c2)cc1C#Cc1cnc2cccnn12,6.0,6.3498363,-0.34983635
CC(C)n1c(C(F)F)nc2cc(C(=O)Nc3ccc(OC(F)(F)Cl)cc3)cc(-c3cnsc3)c21,6.0,5.6966186,0.30338144
Cc1ccc(C(=O)NC2=CC(C3CC3)C(CN3CCN(CCO)CC3)C=C2)cc1C#Cc1cnc2cccnn12,5.629117,5.8389726,-0.20985556
O=C(Nc1ccc(OC(F)(F)Cl)cc1)c1cnc(N2CC[C@@H](O)C2)c(-c2ncc[nH]2)c1,4.60206,4.448418,0.1536417
NC12CC1CN(c1ncc(C(=O)Nc3ccc(OC(F)(F)Cl)cc3)cc1-c1ccn[nH]1)C2,5.6540384,5.427622,0.22641659
O=C(Nc1ccc(OC(F)(F)Cl)cc1)c1cnc(N2CCNC3(CC3)C2)c(-c2cncnc2)c1,5.0,5.463172,-0.46317196
O=C(Nc1ccc(OC(F)(F)F)cc1)c1cnc(N2CC[C@@H](O)C2)c(-c2cnc(Cl)c(F)c2)c1,4.0264196,4.3082023,-0.28178263
O=C(Nc1ccc(OC(F)(F)Cl)cc1)c1cc(-c2cncnc2)c2c(c1)ncn2C1CC(F)(F)C1,8.610925,9.425994,-0.8150692
Cc1nc2cc(C(=O)Nc3ccc(OC(F)(F)Cl)cc3)cc(-c3cncnc3)c2n1C(C)C,6.6382723,6.9134827,-0.27521038
O=C(Nc1ccc(OC(F)(F)F)cc1)c1cnc(N2C[C@H](O)[C@@H](O)C2)c(-c2cccnc2)c1,3.28042,3.9059541,-0.62553406
Cc1ccc(C(=O)Nc2cc(CN3CCN(C)CC3)cc(C(F)(F)F)c2)cc1C#Cc1cnc2cnccn12,3.8239088,4.1845603,-0.3606515
CN(CCO)c1ncc(C(=O)Nc2ccc(OC(F)(F)Cl)cc2)cc1-c1cncc(F)c1,6.0,5.998069,0.0019311905
O=C(Nc1ccc(OC(F)(F)F)cc1)c1ccc(N2CCOC2=O)c(-c2cncnc2)c1,9.508638,9.415762,0.092876434
CN(CCO)c1ncc(C(=O)Nc2ccc(SC(F)(F)F)cc2)cc1-c1cncc(F)c1,5.5850267,6.692724,-1.1076975
COc1cc(Nc2c(C#N)cnc3cc(/C=C/CCN4CCN(C)CC4)c(OC)cc23)c(Cl)cc1Cl,5.6575775,5.820555,-0.1629777
N#Cc1ccc(-c2cc(C(=O)Nc3ccc(OC(F)(F)Cl)cc3)cnc2N2C[C@H](O)[C@@H](O)C2)[nH]1,9.008774,9.145282,-0.13650799
CN1CCN(Cc2ccc(NC(=O)Nc3cc(C#Cc4cnc5cnccn45)n(C)n3)cc2C(F)(F)F)CC1,8.638272,8.897429,-0.25915718
N#Cc1cncc(-c2cc(C(=O)Nc3ccc(OC(F)(F)Cl)cc3)cnc2N2C[C@@H](O)[C@@H](O)C2)c1,5.276544,4.933965,0.3425789
O=C(Nc1ccc(OC(F)(F)Cl)cc1)c1cc(-c2cncc(F)c2)c2c(c1)ncn2C1CC1,4.0,4.011119,-0.011118889
O=C1C[C@H](n2cnc3cc(C(=O)Nc4ccc(OC(F)(F)Cl)cc4)cc(-c4cncnc4)c32)CN1,7.853872,8.21328,-0.3594079
NCC1(O)CCN(c2ncc(C(=O)Nc3ccc(OC(F)(F)Cl)cc3)cc2-c2ccn[nH]2)C1,4.90309,4.4584613,0.44462872
C[C@@]1(O)CCN(c2ncc(C(=O)Nc3ccc(OC(F)(F)Cl)cc3)cc2-c2ccn[nH]2)C1,4.625252,4.206883,0.41836882
O=C(Nc1ccc(OC(F)(F)Cl)cc1)c1cc(-c2cccnn2)c2c(c1)nc1n2C[C@@H](O)CC1,7.967266,8.439536,-0.47227
O=C(Nc1ccc(OC(F)(F)Cl)cc1)c1cc(-c2cccnn2)c2c(c1)nc1n2[C@H](CO)CCO1,8.30103,9.363687,-1.0626564
O=C(Nc1ccc(OC(F)(F)Cl)cc1)c1cc(-c2cncnc2)c2c(c1)ncn2[C@H]1COC[C@@H]1O,5.229148,5.505307,-0.2761593
C[C@H](O)Cn1cnc2cc(C(=O)Nc3ccc(OC(F)(F)Cl)cc3)cc(-c3cncnc3)c21,5.920819,5.9344344,-0.013615608
O=C(Nc1ccc(OC(F)(F)Cl)cc1)c1cc(-c2cncnc2)c2c(c1)ncn2[C@H]1CCOC1,4.595166,4.5442843,0.050881863
O=C(Nc1ccc(OC(F)(F)Cl)cc1)c1cc(-c2cncnc2)c2c(c1)nc(C(F)F)n2C1CC1,4.0,3.9016676,0.098332405
O=C(Nc1ccc(OC(F)(F)Cl)cc1)C1C=C(C2CC=CN=N2)c2c(nc3n2[C@H](CO)CCO3)C1,4.404504,4.183014,0.2214899
Cc1ccc(C(=O)Nc2ccc(CN3C[C@H]4CN(C)C[C@H]4C3)c(C(F)(F)F)c2)cc1-n1cc(-c2cnc3[nH]ncc3c2)nn1,1.621602,2.2703917,-0.64878964
O=C(Nc1ccc(OC(F)(F)Cl)cc1)c1cc(Br)c2c(c1)nc(C(F)F)n2C1CC1,4.30103,4.093613,0.20741701
CC(=O)N1CCC(COc2cc(F)c3c(=O)[nH]c(NCC4CCN(C(=O)C5CC5)CC4)nc3c2)CC1,6.0,5.597667,0.40233278
COc1cc(Nc2c(C#N)cnc3cc(OCCCN4CCOCC4)c(OC)cc23)c(Cl)cc1Cl,5.958607,5.7282367,0.23037052
CN1CCN(Cc2ccc(NC(=O)c3ccc(F)c(-n4cc(-c5cnc6[nH]ncc6c5)nn4)c3)cc2C(F)(F)F)CC1,4.30103,4.9742746,-0.6732445
O=C(Nc1ccc(OC(F)(F)Cl)cc1)c1cc(-c2ccn[nH]2)c2c(c1)nc1n2CCOC1,6.5850267,6.543318,0.041708946
C[C@H](C(F)F)n1cnc2cc(C(=O)Nc3ccc(OC(F)(F)Cl)cc3)cc(-c3cncnc3)c21,7.6777806,7.4889226,0.18885803
C[C@@H]1CCOc2nc3cc(C(=O)Nc4ccc(OC(F)(F)Cl)cc4)cc(-c4cnsc4)c3n21,5.2596374,5.052296,0.2073412
Cn1c(C(C)(C)O)nc2cc(C(=O)Nc3ccc(OC(F)(F)Cl)cc3)cc(-c3cncnc3)c21,9.318759,9.204827,0.113931656
C[C@H](CF)n1cnc2cc(C(=O)Nc3ccc(OC(F)(F)Cl)cc3)cc(-c3cncnc3)c21,7.3936186,7.675117,-0.28149843
C[C@@H]1COC2NC=NC=C2c2cc(C(=O)Nc3ccc(OC(F)(F)Cl)cc3)cc3nc(C(F)F)n1c23,4.30103,4.2619796,0.03905058
CCn1c([C@H](C)O)nc2cc(C(=O)Nc3ccc(OC(F)(F)Cl)cc3)cc(-c3cccnn3)c21,5.590067,6.511252,-0.921185
C[C@H](C1CC1)n1cnc2cc(C(=O)Nc3ccc(OC(F)(F)Cl)cc3)cc(-c3cncnc3)c21,7.026872,7.064373,-0.03750086
CCn1c(OC)nc2cc(C(=O)Nc3ccc(OC(F)(F)Cl)cc3)cc(-c3ccn[nH]3)c21,8.30103,8.67978,-0.37874985
O=C(Nc1ccc(OC(F)(F)Cl)cc1)c1cc(-c2cncnc2)c2c(c1)nc1n2CC[C@@H](O)C1,3.835647,3.9104247,-0.0747776
Cc1cn[nH]c1-c1cc(C(=O)Nc2ccc(OC(F)(F)Cl)cc2)cc2nc3n(c12)[C@H](C)COC3,6.0,5.8212953,0.17870474
O=C(Nc1ccc(OC(F)(F)Cl)cc1)c1cc(-c2ccn[nH]2)c2c(c1)nc(C(F)F)n2C1CC1,4.860121,4.653543,0.20657778
Cc1ccc(C(=O)Nc2ccc(CN3CC[C@@H](N(C)C)C3)c(C(F)(F)F)c2)cc1-n1cc(-c2cnc3[nH]ncc3c2)nn1,6.7212462,6.4605427,0.26070356
CCn1c(C(F)F)nc2cc(C(=O)Nc3ccc(OC(F)(F)Cl)cc3)cc(-c3ccnnc3)c21,4.7931743,4.7731633,0.020010948
O=C(Nc1ccc(OC(F)(F)Cl)cc1)c1cc(-c2cncnc2)c2c(c1)ncn2[C@H]1C[C@H](F)C1,5.0499883,5.6848397,-0.63485146
CCn1c([C@H](C)O)nc2cc(C(=O)Nc3ccc(OC(F)(F)Cl)cc3)cc(-c3cnoc3)c21,9.0,9.121921,-0.121920586
O=C(Nc1ccc(OC(F)(F)Cl)cc1)c1cc(-c2cccnn2)c2c(c1)nc1n2[C@H](CO)COC1,4.876148,4.3738174,0.5023308
O=C(Nc1ccc(OC(F)(F)Cl)cc1)c1cc(-c2cncnc2)c2c(c1)ncn2CC1COC1,4.5086384,4.2297297,0.27890873
CC(C)(Sc1ccc(CCN(CCCCC2CCCCC2)C(=O)NC2CCCCC2)cc1)C(=O)O,6.1706963,6.11772,0.05297613
C[C@H]1COCc2nc3cc(C(=O)Nc4ccc(OC(F)(F)F)cc4)cc(-c4ccn[nH]4)c3n21,6.320572,6.1027236,0.2178483
C[C@@H]1COCc2nc3cc(C(=O)Nc4ccc(OC(F)(F)F)cc4)cc(-c4ccn[nH]4)c3n21,6.0,6.100684,-0.100684166
C[C@H](CC#N)n1cnc2cc(C(=O)Nc3ccc(OC(F)(F)Cl)cc3)cc(-c3cncnc3)c21,4.623423,4.4898744,0.13354874
Cn1c(C2CC2)nc2cc(C(=O)Nc3ccc(OC(F)(F)Cl)cc3)cc(-c3cncnc3)c21,6.3936186,7.4024634,-1.0088449
CC(C)n1c([C@H](C)O)nc2cc(C(=O)Nc3ccc(OC(F)(F)Cl)cc3)cc(-c3cncnc3)c21,3.8239088,3.9296966,-0.105787754
CC(C)n1c([C@H](C)O)nc2cc(C(=O)Nc3ccc(OC(F)(F)Cl)cc3)cc(-c3cccnn3)c21,5.5744658,6.2745414,-0.7000756
C[C@@H](C(F)F)n1cnc2cc(C(=O)Nc3ccc(OC(F)(F)Cl)cc3)cc(-c3cncnc3)c21,6.229148,6.1987457,0.030402184
C[C@@H](CO)n1cnc2cc(C(=O)Nc3ccc(OC(F)(F)Cl)cc3)cc(-c3cncnc3)c21,5.6903696,6.0427794,-0.35240984
C[C@H]1COCc2nc3cc(C(=O)Nc4ccc(OC(F)(F)F)cc4)cc(-c4cncnc4)c3n21,7.446117,7.8221607,-0.3760438
C[C@@H]1COCc2nc3cc(C(=O)Nc4ccc(OC(F)(F)F)cc4)cc(-c4cncnc4)c3n21,7.080922,6.787209,0.2937131
O=C(Nc1ccc(OC(F)(F)Cl)cc1)c1cc(-c2cncnc2)c2c(c1)ncn2[C@H]1C[C@@H](F)C1,3.69897,4.701343,-1.002373
CC(=O)N1CCC(COc2cc(F)c3c(=O)[nH]c(NCC4CCN(C(=O)c5ccccn5)CC4)nc3c2)CC1,6.9469986,6.1849394,0.7620592
COC[C@@H](C)n1cnc2cc(C(=O)Nc3ccc(OC(F)(F)Cl)cc3)cc(-c3cncnc3)c21,5.920819,5.519018,0.40180063
Cn1c(CO)nc2cc(C(=O)Nc3ccc(OC(F)(F)Cl)cc3)cc(-c3cncnc3)c21,5.0,5.4246116,-0.42461157
CC(C)n1c([C@H](C)O)nc2cc(C(=O)Nc3ccc(OC(F)(F)Cl)cc3)cc(-c3ccn[nH]3)c21,6.5850267,6.978885,-0.39385843
CCn1c([C@@H](C)O)nc2cc(C(=O)Nc3ccc(OC(F)(F)Cl)cc3)cc(-c3ccn[nH]3)c21,6.0,6.59802,-0.5980201
CCOc1nc2cc(C(=O)Nc3ccc(OC(F)(F)Cl)cc3)cc(-c3cncnc3)c2n1C(C)C,6.7144427,6.952784,-0.23834133
O=C(Nc1ccc(OC(F)(F)Cl)cc1)c1cc(-c2cncnc2)c2c(c1)nc1n2[C@H](CO)CO1,5.3665314,5.271705,0.09482622
CS(=O)(=O)Nc1ccc(-c2cn([C@@H]3CN[C@H](C(=O)Nc4ccc(Cl)c(C(F)(F)F)c4)C3)nn2)cn1,7.379351,8.504774,-1.125423
CCn1cnc2cc(C(=O)Nc3ccc(OC(F)(F)Cl)cc3)cc(-c3ccn[nH]3)c21,4.920819,4.603568,0.31725073
C[C@@H](CF)n1cnc2cc(C(=O)Nc3ccc(OC(F)(F)Cl)cc3)cc(-c3cncnc3)c21,3.69897,4.269995,-0.57102513
O=C(Nc1ccc(OC(F)(F)Cl)cc1)c1cc(-c2cccnn2)c2c(c1)ncn2CC(F)F,4.2692175,4.244718,0.024499416
C[C@H](C(F)F)n1cnc2cc(C(=O)Nc3ccc(OC(F)(F)Cl)cc3)cc(-c3ccnnc3)c21,8.337242,7.2780995,1.0591426
Cc1nc(Nc2ncc(C(=O)Nc3c(C)cccc3Cl)s2)cc(C2CCN(C(=O)OC(C)C)C2)n1,4.026383,4.273058,-0.24667501
O=C(Nc1ccc(OC(F)(F)F)cc1)c1cnc(N2CCCC2)c(-c2ccc(CO)nc2)c1,4.7212462,4.5488057,0.17244053
CC(C)(C)n1cnc2cc(C(=O)Nc3ccc(OC(F)(F)Cl)cc3)cc(-c3cncnc3)c21,6.2596374,7.531443,-1.2718058
Cc1cccc(Cl)c1NC(=O)c1cnc(NC(=O)c2ccc(CN3CCN(C)CC3)cc2)s1,8.522879,8.886042,-0.363163
N#Cc1ncc(F)cc1-c1cc(C(=O)Nc2ccc(OC(F)(F)Cl)cc2)cnc1N1CC[C@@H](O)C1,5.0,4.935636,0.06436396
Cc1nc(Nc2ncc(C(=O)Nc3c(C)cccc3Cl)s2)cc(C2CCN(C(=O)Oc3ccccc3)C2)n1,6.39794,6.19497,0.20297003
O=C(Nc1ccc(OC(F)(F)Cl)cc1)c1cnc(N2C[C@H](O)[C@@H](F)C2)c(-c2ccn[nH]2)c1,7.216811,7.324896,-0.10808468
O=C(Nc1ccc(OC(F)(F)Cl)cc1)c1cc(-c2cncnc2)c2c(c1)ncn2CC(F)F,6.0,6.2635837,-0.26358366
CC(C)n1cnc2cc(C(=O)Nc3ccc(OC(F)(F)Cl)cc3)c(F)c(-c3cncnc3)c21,6.950782,4.715076,2.2357059
O=C(Nc1ccc(OC(F)(F)Cl)cc1)c1ccc(N2CC[C@@H](O)C2)c(-c2cncnc2)c1,7.1079054,6.962887,0.14501858
N[C@@H]1[C@H]2CN(c3ncc(C(=O)Nc4ccc(OC(F)(F)Cl)cc4)cc3-c3cncnc3)C[C@@H]12,5.700057,5.675754,0.02430296
Cc1nc(N=C2NCC(C(=O)Nc3c(C)cccc3Cl)S2)cc(N2CCN(CCO)CC2)n1,4.429457,4.368074,0.061383247
Cc1cccc(C)c1/C=C/n1cnc2c(Nc3ccc(P(C)(C)=O)cc3)nc(Oc3cccnc3)nc21,6.6575775,6.4881616,0.16941595
O=C(Nc1ccc(C(F)(F)C(F)(F)F)cc1)c1cnc(N2CC[C@@H](O)C2)c(-c2cncc(F)c2)c1,6.4436975,5.385467,1.0582304
Nc1ncc(-c2cc(C(=O)Nc3ccc(OC(F)(F)Cl)cc3)cnc2N2CC[C@@H](O)C2)cc1F,5.0,4.574422,0.42557812
O=C(Nc1ccc(SC(F)(F)F)c(F)c1)c1cnc(N2CC[C@@H](O)C2)c(-c2cncc(F)c2)c1,5.551294,5.711573,-0.16027927
CCN(CCO)c1ncc(C(=O)Nc2ccc(OC(F)(F)Cl)cc2)cc1-c1cncc(F)c1,4.0264335,3.9964447,0.029988766
O=C(Nc1ccc(OC(F)(F)F)cc1)c1cnc(N2CC[C@@H](O)C2)c(-c2cncs2)c1,7.8288875,8.2299385,-0.40105104
NC12CC1CN(c1ncc(C(=O)Nc3ccc(OC(F)(F)Cl)cc3)cc1-c1cncnc1)C2,4.595166,4.19387,0.40129614
O=C(Nc1ccc(OC(F)(F)Cl)cc1)c1cnc(N2CC[C@@H](O)C2)c(-c2cc[nH]n2)c1,6.853872,5.5923314,1.2615404
CC(C)n1cnc2cc(C(=O)Nc3ccc(OC(F)(F)Cl)cc3)c(F)c(Br)c21,5.490932,5.3766656,0.114266396
O=C(Nc1ccc(SC(F)(F)F)cc1)c1cnc(N2CC[C@H](CO)C2)c(-c2cncc(F)c2)c1,6.3645163,7.157123,-0.79260683
CCNC(=O)Nc1nc2ccc(-c3ccncc3OC)cc2s1,4.60206,3.881008,0.72105193
O=C(Nc1ccc(OC(F)(F)Cl)cc1)c1cc(-c2cccnn2)c2c(c1)nc1n2CC[C@H](O)C1,5.2441254,3.8281293,1.4159961
COc1ccc(Cn2ncc(F)c2-c2cc(C(=O)Nc3ccc(OC(F)(F)Cl)cc3)cc3ncn(C4CC4)c23)cc1,3.90309,3.6578708,0.24521923
Cc1nc2cc(C(=O)Nc3ccc(OC(F)(F)Cl)cc3)cc(-c3cncnc3)c2n1[C@H](C)CO,4.686133,5.131555,-0.44542217
C[C@@H]1CCOc2nc3cc(C(=O)Nc4ccc(OC(F)(F)Cl)cc4)cc(-c4ccnnc4)c3n21,4.30103,4.2863793,0.014650822
Cc1c(F)cncc1-c1cc2cnc(NC(=O)C3CC3)cc2n(C)c1=O,4.5316525,4.2020297,0.32962275
O=C(Nc1ccc(OC(F)(F)Cl)cc1)c1cc(-c2cncnc2)c2c(c1)ncn2C1CCCC1,6.0,5.9302993,0.06970072
O=C(Nc1ccc(OC(F)(F)Cl)cc1)c1cc(-c2[nH]ncc2F)c2c(c1)ncn2C1CC1,6.0,5.764354,0.23564577
COc1ccccc1-c1c[nH]c2ncc(-c3ccc(N)c(C(=O)N(C)C)c3)cc12,8.229148,8.881159,-0.6520109
COc1ncc(-c2cc(C(=O)Nc3ccc(OC(F)(F)Cl)cc3)cc3ncn(C4CC4)c23)cn1,7.6458917,6.6503363,0.9955554
C[C@@H]1COCc2nc3cc(C(=O)Nc4ccc(OC(F)(F)Cl)cc4)cc(-c4cnoc4)c3n21,6.400117,6.524353,-0.12423611
CC(C)n1cnc2cc(C(=O)Nc3ccc(OC(F)(F)Cl)cc3)cc(-c3ccn[nH]3)c21,4.371611,4.1373916,0.23421955
Cc1ccc(C(=O)Nc2ccc(CN3CCN(C)CC3)c(C(F)(F)F)c2)cc1-n1cc(-c2cnc3ccccn23)nn1,5.552842,5.6067147,-0.053872585
COc1ccc(C(=O)Nc2ccc(OCCCN(C)C)cc2)cc1Nc1nccc(-c2cccnc2)n1,8.522879,8.303514,0.21936512
Cc1ccc(C(=O)Nc2ccc(CN3CC[C@H](N(C)C)C3)c(C(F)(F)F)c2)cc1-n1cc(-c2cnc3[nH]ncc3c2)nn1,4.958607,4.54549,0.4131174
CC1(n2cnc3cc(C(=O)Nc4ccc(OC(F)(F)Cl)cc4)cc(-c4cncnc4)c32)CC1,3.715795,4.125817,-0.41002178
O=C(Nc1ccc(OC(F)(F)Cl)cc1)c1cc(-c2cncnc2)c2c(c1)ncn2C1(CO)CC1,9.0,9.431956,-0.4319563
C[C@@H](CF)n1c(C(F)F)nc2cc(C(=O)Nc3ccc(OC(F)(F)Cl)cc3)cc(-c3ccn[nH]3)c21,5.207608,6.1261306,-0.91852236
Cc1ccc(C(=O)Nc2ccc(CN3CCN(C)CC3)c(C(F)(F)F)c2)cc1-n1cc(-c2cnc3[nH]nc(C)c3c2)nn1,4.7695513,4.204724,0.56482744
CC(C)n1c(C(F)F)nc2cc(C(=O)Nc3ccc(OC(F)(F)Cl)cc3)cc(-c3cccnn3)c21,9.060481,9.739737,-0.6792555
CC[C@@H]1COCc2nc3cc(C(=O)Nc4ccc(OC(F)(F)Cl)cc4)cc(-c4ccn[nH]4)c3n21,5.0,5.4335265,-0.43352652
C[C@H](CF)n1c(C(F)F)nc2cc(C(=O)Nc3ccc(OC(F)(F)Cl)cc3)cc(-c3cncnc3)c21,4.9469213,4.66363,0.28329134
CNc1ncc(-c2cn(-c3cc(C(=O)Nc4ccc(CN5CCN(C)CC5)c(C(F)(F)F)c4)ccc3C)nn2)cn1,4.3496923,4.4925437,-0.14285135
O=C(Nc1ccc(OC(F)(F)Cl)cc1)c1cc(-c2ccn[nH]2)c2c(c1)nc1n2CCCC1,7.39794,6.786342,0.611598
CC(C)n1c(C(F)F)nc2cc(C(=O)Nc3ccc(OC(F)(F)Cl)cc3)cc(-c3ccn[nH]3)c21,5.0457573,4.670761,0.3749962
CN[C@@H](C)C(=O)N[C@H](C(=O)N1CCC[C@H]1c1nc(C(=O)c2cccc(OCCCOCC(=O)N3CCN(c4cc(Nc5ncc(C(=O)Nc6c(C)cccc6Cl)s5)nc(C)n4)CC3)c2)cs1)C1CCCCC1,5.7212462,4.517552,1.2036943
O=C(Nc1ccc(OC(F)(F)Cl)cc1)c1cc(-c2cncnc2)c2c(c1)ncn2C1CCOC1,4.782806,5.2006383,-0.41783237
CCn1c([C@H](C)O)nc2cc(C(=O)Nc3ccc(OC(F)(F)Cl)cc3)cc(-c3cncnc3)c21,4.69897,4.5857325,0.11323738
O=C(Nc1ccc(OC(F)(F)Cl)cc1)c1cc(-c2cccnn2)c2c(c1)nc1n2CC[C@@H](O)C1,5.229148,5.211184,0.017963886
COc1cc(-c2cc(C)cc(C)c2)cc([C@@H](C)C#Cc2c(C)nc(N)nc2N)c1,7.7447276,6.416903,1.3278246
C[C@H]1OCC[C@H]1n1cnc2cc(C(=O)Nc3ccc(OC(F)(F)Cl)cc3)cc(-c3cncnc3)c21,8.327902,8.104171,0.22373104
C[C@@H]1COCc2nc3cc(C(=O)Nc4ccc(OC(F)(F)Cl)cc4)cc(-c4nccs4)c3n21,4.076756,4.4373684,-0.3606124
C[C@H](CO)n1cnc2cc(C(=O)Nc3ccc(OC(F)(F)Cl)cc3)cc(-c3cccnn3)c21,4.444736,4.9758368,-0.53110075
C[C@H](n1cnc2cc(C(=O)Nc3ccc(OC(F)(F)Cl)cc3)cc(-c3cncnc3)c21)C(C)(C)O,5.0,5.2644,-0.2644
C[C@@H](CF)n1cnc2cc(C(=O)Nc3ccc(OC(F)(F)Cl)cc3)cc(-c3ccn[nH]3)c21,7.6051216,8.446315,-0.8411932
C[C@@H]1COc2nc3c(n21)C(C1CC=CN=N1)=CC(C(=O)Nc1ccc(OC(F)(F)Cl)cc1)C3,7.008774,6.5357184,0.47305536
C[C@@H]1COc2nc3cc(C(=O)Nc4ccc(OC(F)(F)Cl)cc4)cc(-c4cccnn4)c3n21,4.823909,4.4952826,0.32862616
C[C@@H]1CSc2nc3cc(C(=O)Nc4ccc(OC(F)(F)Cl)cc4)cc(-c4ccn[nH]4)c3n21,4.4282913,4.1960144,0.23227692
O=C(Nc1ccc(OC(F)(F)Cl)cc1)c1cc(-c2cncnc2)c2c(c1)nc1n2[C@H](CO)CCO1,3.3149753,3.6924586,-0.37748337
CCn1c(C(F)F)nc2cc(C(=O)Nc3ccc(OC(F)(F)Cl)cc3)cc(-c3cccnn3)c21,7.161151,6.298847,0.86230373
CC(C)n1cnc2cc(C(=O)Nc3ccc(OC(F)(F)Cl)cc3)cc(-c3cccnn3)c21,8.30103,8.204143,0.09688759
C[C@H](CF)n1c(C(F)F)nc2cc(C(=O)Nc3ccc(OC(F)(F)Cl)cc3)cc(-c3ccn[nH]3)c21,6.0,5.9985523,0.0014476776
O=C(Nc1ccc(OC(F)(F)Cl)cc1)c1cc(-c2cncnc2)c2c(c1)ncn2[C@H]1C[C@H](O)C1,4.69897,5.034344,-0.33537436
CN1CCN(Cc2ccc(NC(=O)c3cccc(C#Cc4cnc5[nH]ncc5c4)c3)cc2C(F)(F)F)CC1,10.0,9.5468,0.45320034
C[C@@H]1Cn2c(nc3cc(C(=O)Nc4ccc(OC(F)(F)Cl)cc4)cc(-c4cncnc4)c32)CO1,8.045757,7.501846,0.54391146
CC(C)(CO)n1cnc2cc(C(=O)Nc3ccc(OC(F)(F)Cl)cc3)cc(-c3cncnc3)c21,3.8910968,4.6661377,-0.77504086
COC(=O)c1cc(-c2cncnc2)c2c(c1)ncn2C(C)(C)COC(OC)OC,5.0,5.560353,-0.5603528
O=C(Nc1ccc(OC(F)(F)Cl)cc1)c1cc(-c2cncnc2)c2c(c1)ncn2CC1CC1,4.127261,4.312024,-0.18476295
CC(C)n1c(C(F)F)nc2cc(C(=O)Nc3ccc(OC(F)(F)Cl)cc3)cc(-c3ccnnc3)c21,5.0,4.89797,0.1020298
C[C@@H]1COCc2nc3cc(C(=O)Nc4ccc(OC(F)(F)Cl)cc4)cc(-c4cc(C#N)n[nH]4)c3n21,5.20204,6.2946115,-1.0925713
COc1cccc(NC(=O)N(CCCCC2CCCCC2)CCc2ccc(SC(C)(C)C(=O)O)cc2)c1,4.6757174,4.270066,0.40565157
CC(C)n1cnc2cc(C(=O)Nc3ccc(OC(F)(F)Cl)cc3)cc(-c3cncs3)c21,4.696804,4.271387,0.42541695
N#Cc1cncc(-c2cc(C(=O)Nc3ccc(OC(F)(F)Cl)cc3)cnc2N2CC[C@H](CO)C2)c1,5.2596374,5.9311366,-0.67149925
O=C(Nc1ccc(SC(F)(F)Cl)cc1)c1cnc(N2CC[C@@H](O)C2)c(-c2cncc(F)c2)c1,7.3925447,7.712939,-0.32039404
Cc1ccc(-c2cc(C(=O)Nc3ccc(OC(F)(F)F)cc3)cnc2N2CC[C@H](CO)C2)cn1,4.823909,6.8424606,-2.0185518
O=C(Nc1ccc(OC(F)(F)F)cc1)c1ccc(N2C[C@H](CO)[C@@H](O)C2)c(-c2cncs2)c1,4.537602,4.108768,0.42883396
Cc1ccc(C(=O)Nc2ccc(CN3CCN(C)CC3)c(C(F)(F)F)c2)cc1-n1cc(-c2cnc3[nH]ncc3c2)nn1,4.823909,5.2004695,-0.3765607
O=C(Nc1ccc(OC(F)(F)F)cc1)c1cnc(N2CC[C@H](CO)C2)c(-c2cncc(F)c2)c1,4.7544875,5.667444,-0.9129567
CCN(CCO)c1ncc(C(=O)Nc2ccc(OC(F)(F)Cl)cc2)cc1-c1cncnc1,4.229148,3.4644878,0.7646601
COc1cc2ncc(-c3cccc(NC4CCNC4)n3)n2cc1-c1cnn(C)c1,7.39794,6.9757066,0.42223358
C[C@@H]1COc2nc3c(n21)C(c1ccn[nH]1)=CC(C(=O)Nc1ccc(OC(F)(F)Cl)cc1)C3,5.8860564,5.781059,0.104997635
O=C(Nc1ccc(OC(F)(F)Cl)cc1)c1cnc(N2CC[C@@H](CO)[C@@H](O)C2)c(-c2cncnc2)c1,4.6757174,4.501991,0.17372656
O=C(Nc1ccc(OC(F)(F)Cl)cc1)c1ccc(N2C[C@H](O)[C@@H](O)C2)c(-c2cncnc2)c1,4.0181813,5.1127887,-1.0946074
Cc1ncc(-c2cc(C(=O)Nc3ccc(OC(F)(F)F)cc3)cnc2N2CC[C@@H](O)C2)cc1F,5.221849,5.1805005,0.041348457
Cc1c(O)cccc1-c1ccc2nc(NC(=O)[C@@H]3C[C@@H]3F)sc2c1,5.2441254,4.5767937,0.6673317
NCC1CN(c2ncc(C(=O)Nc3ccc(OC(F)(F)F)cc3)cc2-c2cncc(F)c2)CC1O,5.8996296,5.5274415,0.3721881
N[C@H]1CN(c2ccc(C(=O)Nc3ccc(OC(F)(F)Cl)cc3)cc2-c2cncc(F)c2)C[C@@H]1O,7.552842,6.941778,0.61106396
O=C(Nc1ccc(OC(F)(F)F)cc1)c1cnc(N2CCC[C@H](O)C2)c(-c2cncnc2)c1,8.494172,7.2125144,1.2816577
CC(C)n1c(C(F)F)nc2cc(C(=O)Nc3ccc(OC(F)(F)Cl)cc3)cc(-c3cncnc3)c21,6.0,5.763646,0.23635387
O=C(Nc1ccc(OC(F)(F)F)cc1)c1cnc(N2CC[C@@H](O)C2)c(-c2cccnc2)c1,7.5228786,5.9248376,1.598041
NCC1CN(c2ncc(C(=O)Nc3ccc(OC(F)(F)Cl)cc3)cc2-c2cncc(F)c2)CC1O,7.3467875,7.4476027,-0.100815296
O=C(Nc1nc2ccc(-c3cn([C@@H]4CN[C@H](C(=O)Nc5ccc(Cl)cc5Cl)C4)nn3)nc2s1)C1CC1,7.2596374,7.3396707,-0.0800333
Cc1ncccc1-c1cc(C(=O)Nc2ccc(OC(F)(F)Cl)cc2)cnc1N1CC[C@@H](O)C1,4.853872,5.1983953,-0.34452343
O=C(Nc1ccc(OC(F)(F)Cl)cc1)c1cnc(N2C[C@@H](O)[C@@H](O)C2)c(-c2cncc(F)c2)c1,5.3001623,6.152454,-0.8522916
Cc1nc(Nc2ncc(C(=O)Nc3c(C)cccc3Cl)s2)cc(C2CCN(C(=O)OCC(C)C)C2)n1,6.935542,7.0332093,-0.09766722
O=C(Nc1ccc(OC(F)(F)Cl)cc1)c1cc(-c2cncnc2)c2c(c1)ncn2C1CC[C@H]1O,4.30103,4.174256,0.12677431
COc1cc(-c2ccc(C)cc2)cc([C@@H](C)C#Cc2c(C)nc(N)nc2N)c1,5.9884295,5.98957,-0.0011405945
COc1ncc(-c2cc(C(=O)Nc3ccc(OC(F)(F)Cl)cc3)cc3ncn(C(C)C)c23)cn1,6.0,5.332442,0.6675582
C[C@@H](CC#N)n1cnc2cc(C(=O)Nc3ccc(OC(F)(F)Cl)cc3)cc(-c3cncnc3)c21,4.761954,5.2640944,-0.5021405
Cc1nc(Nc2ncc(C(=O)Nc3c(C)cccc3Cl)s2)cc(N2CCN(C(=O)OCc3ccccc3)CC2)n1,4.60206,4.618216,-0.016156197
O=C(Nc1ccc(OC(F)(F)Cl)cc1)c1cc(-c2ccn[nH]2)c2c(c1)nc1n2C[C@H](O)CC1,4.567031,4.560957,0.0060739517
C[C@@H](C1CC1)n1cnc2cc(C(=O)Nc3ccc(OC(F)(F)Cl)cc3)cc(-c3cncnc3)c21,8.522879,8.594115,-0.07123661
O=C(Nc1ccc(OC(F)(F)Cl)cc1)c1cc(-c2cncnc2)c2c(c1)nc1n2CCS(=O)(=O)C1,6.60206,6.9968286,-0.39476871
O=C(Nc1ccc(OC(F)(F)Cl)cc1)c1cc(Br)c2c(c1)nc1n2CCS(=O)(=O)C1,4.69897,5.470059,-0.7710891
C[C@H](C(F)F)n1cnc2cc(C(=O)Nc3ccc(OC(F)(F)Cl)cc3)cc(-c3cccnn3)c21,5.0,4.949457,0.05054283
C[C@@H](O)Cn1cnc2cc(C(=O)Nc3ccc(OC(F)(F)Cl)cc3)cc(-c3cncnc3)c21,4.1481304,4.424565,-0.27643442
CC(C)c1nc2cc(C(=O)Nc3ccc(OC(F)(F)Cl)cc3)cc(-c3cncnc3)c2n1C,7.180755,6.573133,0.60762215
O=C(Nc1ccc(OC(F)(F)Cl)cc1)c1cc(-c2ccn[nH]2)c2c(c1)nc1n2CCC[C@H]1O,9.30103,9.309475,-0.008444786
CC(C)n1cnc2cc(C(=O)Nc3ccc(OC(F)(F)Cl)cc3)cc(-n3cnc(C4CC4)c3)c21,5.4881167,5.952467,-0.46435022
O=C(Nc1ccc(OC(F)(F)Cl)cc1)C1C=C(c2ccn[nH]2)c2c(nc3n2CCC[C@H]3O)C1,7.8467016,8.4025755,-0.5558739
COc1ccc(Cl)c(Nc2c(C#N)cnc3cc(OC)c(OC)cc23)c1,4.537602,4.806254,-0.26865196
O=C(Cn1cnc2cc(C(=O)Nc3ccc(OC(F)(F)Cl)cc3)cc(-c3cncnc3)c21)NC1CC1,9.119186,9.517354,-0.3981676
O=C(Nc1ccc(OC(F)(F)Cl)cc1)c1cnc(N2CCN(CC(F)(F)F)CC2)c(-c2ccn[nH]2)c1,6.1140003,6.286157,-0.17215681
COCCN1CCN(CC2C=CC(NC(=O)c3ccc(C)c(C#Cc4cnc5cccnn45)c3)=CC2C2CC2)CC1,5.0,4.8940597,0.10594034
CC(C)n1cnc2cc(C(=O)Nc3ccc(OC(F)(F)Cl)cc3)cc(-c3n[nH]cc3O)c21,4.497573,4.329171,0.16840172
O=C(Nc1ccc(OC(F)(F)Cl)cc1)C1C=C(c2ccn[nH]2)c2c(nc3n2C[C@H](O)CO3)C1,3.60206,3.738597,-0.13653684
O=C(Nc1ccc(-c2cn([C@@H]3CN[C@H](C(=O)Nc4ccc(Cl)c(C(F)(F)F)c4)C3)nn2)cn1)C1CC1,3.9913998,4.3162327,-0.32483292
CC(C)n1cnc2cc(C(=O)Nc3ccc(OC(F)(F)Cl)cc3)cc(-c3n[nH]cc3C#N)c21,4.6811023,5.4722533,-0.79115105
O=C(Nc1ccc(OC(F)(F)Cl)cc1)c1cc(-c2cncnc2)c2c(c1)nc1n2CCC[C@H]1O,4.9058433,4.853539,0.052304268
CCCCOC(=O)N1CCC(c2cc(Nc3ncc(C(=O)Nc4c(C)cccc4Cl)s3)nc(C)n2)C1,6.0,6.352628,-0.35262823
O=C(Nc1ccc(OC(F)(F)Cl)cc1)c1cc(-c2cccnn2)c2c(c1)nc1n2CCC[C@H]1O,6.4089355,7.2053823,-0.7964468
Cc1nc2cc(C(=O)Nc3ccc(OC(F)(F)Cl)cc3)cc(-c3cccnn3)c2n1[C@H](C)CO,5.288024,5.219297,0.06872702
O=C(Nc1ccc(OC(F)(F)F)cc1)c1cnc(N2C[C@H](CO)[C@@H](O)C2)c(-c2cncc(F)c2)c1,5.167491,5.372743,-0.20525217
N#Cc1ccc(-c2cc(C(=O)Nc3ccc(OC(F)(F)F)cc3)cnc2N2CC[C@@H](O)C2)[nH]1,4.455932,4.892014,-0.4360819
CCN(CCO)c1ncc(C(=O)Nc2ccc(SC(F)(F)F)cc2)cc1-c1cncc(F)c1,5.247184,5.1885953,0.058588505
CN1CCN(Cc2ccc(NC(=O)c3ccc(Br)c(-n4cc(-c5cnc6[nH]ncc6c5)nn4)c3)cc2C(F)(F)F)CC1,4.026383,3.9983554,0.028027534
N#Cc1ccc(-c2cc(C(=O)Nc3ccc(OC(F)(F)Cl)cc3)cnc2N2CC[C@@H](O)C2)[nH]1,5.7544875,5.9752026,-0.22071505
N#Cc1cncc(-c2cc(C(=O)Nc3ccc(OC(F)(F)F)cc3)cnc2N2CC[C@H](CO)C2)c1,4.30103,4.83561,-0.53457975
N#Cc1cc(F)cc(-c2cc(C(=O)Nc3ccc(OC(F)(F)Cl)cc3)cnc2C2CC[C@@H](O)N2)c1,5.377,6.28761,-0.9106102
O=C(Nc1ccc(OC(F)(F)Cl)cc1)c1cnc(N2CC[C@@H](O)C2)c(-c2[nH]ncc2F)c1,5.6777806,5.393912,0.2838688
Cc1ncc(-c2cc(C(=O)Nc3ccc(OC(F)(F)F)cc3)cnc2N2CC[C@H](CO)C2)cc1F,4.823909,4.646975,0.17693377
O=C(Nc1ccc(OC(F)(F)Cl)cc1)c1cc(-c2ccnnc2)c2c(c1)nc1n2[C@H](CO)COC1,5.0,4.7092843,0.2907157
O=C(Nc1ccc(OC(F)(F)Cl)cc1)c1ccc(N2C[C@H](O)[C@@H](O)C2)c(-c2ccn[nH]2)c1,6.400057,5.3988194,1.0012374
O=C(Nc1ccc(OC(F)(F)Cl)cc1)c1cnc(N2CCC(O)CC2)c(-c2ccn[nH]2)c1,7.0,6.7491674,0.25083256
CO[C@H]1CN(c2ncc(C(=O)Nc3ccc(OC(F)(F)Cl)cc3)cc2-c2ccn[nH]2)C[C@@H]1N,4.69897,4.7727313,-0.07376146
O=C(Nc1ccc(OC(F)(F)F)c(F)c1)c1cnc(N2CC[C@H](CO)C2)c(-c2cncc(F)c2)c1,7.958607,8.807037,-0.84843016
Cc1nc2[nH]ccc2cc1-c1ccn2nc(NC(=O)[C@@H]3C[C@@H]3F)cc2c1,5.0,5.084753,-0.08475304
CC(C1COC1)n1cnc2cc(C(=O)Nc3ccc(OC(F)(F)Cl)cc3)cc(-c3cncnc3)c21,5.0,5.113837,-0.113836765
CC(C)n1cnc2cc(C(=O)Nc3ccc(OC(F)(F)Cl)cc3)cc(C(=O)NC3CC3)c21,4.0782094,5.3109307,-1.2327213
O=C(Nc1ccc(OC(F)(F)Cl)cc1)c1cc(-c2cncnc2)c2c(c1)ncn2[C@H]1COC[C@H]1O,7.1426673,7.0826945,0.059972763
O=C(Nc1cc2cc(-c3cnc4[nH]ccc4c3)ccn2n1)[C@@H]1C[C@@H]1F,9.0,9.307783,-0.30778313
CC(C)n1cnc2cc(C(=O)Nc3ccc(OC(F)(F)Cl)cc3)cc(-n3cnnc3)c21,9.376751,9.290652,0.08609867
COc1ccc(CNc2cc(C(=O)Nc3ccc(OC(F)(F)Cl)cc3)cc3ncn(C(C)C)c23)cc1,6.6055484,6.8382907,-0.23274231
Cc1ccc(C(=O)Nc2ccc(CN3CCCC3)c(C(F)(F)F)c2)cc1-n1cc(-c2cnc3[nH]ncc3c2)nn1,8.366531,8.443734,-0.0772028
CCn1c(OC)nc2cc(C(=O)Nc3ccc(OC(F)(F)Cl)cc3)cc(-c3cccnn3)c21,6.1366773,5.607962,0.52871513
O=C(Nc1ccc(OC(F)(F)Cl)cc1)c1cc(-c2ccn[nH]2)c2c(c1)nc1n2[C@H](CO)COC1,5.7931743,5.861673,-0.06849861
O=C(Nc1ccc(OC(F)(F)Cl)cc1)C1C=C(c2ccn[nH]2)c2c(nc3n2[C@H](CO)COC3)C1,6.206908,6.1113124,0.09559584
CNC(=O)c1cc(Oc2ccc(NC(=O)Nc3cc(C(C)(C)C)nn3-c3ccc4ncccc4c3)c(F)c2)ccn1,3.7461777,4.405586,-0.6594081
O=C(C1CC1)N1CCC(CNc2nc3cc(OCC4CC4)cc(F)c3c(=O)[nH]2)CC1,6.0,6.0849557,-0.08495569
Cc1ccc(C(=O)Nc2ccc(CN3CCN(C)CC3)c(C(F)(F)F)c2)cc1C#Cc1cnc2[nH]nc(C)c2c1,8.337242,7.6395974,0.6976447
CC(=O)N1CCC(COc2cc(F)c3c(=O)[nH]c(NCC4CCOCC4)nc3c2)CC1,7.0,6.6424756,0.3575244
C[C@@H]1COCc2nc3cc(C(=O)Nc4ccc(OC(F)(F)Cl)cc4)cc(-c4[nH]ncc4C#N)c3n21,4.5734887,4.53497,0.038518906
COc1cc(Nc2c(C#N)cnc3cc(OC)c(OC)cc23)c(Cl)cc1Cl,9.309804,9.193994,0.115810394
O=C(Nc1ccc(OC(F)(F)Cl)cc1)c1cc(-c2ccn[nH]2)c2c(c1)nc1n2CCC[C@@H]1O,4.5833597,4.294603,0.28875685
CC(C)n1c(C(F)F)nc2cc(C(=O)Nc3ccc(OC(F)(F)Cl)cc3)cc(-c3cscn3)c21,5.0,5.0262327,-0.02623272
CCc1ccccc1-c1ccc2nc(NC(=O)NCCN(C)C)sc2c1,5.2006593,4.1700974,1.0305619
C[C@@H]1COCc2nc3cc(C(=O)Nc4ccc(OC(F)(F)Cl)cc4)cc(-c4cc(C5CC5)n[nH]4)c3n21,6.823909,6.732845,0.09106398
COC[C@H](C)n1cnc2cc(C(=O)Nc3ccc(OC(F)(F)Cl)cc3)cc(-c3cncnc3)c21,8.920818,8.49377,0.42704868
CC(C)c1nc2c(-c3cncnc3)cc(C(=O)Nc3ccc(OC(F)(F)Cl)cc3)cc2n1C,5.0,5.521367,-0.5213671
O=C(Nc1ccc(OC(F)(F)Cl)cc1)c1cc(-c2cncnc2)c2c(c1)ncn2C[C@H]1CCCO1,4.745911,5.237275,-0.491364
Cc1ccc(C(=O)Nc2ccc(CN3CCN(C)CC3)c(C(F)(F)F)c2)cc1-n1cc(-c2cnc(N)nc2)nn1,3.7447276,3.9043412,-0.15961361
O=C(Nc1ccc(OC(F)(F)Cl)cc1)c1cc(-c2cncnc2)c2[nH]cnc2c1,6.129011,5.855925,0.27308607
CO[C@H]1CN(c2ncc(C(=O)Nc3ccc(OC(F)(F)Cl)cc3)cc2-c2cncc(F)c2)C[C@@H]1N,6.337653,5.6625066,0.6751466
CC(C)n1cnc2cc(C(=O)Nc3ccc(OC(F)(F)Cl)cc3)cc(-c3cnn[nH]3)c21,5.0,5.1962495,-0.19624949
N#Cc1ccncc1-c1cc(C(=O)Nc2ccc(OC(F)(F)Cl)cc2)cnc1N1C[C@H](O)[C@@H](O)C1,9.30103,9.840573,-0.53954315
O=C(Nc1ccc(OC(F)(F)F)cc1)c1cnc(N2CC[C@@H](O)C2)c(-c2cnccc2F)c1,2.3819518,2.192377,0.18957472
CN(CCO)c1ncc(C(=O)Nc2ccc(OC(F)(F)Cl)cc2)cc1-c1cncnc1,6.935542,6.859317,0.07622528
Cc1ccc(-c2cc(C(=O)Nc3ccc(OC(F)(F)F)cc3)cnc2N2CC[C@@H](O)C2)cn1,5.1739254,5.4457145,-0.27178907
Cc1ccc(-c2cc(C(=O)Nc3ccc(OC(F)(F)F)cc3)cnc2N2CC[C@H](O)C2)cn1,6.5734887,6.701964,-0.12847519
CCN(CCO)c1ncc(C(=O)Nc2ccc(OC(F)(F)Cl)cc2)cc1-c1cncc(C#N)c1,6.4202166,6.455545,-0.03532839
N#Cc1cncc(-c2cc(C(=O)Nc3ccc(C(F)(F)C(F)(F)F)cc3)cnc2N2CC[C@@H](O)C2)c1,5.3845596,7.5032773,-2.1187177
O=C(Nc1ccc(OC(F)(F)F)cc1)c1ccc(N2CC[C@@H](O)C2)c(-c2cncs2)c1,4.026078,4.247077,-0.22099876
O=C(Nc1ccc(OC(F)(F)F)cc1)c1cnc(N2CC[C@@H](O)C2)c(-c2ccc(CO)nc2)c1,4.1372724,4.4514165,-0.31414413
Cc1cc(-c2cc(C(=O)Nc3ccc(OC(F)(F)Cl)cc3)ccc2N2C[C@H](N)[C@@H](O)C2)[nH]n1,8.229148,8.004968,0.22418022
O=C(Nc1ccc(OC(F)(F)F)cc1)c1cnc(N2CCCC2)c(-c2ccn[nH]2)c1,5.0,5.851361,-0.8513608
C[C@@H]1COCc2nc3cc(C(=O)Nc4ccc(OC(F)(F)Cl)cc4)cc(-c4[nH]ncc4F)c3n21,6.91364,6.5630536,0.3505864
CN1CCN(Cc2ccc(NC(=O)c3ccc(Cl)c(C#Cc4cnc5[nH]ncc5c4)c3)cc2C(F)(F)F)CC1,5.4436975,6.2917914,-0.848094
C[C@H]1Cn2c(nc3cc(C(=O)Nc4ccc(OC(F)(F)Cl)cc4)cc(-c4cncnc4)c32)CO1,4.69897,4.6646256,0.034344196
O=C(Nc1ccc(OC(F)(F)Cl)cc1)c1cc(-c2cncnc2)c2c(c1)ncn2C[C@@H]1CCCO1,4.756962,4.061954,0.6950078
O=C(Nc1ccc(OC(F)(F)Cl)cc1)c1cc(-c2cncnc2)c2c(c1)ncn2CC1(O)CC1,7.30103,7.005175,0.29585505
C[C@@H](C(F)F)n1cnc2cc(C(=O)Nc3ccc(OC(F)(F)Cl)cc3)cc(-c3ccn[nH]3)c21,5.469651,5.9013696,-0.43171835
O=C1Nc2cc(Br)ccc2/C1=C1/Nc2ccccc2/C1=N\OCCN1CCNCC1,5.09691,4.6455626,0.45134735
CCn1c(CO)nc2cc(C(=O)Nc3ccc(OC(F)(F)Cl)cc3)cc(-c3ccn[nH]3)c21,8.091515,8.308109,-0.2165947
CCOc1ccc(Cc2cc([C@]34OC[C@](CO)(O3)[C@@H](O)[C@H](O)[C@H]4O)ccc2Cl)cc1,3.69897,3.4700675,0.22890258
COc1ccc(Cc2cc([C@]34OC[C@](CO)(O3)[C@@H](O)[C@H](O)[C@H]4O)ccc2Cl)cc1,7.6613445,7.6155324,0.04581213
N#Cc1cncc(-c2cc(C(=O)Nc3ccc(OC(F)(F)F)cc3)cnc2N2CC[C@@H](O)C2)c1,5.500038,5.6382113,-0.1381731
CCN(CCO)c1ncc(C(=O)Nc2ccc(OC(F)(F)F)cc2)cc1-c1ccn[nH]1,6.0604806,5.8876495,0.17283106
Cn1c(C#N)ccc1-c1cc(C(=O)Nc2ccc(OC(F)(F)Cl)cc2)cnc1N1CC[C@@H](O)C1,5.236572,5.0655236,0.17104816
N#Cc1cncc(-c2cc(C(=O)Nc3ccc(OC(F)(F)F)c(F)c3)cnc2N2CC[C@H](CO)C2)c1,8.481486,8.645217,-0.16373062
Cc1ccc(C(=O)NNC(=O)c2c(C)cccc2Cl)cc1C#Cc1cnc2ccccc2c1,5.0,5.1878095,-0.18780947
N[C@@H]1[C@H]2CN(c3ncc(C(=O)Nc4ccc(OC(F)(F)F)cc4)cc3-c3cncnc3)C[C@@H]12,5.0,5.689404,-0.689404
N#Cc1cncc(-c2cc(C(=O)Nc3ccc(SC(F)(F)F)cc3)cnc2N2CC[C@H](CO)C2)c1,4.504206,4.243809,0.26039696
Cc1ccc(-c2cc(C(=O)Nc3ccc(OC(F)(F)F)cc3)cnc2N2CC[C@@H](CO)C2)cn1,6.0,6.6465383,-0.64653826
COc1ccccc1-n1c(-c2cc(O)ccc2C)cn2c3c(=O)[nH]c(=O)n(C)c3nc12,5.0,5.5749717,-0.5749717
COCCn1cc(Nc2nccn3c(C#Cc4cc(NC(=O)c5ccnc(C(F)(F)F)c5)ccc4C)cnc23)cn1,6.318759,6.681001,-0.36224222
CC(C)(C)OC(=O)N1C[C@@H](n2cc(-c3ccc(N)nc3)nn2)C[C@H]1C(=O)Nc1ccc(Cl)c(C(F)(F)F)c1,5.2999887,5.285012,0.014976978
Cc1nc(Nc2ncc(C(=O)Nc3c(C)cccc3Cl)s2)cc(C2CCN(C(=O)OCc3ccccc3)C2)n1,4.69897,4.6272507,0.07171917
C[C@@H]1CCc2nc3cc(C(=O)Nc4ccc(OC(F)(F)Cl)cc4)cc(-c4ccn[nH]4)c3n21,6.39794,5.985085,0.41285515
C[C@H](CF)n1c(C(F)F)nc2cc(C(=O)Nc3ccc(OC(F)(F)Cl)cc3)cc(-c3cccnn3)c21,5.6197886,6.0980735,-0.47828484
CCc1ccc(C(=O)Nc2ccc(CN3CCN(C)CC3)c(C(F)(F)F)c2)cc1-n1cc(-c2cnc3[nH]ncc3c2)nn1,7.4089355,8.175109,-0.76617336
COc1nc2cc(C(=O)Nc3ccc(OC(F)(F)Cl)cc3)cc(-c3cccnn3)c2n1[C@H](C)CO,8.0,8.677368,-0.67736816
N[C@H]1CN(c2ccc(C(=O)Nc3ccc(OC(F)(F)Cl)cc3)cc2-c2cncnc2)C[C@@H]1O,6.0,5.902026,0.09797382
O=C(Nc1ccc(OC(F)(F)F)cc1)c1cnc(N2CCNC3(CC3)C2)c(-c2cncnc2)c1,5.0,5.3639293,-0.36392927
Cc1ncc(-c2cc(C(=O)Nc3ccc(OC(F)(F)Cl)cc3)ccc2N2C[C@H](O)[C@@H](O)C2)cn1,4.1079054,3.9192195,0.1886859
CCN(CCO)c1ncc(C(=O)Nc2ccc(SC(F)(F)F)cc2)cc1-c1ccn[nH]1,5.6382723,5.0513635,0.5869088
CCN(CCO)c1ncc(C(=O)Nc2ccc(OC(F)(F)Cl)cc2)cc1-c1ccn[nH]1,4.5030704,4.8803015,-0.37723112
CCn1nc(C#Cc2cc(C(=O)Nc3ccc(CN4CCN(C)CC4)c(C(F)(F)F)c3)ccc2C)c2c(N)ncnc21,5.0,6.060281,-1.0602808
C[C@@H]1CN(c2cccc(-c3csc(NC(=O)CNC(=O)c4ccn(S(C)(=O)=O)c4)n3)n2)C[C@H](C)O1,4.0,6.78507,-2.78507
CN(CCO)c1ncc(C(=O)Nc2ccc(OC(F)(F)F)cc2)cc1-c1cncc(F)c1,6.0,5.5412755,0.4587245
COc1cc(Nc2c(C#N)cnc3cc(OCCON4CCN(C)CC4)c(OC)cc23)c(F)cc1Cl,8.267606,8.753672,-0.48606586
O=C(Nc1ccc(OC(F)(F)Cl)cc1)c1cnc(N2CC[C@@H](O)C2)c(-c2cc(F)cnc2Cl)c1,6.6575775,6.6444516,0.013125896
C[C@]1(O)CCN(c2ncc(C(=O)Nc3ccc(OC(F)(F)Cl)cc3)cc2-c2ccn[nH]2)C1,9.747147,9.654956,0.09219074
CC(=O)N1CCC(COc2cc(F)c3c(=O)[nH]c(NCC4CCN(Cc5ccccn5)CC4)nc3c2)CC1,7.21467,7.35751,-0.14283991
O=C(Nc1ccc(OC(F)(F)F)cc1)c1cnc(N2Cc3cn[nH]c3C2)c(-c2cncnc2)c1,7.154902,6.8065133,0.34838867
O=C(Nc1ccc(OC(F)(F)Cl)cc1)c1cnc(N2CCNC3(CC3)C2)c(-c2ccn[nH]2)c1,3.7619538,4.6135144,-0.8515606
CC(C)(C#N)c1ncc(C(=O)Nc2ccc(OC(F)(F)F)cc2)cc1-c1cncnc1,6.6819367,7.5643697,-0.88243294
CN(CCO)c1ncc(C(=O)Nc2ccc(SC(F)(F)F)cc2)cc1-c1ccn[nH]1,4.7166986,5.3257155,-0.6090169
CN1CCN(Cc2ccc(NC(=O)c3cccc(-n4cc(-c5cnc6[nH]ncc6c5)nn4)c3)cc2C(F)(F)F)CC1,7.0,6.9389873,0.061012745
Cc1ccc(C(=O)Nc2ccc(CN3CCN(C)CC3)c(C(F)(F)F)c2)cc1-n1cc(-c2cnc(NC3CC3)nc2)nn1,5.2596374,5.502254,-0.24261665
O=C(Nc1ccc(OC(F)(F)Cl)cc1)c1cc(-c2cncnc2)c2c(c1)ncn2C1CS(=O)(=O)C1,6.853872,6.697145,0.15672684
O=C(Nc1ccc(OC(F)(F)Cl)cc1)c1cc(-c2cncnc2)c2c(c1)ncn2[C@@H]1COC[C@@H]1O,5.161151,5.057256,0.10389471
Cc1ccc(C(=O)Nc2cc(-n3cncn3)cc(C(F)(F)F)c2)cc1-n1cc(-c2cnc3[nH]ncc3c2)nn1,4.6382723,4.143727,0.49454546
O=C(Nc1ccc(OC(F)(F)Cl)cc1)c1cc(-c2cnoc2)c2c(c1)nc1n2C[C@@H](O)CC1,5.74521,6.705543,-0.9603329
Cn1c(C(F)F)nc2c(-c3cncnc3)cc(C(=O)Nc3ccc(OC(F)(F)Cl)cc3)cc21,5.552842,5.4298797,0.122962475
O=C1C[C@@H](n2cnc3cc(C(=O)Nc4ccc(OC(F)(F)Cl)cc4)cc(-c4cncnc4)c32)CN1,4.823909,4.9519897,-0.12808084
COc1ccc(Cc2cc([C@]34OC[C@](CO)(O3)[C@@H](O)[C@H](O)[C@H]4O)ccc2C)cc1,5.2596374,5.683635,-0.42399788
NCC1(F)CCN(c2ncc(C(=O)Nc3ccc(OC(F)(F)Cl)cc3)cc2-c2ccn[nH]2)C1,4.5606675,5.62581,-1.0651426
O=C(Nc1ccc(OC(F)(F)F)cc1)c1cnc(N2CCC[C@@H](O)C2)c(-c2cncnc2)c1,5.298432,5.7308936,-0.43246174
CC(C)n1nc(C#Cc2cccc(C(=O)Nc3cccc(C(F)(F)F)c3)c2)c2c(N)ncnc21,6.0,6.1611285,-0.16112852
O=C(Nc1ccc(OC(F)(F)F)cc1)c1cnc(N2CC[C@H](CO)C2)c(-c2ccc(CF)nc2)c1,9.0,9.5454855,-0.5454855
N#Cc1cncc(-c2cc(C(=O)Nc3ccc(SC(F)(F)F)c(F)c3)cnc2N2CC[C@@H](O)C2)c1,9.29243,9.64556,-0.35313034
O=C(Nc1ccc(OC(F)(F)F)cc1)c1cnc(N2CC[C@@H](O)C2)c(-c2cncc(F)c2)c1,5.241088,5.6249166,-0.38382864
O=C(Nc1ccc(OC(F)(F)F)cc1)c1cnc(N2CC[C@@H](O)C2)c(-c2ccn[nH]2)c1,4.7447276,5.3848834,-0.6401558
O=C(Nc1ccc(OC(F)(F)F)cc1)c1cnc(N2CC[C@@H](O)C2)c(-c2cncc(Cl)c2)c1,3.8239088,4.011373,-0.18746424
O=C(Nc1ccc(OC(F)(F)Cl)cc1)c1cnc(N2CC[C@@H](O)C2)c(-c2cc(F)cnc2F)c1,4.004365,3.5772982,0.4270668
Cc1ccc(NC(=O)c2ccc(CN3CCN(C)CC3)cc2)cc1Nc1nccc(-c2cccnc2)n1,4.1989393,4.1122026,0.08673668
CN(C)C(=O)c1ccc(-c2cc(C(=O)Nc3ccc(OC(F)(F)Cl)cc3)cnc2N2CC[C@@H](O)C2)[nH]1,4.0,4.8290315,-0.82903147
Cc1ncc(-c2cc(C(=O)Nc3ccc(OC(F)(F)F)cc3)cnc2N2CC[C@H](CO)C2)s1,4.5999975,4.700257,-0.100259304
N[C@@H]1CCCN(c2ncc(C(=O)Nc3ccc(OC(F)(F)Cl)cc3)cc2-c2cncnc2)C1,5.0,4.6343627,0.3656373
O=C(NC1CC1)c1cncc(-c2ccc(C(=O)N[C@@H](CO)C(=O)Nc3ccc(Cl)c(C(F)(F)F)c3)cc2)c1,6.0132284,6.0556035,-0.042375088
CCOc1ccc(Cc2cc([C@]34OC[C@](CO)(O3)[C@@H](O)[C@H](O)[C@H]4O)ccc2C)cc1,5.6575775,6.141682,-0.48410463
C[C@@H]1COCc2nc3cc(C(=O)Nc4ccc(OC(F)(F)Cl)cc4)cc(-c4cc(O)ccn4)c3n21,9.244125,9.198386,0.045739174
CC(C)n1c([C@@H](C)O)nc2cc(C(=O)Nc3ccc(OC(F)(F)Cl)cc3)cc(-c3ccn[nH]3)c21,5.0,5.1465697,-0.14656973
CCNc1ncc(-c2cn(-c3cc(C(=O)Nc4ccc(CN5CCN(C)CC5)c(C(F)(F)F)c4)ccc3C)nn2)cn1,7.4202166,7.216229,0.2039876
N#Cc1cncc(-c2cc(C(=O)Nc3ccc(OC(F)(F)F)c(F)c3)cnc2N2CC[C@@H](O)C2)c1,8.0,7.5698476,0.43015242
O=C(Nc1ccc(OC(F)(F)F)cc1)c1ccc(N2C[C@H](O)[C@@H](O)C2)c(-c2cncnc2)c1,9.045757,9.166898,-0.12114048
O=C(Nc1cc2cc(-c3cc4cc[nH]c4nc3Cl)ccn2n1)[C@@H]1C[C@@H]1F,8.522879,8.9291525,-0.40627384
Cc1ncc(NC(=O)c2ccc(CN3CCN(C)CC3)c(C(F)(F)F)c2)cc1Nc1nccc(-c2cccnc2)n1,5.7695513,5.614303,0.15524817
O=C(Nc1ccc(OC(F)(F)F)cc1)c1cnc(N2CCC[C@H](O)C2)c(-c2cccnc2)c1,3.30103,4.466534,-1.1655042
Cc1ccc(-c2cc[nH]n2)cc1-c1ccc2nc(NC(=O)[C@@H]3C[C@@H]3F)sc2c1,7.1426673,7.8439217,-0.70125437
O=C(Nc1ccc(OC(F)(F)F)cc1)c1cnc(N2CC[C@@H](O)C2)c(-c2ccc(F)nc2)c1,4.30103,5.034843,-0.7338128
Cc1cn(-c2cc(NC(=O)c3ccc(C)c(Nc4nccc(-c5cnccn5)n4)c3)cc(C(F)(F)F)c2)cn1,6.958607,7.0368695,-0.07826233
O=C(Nc1ccc(OC(F)(F)Cl)cc1)c1cnc(OC2CCOCC2)c(-c2cncnc2)c1,7.3769574,6.839649,0.5373082
O=C(Nc1ccc(OC(F)(F)F)c(F)c1)c1cnc(N2CC[C@@H](O)C2)c(-c2cncc(F)c2)c1,4.69897,4.7537913,-0.05482149
CN(C)Cc1cc(C(=O)N[C@@H]2CCc3ccc(Oc4ccnc5c4CCC(=O)N5)cc3C2)cc(C(F)(F)F)c1,4.429457,3.912085,0.51737213
COc1cc(N2C3CCC2CN(c2cc(-c4ccccc4O)nnc2N)C3)ccn1,8.886057,8.45245,0.4336071
CCNC(=O)Nc1nc2ccc(-c3ccc(OC)cc3OC)cc2s1,3.30103,4.339715,-1.0386851
CC(C)(O)Cn1cnc2cc(C(=O)Nc3ccc(OC(F)(F)Cl)cc3)cc(-c3cncnc3)c21,6.318759,6.0126853,0.30607367
Cc1ccc(Nc2ncc3c(n2)N(C)C(=O)N(c2cc(NC(=O)c4cccc(C(F)(F)F)c4)ccc2C)C3)cn1,4.0,3.9497302,0.050269842
CC(C)n1cnc2cc(C(=O)Nc3ccc(OC(F)(F)Cl)cc3)cc(-c3ccn(C)n3)c21,4.5058455,4.2667108,0.23913479
Cc1cccc(C)c1-c1cc2cnc(Nc3cccc(N)c3)nc2oc1=O,6.0,5.8573613,0.14263868
Cn1cc(-c2cnc3c(-c4csc(C(=O)N[C@@H]5CCCC[C@@H]5N)c4)cnn3c2)cn1,4.823909,4.6055675,0.21834135
O=C(Nc1ccc(OC(F)(F)Cl)cc1)c1cnc(N2CCC3(CNC3)C2)c(-c2ccn[nH]2)c1,6.0,5.89283,0.107170105
Cc1ccc(C(=O)Nc2ccc(CN3Cc4cn[nH]c4C3)c(Cl)c2)cc1C#Cc1cnc2cccnn12,4.253366,4.4049273,-0.15156126
C[C@]1(O)CCc2nc3cc(C(=O)Nc4ccc(OC(F)(F)Cl)cc4)cc(-c4ccn[nH]4)c3n2C1,5.080922,4.9146285,0.16629362
Cc1ncncc1-c1cc(C(=O)Nc2ccc(OC(F)(F)Cl)cc2)ccc1N1C[C@H](O)[C@@H](O)C1,8.30103,8.896617,-0.5955868
Cc1ccc(O)cc1-c1ccc2nc(NC(=O)[C@@H]3C[C@@H]3F)sc2c1,4.026526,3.910047,0.11647892
Nc1ncc(-c2cc(C(=O)Nc3ccc(OC(F)(F)F)cc3)cnc2N2CC[C@@H](O)C2)cc1F,8.59176,9.182001,-0.59024143
O=C(Nc1ccc(OC(F)(F)Cl)cc1)c1cnc(N2CCC[C@@H](O)C2)c(-c2ccn[nH]2)c1,4.8934693,4.7447634,0.14870596
CN(CCO)c1ncc(C(=O)Nc2ccc(SC(F)(F)F)cc2)cc1-c1cncnc1,7.6382723,8.057599,-0.41932678
O=C(Nc1ccc(OC(F)(F)C(F)(F)F)cc1)c1cnc(N2CC[C@@H](O)C2)c(-c2cncc(F)c2)c1,8.468521,9.232169,-0.76364803
O=C(Nc1ccc(OC(F)(F)F)cc1)c1cnc(N2CC[C@@H](O)C2)c(-c2ccc[nH]2)c1,9.251812,9.369323,-0.117510796
C[C@H]1COCc2nc3cc(C(=O)Nc4ccc(OC(F)(F)Cl)cc4)cc(-c4cncnc4)c3n21,6.610834,6.2494206,0.36141348
O=C(NC1CC1)c1cncc(-c2cccc(C(=O)N[C@@H](CO)C(=O)Nc3ccc(Cl)c(C(F)(F)F)c3)c2)c1,7.6382723,7.889395,-0.25112295
CN(C)[C@H]1CN(c2ncc(C(=O)Nc3ccc(OC(F)(F)F)cc3)cc2-c2cncc(F)c2)C[C@@H]1O,4.69897,4.834486,-0.13551617
CN(CCO)c1ncc(C(=O)Nc2ccc(SC(F)(F)F)cc2)cc1-c1cncc(C#N)c1,4.590067,4.060208,0.52985907
Cn1c(=O)c(-c2c(Cl)cccc2Cl)cc2cnc(Nc3ccc(OC4OC(CO)C(O)C(O)C4O)cc3)nc21,6.2596374,7.1066523,-0.8470149
O=C(Nc1ccc(OC(F)(F)F)cc1)c1cnc(N2C[C@H](CO)[C@@H](O)C2)c(-c2cncs2)c1,9.0,9.089181,-0.08918095
N#Cc1ccncc1-c1cc(C(=O)Nc2ccc(OC(F)(F)F)cc2)cnc1N1CC[C@@H](O)C1,4.9292235,4.7354937,0.19372988
N[C@H]1CN(c2ccc(C(=O)Nc3ccc(OC(F)(F)Cl)cc3)cc2-c2ccn[nH]2)C[C@@H]1O,7.3467875,6.85608,0.4907074
O=C(Nc1ccc(OC(F)(F)Cl)cc1)c1cnc(N2CCOCC2)c(-c2ccn[nH]2)c1,6.0,6.1581273,-0.15812731
Cc1ccc(C(=O)Nc2ccc(CN3CCN(C)CC3)c(C(F)(F)F)c2)cc1C#Cc1cnc2ccccn12,4.026461,4.467132,-0.44067097
O=C(Nc1ccc(OC(F)(F)Cl)cc1)c1cc(-c2cccnn2)c2c(c1)nc1n2[C@H](CO)CO1,5.500038,5.3682914,0.13174677
Cc1ccc(C(=O)Nc2ccc(CN3CCOCC3)c(C(F)(F)F)c2)cc1-n1cc(-c2cnc3[nH]ncc3c2)nn1,9.2218485,8.959047,0.26280117
CCN(CC)CCOc1ccc(NC(=O)c2ccc(OC)c(Nc3nccc(-c4cccnc4)n3)c2)cc1,7.2596374,8.254067,-0.99443007
Cc1nc(Nc2ncc(C(=O)Nc3c(Cl)ccnc3C)s2)cc(N2CCN(CCO)CC2)n1,4.680894,4.689511,-0.008616924
Cc1ccc(C(=O)Nc2ccc(CN3CCN(C)CC3)c(C(F)(F)F)c2)cc1C#Cc1cnc2c(cnn2C)c1,4.0267105,4.077612,-0.050901413
C[C@@H]1COCc2nc3cc(C(=O)Nc4ccc(OC(F)(F)Cl)cc4)cc(-c4ncco4)c3n21,8.148742,8.963731,-0.8149891
N[C@@H]1[C@H]2CN(c3ncc(C(=O)Nc4ccc(OC(F)(F)F)cc4)cc3-c3ccn[nH]3)C[C@@H]12,6.8902535,7.1990438,-0.3087902
C[C@@H]1CN(c2cccc(-c3ccc4cnc(CNC(=O)c5ccc6c(c5)N(S(C)(=O)=O)CC6)cc4n3)n2)C[C@H](C)O1,8.0,7.538234,0.46176577
O=C(Nc1nc2ccc(-c3cnc4[nH]ccc4c3)cc2s1)C1CC1,5.2596374,5.6311164,-0.37147903
Cc1cccc(C)c1/C=C/n1cnc2c(Nc3ccc(P(C)(C)=O)cc3)nc(-n3ccnc3)nc21,4.0,4.090243,-0.09024286
COC(=O)c1ccc(C(=O)Nc2ccc(OC(F)(F)F)cc2)cc1-c1cncnc1,6.2596374,6.38118,-0.121542454
Cc1cn(-c2cc(NC(=O)c3ccc(C)c(/C=C/n4cnc5c(N)ncnc54)c3)cc(C(F)(F)F)c2)cn1,5.2596374,5.42458,-0.16494274
Cc1ccc2[nH]ccc2c1-c1ccc2nc(NC(=O)[C@@H]3C[C@@H]3F)sc2c1,8.958608,9.486719,-0.52811146
CO[C@H]1CN(c2ncc(C(=O)Nc3ccc(OC(F)(F)F)cc3)cc2-c2cncc(F)c2)C[C@@H]1N,5.3200274,5.8909206,-0.5708933
CCN(CCO)c1ncc(C(=O)Nc2ccc(OC(F)(F)F)cc2)cc1-c1cncnc1,6.4436975,5.3343334,1.109364
O=C(Nc1ccc(S(F)(F)(F)(F)F)cc1)c1cnc(N2CC[C@@H](O)C2)c(-c2cncc(F)c2)c1,4.499997,4.8821745,-0.38217735
Cc1c(-c2ccn3nc(NC(=O)[C@@H]4C[C@@H]4F)cc3c2)cnc2[nH]cc(Cl)c12,6.958607,7.3143544,-0.35574722
Cc1nc2c(-c3ccn[nH]3)cc(C(=O)Nc3ccc(OC(F)(F)Cl)cc3)cc2n1C,6.3467875,6.622892,-0.27610445
CCN(CCO)c1ncc(C(=O)Nc2ccc(SC(F)(F)F)cc2)cc1-c1cncc(C#N)c1,8.49485,8.747411,-0.25256062
Cc1ccc(-c2cc(C(=O)Nc3ccc(OC(F)(F)F)cc3)ccc2N2C[C@H](O)[C@@H](O)C2)cn1,5.49485,5.2144065,0.28044367
O=C(Nc1ccc(OC(F)(F)Cl)cc1)c1cnc(N(CCO)CCO)c(-c2cncnc2)c1,4.848324,4.911574,-0.063250065
O=C(Nc1ccc(OC(F)(F)F)cc1)c1cnc(N2C[C@@H](O)[C@@H](O)C2)c(-c2cncc(F)c2)c1,9.443698,9.250021,0.19367695
Cc1ccc(NC(=O)c2ccnc(C(F)(F)F)c2)cc1C#Cc1cnc2c(Nc3cnn(C)c3)nccn12,9.124939,9.176924,-0.051984787
NC12CC1CN(c1ncc(C(=O)Nc3ccc(OC(F)(F)F)cc3)cc1-c1cncnc1)C2,7.920819,8.474342,-0.55352354
CCc1ccc(C(=O)Nc2ccc(CN3CCN(C)CC3)c(C(F)(F)F)c2)cc1C#Cc1cnc2[nH]ncc2c1,5.6382723,5.62246,0.015812397
COc1ccccc1NC(=O)N(CCCCC1CCCCC1)CCc1ccc(SC(C)(C)C(=O)O)cc1,8.853872,9.419503,-0.5656309
O=C(Nc1ccc(OC(F)(F)F)cc1)c1cccc(-n2ccnc2)c1,7.7351823,7.8416185,-0.10643625
O=C(NC1CC1)c1cncc(-c2cn([C@@H]3CN[C@H](C(=O)Nc4ccc(Cl)c(C(F)(F)F)c4)C3)nn2)c1,7.692504,8.103013,-0.4105091
Cc1ncn(-c2cc(NC(=O)c3ccc(C)c(-n4cc(-c5cnc6[nH]ncc6c5)nn4)c3)cc(C(F)(F)F)c2)n1,9.267606,8.426691,0.8409147
Cc1ccc(NC(=O)c2ccc(C)c(C(F)(F)F)c2)cc1C#Cc1nn([C@H]2CC[C@H](O)CC2)c2ncnc(N)c12,7.69897,7.1481233,0.5508466
CCN(CCO)c1ncc(C(=O)Nc2ccc(OC(F)(F)F)cc2)cc1-c1cncc(F)c1,8.259637,7.979067,0.28057003
CC[C@@](C)(Cc1ccc(OCCCOc2ccc(C3CCCCC3)cc2Cl)cc1)C(=O)O,8.568636,9.555598,-0.9869623
Cc1ccc(NC(=O)c2cccc(C(F)(F)F)c2)cc1-c1ccc2nc(Nc3ccc(OCCN)cc3)ncc2c1,8.05061,8.397466,-0.34685612
CCNC(=O)Nc1nc2ccc(-c3ccncc3)cc2s1,6.39794,6.423342,-0.02540207
C[C@]1(O)CCN(c2ncc(C(=O)Nc3ccc(OC(F)(F)F)cc3)cc2-c2ccn[nH]2)C1,7.0,7.7928925,-0.79289246
CC(=O)Nc1cccc(Nc2ncc3cc(-c4c(C)cccc4C)c(=O)oc3n2)c1,4.915607,4.586707,0.32889986
C[C@@]1(O)CCN(c2ncc(C(=O)Nc3ccc(OC(F)(F)F)cc3)cc2-c2ccn[nH]2)C1,4.69897,4.933829,-0.23485899
Cc1ccc(C(=O)Nc2ccc(CN3CCN(C)CC3)c(C(F)(F)F)c2)cc1C#Cc1cnc2[nH]ccc2n1,9.481486,7.5400815,1.9414048
CC(C)n1nc(C#Cc2cccc(NC(=O)c3cccc(C(F)(F)F)c3)c2)c2c(N)ncnc21,5.500038,5.307977,0.19206095
Nc1cccc(Nc2ncc3cc(-c4c(Cl)cccc4Cl)c(=O)oc3n2)c1,7.5361094,8.7050295,-1.16892
O=c1[nH]c(NCC2CCOCC2)nc2cc(OCC3CC3)cc(F)c12,5.314258,6.2334304,-0.9191723
Cc1ccc(NC(=O)c2ccc3c(c2)CC[C@@H]3N2CCN(C)CC2)cc1Nc1nccc(-c2cccnc2)n1,8.0,8.584743,-0.58474255
O=C(Nc1ccc(OC(F)(F)F)cc1)c1ccc(N2C[C@@H](O)[C@@H](O)C2)c(-c2cncnc2)c1,5.0,4.8687,0.13129997
Cc1ccc(NC(=O)c2ccnc(C(F)(F)F)c2)cc1C#Cc1cnc2c(Nc3cnn(C)c3)ccnn12,6.8996296,7.1896234,-0.28999376
Cc1ccc(C(=O)Nc2ccc(CN3CCN(C)CC3)c(C(F)(F)F)c2)cc1-n1cc(-c2cnn3cccnc23)nn1,5.0,4.9420915,0.057908535
CNc1nc2cc(C#Cc3cc(C(=O)Nc4ccc(CN5CCN(C)CC5)c(C(F)(F)F)c4)ccc3C)ccn2n1,6.0,6.9433227,-0.94332266
Cc1ncc(C(=O)Nc2ccc(OC(F)(F)F)cc2)cc1-c1cncnc1,5.275724,5.574511,-0.29878712
Cc1ccc2c(c1-c1ccc3nc(NC(=O)[C@@H]4C[C@@H]4F)sc3c1)CCN2,4.6516953,4.2738185,0.37787676
Cc1ccc(C(=O)Nc2ccc(CN3CCN(C)CC3)c(C(F)(F)F)c2)cc1C#Cc1cnc2cnccn12,6.0,6.567374,-0.5673742
Cc1ccc(C(=O)Nc2ccc(CN3CCNCC3)c(C(F)(F)F)c2)cc1C#Cc1cnc2cccnn12,6.0,6.020066,-0.020065784
Cc1ccc(C(=O)Nc2cc(-n3ccnc3)cc(C(F)(F)F)c2)cc1C#Cc1cnc2c(N)cccn12,4.30103,4.991506,-0.69047594
C[C@@H]1CN(c2cccc(-c3ccc4cnc(CNC(=O)c5cc(Cl)c6c(c5)N(S(C)(=O)=O)CC6)cc4n3)n2)C[C@H](C)O1,6.2612195,6.6511607,-0.38994122
CCNC(=O)Nc1nc2ccc(-c3ccccc3OCC)cc2[nH]1,10.522879,10.542472,-0.019593239
CC(C)n1cnc2cc(C(=O)Nc3ccc(OC(F)(F)Cl)cc3)cc(C(N)=O)c21,4.30103,4.2675605,0.033469677
COc1ccc(C(=O)Nc2ccc(OCCN(C)C)cc2)cc1Nc1nccc(-c2cccnc2)n1,4.0,3.7906742,0.20932579
Cc1ccc(NC(=O)c2ccc3c(c2)CCC3N2CCN(C)CC2)cc1Nc1nccc(-c2cncnc2)n1,5.60206,6.0379224,-0.43586254
Cc1c(-c2ccn3nc(NC(=O)[C@@H]4C[C@@H]4F)cc3c2)cnc2[nH]ccc12,6.154902,6.330976,-0.17607403
Cc1ccc(C(=O)Nc2ccc(CN3CCN(C)CC3)c(Cl)c2)cc1C#Cc1cnc2cccnn12,6.3565474,6.3238626,0.032684803
O=C(Nc1ccc(OC(F)(F)Cl)cc1)c1cnc(N2CCN(CCF)CC2)c(-c2ccn[nH]2)c1,8.0,7.726821,0.27317905
O=C(Nc1ccc(OC(F)(F)F)cc1)c1ccc(N2CC[C@@H](O)C2)c(-c2cncnc2)c1,4.5228786,5.184274,-0.66139555
N[C@H]1CN(c2ncc(C(=O)Nc3ccc(OC(F)(F)Cl)cc3)cc2-c2cncc(F)c2)C[C@@H]1O,6.0,5.8558326,0.14416742
O=C(NCc1nc(-c2ccc(Br)cc2)c[nH]1)Nc1ncc(Sc2ccccn2)s1,8.468521,8.602355,-0.13383389
CC(=O)N1CCC(COc2cc(F)c3c(=O)[nH]c(N4CC5(CCN(C(=O)C6CC6)CC5)C4)nc3c2)CC1,5.632644,5.150145,0.48249912
O=C(Nc1ccc(OC(F)(F)F)cc1)c1cnc(N2CCCOCC2)c(-c2cncnc2)c1,5.0008693,4.8053856,0.19548368
C#Cc1cc(OC)c(-c2ccc3nc(NC(=O)NCCO)sc3c2)cc1C=O,9.568636,9.311175,0.2574606
O=C(Nc1ccc(OC(F)(F)Cl)cc1)c1cnc(N2CCC[C@H](O)C2)c(-c2ccn[nH]2)c1,3.8239088,3.9806185,-0.15670967
CC(C)n1cnc2cc(C(=O)Nc3ccc(OC(F)(F)Cl)cc3)cc(-c3ccnn3C)c21,6.0371575,5.7177186,0.31943893
Cc1c(F)cncc1-c1ccc2nc(NC(=O)C3CC3)sc2c1,4.026392,4.023684,0.0027079582
Cc1c[nH]c2ncc(-c3ccc4nc(NC(=O)C5CC5)sc4c3)cc12,6.4308963,5.4915977,0.9392986
O=C(Nc1ccc(OC(F)(F)F)cc1)c1cnc(N2CCOCC2)c(-c2cnccn2)c1,7.1426673,7.296801,-0.1541338
Cc1c[nH]c2ncc(-c3ccn4nc(NC(=O)[C@@H]5C[C@@H]5F)cc4c3)cc12,4.958607,6.13448,-1.1758728
C[C@@H]1COCc2nc3cc(C(=O)Nc4ccc(OC(F)(F)Cl)cc4)cc(-c4cccnn4)c3n21,8.0,7.2359047,0.7640953
COCCn1cc(Nc2nccn3c(C#Cc4cc(NC(=O)c5cccc(C(F)(F)F)c5)ccc4C)cnc23)cn1,4.3297544,4.2930617,0.03669262
Cc1ccc(C(=O)Nc2ccc(CN3CCCCC3)c(C(F)(F)F)c2)cc1-n1cc(-c2cnc3[nH]ncc3c2)nn1,7.39794,7.115601,0.2823391
O=C(Nc1ccc(OC(F)(F)F)cc1)c1cnc(N2CCOCC2)c(-c2ccc(CO)nc2)c1,7.920819,7.8439593,0.076859474
O=C(Nc1ccc(SC(F)(F)F)cc1)c1cnc(N2CC[C@@H](O)C2)c(-c2ccc[nH]2)c1,3.8996294,4.12643,-0.22680068
O=C(Nc1ccc(OC(F)(F)F)cc1)c1ccc(N2CC[C@@H](O)C2)c(-c2cccnc2)c1,7.0,6.7670965,0.23290348
COCCOc1cc(N2C3CCC2CN(c2cc(-c4ccccc4O)nnc2N)C3)ccn1,6.0457573,6.6698737,-0.6241164
Cc1c(F)cncc1-c1ccc2nc(NC(=O)[C@@H]3C[C@@H]3F)sc2c1,8.568636,9.171618,-0.6029825
CN(CCO)c1ncc(C(=O)Nc2ccc(OC(F)(F)Cl)cc2)cc1-c1ccn[nH]1,7.958607,8.3574705,-0.39886332
CCCOc1ccccc1-c1ccc2nc(NC(=O)NCC)sc2c1,6.6197886,6.9056144,-0.28582573
O=C(Nc1ccc(OC(F)(F)F)cc1)c1ccc(N2C[C@H](O)[C@@H](O)C2)c(-c2cccnc2)c1,6.551294,6.8190002,-0.2677064
C#CCN(C)C(=O)c1cncc(-c2cnc3[nH]cc(-c4cc(C=O)c(C#C)cc4OC)c3c2)c1,8.522879,8.705085,-0.18220615
CC1(C)c2cc(C3CCNCC3)ccc2-n2c1nc(=O)c1c(Br)cccc12,5.523313,5.854466,-0.33115292
CCN(CCO)c1ncc(C(=O)Nc2ccc(OC(F)(F)F)cc2)cc1-c1cncc(C#N)c1,5.5228786,5.288301,0.23457766
CC(F)(F)Oc1ccc(NC(=O)c2cnc(N3CC[C@@H](O)C3)c(-c3cncc(F)c3)c2)cc1,7.055517,6.2675977,0.7879195
COc1cc(Nc2c(C#N)cnc3cc(OCC4CCN(C)CC4)c(OC)cc23)c(Cl)cc1Cl,5.2596374,5.2012963,0.058341026
Cc1n[nH]c2ccc(-c3cc(N[C@@H](CO)c4ccccc4)cnc3-c3cc(F)ccc3O)cc12,4.30103,4.672937,-0.37190676
Cc1c(-c2ccn3nc(NC(=O)[C@@H]4C[C@@H]4F)cc3c2)cnc2[nH]cc(F)c12,4.6439743,4.747886,-0.10391188
O=C(Nc1ccc(OC(F)(F)Cl)cc1)c1cnc(Cl)c(-c2cncnc2)c1,5.275724,5.380016,-0.104291916
O=C(Nc1ccc(OC(F)(F)F)cc1)c1cnc(N2CC[C@@H](O)C2)c(-c2ccc(C(F)(F)F)nc2)c1,7.0,7.6137915,-0.61379147
Cc1nc(Nc2ncc(C(=O)Nc3c(C)nn(C)c3C)s2)cc(N2CCN(CCO)CC2)n1,5.3020005,5.0879855,0.214015
COc1ccc(-c2cc(C(=O)Nc3ccc(OC(F)(F)F)cc3)cnc2N2CC[C@@H](CN)C2)cn1,6.0,5.8011565,0.19884348
CC1(O)CCN(c2ccc(C(=O)Nc3ccc(OC(F)(F)F)cc3)cc2-c2cncs2)C1,6.0,5.798121,0.20187902
O=C(Nc1ccc(OC(F)(F)F)cc1)c1cnc(N2CC[C@H](CO)C2)c(-c2cccnc2)c1,6.0,5.62948,0.3705201
O=C(Nc1ccc(OC(F)(F)F)cc1)c1cnc(N2CC[C@@H](O)C2)c(-c2csc(CO)c2)c1,5.0947437,5.4048057,-0.31006193
CC1(O)CCN(c2ccc(C(=O)Nc3ccc(OC(F)(F)F)cc3)cc2-c2cncnc2)C1,5.105407,6.000531,-0.89512396
Cc1ccc(-c2cc(C(=O)Nc3ccc(OC(F)(F)F)cc3)cnc2N(C)CCO)cn1,6.468521,6.077963,0.39055824
Cc1ccc(-c2cc(C(=O)Nc3ccc(OC(F)(F)F)cc3)cnc2NCCCO)cn1,9.19382,8.997584,0.19623566
Cc1ccc(-c2cc(C(=O)Nc3ccc(OC(F)(F)F)cc3)cnc2NCCO)cn1,7.6946487,8.260835,-0.56618595
CN(C)CCCN(C)c1ncc(C(=O)Nc2ccc(OC(F)(F)F)cc2)cc1-c1cccnc1,7.7212462,8.084436,-0.36319017
Cc1ccc(-c2cc(C(=O)Nc3ccc(OC(F)(F)F)cc3)cnc2N2CC[C@@H](N)C2)cn1,4.9172144,4.3505025,0.5667119
Cc1ccc(-c2cc(C(=O)Nc3ccc(OC(F)(F)F)cc3)cnc2N2CC[C@H](CN)C2)cn1,6.1687703,6.5431895,-0.3744192
CC(F)(F)Oc1ccc(NC(=O)c2cnc(N3CC[C@@H](O)C3)c(-c3cncc(C#N)c3)c2)cc1,3.8041003,4.181459,-0.37735868
O=C(Nc1ccc(OC(F)(F)F)cc1)c1ccc(OCCO)c(-c2cncnc2)c1,7.29243,7.209913,0.08251715
O=C(Nc1ccc(OC(F)(F)F)cc1)c1cccc(-c2ccc(CN3CCCC3)s2)c1,7.856985,8.186534,-0.32954884
CS(=O)(=O)n1ccc(C(=O)NCC(=O)Nc2nc(-c3cccc(-c4ccncc4)n3)cs2)c1,5.49485,5.2447357,0.25011444
O=c1[nH]c(CS[C@H]2CC[C@H](O)CC2)nc2cc(OCC3CC3)cc(F)c12,3.236572,3.9453437,-0.7087717
CN(c1ncc(C(=O)Nc2ccc(OC(F)(F)F)cc2)cc1-c1cncnc1)C1CCOCC1,5.2596374,5.620878,-0.36124086
CN(CCCO)c1ncc(C(=O)Nc2ccc(OC(F)(F)F)cc2)cc1-c1cncnc1,4.787812,4.62822,0.15959215
CN(CCO)c1ccc(C(=O)Nc2ccc(OC(F)(F)F)cc2)cc1-c1cncs1,4.5617743,4.5249934,0.036780834
Cc1ncc(-c2cc(C(=O)Nc3ccc(OC(F)(F)F)cc3)ccc2N2CC[C@@H](O)C2)cn1,9.29243,9.45971,-0.1672802
N[C@H]1CCN(c2ncc(C(=O)Nc3ccc(OC(F)(F)F)cc3)cc2-c2cccnc2)C1,9.886057,9.778926,0.107131004
CN[C@H]1CCN(c2ncc(C(=O)Nc3ccc(OC(F)(F)F)cc3)cc2-c2cccnc2)C1,5.0,4.7536097,0.24639034
CN[C@H]1CCN(c2ncc(C(=O)Nc3ccc(OC(F)(F)F)cc3)cc2-c2ccc(C)nc2)C1,5.0,5.774565,-0.7745652
Cc1ncc(-c2cc(C(=O)Nc3ccc(OC(F)(F)F)cc3)cnc2N2CC[C@@H](O)C2)s1,9.55752,9.801379,-0.24385929
CN[C@@H]1CCN(c2ncc(C(=O)Nc3ccc(OC(F)(F)F)cc3)cc2-c2cccnc2)C1,7.309804,7.345305,-0.035501003
Cc1ccc(-c2cc(C(=O)Nc3ccc(OC(F)(F)F)cc3)cnc2N2CCCN(C)CC2)cn1,3.2218487,3.429102,-0.20725322
Cc1ccc(-c2cc(C(=O)Nc3ccc(OC(F)(F)F)cc3)cnc2N2CCC[C@H](O)C2)cn1,4.8617606,4.5587726,0.30298805
COc1ncc(C(=O)Nc2ccc(OC(F)(F)F)cc2)cc1-c1cncnc1,4.0,4.4584007,-0.45840073
O=C(Nc1ccc(OC(F)(F)F)cc1)c1cnc(N2CC[C@@H](O)C2)c(-c2cccnc2F)c1,4.7346163,4.5406337,0.1939826
O=C(Nc1ccc(OC(F)(F)F)cc1)c1cnc(N2CC[C@@H](O)C2)c(-c2ccoc2)c1,5.229148,5.358857,-0.12970924
Cc1ccc(-c2cc(C(=O)Nc3ccc(OC(F)(F)F)cc3)cnc2N2CCCC(O)C2)cn1,6.5867004,6.864818,-0.27811766
Cc1ccc(-c2cc(C(=O)Nc3ccc(OC(F)(F)F)cc3)cnc2N2CCC(O)C2)cn1,4.9871626,4.4947624,0.49240017
NC12CC1CN(c1ncc(C(=O)Nc3ccc(OC(F)(F)F)cc3)cc1-c1ccn[nH]1)C2,7.221849,6.5876555,0.6341934
CN[C@@H]1CCN(c2ncc(C(=O)Nc3ccc(OC(F)(F)F)cc3)cc2-c2ccc(C)nc2)C1,6.2596374,6.7998815,-0.5402441
CN1CCCN(c2ncc(C(=O)Nc3ccc(OC(F)(F)F)cc3)cc2-c2cccnc2)CC1,4.026383,4.2535014,-0.22711849
CN1CC2CN(c3ncc(C(=O)Nc4ccc(OC(F)(F)F)cc4)cc3-c3cncnc3)CC2C1,9.3019,9.896897,-0.5949974
Cc1ccc(-c2cc(C(=O)Nc3ccc(OC(F)(F)F)cc3)ccc2N2CC[C@@H](O)C2)cn1,5.5999804,6.2944717,-0.6944914
Cc1cncc(-c2cc(C(=O)Nc3ccc(OC(F)(F)F)cc3)cnc2N2CC[C@@H](O)C2)c1,7.251812,7.543086,-0.29127407
O=C(Nc1ccc(OC(F)(F)F)cc1)c1ccc(N2CC[C@H](O)C2)c(-c2cncnc2)c1,3.0899096,4.1611896,-1.07128
CC(C)CN1CCN(CCOc2ccc(C(=O)Nc3ccc(OC(F)(F)F)cc3)cc2-c2cncnc2)CC1,5.100008,5.152268,-0.052259922
O=C(Nc1ccc(OC(F)(F)F)cc1)c1ccc(Cl)c(-c2cncnc2)c1,5.004365,4.6247525,0.37961245
COc1cncc(-c2cc(C(=O)Nc3ccc(OC(F)(F)F)cc3)cnc2N2CC[C@@H](O)C2)c1,7.6197886,7.083492,0.53629684
O=C(Nc1ccc(OC(F)(F)F)cc1)c1ccc(N2C[C@H](O)[C@@H](O)C2)c(-c2cncs2)c1,6.05061,5.8409567,0.20965338
O=C(Nc1ccc(OC(F)(F)F)cc1)c1cnc(N2CCCC(O)C2)c(-c2cncnc2)c1,4.026341,4.0735536,-0.0472126
O=C(Nc1ccc(OC(F)(F)F)cc1)c1cnc(N2CCCC(CO)C2)c(-c2cncnc2)c1,7.091515,7.538231,-0.44671583
CC[C@@](C)(Cc1ccc(OCCCOc2ccc(OC(F)(F)F)cc2Cl)cc1)C(=O)O,5.498941,4.8582654,0.64067554
COc1ncc(-c2cc(C(=O)Nc3ccc(OC(F)(F)F)cc3)ccc2C)cn1,6.699481,6.485638,0.21384287
N#C[C@H]1CCCN(c2ncc(C(=O)Nc3ccc(OC(F)(F)F)cc3)cc2-c2cncnc2)C1,9.142668,9.320886,-0.17821789
N#C[C@@H]1CCCN(c2ncc(C(=O)Nc3ccc(OC(F)(F)F)cc3)cc2-c2cncnc2)C1,6.0,6.4359255,-0.43592548
O=C(Nc1ccc(OC(F)(F)F)cc1)c1cnc(NCCO)c(-c2cccnc2)c1,4.0,4.002638,-0.0026378632
O=C(Nc1ccc(OC(F)(F)F)cc1)c1cnc(N2Cc3ccncc3C2)c(-c2cncnc2)c1,4.809668,4.189853,0.6198149
CC(=O)NC1CCCN(c2ncc(C(=O)Nc3ccc(OC(F)(F)F)cc3)cc2-c2cncnc2)C1,8.0,7.4090734,0.59092665
O=C(Nc1ccc(OC(F)(F)F)cc1)c1cnc(N2CC[C@@H](CO)C2)c(-c2cccnc2)c1,5.4152904,5.797463,-0.38217258
NC[C@H]1CCN(c2ncc(C(=O)Nc3ccc(OC(F)(F)F)cc3)cc2-c2cccnc2)C1,6.0,6.196177,-0.196177
NC[C@@H]1CCN(c2ncc(C(=O)Nc3ccc(OC(F)(F)F)cc3)cc2-c2cccnc2)C1,9.632644,9.98407,-0.35142612
O=C(Nc1ccc(OC(F)(F)F)cc1)c1cnc(N2CCC(O)CC2)c(-c2cncnc2)c1,3.9665763,5.430554,-1.4639776
O=C(Nc1ccc(OC(F)(F)F)cc1)c1cnc(N2CCC(O)C2)c(-c2cccnc2)c1,4.705534,5.0631375,-0.35760355
O=C(Nc1ccc(OC(F)(F)F)cc1)c1cnc(N2CCC(O)C2)c(-c2ccc(C(F)(F)F)nc2)c1,8.522879,8.933053,-0.41017437
Cc1ccc(C(=O)Nc2ccc(OC(F)(F)F)cc2)cc1-c1cncs1,6.0,6.5965233,-0.5965233
N[C@@H]1CCN(c2ncc(C(=O)Nc3ccc(OC(F)(F)F)cc3)cc2-c2cccnc2)C1,7.221849,7.403724,-0.18187523
CC[C@@](C)(Cc1ccc(OCCCOc2ccc(C(F)(F)F)cc2Cl)cc1)C(=O)O,4.30103,4.1504464,0.15058374
O=C(Nc1ccc(SC(F)(F)F)cc1)c1cccc(-c2cncnc2)c1,7.8860564,8.530764,-0.6447072
O=C(Nc1ccc(OC(F)(F)F)cc1)c1cnc(N2CCC3(COC3)C2)c(-c2cncnc2)c1,4.853872,4.769999,0.083872795
O=C(Nc1ccc(OC(F)(F)F)cc1)c1cnc(N2CCC3(CCNC3=O)C2)c(-c2cncnc2)c1,4.246019,3.85234,0.3936789
COc1ccc(C(=O)Nc2ccc(OC(F)(F)F)cc2)cc1-c1cncnc1,5.0,5.174553,-0.17455292
O=c1[nH]c(CSC2CCC(O)CC2)nc2cc(OCC3CC3)cc(F)c12,8.251812,7.7231064,0.5287056
COc1cc2[nH]nc(-c3nc4ccc(N5CCC(N6CCCCC6)CC5)cc4[nH]3)c2cc1OCc1ccccc1,5.2153826,6.519593,-1.3042102
Cc1ccc(C(=O)Nc2ccc(CN3CCC4C=NNC4C3)c(Cl)c2)cc1C#Cc1cnc2cccnn12,6.958607,6.2017183,0.75688887
Cc1c(-c2ccn3nc(NC(=O)[C@H]4C[C@H]4F)cc3c2)cnc2[nH]ccc12,5.083493,5.2461524,-0.16265917
O=C(Nc1ccc(OC(F)(F)F)cc1)c1cccc(-c2cnccn2)c1,4.9792247,5.315246,-0.33602142
Nc1ccc(-c2cn([C@@H]3CN[C@H](C(=O)Nc4ccc(Cl)c(C(F)(F)F)c4)C3)nn2)cn1,6.6382723,6.6479096,-0.009637356
CSc1nc2cc(C(=O)Nc3ccc(OC(F)(F)Cl)cc3)cc(Br)c2n1[C@@H](C)[C@H](O)CO,5.4584208,5.6703334,-0.21191263
CC(=O)Nc1n[nH]c2cc(-c3cn([C@@H]4CN[C@H](C(=O)Nc5ccc(Cl)cc5Cl)C4)nn3)ccc12,6.90309,7.7980394,-0.89494944
N[C@@H]1CN(c2ncc(C(=O)Nc3ccc(OC(F)(F)Cl)cc3)cc2-c2ccn[nH]2)C[C@H]1F,6.194003,5.718251,0.47575188
COc1ccc(C(=O)Nc2ccc(OC(F)(F)F)cc2)cc1-c1cccnc1,6.0,5.796621,0.20337915
O=C(Nc1ccc(OC(F)(F)F)cc1)c1ccc(F)c(-c2cncnc2)c1,7.468521,8.119403,-0.65088177
O=C(Nc1nc2ccc(-c3cnc4[nH]ccc4c3)cc2s1)C1C[C@@H]1F,5.69897,5.0747657,0.62420416
O=C(Nc1cc2cc(-c3cnc4[nH]cc(Cl)c4c3)ccn2n1)[C@@H]1C[C@@H]1F,5.6575775,5.7153325,-0.057754993
COc1ccc(C(=O)Nc2cccc(F)c2)cc1Nc1nccc(-c2cccnc2)n1,6.0,5.7574534,0.24254656
Cc1ccc(C(=O)Nc2ccc(CN3CCN(C)CC3)c(C(F)(F)F)c2)cc1C#Cc1cnc2c(Nc3cnn(C)c3)ccnn12,4.823909,5.2073917,-0.38348293
COC(=O)c1cc(-c2cccc(C(=O)Nc3ccc(OC(F)(F)F)cc3)c2)cs1,5.500038,5.8232465,-0.32320833
Cc1c(-c2ccn3nc(NC(=O)[C@H]4C[C@@H]4F)cc3c2)cnc2[nH]ccc12,4.701147,5.458338,-0.7571907
O=C(Nc1ccc(OC(F)(F)Cl)cc1)c1cnc(N2CCN(CC(F)F)CC2)c(-c2ccn[nH]2)c1,9.39794,8.371425,1.026515
O=C(Nc1ccc(OC(F)(F)F)cc1)c1cnc(N2CCCC2)c(-c2cc(CO)n[nH]2)c1,5.0,5.2102723,-0.21027231
Cc1ccc(NC(=O)c2ccc(CN3CCN(C)CC3)c(C(F)(F)F)c2)cc1C#Cc1cnc2c(Nc3cnn(C)c3)nccn12,7.236572,6.7175975,0.5189743
COc1ccc(C(=O)Nc2ccc(OC(F)(F)F)cc2)cc1-c1ccc(F)nc1,6.113509,6.3014655,-0.18795633
O=C(Nc1ccc(OC(F)(F)Cl)cc1)c1cnc(N2CCN(C3CC3)CC2)c(-c2ccn[nH]2)c1,8.522879,8.462377,0.060502052
COc1ccc(C(=O)Nc2ccc(OC(F)(F)F)cc2)cc1-c1ccc(C(C)=O)s1,6.632644,7.0994344,-0.4667902
O=C(Nc1ccc(OC(F)(F)F)cc1)c1cccc(-c2cncnc2)c1,7.6575775,7.6719446,-0.014367104
CCCCCCCCCCCOc1cccc(CCC(=O)NC[C@@H](O)COP(=O)(O)OC[C@H](NC(=O)CC)C(=O)O)c1,5.1079054,4.6424546,0.46545076
Cc1ccc(C(=O)Nc2ccc(CN3CCN(C)CC3)c(C(F)(F)F)c2)cc1-n1cc(-c2cnc3ncccn23)nn1,6.0,6.0507283,-0.05072832
CC(=O)Nc1ccc(-c2cn([C@@H]3CN[C@H](C(=O)Nc4ccc(Cl)c(C(F)(F)F)c4)C3)nn2)cn1,4.9726505,4.659162,0.31348848
COc1ccc(Cl)c(Nc2c(C#N)cnc3cc(OCC4CCN(C)CC4)c(OC)cc23)c1,4.978811,5.115265,-0.1364541
O=C(Nc1ccc(OC(F)(F)F)cc1)c1cnc(N2CC[C@@H](O)C2)c(-c2cc(F)cnc2F)c1,9.013228,9.835102,-0.82187366
Nc1ncc(-c2cncc(C(=O)Nc3ccc(OC(F)(F)F)cc3)c2)cn1,4.69897,5.479184,-0.7802143
Cc1ccc(C(=O)Nc2ccc(OC(F)(F)F)cc2)cc1-c1cncnc1,4.236572,4.3636823,-0.12711048
CC(=O)Nc1cccc(Nc2ncc3cc(-c4c(Cl)cccc4Cl)c(=O)oc3n2)c1,8.30103,8.697255,-0.39622498
O=C(Nc1ccc(OC(F)(F)F)cc1)c1ccc(N2C[C@H](O)[C@@H](O)C2)c(-c2ccc[nH]2)c1,4.0,4.556529,-0.55652905
Cc1ccc(C(=O)Nc2ccc(CN3CCN(CCO)CC3)c(C(F)(F)F)c2)cc1C#Cc1cnc(C(N)=O)n1C,4.2328444,4.9748836,-0.7420392
O=C(Nc1cc2cc(-c3cnc4[nH]c(Cl)cc4c3)ccn2n1)[C@@H]1C[C@@H]1F,4.621602,4.521381,0.10022116
C#Cc1ccc(C)c(-c2ccc3nc(NC(=O)[C@@H]4C[C@@H]4F)sc3c2)c1,5.0,5.124258,-0.12425804
O=C(Nc1ccc(OC(F)(F)F)cc1)c1ccc(OCCN2CCOCC2)c(-c2cncnc2)c1,6.0,5.9767942,0.023205757
O=C(Nc1cc2cc(-c3cnc4[nH]cc(F)c4c3)ccn2n1)[C@@H]1C[C@@H]1F,5.3665314,5.0114436,0.35508776
Cc1ccc(C(=O)Nc2ccc(CN3CCN(C)CC3)c(C(F)(F)F)c2)cc1C#Cc1cnc(C(N)=O)n1C,5.2006593,4.371109,0.82955027
CC(=O)c1sc(NC(=O)N[C@@H]2CN(C(C)=O)CC[C@H]2CN2CCC[C@@H](Cc3ccc(F)cc3)C2)nc1C,6.692504,7.070701,-0.3781972
CN1CCN(C(=O)c2ccc(Nc3ncc4cc(-c5c(Cl)cccc5Cl)c(=O)n(C)c4n3)cc2)CC1,6.3279023,5.463761,0.86414146
CCNC(=O)Nc1nc2ccc(-c3ccccc3OC(F)(F)F)cc2s1,4.6369524,4.919987,-0.2830348
CCS(=O)(=O)N1CCc2ccc(C(=O)NCc3cc4nc(-c5cccc(N6C[C@@H](C)O[C@@H](C)C6)n5)ccc4cn3)cc21,5.1687703,4.2051253,0.963645
CO[C@H]1CN(c2ncc(C(=O)Nc3ccc(OC(F)(F)F)cc3)cc2-c2ccn[nH]2)C[C@@H]1N,5.0,5.1641417,-0.16414165
Cc1ccccc1-c1ccc2nc(NC(=O)[C@@H]3C[C@@H]3F)sc2c1,4.0,4.1061745,-0.10617447
O=C(Nc1ccc(OC(F)(F)F)cc1)c1cnc(N2C[C@H](O)[C@@H](F)C2)c(-c2ccn[nH]2)c1,5.3577332,5.15008,0.20765305
O=C(NCc1nc(-c2ccc(Cl)c(Cl)c2)c[nH]1)Nc1ncc(Sc2ccccn2)s1,9.045757,8.767894,0.2778635
O=C(O)CCCC[C@@H]1SC[C@@H]2NC(=O)N[C@@H]21,7.7447276,8.0428095,-0.29808187
CC(C)(C)OC[C@H](NC(=O)c1cccc(-c2ccc(C(=O)NC3CC3)nc2)c1)C(=O)Nc1ccc(Cl)c(C(F)(F)F)c1,6.221849,7.17311,-0.95126104
COc1ccc(C(=O)Nc2ncccn2)cc1Nc1nccc(-c2cccnc2)n1,6.6575775,7.906857,-1.2492795
CCCCCCCCCCCOc1cccc(CCC(=O)NC[C@@H](O)COP(=O)(O)OC[C@H](NC(=O)C(C)(C)C)C(=O)O)c1,8.522879,8.300138,0.22274017
O=C(Nc1ccc(OC(F)(F)F)cc1)c1cnc(N2CCOC(CO)C2)c(-c2cncnc2)c1,4.9888525,5.07399,-0.08513737
O=C(Nc1ccc(OC(F)(F)Cl)cc1)c1cnc(Cl)c(-c2cncc(F)c2)c1,4.90309,4.840696,0.062394142
N#Cc1cncc(-c2cccc(C(=O)Nc3ccc(OC(F)(F)F)cc3)c2)c1,5.5559554,5.3851514,0.17080402
Cc1ccc(NC(=O)c2cccc(C(F)(F)F)c2)cc1C#Cc1cnc2c(Nc3cnn(C)c3)nccn12,5.8607507,6.1200776,-0.25932693
Cc1ccc(NC(=O)c2ccc(CN3CCC(N(C)C)C3)c(C(F)(F)F)c2)cc1Nc1nccc(-c2cncnc2)n1,8.161781,8.548322,-0.3865404
Cc1ccc(NC(=O)c2ccc(CN3CCN(C)CC3)c(C(F)(F)F)c2)cc1Nc1nccc(-c2cncnc2)n1,5.69897,5.870626,-0.17165613
Cc1cc2cc(-c3ccn4nc(NC(=O)[C@@H]5C[C@@H]5F)cc4c3)cnc2[nH]1,6.551294,7.0006614,-0.44936752
CO[C@H]1CN(c2ccc(C(=O)Nc3ccc(OC(F)(F)F)cc3)cc2-c2cncs2)C[C@@H]1O,4.455932,4.017155,0.43877697
O=C(c1ccc(/C=C/c2n[nH]c3ccccc23)cc1)N1CCNCC1,5.0,5.847979,-0.84797907
CS(=O)(=O)n1ccc(C(=O)NCC(=O)Nc2nc(-c3cccc(-c4ccncc4)c3)cs2)c1,5.0,4.6879992,0.31200075
O=C(Nc1ccc(OC(F)(F)F)cc1)c1cnc(N2CC[C@@H](O)C2)c(-c2ccc3ccncc3c2)c1,4.539102,4.2360415,0.30306053
CSCC[C@H](NC(=O)c1ccn(S(C)(=O)=O)c1)C(=O)Nc1nc(-c2cccc(-c3ccncc3)c2)cs1,6.0,5.803683,0.1963172
Cc1ccc(C(=O)Nc2ccc(OC(F)(F)F)cc2)cc1-n1ccnc1,5.79588,5.624224,0.17165565
O=C(Nc1ccc(OC(F)(F)F)cc1)c1cnc(N2C3COCC2COC3)c(-c2cncnc2)c1,5.2596374,5.592493,-0.3328557
O=C(Nc1ccc(OC(F)(F)F)cc1)c1cnc(N2CCCNCC2)c(-c2cccnc2)c1,4.823909,4.076037,0.7478719
Cc1ccc(C(=O)Nc2ccc(CN3CCN(C)CC3)cc2)cc1C#Cc1cnc2cccnn12,5.387216,5.125913,0.26130295
O=C(Nc1ccc(OC(F)(F)F)cc1)c1cnc(N2CCCC(O)C2)c(-c2cccnc2)c1,9.2218485,9.409997,-0.1881485
COC[C@H](NC(=O)c1ccn(S(C)(=O)=O)c1)C(=O)Nc1nc(-c2cccc(-c3ccncc3)c2)cs1,4.37059,4.7860856,-0.4154954
COc1ccc(-c2cc(C(=O)Nc3ccc(OC(F)(F)F)cc3)cnc2N2CC[C@@H](O)C2)cn1,8.886057,8.727172,0.158885
Cc1ccc(C(=O)Nc2ccc(OC(F)(F)F)cc2)cc1-c1cccnc1,6.69897,6.904762,-0.20579195
Cc1cc(N)nc(C)c1-c1ccc2nc(NC(=O)[C@@H]3C[C@@H]3F)sc2c1,5.8153086,4.8499007,0.96540785
CN1CCN(c2ccc(C(=O)Nc3n[nH]c4sc(C(=O)NC(C)(C)c5ccccc5)cc34)cc2)CC1,9.346787,9.346132,0.00065517426
CN1CCN(c2ccc(C(=O)Nc3[nH]nc4sc(C(=O)NC(C)(C)c5ccccc5)cc34)cc2)CC1,8.0,8.201507,-0.20150661
N[C@]1(C(F)(F)F)CCN(c2ncc(C(=O)Nc3ccc(OC(F)(F)F)cc3)cc2-c2ccn[nH]2)C1,5.1000156,5.4730544,-0.37303877
Cc1ccncc1-c1ccc2nc(NC(=O)[C@@H]3C[C@@H]3F)sc2c1,5.055517,5.281958,-0.2264409
Cc1ccc(NC(=O)c2cccc(C(F)(F)F)c2)cc1C#Cc1cnc2c(Nc3cnn(C)c3)ccnn12,5.6382723,5.6242557,0.014016628
Cc1cccc(F)c1-c1ccc2nc(NC(=O)C3CC3)sc2c1,5.1497827,6.3584046,-1.208622
Cc1cnc(-c2cc(C(=O)Nc3ccc(OC(F)(F)F)cc3)cnc2N2CC[C@@H](O)C2)[nH]1,4.6832123,4.8763337,-0.19312143
O=C(Nc1ccc(OC(F)(F)F)cc1)c1cnc(OCCNCCO)c(-c2cncnc2)c1,3.9193735,4.454103,-0.5347295
Cc1c(-c2ccn3nc(NC(=O)[C@@H]4C[C@H]4F)cc3c2)cnc2[nH]ccc12,5.0604806,4.8543935,0.20608711
Cc1nc(Nc2ncc(C(=O)Nc3c(Cl)ccnc3C)s2)cc(N2CCN(C)CC2)n1,5.3665314,5.1584888,0.20804262
Cc1ccc(C(=O)Nc2ccc(CN3CCN(CC(=O)O)CC3)c(C(F)(F)F)c2)cc1C#Cc1cnc(C(N)=O)n1C,6.974039,8.110789,-1.1367502
O=C(Nc1cc2cc(-c3cnc4[nH]cc(Cl)c4c3Cl)ccn2n1)[C@@H]1C[C@@H]1F,4.8155355,4.941256,-0.1257205
COc1cc2ncc(C#N)c(Nc3ccc(Cl)cc3Cl)c2cc1OC,8.522879,8.728099,-0.20522022
O=C(Nc1nc2ccc(-c3ccccc3)cc2s1)[C@@H]1C[C@@H]1F,6.0,6.1149383,-0.11493826
Cc1nc(NCCO)cc(Nc2ncc(C(=O)Nc3c(Cl)ccnc3C)s2)n1,5.9792247,5.5544877,0.42473698
Cc1c(Cc2c(Cl)cccc2Cl)c(=O)ccn1CCc1ccc(-c2c[nH]c(CNC(=O)Nc3nc4ccc(S(C)(=O)=O)cc4s3)n2)cc1,5.7772837,5.8704104,-0.093126774
Nc1n[nH]c2cccc(C#Cc3cccc(NC(=O)c4ccc(N5CCOCC5)c(C(F)(F)F)c4)c3)c12,8.522879,8.92173,-0.3988514
COc1cc(Nc2c(C#N)cnc3cc(OCC4CCCN(C)C4)c(OC)cc23)c(Cl)cc1Cl,5.300515,5.9669185,-0.6664033
O=c1nc2n(c3cccc(Br)c13)-c1ccc(C3CCNCC3)cc1C21CCCCC1,7.5606675,8.186751,-0.62608385
COc1cc(OCC(=O)O)c(C)cc1SCc1ccc(OCc2ccc(C(F)(F)F)cc2)cc1,8.522879,9.034031,-0.51115227
CCCCCCCCCCCOc1cccc(CCC(=O)NC[C@@H](O)COP(=O)(O)OC[C@H](C)C(=O)O)c1,4.60206,5.0798993,-0.47783947
O=C(Nc1cn2cc(-c3cccc(F)c3OCCF)ccc2n1)[C@@H]1C[C@@H]1F,5.3565474,5.8505263,-0.49397898
COc1ccc(C(=O)Nc2ccc(F)c(Cl)c2)cc1Nc1nccc(-c2cccnc2)n1,7.3496923,7.9329314,-0.5832391
CC(C)n1cnc2cc(C(=O)Nc3ccc(OC(F)(F)Cl)cc3)nc(-c3cncnc3)c21,7.2373214,7.6905193,-0.45319796
COc1ccc(C(=O)Nc2ccc(Br)cc2)cc1Nc1nccc(-c2cccnc2)n1,4.797158,4.5076346,0.28952312
COc1ccc(Cc2ccccc2O[C@@H]2O[C@H](CO)[C@@H](O)[C@H](O)[C@H]2O)cc1,5.0,5.441977,-0.44197702
CC(=O)Nc1nc2ccc(-c3cn([C@@H]4CN[C@H](C(=O)Nc5ccc(Cl)cc5Cl)C4)nn3)nc2s1,4.853872,4.4606357,0.39323616
Cc1ccc(C(=O)Nc2ccc(CN3CCN(C)CC3)c(C(F)(F)F)c2)cc1C#Cc1cnc2[nH]nc(-c3ccccc3)c2c1,7.2006593,7.846632,-0.6459727
COCCN1CCN(Cc2ccc(NC(=O)c3ccc(C)c(C#Cc4cnc(C(N)=O)n4C)c3)cc2C(F)(F)F)CC1,8.167491,8.244428,-0.07693672
Cc1ccc(NC(=O)c2ccc(CN3CC[C@H](N(C)C)C3)c(C(F)(F)F)c2)cc1Nc1nccc(-c2cncnc2)n1,4.852262,5.4122005,-0.55993843
O=C(Nc1cn2cc(-c3ccccc3CCF)ccc2n1)[C@@H]1C[C@@H]1F,4.468521,4.707948,-0.23942709
O=C(Nc1ccc(OC(F)(F)F)cc1)c1cnc(Cl)c(-c2cncc(F)c2)c1,5.0,5.3660054,-0.36600542
Cc1ccc(C(=O)Nc2cccc(C(F)(F)F)c2)cc1C#Cc1cnc2c(Nc3cnn(C)c3)ccnn12,4.026415,3.8844614,0.14195347
Cc1cn(-c2cc(C(=O)Nc3ccc(C)c(C#Cc4cnc5c(Nc6cnn(C)c6)nccn45)c3)cc(C(F)(F)F)c2)cn1,4.88773,4.7136397,0.17409039
Nc1cnc(Cl)cc1NC(=O)Nc1cc(C(F)F)ns1,9.130768,9.267303,-0.13653564
Nc1cnc(F)cc1NC(=O)Nc1cc(C(F)F)ns1,4.39794,3.9316583,0.4662819
O=C(Nc1cc(C(F)F)ns1)Nc1cc(F)ncc1CO,5.673664,5.900451,-0.22678709
O=C(Nc1ccc(OC(F)(F)F)cc1)c1cnc(Cl)c(-c2ncc[nH]2)c1,9.207608,9.523395,-0.31578636
O=C(Nc1ccnc(Cl)c1)Nc1cc(C(F)F)ns1,4.30103,5.7502437,-1.4492135
O=C(Nc1cc(C(F)F)ns1)Nc1cc(Cl)ncc1CO,6.879426,6.998729,-0.11930323
O=C(Nc1ccc(OC(F)(F)F)cc1)c1cnc(N2CCOC(CO)C2)c(-c2ccn[nH]2)c1,5.429457,5.468591,-0.039134026
Cc1ccc(C(=O)Nc2ccc(CN3CCN(C)CC3)c(C(F)(F)F)c2)cc1C#Cc1cn(C(C)C)c2ncnc(N)c12,5.0080214,4.7738233,0.2341981
Cc1ccc(C(=O)Nc2ccc(CN3CCN(C)CC3)c(C(F)(F)F)c2)cc1C#Cc1cn(C)c2ncnc(N)c12,5.184223,5.1450024,0.03922081
CN(CCOc1ccc(Cc2sc(=O)[nH]c2O)cc1)c1ccccn1,4.916139,4.759936,0.15620327
Cc1ccc(C(=O)Nc2ccc(CN3CCN(C)CC3)c(C(F)(F)F)c2)cc1C#Cc1cn([C@H]2CC[C@H](O)CC2)c2ncnc(N)c12,5.60206,5.1964536,0.40560627
COC[C@H](NC(=O)c1ccn(S(C)(=O)=O)c1)C(=O)Nc1nc(-c2cccc(N3C[C@@H](C)O[C@@H](C)C3)n2)cs1,6.707744,6.563706,0.1440382
O=C(Nc1ccc(OC(F)(F)F)cc1)c1cnc(N2CCOCC2)c(-c2ccn[nH]2)c1,2.9172146,2.8465161,0.0706985
O=C(Nc1ccc(OC(F)(F)F)cc1)c1cnc(N2CCC[C@@H](O)C2)c(-c2cccnc2)c1,4.0,4.7078586,-0.70785856
Cc1ccc(NC(=O)c2ccc(CN3CCN(C)CC3)c(C(F)(F)F)c2)cc1C#Cc1cn(C)c2ncnc(N)c12,4.026341,4.1312537,-0.10491276
Cc1ccc(NC(=O)c2ccc(CN3CCN(C)CC3)c(C(F)(F)F)c2)cc1C#Cc1cn([C@H]2CC[C@H](O)CC2)c2ncnc(N)c12,6.124939,6.749271,-0.62433195
N#Cc1ccc(-c2cc(C(=O)Nc3ccc(OC(F)(F)F)cc3)cnc2N2CC[C@H](CO)C2)cn1,6.0,5.7457204,0.2542796
Cc1ccc(C(=O)Nc2cccc(C(F)(F)F)c2)cc1C#Cc1cn(C)c2ncnc(N)c12,4.534617,4.9335046,-0.39888763
Cc1ccc(C(=O)Nc2cccc(C(F)(F)F)c2)cc1C#Cc1cn([C@H]2CC[C@H](O)CC2)c2ncnc(N)c12,5.627088,5.781051,-0.15396309
Cc1ccc(NC(=O)c2cccc(C(F)(F)F)c2)cc1Nc1nccc(-c2cccnc2)n1,5.376751,5.361525,0.015225887
Cc1cn(-c2cc(NC(=O)c3ccc(C)c(C#Cc4cnc(NC5CC5)nc4)c3)cc(C(F)(F)F)c2)cn1,4.0,4.401306,-0.40130615
CCn1cc(C#Cc2cccc(C(=O)Nc3cccc(C(F)(F)F)c3)c2)c2c(N)ncnc21,6.221849,6.8038955,-0.5820465
CCn1cc(C#Cc2cc(C(=O)Nc3ccc(CN4CCN(C)CC4)c(C(F)(F)F)c3)ccc2C)c2c(N)ncnc21,5.954677,6.6312575,-0.6765804
CCn1cc(C#Cc2cc(C(=O)Nc3cccc(C(F)(F)F)n3)ccc2C)c2c(N)ncnc21,5.0,4.7045455,0.2954545
Cc1cn(-c2cc(NC(=O)c3ccc(C)c(C#Cc4cn(C)c5ncnc(N)c45)c3)cc(C(F)(F)F)c2)cn1,6.455932,7.1671453,-0.7112131
CCn1cc(C#Cc2cc(C(=O)Nc3ccc(CN(C)C)c(C(F)(F)F)c3)ccc2C)c2c(N)ncnc21,7.7447276,8.248822,-0.5040946
CC(C)c1cc(CNc2nc(Nc3cc(C4CC4)[nH]n3)cc(N3CCN(C)CC3)n2)on1,5.4463596,5.4595585,-0.013198853
CC1(C)CC(NC(=O)c2cccc(-c3cc4nccc(Nc5cccc(O)c5)n4n3)c2)CC(C)(C)N1[O],6.4436975,6.8422103,-0.39851284
Nc1ncnc2c1c(-c1cccc(O)c1)cn2C1CCC1,4.3297544,4.2003617,0.12939262
Cc1ccc(-c2cc(C(=O)Nc3ccc(OC(F)(F)F)cc3)cnc2N2CC[C@@H](CN)C2)cn1,6.0,6.1231055,-0.123105526
O=c1[nH]c(N2CCC3(CC2)CC(O)C3)nc2cc(OCC3CC3)cc(F)c12,8.107905,8.620591,-0.5126858
Cc1ncccc1-c1cc(C(=O)Nc2ccc(OC(F)(F)F)cc2)cnc1N1CC[C@@H](O)C1,9.376751,9.343681,0.03306961
CCn1cc(C#Cc2cc(NC(=O)c3cccc(C(F)(F)F)c3)ccc2C)c2c(N)ncnc21,6.6777806,6.73461,-0.056829453
CCn1cc(C#Cc2cc(NC(=O)c3cc(-n4cnc(C)c4)cc(C(F)(F)F)c3)ccc2C)c2c(N)ncnc21,7.7447276,7.836166,-0.09143829
CCn1cc(C#Cc2cc(NC(=O)c3ccc(CN4CCN(C)CC4)c(C(F)(F)F)c3)ccc2C)c2c(N)ncnc21,9.1549015,9.4192705,-0.264369
COC[C@@H](NC(=O)c1ccn(S(C)(=O)=O)c1)C(=O)Nc1nc(-c2cccc(N3C[C@@H](C)O[C@@H](C)C3)n2)cs1,4.823909,5.1536903,-0.32978153
CN(CCO)c1ncc(C(=O)Nc2ccc(OC(F)(F)F)cc2)cc1-c1cncc(C#N)c1,5.7999706,5.673737,0.12623358
C[C@@H]1CN(c2cccc(-c3csc(NC(=O)CNC(=O)c4ccn(C(C)(C)C)c4)n3)n2)C[C@H](C)O1,5.5243287,5.151253,0.3730755
CCn1cc(C#Cc2cc(C(=O)Nc3cccc(C(F)(F)F)c3)ccc2C)c2c(N)ncnc21,5.823909,5.6540647,0.16984415
CCC(C)(Cc1ccc(OCCCOc2ccc(Oc3ccc(F)cc3)cc2Cl)cc1)C(=O)O,6.623423,6.3749967,0.24842644
Cc1ccc(C(=O)Nc2ccc(C)c(C(F)(F)F)c2)cc1C#Cc1cn([C@H]2CC[C@H](O)CC2)c2ncnc(N)c12,4.823909,4.4510484,0.37286043
Cc1ccc(NC(=O)c2ccc(CN3CCN(C)CC3)c(C(F)(F)F)c2)cc1Nc1nccc(-c2cccnc2)n1,6.3467875,6.0710607,0.2757268
O=C(Nc1ccc(OC(F)(F)Cl)cc1)c1cnc(NC[C@H](O)CCO)c(-c2ccn[nH]2)c1,6.452225,5.898798,0.5534272
Cc1ccnc(F)c1-c1ccc2nc(NC(=O)[C@@H]3C[C@@H]3F)sc2c1,4.69897,4.5808163,0.11815357
O=C(Nc1nc2ccc(-c3cnc4[nH]ncc4c3)cc2s1)C1CC1,5.145451,6.129843,-0.98439217
O=C(NCc1nc(-c2cccc(Br)c2)c[nH]1)Nc1ncc(Sc2ccccn2)s1,5.0,5.9885716,-0.98857164
O=C(Nc1ccc(OC(F)(F)Cl)cc1)c1cnc(NCCC(O)C(=O)O)c(-c2ccn[nH]2)c1,6.0,5.959991,0.04000902
CN(CCO)c1ncc(C(=O)Nc2ccc(OC(F)(F)F)cc2)cc1-c1cccnc1,5.617983,5.2009416,0.4170413
CCCCCCCCCCCOc1cccc(CCC(=O)NC[C@@H](O)COP(=O)(O)OC[C@H](NC(=O)CCC)C(=O)O)c1,6.856985,7.296817,-0.43983173
Cc1ccc(NC(=O)c2ccc3c(c2)CCC3N2CCN(C(C)C)CC2)cc1Nc1nccc(-c2cccnc2)n1,4.1384654,4.3737717,-0.23530626
COc1cc(-c2c(C)cccc2C)cc(C(C)C#Cc2c(C)nc(N)nc2N)c1,8.920818,8.425908,0.49491024
O=C(C1CC1)N1CCC2(CC1)CN(c1nc3cc(OCC4CC4)cc(F)c3c(=O)[nH]1)C2,5.2125397,4.971247,0.24129248
O=C(Nc1ccc(OC(F)(F)Cl)cc1)c1cnc(N2CCC(F)(F)C2)c(-c2ccn[nH]2)c1,5.0,5.5104623,-0.5104623
Cc1cnccc1-c1ccc2nc(NC(=O)[C@@H]3C[C@@H]3F)sc2c1,5.9871626,6.1244826,-0.13732004
COc1ncc(-c2cc(C(=O)Nc3ccc(OC(F)(F)F)cc3)ccc2N2CC[C@@H](O)C2)cn1,9.017729,9.97887,-0.9611416
CCCCCCCCCCCOc1cccc(CCC(=O)NC[C@@H](O)COP(=O)(O)OC[C@H](NC(C)=O)C(=O)O)c1,6.0,6.124957,-0.124957085
CCNC(=O)Nc1nc2ccc(-c3ccc(OC)cc3)cc2s1,4.632644,4.158566,0.47407818
O=C(Nc1ccc(OC(F)(F)Cl)cc1)c1cnc(NCC(O)CCO)c(-c2ccn[nH]2)c1,6.737549,7.433824,-0.69627523
O=C(Nc1ccc(OC(F)(F)Cl)cc1)c1cnc(NC[C@@H](O)CCO)c(-c2ccn[nH]2)c1,6.0457573,5.237471,0.8082862
CC(c1ccccc1)n1cc(-c2cc(-c3ccccc3O)nnc2N)cn1,4.211761,4.4472785,-0.2355175
Cc1ccc(NC(=O)c2ccc3c(c2)CCC3N2CCN(C)CC2)cc1Nc1nccc(-c2cccnc2)n1,7.4089355,7.355064,0.05387163
CC(=O)Nc1n[nH]c2cc(-c3cn([C@@H]4CN[C@H](C(=O)Nc5ccc(Br)cc5)C4)nn3)ccc12,9.20066,9.493623,-0.29296303
CCn1cc(-c2ccc3c(c2)ncn3-c2cc(OC)c(C(N)=O)c(OC)c2)cn1,7.60206,7.574633,0.02742672
COc1ccncc1-c1ccc2nc(NC(=O)[C@@H]3C[C@@H]3F)sc2c1,6.39794,6.5272136,-0.12927341
Cc1ccc(C(=O)Nc2ccc(CN3CCN(C)CC3)c(C(F)(F)F)c2)cc1-n1cc(-c2cnc(NC(C)C)nc2)nn1,9.638272,9.657523,-0.01925087
COc1cc(Cl)ccc1Nc1c(C#N)cnc2cc(OCCON3CCN(C)CC3)c(OC)cc12,4.823909,5.4332232,-0.60931444
CC(C)(O)C1CCN(c2ncc(C(=O)Nc3ccc(OC(F)(F)F)cc3)cc2-c2cccnc2)C1,4.481486,4.670974,-0.18948793
C[C@@H]1CN(c2cccc(-c3csc(NC(=O)CNC(=O)c4ccn(C(C)(C)C)c4)n3)n2)CCO1,5.048177,5.2337165,-0.18553972
O=C(Nc1ccc(OC(F)(F)F)cc1)c1cnc(C2=CCOCC2)c(-c2cncnc2)c1,7.274414,7.6037393,-0.3293252
CNc1ncc(C#Cc2cc(C(=O)Nc3cc(-n4cnc(C)c4)cc(C(F)(F)F)c3)ccc2C)cn1,5.966174,6.1169505,-0.15077639
CC[C@](C)(Cc1ccc(OCCCOc2ccc(Oc3ccc(F)cc3)cc2Cl)cc1)C(=O)O,5.30103,5.5915275,-0.2904973
COC[C@H](NC(=O)c1ccn(C(C)(C)C#N)c1)C(=O)Nc1nc(-c2cccc(N3C[C@@H](C)O[C@@H](C)C3)n2)cs1,4.3925447,5.337137,-0.9445925
COC[C@H](NC(=O)c1ccn(C(C)(C)C)c1)C(=O)Nc1nc(-c2cccc(N3C[C@@H](C)O[C@@H](C)C3)n2)cs1,3.20412,3.110494,0.09362602
Cc1n[nH]c2ccc(-c3cc(N[C@@H](CO)c4ccccc4)cnc3-c3ccc(F)cc3O)cc12,4.79588,4.206201,0.58967876
Cc1ccc(NC(=O)c2ccc3c(c2)CCC3N2CCNCC2)cc1Nc1nccc(-c2cccnc2)n1,4.0132284,3.4943154,0.51891303
CCNC(=O)Nc1nc2ccc(-c3ccccc3OC)cc2[nH]1,5.9292235,6.194204,-0.26498032
N#CC1(c2ncc(C(=O)Nc3ccc(OC(F)(F)F)cc3)cc2-c2cncnc2)CCC1,7.154902,7.6671824,-0.51228046
C[C@@H]1CN(c2cccc(-c3ccc4cnc(CNC(=O)c5cc6c(cn5)CCN6S(C)(=O)=O)cc4n3)n2)C[C@H](C)O1,6.3477535,5.7787642,0.5689893
CCN1CCN(C2CCc3cc(C(=O)Nc4ccc(C)c(Nc5nccc(-c6cccnc6)n5)c4)ccc32)CC1,6.0,6.3752475,-0.37524748
COc1cc2c(Nc3ccc(Cl)c(OC)n3)c(C#N)cnc2cc1OCCON1CCN(C)CC1,7.154902,6.9673033,0.1875987
O=C(Nc1ccc(OC(F)(F)F)cc1)c1cnc(N2CC[C@@H](O)C2)c(-c2ncc[nH]2)c1,8.130768,6.9967704,1.1339974
CC(=O)Nc1cccn2c(C#Cc3cc(C(=O)Nc4cc(-n5ccnc5)cc(C(F)(F)F)c4)ccc3C)cnc12,6.221849,6.4434686,-0.2216196
COc1ccc(-c2cc(OC)cc(C(C)C#Cc3c(C)nc(N)nc3N)c2)cc1,8.0,8.439384,-0.43938446
Cc1ccc(C(=O)Nc2ccc(CN3CCN(C)CC3)c(C(F)(F)F)c2)cc1C#Cc1cn(C)c(-c2ncc(C(F)(F)F)[nH]2)n1,6.530178,5.9722185,0.55795956
O=C(Nc1ccc(OC(F)(F)F)cc1)c1cccc(-c2cnc(OCCO)nc2)c1,3.8239088,3.9483633,-0.1244545
Cc1n[nH]c2ccc(-c3cc(N[C@@H](CO)c4ccccc4)cnc3-c3cc(Cl)ccc3O)cc12,7.69897,7.634133,0.06483698
Cc1ccc(NC(=O)c2cccc(C(F)(F)F)c2)cc1Nc1ncccc1-c1cc(Nc2ccc(OCCNC(=O)COCCOCCOCCOCCN)cc2)ncn1,6.0,6.1369143,-0.13691425
Cc1ccc(NC(=O)c2cccc(C(F)(F)F)c2)cc1Nc1ncccc1-c1ncnc(Nc2ccc(OCCNC(=O)COCCOCCOCCOCCN)cc2)n1,7.0,7.6053905,-0.60539055
O=C(Nc1ccc(OC(F)(F)Cl)cc1)c1cnc(NCCC(O)CO)c(-c2ccn[nH]2)c1,5.0,4.5940166,0.40598345
CCCCCCCCCCCOc1cccc(CCC(=O)NC[C@@H](O)COP(=O)(O)OC[C@H](NC(=O)CCCC)C(=O)O)c1,3.935542,4.1760325,-0.24049044
Cc1ccc(C(=O)Nc2cccc(C(F)(F)F)c2)cc1C#Cc1cnc2c(Nc3cnn(C)c3)nccn12,6.468521,6.684253,-0.2157321
CC(C)S(=O)(=O)N1CCc2ccc(C(=O)NCc3cc4nc(-c5cccc(N6C[C@@H](C)O[C@@H](C)C6)n5)ccc4cn3)cc21,5.920819,5.5075717,0.4132471
CN1CCN(Cc2ccc(-c3cnc4[nH]cc(-c5ccc6[nH]ccc6c5)c4c3)cc2)CC1,3.49485,3.4683306,0.026519299
O=C(Nc1ccc(OC(F)(F)F)cc1)c1cncc(-c2cncnc2)c1,6.958607,7.2216787,-0.26307154
Cc1cccc(C)c1/C=C/n1cnc2c(Nc3ccc(P(C)(C)=O)cc3)nc(N3CCN(C)CC3)nc21,5.2596374,5.815264,-0.55562687
Cc1ccc(C(=O)Nc2ccc(CN3CCN(C)CC3)c(C(F)(F)F)c2)cc1C#Cc1ccc(-c2ncc[nH]2)nc1,5.700057,6.264611,-0.56455374
CC(C)(C)OC(=O)N1C[C@@H](n2cc(-c3ccc4nc(N)sc4n3)nn2)C[C@H]1C(=O)Nc1ccc(Br)cc1,5.0,6.4224353,-1.4224353
CN(CCO)c1ncc(C(=O)Nc2ccc(OC(F)(F)F)cc2)cc1-c1ccn[nH]1,6.7644715,6.763268,0.001203537
Cc1ccc(C(=O)Nc2ccc(CN3CCN(C)CC3)c(C(F)(F)F)c2)cc1C#Cc1cnc2[nH]c(=O)[nH]c2c1,4.5559554,4.7188535,-0.16289806
CC(=O)Nc1nc2ccc(-c3cn([C@@H]4CN[C@H](C(=O)Nc5ccc(Br)cc5)C4)nn3)nc2s1,4.5734887,4.0380635,0.5354252
Cc1ccc(-c2cc(C(=O)Nc3ccc(OC(F)(F)F)cc3)cnc2N2CC[C@H](N)C2)cn1,4.026341,3.796296,0.23004508
Cc1cn(-c2cc(NC(=O)c3ccc(C)c(C#Cc4cnc(N)nc4)c3)cc(C(F)(F)F)c2)cn1,5.4619293,6.4315085,-0.9695792
CCC(C)(C)c1ccc(OCCCOc2ccc3c(c2)O[C@@](C)(C(=O)O)CC3)c(Cl)c1,4.3904057,4.6357913,-0.24538565
c1ccc(CN2CCC(Nc3ccc4[nH]nc(-c5nc6ccc(N7CCC(N8CCCCC8)CC7)cc6[nH]5)c4c3)CC2)cc1,3.9385476,4.325443,-0.38689518
O=C(Nc1ccc(OC(F)(F)C(F)F)cc1)c1cnc(N2CC[C@@H](O)C2)c(-c2cncc(F)c2)c1,4.087034,4.6298804,-0.5428462
Cc1cc(C)c(NC(=O)Cc2cc3ccccc3cc2C(=O)N[C@H](C(=O)O)[C@@H](C)OC(C)(C)C)c(C)c1,6.0,5.9879804,0.012019634
Nc1cnc(-c2cccc(C(=O)Nc3ccc(OC(F)(F)F)cc3)c2)cn1,5.958607,6.066644,-0.108036995
COc1ccccc1-c1c[nH]c2ncc(-c3cccc(C(=O)N(C)C)c3)cc12,7.0,7.4916806,-0.49168062
Cc1ccc(-c2cc(C(=O)Nc3ccc(OC(F)(F)C(F)F)cc3)cnc2N2CC[C@@H](O)C2)cn1,5.9746943,6.13162,-0.15692568
Cc1ccc(C(=O)Nc2ccc(Cl)cc2Cl)cc1C#Cc1cc(-c2cnn(C)c2)cnc1N,8.958608,7.0397167,1.918891
Cc1ccc(NC(=O)c2ccc(CN3CCN(C)CC3)c(Br)c2)cc1Nc1nccc(-c2cccnc2)n1,5.5622497,5.2287054,0.33354425
N#Cc1cc(-c2cc(C(=O)Nc3ccc(OC(F)(F)F)cc3)cnc2N2CCCC2)[nH]n1,4.30103,4.5185256,-0.21749544
Cc1ccc(C(=O)Nc2ccc(CN3CCN(C)CC3)c(C(F)(F)F)c2)cc1Nc1cc(-c2cccnc2)ccn1,9.522879,9.45518,0.06769848
Cc1ccc(C#N)cc1-c1ccc2nc(NC(=O)[C@@H]3C[C@@H]3F)sc2c1,6.3736596,7.282218,-0.90855837
CN(CCO/N=C1/C(=C2/C(=O)Nc3cc(Br)ccc32)Nc2ccccc21)CC(O)CO,5.0655017,5.879667,-0.8141651
CC(COc1cc(-c2ccccc2O)nnc1N)c1ccccc1,4.679854,4.7915635,-0.111709595
O=C(Nc1cc2cc(-c3cnc4[nH]cc(F)c4c3Cl)ccn2n1)[C@@H]1C[C@@H]1F,6.2628074,5.5642123,0.69859505
COc1cc(-c2ccccc2C)cc(C(C)C#Cc2c(C)nc(N)nc2N)c1,4.7999983,5.11655,-0.3165517
COc1cc(-c2ccccc2)cc(C(C)C#Cc2c(C)nc(N)nc2N)c1,6.0,5.6817775,0.31822252
Nc1ccc(-c2ccc3nc(NC(=O)C4CC4)sc3c2)cn1,6.0,4.9321895,1.0678105
CC(C)Nc1cc(-c2c(-c3ccccc3)nnn2Cc2ccccc2)ccn1,5.0,4.742604,0.25739622
O=C(Nc1nc2ccc(-c3cnccc3Cl)cc2s1)[C@@H]1C[C@@H]1F,4.8292103,5.171352,-0.34214163
Cc1ncccc1-c1ccc2nc(NC(=O)[C@@H]3C[C@@H]3F)sc2c1,8.537602,8.842502,-0.30489922
O=C(Nc1cc2cc(-c3cnc4[nH]ccc4c3Cl)ccn2n1)[C@@H]1C[C@@H]1F,4.026295,4.2373176,-0.21102238
Cc1ccc(-c2ncc[nH]2)cc1-c1ccc2nc(NC(=O)[C@@H]3C[C@@H]3F)sc2c1,5.735891,6.28371,-0.54781914
C=C(C)c1ccc(C)c(-c2ccc3nc(NC(=O)[C@@H]4C[C@@H]4F)sc3c2)c1,6.5044556,6.9197106,-0.41525507
O=C(Nc1ccc(OC(F)(F)Cl)cc1)c1cnc(NCC[C@H](O)CO)c(-c2ccn[nH]2)c1,6.0,6.59662,-0.5966201
CO[C@@H](C(=O)N1Cc2n[nH]c(NC(=O)c3ccc(N4CCN(C)CC4)cc3)c2C1)c1ccccc1,6.1307683,6.6116815,-0.48091316
Cc1c(F)cncc1-c1ccc2nc(NC(=O)C3CC3(F)F)sc2c1,5.9746943,5.903257,0.07143736
CN1CCN(Cc2ccc(C(=O)Nc3ccc(CC(=O)Nc4ccc(NC(=O)C5CC5)nc4)cc3)cc2C(F)(F)F)CC1,8.970616,8.783927,0.18668938
COc1n[nH]c2ncc(C#Cc3cc(C(=O)Nc4ccc(CN5CCN(C)CC5)c(C(F)(F)F)c4)ccc3C)cc12,5.798,5.83266,-0.03466034
CS(=O)(=O)O.Cc1ncc(NC(=O)c2ccc(CN3CCN(C)CC3)c(C(F)(F)F)c2)cc1Nc1nccc(-c2cccnc2)n1,5.4470887,5.9724054,-0.5253167
Cc1cn(-c2cc(NC(=O)c3ccc(C)c(/C=C/N4CNc5c(NC6CC6)ncnc54)c3)cc(C(F)(F)F)c2)cn1,5.129596,5.5162168,-0.38662052
CC(C)n1nc(C#Cc2cccc(O)c2)c2c(N)ncnc21,8.1549015,8.884227,-0.7293253
COC[C@H](NC(=O)c1ccn(C2(C#N)CC2)c1)C(=O)Nc1nc(-c2cccc(N3C[C@@H](C)O[C@@H](C)C3)n2)cs1,4.8462462,4.852318,-0.0060715675
CC(C)(C)[C@H](NC(=O)c1ccc(-c2cncc(C(=O)NC3CC3)c2)cc1)C(=O)Nc1ccc(Cl)c(C(F)(F)F)c1,4.69897,4.9959373,-0.2969675
COc1ncc(-c2cc(C(=O)Nc3ccc(OC(F)(F)F)cc3)ccc2Cl)cn1,9.337242,8.98878,0.3484621
C=CCS(=O)(=O)N1CCc2ccc(C(=O)NCc3cc4nc(-c5cccc(N6C[C@@H](C)O[C@@H](C)C6)n5)ccc4cn3)cc21,10.09691,9.369702,0.72720814
CCc1nc(N)nc(N)c1C#CCc1cc(OC)ccc1OC,4.8860564,5.5046606,-0.6186042
COc1ccc(C)c(Nc2c(C#N)cnc3cc(OCC4CCN(C)CC4)c(OC)cc23)c1,4.2332897,3.98984,0.24344969
O=C(Nc1ccc(OC(F)(F)F)cc1)c1cnc(N2CCNC3(CC3)C2)c(-c2ccn[nH]2)c1,7.5867033,7.661378,-0.07467461
Cc1ccnc(Cl)c1-c1ccc2nc(NC(=O)[C@@H]3C[C@@H]3F)sc2c1,7.920819,7.662313,0.25850582
COc1cc(Nc2c(C#N)cnc3cc(OCC4CCN(C)CC4)c(OC)cc23)c(C)cc1C,5.225483,5.348662,-0.12317896
Cc1ccc(-n2cccn2)cc1-c1ccc2nc(NC(=O)[C@@H]3C[C@@H]3F)sc2c1,4.90309,4.267121,0.63596916
Nc1n[nH]c2cc(-c3cn([C@@H]4CN[C@H](C(=O)Nc5ccc(Cl)cc5Cl)C4)nn3)ccc12,6.2441254,6.348128,-0.104002476
O=C(Nc1ccc(OC(F)(F)F)cc1)c1cncc(-c2cccnc2)c1,5.2132487,5.4713235,-0.25807476
COc1ccc(C(=O)Nc2ccc(OC(F)(F)F)cc2)cc1-c1ccncc1,5.461175,5.787794,-0.32661915
Nc1nnc(-c2ccccc2O)cc1C1CCCCC1,8.39794,8.741387,-0.3434477
O=c1nc2n(c3cccc(Cl)c13)-c1ccc(C3CCNCC3)cc1C21CCCCC1,6.8860564,7.486903,-0.60084677
O=C(Nc1ccc(OC(F)(F)F)cc1)c1cnc(OC2CCOCC2)c(-c2cncnc2)c1,3.69897,3.597911,0.1010592
CCc1cccc(NC(=O)CCCCCC2NC(=O)NC2C)c1,7.60206,7.754624,-0.15256405
COc1c(-c2ccn3nc(NC(=O)[C@@H]4C[C@@H]4F)cc3c2)cnc2[nH]ccc12,7.0457573,6.463776,0.5819812
COc1ccccc1-c1c[nH]c2ncc(-c3cncc(C(=O)N(C)C)c3)cc12,8.522879,8.702129,-0.17925072
Cc1ccncc1-c1ccc2nc(NC(=O)C3CC3)sc2c1,5.552842,5.336624,0.216218
CNC(=O)c1cc(Oc2ccc(NC(=O)Nc3cc(C(C)(C)C)nn3-c3ccc4c(c3)CCNC4)c(F)c2)ccn1,4.60206,4.350102,0.2519579
CC(C)(C)c1cc(NC(=O)Nc2cccc(Nc3ncnc4ccccc34)c2)n(-c2cccc([N+](=O)[O-])c2)n1,5.240015,5.620663,-0.38064814
COc1cc(CNCc2ccccn2)ccc1OCc1ccccc1F,6.0,6.183708,-0.18370819
CS(=O)(=O)n1ccc(C(=O)NCC(=O)Nc2nc(-c3cccc(N4CCOCC4)n3)cs2)c1,8.744727,8.772948,-0.02822113
Cc1ccc(NC(=O)c2ccc(CN3CCN(C)CC3)c(C(F)(F)F)c2)cc1C#Cc1cnc2ccccn12,4.7721133,4.835149,-0.06303549
COc1cc(CNCc2ccccn2)cc(Cl)c1OCc1ccc(Cl)cc1Cl,6.394695,5.7081738,0.68652105
CC(O)c1cccc(Nc2ncc3cc(-c4cc(N(C)C(=O)c5cccc(C(F)(F)F)c5)ccc4Cl)c(=O)n(C)c3n2)c1,6.823909,7.405107,-0.5811982
Cc1ccc(C(=O)Nc2ccc(OC3CCN(C)CC3)c(C(F)(F)F)c2)cc1C#Cc1cnc2ccccn12,6.0457573,5.97432,0.07143736
Cc1ccc(C(=O)Nc2ccc(CN3CCN(C)CC3)c(C(F)(F)F)c2)cc1Nc1nccc(-c2cccnc2)n1,4.283162,4.3536963,-0.07053423
COc1cc(CNCc2ccccn2)ccc1OCc1cccc(Cl)c1,4.844057,5.656569,-0.8125119
O=C(Nc1cc2cc(-c3cnc4[nH]ccc4c3Cl)ccn2n1)C1CC1,5.0,5.823259,-0.8232589
CCOc1cc(F)c2c(=O)[nH]c(NCC3CCOCC3)nc2c1,6.6575775,5.23872,1.4188576
C=CC(=O)Nc1ccc(-c2cn([C@@H]3CN[C@H](C(=O)Nc4ccc(Cl)c(C(F)(F)F)c4)C3)nn2)cn1,4.69897,4.6737485,0.025221348
CC(C)(C)OC[C@H](NC(=O)c1cccc(-c2cncc(C(=O)NC3CC3)c2)c1)C(=O)Nc1ccc(Cl)c(C(F)(F)F)c1,7.376751,7.306701,0.07004976
CC(C)(O)c1ncc(C(=O)Nc2ccc(OC(F)(F)F)cc2)cc1-c1cncnc1,7.797241,7.2705007,0.52674055
Cc1ccc(-c2nccs2)cc1-c1ccc2nc(NC(=O)[C@@H]3C[C@@H]3F)sc2c1,8.047208,8.61082,-0.563612
Cc1c(Cc2c(Cl)cccc2Cl)c(=O)ccn1CCc1ccc(-c2c[nH]c(CNC(=O)Nc3ncc(S(C)(=O)=O)s3)n2)cc1,8.251812,7.982987,0.26882505
CCc1ccc(C(=O)Nc2cc(CN3CCN(C)CC3)cc(C(F)(F)F)c2)cc1C#Cc1cnc2cnccn12,6.086186,6.229301,-0.14311504
CCOc1ncc(C(=O)Nc2ccc(OC(F)(F)F)cc2)cc1-c1cncnc1,4.0,3.7875485,0.21245146
COc1ccc(C(=O)Nc2ccc(CN3CCN(C)CC3)c(C(F)(F)F)c2)cc1C#Cc1cnc2cccnn12,5.091515,5.1112876,-0.01977253
Nc1nc2ccc(-c3cn([C@@H]4CN[C@H](C(=O)Nc5ccc(Cl)cc5Cl)C4)nn3)nc2s1,3.5228786,3.800374,-0.27749538
O=C(Nc1ccc(OC(F)(F)Cl)cc1)c1cccc(-c2cncnc2)c1,7.154902,7.0271635,0.12773848
O=C(Nc1ccc(OC(F)(F)Cl)cc1)c1cc(-c2cncnc2)c2c(c1)nc1n2C[C@@H](O)CO1,5.0655017,4.447929,0.6175728
Cc1ccncc1-c1ccc2nc(NC(=O)[C@H]3C[C@@H]3F)sc2c1,3.7469044,4.077654,-0.3307495
COc1cc(Nc2c(C#N)cnc3cc(OCCON4CCN(C)CC4)c(OC)cc23)ccc1Cl,4.675512,4.916796,-0.24128437
Cc1ccc(NC(=O)c2ccc(C)c(C(F)(F)F)c2)cc1C#Cc1cnc2c(Nc3cnn(C)c3)ccnn12,4.69897,4.8327804,-0.13381052
COc1ccc(C(=O)Nc2ccc(OC(F)(F)F)cc2)cc1-c1ccc2c(c1)OCO2,4.823909,4.725349,0.09855986
O=C(Nc1ccc(OC(F)(F)F)cc1)c1cnc(Cl)c(-c2cncnc2)c1,4.69897,4.829491,-0.1305213
Cc1ccc(C(=O)NC2=CC(Cl)C(CN3CCc4cn[nH]c4C3)C=C2)cc1C#Cc1cnc2cccnn12,5.0,5.905421,-0.9054208
CC(=O)c1sc(NC(=O)N[C@@H]2CCCC[C@H]2CN2CCC[C@@H](Cc3ccc(F)cc3)C2)nc1C,5.0,5.439503,-0.4395032
Cc1ccc(-c2cc[nH]c2)cc1-c1ccc2nc(NC(=O)[C@@H]3C[C@@H]3F)cn2c1,5.0,6.4898524,-1.4898524
Cc1c(F)cccc1-c1ccc2nc(NC(=O)[C@H]3C[C@@H]3F)cn2c1,5.0,5.5765896,-0.5765896
Cc1c(F)cccc1-c1ccc2nc(NC(=O)[C@H]3C[C@H]3F)cn2c1,4.30103,4.741941,-0.44091082
Cc1cccc(-c2ccc3nc(NC(=O)[C@@H]4C[C@@H]4F)cn3c2)c1C,5.2596374,5.1899953,0.06964207
Cc1cc2[nH]ccc2cc1-c1ccc2nc(NC(=O)[C@@H]3C[C@@H]3F)cn2c1,6.5086384,7.045302,-0.53666353
O=C(NCCC1CCCNC1)Nc1nc2ccc(C(=O)c3ccccc3)cc2[nH]1,4.0,4.175445,-0.17544508
N#Cc1c(F)cccc1-c1ccc2nc(NC(=O)[C@@H]3C[C@@H]3F)cn2c1,6.161781,5.8662295,0.2955513
Cc1cccc(F)c1-c1ccc2nc(NC(=O)[C@@H]3C[C@@H]3F)cn2c1,9.420217,9.321123,0.09909344
O=C(Nc1ccc(OC(F)(F)F)cc1)c1cnc(N2CC[C@@H](O)C2)c(-c2nccs2)c1,6.0,5.919705,0.080295086
Cc1c(F)cccc1-c1ccc2nc(NC(=O)[C@@H]3C[C@H]3F)cn2c1,3.4317982,3.9377499,-0.50595164
Cc1c(F)cccc1-c1ccc2nc(NC(=O)[C@@H]3C[C@@H]3F)cn2c1,8.30103,6.7335086,1.5675216
Cc1c(F)ccc(-c2ccc3nc(NC(=O)[C@@H]4C[C@@H]4F)cn3c2)c1C,3.3795516,4.168597,-0.7890456
Cc1c(F)ccc(F)c1-c1ccc2nc(NC(=O)[C@@H]3C[C@@H]3F)cn2c1,5.4089355,5.434817,-0.02588129
COC(=O)c1cc2cc(NC(=O)c3ccccc3Br)cnc2[nH]1,9.09691,9.043202,0.053708076
Cc1c(O)cccc1-c1ccc2nc(NC(=O)[C@@H]3C[C@@H]3F)cn2c1,4.0,4.4107957,-0.4107957
Cc1ccccc1-c1ccc2nc(NC(=O)[C@@H]3C[C@@H]3F)cn2c1,7.1487417,6.467344,0.6813979
Cc1ccc(N)cc1-c1ccc2nc(NC(=O)[C@@H]3C[C@@H]3F)cn2c1,4.6575775,4.513418,0.14415932
CNc1c(F)cccc1-c1ccc2nc(NC(=O)[C@@H]3C[C@@H]3F)cn2c1,4.30103,4.1368937,0.16413641
Cc1ccc(F)cc1-c1ccc2nc(NC(=O)[C@@H]3C[C@@H]3F)cn2c1,5.853872,6.9933753,-1.1395035
Nc1c(F)cccc1-c1ccc2nc(NC(=O)[C@@H]3C[C@@H]3F)cn2c1,4.0,3.9349217,0.06507826
Cc1cccc(Nc2cc(Cl)nc(SCC(=O)O)n2)c1C,4.0264196,4.250271,-0.2238512
CN1CCN(c2ccc(OC(F)(F)F)c(Nc3ncc4c(n3)-c3c(c(C(N)=O)nn3CCO)CC4)c2)CC1,6.0,6.0367274,-0.03672743
O=C(NCC(F)(F)F)c1cc(-c2cnn3cc(-c4ccc(OCCN5CCCCC5)cc4)cnc23)cs1,7.6716204,8.336889,-0.6652689
Cc1cc2ncoc2cc1-c1ccc2nc(NC(=O)[C@@H]3C[C@@H]3F)cn2c1,4.609065,4.647852,-0.038786888
Cc1c(F)cccc1-c1ccc2nc(NC(=O)C3CC3)cn2c1,5.978811,5.836465,0.1423459
Cc1c(F)cccc1-c1ccc2nc(NC(=O)C3CC3(F)F)cn2c1,8.522879,8.750128,-0.22724915
Cc1c(F)cncc1-c1ccc2nc(NC(=O)[C@@H]3C[C@@H]3F)cn2c1,5.0,5.1306844,-0.13068438
COc1cc(-c2ccc(C(C)(C)C)cc2)cc(C(C)C#Cc2c(C)nc(N)nc2N)c1,6.177832,5.147673,1.030159
Cc1cc(N)ncc1-c1ccc2nc(NC(=O)[C@@H]3C[C@@H]3F)cn2c1,5.782516,5.4208856,0.36163044
O=C(Nc1ccnc(Cl)c1)Nc1cc(C(F)(F)F)ns1,8.619789,8.795227,-0.17543793
Cc1ccc(Cl)cc1-c1ccc2nc(NC(=O)[C@@H]3C[C@@H]3F)cn2c1,3.09691,3.9859967,-0.8890867
COc1c(F)cccc1-c1ccc2nc(NC(=O)[C@@H]3C[C@@H]3F)cn2c1,4.277366,4.83924,-0.5618739
COc1ccncc1-c1ccc2nc(NC(=O)[C@@H]3C[C@@H]3F)cn2c1,5.539854,5.945096,-0.40524197
Cc1ccc(C)c(-c2ccc3nc(NC(=O)[C@@H]4C[C@@H]4F)cn3c2)c1,7.769807,8.391805,-0.62199783
Cc1cc(Cl)ccc1-c1ccc2nc(NC(=O)[C@@H]3C[C@@H]3F)cn2c1,5.0404816,4.918508,0.121973515
O=C(Nc1cccc(C(F)(F)F)c1)c1ccc(C2CC2)c(-c2ccc3nc(Nc4cnn(C5CC5)c4)ncc3c2)c1,9.187087,9.190646,-0.0035591125
CNc1ccc(C)c(-c2ccc3nc(NC(=O)[C@@H]4C[C@@H]4F)cn3c2)c1,5.05061,5.0433726,0.0072374344
Cc1cc2ncsc2cc1-c1ccc2nc(NC(=O)[C@@H]3C[C@@H]3F)cn2c1,5.498941,5.214495,0.28444576
Cc1c(F)cccc1-c1ccc2nc(NC(=O)[C@@H]3C[C@@H]3F)c(F)n2c1,7.318759,7.70235,-0.38359118
Cc1c(F)cc(N)cc1-c1ccc2nc(NC(=O)[C@@H]3C[C@@H]3F)cn2c1,9.244125,9.419886,-0.17576027
Cc1c(Cl)cccc1-c1ccc2nc(NC(=O)[C@@H]3C[C@@H]3F)cn2c1,6.9829664,6.7744017,0.20856476
Cc1ccc2c(c1-c1ccc3nc(NC(=O)[C@@H]4C[C@@H]4F)cn3c1)CC(=O)N2,7.2596374,7.784801,-0.52516365
Cn1cc(-c2cc(-c3ccccc3O)nnc2N)cn1,5.552842,5.40011,0.15273237
O=C(Nc1ccc(OC(F)(F)F)cc1)c1cnc(Cl)c(-c2cccnc2)c1,4.3746877,4.614453,-0.23976517
Cc1c[nH]c2ncc(-c3ccc4nc(NC(=O)[C@@H]5C[C@@H]5F)cn4c3)cc12,5.19382,4.3853498,0.80847025
Cc1cccc(C)c1-c1ccc2nc(NC(=O)[C@@H]3C[C@@H]3F)cn2c1,8.537602,8.983947,-0.44634438
COCc1c(F)cccc1-c1ccc2nc(NC(=O)[C@@H]3C[C@@H]3F)cn2c1,8.522879,8.124741,0.39813805
O=C(Nc1cn2cc(-c3cnc4[nH]ccc4c3Cl)ccc2n1)[C@@H]1C[C@@H]1F,6.7121983,6.9345264,-0.22232819
O=C(Nc1cn2cc(-c3cccc(F)c3O)ccc2n1)[C@@H]1C[C@@H]1F,9.0,8.840829,0.1591711
Cc1ccc(-n2cccn2)cc1-c1ccc2nc(NC(=O)[C@@H]3C[C@@H]3F)cn2c1,9.173925,9.363857,-0.18993187
Cc1ccc(C#N)cc1-c1ccc2nc(NC(=O)[C@@H]3C[C@@H]3F)cn2c1,5.069051,4.7102427,0.35880804
Cc1ccc(-c2ccc3nc(NC(=O)[C@@H]4C[C@@H]4F)cn3c2)c(C)c1,4.4877424,4.123734,0.36400843
CSc1c(F)cccc1-c1ccc2nc(NC(=O)[C@@H]3C[C@@H]3F)cn2c1,4.30103,5.038963,-0.7379327
Cc1ccc(-c2cc[nH]n2)cc1-c1ccc2nc(NC(=O)[C@@H]3C[C@@H]3F)cn2c1,6.0,7.7282023,-1.7282023
Cc1ccsc1-c1ccc2nc(NC(=O)[C@@H]3C[C@@H]3F)cn2c1,6.600326,7.026447,-0.42612076
O=C(Nc1cn2cc(-c3cccc(F)c3F)ccc2n1)[C@@H]1C[C@@H]1F,6.49485,6.5762234,-0.081373215
O=C(Nc1cn2cc(-c3cccc(F)c3C3CC3)ccc2n1)[C@@H]1C[C@@H]1F,3.2596374,2.9657102,0.2939272
Cc1cccc(Cl)c1-c1ccc2nc(NC(=O)[C@@H]3C[C@@H]3F)cn2c1,4.30103,4.139873,0.16115713
Cc1ccc(NC(=O)c2ccc(CN3CCN(C)CC3)c(I)c2)cc1Nc1nccc(-c2cccnc2)n1,4.312471,4.503004,-0.19053316
Cc1ccc(NC(=O)c2ccc(CN3CCN(C)CC3)c(Cl)c2)cc1Nc1nccc(-c2cccnc2)n1,5.207608,4.9974475,0.21016073
Cc1ccc(O)cc1-c1ccc2nc(NC(=O)[C@@H]3C[C@@H]3F)cn2c1,6.6382723,6.5814514,0.05682087
CC[C@@](C)(Cc1ccc(OCCCOc2ccc(OCC(F)(F)F)cc2Cl)cc1)C(=O)O,4.30103,5.023392,-0.72236204
Cc1c(-c2ccc3nc(NC(=O)[C@@H]4C[C@@H]4F)cn3c2)ccc(Cl)c1F,5.6777806,5.9430165,-0.2652359
Cc1ccc2[nH]ccc2c1-c1ccc2nc(NC(=O)[C@@H]3C[C@@H]3F)cn2c1,9.09691,9.728139,-0.63122845
CN1CCN(Cc2ccc(NC(=O)CNc3ccc(-c4ccc(NC(=O)C5CC5)nc4)cc3F)cc2C(F)(F)F)CC1,5.6777806,6.156035,-0.47825432
Cc1c(-c2ccc3nc(NC(=O)[C@@H]4C[C@@H]4F)cn3c2)ccc(F)c1F,4.5044556,4.4059596,0.09849596
Cc1c(-c2ccc3nc(NC(=O)[C@@H]4C[C@@H]4F)cn3c2)ccc2ncsc12,5.2596374,5.413652,-0.15401459
Cc1c(-c2ccc3nc(NC(=O)[C@@H]4C[C@@H]4F)cn3c2)cnc2[nH]ccc12,5.481486,5.9094396,-0.42795372
O=C(Nc1cn2cc(-c3cccc(F)c3CO)ccc2n1)[C@@H]1C[C@@H]1F,4.90309,4.697706,0.20538378
COC(=O)c1ccc(C)c(-c2ccc3nc(NC(=O)[C@@H]4C[C@@H]4F)cn3c2)c1,4.026383,4.4533286,-0.4269457
Cc1ccc2[nH]cc(C)c2c1-c1ccc2nc(NC(=O)[C@@H]3C[C@@H]3F)cn2c1,7.432033,7.1334615,0.2985716
CCc1c(F)cccc1-c1ccc2nc(NC(=O)[C@@H]3C[C@@H]3F)cn2c1,4.0,4.0172706,-0.017270565
O=C(CN1CCC(SCc2nc3cc(NC4CCCC4)cc(F)c3c(=O)[nH]2)CC1)NCCCCCCNc1cccc2c1C(=O)N(C1CCC(=O)NC1=O)C2=O,7.091515,7.3157477,-0.22423267
Cc1cc(F)ccc1-c1ccc2nc(NC(=O)[C@@H]3C[C@@H]3F)cn2c1,7.30103,7.7918453,-0.49081516
Cc1cc(F)cc(C)c1-c1ccc2nc(NC(=O)[C@@H]3C[C@@H]3F)cn2c1,8.026872,8.088294,-0.061422348
Cc1cc(F)c(O)cc1-c1ccc2nc(NC(=O)[C@@H]3C[C@@H]3F)cn2c1,4.7721133,4.4499693,0.32214403
c1csc(CNc2ccc3[nH]nc(-c4nc5ccc(N6CCC(N7CCCCC7)CC6)cc5[nH]4)c3c2)n1,3.1739252,3.4718635,-0.29793835
O=C(Nc1cn2cc(-c3cnc4[nH]ccc4c3)ccc2n1)[C@@H]1C[C@@H]1F,4.5751185,4.7088733,-0.13375473
Cn1cc(-c2cnc3c(-c4csc(C(=O)NCC(F)(F)F)c4)cnn3c2)cn1,5.207608,4.8991866,0.3084216
O=C(Nc1nc2ccc(-c3cn([C@@H]4CN[C@H](C(=O)Nc5ccc(Br)cc5)C4)nn3)nc2s1)C1CC1,4.782516,4.9829383,-0.20042229
Cc1ccc(C(=O)NC2=CC(Cl)C(CN3CC4C=NNC4C3)C=C2)cc1C#Cc1cnc2cccnn12,5.6631403,6.0295157,-0.36637545
CC(C)(C)OC(=O)N1C[C@@H](n2cc(-c3ccc4nc(N)sc4n3)nn2)C[C@H]1C(=O)Nc1ccc(Cl)c(C(F)(F)F)c1,5.229148,5.2994194,-0.07027149
Cc1ccc(NC(=O)c2ccc(CN3CCC(CN(C)C)C3)c(C(F)(F)F)c2)cc1Nc1nccc(-c2cncnc2)n1,4.3665314,4.611833,-0.24530172
O=C(Nc1ccc(OC(F)(F)F)cc1)c1cnc(N2CC3CN(CCO)CC3C2)c(-c2cncnc2)c1,5.90309,6.1250243,-0.22193432
C[C@@H]1CN(c2cccc(-c3csc(NC(=O)CNC(=O)c4ccn(C(C)(C)C)c4)n3)n2)C[C@@H](C)O1,4.0,4.416425,-0.41642523
CCc1ccc(-c2cc(C(=O)Nc3ccc(OC(F)(F)F)cc3)cnc2N2CC[C@H](CO)C2)cn1,7.3467875,7.4806857,-0.13389826
CCNC(=O)Nc1nc2ccc(-c3c(OC)cccc3OC)cc2[nH]1,7.823909,7.415875,0.40803385
OC[C@H]1C[C@@H](Oc2ccccc2Cc2ccc(C3CC3)cc2)[C@H](O)[C@@H](O)[C@@H]1O,4.087247,4.344142,-0.25689507
COc1cc(C(C)(C)C#Cc2c(C)nc(N)nc2N)cc(OC)c1OC,9.2218485,9.024105,0.19774342
CN1CCOc2ccc(cc2)C(=O)NCc2ccc(F)c(c2)C(=O)N[C@@H](CC(C)(C)C)C(=O)Nc2ccc(cc2)CCN(C)C(=O)CC(C)(C)CC1=O,4.49485,5.26464,-0.7697897
O=C(Nc1ccc(S(=O)C(F)(F)F)cc1)c1cnc(N2CC[C@@H](O)C2)c(-c2cncc(F)c2)c1,4.7212462,4.6452646,0.07598162
Cc1ccc(O)c(C)c1-c1cc(-c2cc(F)nc(N3CC[C@@H](N)C3)c2)cc(C(N)=O)c1N,4.199283,4.291904,-0.09262085
CC(C)(C)OC[C@H](NC(=O)c1ccc(-c2ccnc(C(=O)NC3CC3)c2)cc1)C(=O)Nc1ccc(Cl)c(C(F)(F)F)c1,5.79588,5.398675,0.39720488
O=C(Nc1cc2cc(-c3cnc4[nH]ccc4c3F)ccn2n1)[C@@H]1C[C@@H]1F,6.0,6.240993,-0.24099302
Cc1ccncc1-c1ccc2nc(NC(=O)C3CC3(F)F)sc2c1,4.236572,5.606492,-1.3699203
Cc1cc(-c2ccc3nc(NC(=O)[C@@H]4C[C@@H]4F)sc3c2)sn1,6.0,6.4318156,-0.43181562
Cc1c(F)cncc1-c1ccc2nc(NC(=O)C3CCC3)sc2c1,8.522879,8.957939,-0.4350605
Cc1cccc(C)c1-c1ccc2nc(NC(=O)[C@@H]3C[C@@H]3F)sc2c1,5.8219547,5.666807,0.15514755
Cc1ccc(Cn2nc(CCCc3ccc(OC(C)(C)C(=O)O)cc3)n(C)c2=O)cc1C,6.7695513,6.861028,-0.09147692
CC1(C)c2cc(C3CCNCC3)ccc2-n2c1nc(=O)c1c(Cl)cccc12,9.744727,10.30766,-0.56293297
Cc1ccc(NC(=O)c2ccc(CN3CC[C@@H](N(C)C)C3)c(C(F)(F)F)c2)cc1Nc1nccc(-c2cncnc2)n1,5.180456,6.1165204,-0.93606424
CN1CCN(Cc2ccc(NC(=O)Nc3cc(C#Cc4cnc5ccccn45)n(C)n3)cc2C(F)(F)F)CC1,3.39794,3.4076233,-0.009683371
Cc1ccc(NC(=O)c2ccc3c(c2)CCC3N2CCN(CCO)CC2)cc1Nc1nccc(-c2cccnc2)n1,8.091515,8.280396,-0.18888187
O=C(Nc1ccc(OC(F)(F)F)cc1)c1cnc(NCCCO)c(-c2cncnc2)c1,5.154902,5.342767,-0.18786478
CCc1ccc(C(=O)Nc2cc(CN3CCN(C)CC3)cc(C(F)(F)F)c2)cc1C#Cc1cnc2cccnn12,7.2395773,7.8744035,-0.6348262
O=C(Nc1ccc(OC(F)(F)F)cc1)c1cnc(NCCCO)c(-c2cccnc2)c1,7.5850267,8.01357,-0.4285431
COc1ccc(-c2cc(C(=O)Nc3ccc(OC(F)(F)F)cc3)cnc2NCCCO)cn1,4.026341,4.259954,-0.23361301
Cc1ccc(C(=O)Nc2ccc(CN3CCN(CCO)CC3)c(C(F)(F)F)c2)cc1C#Cc1cnc2cccnn12,8.4957,9.336659,-0.84095955
CN1C(=O)c2sccc2N(C)c2nc(Nc3ccc(S(N)(=O)=O)cc3)ncc21,5.2204037,5.669311,-0.44890738
COc1cc2c(Nc3cc(OC)c(OC)c(OC)c3)c(C#N)cnc2cc1OCC1CCN(C)CC1,6.920819,7.560554,-0.6397352
COc1ncc(-c2cc(C(=O)Nc3ccc(OC(F)(F)F)cc3)ccc2F)cn1,4.30103,4.6316767,-0.3306465
CS(=O)(=O)n1ccc(C(=O)NCC(=O)Nc2nc(-c3cccc(N4CCCC4)n3)cs2)c1,5.2342606,6.3535295,-1.1192689
COC(=O)c1ccc2c(C(Nc3ccc(N(C)C(=O)CN4CCN(C)CC4)cc3)c3ccccc3)c(O)[nH]c2c1,9.30103,9.504938,-0.20390797
CC(=O)Nc1ncc(C#Cc2cc(C(=O)Nc3ccc(CN4CCN(C)CC4)c(C(F)(F)F)c3)ccc2C)s1,5.5850267,5.582994,0.0020327568
Nc1ncc(-c2cnn(CCO)c2)c2scc(-c3ccc(NC(=O)Nc4cccc(F)c4)cc3)c12,9.431798,9.979663,-0.5478649
CSc1c(-c2ccn3nc(NC(=O)[C@@H]4C[C@@H]4F)cc3c2)cnc2[nH]ccc12,5.034328,4.9486794,0.08564854
CCc1c(-c2ccn3nc(NC(=O)[C@@H]4C[C@@H]4F)cc3c2)cnc2[nH]ccc12,6.0,6.2204833,-0.2204833
Cc1ccncc1-c1ccc2nc(NC(=O)[C@H]3C[C@H]3F)sc2c1,5.0,4.9664645,0.03353548
O=C(Nc1cc2cc(-c3cnc4[nH]ccc4c3Cl)ccn2n1)[C@H]1C[C@@H]1F,7.8268137,7.7762427,0.050570965
Cc1ccc(C(=O)Nc2ccc(CN3CCN(C)CC3)c(C(F)(F)F)c2)cc1-n1cc(-c2cnc(NC3CCCCC3)nc2)nn1,7.0649967,7.7078686,-0.64287186
CCCCCCCCCCCOc1cccc(CCC(=O)NC[C@@H](O)COP(=O)(O)OC[C@@H](C)C(=O)O)c1,4.9746943,6.3324485,-1.3577542
C[C@H]1CN(c2cccc(-c3csc(NC(=O)CNC(=O)c4ccn(C(C)(C)C)c4)n3)n2)CCO1,8.920818,8.857497,0.06332111
O=c1nc2n(c3cccc(Cl)c13)-c1ccc(C3CCNCC3)cc1C21CCCC1,8.634528,8.00758,0.62694836
Cc1nc(Nc2ncc(C(=O)Nc3c(C)ccnc3C)s2)cc(N2CCN(CCO)CC2)n1,6.835647,6.811999,0.023648262
Cc1ccc(C(=O)Nc2ccc(CN3CCCN(C)CC3)c(C(F)(F)F)c2)cc1C#Cc1cnc2ccccn12,4.0264935,3.805309,0.22118449
Cc1ccc(NC(=O)c2ccc(CN3CCN(CCO)CC3)c(C(F)(F)F)c2)cc1C#Cc1cnc2ccccn12,6.026872,6.137571,-0.1106987
O=C(Nc1ccc(OC(F)(F)Cl)cc1)c1cnc(NCC[C@@H](O)CO)c(-c2ccn[nH]2)c1,5.0,5.2398205,-0.23982048
O=C(Nc1ccc(OC(F)(F)F)cc1)c1ccc(F)c(-c2cccnc2)c1,6.0,5.7237463,0.2762537
CS(=O)(=O)n1ccc(C(=O)NCC(=O)Nc2nc(-c3cccc(N4CCCCC4)n3)cs2)c1,6.0604806,6.2228684,-0.16238785
O=C(Nc1ccc(OC(F)(F)F)cc1)c1ccc(Cl)c(-c2cccnc2)c1,5.0,5.4146523,-0.41465235
O=C(Nc1ccc(OC(F)(F)F)cc1)c1ccc(O)c(-c2cncnc2)c1,4.30103,4.412576,-0.11154604
O=C(Nc1cc2cc(-c3cnc4[nH]ccc4c3C3CC3)ccn2n1)[C@@H]1C[C@@H]1F,4.308892,4.5215974,-0.21270561
NC(=O)C1CCN(c2ncc(C(=O)Nc3ccc(OC(F)(F)F)cc3)cc2-c2cncnc2)CC1,5.552842,5.7918983,-0.23905611
Cc1cc(F)ncc1-c1ccc2nc(NC(=O)[C@@H]3C[C@@H]3F)sc2c1,4.5999975,4.7553105,-0.15531301
Cc1nsc(-c2ccc3nc(NC(=O)[C@@H]4C[C@@H]4F)sc3c2)c1C,9.481486,9.734661,-0.25317478
O=C(Nc1cc2cc(-c3cnc4[nH]ccc4c3Cl)ccn2n1)[C@H]1C[C@H]1F,4.954286,4.9018826,0.05240345
CCN1CCN(Cc2ccc(NC(=O)c3ccc(C)c(C#Cc4cnc5cccnn45)c3)cc2C(F)(F)F)CC1,5.79588,6.253882,-0.4580021
Cc1ccncc1-c1cc2sc(NC(=O)[C@@H]3C[C@@H]3F)nc2cc1F,7.167491,6.9694095,0.1980815
Nc1n[nH]c2cccc(-c3ccc(C(=O)N4CCN(C(=O)c5ccc(Cl)cc5Cl)CC4)cc3)c12,4.2027326,4.306955,-0.1042223
CSCC[C@H](NC(=O)c1ccc(N)cc1)C(=O)Nc1nc(-c2cccc(-c3ccncc3)c2)cs1,5.2090116,5.8283734,-0.6193619
CN1CCN(Cc2ccc(NC(=O)Nc3cc(C#Cc4cccnc4)n(C)n3)cc2C(F)(F)F)CC1,9.49485,9.370696,0.12415409
Cc1ccc(C(=O)Nc2ccc(CN3CCNCC3)c(C(F)(F)F)c2)cc1C#Cc1cnc2ccccn12,5.0,5.4677877,-0.46778774
CCNC(=O)Nc1nc2ccc(-c3ccccc3OC)nc2s1,4.133967,4.3837667,-0.24979973
Cc1ccc(NC(=O)c2cccc(C(F)(F)F)c2)cc1-n1cc(-c2cccnc2)cn1,7.4202166,7.564276,-0.14405966
CCN(CC)C(=O)c1cncc(-c2cn([C@@H]3CN[C@H](C(=O)Nc4ccc(Cl)c(C(F)(F)F)c4)C3)nn2)c1,4.6999917,5.120456,-0.42046452
Cc1c(F)cccc1NC(=O)CCCCCC1NC(=O)NC1C,6.89279,7.877871,-0.9850812
Cc1nc(Nc2ncc(C(=O)Nc3ncccc3C)s2)cc(N2CCN(CCO)CC2)n1,6.0,5.8328843,0.16711569
Cc1ccc(NC(=O)CCCCCC2NC(=O)NC2C)cc1,8.408936,8.714915,-0.30597973
Cc1nc(Nc2ncc(C(=O)Nc3cccnc3C)s2)cc(N2CCN(CCO)CC2)n1,5.468521,6.683905,-1.215384
Cc1ccc(-c2ccc3nc(NC(=O)[C@@H]4C[C@@H]4F)sc3c2)c2cn[nH]c12,4.008774,4.7088666,-0.7000928
CC(C)(C)OC(=O)N1C[C@@H](n2cc(-c3ccc4nc(N)sc4n3)nn2)C[C@H]1C(=O)Nc1ccc(Cl)cc1Cl,4.30103,4.2606955,0.0403347
C[C@H](Oc1cc(-c2ccccc2O)nnc1N)c1ccccc1,7.920819,7.477483,0.443336
CN1CCN(Cc2ccc(NC(=O)c3ccc(C4CC4)c(-n4cc(-c5cnc6[nH]ncc6c5)nn4)c3)cc2C(F)(F)F)CC1,7.823909,7.7474303,0.07647848
CC[C@]1(C(=O)O)CCc2ccc(OCCCOc3ccc(C4CCCCC4)cc3Cl)cc2O1,5.427593,4.7120013,0.7155919
Cc1ccc(C(=O)Nc2ccc(CN3CC[C@H](N(C)C)C3)c(C(F)(F)F)c2)cc1C#Cc1cnc2ccccn12,4.026383,3.8127367,0.21364617
CCNC(=O)Nc1nc2cc(OC)c(-c3ccccc3OC)cc2s1,4.026341,3.9966433,0.029697657
CC1(C)c2ccc(C3CCNCC3)cc2-n2c1nc(=O)c1c(Cl)cccc12,5.0540886,5.2716165,-0.21752787
Cn1c(CCCc2ccc(OC(C)(C)C(=O)O)cc2)nn(Cc2ccc(C(C)(C)C)cc2)c1=O,6.0,6.05157,-0.05156994
Nc1n[nH]c2cc(-c3cn([C@@H]4CN[C@H](C(=O)Nc5ccc(Cl)c(C(F)(F)F)c5)C4)nn3)ccc12,5.0,5.382699,-0.382699
O=S(=O)(c1ccc(C(F)(F)F)cc1)N1CCN(c2nc(Cl)ncc2Br)CC1,4.49485,4.637708,-0.14285803
COc1cc2c(Nc3cccc(OC)c3F)c(C#N)cnc2cc1OCCON1CCN(C)CC1,7.756962,8.101075,-0.34411335
CC1NC(=O)NC1CCCCCC(=O)Nc1ccc(F)c(Cl)c1,4.6903696,4.951917,-0.26154757
Cc1cn(-c2cc(C(=O)Nc3cccc(C#Cc4cccc5[nH]nc(N)c45)c3)cc(C(F)(F)F)c2)cn1,6.0,6.257354,-0.25735378
CC(C)(C)OC[C@H](NC(=O)c1ccc(-c2cncc(C(=O)NC3CC3)c2)cc1)C(=O)Nc1ccc(Cl)c(C(F)(F)F)c1,6.0457573,6.0738063,-0.028048992
CN(C)c1ccc(Nc2ncc3cc(-c4c(Cl)cccc4Cl)c(=O)oc3n2)cc1,9.468521,9.659177,-0.19065571
Nc1nc2ccc(-c3cn([C@@H]4CN[C@H](C(=O)Nc5ccc(Cl)c(C(F)(F)F)c5)C4)nn3)nc2s1,8.30103,9.238615,-0.9375849
Cc1ccc(NC(=O)c2cccc(Cl)c2)cc1-n1cc(-c2cccnc2)cn1,4.026623,4.5970454,-0.57042265
CCCn1c(CCCc2ccc(OC(C)(C)C(=O)O)cc2)nn(Cc2ccc(C)cc2)c1=O,9.283997,9.561448,-0.27745152
CCCc1c(OCCCNc2ccc(CC(=O)O)cc2)ccc2c(C(F)(F)F)noc12,9.124939,7.8786893,1.2462497
Cc1ncsc1-c1ccc([C@H](C)NC(=O)[C@@H]2C[C@@H](O)CN2C(=O)[C@@H](c2cc(N3CCC(CN4CCC(c5ccc6c(c5)C(C)(C)c5nc(=O)c7c(Cl)cccc7n5-6)CC4)CC3)no2)C(C)C)cc1,7.8860564,8.134082,-0.24802542
O=C(CCc1ccc(O)cc1)c1c(O)cc(O)cc1O[C@@H]1O[C@H](CO)[C@@H](O)[C@H](O)[C@H]1O,4.6840296,5.0295095,-0.34547997
CC(C)Cc1ccc(OCCCOc2ccc3c(c2)O[C@@](C)(C(=O)O)CC3)c(Cl)c1,4.851089,5.4736304,-0.6225414
Cc1ccc(-c2cc(C(=O)Nc3ccc(OC(F)(F)F)cc3)cnc2N2CCC(C(C)(C)O)C2)cn1,5.7166986,5.449834,0.26686478
Cc1c(Cc2c(Cl)cccc2Cl)c(=O)ccn1CCc1ccc(-c2c[nH]c(CNC(=O)Nc3ncc(Sc4ccccn4)s3)n2)cc1,7.5228786,8.255557,-0.7326784
COc1cccc(C(=O)N2CCN(C(=O)c3ccc(-c4nccs4)cc3)CC2)c1,8.987163,8.959769,0.027393341
COc1cc2c(Nc3ccc(Cl)cc3Cl)c(C#N)cnc2cc1OCC1CCN(C)CC1,6.0,5.5405293,0.45947075
O=c1oc2nc(Nc3cccc(CO)c3)ncc2cc1-c1c(Cl)cccc1Cl,4.026295,3.629365,0.39693022
CNc1ccc(C)c(-c2ccc3nc(NC(=O)[C@@H]4C[C@@H]4F)sc3c2)c1F,5.565431,5.3434033,0.22202778
CCN1CCN(Cc2ccc(C(=O)Nc3ccc(C)c(-n4cc(-c5cccnc5)cn4)c3)cc2)CC1,6.0,6.28497,-0.2849698
Cc1ccc(NC(=O)c2ccc(CN3CC(N(C)C)C3)c(C(F)(F)F)c2)cc1Nc1nccc(-c2cncnc2)n1,8.19044,7.6920085,0.49843168
Cc1c(F)cncc1-c1ccc2nc(NC(=O)C3C[C@H]3CO)sc2c1,4.50724,5.5346823,-1.0274425
COc1cc(CC#Cc2c(C)nc(N)nc2N)cc(OC)c1OC,4.30103,4.069795,0.23123503
O=C(NCCO)c1cccc(-c2cc(Nc3ccc(OC(F)(F)F)cc3)ncn2)c1,7.2596374,8.162409,-0.9027715
CNC(=O)c1ncc(C#Cc2cc(C(=O)Nc3ccc(CN4CCN(C)CC4)c(C(F)(F)F)c3)ccc2C)n1C,8.522879,8.9493,-0.42642117
CCNC(=O)Nc1nc2ccc(-c3ccccc3C)cc2[nH]1,4.0150228,3.8782954,0.13672733
COc1cc(CNCc2ccccn2)ccc1OCc1cccs1,5.69897,5.8410335,-0.14206362
CP(C)(=O)c1ccc(Nc2ncnc3c2ncn3/C=C/c2cccc3[nH]ccc23)cc1,6.39794,6.503961,-0.10602093
Cc1ccc(-c2cc(C(=O)Nc3ccc(OC(F)(F)F)cc3)cnc2N2CCC[C@@H](O)C2)cn1,5.2596374,5.730327,-0.47068977
CC(C)(C)OC(=O)N1C[C@@H](n2cc(-c3ccc4nc(N)sc4n3)nn2)C[C@H]1C(=O)Nc1ccc(F)c(F)c1,5.36251,6.2098727,-0.8473625
Cc1[nH]c(=O)[nH]c1C(=O)CCCCC(=O)O,5.0,5.250652,-0.25065184
Cc1cc(Nc2ncc3cc(-c4c(Cl)cccc4Cl)c(=O)oc3n2)ccc1F,4.30103,4.6120257,-0.31099558
Cc1cccc(F)c1-c1ccc2nc(NC(=O)[C@@H]3C[C@@H]3F)sc2c1,4.30103,4.1912756,0.10975456
Cc1nc(Nc2ncc(C(=O)Nc3c(C)cncc3Cl)s2)cc(N2CCN(CCO)CC2)n1,4.4700027,5.1453843,-0.67538166
Cc1ccc(C(=O)Nc2ccc(CN3CCN(C)CC3)c(C(F)(F)F)c2)cc1-n1cc(-c2ccc3[nH]ncc3c2)nn1,8.318759,8.542939,-0.22418022
O=C(Nc1nc2ccc(-c3cnccc3CO)cc2s1)[C@@H]1C[C@@H]1F,7.481486,7.676494,-0.19500828
Cc1oc(C2CCCCC2)nc1CCOc1ccc(C[C@](C)(Oc2ccccc2)C(=O)O)cc1,5.5228786,5.81709,-0.2942114
Cc1ccc(C(=O)Nc2cc(N3CCN(C)CC3)cc(C(F)(F)F)c2)cc1C#Cc1cnc2cccnn12,5.539102,6.318766,-0.77966404
Cc1ccc(NC(=O)c2ccc(N=NN(C)C)c(C(F)(F)F)c2)cc1Nc1nccc(-c2cccnc2)n1,6.0,5.4798937,0.5201063
Cc1cn(-c2cc(NC(=O)c3ccc(C)c(C#Cc4cnc(NCCO)nc4)c3)cc(C(F)(F)F)c2)cn1,6.0,6.305879,-0.30587912
COc1cc(N2CCN(c3cc(-c4ccccc4O)nnc3N)CC2)ccn1,5.376751,4.339809,1.036942
CN1CCN([C@H]2CC(F)(F)c3cc(NC(=O)c4ccc(F)c(C#Cc5cncc(N6CCOCC6)c5)c4)ccc32)CC1,4.6516953,4.4855676,0.16612768
Cc1ccccc1C(=O)NCCNC(=O)c1ccc(-c2cccc3[nH]nc(N)c23)cc1,5.0,6.006432,-1.006432
CN(C/C=C/COc1ccc(C(=O)c2ccc(Br)cc2)cc1)C1CC1,4.4775558,4.533994,-0.056438446
Nc1ncnc2c1c(-c1cnc3[nH]ccc3c1)nn2C1CCCC1,4.30103,5.057444,-0.75641394
COC(=O)c1cc2cc(NC(=O)c3c(F)cccc3OC)cnc2[nH]1,8.1549015,8.199655,-0.044753075
CC1CN(c2cc(-c3ccccc3O)nnc2N)CCN1C(=O)C(C)(C)C,3.154902,3.1522765,0.0026254654
CC1NC(=O)NC1CCCCCC(=O)Nc1ccc(F)cc1,8.1549015,9.295122,-1.1402206
O=c1oc2nc(Nc3cccc(CS)c3)ncc2cc1-c1c(Cl)cccc1Cl,9.0,9.351745,-0.35174465
Cc1c(-c2ccc3nc(NC(=O)[C@@H]4C[C@@H]4F)sc3c2)ccc2c1NC(=O)C2,5.2596374,5.110439,0.14919853
Nc1nnc(-c2ccccc2O)cc1OCCc1ccccc1,5.500038,5.7803817,-0.28034353
CCCn1c(CCCc2ccc(OC(C)(C)C(=O)O)cc2)nn(Cc2cccc(OC)c2)c1=O,6.0,7.2414565,-1.2414565
O=C(Nc1ccc(OC(F)(F)F)cc1)c1cnc(N2CC[C@@H](O)C2)c(-c2cncc(C(F)(F)F)c2)c1,2.6055484,3.2114587,-0.6059103
O=c1[nH]c(CSC2CCNCC2)nc2cc(NC3CCCC3)cc(F)c12,4.9197345,4.4520354,0.46769905
CCNc1ncc(C#Cc2cc(C(=O)Nc3cc(-n4cnc(C)c4)cc(C(F)(F)F)c3)ccc2C)cn1,4.625435,4.7346945,-0.109259605
Cc1ccc(C(=O)Nc2cccc(C(F)(F)F)c2)cc1C#Cc1cnc2cccnn12,8.522879,9.16191,-0.6390314
Cc1ccc(C(=O)Nc2ccc(CN3CCN(C)CC3)c(C(F)(F)F)c2)cc1CCc1cnc2cccnn12,5.958607,5.540688,0.41791916
Cc1ccc(C(=O)Nc2ccc(CN3CCN(CCO)CC3)c(C(F)(F)F)c2)cc1C#Cc1cnc2ccccn12,6.318759,6.3544555,-0.035696507
Cc1ccc(C(=O)Nc2ccc(CN3CCN(C)CC3)c(C(F)(F)F)c2)cc1C#Cc1cnc2[nH]ccc2c1,5.1426673,5.6893725,-0.54670525
O=C(c1ccc(C(F)(F)F)cc1)N1CCN(c2nc(Cl)ncc2Br)CC1,5.5850267,5.0305815,0.55444527
O=C(c1ccc(F)cc1)N1CCN(c2nc(Cl)ncc2Br)CC1,4.455932,4.508099,-0.05216694
Cc1ccc(C(=O)Nc2ccc(CN3CCN(C)CC3)c(C(F)(F)F)c2)cc1-n1cc(-c2cnc(NCc3ccccc3)nc2)nn1,3.6143937,5.0018034,-1.3874097
O=C(Nc1cc2cc(-c3cnc4[nH]ccc4c3Cl)ccn2n1)[C@@H]1C[C@H]1F,6.876148,7.9464974,-1.0703492
CC(O)c1cccc(Nc2ncc3cc(-c4cc(NC(=O)c5cccc(C(F)(F)F)c5)ccc4Cl)c(=O)n(C)c3n2)c1,5.240332,5.2217326,0.01859951
CC(=O)c1cc(C)c(-c2ccc3nc(NC(=O)[C@@H]4C[C@@H]4F)sc3c2)cn1,7.958607,9.046861,-1.0882535
Cc1ccc(C(=O)Nc2ccc(CN3CCN(C)CC3)c(C(F)(F)F)c2)cc1C#Cn1cnc2ccccc21,6.7121983,6.519321,0.1928773
C[C@H]1CN(c2ccc(Cl)c(Cl)c2)N=C1NC(=O)c1cncnc1,4.30103,4.5021977,-0.20116758
Cc1oc(-c2ccccc2)nc1CCOc1cccc(C[C@@H]2CN(c3nccc(C(F)(F)F)n3)C[C@@H]2C(=O)O)c1,6.0,6.585311,-0.58531094
COC[C@H](NC(=O)c1cn(C(C)(C)C#N)cn1)C(=O)Nc1nc(-c2cccc(N3C[C@@H](C)O[C@@H](C)C3)n2)cs1,5.6382723,5.2396255,0.39864683
Cc1ccc(C(=O)Nc2cc(-n3ccnc3)cc(C(F)(F)F)c2)cc1C#Cc1cnc2cccnn12,7.625252,7.9491043,-0.32385254
Cc1cccc(C)c1-c1cc(C)c2nc(Nc3ccc(OCCN4CCCC4)cc3)nnc2c1,4.8124795,4.692385,0.1200943
Nc1ncnc2c1c(-c1ccccc1)cn2-c1ccccc1,8.920818,9.115125,-0.19430637
CC(C)n1nc(C#Cc2ccc(O)cc2)c2c(N)ncnc21,9.356547,9.7049885,-0.34844112
CN(C)CCn1cc(-c2ccn3c(-c4ccc(C(N)=O)c(OCc5cccc(F)c5)c4)cnc3c2)cn1,7.455932,7.182525,0.27340698
Cc1ccc(C(=O)Nc2cc(C(F)(F)F)ccn2)cc1/C=C/n1cnc2c(NC3CC3)ncnc21,5.49485,6.3832197,-0.88836956
CCNC(=O)C[C@@H]1N=C(c2ccc(Cl)cc2)c2cc(OC)ccc2-n2c(C)nnc21,4.69897,4.7698836,-0.07091379
Cc1ccc(C(=O)Nc2ccc(CN3CCN(C)CC3)c(C(F)(F)F)c2)cc1C#Cc1nnc2cc(C(=O)O)cnn12,6.860121,6.8058977,0.05422306
COc1cc2c(Nc3cccc(OC)c3Cl)c(C#N)cnc2cc1OCCON1CCN(C)CC1,5.6575775,5.984958,-0.32738066
COc1ccccc1Oc1ccc2[nH]nc(-c3nc4ccc(N5CCC(N6CCCCC6)CC5)cc4[nH]3)c2c1,5.844664,6.071236,-0.22657204
Cc1ccc(C(=O)Nc2ccc(CN3CCN(C)CC3)c(C(F)(F)F)c2)cc1C#Cn1cnc2cc(C(=O)O)ccc21,4.621602,4.537699,0.083902836
Cc1ccc(C(=O)Nc2ccc(CN3CCN(C)CC3)c(C(F)(F)F)c2)cc1C#Cc1nnc2cccnn12,8.90309,7.2971864,1.6059031
Cc1c(CO)cncc1-c1ccc2nc(NC(=O)[C@@H]3C[C@@H]3F)sc2c1,6.0,5.8931513,0.10684872
COc1ccc(Oc2cc(N(C)CCOc3ccc(CC4SC(=O)NC4=O)cc3)ncn2)cc1,4.79588,5.75129,-0.95541
O=C(Nc1ccc(OC(F)(F)F)cc1)c1cc(-c2cncnc2)ccc1F,5.6382723,5.506576,0.13169622
Cc1c(-c2ccc(Cc3ccccc3)cc2)[nH]c2ccccc2c1=O,4.5228786,4.815738,-0.29285955
Cn1nnnc1-c1cccc(NC(=O)N[C@@H]2CCCC[C@H]2CN2CCC[C@@H](Cc3ccc(F)cc3)C2)c1,8.045757,8.640763,-0.595006
Cc1cn(-c2cc(NC(=O)c3ccc(C)c(Nc4nc(-c5cccnc5)cs4)c3)cc(C(C)(C)C)c2)cn1,4.7695513,5.4171534,-0.6476021
N#Cc1c(-c2ccn3nc(NC(=O)[C@@H]4C[C@@H]4F)cc3c2)cnc2[nH]ccc12,4.376751,4.8850684,-0.5083175
Cc1cc(Cl)ncc1-c1ccc2nc(NC(=O)[C@@H]3C[C@@H]3F)sc2c1,5.7999706,6.265199,-0.46522856
O=C1Cc2cc(-c3ccc4nc(NC(=O)C5CC5)sc4c3)cnc2N1,7.1573906,7.450668,-0.29327726
CC(C)n1cnc2cc(C(=O)Nc3ccc(OC(F)(F)Cl)cc3)cc(-c3noc(=O)[nH]3)c21,4.0170507,4.6724334,-0.65538263
CC(C)(NC(=O)c1cc2c(NC(=O)c3ccc(CN4CCCCC4)cc3)n[nH]c2s1)c1ccccc1,6.221849,5.9581285,0.2637205
COc1ccc(OC)c(CC#Cc2cnc(N)nc2N)c1,8.455932,8.642337,-0.18640518
Cc1c[nH]nc1-c1ccc2nc(NC(=O)[C@@H]3C[C@@H]3F)sc2c1,7.275724,7.4177976,-0.14207363
CN1CCN([C@H]2CC(F)(F)c3cc(NC(=O)c4ccc(F)c(C#Cc5cncc(N6CCC6)c5)c4)ccc32)CC1,3.69897,4.284121,-0.58515096
CCNC(=O)Nc1nc2ccc(-c3ccccc3Cl)cc2[nH]1,7.1307683,6.6942315,0.4365368
Nc1ccc(C(=O)NCC(=O)Nc2nc(-c3cccc(-c4ccncc4)c3)cs2)cc1,6.1191864,6.7894444,-0.67025805
O=C(Nc1nc2ccc(-c3cnc4c(c3)CCN4)cc2s1)C1CC1,8.102373,7.953715,0.14865828
CCc1ccc(C(=O)Nc2cc(CN3CCN(C)CC3)cc(C(F)(F)F)c2)cc1C#Cc1cnc2ccccn12,5.844664,6.4095683,-0.5649042
Cc1oc(-c2ccccc2)nc1CCOc1ccc(C[C@H](OCC2CC2)C(=O)O)c2sccc12,5.464059,5.644557,-0.18049812
CC(C)(NC(=O)c1cc2c(NC(=O)c3ccc(CN4CCCCC4)cc3)[nH]nc2s1)c1ccccc1,5.0,4.941604,0.058395863
CCc1ccc(C(=O)Nc2cc(CN3CCN(C)CC3)cc(C(F)(F)F)c2)cc1C#Cc1cnc(N)nc1,5.3467875,5.997121,-0.6503334
CCN1CCN(Cc2cc(Nc3ncc(C(=O)Nc4ccccc4N)s3)nc(C)n2)CC1,5.05061,5.8067737,-0.7561636
Cc1cc(CF)ncc1-c1ccc2nc(NC(=O)[C@@H]3C[C@@H]3F)sc2c1,7.29243,7.409555,-0.117125034
Cc1cc(C)c(-c2ccc3nc(NC(=O)[C@@H]4C[C@@H]4F)sc3c2)cn1,5.0,5.545899,-0.5458989
CN(C)CCCNC(=O)c1cc2cc(NC(=O)c3ccccc3Br)cnc2[nH]1,4.8326826,4.572869,0.2598138
CC(C)(C)OC(=O)N1C[C@@H](n2cc(-c3ccc4c(N)n[nH]c4c3)nn2)C[C@H]1C(=O)Nc1ccc(Cl)c(C(F)(F)F)c1,3.8239088,4.4200044,-0.59609556
Cc1cc(C)nc(NS(=O)(=O)c2ccc(Nc3nccc(N(C)c4ccc5c(C)n(C)nc5c4)n3)cc2)n1,4.3391347,4.3623776,-0.02324295
CC(C)n1nc(C#Cc2cccc3cc(-c4ccc(Cl)c(C(F)(F)F)c4)ncc23)c2c(N)ncnc21,4.5228786,4.844155,-0.3212762
Cc1ccc(C(=O)Nc2cc(C(F)(F)F)cc(C(F)(F)F)c2)cc1C#Cc1cc(-c2cnn(C)c2)cnc1N,6.5686364,6.0481157,0.5205207
CCc1c[nH]c2ncc(-c3ccc(N)c(C(=O)N(C)C)c3)cc12,7.79588,8.465373,-0.6694932
COc1cc2c(cc1OC)-c1n[nH]c(Nc3cccc(F)c3)c1C2,5.2596374,5.182705,0.07693243
COc1cc(CC#Cc2cnc(N)nc2N)cc(OC)c1OC,5.275724,5.195086,0.08063793
CN1CCN(Cc2ccc(NC(=O)Nc3cc(C#Cc4ccc(N)nc4)n(C)n3)cc2C(F)(F)F)CC1,6.376751,6.3595033,0.017247677
CC[C@@](C)(Cc1ccc(OCCCOc2ccc(C3CCC(C)(C)CC3)cc2Cl)cc1)C(=O)O,3.30103,4.0641627,-0.7631328
O=C(Nc1ccc(OC(F)(F)F)c(F)c1)c1cccc(-c2cncnc2)c1,5.0,5.0508003,-0.050800323
CCC(CC)(Cc1ccc(OCCCOc2ccc(Oc3ccc(F)cc3)cc2Cl)cc1)C(=O)O,7.845576,7.8294683,0.01610756
O=C(Nc1ccc(OC(F)(F)F)cc1)c1cnc(C(F)(F)F)c(-c2cncnc2)c1,6.3297544,7.0023417,-0.6725874
Cc1ccc(C(=O)Nc2ccc(CN3CCNC(C)C3)c(C(F)(F)F)c2)cc1C#Cc1cnc2ccccn12,9.346787,9.184372,0.1624155
CN(C)CC1CCN(c2cc(-c3ccccc3O)nnc2N)CC1,4.2479515,5.2196326,-0.9716811
Cc1ccc(C(=O)Nc2ccc(CN3CCN(C)CC3)c(C(F)(F)F)c2)cc1-n1cc(-c2cnc3ncnn3c2)nn1,3.69897,3.6601014,0.038868666
CC(=O)Nc1ccc(C)c(-c2ccc3nc(NC(=O)C4CC4)sc3c2)c1,5.549751,5.645964,-0.09621334
O=[N+]([O-])c1cc(C(F)(F)F)ccc1S(=O)(=O)N1CCN(c2nc(Cl)ncc2Br)CC1,4.307153,4.4009347,-0.09378147
CCN1CCN(Cc2ccc(NC(=O)c3ccc(C)c(C#Cc4cnc5ccccn45)c3)cc2C(F)(F)F)CC1,5.0,5.221343,-0.22134304
Cc1ccc(NC(=O)c2ccc3c(c2)CCC3N2CCN(C)CC2)cc1Nc1nccc(-c2ccncc2)n1,9.455932,9.515782,-0.059850693
CC(C)(C)c1cc(NC(=O)Nc2cccc(Nc3ncnc4ccccc34)c2)n(-c2cccc(N)c2)n1,4.6757174,4.9738297,-0.2981124
Cc1ccc(C(=O)Nc2cc(C(F)(F)F)on2)cc1/C=C/n1cnc2c(NC3CC3)ncnc21,4.779212,5.241758,-0.46254587
O=C(O)CCNc1ncc(C(=O)Nc2ccc(OC(F)(F)Cl)cc2)cc1-c1ccn[nH]1,3.1739252,3.5189562,-0.34503102
C=CCN(C)C/C=C/COc1ccc2c(-c3ccc(Br)cc3)coc2c1,4.446117,4.6147966,-0.16867971
CCNC(=O)Nc1nc2ccc(-c3c(C)cccc3Cl)cc2[nH]1,4.823909,4.9136896,-0.08978081
O=C(Nc1ccc(OC(F)(F)F)cc1)c1cnc(OCCO)c(-c2cncnc2)c1,5.0,4.881328,0.118671894
CCCc1cc(C(=O)CC)cc(CCC)c1O[C@H](C(=O)O)c1ccc(C(C)C)cc1,4.69897,4.94943,-0.25046015
CCNC(=O)Nc1nc2ccc(C(=O)c3cccs3)cc2[nH]1,8.522879,8.924693,-0.40181446
CN1CCN(Cc2ccc(NC(=O)c3ccc(Cl)c(C#Cc4cncc(N5CCOCC5)c4)c3)cc2C(F)(F)F)CC1,5.6777806,5.759182,-0.08140135
CC(=O)Nc1nc2ccc(-c3cn([C@@H]4CN[C@H](C(=O)Nc5ccc(Cl)c(C(F)(F)F)c5)C4)nn3)nc2s1,5.2596374,5.4390855,-0.17944813
Cc1ccncc1-c1ccc2nc(NC(=O)[C@@H]3C[C@H]3F)sc2c1,9.283997,9.511372,-0.22737503
Cc1ccc(Cn2nc(CCCc3ccc(OC(C)(C)C(=O)O)cc3)[nH]c2=O)cc1,3.8239088,4.2869563,-0.4630475
c1ccc(-c2cccc(Nc3ncnc4cc5c(cc34)OCCO5)c2)cc1,6.159894,5.5998216,0.5600724
CCn1cc(-c2ccc3c(c2)ncn3-c2cc(OC)c(CO)c(OC)c2)cn1,8.003051,8.938788,-0.9357376
O=C(O)c1ccccc1-n1cc(C(=O)O)c(=O)c2cc(Cc3c(F)cc(F)cc3Cl)c(Cl)cc21,8.259637,8.908267,-0.64863014
Cc1cn(-c2cc(NC(=O)c3ccc(C)c(C#Cc4cnc(NC(C)(C)C)nc4)c3)cc(C(F)(F)F)c2)cn1,9.39794,9.137482,0.260458
CN(C)CCOc1ccc(C(=O)NCc2cccc(C(=O)N[C@@H](CC(C)(C)C)C(=O)Nc3ccc4c(c3)CNCC4)c2)cc1,6.0,6.7604966,-0.7604966
Cc1ccc(C(=O)Nc2cc(CN3CCN(C)CC3)cc(C(F)(F)F)c2)cc1C#Cc1cnc2ccccn12,5.5128617,5.430593,0.082268715
O=C(Nc1nc2ccc(-c3cccnc3)cc2s1)[C@@H]1C[C@@H]1F,5.0,4.954772,0.045228004
O=C(c1ccc(F)cc1)N1CCN(c2nc(N3CCOCC3)ncc2Br)CC1,4.026817,4.053411,-0.026594162
Cc1oc(-c2ccccc2)nc1CCCc1ccc(CC(C(=O)O)n2nccn2)cc1,6.8996296,6.7995496,0.10008001
O=C(c1ccc(C(F)(F)F)cc1)N1CCN(c2nc(N3CCOCC3)ncc2Br)CC1,5.0,5.079291,-0.07929087
C[C@@H](Oc1cc(-c2cnn(C3CCNCC3)c2)cnc1N)c1c(Cl)ccc(F)c1Cl,4.30103,4.3066506,-0.0056204796
Nc1ncnc2c1c(-c1cccc(O)c1)cn2C1CCCC1,5.6777806,6.045581,-0.36780024
Cc1c(F)cncc1-c1ccc2nc(NC(=O)C3CC(F)C3)sc2c1,7.69897,7.789652,-0.09068203
Cc1cc(C(C)O)ncc1-c1ccc2nc(NC(=O)[C@@H]3C[C@@H]3F)sc2c1,4.026383,3.969647,0.056735992
O=C(Nc1nc2ccc(-c3cn([C@@H]4CN[C@H](C(=O)Nc5ccc(Cl)c(C(F)(F)F)c5)C4)nn3)nc2s1)C1CC1,6.376751,6.407518,-0.030766964
C[C@H](Nc1nc(Nc2cn(C)cn2)c2cc[nH]c2n1)c1ncc(F)cn1,9.09691,8.431552,0.66535854
COc1cc(-c2n[nH]c3ncc(-c4cccc(O)c4)cc23)cc(OC)c1OC,5.395774,5.3229346,0.07283926
COc1cc(C(C)C#Cc2c(C)nc(N)nc2N)cc(OC)c1OC,5.080399,5.2011814,-0.120782375
CO[C@H](C(=O)N1Cc2n[nH]c(NC(=O)c3ccc(N4CCN(C)CC4)cc3)c2C1)c1ccccc1,5.0,5.038992,-0.038991928
Cc1cc(CO)ncc1-c1ccc2nc(NC(=O)[C@@H]3C[C@@H]3F)sc2c1,4.1045775,4.010672,0.09390545
Cc1cn(-c2cc(NC(=O)c3cccc(C#Cc4cccc5[nH]nc(N)c45)c3)cc(C(F)(F)F)c2)cn1,5.950782,6.460828,-0.510046
Cc1ccc(C(=O)Nc2cc(-n3ccnc3)cc(C(F)(F)F)c2)cc1C#Cc1cnc2ccccn12,4.3900003,4.1321845,0.25781584
Cc1ccc(C(=O)Nc2cc(-n3cnc(CN4CCCC4)c3)cc(C(F)(F)F)c2)cc1C#Cc1cnc2ccccn12,5.102373,6.0519385,-0.9495654
O=C(Nc1cc(-n2ccnc2)cc(C(F)(F)F)c1)c1cccc(C#Cc2cnc3cccnn23)c1,6.0,5.969072,0.030928135
C[C@@H]1COCCN1c1cccc(-c2csc(NC(=O)CNC(=O)c3ccn(S(C)(=O)=O)c3)n2)n1,4.823909,5.650965,-0.8270564
O=C(Nc1ccc(OC(F)(F)F)cc1)c1cncc(-c2cncc(F)c2)c1,4.417937,4.6376157,-0.21967888
Cc1cn(-c2cc(NC(=O)c3ccc(C)c(C#Cc4cnc5cccnn45)c3)cc(C(F)(F)F)c2)cn1,5.1062384,5.2440476,-0.13780928
COc1cc(OC)c(Cl)c(-c2ccc3c(/C=C/c4ccc(C(=O)N5CCNCC5)cc4)n[nH]c3c2)c1Cl,3.4179366,4.1128755,-0.6949389
Cc1ccc(NC(=O)c2ccc(CN3CCN(C)CC3)cc2)cc1-n1cc(-c2cnc3cccnn23)cn1,4.0,6.6708903,-2.6708903
Cc1ccc(NC(=O)c2ccc(CN3CCCN(C)CC3)cc2)cc1-n1cc(-c2cccnc2)cn1,7.696804,6.557358,1.1394463
Cc1ccc(Cn2nc(CCCc3ccc(OC(C)(C)C(=O)O)cc3)n(CCO)c2=O)cc1,5.0,6.259207,-1.2592068
Cn1cc(-c2cc(C(=O)Nc3ccc(OC(F)(F)F)cc3)ccc2Cl)cn1,5.080922,5.1453433,-0.06442118
CC[C@@H](C#Cc1c(C)nc(N)nc1N)c1cc(OC)c(OC)c(OC)c1,5.0,5.4010224,-0.40102243
Nc1nc2ccc(-c3cn([C@@H]4CN[C@H](C(=O)Nc5ccc(Br)cc5)C4)nn3)nc2s1,5.0,5.264971,-0.26497078
Cc1nc(Nc2ncc(C(=O)Nc3c(C)noc3C)s2)cc(N2CCN(CCO)CC2)n1,7.29414,7.899478,-0.6053381
Cc1ccc(C(=O)Nc2cccc(C(F)(F)F)c2)cc1C#Cc1cn(C(C)C)c2ncnc(N)c12,5.0,5.3014216,-0.30142164
Cc1cccc(F)c1-c1ccc2nc(NC(=O)C3CC3(F)F)sc2c1,9.327902,9.16929,0.15861225
Cc1cn(-c2cc(NC(=O)c3ccc(C)c(C#Cc4cn(C(C)C)c5ncnc(N)c45)c3)cc(C(F)(F)F)c2)cn1,5.275724,5.094284,0.18143988
Cc1ccc(NC(=O)c2ccc(C)c(C(F)(F)F)c2)cc1C#Cc1cn(C2CCCC2)c2ncnc(N)c12,4.0265303,3.903152,0.12337828
CCc1nc(C#Cc2cc(C(=O)Nc3cccc(C(F)(F)F)c3)ccc2C)c2c(N)nccn12,6.823909,6.50612,0.3177886
CCn1cc(C#Cc2cc(C(=O)Nc3cc(-n4cnc(C)c4)cc(C(F)(F)F)c3)ccc2C)c2c(N)ncnc21,4.542118,4.4898634,0.052254677
CCCc1cc(Oc2ccc(F)cc2)ccc1OCCCOc1cccc(-c2sc(=O)[nH]c2O)c1,5.3665314,5.609943,-0.24341154
Cc1ccc(C(=O)Nc2ccc(CN3CCN(C)CC3)c(C(F)(F)F)c2)cc1Nc1cccc2c1C(=O)C(=O)N2C,6.2596374,6.558628,-0.29899073
O=C(Nc1ccc(OC(F)(F)Cl)cc1)c1cc(-c2cccnn2)c2c(c1)nc1n2C[C@@H](O)CO1,5.537602,6.097108,-0.55950594
C[C@]1(C(=O)O)CCc2ccc(OCCCOc3ccc(C4CCCCC4)cc3Cl)cc2O1,6.4012094,6.6630816,-0.2618723
CC[C@@](C)(Cc1ccc(OCCCOc2cc3oc(=O)cc(C(F)(F)F)c3cc2Cl)cc1)C(=O)O,4.30103,4.4839044,-0.1828742
Cc1oc(-c2cccs2)nc1CCOc1ccc(C[C@](C)(Oc2ccccc2)C(=O)O)cc1,6.7520266,6.802694,-0.050667286
CO[C@@H](Cc1ccc(OCCc2nc(-c3ccccc3)oc2C)c2sccc12)C(=O)O,9.481486,9.716487,-0.23500061
CN=NNc1ccc(C(=O)Nc2ccc(C)c(Nc3nccc(-c4cccnc4)n3)c2)cc1C(F)(F)F,4.026341,4.2361865,-0.20984554
CCCc1cc(Oc2ccccc2)ccc1OCCCOc1cccc(-c2sc(=O)[nH]c2O)c1,4.0,4.3989644,-0.3989644
Cc1ccc(C(=O)Nc2cc(C(F)(F)F)on2)cc1C#Cn1cnc2c(NC3CC3)cccc21,6.0,5.65239,0.34761
CC(=O)Nc1n[nH]c2cc(-c3cn([C@@H]4CN[C@H](C(=O)Nc5ccc(Cl)c(C(F)(F)F)c5)C4)nn3)ccc12,4.853872,5.411395,-0.55752325
Cc1nc(Nc2ncc(C(=O)Nc3c(C)cncc3C)s2)cc(N2CCN(CCO)CC2)n1,9.21467,9.10822,0.10645008
CC(=O)N1CCC(COc2cc(F)c3c(=O)[nH]c(CN(C)C4CCN(C(=O)c5cnn(C)c5)CC4)nc3c2)CC1,6.275724,6.0481286,0.22759533
C=CCN(C)Cc1ccc(-c2ccc(C(=O)c3ccc(Br)cc3)cc2)cc1,5.6575775,6.0670276,-0.40945005
Cc1c(Cc2c(Cl)cccc2Cl)c(=O)ccn1CCc1ccc(-c2c[nH]c(CNC(=O)Nc3ncc(Br)s3)n2)cc1,8.0,8.186519,-0.18651867
Cc1ccc(C(=O)Nc2ccc(CN3CCN(C)CC3)c(C(F)(F)F)c2)cc1C#Cc1cnc(N)s1,7.6575775,7.6376505,0.019927025
CC[C@]1(C(=O)O)CCc2ccc(OCCCOc3ccc(CC(C)C)cc3Cl)cc2O1,2.0,2.7875943,-0.7875943
Cc1cn(-c2cc(NC(=O)c3cccc(C#Cc4cnc5cccnn45)c3)cc(C(F)(F)F)c2)cn1,7.69897,7.8790803,-0.18011045
CN(C)CCNC(=O)c1cncc(-c2cn([C@@H]3CN[C@H](C(=O)Nc4ccc(Cl)c(C(F)(F)F)c4)C3)nn2)c1,7.154902,6.576302,0.57859993
Cc1ccc(NC(=O)c2ccc(CN3CCN(C)CC3)cc2)cc1Nc1nccc(-c2cncc(-c3cc(C(=O)N(C)C)n[nH]3)c2)n1,6.5850267,6.7218504,-0.13682365
Cc1ccc(NC(=O)c2ccc(CN3CCN(C)CC3)cc2)cc1Nc1nccc(-c2cncc(C3=NN=C(C(=O)Nc4cc(C(=O)N(C)C)n[nH]4)C3)c2)n1,7.39794,6.9850345,0.4129057
Cc1cccc(Cl)c1-c1ccc2nc(NC(=O)[C@@H]3C[C@@H]3F)sc2c1,4.2740884,5.0665603,-0.7924719
CC(C)(Oc1ccc(OCCCOc2ccc(Oc3ccc(F)cc3)cc2Cl)cc1)C(=O)O,6.1811147,6.7934327,-0.61231804
CC[C@@](C)(Cc1ccc(OCCCOc2ccc(OS(C)(=O)=O)cc2Cl)cc1)C(=O)O,6.0,5.710957,0.28904295
CCc1ccc(C(=O)Nc2cc(CN3CCN(C)CC3)cc(C(F)(F)F)c2)cc1C#Cc1cnc(NC)nc1,6.7447276,6.5243692,0.22035837
CC(C)(C)n1ccc(C(=O)NCC(=O)Nc2nc(-c3cccc(N4CCCC4)n3)cs2)c1,6.0,6.4697037,-0.46970367
Cc1ccc(-c2cc(C(=O)Nc3ccc(OC(F)(F)F)cc3)cnc2N(C)CCCO)cn1,8.0,8.159067,-0.15906715
c1ccc(Oc2ccc3[nH]nc(-c4nc5ccc(N6CCC(N7CCCCC7)CC6)cc5[nH]4)c3c2)cc1,5.2804203,6.1889086,-0.9084883
Cc1ncsc1-c1ccc([C@H](C)NC(=O)[C@@H]2C[C@@H](O)CN2C(=O)[C@@H](c2cc(N3CCC(CN4CCC(c5ccc6c(c5)-n5c(nc(=O)c7c(Cl)cccc75)C6(C)C)CC4)CC3)no2)C(C)C)cc1,4.326979,4.2286105,0.098368645
CN1CCOc2ccc(cc2)C(=O)NCc2cccc(c2)C(=O)N[C@@H](CC(C)(C)C)C(=O)Nc2ccc(cc2)CCN(C)C(=O)CC(C)(C)CC1=O,7.154902,5.8831654,1.2717366
CC(C)(C)NC(=O)Nc1ccc2[nH]nc(-c3nc4ccc(N5CCC(N6CCCCC6)CC5)cc4[nH]3)c2c1,5.09691,4.850969,0.24594116
FC(F)(F)Oc1ccc(Nc2ncnc3c2cnn3Cc2cccnc2)cc1,4.129011,3.8839374,0.2450738
CN1CCN(CCOc2cc(OC3CCOCC3)c3c(Nc4c(Cl)ccc5c4OCO5)ncnc3c2)CC1,4.78423,4.7736955,0.010534763
Cc1ccc(C(=O)Nc2cc(C(F)(F)F)ccn2)cc1C#Cn1cnc2c(NC3CC3)ncnc21,8.522879,9.4778805,-0.95500183
COc1cc2ncnc(Nc3cccc(Br)c3)c2cc1OC,6.711997,6.000816,0.71118116
COc1cc(CNCc2ccccn2)cc(Cl)c1OCc1ccc(Cl)cc1,4.8041005,4.8036776,0.00042295456
COc1cc([C@@H](C#Cc2c(C)nc(N)nc2N)OC)cc(OC)c1OC,4.2125397,4.2608314,-0.048291683
O=C(Nc1nc2ccc(-c3cn([C@@H]4CN[C@H](C(=O)Nc5ccc(F)c(F)c5)C4)nn3)nc2s1)C1CC1,6.0,5.5806146,0.41938543
Cc1cc(-c2cncc(-c3ccnc(Nc4cc(NC(=O)c5ccc(CN6CCN(C)CC6)cc5)ccc4C)n3)c2)on1,6.966576,7.2299247,-0.26334858
CN1CCN(Cc2ccc(NC(=O)c3cccc(C#Cc4cnc5cccnn45)c3)cc2C(F)(F)F)CC1,4.30103,3.9361067,0.36492348
Nc1n[nH]c2cccc(-c3ccc(C(=O)NCCNC(=O)c4ccccc4Br)cc3)c12,8.1549015,8.415326,-0.2604246
O=C(Nc1ccc(OC(F)(F)F)cc1)c1ccc(Cl)c(-c2ccncc2)c1,7.154902,7.207738,-0.05283594
Cn1ncc([N+](=O)[O-])c1C(=O)Nc1nc(-c2ccc(Cl)c(Cl)c2)cs1,3.4436975,3.5846605,-0.14096308
Cc1cccc(C)c1/C=C/n1cnc2c(Nc3ccc(P(C)(C)=O)cc3)nc(C3CCCC3)nc21,4.38405,4.5476904,-0.1636405
Cc1ccc(NC(O)c2ccc(CN3CC[C@@H](CN(C)C)C3)c(C(F)(F)F)c2)cc1Nc1nccc(-c2cncnc2)n1,4.0616856,4.8193126,-0.757627
COc1ccc(OC)c(CC#Cc2c(C)nc(N)nc2N)c1,5.0,5.3670077,-0.36700773
Cc1ccc(NC(=O)Nc2ccc(Cl)c(C(F)(F)F)c2)cc1C#Cc1cnc2c(Nc3cnn(C)c3)nccn12,5.481486,4.763553,0.7179327
C=CC(=O)N[C@H]1CC[C@@H](n2nc(-c3ccc(Oc4ccccc4)cc3)c3c(N)ncnc32)CC1,9.387217,8.771335,0.6158819
Cc1ccnc(C)c1-c1ccc2nc(NC(=O)C3C[C@@H]3F)sc2c1,5.161214,5.132296,0.02891779
Cc1ccnc(C)c1-c1ccc2nc(NC(=O)[C@@H]3C[C@@H]3F)sc2c1,8.346787,8.488362,-0.14157486
Cc1cc(Nc2ncc(C)c(N3CC(C4CC4)C3)n2)sn1,5.207608,5.3304033,-0.122795105
Cc1cc(NC(=O)Nc2ccnc(Cl)c2)sn1,4.0,4.47405,-0.47405005
CN1CCN(Cc2cc(NC(=O)c3cccc(C#Cc4cnc5cnccn45)c3)cc(C(F)(F)F)c2)CC1,3.8430877,3.9657402,-0.12265253
Cc1ccc(NC(=O)c2ccc(N=NN(C)CO)c(C(F)(F)F)c2)cc1Nc1nccc(-c2cccnc2)n1,4.69897,5.1206985,-0.4217286
Cc1ccncc1-c1ccc2nc(NC(=O)[C@@H]3C[C@@H]3CO)sc2c1,8.0,8.699559,-0.6995592
Cc1ccccc1COc1ccc2cc(-c3nn(C(C)C)c4ncnc(N)c34)ccc2c1,6.4558825,6.1702304,0.28565216
CC(C)(C)[C@H](NC(=O)c1cccc(-c2cncc(C(=O)NC3CC3)c2)c1)C(=O)Nc1ccc(Cl)c(C(F)(F)F)c1,5.0,5.0813026,-0.08130264
Cc1oc(-c2ccccc2)nc1CCCc1ccc(C[C@@H](C(=O)O)n2nccn2)cc1,5.530178,4.9180074,0.6121707
Cc1ncsc1-c1ccc([C@H](C)NC(=O)[C@@H]2C[C@@H](O)CN2C(=O)[C@@H](c2cc(OCC(C)CN3CCC(c4ccc5c(c4)-n4c(nc(=O)c6c(Cl)cccc64)C5(C)C)CC3)no2)C(C)C)cc1,6.0,5.992481,0.0075187683
O=C1Nc2cc(Br)ccc2/C1=C1/Nc2ccccc2/C1=N\OCCN1CCN(CCOCCO)CC1,9.236572,8.325675,0.91089725
O=C([O-])COc1ccc(-c2c[nH]c(CNC(=O)Nc3ncc(Sc4ccccn4)s3)n2)cc1,4.30103,4.4292283,-0.12819815
COc1ccc(C(=O)Nc2cccc(Cl)c2)cc1Nc1nccc(-c2cccnc2)n1,9.747147,9.582564,0.16458225
C#CCO[C@@H]1[C@H](C)[C@@H](COS(=O)(=O)C=C)O[C@H]1n1nc(-c2ccc(C)cc2)c2c(N)ncnc21,6.9359913,5.818479,1.1175122
Cc1cc(-c2cncc(-c3ccnc(Nc4cc(NC(=O)c5ccc(CN6CCN(C)CC6)cc5)ccc4C)n3)c2)[nH]n1,5.5406075,5.981819,-0.4412117
Cn1cc(-c2cc(C(=O)Nc3ccc(OC(F)(F)F)cc3)ccc2F)cn1,3.5114493,3.8784294,-0.36698008
COC(=O)C1CCN(c2ncc(C(=O)Nc3ccc(OC(F)(F)Cl)cc3)cc2-c2ccn[nH]2)C1,6.552997,6.6644015,-0.11140442
Cc1cc(NC(=O)C2=NN=C(c3cncc(-c4ccnc(Nc5cc(NC(=O)c6ccc(CN7CCN(C)CC7)cc6)ccc5C)n4)c3)C2)[nH]n1,3.8239088,3.97943,-0.15552115
Nc1nnc(-c2ccccc2O)cc1N1CC(Oc2ccccc2)C1,6.2596374,6.2640195,-0.0043821335
Cc1c(F)cncc1-c1ccc2nc(NC(=O)C3CC(F)(F)C3)sc2c1,6.9706163,6.5697317,0.40088463
CC1CN(c2cc(-c3ccccc3O)nnc2N)CCN1S(C)(=O)=O,8.30103,8.752621,-0.45159054
O=C(Nc1ccc(OC(F)(F)F)cc1)c1cccc(-c2cncnc2)c1F,4.0,4.2792706,-0.27927065
CCCOc1cc(-c2cccc(CCCc3nn(Cc4ccc(C(C)(C)C)cc4)c(=O)n3CC)c2)ccc1CC(=O)O,4.2708354,4.4026947,-0.1318593
CCn1cc(-c2ccc3c(c2)ncn3-c2cc(OC)c(C(=O)NC)c(OC)c2)cn1,2.552842,3.070016,-0.517174
COc1cc(C(C)C#Cc2cnc(N)nc2N)cc(OC)c1OC,5.3485284,5.025885,0.32264328
CC[C@]1(C(=O)O)CCc2ccc(OCCCOc3ccc(OC(F)(F)F)cc3Cl)cc2O1,5.167491,5.2268014,-0.059310436
Cc1cc(-c2ccc3c(c2)-c2nnc(Nc4cccc(Cl)c4)n2CCO3)ccn1,8.522879,6.7782974,1.7445812
Cc1oc(-c2ccc(C(C)C)cc2)nc1CCOc1ccc(C[C@H](OCC2CC2)C(=O)O)c2sccc12,4.6819367,4.326793,0.35514355
Cc1ccc(NC(=O)c2ccc(CN3CCN(C)CC3)cc2)cc1Nc1nccc(-c2cncc(C3=NN=C(C(=O)Nc4cn[nH]c4)C3)c2)n1,9.481486,8.9499,0.53158665
Cc1ccc(NC(=O)c2ccc(CN3CCN(C)CC3)cc2)cc1Nc1nccc(-c2cncc(-c3cn[nH]c3)c2)n1,8.09691,7.784209,0.3127017
CN1CCN(Cc2ccc(NC(=O)Nc3ccc(Oc4ccc5ncccc5c4)cc3)cc2C(F)(F)F)CC1,8.0,8.298254,-0.298254
COc1cc(-c2n[nH]c3ncc(-c4ccc(N)nc4)cc23)cc(OC)c1OC,5.1463017,5.831145,-0.68484306
CC[C@]1(C(=O)O)CCc2ccc(OCCCOc3ccc(C(C)C)cc3Cl)cc2O1,3.8894103,4.448323,-0.5589125
COc1cc2c(Nc3ccc(C)cc3C)c(C#N)cnc2cc1OCC1CCN(C)CC1,8.522879,8.308748,0.2141304
Cc1ccc(C(=O)Nc2cc(C(F)(F)F)ccn2)cc1/C=C/n1cnc2cncnc21,6.2596374,6.4212785,-0.16164112
CC(C)n1nc(C#Cc2cccc3cc(-c4ccc(CN5CCN(C)CC5)cc4)ncc23)c2c(N)ncnc21,4.004365,5.254831,-1.2504659
Cc1cccc(F)c1-c1ccc2nc(NC(=O)[C@@H]3C[C@@H]3CO)sc2c1,4.026341,4.5255256,-0.4991846
CC(=O)N1CCN(c2cc(-c3ccccc3O)nnc2N)CC1C,6.0,5.9047647,0.09523535
CCNC(=O)Nc1nc2ccc(-c3ccnc(C)c3)cc2[nH]1,5.30103,5.2157636,0.08526659
COc1cc([C@@H](O)C#Cc2c(C)nc(N)nc2N)cc(OC)c1OC,5.062984,5.0453806,0.017603397
Cc1ccc(NC(=O)c2ccc(CN3CCN(C)CC3)cc2)cc1Nc1nccc(-c2cncc(-c3cnn(C)c3)c2)n1,5.0,5.3798,-0.37979984
Cc1ccc(NC(=O)c2ccc(CN3CCN(C)CC3)cc2)cc1Nc1nccc(-c2cncc(-c3ccn(C)n3)c2)n1,5.0,5.039206,-0.039206028
Cc1ccncc1-c1cc(F)c2nc(NC(=O)[C@@H]3C[C@@H]3F)sc2c1,7.154902,7.483461,-0.32855892
Cc1ccc(C(=O)Nc2ccc(CN3CCN(C)CC3)c(C(F)(F)F)c2)cc1C#Cc1ccn2nc(N(C)C)nc2c1,3.4775558,3.2515059,0.2260499
Cc1nc(Nc2ncc(C(=O)Nc3c(Br)ccnc3C)s2)cc(N2CCN(CCO)CC2)n1,8.337242,7.0490756,1.2881665
CCCO[C@H](Cc1ccc2c(ccn2Cc2nc(-c3ccc(C(F)(F)F)cc3)oc2C)c1)C(=O)O,7.8860564,8.631003,-0.74494696
Cc1oc(-c2ccccc2)nc1CCOc1cccc(C[C@@H]2CN(c3ccccc3)C[C@@H]2C(=O)O)c1,5.1580153,5.4423933,-0.28437805
COc1cccc(-c2cn(C3CC(CO)C3)c3ncnc(N)c23)c1,8.443698,8.546174,-0.10247612
C=CCN(C)C/C=C/COc1ccc(C(=O)c2ccc(Br)cc2)cc1,9.79588,9.509316,0.28656387
Nc1ncnc2c1c(-c1ccccc1)cn2C1CCC(O)C1,6.318759,6.078634,0.24012518
CN1CCN(c2ccc(Nc3nc(Nc4ccc(F)c(F)c4)c4ncn(CC5CC5)c4n3)cc2)CC1,8.420217,7.9332423,0.48697424
O=C(/C=C/N1C[C@H]2C[C@@H]1CN2c1ccccn1)c1ccccc1O,7.29243,8.2382965,-0.9458666
CCCOC(Cc1ccc2c(ccn2Cc2nc(-c3ccc(C(F)(F)F)cc3)oc2C)c1)C(=O)O,4.026747,4.254487,-0.22773981
CS(=O)(=O)Nc1ccc(-c2cc(Nc3ccc(OC(F)(F)F)cc3)ncn2)cc1,4.30103,4.3681445,-0.06711435
C=C(C)[C@@H]1CC[C@]2(C(=O)O)CC[C@]3(C)[C@H](CC[C@@H]4[C@@]5(C)Cc6c([nH]c7ccccc67)C(C)(C)[C@@H]5CC[C@]43C)[C@@H]12,4.0,5.0977583,-1.0977583
Cc1ncncc1C(=O)NC1=NN(c2ccc(Cl)c(Cl)c2)CC1,6.8860564,6.094106,0.7919502
Cc1ccc(NC(=O)c2ccc(Cn3ccnc3)c(C(F)(F)F)c2)cc1C#Cc1cncnc1,6.2380724,6.5860677,-0.34799528
CN1CCN(c2ccc(Nc3nc(Nc4cccc(F)c4)c4ncn(CC5CC5)c4n3)cc2)CC1,6.07848,5.7713003,0.30717945
COCCOc1ncc(C(=O)Nc2ccc(OC(F)(F)F)cc2)cc1-c1ccn[nH]1,8.19382,8.069768,0.12405205
Cc1scnc1-c1ccc2nc(NC(=O)[C@@H]3C[C@@H]3F)sc2c1,4.823909,4.916165,-0.09225607
Cc1ccc(NC(=O)c2ccc(CN3CCN(C)CC3)cc2)cc1Nc1nccc(-c2cncc(-c3[nH]ncc3C)c2)n1,8.180456,8.537561,-0.35710526
Cc1ccc(NC(=O)c2ccc(CN3CCN(C)CC3)cc2)cc1Nc1nccc(-c2cncc(C3=NN=C(C(=O)Nc4[nH]ncc4C)C3)c2)n1,9.431798,9.584402,-0.1526041
COc1ccccc1-c1c[nH]c2ncc(-c3cccc(NC(C)=O)c3)cc12,4.0264797,4.266536,-0.24005651
Cc1nnc(-c2cncc(-c3ccnc(Nc4cc(NC(=O)c5ccc(CN6CCN(C)CC6)cc5)ccc4C)n3)c2)s1,4.7999983,4.842606,-0.042607784
CC(=O)c1cccc(NC(=O)N[C@@H]2CCCC[C@H]2CN2CCC[C@@H](Cc3ccc(F)cc3)C2)c1,4.169411,4.006218,0.16319323
CN1CCN(Cc2ccc(NC(=O)c3ccc(Cl)c(C#Cc4cnc5cccnn45)c3)cc2C(F)(F)F)CC1,4.30103,4.0444274,0.25660276
CCc1ccc(C(=O)Nc2ccc(C)c(-n3cc(-c4cccnc4)cn3)c2)cc1,6.0,5.705503,0.294497
CC(C)(C)C(=O)Nc1ccc(-c2cn([C@@H]3CN[C@H](C(=O)Nc4ccc(Cl)c(C(F)(F)F)c4)C3)nn2)cn1,5.180456,4.4683595,0.7120967
CCCc1cc(OC2CCCC2)ccc1OCCCOc1cccc(-c2sc(=O)[nH]c2O)c1,4.686133,4.6832185,0.0029144287
CC[C@@](C)(Cc1ccc(OCCCOc2ccccc2Cl)cc1)C(=O)O,5.468521,5.8774524,-0.40893126
CN(CCCO)c1ncc(C(=O)Nc2ccc(OC(F)(F)F)cc2)cc1-c1cccnc1,4.725842,4.8443885,-0.118546486
O=C(NCc1nc(-c2ccccc2)c[nH]1)Nc1ncc(Sc2ccccn2)s1,6.221849,7.537334,-1.315485
C[C@@H]1CN(c2cccc(-c3csc(NC(=O)C4(NC(=O)c5ccn(S(C)(=O)=O)c5)CC4)n3)n2)C[C@H](C)O1,6.0,6.2651696,-0.26516962
Cc1ncsc1-c1ccc([C@H](CN2CCOCC2)NC(=O)[C@@H]2C[C@@H](O)CN2C(=O)[C@@H](n2cc([C@H]3CC[C@H](CN4CCC(c5ccc6c(c5)-n5c(nc(=O)c7c(Cl)cccc75)C65CCCCC5)CC4)CC3)nn2)C(C)(C)C)cc1,4.180456,4.1022587,0.07819748
CN1CCN(Cc2ccc(NC(=O)c3ccc(F)c(C#Cc4cnc5cccnn45)c3)cc2C(F)(F)F)CC1,5.5100417,5.929715,-0.41967344
[C-]#[N+]c1cccc(Nc2ncc3cc(-c4c(Cl)cccc4Cl)c(=O)oc3n2)c1,4.2136035,4.2053137,0.008289814
CCNC(=O)Nc1nc2ccc(-c3c(Cl)cccc3Cl)cc2[nH]1,4.423659,4.1053185,0.3183403
CCCc1cc(C(=O)CC)cc(CCC)c1O[C@H](C(=O)O)c1ccc(OC(C)C)cc1,4.203426,4.0347953,0.1686306
Nc1ncnc2c1c(-c1cccc(O)c1)cn2[C@H]1C[C@@H](CO)C1,8.267606,8.099664,0.16794205
Nc1n[nH]c2cc(-c3ccc(C(=O)NCCNC(=O)c4ccc(Cl)c(C(F)(F)F)c4)cc3)ccc12,8.0,8.357577,-0.35757732
COc1ccc(Cc2cc([C@]34OC[C@](CO)(O3)[C@@H](O)[C@H](O)[C@@H]4O)ccc2Cl)cc1,4.69897,4.702443,-0.0034732819
Cc1ccc(NC(=O)c2ccc(C(F)(F)F)cc2)cc1-n1cc(-c2cccnc2)cn1,6.0,5.903683,0.096316814
Nc1n[nH]c2cc(-c3cn([C@@H]4CN[C@H](C(=O)Nc5ccc(Br)cc5)C4)nn3)ccc12,5.9100947,6.0772753,-0.16718054
CN(C)CCOc1ccc(C(=O)NCc2cccc(C(=O)N[C@@H](CC(C)(C)C)C(=O)Nc3ccc(CCN(C)C)cc3)c2)cc1,4.30103,4.0409594,0.2600708
O=C(Nc1ccc(OC(F)(F)F)cc1)c1ccc(F)c(-c2ccncc2)c1,7.823909,8.498456,-0.6745472
CCNC(=O)Nc1nc2cc(-c3ccccc3)ccc2[nH]1,5.7212462,5.8793674,-0.15812111
Cc1ccc(NC(=O)c2ccc(CN3CCN(C)CC3)cc2)cc1Nc1nccc(-c2cncc(-c3cn[nH]c3C)c2)n1,8.920818,9.048741,-0.12792301
Cc1ccc(NC(=O)c2ccc(CN3CCN(C)CC3)cc2)cc1Nc1nccc(-c2cncc(C3=NN=C(C(=O)Nc4cn[nH]c4C)C3)c2)n1,9.69897,9.311904,0.3870659
CS(=O)(=O)n1ccc(C(=O)NCC(=O)Nc2nc(-c3cccc(OC(F)F)n3)cs2)c1,5.6777806,5.014321,0.6634598
Cc1cc(-c2ccc3c(c2)-c2nnc(Nc4cccc(OC(F)(F)F)c4)n2CCO3)ccn1,7.207608,7.390236,-0.18262768
Cc1oc(-c2cccs2)nc1CCOc1ccc(CC(C)(Oc2ccccc2)C(=O)O)cc1,4.5985994,4.6338115,-0.03521204
CCNC(=O)Nc1nc2ccc(-c3ccccc3CC)cc2[nH]1,9.376751,9.353998,0.022752762
O=c1nc2n(C3CCCC3)c3cc(C4CCNCC4)ccc3n2c2cccc(Br)c12,8.522879,8.909169,-0.38629055
O=C(N[C@@H](Cc1ccccc1)C(=O)N1CC(C(=O)O)C1)c1c[nH]c2ccc(Cl)cc12,7.387216,8.228925,-0.84170866
Cc1ccc(C(=O)Nc2cc(-n3ccnc3CN(C)C)cc(C(F)(F)F)c2)cc1C#Cc1cnc2ccccn12,8.30103,8.545964,-0.24493408
CCNC(=O)Nc1nc2ccc(-c3c(C)cccc3C)cc2[nH]1,7.39794,5.4634805,1.9344597
CC(=O)N1CCC(COc2cc(F)c3c(=O)[nH]c(CN(C)C4CCN(C(=O)C5CC5)CC4)nc3c2)CC1,3.8239088,3.9971194,-0.17321062
Cc1ccc(NC(=O)c2ccc(CN3CCN(C)CC3)cc2)cc1Nc1nccc(-c2cncc(-c3ccn[nH]3)c2)n1,5.6635404,5.9402165,-0.27667618
Cc1ccc(NC(=O)c2ccc(CN3CCN(C)CC3)cc2)cc1Nc1nccc(-c2cncc(C3=NN=C(C(=O)Nc4ccn[nH]4)C3)c2)n1,6.0,5.984624,0.015376091
Nc1nnc(-c2ccccc2O)cc1N1CCCCC1,5.69897,5.764418,-0.065448284
CCCc1cc(CC2CCCCC2)ccc1OCCCOc1cccc(-c2sc(=O)[nH]c2O)c1,3.7258422,4.0848913,-0.35904908
COc1ccc(C(=O)Nc2ccc(C)c(-n3cc(-c4cccnc4)cn3)c2)cc1,8.79588,8.962961,-0.16708088
CS(=O)(=O)N1CCN(c2cc(-c3ccccc3O)nnc2N)CC1Cc1ccccc1,3.8239088,4.052542,-0.2286334
O=c1[nH]c(O)c(-c2cccc(OCCCOc3ccc(Oc4ccccc4)cc3)c2)s1,4.30103,4.7462993,-0.4452691
COc1cc(Nc2c(C#N)cnc3cc(OCCON4CCN(C)CC4)c(OC)cc23)c(Cl)cc1Cl,9.346787,9.605719,-0.25893116
CCNC(=O)Nc1nc2ccc(-c3ccccc3OC(C)C)cc2[nH]1,6.0,6.402599,-0.40259886
CC(C)(C)n1ccc(C(=O)NCC(=O)Nc2nc(-c3cccc(N4CCC4)n3)cs2)c1,5.6382723,5.168195,0.4700775
Cc1ncsc1-c1ccc([C@H](C)NC(=O)[C@@H]2C[C@@H](O)CN2C(=O)[C@@H](c2cc(OC3CCC(N4CCC(c5ccc6c(c5)C(C)(C)c5nc(=O)c7c(Cl)cccc7n5-6)CC4)CC3)no2)C(C)C)cc1,3.9396799,4.4161525,-0.47647262
Cc1ccc(NC(=O)c2ccc(CN3CCN(C)CC3)cc2)cc1Nc1nccc(-c2cncc(-c3oncc3C)c2)n1,5.3469996,4.948962,0.39803743
O=C(O)CCNc1ncc(C(=O)Nc2ccc(OC(F)(F)F)cc2)cc1-c1ccn[nH]1,5.0,5.3643527,-0.3643527
CC(=O)N1CCc2c1ccc(C)c2-c1ccc2nc(NC(=O)[C@@H]3C[C@@H]3F)sc2c1,7.0013046,6.8595757,0.14172888
FC(F)(F)c1cccc(Nc2nnc3n2CCOc2ccc(-c4ccncc4)cc2-3)c1,6.2676063,6.1888423,0.07876396
O=C1Nc2cc(OC(F)(F)F)ccc2Oc2ccc(-c3ccnc(N4CC[C@H](O)C4)c3)cc21,4.30103,4.294763,0.006267071
CN1CCN(C(=O)c2cc3c(Nc4ccc(OC(F)(F)F)cc4)ncnc3s2)CC1,5.6615434,5.772685,-0.11114168
CCOc1ccc(-c2cccc(CCCc3nn(Cc4ccc(C(C)(C)C)cc4)c(=O)n3CC)c2)cc1CC(=O)O,4.0,4.111696,-0.11169577
Cc1cn(-c2cc(NC(=O)c3ccc(C)c(/C=C/n4cnc5cncnc54)c3)cc(C(F)(F)F)c2)cn1,7.1870866,7.461759,-0.2746725
CC(C)c1ccc(OCCCOc2ccc3c(c2)O[C@@](C)(C(=O)O)CC3)c(Cl)c1,7.549751,7.941871,-0.39212036
CN1CCOc2ccc(c(F)c2)C(=O)NCc2ccc(F)c(c2)C(=O)N[C@@H](CC(C)(C)C)C(=O)Nc2ccc(cc2)CCN(C)C(=O)CC(C)(C)CC1=O,5.3665314,5.62721,-0.26067877
Cc1cc(Nc2cc(N3CCN(C)CC3)nc(Sc3ccc(NC(=O)C4CC4)cc3)n2)n[nH]1,5.268411,4.1238003,1.1446109
CC[C@@](C)(Cc1ccc(OCCCOc2ccc3c(C(F)(F)F)cc(=O)oc3c2C)cc1)C(=O)O,5.0,4.8174486,0.18255138
CN1CCN(c2cc(-c3cc(Nc4ccc(OC(F)(F)F)cc4)ncn3)ccn2)CC1,4.623423,4.428189,0.1952343
Cc1ccc(C(=O)Nc2ccc(CN3CCN(CCF)CC3)c(C(F)(F)F)c2)cc1C#Cc1cnc2ccccn12,7.5850267,7.924828,-0.3398013
Cc1oc(-c2ccccc2)nc1CCOc1cccc(C2=C(CC(=O)O)CCN(C(=O)OCC(C)C)C2)c1,7.552842,8.620099,-1.0672569
CC(C)(C)OC(=O)N1C[C@@H](n2cc(-c3ccc4c(N)n[nH]c4c3)nn2)C[C@H]1C(=O)Nc1ccc(Br)cc1,6.0,5.760793,0.23920679
CN(C[C@H]1C[C@@H]1COc1ccc(C(=O)c2ccc(Br)cc2)c(F)c1)C1CC1,5.2555504,5.58969,-0.33413982
Cc1ccc(C(=O)Nc2cc(-c3cnn(C)c3)cc(C(F)(F)F)c2)cc1Nc1cc(-c2cccnc2)ccn1,3.30103,4.3322744,-1.0312445
COc1cccc(-c2cn(-c3cccc(CO)c3)c3ncnc(N)c23)c1,4.026295,3.6898985,0.3363967
Cc1cc(Nc2cc(N3CCN(C)CC3)nc(Sc3ccc(NC(=O)C4CC4)cc3)n2)[nH]n1,5.4134126,5.727621,-0.3142085
COc1cccc(-c2cn(C3CCC3)c3ncnc(N)c23)c1,7.21467,7.3877587,-0.17308855
Cc1ccc(C(=O)Nc2ccc(CN3CCN(C)CC3)c(C(F)(F)F)c2)cc1C#Cc1cnc(NC2CC2)nc1,5.0,5.456426,-0.45642614
Cc1ncncc1-c1ccc2nc(NC(=O)[C@@H]3C[C@@H]3F)sc2c1,4.8912997,5.511094,-0.61979437
N#Cc1ccncc1-c1ccc2nc(NC(=O)[C@@H]3C[C@@H]3F)sc2c1,7.5606675,8.036773,-0.4761052
Cc1ccc(NC(=O)c2ccc(CN3CCN(C)CC3)cc2)cc1-n1cc(-c2cccnc2)cn1,7.113509,7.707173,-0.5936637
CCCc1cc(C(=O)CC)cc(CCC)c1OC(C(=O)O)c1ccccc1,7.920819,8.139419,-0.2185998
CCCCCCCCCCCOc1cccc(CCC(=O)NC[C@@H](O)COP(=O)(OC)OC[C@H](NC(C)=O)C(=O)O)c1,8.30103,8.078199,0.22283077
Cc1oc(-c2ccccc2)nc1CCOc1cccc(CN(CCCc2ccccc2)CC(=O)O)c1,8.30103,8.267852,0.03317833
COCCOc1ncc(C(=O)Nc2ccc(OC(F)(F)F)cc2)cc1-c1cncnc1,4.375718,4.6177573,-0.2420392
Cc1csc(-c2cncc(-c3ccnc(Nc4cc(NC(=O)c5ccc(CN6CCN(C)CC6)cc5)ccc4C)n3)c2)n1,6.49485,6.240312,0.25453806
c1ccc(-c2cccc(Nc3ncnc4cc5c(cc34)OCO5)c2)cc1,6.756962,6.604959,0.15200281
CCN1CCN(Cc2ccc(NC(=O)c3ccc(C)c(/C=C/c4cnc5[nH]ccc5c4OC)c3)cc2C(F)(F)F)CC1,5.92041,5.3274117,0.5929985
O=C(NNC(=S)Nc1ccc(Cl)c(Cl)c1)c1ccccc1O,6.625252,5.2150474,1.4102044
CN(C)CCOc1ccc(C(=O)NCc2cccc(C(=O)N[C@@H](CC(C)(C)C)C(=O)Nc3ccc(CCC(=O)O)cc3)c2)cc1,5.954595,6.2866387,-0.33204365
CCNC(=O)c1c(OC)cc(-n2cnc3cc(-c4cnn(CC)c4)ccc32)cc1OC,4.008774,4.576528,-0.56775427
Cc1oc(-c2ccccc2)nc1CCOc1ccc(CCC(=O)O)c(CNC(=O)Oc2cnccn2)c1,4.0,4.006224,-0.0062241554
O=c1nc2n(c3cccc(Cl)c13)-c1ccc(C3CCNCC3)cc1C21CCCCCC1,4.823909,4.677397,0.14651203
CCN1CCN(Cc2ccc(NC(=O)Nc3nc4ccc(Oc5ccnc(C(=O)NC)c5)cc4s3)cc2C(F)(F)F)CC1,6.1732774,6.9902883,-0.8170109
Cc1ccc(NC(=O)c2ccc(CN3CCN(C)CC3)cc2)cc1Nc1nccc(-c2cncc(-c3nccs3)c2)n1,7.552842,7.37648,0.17636204
CC(C)n1nc(C#Cc2cccc3cc(-c4cccc(C(F)(F)F)c4)ncc23)c2c(N)ncnc21,7.9746943,8.602735,-0.6280403
CCCc1c(OCCCSc2ccc(CC(=O)O)cc2Cl)ccc2c(-c3ccccc3)coc12,4.7189665,4.481914,0.23705244
COC(=O)CN1CCC(n2cc(-c3cccc(O)c3)c3c(N)ncnc32)C1,5.0,5.0724297,-0.07242966
Cc1oc(-c2ccccc2)nc1CCOc1ccc(Cc2nn(-c3ccccc3)nc2CC(=O)O)cc1,4.6999917,4.926679,-0.22668743
CNCCOc1ccc(C(=O)NCc2cccc(C(=O)N[C@@H](CC(C)(C)C)C(=O)Nc3ccc(CN4CCCC4)cc3)c2)cc1,7.0,7.387071,-0.38707113
Cc1ccc(C(=O)Nc2ccc(CN3CCN(C)CC3)c(C(F)(F)F)c2)cc1/C=C/c1cnc2cccnn12,5.0,4.495268,0.50473213
Nc1c(-c2ccn3nc(NC(=O)[C@@H]4C[C@@H]4F)cc3c2)cnc2[nH]ccc12,5.30103,5.4458747,-0.14484453
Cc1cc(F)ncc1-c1ccc2nc(NC(=O)[C@@H]3C[C@@H]3F)cn2c1,5.0026135,5.545759,-0.54314566
Cc1ccncc1-c1ccc2nc(NC(=O)[C@@H]3C[C@@H]3F)cn2c1,6.102373,6.478437,-0.37606382
Cc1ccc(C(=O)Nc2ccc(CN3CCN(C)CC3)c(C(F)(F)F)c2)cc1C#Cc1cnc(C(=O)NCCO)n1C,6.2596374,7.0916257,-0.83198833
CN(C)c1c(F)cccc1-c1ccc2nc(NC(=O)[C@@H]3C[C@@H]3F)cn2c1,6.0,6.28093,-0.28093004
Cc1c(F)cccc1-c1ccc2nc(NC(=O)C3CCC3)cn2c1,5.0,5.1160226,-0.11602259
Cc1c(F)cccc1-c1ccc2nc(NC(=O)[C@@H]3C[C@@H]3F)c(Cl)n2c1,9.207608,9.283538,-0.07592964
Cc1c(F)cccc1-c1ccc2nc(NC(=O)[C@@H]3C[C@@H]3F)c(C)n2c1,7.3279023,7.687964,-0.36006165
Cc1ccc2[nH]cnc2c1-c1ccc2nc(NC(=O)[C@@H]3C[C@@H]3F)cn2c1,7.337242,7.326338,0.010904312
O=C1Cc2ccc(-c3ccc4nc(NC(=O)[C@@H]5C[C@@H]5F)cn4c3)cc2N1,5.5867004,5.197572,0.3891282
Cc1c(F)cccc1-c1ccc2nc(NC(=O)[C@@H]3C[C@@H]3F)c(Br)n2c1,6.318759,5.8937507,0.4250083
Cc1c(F)cccc1-c1ccc2nc(NC(=O)C3CC(F)C3)cn2c1,4.5970855,4.951719,-0.35463333
O=C(Nc1ccc(OC(F)(F)F)cc1)c1cnc(Cl)c(-c2ccn[nH]2)c1,5.0,5.276875,-0.27687502
Nc1ccc(-c2ccc3nc(NC(=O)[C@@H]4C[C@@H]4F)cn3c2)cn1,4.026452,4.339352,-0.31290007
Cc1c(F)cccc1-c1ccc2nc(NC(=O)C3CC(F)(F)C3)cn2c1,8.180456,8.133511,0.046945572
O=C(Nc1cn2cc(-c3cnccc3Cl)ccc2n1)[C@@H]1C[C@@H]1F,6.79588,6.528324,0.2675557
COCCOCc1c(F)cccc1-c1ccc2nc(NC(=O)[C@@H]3C[C@@H]3F)cn2c1,5.2596374,5.811766,-0.5521288
CC(=O)Nc1ccc(C)c(-c2ccc3nc(NC(=O)[C@@H]4C[C@@H]4F)cn3c2)c1,6.0,5.9257445,0.07425547
Cc1cccc(F)c1-c1ccc2nc(NC(=O)[C@@H]3C[C@@H]3F)c(Cl)n2c1,5.6757174,5.1543775,0.5213399
O=C(Nc1cn2cc(-c3ccccc3C(F)(F)F)ccc2n1)[C@@H]1C[C@@H]1F,5.9829664,6.0604177,-0.07745123
O=C(Nc1cn2cc(-c3ccc4sc(=O)[nH]c4c3)ccc2n1)[C@@H]1C[C@@H]1F,9.376751,8.978181,0.39857006
CN(C)CCOc1ccc(C(=O)NCc2ccc(F)c(C(=O)N[C@@H](CC(C)(C)C)C(=O)Nc3ccc(CCC(=O)O)cc3)c2)cc1,4.69897,4.9143753,-0.21540546
CN(C)CCOc1ccc(C(=O)NCc2cccc(C(=O)N[C@@H](CC(C)(C)C)C(=O)Nc3ccc(CN4CCCC4)cc3)c2)cc1,6.5850267,6.8295193,-0.24449253
Cc1cccc(F)c1-c1ccc2nc(NC(=O)[C@@H]3C[C@@H]3F)c(C)n2c1,4.844664,4.891069,-0.04640484
CC(=O)c1c(F)cccc1-c1ccc2nc(NC(=O)[C@@H]3C[C@@H]3F)cn2c1,6.7851562,6.5473423,0.23781395
Cc1ccnc(F)c1-c1ccc2nc(NC(=O)[C@@H]3C[C@@H]3F)cn2c1,4.026729,4.263682,-0.23695278
O=C(Nc1cn2cc(-c3cccc(F)c3-c3ccco3)ccc2n1)[C@@H]1C[C@@H]1F,4.5228786,5.1591773,-0.63629866
COc1cc(Nc2c(C#N)cnc3cc(OCC4CCCCN4C)c(OC)cc23)c(Cl)cc1Cl,5.9172144,6.051806,-0.13459158
COC[C@H](NC(=O)c1ccn(C2(C#N)CC2)n1)C(=O)Nc1nc(-c2cccc(N3C[C@@H](C)O[C@@H](C)C3)n2)cs1,4.632644,4.3481736,0.28447056
Cc1cc(-c2ccc3c(c2)-c2nnc(Oc4cccc(Cl)c4F)n2CCO3)ccn1,4.0222764,3.6347504,0.38752604
Cc1ccc(C(=O)Nc2ccc(CN3CCN(C(C)C)CC3)c(C(F)(F)F)c2)cc1C#Cc1cnc2ccccn12,7.7931743,7.9116826,-0.11850834
CS(=O)(=O)n1ccc(C(=O)NCC(=O)Nc2nc(-c3cccc(OC(F)(F)F)n3)cs2)c1,4.823909,4.979111,-0.15520239
COC(=O)CN1CCC(n2cc(-c3cccc(O)c3)c3c(N)ncnc32)CC1,6.155523,6.763198,-0.6076751
C=CC(=O)N(c1cc(OC)c(Cl)cc1Cl)c1c(C#N)cnc2cc(OCCCN3CCN(C)CC3)c(OC)cc12,5.080922,4.890159,0.190763
Cc1ccncc1-c1ccc2nc(NC(=O)C3CCC3)sc2c1,3.8239088,4.2807794,-0.45687056
CN1CCN(Cc2cc(NC(=O)c3cccc(C#Cc4cccc5[nH]nc(N)c45)c3)cc(C(F)(F)F)c2)CC1,3.464706,3.3328624,0.13184357
Cc1cnc(-c2cncc(-c3ccnc(Nc4cc(NC(=O)c5ccc(CN6CCN(C)CC6)cc5)ccc4C)n3)c2)s1,8.408936,8.930173,-0.5212374
CCOC(=O)[C@@H]1CSC(c2ccccc2)N1C(=O)c1cn(CCCNC(=O)C(F)(F)F)nn1,9.703335,9.735789,-0.03245449
C[C@]1(C(=O)O)CCc2ccc(OCCCOc3ccc(OC(F)(F)F)cc3Cl)cc2O1,6.603801,6.3764367,0.22736406
O=C(Nc1nc2ccc(-c3cc[nH]n3)cc2s1)[C@@H]1C[C@@H]1F,6.0,5.3355517,0.66444826
Cc1ccc(C(=O)Nc2ccc(CN3CCN(C)CC3)c(C(F)(F)F)c2)cc1C#Cc1ccc(-c2ncc(C(F)(F)F)[nH]2)nc1,4.0457573,4.2285514,-0.1827941
CC(C)(C)OC(=O)N1CCC(n2cc(-c3cccc(O)c3)c3c(N)ncnc32)C1,4.026817,4.0259056,0.0009112358
CCCc1cc(C(=O)CC)cc(CCC)c1O[C@H](C(=O)O)c1ccc(CC(C)C)cc1,6.309804,5.830128,0.47967577
Cc1cc(-c2ccc3c(c2)-c2nnc(Oc4cccc(Cl)c4)n2CCO3)ccn1,7.5689583,7.463506,0.10545206
Cc1cccc(F)c1-c1ccc2nc(NC(=O)C3C[C@H]3CO)sc2c1,9.30103,8.832761,0.46826935
O=C(Nc1cccc(Cl)c1F)N1CCOc2ccc(-c3ccncc3)cc2C1,5.6792307,5.8090653,-0.12983465
Cc1ccc(C(=O)Nc2ccc(CN3CCN(C)CC3)c(C(F)(F)F)c2)cc1C#Cc1cn(C)cn1,4.09691,4.4252973,-0.32838726
C=CCN(C[C@H]1C[C@@H]1COc1ccc(C(=O)c2ccc(Br)cc2)cc1)C1CC1,8.721247,8.087203,0.6340437
CCOc1cc(-c2cccc(CCCc3nn(Cc4ccc(C(C)(C)C)cc4)c(=O)n3CC)c2)ccc1CC(=O)O,8.357536,7.384664,0.97287226
COC[C@H](NC(=O)c1ccn(C2(C)COC2)n1)C(=O)Nc1nc(-c2cccc(N3C[C@@H](C)O[C@@H](C)C3)n2)cs1,4.6999917,4.8007607,-0.10076904
Nc1nnc(-c2ccccc2O)cc1OC1CCN(Cc2ccccc2)C1,5.0,5.667616,-0.6676159
c1coc(CNc2ccc3[nH]nc(-c4nc5ccc(N6CCC(N7CCCCC7)CC6)cc5[nH]4)c3c2)c1,4.39794,4.8838897,-0.48594952
CC[C@]1(C(=O)O)CCc2ccc(OCCCOc3ccc(Oc4ccc(F)cc4)cc3Cl)cc2O1,5.091515,4.376923,0.714592
C=CCN(C)CCCCCCOc1ccc(C(=O)c2ccc(Br)cc2)c(F)c1,7.207608,7.524381,-0.31677294
c1ccc(COc2ccc3[nH]nc(-c4nc5ccc(N6CCC(N7CCCCC7)CC6)cc5[nH]4)c3c2)cc1,6.6382723,6.4845862,0.15368605
Cc1ncsc1-c1ccc([C@H](C)NC(=O)[C@@H]2C[C@@H](O)CN2C(=O)[C@@H](c2cc(OCCCN3CCC(c4ccc5c(c4)C(C)(C)c4nc(=O)c6c(Cl)cccc6n4-5)CC3)no2)C(C)C)cc1,4.823909,5.088824,-0.264915
C[C@]1(C(=O)O)CCc2ccc(OCCCOc3ccc(Oc4ccccc4)cc3Cl)cc2O1,5.0,4.858341,0.14165878
N[C@@H]1CCN(c2c(F)cc3c(=O)c(C(=O)O)cn4c3c2Oc2c-4ccc3c2ccc2ccccc23)C1,4.8996296,4.5929103,0.3067193
COc1cccc(-c2cn(-c3ccccc3)c3ncnc(N)c23)c1,4.7212462,5.035876,-0.31462955
COc1cccc(Oc2ccc3[nH]nc(-c4nc5ccc(N6CCC(N7CCCCC7)CC6)cc5[nH]4)c3c2)c1,9.431798,9.40161,0.030187607
O=C(Nc1ccnc(Cl)c1)Nc1ccnc(C(F)(F)F)c1,9.2218485,8.974376,0.24747276
O=C(Nc1ccc(Cl)c(C(F)(F)F)c1)[C@@H]1C[C@H](n2cc(-c3cncc(C(=O)N4CCOCC4)c3)nn2)CN1,3.2218487,3.9184797,-0.69663095
Nc1nnc(-c2ccccc2O)cc1N1CCN(Cc2cccnc2)CC1,8.459057,8.74664,-0.28758335
CC(C)(C)OC(=O)N1C[C@@H](n2cc(-c3ccc4c(N)n[nH]c4c3)nn2)C[C@H]1C(=O)Nc1ccc(Cl)cc1Cl,8.0,8.396903,-0.39690304
Cc1oc(-c2ccc(C(F)(F)F)cc2)nc1Cn1ccc2cc(C[C@@H](OC(C)C)C(=O)O)ccc21,5.6575775,5.6929746,-0.035397053
Nc1ccc(C(=O)NCC(=O)Nc2nc(-c3cccc(-c4cccnc4)c3)cs2)cc1,5.8860564,6.2013936,-0.31533718
Cc1oc(-c2ccc(C(F)(F)F)cc2)nc1Cn1ccc2cc(CC(OC(C)C)C(=O)O)ccc21,7.318759,8.033355,-0.7145958
CN1CCN(CCC(=O)Nc2ccc3ncnc(Nc4ccc(NC(=O)Nc5cc(C(C)(C)C)nn5-c5cccc(N)c5)cc4)c3c2)CC1,4.7447276,4.7700276,-0.025300026
COC(Cc1ccc(OCCc2nc(-c3ccccc3)oc2C)c2ccccc12)C(=O)O,7.118045,7.628505,-0.5104604
CCCc1cc(C=C2CCCCC2)ccc1OCCCOc1cccc(-c2sc(=O)[nH]c2O)c1,7.318759,6.260896,1.0578628
Cc1ccnc(NS(=O)(=O)c2ccc(Nc3nccc(N(C)c4ccc5c(C)n(C)nc5c4)n3)cc2)n1,5.432268,5.3508477,0.08142042
O=c1nc2n(c3cccc(Br)c13)-c1ccc(C3CCNCC3)cc1C21CCCC1,7.5086384,6.666206,0.8424325
CN(C[C@H]1C[C@@H]1COc1ccc(C(=O)c2ccc(Br)cc2)cc1)C1CC1,4.823909,5.046365,-0.22245598
CCn1nc(C#Cc2cccc3cc(-c4cccc(C(F)(F)F)c4)ncc23)c2c(N)ncnc21,5.0,4.78376,0.21623993
CNC(=O)c1cc(Oc2ccc(NC(=O)Nc3cc(C(C)(C)C)nn3-c3ccc(C)cc3)cc2)ccn1,8.443698,8.907578,-0.46388054
O=C(Nc1nc2ccc(-c3cnccc3C(F)(F)F)cc2s1)[C@@H]1C[C@@H]1F,5.3467875,5.5904174,-0.24362993
Cc1cc(-c2ccc3c(c2)-c2nnc(Nc4cccc(C(F)(F)F)c4)n2CCO3)ccn1,4.367,4.7876716,-0.42067146
Cc1ccc(C(=O)Nc2ccc(CN3CCN(C)CC3)c(C(F)(F)F)c2)cc1C#Cc1cncnc1,4.5058455,4.5166516,-0.010806084
FC(F)(F)Oc1cccc(Nc2nnc3n2CCOc2ccc(-c4ccncc4)cc2-3)c1,8.522879,9.229236,-0.706357
CN(C)CCOc1ccc(C(=O)NCc2cccc(C(=O)N[C@@H](CC(C)(C)C)C(=O)Nc3ccc4nccn4c3)c2)cc1,8.136677,8.090049,0.046628
Cc1ccc(NC(=O)c2ccc(CN3CCN(C)CC3)c(F)c2)cc1Nc1nccc(-c2cccnc2)n1,5.829738,6.01708,-0.18734169
COc1ccc(C(=O)Nc2ccc(OCCN3CCOCC3)cc2)cc1Nc1nccc(-c2cccnc2)n1,5.823909,5.98351,-0.15960121
Cc1ccc(C(=O)Nc2ccc(C)c(Nc3nccc(-c4cccnc4)n3)c2)cc1,5.552842,5.368352,0.1844902
CCOc1ccc(-c2cccc(C(F)(F)CCc3nn(Cc4ccc(C(C)(C)C)cc4)c(=O)n3CC)c2)cc1CC(=O)O,4.925147,4.451094,0.4740529
CCCc1cc(C(=O)CC)cc(CCC)c1O[C@H](C(=O)O)c1ccc(CC)cc1,6.7121983,6.697209,0.014989376
C[C@H]1CN(c2cccc(-c3csc(NC(=O)CNC(=O)c4ccn(C(C)(C)C)c4)n3)n2)C[C@H](C)O1,4.391474,4.3424325,0.04904127
CN1CCN(c2ccc(C(=O)Nc3n[nH]c4c3CN(C(=O)Cc3cccs3)C4)cc2)CC1,9.124939,7.9577794,1.1671596
CC(C)(C)c1cc(NC(=O)Nc2ccc(Oc3ccc4ncncc4c3)cc2)n(-c2ccc3ncccc3c2)n1,5.481486,4.9639335,0.5175524
CN1CCN(c2ccc(C(=O)Nc3[nH]nc4c3CN(C(=O)Cc3cccs3)C4)cc2)CC1,4.0039263,4.012624,-0.00869751
Cc1nnc(-c2cccc(-c3csc(NC(=O)CNC(=O)c4ccc(N)cc4)n3)c2)o1,9.650515,8.995056,0.65545845
Cc1ccc2cc(-c3cccc(C(F)(F)F)c3)ncc2c1C#Cc1nn(C(C)C)c2ncnc(N)c12,6.161151,6.0023556,0.15879536
CC(C)c1ccc(C(=O)Nc2ccc(CN3CCN(C)CC3)c(C(F)(F)F)c2)cc1-n1cc(-c2cnc3[nH]ncc3c2)nn1,3.8239088,3.8246388,-0.0007300377
CC[C@]1(C(=O)O)CCc2ccc(OCCCOc3ccc(OCC(F)(F)F)cc3Cl)cc2O1,4.5109982,4.7557535,-0.24475527
COC(=O)c1cc(NC(=O)[C@H](CC(C)(C)C)NC(=O)c2cccc(CNC(=O)c3ccc(OCCN(C)C)cc3)c2)ccc1C,7.69897,7.6581287,0.040841103
CCc1cn(-c2cc(NC(=O)c3ccc(C)c(C#Cc4cnc5cccnn45)c3)cc(C(F)(F)F)c2)cn1,6.767004,6.548515,0.21848917
COc1cccc(C(=O)N2CCN(C(=O)c3ccc(-c4ccccn4)cc3)CC2)c1,7.09691,6.126701,0.9702091
CCN1CCN(Cc2ccc(NC(=O)CNc3ccc(-c4ccc(NC(=O)C5CC5)nc4)cc3)cc2C(F)(F)F)CC1,4.634512,5.132873,-0.4983611
[C]Oc1cc([C]=C(C(=O)/[C]=[C]/c2ccc([O])c(O[C])c2)C(=O)/[C]=[C]/c2ccc([O])c(O[C])c2)ccc1[O],9.244125,9.604275,-0.36014938
COc1cc2nccc(Oc3c(F)cc(NC(=O)NC4CC4)c(Cl)c3F)c2cc1C(N)=O,5.154902,4.039431,1.1154709
CC1(C)c2c(C3CCNCC3)cccc2-n2c1nc(=O)c1c(Cl)cccc12,4.30103,3.9103663,0.39066386
COC(=O)c1cccc(NC(=O)[C@H](CC(C)(C)C)NC(=O)c2cccc(CNC(=O)c3ccc(OCCN(C)C)cc3)c2)c1,4.5228786,4.730185,-0.20730639
CCn1cnc2c(Nc3ccc(P(=O)(O)CP(=O)(O)O)cc3)nc([C@H]3CC[C@H](N)CC3)nc21,4.0,3.8880672,0.111932755
COC[C@H](NC(=O)c1ccn(S(C)(=O)=O)c1)C(=O)Nc1nc(-c2ccccc2)cs1,7.4436975,7.011084,0.43261337
CCCc1cc(Oc2ccc(Cl)c(Cl)c2)ccc1OCCCOc1cccc(-c2sc(=O)[nH]c2O)c1,9.309804,9.178568,0.13123608
O=C(Nc1cnc2[nH]c(Cc3ccc[nH]3)cc2c1)c1ccccc1Br,5.0,4.861788,0.1382122
CS(=O)(=O)n1ccc(C(=O)NCC(=O)Nc2nc(-c3ccccc3)cs2)c1,6.075721,5.913569,0.16215181
Cc1oc(-c2ccccc2)nc1CCOc1cccc(Cc2nn(-c3ccccc3)nc2C(=O)O)c1,5.61997,6.3056636,-0.68569374
COc1ncccc1-c1cncc(C(=O)Nc2ccc(OC(F)(F)F)cc2)c1,5.782516,6.7328677,-0.9503517
Cc1ccc(C(=O)Nc2ccc(CN3CCN(C)CC3)c(C(F)(F)F)c2)cc1C#Cc1cnc2ncccn12,6.559091,7.0192323,-0.46014118
CCCOC(Cc1ccc(OCCc2nc(-c3ccccc3)oc2C)c2ccccc12)C(=O)O,7.6777806,8.265034,-0.5872531
CC1CN(c2cc(-c3ccccc3O)nnc2N)CC(C)O1,7.69897,8.129628,-0.43065834
COc1cccc(C(Nc2ccc(-c3ccc(NC(c4cccc(OC)c4)n4nc(-c5cc(=O)oc6ccccc56)oc4=S)cc3)cc2)n2nc(-c3cc4ccccc4oc3=O)oc2=S)c1,7.920819,8.17807,-0.25725126
CN(C)c1ccc(C(Nc2ccc(-c3ccc(NC(c4ccc(N(C)C)cc4)n4nc(-c5cc(=O)oc6ccccc56)oc4=S)cc3)cc2)n2nc(-c3cc4ccccc4oc3=O)oc2=S)cc1,7.1487417,7.1321435,0.016598225
COc1cccc(C(Nc2ccc(NC(c3cccc(OC)c3)n3nc(-c4cc(=O)oc5ccccc45)oc3=S)cc2)n2nc(-c3cc4ccccc4oc3=O)oc2=S)c1,6.1001797,5.805796,0.29438353
O=c1cc(-c2nn(C(Nc3ccc(NC(c4ccc([N+](=O)[O-])cc4)n4nc(-c5cc6ccccc6oc5=O)oc4=S)cc3)c3ccc([N+](=O)[O-])cc3)c(=S)o2)c2ccccc2o1,4.39794,4.137295,0.2606454
O=c1cc(-c2nn(C(Nc3ccc(NC(c4cccc(Br)c4)n4nc(-c5cc6ccccc6oc5=O)oc4=S)cc3)c3cccc(Br)c3)c(=S)o2)c2ccccc2o1,5.0,4.9535794,0.046420574
O=c1cc(-c2nn(C(Nc3ccc(NC(c4cccc(Cl)c4)n4nc(-c5cc6ccccc6oc5=O)oc4=S)cc3)c3cccc(Cl)c3)c(=S)o2)c2ccccc2o1,7.3448615,7.323513,0.021348476
Cc1[nH]c2ccccc2c(=O)c1-c1ccc(Oc2ccc(OC(F)(F)F)cc2)cc1,8.142668,7.8951883,0.24747944
CC(C)n1nc(-c2ccc(Cl)c(Cl)c2)c2c(N)ncnc21,6.5228786,6.084246,0.4386325
O=c1oc2ccccc2cc1-c1nn(C(Nc2ccc(Oc3ccc(NC(c4ccc(Br)cc4)n4nc(-c5cc6ccccc6oc5=O)oc4=S)cc3)cc2)c2ccc(Br)cc2)c(=S)o1,6.500313,6.2922254,0.20808744
O=c1cc(-c2nn(C(Nc3ccc(NC(c4ccc(Cl)cc4)n4nc(-c5cc6ccccc6oc5=O)oc4=S)cc3)c3ccc(Cl)cc3)c(=S)o2)c2ccccc2o1,5.0,5.249683,-0.2496829
CN(C)c1ccc(C(Nc2ccc(Oc3ccc(NC(c4ccc(N(C)C)cc4)n4nc(-c5cc6ccccc6oc5=O)oc4=S)cc3)cc2)n2nc(-c3cc4ccccc4oc3=O)oc2=S)cc1,5.8181562,5.6021304,0.21602583
O=c1oc2ccccc2cc1-c1nn(C(Nc2ccc(Oc3ccc(NC(c4ccc(Cl)cc4Cl)n4nc(-c5cc6ccccc6oc5=O)oc4=S)cc3)cc2)c2ccc(Cl)cc2Cl)c(=S)o1,5.429457,4.3974366,1.0320206
O=c1cc(-c2nn(C(Nc3ccc(-c4ccc(NC(c5ccc(Cl)cc5)n5nc(-c6cc7ccccc7oc6=O)oc5=S)cc4)cc3)c3ccc(Cl)cc3)c(=S)o2)c2ccccc2o1,5.258848,6.293386,-1.0345378
O=c1oc2ccccc2cc1-c1nn(C(Nc2ccc(Oc3ccc(NC(c4ccc(Cl)cc4)n4nc(-c5cc6ccccc6oc5=O)oc4=S)cc3)cc2)c2ccc(Cl)cc2)c(=S)o1,4.30103,5.010503,-0.70947266
O=c1cc(-c2nn(C(Nc3ccc(-c4ccc(NC(c5ccc(Cl)cc5Cl)n5nc(-c6cc7ccccc7oc6=O)oc5=S)cc4)cc3)c3ccc(Cl)cc3Cl)c(=S)o2)c2ccccc2o1,5.958607,6.129403,-0.17079592
O=c1cc(-c2nn(C(Nc3ccc(-c4ccc(NC(c5cccc(Br)c5)n5nc(-c6cc7ccccc7oc6=O)oc5=S)cc4)cc3)c3cccc(Br)c3)c(=S)o2)c2ccccc2o1,6.034328,5.9350867,0.09924126
O=c1cc(-c2nn(C(Nc3ccc(-c4ccc(NC(c5cccc(Cl)c5)n5nc(-c6cc7ccccc7oc6=O)oc5=S)cc4)cc3)c3cccc(Cl)c3)c(=S)o2)c2ccccc2o1,5.0,5.112462,-0.112462044
CN(C)c1ccc(C(Nc2ccc(NC(c3ccc(N(C)C)cc3)n3nc(-c4cc(=O)oc5ccccc45)oc3=S)cc2)n2nc(-c3cc4ccccc4oc3=O)oc2=S)cc1,3.3363934,4.244389,-0.9079957
O=c1oc2ccccc2cc1-c1nn(C(Nc2ccc(Oc3ccc(NC(c4cccc(Br)c4)n4nc(-c5cc6ccccc6oc5=O)oc4=S)cc3)cc2)c2cccc(Br)c2)c(=S)o1,5.207608,5.1829457,0.024662495
O=c1oc2ccccc2cc1-c1nn(C(Nc2ccc(Oc3ccc(NC(c4ccc([N+](=O)[O-])cc4)n4nc(-c5cc6ccccc6oc5=O)oc4=S)cc3)cc2)c2ccc([N+](=O)[O-])cc2)c(=S)o1,7.5622497,7.692984,-0.13073444
Nc1ncnc2c1c(-c1ccccc1)cn2-c1ccc(CO)cc1,6.869666,7.082605,-0.21293879
Cc1ncsc1-c1ccc([C@H](C)NC(=O)[C@@H]2C[C@@H](O)CN2C(=O)[C@@H](c2cc(OCCCCN3CCC(c4ccc5c(c4)C(C)(C)c4nc(=O)c6c(Cl)cccc6n4-5)CC3)no2)C(C)C)cc1,4.565431,4.3037443,0.2616868
CCOC(Cc1ccc2c(ccn2Cc2nc(-c3ccc(C(F)(F)F)cc3)oc2C)c1)C(=O)O,7.7695513,8.356842,-0.58729076
O=c1cc(-c2nn(C(Nc3ccc(-c4ccc(NC(c5ccc([N+](=O)[O-])cc5)n5nc(-c6cc7ccccc7oc6=O)oc5=S)cc4)cc3)c3ccc([N+](=O)[O-])cc3)c(=S)o2)c2ccccc2o1,5.7695513,5.763555,0.0059962273
Cc1ccc(C(Nc2ccc(Oc3ccc(NC(c4ccc(C)cc4)n4nc(-c5cc6ccccc6oc5=O)oc4=S)cc3)cc2)n2nc(-c3cc4ccccc4oc3=O)oc2=S)cc1,6.745906,6.167287,0.578619
O=c1cc(-c2nn(C(Nc3ccc(NC(c4ccc(F)cc4)n4nc(-c5cc6ccccc6oc5=O)oc4=S)cc3)c3ccc(F)cc3)c(=S)o2)c2ccccc2o1,5.1509495,5.9121976,-0.7612481
O=c1cc(-c2nn(C(Nc3ccc(NC(c4ccc(Cl)cc4Cl)n4nc(-c5cc6ccccc6oc5=O)oc4=S)cc3)c3ccc(Cl)cc3Cl)c(=S)o2)c2ccccc2o1,7.7212462,8.577292,-0.8560462
Cc1ccc(C(Nc2ccc(-c3ccc(NC(c4ccc(C)cc4)n4nc(-c5cc(=O)oc6ccccc56)oc4=S)cc3)cc2)n2nc(-c3cc4ccccc4oc3=O)oc2=S)cc1,4.026341,4.168339,-0.14199781
Cc1ccc(C(Nc2ccc(NC(c3ccc(C)cc3)n3nc(-c4cc(=O)oc5ccccc45)oc3=S)cc2)n2nc(-c3cc4ccccc4oc3=O)oc2=S)cc1,4.69897,4.6713586,0.027611256
O=c1cc(-c2nn(C(Nc3ccc(-c4ccc(NC(c5ccc(Br)cc5)n5nc(-c6cc7ccccc7oc6=O)oc5=S)cc4)cc3)c3ccc(Br)cc3)c(=S)o2)c2ccccc2o1,7.455932,8.203804,-0.7478719
Cc1ccc(NC(=O)c2ccc(CN3CCN(C)CC3)cc2)cc1Nc1nccc(-c2cncc(-c3nncs3)c2)n1,5.2596374,5.5304933,-0.2708559
COc1cc(-c2n[nH]c3ncc(-c4cccc(N)c4)cc23)cc(OC)c1OC,9.080922,9.274755,-0.1938324
Cc1cnc2c(-c3ccc(F)c4[nH]ncc34)c(N)c(=O)[nH]c2c1C,6.0,7.4631147,-1.4631147
Nc1nnc(-c2ccccc2O)cc1N1CCOCC1,5.2596374,5.0109987,0.24863863
CC(=O)N1CCN(c2cc(-c3ccccc3O)nnc2N)CC1,4.026461,4.0480037,-0.02154255
Cc1ncsc1-c1ccc([C@H](C)NC(=O)[C@@H]2C[C@@H](O)CN2C(=O)[C@@H](c2cc(OCC3(CN4CCC(c5ccc6c(c5)C(C)(C)c5nc(=O)c7c(Cl)cccc7n5-6)CC4)CC3)no2)C(C)C)cc1,5.8860564,5.976195,-0.090138435
CCCc1cc2c(oc(=O)n2C(C)C)c(CCC)c1O[C@H](C(=O)O)c1ccc(C(C)C)cc1,3.30103,4.588702,-1.2876723
Cc1cccnc1-c1ccc2nc(NC(=O)[C@@H]3C[C@@H]3F)sc2c1,4.0,5.384298,-1.3842978
COc1cc(S(=O)(=O)F)ccc1-c1c[nH]c2ncc(-c3cncc(C(=O)N(C)C)c3)cc12,8.30103,8.901872,-0.6008415
CCO[C@@H](Cc1ccc2c(ccn2Cc2nc(-c3ccccc3Cl)oc2C)c1)C(=O)O,4.823909,4.7929435,0.030965328
CCNC(=O)c1c(OC)cc(-n2cnc3cc(-c4cnn(C)c4)ccc32)cc1OC,4.30103,4.616786,-0.31575584
Cc1ccc(C(=O)Nc2ccc(CN3CCN(C)CC3)c(C(F)(F)F)c2)cc1C#Cc1cnc(C)n1C,4.416461,4.2270527,0.1894083
Cc1oc(C2CCCCC2)nc1CCOc1ccc(CC(C)(Oc2ccccc2)C(=O)O)cc1,4.0264196,4.2850223,-0.25860262
CCCc1cc2c(=O)n(C)oc2c(CCC)c1O[C@H](C(=O)O)c1ccc(C(C)C)cc1,9.1549015,9.870188,-0.71528625
C[C@@H]1COCCN1c1cccc(-c2csc(NC(=O)CNC(=O)c3ccn(C(C)(C)C)c3)n2)n1,5.6575775,5.495758,0.16181946
CCc1cc(-c2ccc3c(c2)-c2nnc(Nc4cccc(C(F)(F)F)c4)n2CCO3)ccn1,5.0,5.1423545,-0.14235449
CCCc1cc2c(oc(=O)n2CC)c(CCC)c1O[C@H](C(=O)O)c1ccc(C(C)C)cc1,5.2596374,5.882827,-0.62318945
Cc1cc[n+]([O-])cc1-c1ccc2nc(NC(=O)[C@@H]3C[C@@H]3F)sc2c1,8.987163,8.912744,0.07441902
CCN1CCN(Cc2ccc(NC(=O)c3ccc(C)c(Oc4ccnc5[nH]ccc45)c3)cc2C(F)(F)F)CC1,6.0,5.6638627,0.3361373
CC(C)n1nc(-c2ccc3ccccc3c2)c2c(N)ncnc21,7.6197886,7.2061734,0.41361523
C=CCN(C)C/C=C/COc1ccc2c(-c3ccc(Br)cc3)csc2c1,4.537602,5.0121293,-0.47452736
CN1CCC(CNc2nc3sc4c(c3c(=O)[nH]2)CCCC4)CC1,7.958607,7.9843864,-0.025779247
Cc1ccncc1-c1ccc2nc(NC(=O)C3CC(F)C3)sc2c1,8.886057,8.807824,0.078232765
O=C(Nc1ccc(OC(F)(F)F)cc1)c1cncc(-c2cccnc2O)c1,5.3665314,5.49542,-0.1288886
CCn1c(CCCc2cccc(-c3cccc(C4(C(=O)O)CC4)c3)c2)nn(Cc2ccc(C(C)(C)C)cc2)c1=O,6.7644715,6.576587,0.18788433
Cc1cc(-c2ccc3c(c2)-c2nnc(Oc4cccc(OC(F)(F)F)c4)n2CCO3)ccn1,4.7281585,4.324117,0.4040413
Cc1ccc(C(=O)Nc2ccc(CN3CCOCC3)c(C(F)(F)F)c2)cc1C#Cc1cnc2ccccn12,7.552842,7.5256295,0.02721262
N#Cc1cccc(NC(=O)N2CCOc3ccc(-c4ccncc4)cc3C2)c1,4.6556077,4.369864,0.2857437
CNC(=O)c1cc(Oc2ccc(NC(=O)Nc3cc(C(C)(C)C)nn3C)c(F)c2)ccn1,4.026383,4.084875,-0.058492184
CCCc1ccccc1OCCCOc1cccc(-c2oc(=O)[nH]c2O)c1,5.0,5.2425203,-0.24252033
C=CCN(C)CCCCCCOc1ccc2c(-c3ccc(Br)cc3)coc2c1,5.595166,6.2075033,-0.6123371
CS(=O)(=O)O.Cc1ncc(NC(=O)c2ccc(CN3CCN(C)CC3)c(Cl)c2)cc1Nc1nccc(-c2cccnc2)n1,9.045757,9.58825,-0.54249287
Fc1cc(-c2cccc3ncc(-c4cnn(C5CCNCC5)c4)nc23)cc(F)c1CN1CCOCC1,7.3651724,7.6950436,-0.32987118
Cc1cc(Nc2ncc(C)c(N3CC(O)(C4CC4)C3)n2)sn1,3.59176,3.9166508,-0.32489085
CN(C)CCOc1ccc(C(=O)NCc2cccc(C(=O)N[C@@H](CC(C)(C)C)C(=O)Nc3ccc(Cn4ccnc4)cc3)c2)cc1,8.769551,8.627115,0.14243603
Cc1oc(-c2ccccc2)nc1CCOc1cccc(C[C@@H]2C(=O)N(c3ccc(C(C)(C)C)cc3)[C@@H]2C(=O)O)c1,5.0,4.668676,0.3313241
CCNC(=O)Nc1nc2ccc(-c3cccc(F)c3)cc2[nH]1,4.69897,6.080749,-1.3817792
Cc1cc(Nc2cc(N3CCN(C)CC3)nc(C=Cc3ccccc3)n2)[nH]n1,4.69897,5.1072283,-0.40825844
CC(=O)Nc1nc2ccc(-c3cnccc3C)cc2s1,8.522879,8.396136,0.12674236
Cc1cn([C@H]2C[C@H](N=[N+]=[N-])[C@@H](CO)O2)c(=O)[nH]c1=O,4.3526173,4.389211,-0.036593914
OC[C@H]1O[C@@H](c2ccc3c(c2)Cc2ccc(cc2)OCCCCCC3)[C@H](O)[C@@H](O)[C@@H]1O,5.0,5.0885253,-0.088525295
CC(C)c1c(-c2cnn(Cc3ccc(OC(F)(F)F)cc3)c2)[nH]c2ccccc2c1=O,4.9076304,6.0104527,-1.1028223
O=C1Nc2cc(OC(F)(F)F)ccc2Oc2ccc(-c3ccnc(N4CC[C@@H](O)C4)c3)cc21,6.391474,6.6583095,-0.2668357
Cc1oc(-c2ccccc2)nc1CCOc1cccc(CN(CC(=O)O)Cc2cccc(Oc3ccccc3)c2)c1,8.026872,7.4092755,0.61759615
CCn1c(CCCc2cccc(-c3ccc(F)c(CC(=O)O)c3)c2)nn(Cc2ccc(C(C)(C)C)cc2)c1=O,5.2596374,5.5898356,-0.3301983
Nc1n[nH]c2cccc(-c3ccc(C(=O)N4CCN(C(=O)c5ccccc5Cl)CC4)cc3)c12,4.464706,4.3285985,0.13610744
Cc1cc(-c2cncc(-c3ccnc(Nc4cc(NC(=O)c5ccc(CN6CCNCC6)cc5)ccc4C)n3)c2)on1,8.0,8.461506,-0.4615059
Cc1nc(NC(=O)CN2CCN(C)CC2)sc1-c1ccc2c(/C=C/c3ccccn3)n[nH]c2c1,5.958607,6.3904977,-0.4318905
Nc1ncnc2c1c(-c1ccc(O)cc1)cn2C1CCC1,5.958607,6.0953193,-0.13671207
Cc1oc(-c2ccccc2)nc1CCOc1cccc(Cc2nn(-c3ccccc3)nc2CC(=O)O)c1,4.69897,4.474349,0.22462082
COc1cc2c(Nc3ccc(Br)cc3F)ncnc2cc1OCC1CCN(C)CC1,5.700057,6.2061524,-0.5060954
Nc1n[nH]c2cccc(-c3ccc(C(=O)N4CCN(C(=O)c5cccc(F)c5)CC4)cc3)c12,9.886057,10.666526,-0.78046894
C=CC(=O)N1CCC[C@@H](n2nc(-c3ccc(Oc4ccccc4)cc3)c3c(N)ncnc32)C1,4.0,4.5248613,-0.52486134
C=CC(=O)N1CCCC[C@H]1n1nc(-c2ccc(Oc3ccccc3)cc2)c2c(N)ncnc21,7.2596374,7.3650994,-0.105462074
CC(C)(C)c1nc(-c2ccc3ccccc3c2)c2c(N)nccn12,4.732828,4.943729,-0.21090078
Cc1ncsc1-c1ccc([C@H](C)NC(=O)[C@@H]2C[C@@H](O)CN2C(=O)[C@@H](c2cc(OCCN3CCC(c4ccc5c(c4)C(C)(C)c4nc(=O)c6c(Cl)cccc6n4-5)CC3)no2)C(C)C)cc1,7.045999,6.668226,0.37777328
COc1cc(-c2n[nH]c3ncc(-c4ccc(C)c(NCCO)c4)cc23)cc(OC)c1OC,5.821023,6.139286,-0.31826305
CCCOC(=O)N1C=C(Cc2cccc(OCCc3nc(-c4ccccc4)oc3C)c2)C(C(=O)O)CC1,5.0,5.4505877,-0.45058775
CC1(C)CN(c2cccc(-c3csc(NC(=O)CNC(=O)c4ccn(C(C)(C)C)c4)n3)n2)CCO1,5.4436975,5.585242,-0.14154434
CS(=O)(=O)n1ccc(C(=O)NCC(=O)Nc2nc(-c3cccc(OC4CC4)n3)cs2)c1,4.332547,5.5601077,-1.2275605
COc1cc(Nc2c(C#N)cnc3cc(OC4CCN(C)CC4)c(OC)cc23)c(Cl)cc1Cl,5.5606675,5.2827744,0.27789307
CCCc1cc(C(=O)CC)cc(CCC)c1O[C@H](C(=O)O)c1ccc(C(F)(F)F)cc1,4.0,3.8449411,0.15505886
Cc1cc(-c2ccc3c(c2)-c2nnc(Oc4ccccc4OC(F)(F)F)n2CCO3)ccn1,5.0,4.8970437,0.102956295
OC[C@H]1O[C@@H](c2ccc3c(c2)Cc2ccc(cc2)OC/C=C/CCC3)[C@H](O)[C@@H](O)[C@@H]1O,5.60206,4.9964275,0.6056323
CCOc1ccc(Cc2cc([C@]34OC[C@](CO)(O3)[C@@H](O)[C@H](O)[C@@H]4O)ccc2Cl)cc1,6.6197886,6.533441,0.08634758
CCCc1cc(C(=O)c2ccccc2)ccc1OCCCOc1cccc(-c2sc(=O)[nH]c2O)c1,5.0,5.274654,-0.2746539
CC[C@]1(C(=O)O)CCc2ccc(OCCCOc3ccc(C(F)(F)F)cc3Cl)cc2O1,4.823909,5.117708,-0.2937994
Cc1oc(-c2ccccc2)nc1CCOc1cccc(Cc2cn(-c3ccccc3)cc2C(=O)O)c1,3.4056075,4.1762977,-0.7706902
Cc1oc(-c2ccccc2)nc1CCOc1cccc(CN(CC(=O)O)Cc2ccccc2)c1,6.790485,7.187481,-0.39699602
COc1cccc(N2C(=O)/C(=C/c3ccc(F)cc3)S/C2=N\NC(=O)c2cc3ccccc3oc2=O)c1,5.0,5.198213,-0.1982131
Nc1ncnc2c1c(-c1ccccc1)cn2C1CCC1,7.8416376,8.317754,-0.47611618
Cc1cccc(N2C(=O)/C(=C/c3ccc(F)cc3)S/C2=N\NC(=O)c2cc3ccccc3oc2=O)c1,5.8181562,5.3474617,0.47069454
O=C(N/N=C1\S/C(=C\c2ccc(F)cc2)C(=O)N1c1ccccc1Cl)c1cc2ccccc2oc1=O,5.920819,6.039828,-0.11900902
O=C(N/N=C1\S/C(=C\c2ccc(F)cc2)C(=O)N1c1ccc(Cl)cc1)c1cc2ccccc2oc1=O,4.0920515,4.38063,-0.2885785
COc1ccc(N2C(=O)/C(=C/c3ccc(F)cc3)S/C2=N\NC(=O)c2cc3ccccc3oc2=O)cc1,8.19897,7.870078,0.32889175
CS(=O)(=O)N1CCC(n2nc(Cc3cccc4ccccc34)c3c(N)ncnc32)CC1,7.3467875,7.0325255,0.3142619
Cc1ccc(N2C(=O)/C(=C/c3ccc(F)cc3)S/C2=N\NC(=O)c2cc3ccccc3oc2=O)cc1C,4.823909,5.16599,-0.34208107
Cc1ccc(N2C(=O)/C(=C/c3ccc(F)cc3)S/C2=N\NC(=O)c2cc3ccccc3oc2=O)cc1,4.6197886,5.06331,-0.4435215
Cc1ccc(N2C(=O)/C(=C/c3ccc(F)cc3)S/C2=N\NC(=O)c2cc3ccccc3oc2=O)c(C)c1,5.5114493,5.095922,0.41552734
Cc1oc(-c2ccccc2)nc1CCOc1ccc(CN(CC(=O)O)Cc2ccccn2)cc1,6.0,6.0690184,-0.069018364
COc1ccccc1N1C(=O)/C(=C/c2ccc(F)cc2)S/C1=N\NC(=O)c1cc2ccccc2oc1=O,5.2596374,5.735227,-0.47558975
CN1CCN(c2ccc(Nc3nc(Nc4ccccc4)c4ncn(CC5CC5)c4n3)cc2)CC1,4.30103,4.497621,-0.1965909
CNC(=O)CCc1ccc(NC(=O)[C@H](CC(C)(C)C)NC(=O)c2cc(CNC(=O)c3ccc(OCCN(C)C)cc3)ccc2F)cc1,5.207608,5.0823216,0.12528658
Cc1cc(C)cc(N2C(=O)/C(=C/c3ccc(F)cc3)S/C2=N\NC(=O)c2cc3ccccc3oc2=O)c1,6.920819,7.0573406,-0.13652182
Cc1ccccc1N1C(=O)/C(=C/c2ccc(F)cc2)S/C1=N\NC(=O)c1cc2ccccc2oc1=O,6.0,5.8498836,0.15011644
O=C(Nc1cc(C(F)F)ns1)Nc1ccnc(F)c1CO,5.0,5.0169225,-0.016922474
Cc1cccc(C)c1N1C(=O)/C(=C/c2ccc(F)cc2)S/C1=N\NC(=O)c1cc2ccccc2oc1=O,8.522879,9.213105,-0.69022655
Cc1ncnc(C)c1-c1ccc2nc(NC(=O)[C@@H]3C[C@@H]3F)sc2c1,6.0438313,7.0514703,-1.0076389
Cc1cc(-c2cncc(-c3ccnc(Nc4cc(NC(=O)c5ccc(CN6CCN(C)CC6)cc5)ccc4C)n3)c2)sn1,4.026415,4.0358663,-0.009451389
CNCCOc1ccc(C(=O)NCc2cccc(C(=O)N[C@@H](CC(C)(C)C)C(=O)Nc3ccc(Cn4ccnc4)cc3)c2)cc1,6.0,5.703487,0.29651308
CC(C)(C)n1ccc(C(=O)NCC(=O)Nc2nc(-c3ccccc3)cs2)c1,4.160522,4.473173,-0.31265116
CNC(=O)c1cc(NC(=O)C2=NN=C(c3cncc(-c4ccnc(Nc5cc(NC(=O)c6ccc(CN7CCN(C)CC7)cc6)ccc5C)n4)c3)C2)[nH]n1,4.8268137,4.5641093,0.26270437
CNC(=O)c1cc(-c2cncc(-c3ccnc(Nc4cc(NC(=O)c5ccc(CN6CCN(C)CC6)cc5)ccc4C)n3)c2)[nH]n1,6.4762535,6.910846,-0.43459272
COc1ccccc1NC(=O)N1CCOc2ccc(-c3ccncc3)cc2C1,4.59176,4.386719,0.20504093
CC(Cc1ccccc1)Oc1cc(-c2ccccc2O)nnc1N,5.9698052,5.96331,0.006495476
COc1ccc(C(=O)Nc2cc(-n3cnc(C)c3)cc(C(F)(F)F)c2)cc1C#Cc1cnc2cccnn12,5.0,5.7434335,-0.7434335
Cc1cn(-c2cc(NC(=O)c3ccc(C)c(C#Cc4cnc(NC5CCCCC5)nc4)c3)cc(C(F)(F)F)c2)cn1,3.3799682,2.928296,0.45167208
O=C(NCCO)Nc1nc2ccc(C(=O)c3ccccc3)cc2[nH]1,5.0,5.3446307,-0.34463072
Cc1ccc(C(=O)Nc2cc(-c3cnn(C)c3)cc(C(F)(F)F)c2)cc1Nc1cc(-c2cncnc2)ccn1,9.443698,9.342733,0.100964546
CCCc1cc(Oc2ccc(O)cc2)ccc1OCCCOc1cccc(-c2sc(=O)[nH]c2O)c1,7.537602,7.174756,0.3628459
CCn1cc(-c2ccc3c(c2)ncn3-c2cc(OC)c(C(=O)OC)c(OC)c2)cn1,6.348722,6.625465,-0.27674294
Cc1ccc(NC(=O)c2ccc(CN3CCN(C)CC3)cc2)cc1Nc1nccc(-c2cncc(-c3cnsc3)c2)n1,5.920819,4.7085977,1.2122211
C=CCN(C)CCCCCCOc1ccc(C(=O)c2ccc(Br)cc2)cc1,6.4436975,7.8952622,-1.4515648
Cc1ccc(C(=O)Nc2cc(-c3cnn(C)c3)cc(C(F)(F)F)c2)cc1Nc1cccc2c1C(=O)C(=O)N2C,8.886057,9.363891,-0.47783375
COC(=O)N(CC(=O)O)Cc1cc(OCc2nc(-c3ccc(Cl)cc3)oc2C)ccc1F,4.0,4.389115,-0.38911486
CCc1ccc(C(=O)Nc2cc(CN3CCN(C)CC3)cc(C(F)(F)F)c2)cc1C#Cc1cnc(C)n1C,7.823909,8.781781,-0.9578724
Nc1ncnc2c1c(-c1cccc(O)c1)cn2C1CCN(CCO)CC1,8.0,7.986645,0.013354778
COc1ccc(OC(=O)N(CC(=O)O)Cc2ccc(OCCc3nc(-c4ccc(O)cc4)oc3C)cc2)cc1,6.248721,7.519701,-1.2709799
C[C@@]1(F)[C@H](O)[C@@H](COP(=O)(O)OP(=O)(O)OP(=O)(O)O)O[C@H]1n1cnc2c(=O)[nH]c(N)nc21,4.30103,4.554358,-0.25332785
OC[C@H]1O[C@@H](c2ccc3c(c2)Cc2ccc(cc2)OCCCCCCC3)[C@H](O)[C@@H](O)[C@@H]1O,6.0,5.954517,0.045483112
CCCCCCCCCCCOc1cccc(CCC(=O)NC[C@@H](O)COP(=O)(O)O[C@@H](C)[C@H](NC(C)=O)C(=O)O)c1,5.6575775,5.6403656,0.017211914
Cc1cn(-c2cc(NC(=O)c3ccc(C)c(Nc4cc(-c5cccnc5)ccn4)c3)cc(C(F)(F)F)c2)cn1,6.337242,7.1521425,-0.8149004
Cc1c(-c2ccc3nc(N)c(C(=O)[C@@H]4C[C@@H]4F)n3c2)ccc2[nH]ccc12,5.920819,6.378816,-0.45799732
Cc1ccc(C(c2c[nH]c3ccc(C(=O)NNS(=O)(=O)c4cccc(Cl)c4Cl)cc23)c2c[nH]c3ccc(C(=O)NNS(=O)(=O)c4cccc(Cl)c4Cl)cc23)cc1,5.0,5.127828,-0.12782812
O=C(Cc1ccc(-c2ccc(OCCN3CCOCC3)cc2)cn1)NCc1ccccc1,7.0457573,6.3377395,0.7080178
O=C([C@H](CO)c1ccccc1)N1CC(=C2CN(S(=O)(=O)c3cnc4c(c3)OCCO4)C2)C1,9.327902,9.698863,-0.3709612
CCCc1cc2c(oc(=O)n2CC(F)(F)F)c(CCC)c1O[C@H](C(=O)O)c1ccc(C(C)C)cc1,8.0,7.947973,0.052027225
O=C([C@H](CO)c1ccccc1)N1CC(=C2CN(S(=O)(=O)c3ccc4c(c3)OCCO4)C2)C1,8.0,8.484612,-0.48461246
COc1ccc(S(=O)(=O)N2CC(=C3CN(C(=O)[C@H](CO)c4ccccc4)C3)C2)cc1,6.0,5.718904,0.28109598
Cc1ccc(C(c2c[nH]c3ccc(C(=O)NNS(=O)(=O)c4ccccc4Br)cc23)c2c[nH]c3ccc(C(=O)NNS(=O)(=O)c4ccccc4Br)cc23)cc1,6.133713,6.6625085,-0.5287957
Cc1ccc(C(c2c[nH]c3ccc(C(=O)NNS(=O)(=O)c4ccc(Cl)cc4Cl)cc23)c2c[nH]c3ccc(C(=O)NNS(=O)(=O)c4ccc(Cl)cc4Cl)cc23)cc1,5.0,5.455842,-0.45584202
CCCc1cc2c(C(F)(F)F)noc2c(CCC)c1OC(C)(CC)C(=O)O,4.950782,4.501657,0.4491248
Cc1c(-c2ccc(Cc3ccc(F)cc3)cc2)[nH]c2ccccc2c1=O,6.0,6.530983,-0.530983
Cc1cs/c(=N\C(=O)c2ccccc2Cl)n1-c1cc(Cl)c(Cl)cc1Cl,4.02647,3.8036115,0.22285867
C=CC(=O)N1CCC[C@H]1C(=O)Nc1cc2c(Nc3ccc(F)c(Cl)c3F)ncnc2cc1OCCOC,4.0,4.4957547,-0.49575472
Cc1ncsc1-c1ccc([C@H](C)NC(=O)[C@@H]2C[C@@H](O)CN2C(=O)[C@@H](c2cc(OCCN3CCN4c5cc(-c6ccccc6O)nnc5NCC4C3)no2)C(C)C)cc1,4.2027326,4.1114626,0.09126997
Cc1ccc(C(c2c[nH]c3ccc(C(=O)NNS(=O)(=O)c4cc(Cl)cc(Cl)c4)cc23)c2c[nH]c3ccc(C(=O)NNS(=O)(=O)c4cc(Cl)cc(Cl)c4)cc23)cc1,4.8057356,4.556804,0.24893141
Nc1nc2ccc(-c3cc(F)cc4[nH]ccc34)cn2c1C(=O)[C@@H]1C[C@@H]1F,5.890042,6.3014226,-0.41138077
Nc1nc2ccc(-c3c[nH]c4ccccc34)cn2c1C(=O)[C@@H]1C[C@@H]1F,9.387217,9.094533,0.2926836
Cc1ccc(C(c2c[nH]c3ccc(C(=O)NNS(=O)(=O)c4ccc(Cl)c(Cl)c4)cc23)c2c[nH]c3ccc(C(=O)NNS(=O)(=O)c4ccc(Cl)c(Cl)c4)cc23)cc1,9.943028,9.585149,0.35787964
Nc1nc2ccc(-c3ccnc4[nH]ccc34)cn2c1C(=O)[C@@H]1C[C@@H]1F,6.38934,6.307148,0.082191944
Cc1ncsc1-c1ccc([C@H](C)NC(=O)[C@@H]2C[C@@H](O)CN2C(=O)[C@@H](c2cc(OCCN3CCC(CN4CCN5c6cc(-c7ccccc7O)nnc6NCC5C4)CC3)no2)C(C)C)cc1,4.5806227,4.8290052,-0.24838257
Nc1nc2ccc(-c3cccc4[nH]ccc34)cn2c1C(=O)[C@@H]1C[C@@H]1F,8.275724,8.827565,-0.5518408
Nc1nc2ccc(-c3ccc4[nH]ccc4c3)cn2c1C(=O)[C@@H]1C[C@@H]1F,5.559091,5.1663065,0.3927846
Cc1c(F)cc2[nH]ccc2c1-c1ccc2nc(N)c(C(=O)[C@@H]3C[C@@H]3F)n2c1,4.2139587,4.656442,-0.44248343
Cc1c(F)cccc1-c1ccc2nc(N)c(C(=O)[C@@H]3C[C@@H]3F)n2c1,5.3565474,5.3203216,0.036225796
C[C@@H](Oc1ccc2[nH]nc(-c3nc4cc(N5CCN(C)CC5)ccc4[nH]3)c2c1)c1c(Cl)cncc1Cl,4.60206,4.65313,-0.051070213
COc1ccc(C(=O)/N=c2\scc(C)n2-c2cc(Cl)c(Cl)cc2Cl)cc1,5.154902,6.2200036,-1.0651016
CCCc1cc(Oc2ccc(Cl)cc2)ccc1OCCCOc1cccc(-c2sc(=O)[nH]c2O)c1,6.705534,7.6560216,-0.9504876
Cc1cs/c(=N\C(=O)c2ccco2)n1-c1cc(Cl)c(Cl)cc1Cl,4.481486,4.456034,0.02545166
CN1CCN(Cc2ccc(C(=O)Nc3cccc(Nc4nccc(-c5cccnc5)n4)c3)cc2)CC1,7.070581,7.005713,0.06486797
Cc1ccc(C(c2c[nH]c3ccc(C(=O)NNS(=O)(=O)c4ccc(C)cc4)cc23)c2c[nH]c3ccc(C(=O)NNS(=O)(=O)c4ccc(C)cc4)cc23)cc1,5.236572,5.4102354,-0.17366362
Cc1ccc(C(c2c[nH]c3ccc(C(=O)NNS(=O)(=O)c4ccccc4Cl)cc23)c2c[nH]c3ccc(C(=O)NNS(=O)(=O)c4ccccc4Cl)cc23)cc1,5.8477116,5.8587136,-0.011002064
Cc1ccc(C(c2c[nH]c3ccc(C(=O)NNS(=O)(=O)c4ccc(Br)cc4)cc23)c2c[nH]c3ccc(C(=O)NNS(=O)(=O)c4ccc(Br)cc4)cc23)cc1,5.291015,6.1019006,-0.8108854
Cc1ccc(C(c2c[nH]c3ccc(C(=O)NNS(=O)(=O)c4cc(Cl)ccc4Cl)cc23)c2c[nH]c3ccc(C(=O)NNS(=O)(=O)c4cc(Cl)ccc4Cl)cc23)cc1,4.026383,4.7416387,-0.71525574
O=C(NCCC1CCNCC1)Nc1nc2ccc(C(=O)c3ccccc3)cc2[nH]1,4.026401,3.861691,0.16471004
COc1cccc(NC(=O)C2=NN=C(c3cncc(-c4ccnc(Nc5cc(NC(=O)c6ccc(CN7CCN(C)CC7)cc6)ccc5C)n4)c3)C2)c1,8.920818,9.193997,-0.27317905
Cc1cccc(C(=O)/N=c2\scc(C)n2-c2cc(Cl)c(Cl)cc2Cl)c1,5.6946487,6.028028,-0.33337927
O=C(NC1=NN(c2ccc(Cl)c(Cl)c2)CC1CCO)c1ccncc1,5.0,4.859202,0.14079809
Cc1ncsc1-c1ccc([C@H](C)NC(=O)[C@@H]2C[C@@H](O)CN2C(=O)[C@@H](NC(=O)CN2CCN3c4cc(-c5ccccc5O)nnc4NCC3C2)C(C)(C)C)cc1,5.6575775,5.636668,0.02090931
COc1cccc(-c2cncc(-c3ccnc(Nc4cc(NC(=O)c5ccc(CN6CCN(C)CC6)cc5)ccc4C)n3)c2)c1,8.378823,8.308866,0.06995773
CC[C@@](C)(Cc1ccc(OCCCOc2ccc(Oc3ccc(F)cc3)cc2Cl)cc1)C(=O)O,6.737549,7.02521,-0.28766108
Cc1ccc(NC(=O)c2ccc(CN3CCN(C)CC3)cc2)cc1Nc1nccc(-c2cncc(-c3cc(C(N)=O)n[nH]3)c2)n1,7.1444807,7.7915244,-0.6470437
Cc1ccc(NC(=O)c2ccc(CN3CCN(C)CC3)cc2)cc1Nc1nccc(-c2cncc(C3=NN=C(C(=O)Nc4cc(C(=O)O)n[nH]4)C3)c2)n1,4.30103,4.5844874,-0.28345728
Cc1cc(-c2ccc3c(c2)-c2nnc(Oc4ccccc4Cl)n2CCO3)ccn1,8.0,8.128497,-0.12849712
OC[C@H]1O[C@@H](c2ccc3c(c2)Cc2ccc(cc2)OC/C=C/CCCC3)[C@H](O)[C@@H](O)[C@@H]1O,4.6292095,4.825621,-0.19641161
Cc1ccncc1-c1ccc2nc(NC(=O)[C@H]3C[C@H](F)C3)sc2c1,5.3151546,6.2630863,-0.94793177
Cc1ccc(C(=O)Nc2cccc(C#Cc3cccc4[nH]nc(N)c34)c2)cc1C(F)(F)F,4.5638375,4.537682,0.026155472
O=C1Nc2cc(OC(F)(F)F)ccc2S(=O)(=O)c2ccc(-c3ccnc(N4CCOCC4)c3)cc21,6.221849,6.053162,0.16868687
Cc1cccc(C)c1NC(=O)CCCCCC1NC(=O)NC1C,4.8863907,5.032361,-0.14597034
COc1ccc(-c2cncc(-c3ccnc(Nc4cc(NC(=O)c5ccc(CN6CCN(C)CC6)cc5)ccc4C)n3)c2)cc1,9.283997,9.713139,-0.429142
COc1ccc(NC(=O)C2=NN=C(c3cncc(-c4ccnc(Nc5cc(NC(=O)c6ccc(CN7CCN(C)CC7)cc6)ccc5C)n4)c3)C2)cc1,4.723607,4.388743,0.33486414
Cc1ccc(NC(=O)c2ccc(CN3CCN(C)CC3)cc2)cc1Nc1nccc(-c2cncc(C3=NN=C(C(=O)Nc4cc(C(N)=O)n[nH]4)C3)c2)n1,5.053155,4.8536544,0.19950056
O=C(Nc1cccc(Cl)c1)N1CCOc2ccc(-c3ccncc3)cc2C1,5.0,5.663604,-0.6636038
Cc1ccc(NC(=O)c2ccc(CN3CCOCC3)cc2)cc1-n1cc(-c2cnc3cccnn23)cn1,4.180456,4.293609,-0.11315298
O=C(Nc1cccc(C(F)(F)F)c1)N1CCOc2ccc(-c3ccncc3)cc2C1,3.8239088,3.7301736,0.09373522
N#Cc1cccc(NC(=O)N2CCOc3ccc(-n4ccnc4)cc3C2)c1,6.51995,6.5958924,-0.07594252
CCn1c(CCCc2cccc(-c3ccc(C(=O)O)cc3)c2)nn(Cc2ccc(C(C)(C)C)cc2)c1=O,5.69897,5.068819,0.6301508
Nc1ncnc2c1c(-c1ccc(O)cc1)cn2C1CCCC1,5.39794,5.269506,0.12843418
Cc1oc(-c2ccccc2)nc1CCOc1cccc(CN(CC(=O)O)Cc2ccc(Oc3ccccc3)cc2)c1,4.4434805,4.947101,-0.5036206
Cc1oc(-c2ccccc2)nc1CCOc1ccc(CCC2=C(C(=O)O)CCN(C(=O)OCC(C)C)C2)cc1,6.2700257,6.810494,-0.5404682
C[C@]1(C(=O)O)CCc2ccc(OCCCOc3ccc(OCC(F)(F)F)cc3Cl)cc2O1,4.30103,4.656682,-0.35565186
CN1CCN(c2ccc(Nc3nc(Nc4ccc(F)cc4)c4ncn(CC5CC5)c4n3)cc2)CC1,6.2343316,7.31873,-1.0843983
O=C(Nc1ccnc(Cl)c1)Nc1ccnc(C(F)F)c1,7.0,6.555447,0.4445529
Nc1n[nH]c2cccc(-c3ccc(C(=O)NCCNC(=O)c4ccc(Cl)c(C(F)(F)F)c4)cc3)c12,7.154902,7.2319193,-0.07701731
COc1cc2nccc(Oc3ccc4c(C(N)=O)cccc4c3)c2cc1OC,4.0260367,4.051414,-0.025377274
CS(=O)(=O)n1ccc(C(=O)NCC(=O)Nc2nc(-c3cccc(N4CCC4)n3)cs2)c1,4.6516953,4.372467,0.2792282
Cc1ccnc(-c2ccc(C(=O)N3CCN(C(=O)c4cccc(C(F)(F)F)c4)CC3)cc2)c1,5.485452,5.4578648,0.027587414
CCCc1cc(Oc2ccc(F)c(C)c2)ccc1OCCCOc1cccc(-c2sc(=O)[nH]c2O)c1,8.522879,9.0660715,-0.54319286
CN(CCO)c1cccc(-c2ccc3c(c2)C(=O)Nc2cc(OC(F)(F)F)ccc2O3)n1,6.0,5.8894486,0.11055136
COC[C@H](NC(=O)c1cn(C(C)(C)C)cn1)C(=O)Nc1nc(-c2cccc(N3C[C@@H](C)O[C@@H](C)C3)n2)cs1,9.207608,9.167537,0.040071487
CCCc1c(OCCCOc2ccc3c(ccn3CC(=O)O)c2)ccc2cc(C(=O)c3ccccc3)ccc12,7.0457573,6.752118,0.29363918
O=C(Nc1ccc(OC(F)(F)F)cc1)c1cncc(-c2cnn(CCO)c2)c1,4.69897,5.0641294,-0.3651595
O=C(O)Cn1ccc2ccc(OCCCOc3ccc(C(=O)c4ccc(F)cc4)cc3)cc21,7.2596374,7.7581964,-0.498559
CN(C)CC1CCN(CCn2nc(-c3cnc4[nH]ccc4c3)c3c(N)ncnc32)CC1,4.154902,4.5082197,-0.35331774
O=C(O)C(Cc1ccc(OCCCOc2ccc(Oc3ccc(F)cc3)cc2Cl)cc1)C1CCC1,5.853872,5.701709,0.15216303
O=C(c1cc2c(Nc3ccc(OC(F)(F)F)cc3)ncnc2s1)N1CCC[C@H]1CO,3.69897,3.901978,-0.20300794
Cc1nsc(-c2ccc3nc(NC(=O)[C@@H]4C[C@@H]4F)sc3c2)c1Cl,6.3526173,7.2904096,-0.9377923
Cc1ccc(C(C)(C)O)cc1-c1ccc2nc(NC(=O)[C@@H]3C[C@@H]3F)sc2c1,4.0,4.049092,-0.049091816
CCOC(Cc1ccc2c(ccn2Cc2nc(-c3ccc(C(C)C)cc3)oc2C)c1)C(=O)O,4.860121,4.3704963,0.4896245
Cc1ccc(NC(=O)c2ccc(CN3CCCC3)cc2)cc1-n1cc(-c2cccnc2)cn1,4.652124,4.823073,-0.17094898
O=C1Nc2cc(OC(F)(F)F)ccc2Oc2ccc(-c3cccc(N4CC[C@@H](O)C4)n3)cc21,5.9829664,5.7499213,0.2330451
Cc1ccc(C(=O)Nc2cc(-n3cnc(C(C)C)c3)cc(C(F)(F)F)c2)cc1C#Cc1cnc2cccnn12,7.207608,6.9877653,0.21984291
CCCOc1ccc(-c2cccc(CCCc3nn(Cc4ccc(C(C)(C)C)cc4)c(=O)n3CC)c2)cc1C(=O)O,3.30103,4.7345366,-1.4335067
CCN1CCc2ccc(-n3cc(C(=O)N4CCC(F)CC4)c4cc(OC)c(OC)cc4c3=O)cc21,4.0665126,4.0370574,0.029455185
CN(C)CCOc1ccc(C(=O)NCc2cccc(C(=O)N[C@@H](CC(C)(C)C)C(=O)Nc3ccc(CCN4CCOCC4)cc3)c2)cc1,5.4584208,5.6942577,-0.23583698
CN(C)C(=O)CN1CCC(n2cc(-c3cccc(O)c3)c3c(N)ncnc32)CC1,7.2006593,7.123841,0.076818466
Cc1c2ccc(N(C)c3ccnc(Nc4ccc(S(=O)(=O)Nc5ncccn5)cc4)n3)cc2nn1C,5.0,5.071517,-0.07151699
CCC1(C(=O)O)CCc2ccc(OCCCOc3ccc(Oc4ccccc4)cc3Cl)cc2O1,5.5686364,6.580489,-1.0118527
CC1(C(=O)O)CCc2ccc(OCCCOc3ccc(Oc4ccccc4)cc3Cl)cc2O1,8.79588,8.621444,0.17443657
NS(=O)(=O)c1ccc(-c2cc(Nc3ccc(OC(F)(F)F)cc3)ncn2)cc1,5.2596374,4.9370685,0.3225689
CCCCCCCN(CCc1ccc(SC(C)(C)C(=O)O)cc1)C(=O)Nc1ccc(F)cc1F,9.102373,9.000892,0.10148144
O=C(Nc1nc2ccc(-c3cncnc3C(F)(F)F)cc2s1)[C@@H]1C[C@@H]1F,5.0,4.837024,0.16297579
CCCCCCCCCCCOc1cccc(CCC(=O)NC[C@@H](O)COP(=O)(O)O[C@H](C)[C@H](NC(C)=O)C(=O)O)c1,5.7212462,5.9215975,-0.20035124
CCOC(Cc1ccc2c(ccn2Cc2nc(-c3ccc(F)cc3)oc2C)c1)C(=O)O,5.7447276,6.3373737,-0.5926461
CCn1c(CCCc2cccc(-c3ccc(OCc4ccccc4)c(CC(=O)O)c3)c2)nn(Cc2ccc(C(C)(C)C)cc2)c1=O,4.6197886,4.7500486,-0.13025999
COc1cc(-c2n[nH]c3ncc(-c4cccc5[nH]ncc45)cc23)cc(OC)c1OC,5.6575775,5.6143856,0.04319191
CCC1(CC)C=C(C(F)(F)F)c2cc(Cl)c(OCCCOc3ccc(C[C@](C)(CC)C(=O)O)cc3)cc2O1,8.19382,8.977263,-0.78344345
CCOC(Cc1cccc2c1ccn2Cc1nc(-c2ccccc2)oc1C)C(=O)O,4.30103,4.1264853,0.17454481
COc1cc2ncnc(Nc3cccc(Cl)c3)c2cc1OC,6.630784,6.9182673,-0.28748322
CCOC(Cc1ccc2c(ccn2Cc2nc(-c3ccccc3C)oc2C)c1)C(=O)O,6.90309,6.682323,0.22076702
Cc1cn(-c2cc(NC(=O)c3ccc(C)c(C#Cc4cnc(NC(C)C)nc4)c3)cc(C(F)(F)F)c2)cn1,6.5100417,6.2065883,0.30345345
CCO[C@@H](Cc1cccc2c1ccn2Cc1nc(-c2ccccc2)oc1C)C(=O)O,5.0,5.015689,-0.015688896
O=C(NC1=NN(c2ccc(Cl)c(Cl)c2)CC1CCO)c1cccnc1,3.2218487,3.357273,-0.13542438
O=C(NC1=NN(c2ccc(Cl)c(Cl)c2)CC1)c1cccnc1F,4.3565474,4.471257,-0.114709854
O=C(NC1=NN(c2ccc(Cl)c(Cl)c2)CC1)c1ccncc1F,5.30103,5.6618214,-0.3607912
CC(=O)NC1=NN(c2ccc(Cl)c(Cl)c2)C[C@@H]1C,4.39794,4.6922574,-0.29431725
N#CCC(=O)Nc1csc(-c2ccc(Cl)c(Cl)c2)n1,7.154902,7.348204,-0.19330215
Cc1cc(SCc2ccc(OCc3ccc(C(F)(F)F)cc3)cc2)c(Cl)cc1OCC(=O)O,6.0,6.086672,-0.08667183
Cc1cccc(F)c1-c1ccc2nc(NC(=O)[C@H]3C[C@H]3CO)sc2c1,8.376751,8.610778,-0.23402691
Cc1ccc(NC(=O)c2ccc(CN3CCN(C)CC3)cc2)cc1Nc1nccc(-c2cncc(-c3ccns3)c2)n1,5.8416376,5.8778834,-0.036245823
Nc1nc2ccc(-c3cn([C@@H]4CN[C@H](C(=O)Nc5ccc(F)c(F)c5)C4)nn3)nc2s1,8.0,8.121535,-0.1215353
Cc1ccc(C(=O)Nc2ccc(CN3CCN(C)CC3)c(C(F)(F)F)c2)cc1C#Cc1cncn1C,3.8239088,3.9585583,-0.13464952
CCNC(=O)c1c(OC)cc(-n2cnc3cc(-c4cnn(CCOC)c4)ccc32)cc1OC,5.0,5.163955,-0.16395521
CCN(CC)Cc1ccc(C(=O)Nc2ccc(C)c(-n3cc(-c4cccnc4)cn3)c2)cc1,9.2218485,9.871156,-0.64930725
Cc1oc(-c2ccccc2)nc1CCOc1cccc(CC2=CN(C(=O)OCC(C)C)CCC2C(=O)O)c1,4.30103,4.5176024,-0.21657228
c1ccc(CNc2ccc3[nH]nc(-c4nc5ccc(N6CCC(N7CCCCC7)CC6)cc5[nH]4)c3c2)cc1,9.30103,9.365621,-0.064590454
CCCCCCC(=O)N(CC(=O)O)C[C@@H]1CSC(c2ccccc2)N1C(=O)c1ccccc1,7.2596374,7.4096727,-0.15003538
CCCC(Cc1ccc(OCCCOc2ccc(Oc3ccc(F)cc3)cc2Cl)cc1)C(=O)O,8.508638,8.32537,0.18326855
C=CCN(C)C/C=C/COc1ccc(-c2nsc3cc(Br)ccc23)cc1,3.4317982,4.2196727,-0.78787446
CCCc1cc(C(=O)C(C)(C)C)cc(CCC)c1OC(C(=O)O)c1ccccc1,5.6575775,6.0518656,-0.39428806
CCCc1cc2c(oc(=O)n2CC2CC2)c(CCC)c1O[C@H](C(=O)O)c1ccc(C(C)C)cc1,6.30103,6.155946,0.14508438
O=C(Nc1nc2ccc(B(O)O)cc2s1)[C@@H]1C[C@@H]1F,6.0,6.152543,-0.15254307
O=C(Nc1ccc(F)c(Cl)c1)N1CCOc2ccc(-c3ccncc3)cc2C1,5.2441254,4.836748,0.40737724
Cc1oc(-c2cccc(-c3ccccc3)c2)nc1CCOc1ccc(CC(C)(Oc2ccc(C(C)(C)C)cc2)C(=O)O)cc1,6.0,5.944896,0.05510378
C=CC(=O)N1CCC(n2nc(C#Cc3cc(C(=O)Nc4ccc(CN5CCN(C)CC5)c(C(F)(F)F)c4)ccc3C)c3c(N)ncnc32)CC1,5.0,5.337296,-0.337296
CCn1cc(-c2ccc3c(c2)ncn3-c2cc(OC)c(C(=O)NC3CC3)c(OC)c2)cn1,5.0,5.8692527,-0.8692527
Cc1ccc(NC(=O)c2cccc(C(F)(F)F)c2)cc1N1Cc2cnc(Nc3ccccc3)nc2N(C)C1=O,4.7292047,4.817967,-0.08876228
Cc1ccc(C(=O)Nc2cccc(C(F)(F)F)c2)cc1Nc1nccc(-c2cccnc2)n1,7.09691,6.9201264,0.17678356
Cc1cc(NC(=O)c2ccc(C)c(Nc3nccc(-c4cccnc4)n3)c2)cc(-n2cnc(C)c2)c1,6.4023046,6.7004094,-0.29810476
CCOc1ccc(-c2cccc(CCCc3nn(Cc4ccc(C(C)(C)C)cc4)c(=O)n3CC)c2)cc1C1(C(=O)O)CC1,5.30103,6.0346723,-0.7336421
C[C@@H]1CN(c2cccc(-c3csc(NC(=O)CN(C)C(=O)c4ccn(S(C)(=O)=O)c4)n3)n2)C[C@H](C)O1,8.638272,9.463796,-0.8255234
CC(=O)c1cccc(-c2cc(Nc3ccc(OC(F)(F)F)cc3)ncn2)c1,6.823909,7.3156414,-0.4917326
O=C(Nc1ccc(Cl)c(Cl)c1)N1CCOc2ccc(-c3ccncc3)cc2C1,5.9480762,6.2412953,-0.2932191
CCNC(=O)Nc1nc2ccc(-c3cccc(C)c3)cc2[nH]1,5.39794,4.8210917,0.5768485
C[C@]1(C(=O)O)CCc2ccc(OCCCOc3ccc(Oc4ccc(F)cc4)cc3Cl)cc2O1,4.490394,4.34908,0.14131403
FC(F)(F)Oc1ccc(Nc2cc(-c3cccc4[nH]ccc34)ncn2)cc1,5.0,5.9294643,-0.92946434
Nc1ncnc2c1c(-c1ccccc1)cn2C1CCCC1,5.229222,6.199178,-0.9699564
Cc1c(Nc2ccc(OC(F)(F)F)cc2)ncnc1-c1ccc(C(=O)NCCN2CCOCC2)cc1,9.283997,9.846365,-0.5623684
Cc1c(-c2ccc(Oc3ccc(OC(F)(F)F)cc3)nc2)[nH]c2ccccc2c1=O,5.0,5.0256186,-0.025618553
CC(C)(C)c1cc(NC(=O)Nc2cccc(Cl)c2Cl)n(-c2ccc3ncccc3c2)n1,4.5418158,4.778035,-0.2362194
Cc1oc(-c2ccccc2)nc1CCOc1cccc(Cc2cn(-c3ccccc3)nc2C(=O)O)c1,5.6382723,5.650189,-0.011916637
Cc1oc(-c2ccccc2)nc1CCOc1ccc(CN(CC(=O)O)Cc2cccc3ccccc23)cc1,4.69897,4.727429,-0.028459072
CCn1c(CCCc2cccc(-c3ccc(CC(=O)O)c(OC)c3)c2)nn(Cc2ccc(C(C)(C)C)cc2)c1=O,4.7212462,4.9467783,-0.22553205
CCCc1c(OCCCN(C)c2ccc(CC(=O)O)c(C(F)(F)F)c2)ccc2c(C(F)(F)F)noc12,9.142668,9.297397,-0.15472889
C=CCN(C)CCCCCCOc1ccc(-c2nsc3cc(Br)ccc23)cc1,9.426936,9.63815,-0.21121407
CCn1c(CCCc2cccc(-c3ccc(OCC4CC4)c(CC(=O)O)c3)c2)nn(Cc2ccc(C(C)(C)C)cc2)c1=O,6.9706163,7.0172863,-0.04666996
CCCCc1cc(NC(=O)c2ccc(C)c(Nc3nccc(-c4ccccc4)n3)c2)cc(-n2cnc(C)c2)c1,5.869666,5.702076,0.16759014
Cc1cccc(F)c1-c1cc(F)c2nc(NC(=O)[C@@H]3C[C@@H]3F)sc2c1,7.251812,6.9179964,0.33381557
COc1cccc(C(=O)N2CCN(C(=O)c3ccc(-c4ccc(C)nc4)cc3)CC2)c1,9.508638,9.08303,0.42560863
Cc1ccc(C(=O)Nc2cc(-n3cnc4ccccc43)cc(C(F)(F)F)c2)cc1C#Cc1cnc2cccnn12,4.90309,5.064133,-0.16104317
O=C(CNc1ccc(-c2ccc(NC(=O)C3CC3)nc2)cc1)Nc1ccc(CN2CCNCC2)c(C(F)(F)F)c1,5.2196107,5.5609584,-0.3413477
CCN1CCN(CCCOc2cc3nccc(Oc4c(F)cc(NC(=O)NN5C(=O)CSC5c5ccc(F)cc5F)cc4F)c3cc2OC)CC1,6.0783134,6.5084767,-0.43016338
O=C(Nc1cccc(Oc2ccccc2)c1)N1CCOc2ccc(-c3ccncc3)cc2C1,4.0259905,3.8033075,0.22268295
Cc1ccc(-c2nn(C(C)(C)C)c3ncnc(N)c23)cc1,8.886057,9.310177,-0.42411995
COc1cccc(-c2csc(NC(=O)CNC(=O)c3ccc(N)cc3)n2)c1,4.30103,4.475864,-0.17483377
CCOC(Cc1ccc2c(ccn2Cc2nc(-c3ccc(F)c(C)c3)oc2C)c1)C(=O)O,8.167491,8.463899,-0.2964077
Cc1ccc(NC(=O)c2ccc(CN3CCN(C)CC3)cc2)cc1Nc1nccc(-c2cncc(C3=NN=C(C(=O)Nc4ccccc4)C3)c2)n1,7.19382,8.428039,-1.2342186
Cc1oc(-c2ccccc2)nc1CCOc1cccc(CN(CC(=O)O)Cc2ccc3ccccc3c2)c1,5.0,5.2323403,-0.23234034
Cc1ccc(NC(=O)c2ccc(CN3CCN(C)CC3)cc2)cc1Nc1nccc(-c2cncc(-c3ccccc3)c2)n1,5.481486,5.2793274,0.20215845
CCCc1cc2c(oc(=O)n2CCC)c(CCC)c1O[C@H](C(=O)O)c1ccc(C(C)C)cc1,6.0,5.8993115,0.10068846
NC(=O)CN1CCC(n2cc(-c3cccc(O)c3)c3c(N)ncnc32)C1,8.244125,8.4126005,-0.16847515
Cc1ccccc1C(=O)/N=c1\scc(C)n1-c1cc(Cl)c(Cl)cc1Cl,4.69897,4.674308,0.024662018
Cc1ccc(C(=O)Nc2cc(Br)cc(C(F)(F)F)c2)cc1C#Cc1cnc2cccnn12,8.0,8.059411,-0.05941105
C[N+](C)(C)CCN1C(=O)c2ccc3c4ccc5c6c(ccc(c7ccc(c2c37)C1=O)c64)C(=O)N(CC[N+](C)(C)C)C5=O,4.8961964,4.3027444,0.593452
Oc1ccc(Nc2[nH]nc3ncnc(Nc4cccc(Cl)c4)c23)cc1,6.1965427,6.133364,0.06317854
CS(=O)(=O)Nc1ccc(-c2ccc(C(=O)N[C@H]3CN[C@@H](C(=O)Nc4ccc(Cl)c(C(F)(F)F)c4)C3)cc2)cn1,5.090444,4.899994,0.19045019
Cc1cs/c(=N\C(=O)c2cccc3ccccc23)n1-c1cc(Cl)c(Cl)cc1Cl,8.522879,8.850208,-0.32732964
Cc1ccc(C(=O)Nc2ccc(CN3CCN(C)CC3)c(C(F)(F)F)c2)cc1Nc1cc(-c2ccc(F)nc2)ccn1,9.119186,9.251298,-0.13211155
O=C(Nc1cccc(Nc2nccc(-c3cccnc3)n2)c1)c1cccnc1,4.6197886,4.9939733,-0.3741846
CN1CCN(c2ccc(C(=O)Nc3cccc(C#Cc4cccc5[nH]nc(N)c45)c3)cc2C(F)(F)F)CC1,4.0,4.1891966,-0.18919659
CS(=O)(=O)n1ccc(C(=O)NCC(=O)Nc2nc(-c3cccc(C#N)n3)cs2)c1,7.8860564,7.8961263,-0.010069847
Cc1cc(NC(=O)c2cccc(C(F)(F)F)c2)ccc1NC(=O)c1cc2cnc3[nH]ccc3c2s1,5.0,5.2775884,-0.27758837
CCC(Cc1ccc(OCCCOc2ccc(Oc3ccc(F)cc3)cc2Cl)cc1)C(=O)O,7.876148,7.922246,-0.046097755
Cc1ccc(NC(=O)c2ccc(N)c(C(F)(F)F)c2)cc1Nc1nccc(-c2cccnc2)n1,5.4259686,5.2875724,0.13839626
COc1n[nH]c2ncc(-c3cn(-c4c(F)ccc(NS(=O)(=O)c5cccc(-c6ccccc6)c5)c4F)nn3)cc12,5.4148693,5.157351,0.2575183
Cc1cc(Nc2ncc(C)c(N3CCC(CC#N)CC3)n2)sn1,7.468521,7.9243364,-0.45581532
O=S(=O)(Cc1cccc(C(F)(F)F)c1)N1CCOc2ccc(-c3ccncc3)cc2C1,6.207608,6.833593,-0.62598467
O=C(Nc1cccc(Cl)c1Cl)N1CCOc2ccc(-c3ccncc3)cc2C1,6.2676063,5.968037,0.29956913
CC[C@@](C)(Cc1ccc(OCCCOc2ccc3c(C(F)(F)F)cc(=O)oc3c2Cl)cc1)C(=O)O,7.036212,6.6625075,0.37370443
O=C(Nc1nc(-c2ccc(Cl)c(Cl)c2)cs1)C1CC1,8.522879,8.871482,-0.34860325
O=C(NC1=NN(c2ccc(Cl)c(Cl)c2)CC1)c1cccnc1,7.376751,8.916227,-1.5394764
CC(C)c1c(-c2ccn3nc(NC(=O)[C@@H]4C[C@@H]4F)cc3c2)cnc2[nH]ccc12,6.876148,6.923795,-0.047647
CS(=O)(=O)c1ccc(Cn2cc(-c3cc(Nc4ccc(OC(F)(F)F)cc4)ncn3)cn2)cc1,5.1623483,5.541081,-0.37873268
Oc1cccc(Cn2cc3c(Nc4ccc(OC(F)(F)F)cc4)ncnc3n2)c1,4.30103,4.274264,0.0267663
CCCc1cc(C(=O)C(C)C)cc(CCC)c1OC(C(=O)O)c1ccccc1,4.722574,4.7160773,0.0064969063
CCCc1cc(C(=O)CC)cc(C)c1OC(C(=O)O)c1ccc(C(C)C)cc1,6.0,6.751179,-0.7511792
CC(C)(C)n1ncc2c(Nc3ccc(OC(F)(F)F)cc3)ncnc21,4.6575775,5.0687485,-0.41117096
Cc1cn(-c2cc(NC(=O)c3ccc(C)c(C#Cc4cnc(Nc5ccccc5)nc4)c3)cc(C(F)(F)F)c2)cn1,8.920818,8.618658,0.30216026
Cc1ccncc1-c1ccc2nc(NC(=O)C3CC(F)(F)C3)sc2c1,5.5686364,5.597797,-0.0291605
Cc1ccc(NC(=O)c2ccc(CN3CCN(C)CC3)cc2)cc1Nc1nccc(-c2cncc(-n3cccn3)c2)n1,6.642065,6.365668,0.27639723
Cc1ccc(NC(=O)c2ccc(CN3CCN(C)CC3)cc2)cc1Nc1nccc(-c2cncc(C3=NN=C(C(=O)C4N=CC=N4)C3)c2)n1,3.8239088,3.8913946,-0.06748581
CCCc1cc(Oc2ccc(Cl)c(C)c2)ccc1OCCCOc1cccc(-c2sc(=O)[nH]c2O)c1,5.5543957,5.7146087,-0.160213
CCCNc1ccc2ncc(-c3ccc4[nH]ncc4c3)n2n1,6.400117,7.278417,-0.8783002
Nc1nnc(-c2ccccc2O)cc1N1CCNCC1,6.537602,6.285779,0.25182295
COc1ccc(-c2csc(NC(=O)CNC(=O)c3ccc(N)cc3)n2)cc1,5.829738,5.8442783,-0.014540195
FC(F)(F)Oc1ccc(Nc2cc(-c3ccnc4[nH]ccc34)ncn2)cc1,5.161781,5.9631567,-0.80137587
CCOC(Cc1ccc2c(ccn2Cc2nc(-c3ccc(CC)cc3)oc2C)c1)C(=O)O,4.69897,4.969896,-0.270926
O=C1Nc2cc(CO)ccc2Oc2ccc(-c3ccnc(N4CCOCC4)c3)cc21,7.2150264,7.414401,-0.19937468
Cc1cccc(-c2cncc(-c3ccnc(Nc4cc(NC(=O)c5ccc(CN6CCN(C)CC6)cc5)ccc4C)n3)c2)c1,4.81673,4.983106,-0.16637611
Cc1cccc(NC(=O)C2=NN=C(c3cncc(-c4ccnc(Nc5cc(NC(=O)c6ccc(CN7CCN(C)CC7)cc6)ccc5C)n4)c3)C2)c1,4.30103,4.593803,-0.29277277
Cc1oc(-c2cccc(-c3ccccc3)c2)nc1CCOc1ccc(CC(C)(Oc2ccccc2)C(=O)O)cc1,5.312471,5.433323,-0.12085199
CCNC(=O)Nc1nc2ccc(-c3ccccc3OC(F)(F)F)cc2[nH]1,4.0,4.570423,-0.5704231
C[C@H]1COCCN1c1cccc(-c2csc(NC(=O)CNC(=O)c3ccn(S(C)(=O)=O)c3)n2)n1,4.69897,4.4889793,0.2099905
C=CC(=O)N(c1cc(OC)c(Cl)cc1Cl)c1c(C#N)cnc2cc(OCCCN3CCOCC3)c(OC)cc12,6.0,5.707228,0.29277182
FC(F)(F)Oc1ccc(Nc2cc(-c3cnn(Cc4ccccc4)c3)ncn2)cc1,7.0649967,7.1543145,-0.0893178
CCn1c2ccccc2c2cc(NC(=O)CSc3nc4ccccc4[nH]3)ccc21,7.2596374,7.1527905,0.10684681
COc1cccc(-c2cn(C3CCCC3)c3ncnc(N)c23)c1,9.585027,9.941075,-0.35604858
COc1cc(N2CCC(N3CCN(C)CC3)CC2)ccc1Nc1ncc(Cl)c(Nc2ccccc2P(C)(C)=O)n1,8.366531,8.360841,0.0056905746
Cc1nn(-c2ccc(F)cc2)c(-n2ccnc2)c1C(=O)NCc1cccnc1,5.4089355,7.163353,-1.7544174
Cc1nc(C(F)(F)F)sc1CSc1ccc2c(ccn2CC(=O)O)c1,4.30103,4.8033442,-0.5023141
CCNC(=O)c1c(OC)cc(-n2cnc3cc(-c4cnn(CC)c4)ccc32)cc1OC(F)F,4.6382723,5.1372385,-0.49896622
CCNC(=O)Nc1nc2ccc(-c3ccnn3CC)cc2[nH]1,3.8446639,4.090574,-0.24590993
CC(C)(C)n1nc(-c2ccc(Cl)cc2)c2c(N)ncnc21,4.5867004,4.6556015,-0.06890106
Nc1n[nH]c2cccc(C#Cc3cccc(NC(=O)c4cc(F)cc(C(F)(F)F)c4)c3)c12,4.031517,4.29075,-0.259233
CCOC(Cc1ccc2c(ccn2Cc2nc(-c3ccc(C(C)(C)C)cc3)oc2C)c1)C(=O)O,6.3467875,6.9571047,-0.61031723
Cc1oc(-c2ccc(-c3ccccc3)cc2)nc1CCOc1ccc(OC(C)(C)C(=O)O)cc1,6.0,5.9591823,0.040817738
Cc1ccc(NC(=O)Nc2cccc(Cl)c2)cc1Nc1nccc(-c2cccnc2)n1,5.581699,5.214131,0.36756802
CCc1ccc(-c2ncc(C)c(N(C)CCCOc3ccc4c(c3)CC[C@H]4CC(=O)O)n2)cc1,7.2596374,7.3918552,-0.13221788
Cc1ccc(NC(=O)c2ccc(CN3CCN(CCO)CC3)cc2)cc1-n1cc(-c2cccnc2)cn1,7.5850267,7.4828644,0.10216236
CCNC(=O)Nc1nc2ccc(-c3ccncc3C)cc2[nH]1,5.238523,6.743158,-1.5046349
Cc1cn(-c2cc(NC(=O)c3ccc(C)c(Nc4nc(-c5cccnc5)cs4)c3)cc(C(C)C)c2)cn1,6.0,6.2013803,-0.20138025
Cc1ccc(NC(=O)c2ccc(CN3CCOCC3)cc2)cc1-n1cc(-c2cccnc2)cn1,4.353596,4.539512,-0.18591595
O=C(O)Cn1ccc2cc(OCc3cccc(COc4ccc(C(F)(F)F)cc4)c3)ccc21,8.30103,8.6272,-0.32616997
Cc1ccc(NC(=O)Nc2cccc(N(C)C)c2)cc1Nc1nccc(-c2cccnc2)n1,6.0,6.1121273,-0.112127304
Nc1n[nH]c2cccc(-c3ccc(C(=O)N4CCN(C(=O)c5ccccc5Br)CC4)cc3)c12,7.8860564,8.576575,-0.69051886
C=CCN(C)CCCCCCOc1ccc2c(-c3ccc(Br)cc3)n[nH]c2c1,6.39794,6.5112424,-0.11330223
CC[C@]1(C(=O)O)CCc2ccc(OCCCOc3ccc(C(C)(C)C)cc3Cl)cc2O1,5.69897,6.99682,-1.2978501
CNCCOc1ccc(C(=O)NCc2cccc(C(=O)N[C@@H](CC(C)(C)C)C(=O)Nc3ccc(CCNC(=O)CC(C)(C)CC(=O)O)cc3)c2)cc1,5.2026634,5.1497645,0.052898884
CN=NNc1ccc(C(=O)Nc2ccc(C)c(Nc3nccc(-c4cccnc4)n3)c2)cc1Cl,4.374276,4.3610215,0.0132546425
CCOC(Cc1ccc2c(ccn2Cc2nc(-c3cc(C)cc(C)c3)oc2C)c1)C(=O)O,6.6197886,6.560991,0.058797836
CCOC(Cc1ccc2c(ccn2Cc2nc(-c3ccccc3OC)oc2C)c1)C(=O)O,5.30103,5.6903024,-0.3892722
C#CCO[C@@H]1[C@H](C)[C@@H](COC(=O)c2ccc(S(=O)(=O)F)cc2)O[C@H]1n1nc(-c2ccc(C)cc2)c2c(N)ncnc21,9.49485,9.608447,-0.113596916
Cc1ccc(-c2cncc(-c3ccnc(Nc4cc(NC(=O)c5ccc(CN6CCN(C)CC6)cc5)ccc4C)n3)c2)cc1,4.69897,4.817719,-0.11874914
Cc1ccc(NC(=O)C2=NN=C(c3cncc(-c4ccnc(Nc5cc(NC(=O)c6ccc(CN7CCN(C)CC7)cc6)ccc5C)n4)c3)C2)cc1,7.318759,6.499161,0.8195982
CCNC(=O)Nc1nc2ccc(Oc3cccc(OC)c3)cc2[nH]1,5.1870866,5.4585533,-0.27146673
COC[C@H](NC(=O)c1cn(C2(C#N)CC2)cn1)C(=O)Nc1nc(-c2cccc(N3C[C@@H](C)O[C@@H](C)C3)n2)cs1,4.853872,4.8012657,0.052606106
CCN1CCN(Cc2ccc(NC(=O)CNc3ccc(-c4ccc(NC(C)=O)nc4)cc3)cc2C(F)(F)F)CC1,4.161151,4.8786955,-0.71754456
C=CC(=O)N(c1cc(OC)ccc1Cl)c1c(C#N)cnc2cc(OCCCN3CCN(C)CC3)c(OC)cc12,7.309804,7.492495,-0.1826911
CCCCCCCCCCCOc1cccc(CCC(=O)NC[C@@H](O)COP(=O)(O)OC[C@H](NC(=O)c2ccc(C)cc2)C(=O)O)c1,8.0,8.326532,-0.32653236
C=CCN(C)CCCCCCOc1ccc2c(-c3ccc(Br)cc3)nccc2c1,6.0,6.1352305,-0.13523054
CS(=O)(=O)Nc1cccc(-c2ccc3c(c2)C(=O)Nc2cc(OC(F)(F)F)ccc2N3)c1,7.771218,8.023793,-0.2525754
COc1cccc(NC(=O)N2CCOc3ccc(-c4ccncc4OC)cc3C2)c1,7.0,7.455118,-0.45511818
Cc1ccc(CNC(=O)c2ccc(C(F)(F)F)cc2F)cc1Oc1ccc(OC(C)(C)C(=O)O)c(C)c1,5.30103,4.8688436,0.4321866
COc1ccc(OC(=O)N(CC(=O)O)Cc2ccc(OCCc3nc(-c4ccccc4)oc3C)cc2)cc1,8.721247,9.438721,-0.717474
CCCCCCC(Sc1nc(Cl)cc(Nc2ccc(-c3ccc(C#N)cc3)cc2)n1)C(=O)O,4.823909,4.961991,-0.13808203
FC(F)(F)Oc1ccc(Nc2cc(-c3cnn(Cc4ccncc4)c3)ncn2)cc1,5.823909,5.8831315,-0.0592227
Cc1ccc(C(=O)Nc2cc(N(C)CCN(C)C)cc(C(F)(F)F)c2)cc1Nc1cc(-c2cccnc2)ccn1,6.659556,6.429337,0.23021889
CCOC(=O)CCCCC(=O)c1[nH]c(=O)[nH]c1CSc1nc(C)cc(=O)[nH]1,9.091515,9.420272,-0.3287573
Cc1ccc(NC(=O)c2ccc(CN3CCN(C)CC3)cc2)cc1Nc1nccc(-c2cncc(-c3ncco3)c2)n1,4.551294,4.345652,0.20564175
Cc1ccc(NC(=O)c2ccc(CN3CCN(C)CC3)cc2)cc1Nc1nccc(-c2cncc(C3=NN=C(C(=O)Nc4ncco4)C3)c2)n1,6.0,5.9174447,0.082555294
C=CC(=O)N(c1cc(OC)ccc1Cl)c1c(C#N)cnc2cc(OCCCN3CCOCC3)c(OC)cc12,8.30103,8.236233,0.0647974
CCO[C@@H](Cc1ccc(OCCc2nc(-c3ccc(-c4ccccc4)cc3)oc2C)c2ccsc12)C(=O)O,5.0,5.8937182,-0.89371824
CC(C)n1nc(-c2ccc3cc(OCc4ccc(C(C)(C)C)cc4)ccc3c2)c2c(N)ncnc21,6.4089355,6.563523,-0.15458727
N#Cc1cccc(-c2csc(NC(=O)CNC(=O)c3ccc(N)cc3)n2)c1,5.3458233,6.5688376,-1.2230144
Cc1ccc(NC(=O)Nc2cccc(N3CCCC3)c2)cc1Nc1nccc(-c2cccnc2)n1,4.9234324,5.3981194,-0.4746871
Nc1n[nH]c2cccc(C#Cc3cccc(C(=O)Nc4ccc(CN5CCOCC5)c(C(F)(F)F)c4)c3)c12,5.79588,6.259071,-0.46319103
O=c1cc(-c2cc(Nc3ccc(OC(F)(F)F)cc3)ncn2)cc[nH]1,9.29243,9.328015,-0.035585403
CCn1c(CCCc2cccc(-c3ccc(OC)c(CC(=O)O)c3)c2)nn(Cc2ccc(C(C)(C)C)cc2)c1=O,4.69897,4.720888,-0.021918297
CC(C)(C)n1ccc(C(=O)NCC(=O)Nc2nc(-c3cccc(OC4CC4)n3)cs2)c1,4.30103,4.4944453,-0.19341516
CCO[C@@H](Cc1ccc(OCCc2nc(-c3ccccc3)oc2C)c2ccccc12)C(=O)O,6.621602,7.5934396,-0.9718375
CCCCCCC(=O)Nc1cccc(Nc2nccc(-c3cccnc3)n2)c1,5.0,5.309875,-0.309875
O=C(Nc1cccc(Nc2nccc(-c3cccnc3)n2)c1)c1ccc(F)cc1,7.2441254,6.409347,0.8347783
c1ccc(COc2ccc3c(-c4nc5ccc(N6CCC(N7CCCCC7)CC6)cc5[nH]4)n[nH]c3c2)cc1,7.823909,8.335547,-0.51163864
Cc1cc(NC(=O)Nc2ccnc(Cl)c2)ccn1,7.7380238,7.543162,0.19486189
Cc1cc(NC(=O)C2=NN=C(c3cncc(-c4ccnc(Nc5cc(NC(=O)c6ccc(CN7CCN(C)CC7)cc6)ccc5C)n4)c3)C2)ccn1,6.0,5.8371587,0.16284132
Cc1ccc(NC(=O)c2ccc(CN3CCN(C)CC3)cc2)cc1Nc1nccc(-c2cncc(-c3ccncc3)c2)n1,7.09691,6.0568757,1.0400343
O=C1c2ccc3c4ccc5c6c(ccc(c7ccc(c2c37)C(=O)N1CCNCCO)c64)C(=O)N(CCNCCO)C5=O,4.5086384,5.852795,-1.3441567
O=C(NC1=NN(c2ccc(Cl)c(Cl)c2)CC1)c1ccncc1,6.8996296,6.8807673,0.018862247
CC(C)c1cccc(-c2nn(C(C)C)c3ncnc(N)c23)c1,5.0,5.040643,-0.040643215
CCCCCC(=O)Nc1cccc(Nc2nccc(-c3cccnc3)n2)c1,5.2596374,5.834955,-0.57531786
Nc1ncnc2c1c(-c1ccccc1)cn2-c1cccc(CO)c1,4.49485,4.4649596,0.029890537
O=C(Nc1nc(-c2ccc(Cl)c(Cl)c2)cs1)c1cccnc1,7.055517,7.6288157,-0.57329845
CCNC(=O)Nc1nc2ccc(-c3ccncc3)cc2[nH]1,4.30103,4.9959083,-0.6948781
O=C(Nc1cccc(Nc2nccc(-c3cccnc3)n2)c1)c1ccccc1,6.0,5.900827,0.09917307
O=C(C(CO)c1ccccc1)N1CC(=C2CN(S(=O)(=O)c3ccc(OC(F)F)cc3)C2)C1,8.011138,8.310417,-0.2992792
O=C(Nc1nc(-c2ccc(Cl)c(Cl)c2)cs1)c1cncs1,5.6819367,5.8608527,-0.17891598
CC(=O)Nc1nc2ccc(-c3cn([C@@H]4CN[C@H](C(=O)Nc5ccc(F)c(F)c5)C4)nn3)nc2s1,4.60206,5.177324,-0.575264
CCCCn1c(-c2cc(-c3cccc4[nH]ncc34)ccc2C)cn2c3c(=O)[nH]c(=O)n(C)c3nc12,4.0,3.9899695,0.010030508
CN1CCN(c2ccc(Nc3ncc(Cl)c(NC[C@H]4CCCO4)n3)cc2)CC1,5.1895657,5.3006024,-0.11103678
Cc1cc(-c2cccc(-c3csc(NC(=O)CNC(=O)c4ccc(N)cc4)n3)c2)on1,4.4534574,4.498072,-0.044614792
CC(Cc1ccc(OCCCOc2ccc(Oc3ccc(F)cc3)cc2Cl)cc1)C(=O)O,6.920819,7.0267177,-0.10589886
CCOC(Cc1ccc2c(ccn2Cc2nc(-c3ccccc3OC(C)C)oc2C)c1)C(=O)O,7.5228786,7.582912,-0.06003332
CCc1ccc(Cl)cc1-c1[nH]c(-c2ccnc(N)n2)cc1C(N)=O,7.05061,8.577764,-1.5271535
NC(=O)CN1CCC(n2cc(-c3cccc(O)c3)c3c(N)ncnc32)CC1,4.4076014,4.8544593,-0.44685793
Oc1cccc(Cn2ncc3c(Nc4ccc(OC(F)(F)F)cc4)ncnc32)c1,4.026415,4.04596,-0.019545078
O=S(=O)(NCCO)c1ccc(-c2cc(Nc3ccc(OC(F)(F)F)cc3)ncn2)cc1,5.552842,5.0136027,0.5392394
CCOc1ccc(-c2cccc(CCCc3nn(Cc4ccc(C(C)(C)C)cc4)c(=O)n3CC)c2)cc1C(=O)O,3.2874346,3.458516,-0.1710813
Cc1ccc(NC(=O)c2ccc(F)cc2)cc1-n1cc(-c2cccnc2)cn1,4.1325326,4.553905,-0.4213724
COC(=O)c1ccc2c(Nc3ccc(OC(F)(F)F)cc3)ncnc2c1,4.248721,4.5994916,-0.35077047
COc1cccc(NC(=O)N2CCOc3ccc(-c4ccnc5ccccc45)cc3C2)c1,7.552842,7.33565,0.21719217
CCOC(Cc1ccc2c(c1)c(C)cn2Cc1nc(-c2ccc(C(F)(F)F)cc2)oc1C)C(=O)O,6.0,6.012191,-0.012190819
Cc1ccc(C(=O)Nc2cc(Br)cc(C(F)(F)F)c2)cc1Nc1nccc(-c2cccnc2)n1,4.60206,4.6701403,-0.068080425
CSCC[C@H](NC(=O)c1ccn(S(C)(=O)=O)c1)C(=O)Nc1nc(-c2ccccc2)cs1,6.850781,7.1598964,-0.3091154
CCCn1c(CCCc2ccc(OC(C)(C)C(=O)O)cc2)nn([C@H](C)c2ccccc2)c1=O,8.0,7.7808437,0.21915627
CC(C)(C)C[C@H](NC(=O)c1cccc(CNC(=O)c2ccc(OCCO)cc2)c1)C(=O)Nc1ccc(CCN)cc1,5.1351333,5.195788,-0.06065464
Nc1ncnc2c1ncn2[C@@H]1O[C@H](CSCC[C@H](N)C(=O)O)[C@@H](O)[C@H]1O,7.7695513,7.9423375,-0.17278624
COc1ccc(Oc2ccc3[nH]nc(-c4nc5ccc(N6CCC(N7CCCCC7)CC6)cc5[nH]4)c3c2)cc1,5.6575775,5.78252,-0.1249423
Cc1ccc(NC(=O)c2ccc(N(CCCl)CCCl)cc2)cc1Nc1nccc(-c2cccnc2)n1,5.8326826,6.3921037,-0.55942106
Cc1oc(-c2ccccc2)nc1CCOc1cccc(C[C@@H]2CN(C(=O)Oc3ccccc3)C[C@@H]2C(=O)O)c1,4.49485,4.4371495,0.057700634
CCCn1c(CCCc2ccc(OC(C)(C)C(=O)O)cc2)nn(C(C)c2ccccc2)c1=O,4.6946487,4.8582506,-0.16360188
CCNS(=O)(=O)c1ccc(-c2cc(Nc3ccc(OC(F)(F)F)cc3)ncn2)cc1,4.026743,4.1500583,-0.123315334
O=S(=O)(C1CC1)N1CCN(c2nc(N3CCOCC3)ncc2Br)CC1,7.5850267,7.6773376,-0.092310905
COc1cccc(-c2cn(-c3ccc(CC(=O)NCCO)cc3)c3ncnc(N)c23)c1,4.30103,4.2588096,0.042220592
COc1ccc(-c2ccnc(Nc3cc(C(=O)Nc4ccc(CN5CCN(C)CC5)c(C(F)(F)F)c4)ccc3C)c2)cn1,5.1140738,5.7660127,-0.6519389
O=C(Nc1cccc(F)c1)N1CCOc2ccc(-c3ccncc3)cc2C1,4.3324537,4.503173,-0.17071915
CNC(=O)c1cc(Oc2ccc(NC(=O)Nc3ccc(Cl)c(C(F)(F)F)c3)cc2)ccn1,4.5228786,5.336082,-0.81320333
COc1cc(-c2n[nH]c3ncc(-c4ccc(C)c(N)c4)cc23)cc(OC)c1OC,7.2596374,7.2890067,-0.029369354
Cc1cc(Nc2ncc(C)c(N3CCN(CC#N)[C@@H](C)C3)n2)sn1,7.161151,8.396966,-1.235815
Cc1oc(-c2ccc(Cl)cc2)nc1COc1cccc(CN(CC(=O)O)C(=O)OC2CCC2)c1,6.0655017,5.912057,0.15344477
O=C(O)Cc1csc2cc(OCc3ccc(COc4ccc(C(F)(F)F)cc4)cc3)ccc12,7.3279023,6.9036603,0.42424202
[O]c1ccccc1C(=O)N1[C][C]C(=[C]C(=O)[N][C@@H]2[C][C]N([C]c3ccc4cc(F)ccc4c3)[C]2)[C][C]1,6.0,6.502918,-0.50291777
CCCc1cc2c(=O)n(C(C)C)oc2c(CCC)c1O[C@H](C(=O)O)c1ccc(C(C)C)cc1,6.221849,6.842973,-0.62112427
O=C(Cn1cccc(NC(=O)Nc2ccc(NC(=O)Nc3cccn(CC(=O)NCc4ccc(Cl)c(Cl)c4)c3=O)cc2)c1=O)NCc1ccc(Cl)c(Cl)c1,5.0,5.191665,-0.19166517
COc1cccc(-c2cn(C3CC(C(=O)NCCO)C3)c3ncnc(N)c23)c1,4.026383,3.9188068,0.10757613
CC(C)(C)c1ccc(OCCCOc2ccc3c(c2)O[C@@](C)(C(=O)O)CC3)c(Cl)c1,8.1549015,8.563374,-0.40847206
COc1ccc2[nH]nc(-c3nc4ccc(N5CCC(N6CCCCC6)CC5)cc4[nH]3)c2c1,4.133967,4.3392777,-0.20531082
CCCc1cc2c(C(F)(F)F)noc2c(CCC)c1OC(C)(C)C(=O)O,5.1511955,5.268528,-0.11733246
COc1cccc(-c2cn(-c3ccc(CNCCO)cc3)c3ncnc(N)c23)c1,9.603801,9.864953,-0.26115227
COc1ccc(-c2cc(NC(=O)c3ccc(C)c(Nc4cc(-c5cccnc5)ccn4)c3)cc(C(F)(F)F)c2)cc1,8.30103,8.615979,-0.31494904
O=C(Nc1ccc(CC(F)(F)F)cc1)c1cccc(-c2cncnc2)c1,2.1079054,2.8057246,-0.69781923
CCn1c(CCCc2cccc(-c3ccc(C)c(C4(C(=O)O)CC4)c3)c2)nn(Cc2ccc(C(C)(C)C)cc2)c1=O,6.628932,6.080703,0.5482292
Cc1ccc(NC(=O)c2ccc(Cn3ccnc3)c(C(F)(F)F)c2)cc1C#Cc1ncc(Nc2ccccc2)cn1,5.9100947,6.323394,-0.41329908
O=C1Nc2cc(OCC(F)(F)F)ccc2Oc2ccc(-c3ccnc(N4CCOCC4)c3)cc21,8.2218485,8.381982,-0.16013336
Cc1cnc(-c2ccc(C(C)C)cc2)nc1N(C)CCCOc1ccc2c(c1)CC[C@H]2CC(=O)O,3.8239088,3.60877,0.21513891
Cc1ccc(C(=O)Nc2cccc(C(F)(F)F)c2)cc1-c1cccc(-c2cnc3cnccn23)c1,9.0,8.395598,0.6044016
CC(C)n1nc(-c2ccc3c(ccn3C)c2)c2c(N)ncnc21,5.154902,5.200779,-0.04587698
CCNC(=O)Nc1nc2ccc(Oc3ccccc3Cl)cc2[nH]1,8.744727,9.37156,-0.62683296
CCn1cc(-c2ccc3c(c2)ncn3-c2cc(OC)c(C(=O)NCC(F)(F)F)c(OC)c2)cn1,4.0264935,3.8783832,0.14811039
Cc1ccc(NC(=O)c2cccc(C(F)(F)F)c2)cc1C(=O)Nc1cncnc1,7.3925447,7.6813607,-0.28881598
CC(C)(Oc1ccc(CCOc2ccc(NC(=O)c3ccccc3)cc2)cc1)C(=O)NS(=O)(=O)c1ccccc1,4.031517,4.5522857,-0.52076864
CC(C)Oc1ccc(OCCCOc2ccc3c(c2)O[C@@](C)(C(=O)O)CC3)c(Cl)c1,7.7189665,8.0999975,-0.38103104
CCOC(=O)NC[C@H](Cc1ccc(OCCc2nc(-c3ccccc3)oc2C)cc1)N/C(C)=C\C(=O)c1ccc(C(F)(F)F)cc1,4.026438,4.3331757,-0.30673742
COc1ccc(C(=O)NCc2cccc(C(=O)N[C@@H](CC(C)(C)C)C(=O)Nc3ccc(CCN(C)C)cc3)c2)cc1,3.8239088,3.38727,0.43663883
CCC(=O)NC[C@H](Cc1ccc(OCCc2nc(-c3ccccc3)oc2C)cc1)N=C(C)CC(=O)c1ccc(C(F)(F)F)cc1,5.0680337,5.320457,-0.2524233
COc1ccc(NC(=O)[C@H](CC(C)(C)C)NC(=O)c2cccc(CNC(=O)c3ccc(OCCN(C)C)cc3)c2)cc1,6.806875,6.652559,0.15431643
CSCC[C@H](NC(=O)c1ccc2c(c1)CCN2)C(=O)Nc1nc(-c2ccccc2)cs1,6.0,6.006216,-0.006216049
FC(F)(F)Oc1ccc(Nc2cc(Nc3cc(C4CC4)[nH]n3)ncn2)cc1,4.69897,5.0108943,-0.31192446
N#CCc1cccc(-c2cc(Nc3ccc(OC(F)(F)F)cc3)ncn2)c1,6.0,5.7102075,0.28979254
CS(=O)(=O)n1ccc(C(=O)NCC(=O)Nc2nc(-c3cccc(F)n3)cs2)c1,6.0,5.9503818,0.049618244
Cc1ccc(C(=O)Nc2cc(N3CCN(C)CC3)cc(C(F)(F)F)c2)cc1Nc1cc(-c2cccnc2)ccn1,6.69897,6.5763154,0.12265444
O=C(Nc1ccc(OCCN2CCOCC2)cc1)Nc1ccc(Cl)c(C(F)(F)F)c1,6.6575775,5.759354,0.8982234
Cn1c(CO)cc2c(Nc3ccc(OC(F)(F)F)cc3)ncnc21,5.318759,4.636104,0.68265486
FC(F)(F)Oc1ccc(Nc2ncnc3c2cnn3-c2ccccn2)cc1,6.0,6.1837497,-0.18374968
Cc1oc(-c2ccccc2)nc1CCOc1cccc(CN(CC(=O)O)Cc2cc3ccccc3[nH]2)c1,5.858864,6.1192555,-0.2603917
Cc1ccc(C(=O)Nc2cc(-c3c(C)noc3C)cc(C(F)(F)F)c2)cc1NC(=O)c1cnc2[nH]ccc2c1,4.5575204,4.362572,0.1949482
COc1cccc(NC(=O)N2CCOc3ccc(-c4ccncc4)cc3C2)c1,6.165999,5.951926,0.2140727
Cc1ccc(Cl)cc1-c1c(C(N)=O)cc(-c2ccnc(Nc3ccc(N4CCN(C)CC4)cc3)n2)n1C,8.522879,8.775577,-0.25269794
CCOC(=O)c1c(-c2ccc(Cc3ccc(OC(F)(F)F)cc3)cc2)[nH]c2ccccc2c1=O,8.537602,8.540677,-0.003074646
CCCn1c(CCCc2ccc(OC(C)(C)C(=O)O)cc2)nn(CC2CCCCC2)c1=O,5.0,5.3763967,-0.37639666
COc1ccccc1C(=O)NCCNC(=O)c1ccc(-c2cccc3[nH]nc(N)c23)cc1,4.7212462,4.7080865,0.013159752
CCN(CC)CCOc1ccc(Nc2cc(NC(=O)Nc3c(Cl)cccc3Cl)ncn2)cc1,6.0433517,5.867759,0.17559242
O=C1NC(=O)C(c2cn(-c3ccccc3)nc2-c2ccc(F)cc2)N1,6.177832,6.542125,-0.3642931
O=C(NC1=NN(c2ccc(Cl)c(Cl)c2)CC1)c1ccnnc1,5.6575775,5.5440497,0.113527775
O=C(NC1=NN(c2ccc(Cl)c(Cl)c2)CC1)c1cncnc1,9.065501,9.507923,-0.4424219
N#CCC(=O)NC1=NN(c2ccc(Cl)c(Cl)c2)CC1,5.7212462,5.2742906,0.44695568
Cc1ccc(NC(=O)c2ccc(CN3CCN(C)CC3)cc2)cc1Nc1nccc(-c2cncc(C3=NN=C(C(=O)Nc4nc(C(N)=O)co4)C3)c2)n1,7.89279,7.758288,0.13450193
O=C(Nc1nc(-c2ccc(Cl)c(Cl)c2)cs1)c1c(F)cccc1F,6.6401644,6.2756486,0.36451578
N#CCCC(=O)NC1=NN(c2ccc(Cl)c(Cl)c2)CC1,8.712198,8.567449,0.14474964
Cc1ccc(NC(=O)c2ccc(CN3CCN(C)CC3)cc2)cc1Nc1nccc(-c2cncc(-c3nc(C(N)=O)co3)c2)n1,6.7851562,6.9020057,-0.11684942
CC(=O)NC1=NN(c2ccc(Cl)c(Cl)c2)CC1C,5.417937,5.74161,-0.32367325
Cc1ncsc1-c1ccc([C@H](C)NC(=O)[C@@H]2C[C@@H](O)CN2C(=O)[C@@H](NC(=O)C2(c3ccc(-c4cc(-c5ccccc5O)nnc4N)cc3)CC2)C(C)(C)C)cc1,5.3665314,5.030776,0.33575535
CCOC(Cc1ccc2c(ccn2Cc2nc(-c3cc(OC)cc(OC)c3)oc2C)c1)C(=O)O,5.175874,5.0781984,0.0976758
OCCn1ncc2c(Nc3ccc(OC(F)(F)F)cc3)ncnc21,5.395234,5.468836,-0.07360172
CS(=O)(=O)N1CCN(c2nc(Cl)ncc2Br)CC1,4.0,3.9398198,0.060180187
Cc1ccc(C(=O)Nc2cc(C(F)(F)F)cc(C(F)(F)F)c2)cc1Nc1nccc(-c2cccnc2)n1,6.0840726,6.2362924,-0.15221977
COCCNCCN1CCC(n2cc(-c3cccc(OC)c3)c3c(N)ncnc32)CC1,4.7144427,4.3003016,0.41414118
O=C(Cn1cccc(NCc2ccc(CNc3cccn(CC(=O)NCc4ccc(Cl)c(Cl)c4)c3=O)s2)c1=O)NCc1ccc(Cl)c(Cl)c1,8.0,8.013532,-0.013531685
COC(=O)N(CC(=O)O)Cc1cccc(OCc2nc(-c3ccc(Cl)cc3)oc2C)c1,4.49485,4.75195,-0.25709963
CCCc1cc2c(oc(=O)n2CC)c(CCC)c1O[C@H](C(=O)O)c1ccc(Cl)cc1,7.69897,7.833077,-0.13410711
CS(=O)(=O)c1ccc(-c2cc(Nc3ccc(OC(F)(F)F)cc3)ncn2)cc1,4.732828,5.2060122,-0.4731841
CCCc1cc(C(=O)CC)cc(Cl)c1O[C@H](C(=O)O)c1ccc(C(C)C)cc1,9.387217,9.160083,0.22713375
Oc1cccc(Nc2[nH]nc3ncnc(Nc4cccc(Cl)c4)c23)c1,6.6777806,6.9369707,-0.25919008
COc1ccc(-c2cn(C3CCCC3)c3ncnc(N)c23)cc1,5.0,5.148231,-0.14823103
CCOC(=O)OCC1OC(Oc2ccccc2Cc2ccc(OC)cc2)C(O)C(O)C1O,9.39794,9.786159,-0.38821888
O=C(O)Cc1csc2cc(OCc3cc(-c4ccc(C(F)(F)F)cc4)on3)ccc12,6.5142784,6.680012,-0.16573381
O=C(O)C(Cc1ccc(OCCCOc2ccc(Oc3ccc(F)cc3)cc2Cl)cc1)c1ccccc1,5.0,5.6056,-0.6055999
CCCCCCCCCCCOc1cccc(CCC(=O)NCCCOP(=O)(O)OC[C@H](NC(C)=O)C(=O)O)c1,7.154902,7.2132096,-0.058307648
O=C1Nc2cc(OC(F)(F)F)ccc2S(=O)c2ccc(-c3ccnc(N4CCOCC4)c3)cc21,3.6699922,3.3798852,0.290107
NC(=O)c1cccc(-c2cc(Nc3ccc(OC(F)(F)F)cc3)ncn2)c1,6.7644715,6.3535275,0.41094398
Cc1ccc(C(=O)Nc2cc(-c3ccnn3C)cc(C(F)(F)F)c2)cc1Nc1cc(-c2cccnc2)ccn1,5.275724,5.6340766,-0.35835266
Cc1c(-c2ccc(N3CCCCC3)cc2)[nH]c2cc(F)cc(F)c2c1=O,7.5228786,8.341241,-0.81836224
CNS(=O)(=O)c1ccc(-c2ncnc(Nc3ccc(OC(F)(F)F)cc3)c2C)cc1,6.400117,6.6766076,-0.2764907
COc1ccccc1C#Cc1nn(C(C)C)c2ncnc(N)c12,6.2839966,6.1634974,0.120499134
CCCCn1ncc2c(Nc3ccc(OC(F)(F)F)cc3)ncnc21,6.6382723,5.742232,0.89604044
O=C1Nc2ccccc2C1=Cc1c[nH]nc1-c1ccccc1[N+](=O)[O-],4.8164454,4.6938405,0.12260485
O=C(c1ccc(-c2cccnc2)cc1)N1CCN(C(=O)c2cccc(F)c2)CC1,4.2298846,4.2930284,-0.06314373
CN(C)CCOc1cc(-c2ccccc2O)nnc1N,7.09691,7.450862,-0.35395193
CCCc1c(OCCCSc2ccc(CC(=O)O)cc2Cl)ccc2c(C(F)(F)F)noc12,7.0,6.7745905,0.22540951
Cc1ccnc(NS(=O)(=O)c2ccc(Nc3nccc(Nc4ccc5c(C)n(C)nc5c4)n3)cc2)n1,5.5228786,5.424195,0.098683834
CNCCOc1ccc(C(=O)NCc2cccc(C(=O)N[C@@H](CC(C)(C)C)C(=O)Nc3ccc(CCC(=O)O)cc3)c2)cc1,7.2596374,7.4601645,-0.20052719
Cc1oc(-c2ccccc2)nc1CCOc1cccc(-c2nn(-c3ccccc3)nc2CC(=O)O)c1,6.0,6.903496,-0.9034958
C=CCN(C)C/C=C/COc1cc2c(cc1F)c(-c1ccc(Br)cc1)nn2C,6.9871626,7.2553134,-0.2681508
C[C@@H](Oc1c[nH]c(=O)c(C(=O)Nc2ccc(N3CCN(C)CC3)cc2)c1)c1c(Cl)ccc(F)c1Cl,4.49485,6.5443625,-2.0495124
CCc1ccc(C(=O)Nc2cc(CN3CCN(C)CC3)cc(C(F)(F)F)c2)cc1C#Cc1cncnc1,6.1870866,7.6981254,-1.5110388
CN1C[C@@H]2C[C@H]1CN2c1cc(F)c(-c2ccnc3c(-c4cccc5[nH]ncc45)c(-c4ccncc4)nn23)c(F)c1,6.0,6.096067,-0.09606695
C=CCN(C)CCCCCCOc1ccc2c(-c3ccc(Br)cc3)nn(C)c2c1,3.69897,3.9650927,-0.26612258
Nc1ncnc2c1c(-c1cccc(O)c1)cn2C1CCNC1,4.9914,4.5178757,0.4735241
CN(C)c1ccc(C(=O)NCCNC(=O)c2ccc(-c3ccc4c(N)n[nH]c4c3)cc2)cc1,5.180456,5.0943866,0.086069584
N#Cc1c(N)nc(SCC(=O)c2ccccc2)c(C#N)c1-c1ccsc1,5.221849,4.9360147,0.2858343
COCCCNC(=O)c1ccc(-c2ncnc(Nc3ccc(OC(F)(F)F)cc3)c2C)cc1,6.761954,6.8983207,-0.13636684
O=C(COc1cc(O)c2c(=O)cc(-c3ccccc3)oc2c1)Nc1ccc(Br)cc1,5.6197886,5.196611,0.42317772
Cc1c(-c2ccc(-c3ccc(OC(F)(F)F)cc3)nc2)[nH]c2ccccc2c1=O,9.21467,9.544171,-0.32950115
CSCC[C@H](NC(=O)c1ccc(N)cc1)C(=O)Nc1nc(-c2ccccc2)cs1,4.0,3.954381,0.04561901
O=C(NN=Cc1cc(C(=O)O)c(Nc2ccc(I)cc2F)c(F)c1F)c1ccc(CO)o1,4.387216,4.3314843,0.055731773
Cc1c(F)cc2[nH]ncc2c1-c1ccc2nc(N)c(C(=O)[C@@H]3C[C@@H]3F)n2c1,5.4271283,5.30863,0.118498325
O=C(Nc1cccc(Nc2nccc(-c3cccnc3)n2)c1)c1cccs1,6.306273,7.41781,-1.111537
CCn1ncc2c(Nc3ccc(OC(F)(F)F)cc3)ncnc21,7.180456,5.809763,1.3706932
COc1ccc(OC)c2c1sc1nnc(N)n12,5.920819,5.965317,-0.044497967
COc1cccc(-c2cn(-c3ccc(CCN(C)CCO)cc3)c3ncnc(N)c23)c1,3.455932,3.5924182,-0.13648629
Cc1ccc(C(c2c[nH]c3ccc(C(=O)NNS(=O)(=O)c4cc(Cl)c(Cl)cc4Cl)cc23)c2c[nH]c3ccc(C(=O)NNS(=O)(=O)c4cc(Cl)c(Cl)cc4Cl)cc23)cc1,6.0,5.485829,0.5141711
O=C(Nc1cccc(Nc2nccc(-c3cccnc3)n2)c1)c1ccccc1S,7.0,6.8960776,0.10392237
CCn1c(CCCc2cccc(-c3ccc(NS(=O)(=O)c4ccccc4)cn3)c2)nn(Cc2ccc(C(C)(C)C)cc2)c1=O,6.0,6.1636715,-0.1636715
Cc1nc2c(=O)n(C)c(=O)nc-2n(C)n1,5.1101384,5.536452,-0.4263134
Cc1ccc(NC(=O)c2ccc(CN3CCN(C)CC3)cc2)cc1Nc1nccc(-c2cncc(-c3sncc3C)c2)n1,9.387217,9.231504,0.15571213
CC(C)n1nc(-c2cc3c(Cl)cccc3[nH]2)c2c(N)ncnc21,4.607303,4.4878445,0.119458675
Cc1ccc(C(=O)NCc2ccc(Cl)cn2)cc1Nc1nccc(-c2cccnc2)n1,9.455932,9.790025,-0.3340931
Cc1ccc(OC(C)(Cc2ccc(OCCc3nc(-c4cccc(-c5ccccc5)c4)oc3C)cc2)C(=O)O)cc1,5.8416376,6.1815753,-0.3399377
C=CCN(C)CCCCCCOc1ccc2c(-c3ccc(Br)cc3)nsc2c1,4.325139,4.4943075,-0.16916847
CCn1cc(-c2ccc3c(c2)CCN3C(=O)Cc2cccc(OC(F)(F)F)c2)c2c(N)ncnc21,9.886057,9.530625,0.35543156
FC(F)(F)Cn1ncc2c(Nc3ccc(OC(F)(F)F)cc3)ncnc21,6.020907,6.363335,-0.3424282
OC[C@H]1O[C@@H]2O[C@H]3[C@H](O)[C@@H](O)[C@@H](O[C@H]4[C@H](O)[C@@H](O)[C@@H](O[C@H]5[C@H](O)[C@@H](O)[C@@H](O[C@H]6[C@H](O)[C@@H](O)[C@@H](O[C@H]7[C@H](O)[C@@H](O)[C@@H](O[C@H]8[C@H](O)[C@@H](O)[C@@H](O[C@H]1[C@H](O)[C@H]2O)O[C@@H]8CO)O[C@@H]7CO)O[C@@H]6CO)O[C@@H]5CO)O[C@@H]4CO)O[C@@H]3CO,5.3279023,5.1598763,0.16802597
CO[C@@H](Cc1ccc(OCCCOc2ccc(C(=O)c3ccccc3)cc2)c(Cl)c1)C(=O)O,3.8239088,4.172579,-0.34867
CCCc1c(OCCCN(C)c2ccc(CC(=O)O)cc2)ccc2c(C(F)(F)F)noc12,7.0,6.4051576,0.59484243
O=c1[nH]c(NCc2ccncc2)nc2sc3c(c12)CCCC3,6.0,7.648827,-1.6488271
CCNC(=O)c1c(OC)cc(-n2cnc3cc(-c4cnn(C5CCOCC5)c4)ccc32)cc1OC,9.376751,9.302844,0.0739069
Cc1ccc(NC(=O)COc2cc(O)c3c(=O)cc(-c4ccccc4)oc3c2)cc1,4.025903,4.338412,-0.31250858
O=c1cc(-c2ccc(Cc3ccc(OC(F)(F)F)cc3)cc2)n(O)c2ccccc12,5.6819367,5.7406325,-0.058695793
Cc1cc(OCc2cc(-c3ccc(Cl)cc3)on2)cc2scc(CC(=O)O)c12,3.8419392,4.357205,-0.5152657
Cc1cc(SCc2ccc(OCc3ccc(C(F)(F)F)cc3)cc2)c2c(c1OCC(=O)O)CCC2,5.070581,4.620666,0.44991493
[2H]C([2H])([2H])N1CCN(Cc2ccc(C(=O)Nc3ccc(C)c(Nc4nccc(-c5cccnc5)n4)c3)cc2)CC1,6.434152,6.7929463,-0.3587942
Nc1n[nH]c2cccc(C#Cc3cccc(NC(=O)c4cccc(C(F)(F)F)c4)c3)c12,6.0,6.5724406,-0.5724406
Cc1cc(CNC(=O)c2ccc(C(F)(F)F)cc2F)cc(Oc2ccc(OC(C)(C)C(=O)O)c(C)c2)c1,5.0,5.279535,-0.27953482
CC(C)n1nc(-c2ccc3cc(OCc4ccccc4)ccc3c2)c2c(N)ncnc21,5.4202166,5.966117,-0.54590034
CC(=O)NC1=NN(c2ccc(Cl)c(Cl)c2)CC1,5.0,5.2378097,-0.23780966
CN(C)CCc1ccc(NC(=O)[C@H](CC(C)(C)C)NC(=O)c2cccc(CNC(=O)c3ccccc3)c2)cc1,3.30103,3.4781773,-0.17714739
O=S(=O)(c1ccc(-c2ccccc2)cc1)N1CCN(c2nc(N3CCOCC3)ncc2Br)CC1,5.571865,4.561896,1.0099692
Cc1oc(-c2ccccc2)nc1CCOc1cccc(C[C@H]2CN(c3ccccc3)C[C@H]2C(=O)O)c1,9.318759,9.7285385,-0.40977955
Cc1cc(NS(=O)(=O)c2ccc(Nc3nccc(N(C)c4ccc5c(C)n(C)nc5c4)n3)cc2)no1,4.634512,4.4371495,0.19736242
CCc1ccc(C(F)(F)F)cc1-c1[nH]c(-c2ccnc(N)n2)cc1C(N)=O,4.0263968,4.4539237,-0.42752695
Cc1nnc(-c2cncc(-c3ccnc(Nc4cc(NC(=O)c5ccc(CN6CCN(C)CC6)cc5)ccc4C)n3)c2)o1,5.0,4.282869,0.71713114
Cn1ncnc2c(=O)n(C)c(=O)nc1-2,4.30103,5.0765576,-0.7755275
CCn1c(CCCc2cccc(-c3ccc(CC(=O)O)cc3)c2)nn(Cc2ccc(C(C)(C)C)cc2)c1=O,5.0814457,5.164355,-0.08290911
COc1cc(-n2cnc3cc(-c4cnn(C)c4)ccc32)cc(OC(F)F)c1C(=O)NC1CC1,6.0,5.9512696,0.048730373
Cc1ccc(NC(=O)c2ccc(Cn3ccnc3)cc2)cc1-n1cc(-c2cccnc2)cn1,4.0263968,3.9666927,0.059704065
Cc1oc(-c2ccccc2)nc1CC#Cc1ccc(C[C@@H](C(=O)O)n2cccc2)cc1,6.1001797,5.739883,0.36029673
OCc1cc2c(Nc3ccc(OC(F)(F)F)cc3)ncnc2s1,5.6382723,5.4907265,0.14754581
OC[C@H]1[NH2+]C[C@@H](O)[C@@H]1O,4.0,4.992149,-0.9921489
CCc1ccc(C(=O)Nc2cc(CN3CCN(C)CC3)cc(C(F)(F)F)c2)cc1C#Cc1cnc2ccnn2c1,6.2614393,5.681588,0.57985115
Cc1ccc(Oc2ccc(OC(C)(C)C(=O)O)c(C)c2)cc1CNC(=O)c1ccc(C(F)(F)F)cc1F,6.0,6.2624307,-0.26243067
C=CCN(C)CCCCCCOc1ccc2c(C)nn(C)c2c1,8.522879,9.194602,-0.67172337
CCO[C@@H](Cc1ccc(OCCc2nc(-c3ccccc3)oc2C)c2sccc12)C(=O)O,5.0,5.6221156,-0.6221156
CSCC[C@H](NC(=O)c1ccn(S(=O)(=O)C(C)C)c1)C(=O)Nc1nc(-c2ccccc2)cs1,8.39794,6.986147,1.4117928
Cc1cn(-c2cc(NC(=O)c3ccc(C)c(Nc4nccc(-c5ccccc5)n4)c3)cc(C(F)(F)F)c2)cn1,6.552842,6.5647454,-0.011903286
CCCOC(=O)N(CC(=O)O)Cc1cccc(OCc2nc(-c3ccc(Cl)cc3)oc2C)c1,6.05061,6.4732327,-0.42262268
CC(C)Cc1cc(Oc2ccccc2)ccc1OCCCOc1ccc(-c2sc(=O)[nH]c2O)cc1,6.8041005,7.167414,-0.36331367
FC(F)(F)Oc1ccc(Nc2ncnc3nn(CC4CCOC4)cc23)cc1,6.0,6.3493495,-0.3493495
COc1ccc(-c2nn(C3CCC3)c3ncnc(N)c23)cc1OC,8.308919,8.548313,-0.23939419
COc1ccc(CC(CO)n2cc(-c3cccc(O)c3)c3c(N)ncnc32)cc1,6.478862,6.771791,-0.29292917
CN[C@@H](C)C(=O)N(C)[C@H](C(=O)N1CCC[C@H]1c1nc(C(=O)c2cccc(OCCOCCOCCNC(=O)C3CCN(c4ncc(C(=O)Nc5ccc(OC(F)(F)Cl)cc5)cc4-c4ccn[nH]4)C3)c2)cs1)C1CCCCC1,5.2596374,5.640105,-0.3804674
Cc1cn(-c2cc(NC(=O)c3ccc(C)c(Nc4cccc(-c5cccnc5)c4)c3)cc(C(F)(F)F)c2)cn1,4.5883803,5.262491,-0.6741109
CC(C)(C)c1cc(NC(=O)Nc2ccc(Oc3ccc4ncccc4c3)cc2)n(-c2ccc3ncccc3c2)n1,5.950782,5.6570816,0.29370022
CCc1ccc(C(=O)Nc2cc(CN3CCN(C)CC3)cc(C(F)(F)F)c2)cc1C#Cc1cncn1C,6.2441254,6.636308,-0.39218283
CCn1c(CCCc2cccc(-c3cccc(CC(=O)O)c3)c2)nn(Cc2ccc(C(C)(C)C)cc2)c1=O,6.30103,6.634689,-0.3336587
NCCCn1ccc2c(-c3ccnc(Nc4cccc(OC(F)(F)C(F)F)c4)n3)cccc21,8.946921,9.301013,-0.35409164
Cc1ncsc1-c1ccc([C@H](C)NC(=O)[C@@H]2C[C@@H](O)CN2C(=O)[C@@H](c2cc(CN3CCC(c4ccc5c(c4)C(C)(C)c4nc(=O)c6c(Cl)cccc6n4-5)CC3)no2)C(C)C)cc1,10.2218485,10.662334,-0.44048595
COc1ccc(C(=O)Nc2ccc(OCCN3CCCC3)cc2)cc1Nc1nccc(-c2cccnc2)n1,6.1700535,6.158605,0.011448383
Cc1oc(-c2ccc(Cl)cc2)nc1COc1cccc(CN(CC(=O)O)C(=O)OCC2CC2)c1,8.522879,8.402626,0.12025261
Cc1cnc(Nc2cnn(C)c2)nc1-c1cnn([C@H](CC#N)C2CCCC2)c1,6.8894105,7.3252454,-0.43583488
CCOC(Cc1ccc2c(c1)cc(C)n2Cc1nc(-c2ccc(C(F)(F)F)cc2)oc1C)C(=O)O,5.943095,5.054603,0.8884921
CCO[C@H](Cc1ccc2c(c1)cc(C)n2Cc1nc(-c2ccc(C(F)(F)F)cc2)oc1C)C(=O)O,9.327902,9.695958,-0.3680563
CC(C)n1nc(-c2cc3ccccc3[nH]2)c2c(N)ncnc21,4.026461,4.985805,-0.9593439
CN[C@@H](C)C(=O)N[C@H](C(=O)N1CCC[C@H]1c1nc(C(=O)c2cccc(OCCOCCOCCNC(=O)C3CCN(c4ncc(C(=O)Nc5ccc(OC(F)(F)Cl)cc5)cc4-c4ccn[nH]4)C3)c2)cs1)C1CCCCC1,6.2596374,6.123016,0.13662148
CNCCOc1ccc(C(=O)NCc2ccc(F)c(C(=O)N[C@@H](CC(C)(C)C)C(=O)Nc3ccc(CCC(=O)O)cc3)c2)cc1,5.39794,5.528107,-0.130167
CCCCCCCCCCCOc1cccc(CCC(=O)NC[C@@H](O)COP(=O)(O)OC[C@@H](NC(C)=O)C(=O)O)c1,6.6143937,6.693445,-0.079051495
Cc1c2ccc(N(C)c3ccnc(Nc4ccc(S(=O)(=O)NC(=N)N)cc4)n3)cc2nn1C,4.4534574,5.100987,-0.6475296
Cc1cc(C)nc(NS(=O)(=O)c2ccc(Nc3nccc(Nc4ccc5c(C)n(C)nc5c4)n3)cc2)n1,6.2596374,6.7139745,-0.45433712
CCN1CCC(n2nc(Cc3cccc4ccccc34)c3c(N)ncnc32)CC1,4.0260367,3.649086,0.37695074
CCCc1cc(Oc2ccccc2)ccc1OCCCOc1ccc2c(c1)OC(CC)(C(=O)O)CC2,4.0,4.6263433,-0.62634325
COc1cccc(-c2cn(C3CCN(CCN(C)CCO)CC3)c3ncnc(N)c23)c1,5.0,5.773725,-0.77372503
COc1ccc(N2C(=O)[C@@H](Cc3cccc(OCCc4nc(-c5ccccc5)oc4C)c3)[C@H]2C(=O)O)cc1,5.080922,4.8494253,0.23149681
COC(Cc1ccc2c(ccn2Cc2nc(-c3ccccc3)oc2C)c1)C(=O)O,7.920819,8.433421,-0.5126023
CCOC(Cc1ccc2c(ccn2Cc2nc(-c3ccccc3)oc2C)c1)C(=O)O,5.0,5.399422,-0.39942217
COc1cc(-c2nn(CCN3CCC(N(C)C)CC3)c3ncnc(N)c23)ccc1CC(=O)OC(C)(C)C,5.5228786,6.1908107,-0.66793203
CC(C)(C)OC(=O)N1CCN(C(=O)/C=C\C(=O)Nc2cccc(C(N)=O)c2)CC1,9.267606,9.373259,-0.10565281
CCC1(C(=O)O)CCc2ccc(OCCCOc3ccc(Oc4ccccc4)cc3F)cc2O1,4.7999983,4.368053,0.43194532
FC(F)C(F)(F)Oc1cccc(Nc2nccc(-c3c[nH]c4ccccc34)n2)c1,6.087247,7.517207,-1.4299603
COc1cccc(NC(=O)N2CCOc3ccc(-c4ccnc(C)c4)cc3C2)c1,6.0,5.875171,0.124828815
CC(C)(C)c1cc(NC(=O)Nc2ccc(Nc3ncnc4ccc(NC(=O)CCN5CCOCC5)cc34)cc2)n(-c2cccc(N)c2)n1,8.244125,8.481147,-0.23702145
O=C(NCc1nc(-c2ccccc2)c[nH]1)Nc1ncc(-c2ccccc2)s1,4.30103,3.9321923,0.36883783
Cc1ccc(C(=O)NCCNC(=O)c2ccc(-c3ccc4c(N)n[nH]c4c3)cc2)cc1,9.2218485,9.471774,-0.24992561
Cc1cc(Oc2ccc(F)c(CNC(=O)c3ccc(C(F)(F)F)cc3F)c2)ccc1OC(C)(C)C(=O)O,5.2596374,6.1002126,-0.8405752
COC(=O)NC(C(=O)N1CCN(c2nc(Cl)ncc2Br)CC1)C(C)C,5.0,5.5173726,-0.5173726
CC(C)n1nc(C#Cc2cccc(N)c2)c2c(N)ncnc21,8.180456,8.219792,-0.039336205
O=C(Nc1ccc(OC(F)(F)F)cc1)c1cnc(OCCO)c(-c2ccn[nH]2)c1,9.179798,10.09476,-0.9149618
C[C@]1(C(=O)O)CCc2ccc(OCCCOc3ccc(OCC4CCC4)cc3Cl)cc2O1,4.920819,4.322448,0.598371
Nc1ncnc2c1c(-c1ccccc1)cn2C1CC(O)C1,5.0,6.029791,-1.0297909
CC(C)(C)C[C@@H]1NC(=O)c2cccc(c2)CNC(=O)c2ccc(cc2)OCCNC(=O)CC(C)(C)CC(=O)N[C@H](C(=O)O)Cc2ccc(cc2)NC1=O,8.522879,8.581574,-0.058695793
CCCc1cc2c(oc(=O)n2C)c(CCC)c1O[C@H](C(=O)O)c1ccc(C(C)C)cc1,4.69897,4.6669736,0.03199625
COc1cccc(NC(=O)N2CCOc3ccc(-c4ccncc4C)cc3C2)c1,6.0,6.093202,-0.093202114
CCOC(Cc1ccc2c(ccn2Cc2nc(-c3cccc(Cl)c3)oc2C)c1)C(=O)O,6.600326,6.779287,-0.1789608
FC(F)(F)Oc1ccc(Nc2ncnc3c2cnn3-c2cc(C(F)(F)F)ccn2)cc1,5.7695513,5.8906846,-0.12113333
O=C1Nc2cc(OC(F)(F)F)ccc2Oc2ccc(-c3cccc(N4CC[C@H](O)C4)n3)cc21,7.180456,6.370892,0.8095641
CC(=O)NC1=NN(c2ccc(Cl)c(Cl)c2)[C@@H](C)C1,9.318759,9.515151,-0.19639206
Cc1ccc(NC(=O)c2ccc(CN3CCN(C)CC3)cc2)cc1Nc1nccc(-c2cncc(N3CCCC3)c2)n1,4.133736,4.226784,-0.093048096
O=C(NC1=NN(c2ccc(Cl)c(Cl)c2)CC1)c1c(F)cccc1F,8.917214,9.578998,-0.6617832
O=C1CCCC(C(=O)NC2=NN(c3ccc(Cl)c(Cl)c3)CC2)N1,5.2999887,5.357163,-0.057174206
Cc1ccc(NC(=O)c2ccc(CN3CCN(C)CC3)cc2)cc1Nc1nccc(-c2cncc(C3=NN=C(C(=O)N4CCCC4)C3)c2)n1,4.7235384,4.608528,0.11501026
Cc1ccc(NC(=O)c2ccccc2)cc1Nc1nccc(-c2cccnc2)n1,5.0,5.8359957,-0.8359957
NCCCCNC(=O)c1cccc(Nc2nccc(-c3cccnc3)n2)c1,6.4436975,6.5354114,-0.091713905
FC(F)(F)Oc1ccc(Nc2cc(-c3cnn(Cc4cccnc4)c3)ncn2)cc1,8.552842,8.63169,-0.078847885
COc1ccccc1NC(=S)NNC(=O)c1ccc(-c2nnc(-c3ccccc3Cl)o2)cc1,9.522879,9.54476,-0.021881104
COc1ccc(NC(=S)NNC(=O)c2ccc(-c3nnc(-c4ccccc4Cl)o3)cc2)cc1,4.4973955,4.4243884,0.07300711
COc1ccc(-c2cn(-c3ccccc3)c3ncnc(N)c23)cc1,6.0,5.7278132,0.27218676
COc1cccc(NC(=S)NNC(=O)c2ccc(-c3nnc(-c4ccccc4Cl)o3)cc2)c1,3.8827288,4.2859826,-0.4032538
NCCCNC(=O)c1cccc(Nc2nccc(-c3cccnc3)n2)c1,4.0,4.247137,-0.24713707
CCS(=O)(=O)n1ncc2c(Nc3ccc(OC(F)(F)F)cc3)ncnc21,6.0,6.288218,-0.28821802
Cc1cccc(NC(=S)NNC(=O)c2ccc(-c3nnc(-c4ccccc4Cl)o3)cc2)c1,5.90309,4.1150784,1.7880116
CC[C@]1(C(=O)O)CCc2ccc(OCCCOc3ccc(Cl)cc3Cl)cc2O1,5.0,5.673329,-0.6733289
CCCc1c(OCCCn2ccc3cc(CC(=O)O)ccc32)ccc2c(C(F)(F)F)noc12,7.958607,7.8489957,0.10961151
Cc1ccc(NC(=S)NNC(=O)c2ccc(-c3nnc(-c4ccccc4Cl)o3)cc2)cc1,8.920818,9.132298,-0.21148014
O=C(NNC(=S)Nc1cccc(F)c1)c1ccc(-c2nnc(-c3ccccc3Cl)o2)cc1,5.90309,6.0309753,-0.12788534
O=C(NNC(=S)Nc1ccccc1Br)c1ccc(-c2nnc(-c3ccccc3Cl)o2)cc1,4.0,3.8854077,0.114592314
O=C(NNC(=S)Nc1ccccc1F)c1ccc(-c2nnc(-c3ccccc3Cl)o2)cc1,5.0,5.9822206,-0.98222065
O=C(NNC(=S)Nc1ccc([N+](=O)[O-])cc1)c1ccc(-c2nnc(-c3ccccc3Cl)o2)cc1,4.1338606,4.3522534,-0.21839285
FC(F)(F)Oc1ccc(Nc2ncnc3c2cnn3Cc2ccccc2)cc1,7.493495,8.636922,-1.1434269
FC(F)(F)Oc1ccc(Nc2ncnc3c2cnn3C2CCCCC2)cc1,6.920819,7.1390066,-0.21818781
O=C(NNC(=S)Nc1ccc(F)cc1)c1ccc(-c2nnc(-c3ccccc3Cl)o2)cc1,5.388383,6.1635222,-0.77513933
O=C(NNC(=S)Nc1cccc([N+](=O)[O-])c1)c1ccc(-c2nnc(-c3ccccc3Cl)o2)cc1,4.1426673,4.226269,-0.083601475
O=C(NNC(=S)Nc1ccc(Br)cc1)c1ccc(-c2nnc(-c3ccccc3Cl)o2)cc1,6.0,6.056643,-0.05664301
O=C(NNC(=S)Nc1ccc(Cl)c(Cl)c1)c1ccc(-c2nnc(-c3ccccc3Cl)o2)cc1,6.8539963,6.394979,0.45901728
O=C(NNC(=S)Nc1ccc(Cl)cc1)c1ccc(-c2nnc(-c3ccccc3Cl)o2)cc1,5.458296,5.6698947,-0.21159887
CC(C)n1nc(-c2ccc3cc(OC(=O)c4cccc(Cl)c4)ccc3c2)c2c(N)ncnc21,4.026383,3.8601637,0.16621923
Cc1coc(NC(=O)C2=NN=C(c3cncc(-c4ccnc(Nc5cc(NC(=O)c6ccc(CN7CCN(C)CC7)cc6)ccc5C)n4)c3)C2)n1,3.8239088,3.5077536,0.3161552
Cc1coc(-c2cncc(-c3ccnc(Nc4cc(NC(=O)c5ccc(CN6CCN(C)CC6)cc5)ccc4C)n3)c2)n1,7.429457,7.759993,-0.3305359
CN(C(=O)Oc1ccc(Cl)cc1)C1CCC(c2ccc(CN3CCCCC3)cc2)CC1,5.1655793,5.568732,-0.40315247
O=C(c1cc2c(Nc3ccc(OC(F)(F)F)cc3)ncnc2s1)N1CCNCC1,7.536107,7.318957,0.21715021
COc1cc(-c2nn(CCN3CCC(N4CCCC4)CC3)c3ncnc(N)c23)ccc1NC(=O)OC(C)(C)C,4.79588,5.5673437,-0.7714639
Cc1oc(-c2ccc(Cl)cc2)nc1COc1cccc(CN(CC(=O)O)C(=O)OC2CCCC2)c1,4.823909,4.8093057,0.014603138
CC1(C)OCC(=O)Nc2cc(Nc3nc(NCC(F)(F)F)c4occc4n3)ccc21,4.787812,5.1326995,-0.34488726
Nc1ncnc2n[nH]c(Nc3cccc(Cl)c3)c12,5.6197886,5.822043,-0.2022543
CC(=O)N1CCN(C2CCc3cc(C(=O)Nc4ccc(C)c(Nc5nccc(-c6cccnc6)n5)c4)ccc32)CC1,6.600326,7.050101,-0.44977474
CCCc1cc(C(=O)c2ccc(F)cc2)ccc1OCCCOc1cccc2c1ccn2CC(=O)O,5.2328444,4.878183,0.35466146
CCc1ccc(C(=O)Nc2cc(CN3CCN(C)CC3)cc(C(F)(F)F)c2)cc1C#Cc1ccc2ccnn2c1,7.7607007,8.036859,-0.27615786
CCOC(Cc1ccc2c(ccn2Cc2nc(-c3cc(Cl)cc(Cl)c3)oc2C)c1)C(=O)O,7.2596374,7.7382445,-0.47860718
Cc1ccc(NC(=O)[C@H](CC(C)(C)C)NC(=O)c2cccc(CNC(=O)c3ccc(OCCN(C)C)cc3)c2)cc1,9.2218485,9.346526,-0.12467766
COc1cccc(-c2cn(C3CC(CNCCO)C3)c3ncnc(N)c23)c1,8.30103,8.155401,0.14562893
Cc1c(Nc2ccc(OC(F)(F)F)cc2)ncnc1-c1ccc(C(=O)NCCO)cc1,7.69897,8.549555,-0.850585
O=C(c1ccc(Br)cc1)N1CCN(C(=O)c2ccc(-c3nccs3)cc2)CC1,8.522879,8.913329,-0.39045048
Cc1cccc(F)c1-c1cc2sc(NC(=O)[C@@H]3C[C@@H]3F)nc2cn1,6.0,5.5189853,0.48101473
Cc1oc(-c2ccc(-c3ccccc3)cc2)nc1CCOc1ccc(C[C@H](OCC(F)(F)F)C(=O)O)c2ccccc12,8.0,8.027532,-0.027531624
Cc1ccc(Cl)cc1-c1[nH]c(-c2ccnc(N)n2)cc1C(N)=O,9.420217,9.13437,0.2858467
COC(Cc1ccc(OCCc2nc(-c3ccccc3C)oc2C)c2ccccc12)C(=O)O,5.500038,6.5048947,-1.0048566
CCCCCCCN(CCc1ccc(O[C@@](C)(CC)C(=O)O)cc1)C(=O)Nc1ccc(F)cc1F,8.0,7.821923,0.17807722
CCc1ccc(C(=O)Nc2cc(CN3CCN(C)CC3)cc(C(F)(F)F)c2)cc1-c1cccc(-c2cnc3cnccn23)c1,5.304343,5.311087,-0.006743908
c1n[nH]cc1-c1cnc2ncc(-c3cn[nH]c3)n2c1,6.0,6.356856,-0.35685587
O=S(=O)(c1ccc2ccccc2c1)N1CCN(c2nc(N3CCOCC3)ncc2Br)CC1,2.9586072,3.050251,-0.09164381
Cc1c(-c2ccc(N3CCCCC3)cc2)[nH]c2ccccc2c1=O,4.4089355,4.549916,-0.14098024
CCNC(=O)c1c(OC)cc(-n2cnc3cc(-c4cnn(CC#N)c4)ccc32)cc1OC,5.700057,5.9001384,-0.20008135
NC(=O)c1cccc(NC(=O)/C=C\C(=O)N2CCC(Cc3ccccc3)CC2)c1,5.692076,5.609403,0.08267307
N#Cc1cccc(NC(=O)N2CCOc3ccc(-c4ccnc(N)c4)cc3C2)c1,6.309804,5.192126,1.1176782
Cc1oc(-c2ccc(-c3ccccc3)cc2)nc1CCOc1ccc(CCC(=O)O)c(CNC(=O)Oc2cnccn2)c1,4.69897,4.4365425,0.26242733
Cc1cc(C#Cc2cnc3cnccn23)cc(C(=O)Nc2cc(CN3CCN(C)CC3)cc(C(F)(F)F)c2)c1,5.0,5.6086144,-0.60861444
CCCc1c(OCCCn2ccc3cc(CCC(=O)O)ccc32)ccc2c(C(F)(F)F)noc12,9.30103,10.329339,-1.0283089
CN1CCN(c2ccc3nc(-c4c(N)c5c(F)cccc5[nH]c4=O)[nH]c3c2)CC1,4.983803,4.78319,0.20061302
COc1cc(C(C#Cc2cnc(N)nc2N)OC)cc(OC)c1OC,8.49894,9.000459,-0.50151825
OCCn1ccc2c(Nc3ccc(OC(F)(F)F)cc3)ncnc21,5.552842,5.5122576,0.040584564
CCNC(=O)c1cc2c(Nc3ccc(OC(F)(F)F)cc3)ncnc2n1C,4.3156934,4.219318,0.096375465
Nc1n[nH]c2cccc(-c3ccc(C(=O)NCCNC(=O)c4cccc(C(F)(F)F)c4)cc3)c12,5.60206,5.1066117,0.4954481
Cc1oc(-c2ccccc2)nc1CCOc1ccc(CCC2CN(C(=O)OCC(C)C)CCC2C(=O)O)cc1,8.065501,8.60941,-0.5439091
CC(C)S(=O)(=O)c1ccc(-c2cc(Nc3ccc(OC(F)(F)F)cc3)ncn2)cc1,4.30103,4.4216037,-0.12057352
CCNC(=O)c1c(OC)cc(-n2cnc3cc(-c4cnn(CC(N)=O)c4)ccc32)cc1OC,4.823909,4.8405366,-0.016627789
Cc1cc(C(F)(F)F)ncc1-c1ccc2nc(NC(=O)[C@@H]3C[C@@H]3F)sc2c1,7.6197886,8.122354,-0.5025649
CC(=O)Nc1ccc(-c2ccc(NCC(=O)Nc3ccc(CN4CCNCC4)c(C(F)(F)F)c3)cc2)cn1,6.3419886,7.357051,-1.0150623
Cc1c2ccc(Nc3ccnc(Nc4ccc(S(=O)(=O)Nc5ncccn5)cc4)n3)cc2nn1C,6.0,6.4053273,-0.40532732
CCS(=O)(=O)Nc1ccc(-c2cc(Nc3ccc(OC(F)(F)F)cc3)ncn2)cc1,7.09691,6.899212,0.19769812
COc1ccc(-c2nc(CCOc3cccc(C[C@@H]4C(=O)N(c5ccc(C(C)(C)C)cc5)[C@@H]4C(=O)O)c3)c(C)o2)cc1,5.989276,5.9419546,0.04732132
Cc1cc(SCc2sc(-c3ccc(C(F)(F)F)cc3)nc2C)ccc1OCC(=O)O,5.0,5.39641,-0.39641
COc1cc(C(F)(F)F)ccc1C(=O)NCc1cccc(Oc2ccc(OC(C)(C)C(=O)O)c(C)c2)c1,4.7399287,4.93383,-0.19390106
C[C@@H]1CN(c2cccc(-c3csc(N(C)C(=O)CNC(=O)c4ccn(S(C)(=O)=O)c4)n3)n2)C[C@H](C)O1,5.0,5.4934793,-0.49347925
Nc1nnc(-c2ccccc2O)cc1C1CCN(S(=O)(=O)c2ccccc2)C1,5.2596374,5.3713746,-0.11173725
Cc1cc(Nc2ncc(C)c(N3CCN(CC#N)CC3)n2)sn1,4.8741937,4.5911818,0.2830119
COCCN1CCN(CCO/N=C2/C(=C3/C(=O)Nc4cc(Br)ccc43)Nc3ccccc32)CC1,4.5482135,4.234141,0.3140726
CCCc1cc(C(=O)c2ccc(F)cc2)ccc1OCCCOc1ccc2c(ccn2CC(=O)O)c1,8.0,8.589208,-0.58920765
CO[C@@H](Cc1ccc(OCCCOc2ccc(C(=O)c3ccccc3)cc2)cc1)C(=O)O,5.549751,5.3596168,0.19013405
C/C(=N\NC(=O)COc1ccnc2ccccc12)c1ccc(C2C(=O)c3ccccc3C2=O)cc1,5.5850267,5.9255433,-0.34051657
Cc1ccc(NC(=O)c2ccc(CN3CCN(C)CC3)cc2)cc1Nc1nccc(-c2cncc(-c3nnco3)c2)n1,9.036212,7.659905,1.376307
CCn1cc(-c2ccc3c(c2)ncn3-c2cc(OC)c(C(=O)O)c(OC)c2)cn1,9.119186,8.980434,0.13875198
COc1ccccc1/C=C/c1nc2ccccc2c(=O)[nH]1,6.29073,7.007975,-0.7172451
COc1cc(-c2nn(CCN3CCC(N(C)C)CC3)c3ncnc(N)c23)ccc1NC(=O)OC(C)(C)C,6.004365,5.117088,0.8872771
COc1c(NC(=O)Nc2ccc(-c3ccc(CN4CCOCC4)nc3)c3ccccc23)cc(C(C)(C)C)cc1NS(C)(=O)=O,6.031517,6.302059,-0.27054214
CCCc1cc(C(=O)CC)cc(CCC)c1OC(C)(C)C(=O)O,4.0,4.2276697,-0.22766972
CCCC(Sc1nc2ccc(OCC)cc2s1)C(=O)NS(C)(=O)=O,8.826823,7.289599,1.5372243
Cc1oc(-c2ccccc2)nc1CCOc1ccc(CC[C@@H]2CN(C(=O)Oc3ccccc3)C[C@@H]2C(=O)O)cc1,9.259637,9.5267,-0.26706314
CNC(=O)c1cc(-c2ccnc(N)n2)[nH]c1-c1cc(Cl)ccc1C,8.39794,8.794691,-0.3967514
Cc1ncn(-c2cc(NC(=O)c3ccc(C)c(Nc4nc(-c5cccnc5)cs4)c3)cc(C(F)(F)F)c2)n1,5.005683,4.6608458,0.3448372
NC(=O)c1cc(-c2ccnc(N)n2)[nH]c1-c1cc(C(F)(F)F)ccc1Cl,6.4436975,6.769281,-0.32558346
Cc1oc(-c2ccc(Cl)cc2)nc1CCOc1cccc(C[C@@H]2C(=O)N(c3ccc(C(C)(C)C)cc3)[C@@H]2C(=O)O)c1,6.853872,6.8044868,0.04938507
Cc1nc(-c2ccc(C(F)(F)F)cc2)sc1COc1ccc2c(CC(=O)O)csc2c1,9.142668,9.228359,-0.08569145
Cc1ccc(C(=O)Nc2ccc(Br)cc2)cc1Nc1nccc(-c2cccnc2)n1,5.0,5.441403,-0.4414029
O=C(O)Cn1ccc2cc(OCCCOc3ccc4cc(C(=O)c5ccccc5)ccc4c3)ccc21,4.0963674,4.2379465,-0.14157915
Cc1ccc(OC(=O)N(CC(=O)O)Cc2cccc(OCc3oc(-c4ccc(Cl)cc4)nc3C)c2)cc1,5.2596374,5.768577,-0.50893974
CC(=O)Nc1ccc(-c2cccc(C(=O)N[C@H]3CN[C@@H](C(=O)Nc4ccc(Cl)c(C(F)(F)F)c4)C3)c2)cn1,4.0,4.290965,-0.29096508
NC(=O)CCn1ccc2c(Nc3ccc(OC(F)(F)F)cc3)ncnc21,8.2218485,8.607142,-0.38529396
NC(=O)c1cccc(NC(=O)CCC(=O)NCCc2cnnn2CCNS(=O)(=O)c2cccc(C(=O)O)c2)c1,5.958607,6.602532,-0.6439247
NC(=O)c1cccc(NC(=O)CCC(=O)NCCc2cn(CCNS(=O)(=O)c3cccc(C(=O)O)c3)nn2)c1,6.0,6.37357,-0.37356997
Cc1ccc(C(=O)Nc2cc(-c3cnn(C)c3)cc(C(F)(F)F)c2)cc1Nc1nc(-c2cccnc2)cs1,4.537602,4.1703243,0.36727762
Cc1c(C(=O)c2ccc(Cl)cc2)c2ccc(OC(F)(F)F)cc2n1Cc1cccc(O[C@@H](C(=O)O)C(C)C)c1,5.6382723,6.049977,-0.41170454
CC(C)c1ccc(C(=O)Nc2cc(CN3CCN(C)CC3)cc(C(F)(F)F)c2)cc1C#Cc1cnc2cnccn12,5.6382723,5.8716846,-0.23341227
CCCc1c(OCCCOc2ccc3c(ccn3CC(=O)O)c2)ccc2c(C(F)(F)F)noc12,7.387216,7.8577943,-0.4705782
Cc1ccncc1-c1ccc2nc(NC(=O)[C@@H]3C[C@@H]3F)sc2n1,6.6819367,6.841792,-0.15985537
Nc1ncnc2c1c(-c1ccc3cc(OCc4cccc(Cl)c4)ccc3c1)nn2CC1CCNCC1,7.0462403,7.7115426,-0.6653023
C=CC(=O)N1CCC[C@H]1C(=O)Nc1cc2c(Nc3cccc(Cl)c3F)ncnc2cc1OCCOC,5.0,5.3097672,-0.30976725
CNC(=O)c1cc(Oc2ccc(NC(=O)Nc3ccc(Cl)c(C(F)(F)F)c3)c(F)c2)ccn1,6.39794,7.0019956,-0.6040554
CC(=O)N1Cc2ncnc(Oc3ccc4c(ccn4C(=O)Nc4cc(C5CC5)on4)c3)c2C[C@@H]1C,4.300865,4.262855,0.03801012
Cc1ccc(C(c2c[nH]c3ccc(C(=O)NNS(=O)(=O)c4ccc([N+](=O)[O-])cc4[N+](=O)[O-])cc23)c2c[nH]c3ccc(C(=O)NNS(=O)(=O)c4ccc([N+](=O)[O-])cc4[N+](=O)[O-])cc23)cc1,8.507939,8.942117,-0.4341774
COCCN(C)CCN1CCC(n2cc(-c3cccc(OC)c3)c3c(N)ncnc32)CC1,6.1739254,6.816362,-0.6424365
O=C(/C(=C\c1ccc(F)c([N+](=O)[O-])c1)SCc1ccc(Br)cc1)c1ccc(C(=O)N2CCN(CCO)CC2)cc1,5.853872,5.327229,0.5266428
O=C(/C(=C\c1ccc(F)c([N+](=O)[O-])c1)SCc1ccc(F)cc1)c1ccc(C(=O)N2CCN(CCO)CC2)cc1,4.7212462,4.547821,0.1734252
COc1cc2nccc(Oc3ccc(NC(=O)NC4CC4)c(Cl)c3)c2cc1C(N)=O,4.79588,4.945243,-0.14936304
O=S(=O)(c1ccc(-c2cc(Nc3ccc(OC(F)(F)F)cc3)ncn2)cc1)N1CCOCC1,6.3595185,6.361337,-0.0018186569
O=C(Nc1cccc(Nc2nccc(-c3cccnc3)n2)c1)c1ccncc1,4.9469986,4.6016135,0.34538507
CNc1nccc(-c2cccnc2Oc2ccc(NC(=O)c3cccc(C(F)(F)F)c3)cc2C)n1,6.4806104,7.4547915,-0.9741812
Cc1ccc(C(=O)Nc2cc(-n3ccnc3)cc(C(F)(F)F)c2)cc1Nc1nc(-c2cccnc2)cs1,5.0,4.999084,0.0009160042
OCc1ccc2c(Nc3ccc(OC(F)(F)F)cc3)ncnc2c1,5.419075,5.7571855,-0.33811045
COc1cccc(-c2cn(C3CCN(CC(=O)N(C)C)CC3)c3ncnc(N)c23)c1,8.39794,8.62503,-0.22708988
CCCCS(=O)(=O)Nc1ccc(-c2cc(Nc3ccc(OC(F)(F)F)cc3)ncn2)cc1,4.8827286,4.8084865,0.074242115
CC(C)S(=O)(=O)Nc1ccc(-c2cc(Nc3ccc(OC(F)(F)F)cc3)ncn2)cc1,6.0,6.4541183,-0.45411825
CS(=O)(=O)O.Cc1ccc(NC(=O)c2ccc(CN3CCNCC3)cc2)cc1Nc1nccc(-c2cccnc2)n1,5.161151,6.278628,-1.1174769
Cc1ccc(NC(=O)c2ccc(CN3CCNCC3)cc2)cc1Nc1nccc(-c2cccnc2)n1,5.39794,5.459719,-0.061779022
Cc1oc(-c2ccc(Cl)cc2)nc1COc1cccc(CN(CC(=O)O)C(=O)OC2CCCCC2)c1,5.4634414,4.9991007,0.4643407
Cc1oc(-c2ccc(Oc3ccccc3)cc2)nc1CCOc1ccc(CCC(=O)O)c(CNC(=O)OC(C)C)c1,9.327902,9.425252,-0.09735012
COc1cccc(-c2nc(CCOc3cccc(C[C@@H]4C(=O)N(c5ccc(C(C)(C)C)cc5)[C@@H]4C(=O)O)c3)c(C)o2)c1,5.0,5.0325246,-0.032524586
Cc1ccc(C(=O)NCCNC(=O)c2ccc(-c3cccc4[nH]nc(N)c34)cc2)cc1,4.579203,4.6603065,-0.081103325
CC(C)n1nc(C#Cc2ccccc2)c2c(N)ncnc21,5.60206,5.172853,0.42920685
N#Cc1ccc2c(c1)NC(=O)c1cc(-c3ccnc(N4CCOCC4)c3)ccc1O2,4.920819,4.6297126,0.29110622
CCCc1nc2c(=O)n(C)c(=O)nc-2n(C)n1,6.0,6.1022954,-0.1022954
CCN(CC)c1cccc(NC(=O)Nc2ccc(C)c(Nc3nccc(-c4cccnc4)n3)c2)c1,5.5228786,5.2790413,0.24383736
CNCCOc1ccc(C(=O)NCc2cccc(C(=O)N[C@@H](CC(C)(C)C)C(=O)Nc3ccc(CC(NC(=O)CC(C)(C)CC(=O)O)C(=O)OC)cc3)c2)cc1,8.920818,8.176428,0.7443905
CC[C@@](C)(Cc1ccc(OCCCOc2ccc3c(C(F)(F)F)cc(=O)oc3c2)cc1)C(=O)O,8.489455,8.691474,-0.20201874
Cc1cc(Nc2ncc(C)c(N3CC4CCCC(C3)N4CCC#N)n2)sn1,10.0,9.545671,0.45432854
O=c1nc2n(c3cccc(Cl)c13)-c1ccc(C3CCNCC3)cc1C21CCOCC1,5.207608,5.481313,-0.273705
O=C1NC(=O)/C(=C/c2ccc(-c3nc4ccccc4n3Cc3ccc(Cl)cc3)cc2)S1,7.05061,6.8744774,0.17613268
O=C1CSC(=O)N1,4.026655,4.487931,-0.46127558
C[C@@H]1CN(C(=O)CCCC(=O)N2C[C@@H](C)c3c2cc(O)c2ccccc32)c2cc(O)c3ccccc3c21,6.710523,7.6147065,-0.9041834
O=C(Nc1ccc(OC(F)(F)F)cc1)c1cccc(-c2cncnc2)n1,7.070581,7.021198,0.049383163
COCc1cccc(NC(=O)c2ccc(C)c(Nc3nccc(-c4cccnc4)n3)c2)c1,5.6575775,5.793274,-0.13569641
CC1CN(c2cncnc2)Cc2cc(C(=O)Nc3ccc(CN4CCN(C)CC4)c(C(F)(F)F)c3)ccc21,5.753999,5.3443813,0.4096179
Cc1cccc2c(=O)[nH]c(CSC3CCC(O)CC3)nc12,7.2596374,7.461326,-0.20168877
CCn1c(CCCc2cccc(-c3ccc(OC)c(C(=O)O)c3)c2)nn(Cc2ccc(C(C)(C)C)cc2)c1=O,7.6197886,6.718582,0.9012065
O=C1NC(=O)/C(=C\c2ccc(-n3ccc4c(Br)ccnc43)cc2)S1,6.1191864,6.096215,0.02297163
O=C(O)CN1C(=O)S/C(=C/c2ccc(-n3ccc4c(Br)ccnc43)cc2)C1=O,9.0,9.602418,-0.60241795
O=C(Nc1cn2cc(-c3cnccc3C(F)(F)F)ccc2n1)[C@@H]1C[C@@H]1F,7.1191864,6.5561786,0.56300783
N#Cc1ccncc1-c1ccc2nc(NC(=O)[C@@H]3C[C@@H]3F)cn2c1,8.30103,8.07142,0.22961044
Cc1ccncc1-c1ccc2nc(NC(=O)[C@@H]3C[C@@H]3F)c(C)n2c1,5.9800534,5.81899,0.1610632
Cc1ccncc1-c1ccc2nc(NC(=O)[C@@H]3C[C@@H]3F)c(Cl)n2c1,5.4672456,5.5529838,-0.08573818
O=C1NC(=O)/C(=C\c2ccc(-n3ccc4c(Nc5ccc(F)cc5)ccnc43)cc2)S1,5.3017254,5.802583,-0.50085783
O=C(Nc1ccc(OC(F)(F)F)cc1)c1cccc(CN2CCOCC2)c1,4.09691,4.161874,-0.06496382
Cc1cc(N(C)C)ncc1-c1ccc2nc(NC(=O)[C@@H]3C[C@@H]3F)cn2c1,4.2549253,4.4194436,-0.16451836
CC(C)c1c(F)cccc1-c1ccc2nc(NC(=O)[C@@H]3C[C@@H]3F)cn2c1,9.124939,8.521104,0.6038351
COc1cc(-c2nn(CCN3CCC(CN(C)C)CC3)c3ncnc(N)c23)ccc1NC(=O)OC(C)(C)C,4.5228786,5.4470696,-0.924191
O=C(Nc1cn2cc(-c3cccc(F)c3COCCO)ccc2n1)[C@@H]1C[C@@H]1F,8.398973,8.519558,-0.12058449
COc1cc(-c2nn(CCN3CCC(N4CCCCC4)CC3)c3ncnc(N)c23)ccc1NC(=O)OC(C)(C)C,8.619789,9.389057,-0.76926804
COc1cc(-c2nn(CCN3CCC(OC)CC3)c3ncnc(N)c23)ccc1NC(=O)OC(C)(C)C,5.5142784,5.6629834,-0.148705
CCOC(=O)CN1C(=O)S/C(=C/c2ccc(-n3ccc4c(Br)ccnc43)cc2)C1=O,5.322758,5.8338094,-0.5110512
O=C1NC(=O)/C(=C\c2ccc(-n3cnc4ccccc43)cc2)S1,4.4134126,5.010527,-0.59711456
O=C1NC(=O)/C(=C\c2ccc(-n3ccc4c(Nc5ccccc5OC(F)(F)F)ccnc43)cc2)S1,6.0,6.451402,-0.4514022
O=C1NC(=O)/C(=C\c2ccc(-n3ncc4ccccc43)cc2)S1,7.30103,8.045981,-0.74495125
CC(=O)NCc1c(F)cccc1-c1ccc2nc(NC(=O)[C@@H]3C[C@@H]3F)cn2c1,7.221849,6.468683,0.7531662
O=C1NC(=O)/C(=C\c2ccc(-n3cc([N+](=O)[O-])cn3)cc2)S1,4.9706163,4.5815206,0.38909578
CN(C)C1CCN(CCn2nc(-c3cnc4[nH]ccc4c3)c3c(N)ncnc32)CC1,5.0,5.8278804,-0.8278804
CCCc1cc2c(oc(=O)n2C(C)C)c(CCC)c1O[C@H](C(=O)O)c1ccccc1,4.30103,5.1146684,-0.8136382
Cc1cccc(-c2nn3c(c2-c2ccnc(Nc4ccc(S(N)(=O)=O)cc4)c2)C(C)C(C)(C)C3)n1,7.3279023,9.034202,-1.7062993
Cc1c(F)cncc1-c1ccc2nc(NC(=O)[C@@H]3C[C@@H]3F)c(Cl)n2c1,6.69897,5.7217913,0.9771786
O=[N+]([O-])c1cccc(-c2cc(Nc3ccc(OC(F)(F)F)cc3)ncn2)c1,4.377786,4.6214623,-0.24367619
Cc1c(F)cncc1-c1ccc2nc(NC(=O)[C@@H]3C[C@@H]3F)c(C)n2c1,6.0,5.9180164,0.08198357
Cc1nc(C(F)(F)F)sc1COc1ccc2c(ccn2CC(=O)O)c1,5.0,5.609411,-0.60941076
NCCC(=O)Nc1nc2ccc(C(=O)c3ccccc3)cc2[nH]1,5.823909,6.5887094,-0.76480055
COc1cccc(-c2cn(C3CCN(CC(N)=O)CC3)c3ncnc(N)c23)c1,6.0,5.9946737,0.005326271
O=C(O)Cn1ccc2cc(OCc3ccc(Oc4ccc(C(F)(F)F)cc4)cc3)ccc21,8.161151,9.106978,-0.9458275
CN1C[C@@H]2C[C@H]1CN2c1ccc(-c2ccnc3c(-c4cccc(O)c4)c(-c4ccncc4)nn23)cc1,5.53121,5.9707646,-0.4395547
CC(C)c1ccc(C(=O)Nc2cc(CN3CCN(C)CC3)cc(C(F)(F)F)c2)cc1C#Cc1cnc2cccnn12,4.338187,4.5317807,-0.1935935
CCN(CC)CCCNC(=O)Nc1cc2c(Nc3ccc(F)c(Cl)c3)ncnc2cc1O[C@H]1CCOC1,6.779892,7.2151546,-0.43526268
Cc1cc(Nc2ncc(C)c(N3CC(CCC#N)C3)n2)sn1,5.8900843,6.106335,-0.2162509
Cc1ccc(C(=O)Nc2ccccc2F)cc1Nc1nccc(-c2cccnc2)n1,8.522879,9.018672,-0.49579334
C=CC(=O)N(c1cc(OC)ccc1Cl)c1c(C#N)cnc2cc(OC)c(OC)cc12,6.2778764,6.2000074,0.07786894
CC(C)n1nc(C#Cc2ccccc2O)c2c(N)ncnc21,4.1255183,4.642657,-0.5171385
CCCc1c(OCCCSc2ccc(CC(=O)O)cc2Cl)ccc2c(CC)noc12,8.443698,8.606469,-0.16277122
CNC(=O)c1cc(Oc2ccc(NC(=O)Nc3ccc(CN4CCN(C)CC4)cc3)cc2)ccn1,4.406714,4.741086,-0.33437204
CCCCn1c(-c2ccccc2C)cn2c3c(=O)[nH]c(=O)n(C)c3nc12,8.443698,8.168032,0.27566624
Cc1cc(SCc2ccc(OCc3ccc(C(F)(F)F)cc3)cc2)ccc1OCC(=O)O,3.69897,4.144071,-0.44510102
CN1CCN(c2ccc(Nc3nc(Nc4ccc(F)c(F)c4)c4ncn(CC5CC5)c4n3)cc2F)CC1,5.0,5.0645986,-0.06459856
CCN1CCN(Cc2ccc(NC(=O)Nc3ccc(Oc4cc(NC)ncn4)cc3)cc2C(F)(F)F)CC1,3.489187,3.7679892,-0.27880216
CCN1CCN(Cc2ccc(NC(=O)Cc3ccc(Oc4ccnc(NC)c4)cc3)cc2C(F)(F)F)CC1,8.259637,8.858969,-0.59933186
Cc1ccc(OC(=O)N(CC(=O)O)Cc2cccc(OCc3nc(-c4ccc(Cl)cc4)sc3C)c2)cc1,7.004365,6.2388234,0.76554155
CCNC(=O)c1c(OC)cc(-n2cnc3cc(-c4cnn(CCO)c4)ccc32)cc1OC,4.49485,4.9065757,-0.41172552
O=C(Nc1ccc(Cl)c(Cl)c1)N1CCCc2ccc(-c3ccncc3)cc2C1,7.1995935,6.3976808,0.8019128
CCN(CC)S(=O)(=O)c1ccc(-c2cc(Nc3ccc(OC(F)(F)F)cc3)ncn2)cc1,4.3851027,4.2637696,0.12133312
COc1ccc(CNC(=O)Nc2sc3c(c2C#N)CCCC3)c(OC)c1,5.6382723,5.4432416,0.19503069
COC(=O)CN1CCC(n2cc(-c3cccc(OC)c3)c3c(N)ncnc32)C1,4.0258617,4.1157475,-0.08988571
CN(C)CCOc1ccc(C(=O)NCc2cccc(C(=O)N[C@@H](CC(C)(C)C)C(=O)Nc3ccc(CCc4ccccn4)cc3)c2)cc1,7.6478176,8.170243,-0.52242565
c1ccc2c(-c3nc4ccc(N5CCC(N6CCCCC6)CC5)cc4[nH]3)n[nH]c2c1,9.508638,9.40863,0.10000801
CCCCC(Sc1nc2cc(Cl)ccc2s1)C(=O)NS(C)(=O)=O,4.0,4.433622,-0.43362188
CN1CCN(c2ccc(Nc3nc(Nc4cccc(F)c4)c4ncn(CC5CC5)c4n3)cc2F)CC1,6.5171266,6.3748164,0.14231014
CCCC(Sc1nc2cc(Cl)ccc2s1)C(=O)NS(C)(=O)=O,8.508638,8.510104,-0.0014657974
C[C@]1(C(=O)O)CCc2ccc(OCCCOc3ccc(OCC4CC4)cc3Cl)cc2O1,5.920819,5.917798,0.0030207634
CCCc1c(OCCCN(C)c2ccc(CC(=O)O)cc2C)ccc2c(C(F)(F)F)noc12,5.5622497,5.8759623,-0.3137126
Nc1ncnc2c1c(-c1cccc(Cl)c1)cn2-c1ccccc1,6.5800443,7.2679286,-0.68788433
CC(C)(C)CC(=O)NCCc1ccc(NC(=O)[C@H](CC(C)(C)C)NC(=O)c2cccc(CNC(=O)c3ccc(OCCO)cc3)c2)cc1,4.2048154,4.3706164,-0.16580105
CC(C)(C)n1nc(-c2cccc3ccccc23)c2c(N)ncnc21,9.431798,9.30533,0.1264677
O=C(NNC(=S)Nc1ccc(C(F)(F)F)cc1)c1ccc(-c2nnc(-c3ccccc3Cl)o2)cc1,5.956638,5.800191,0.15644693
Cc1ccc(C(=O)Nc2cc(-n3cnc(-c4ccccc4)c3)cc(C(F)(F)F)c2)cc1C#Cc1cnc2cccnn12,6.0,6.3156176,-0.31561756
Nc1cccc(Nc2nccc(-c3ccncc3)n2)c1,5.6615434,6.7762446,-1.1147013
CCC(=O)Nc1ccc(Sc2nc(Nc3cc(C)n[nH]3)cc(N3CCN(C)CC3)n2)cc1,3.9172146,4.301522,-0.38430715
CCCCCCCCCCCOc1cccc(CCC(=O)NC[C@@H](O)COP(=O)(O)OC[C@H](NC(C)=O)C(=O)OC)c1,4.870439,4.7891374,0.08130169
O=C(Nc1ccccc1F)N1CCOc2ccc(-c3ccncc3)cc2C1,9.275724,9.882858,-0.60713387
CC[C@]1(C(=O)O)CCc2ccc(OCCCOc3ccc(C4CCC5(CC4)CC5)cc3Cl)cc2O1,4.394695,4.2148967,0.17979813
CCCc1cc(C2CCCCCC2)ccc1OCCCOc1cccc(-c2oc(=O)[nH]c2O)c1,9.09691,9.4794,-0.3824892
CCn1c(CCCc2cccc(-c3ccc(OC)c(CCC(=O)O)c3)c2)nn(Cc2ccc(C(C)(C)C)cc2)c1=O,8.69897,8.152082,0.5468874
c1ccc(C(OC2CCN(CCCCNc3ccc4nncn4n3)CC2)c2ccccc2)cc1,7.017729,6.520069,0.49765968
Cc1oc(-c2ccccc2)nc1CCOc1ccc(C[C@@H]2CN(C(=O)Oc3ccccc3)C[C@@H]2C(=O)O)cc1,5.4282913,4.831431,0.5968604
O=C(Cc1cccc(C(F)(F)F)c1)N1CCOc2ccc(-c3ccncc3)cc2C1,4.47237,4.733504,-0.26113367
Cc1oc(-c2cccs2)nc1CCOc1ccc(C[C@@](C)(Oc2ccccc2)C(=O)O)cc1,4.600326,4.514513,0.085813046
CCN(CC)C(=O)c1ccc(NC(=O)c2cc(S(=O)(=O)N3CCCCCC3)ccc2OC)cc1,5.30103,5.2257533,0.07527685
COc1cc2nccc(Oc3ccc(NC(=O)Nc4cc(C)on4)c(Cl)c3)c2cc1OC,6.829738,7.014131,-0.18439293
Cn1c(C(N)=O)cc2c(Nc3ccc(OC(F)(F)F)cc3)ncnc21,5.0,5.536572,-0.536572
Cc1ccc(Nc2nccc(N(C)c3ccc4c(C)n(C)nc4c3)n2)cc1S(N)(=O)=O,6.0,6.119497,-0.11949682
COc1cccc2cc(-c3cc(Nc4ccc(OC(F)(F)F)cc4)ncn3)ccc12,7.236572,7.1093116,0.12726021
Cc1ccc(NC(=O)c2ccc(CN3CCCN(C)CC3)cc2)cc1-n1cc(-c2cnc3ccnn3c2)cn1,7.7695513,7.2711587,0.49839258
O=C(NC1CCN(Cc2ccccc2)C1)c1cc2c(Nc3ccc(OC(F)(F)F)cc3)ncnc2s1,9.173925,9.118123,0.055802345
CCCc1cc(C2CCCC2)ccc1OCCCOc1cccc(-c2oc(=O)[nH]c2O)c1,4.6382723,4.860565,-0.2222929
O=c1nc2n(c3cccc(Cl)c13)-c1cc(C3CCNCC3)ccc1C21CCOCC1,4.05061,4.073637,-0.023026943
NC(=O)c1ccc(OCc2cccc(Br)c2)cc1,8.642065,8.713123,-0.07105827
N#CCC(=O)Nc1nc(-c2ccc(Cl)c(Cl)c2)c[nH]1,7.0,7.572868,-0.5728679
CC(=O)c1ccccc1N[C@@H](Cc1ccc(OCCc2nc(-c3ccccc3)oc2C)cc1)C(=O)O,8.30103,7.7643695,0.5366607
CC(C)(C)n1nc(-c2ccccc2)c2c(N)ncnc21,4.5734887,4.429298,0.14419079
Nc1n[nH]c2cccc(C#Cc3cccc(NC(=O)c4cc(N5CCOCC5)cc(C(F)(F)F)c4)c3)c12,7.2240257,7.207736,0.016289711
COC1CCN(C(=O)c2ccc3c(Nc4ccc(OC(F)(F)F)cc4)ncnc3c2)CC1,4.0,4.2652907,-0.26529074
Cc1cc(Oc2cccc(CNC(=O)c3ccc(C(F)(F)F)cc3F)c2)ccc1OC(C)(C)C(=O)O,5.0,5.4272795,-0.42727947
O=S(=O)(c1ccc(-c2ccccc2)cc1)N1CCN(c2nc(Cl)ncc2Br)CC1,4.0,4.0781584,-0.07815838
COC(=O)Nc1nc2ccc(C(=O)c3cccs3)cc2[nH]1,6.1732774,6.441239,-0.2679615
NC(=O)c1cccc(NC(=O)/C=C\C(=O)N2CCC(CCc3ccccc3)CC2)c1,8.040958,8.282363,-0.24140453
Cc1ccc2c(c1)sc1nnc(N)n12,7.154902,6.9081264,0.24677563
O=C(Nc1ccc(OC(F)(F)F)cc1)c1cc(-c2cncnc2)ccn1,6.0,6.421576,-0.42157602
CC(C)(Oc1ccc(Cl)cc1)C(=O)NS(=O)(=O)c1ccccc1,9.267606,9.500453,-0.23284721
O=C([C@H](CO)c1ccccc1)N1CC(=C2CN(S(=O)(=O)c3ccc4ncsc4c3)C2)C1,4.69897,4.783701,-0.0847311
CC(=O)NCCc1ccc(NC(=O)[C@H](CC(C)(C)C)NC(=O)c2cccc(CNC(=O)c3ccc(OCCO)cc3)c2)cc1,4.30103,4.8248687,-0.5238385
Cc1ccc(NC(=O)c2ccc(/N=N/N(C)C)cc2)cc1Nc1nccc(-c2cccnc2)n1,3.539102,4.1137786,-0.5746765
CCn1c(CCC(F)(F)c2cccc(-c3ccc(NS(=O)(=O)c4ccccc4)cn3)c2)nn(Cc2ccc(C(C)(C)C)cc2)c1=O,4.4317985,4.5935817,-0.16178322
COc1cc(C(=O)Nc2ccc(O)cc2C(=O)O)ccc1OC(C)=O,4.2742515,4.3900723,-0.115820885
N#Cc1cccc(CS(=O)(=O)Nc2ccccc2-c2cccc3c2[nH]c2ccccc23)c1,5.707744,5.252482,0.45526218
Cc1oc(-c2ccccc2)nc1CCOc1cccc(C[C@H]2CN(C(=O)Oc3ccccc3)C[C@H]2C(=O)O)c1,5.7212462,6.1579976,-0.43675137
Cc1cc(Nc2ncc(C)c(N3CC(CC#N)C3)n2)sn1,4.823909,5.6362247,-0.81231594
CN1CCN(Cc2cc(NC(=O)c3ccc4c(c3)CN(c3cncnc3)CC4)cc(C(F)(F)F)c2)CC1,4.7189665,4.614712,0.104254246
Nc1ccc(C(=O)NCC(=O)Nc2nc(-c3ccccc3)cs2)cc1,6.4907975,7.432026,-0.9412284
Nc1n[nH]c2cccc(C#Cc3cccc(NC(=O)c4cc(C(F)(F)F)cc(C(F)(F)F)c4)c3)c12,4.69897,5.236505,-0.5375352
N[C@H]1CCN(c2c(F)cc3c(=O)c(C(=O)O)cn4c3c2Oc2c-4ccc3c2ccc2ccccc23)C1,4.30103,3.9464054,0.35462475
COC(=O)N(CC(=O)O)[C@@H](C)c1cccc(OCc2nc(-c3ccc(Cl)cc3)oc2C)c1,9.30103,9.960295,-0.65926456
Cc1cn(-c2cc(NC(=O)c3ccc(C)c(Nc4nc(-c5cccnc5)cs4)c3)cc(C(F)(F)F)c2)cn1,5.229148,5.4504857,-0.2213378
O=C(O)COc1ccc(SCc2ccc(OCc3ccc(OC(F)(F)F)cc3)cc2)c2c1CCC2,3.0101054,3.0561671,-0.046061754
C=CCOc1ccc2cc(-c3nn(C(C)C)c4ncnc(N)c34)ccc2c1,7.0457573,7.1374135,-0.09165621
O=C(O)CCc1ccc(OCCCOc2ccc(Oc3ccc(F)cc3)cc2Cl)cc1,6.298432,6.1510816,0.14735031
Cc1oc(-c2ccccc2)nc1CCCc1ccc(CC(C(=O)O)c2ccsc2)cc1,7.6340647,8.354661,-0.7205963
Cc1oc(-c2ccccc2)nc1CCOc1ccc(OC(C)(Cc2ccccc2)C(=O)O)cc1,6.935542,6.361457,0.57408524
CCCC(Sc1nc2cc(Cl)ccc2s1)C(=O)NS(=O)(=O)c1ccc(OC)cc1,4.30103,4.8198824,-0.51885223
COc1ccc(CC(CO)n2cc(-c3cccc(OC)c3)c3c(N)ncnc32)cc1,7.7283907,8.307016,-0.5786257
CCCC(C)S(=O)(=O)Nc1ccc(-c2cc(Nc3ccc(OC(F)(F)F)cc3)ncn2)cc1,4.850781,4.128489,0.72229195
Cc1oc(-c2ccccc2)nc1CCOc1ccc(CN(CC(=O)O)Cc2ccc3ccccc3c2)cc1,6.0,6.651651,-0.6516509
Cc1cc2c(CC(=O)O)csc2cc1OCc1sc(-c2ccc(C(F)(F)F)cc2)nc1C,5.3665314,5.251095,0.115436554
O=C(CCCC(=O)N1C[C@@H](CCl)c2c1cc(O)c1ccccc21)N1C[C@@H](CCl)c2c1cc(O)c1ccccc21,6.0,6.0710464,-0.07104635
CN1CCC(N(C)C(=O)c2ccc3c(Nc4ccc(OC(F)(F)F)cc4)ncnc3c2)CC1,3.8239088,3.8375516,-0.013642788
FC(F)(F)Oc1ccc(Nc2ncnc3c2cnn3CC2CCOC2)cc1,4.0,4.5534024,-0.5534024
COc1ccc(N2C(=O)[C@H](Cc3cccc(OCCc4nc(-c5ccccc5)oc4C)c3)[C@@H]2C(=O)O)cc1,7.0,7.3129787,-0.31297874
NC(=O)c1cccc(NC(=O)/C=C\C(=O)N2CCCC(c3ccccc3)C2)c1,6.0,5.94342,0.056580067
NC(=O)c1ccc(Oc2cccc(C(=O)N3CCN(c4ccc(F)c(F)c4)CC3)c2)cc1,5.5606675,5.779227,-0.21855927
CCOC(=O)CCCCC(=O)c1[nH]c(=O)[nH]c1CSCCO,5.6197886,5.7758384,-0.15604973
Cc1oc(-c2ccccc2)nc1CCOc1ccc(C[C@@H](C(=O)O)n2cccc2)cc1,7.8632793,8.0321,-0.16882038
CCNC(=O)Nc1nc2ccc(-c3ccc(C)cc3)cc2[nH]1,7.468521,7.728455,-0.25993395
COc1cccc(-c2cn(C3CCN(CC(N)=O)C3)c3ncnc(N)c23)c1,5.659556,5.578443,0.08111286
NC(=O)c1cc(-c2ccnc(N)n2)[nH]c1-c1cc(Cl)ccc1Cl,6.89279,7.3351374,-0.44234753
CCCCCCCCCCCOc1cccc(CCC(=O)NC[C@@H](O)COP(=O)(O)OC[C@H](NC(=O)c2ccc(C(C)(C)C)cc2)C(=O)O)c1,3.8239088,3.9668243,-0.14291549
CNCCOc1ccc(C(=O)NCc2cccc(C(=O)N[C@@H](CC(C)(C)C)C(=O)Nc3ccc(CCc4ccccn4)cc3)c2)cc1,5.0,5.043221,-0.043220997
O=C(NNC(=S)Nc1ccccc1Cl)c1ccc(-c2nnc(-c3ccccc3Cl)o2)cc1,5.166853,5.419277,-0.25242424
Nc1cccc(Nc2nccc(-c3cccnc3)n2)c1,7.161151,6.6794486,0.48170233
Cc1ccc(OC(=O)N(CC(=O)O)Cc2cccc(OCc3sc(-c4ccc(Cl)cc4)nc3C)c2)cc1,4.60206,4.0201063,0.5819535
CC(=O)Nc1ccccc1-c1cccc2c1[nH]c1ccccc12,9.229148,9.748305,-0.5191574
CC(C)(C)c1cc(NC(=O)Nc2ccc(Oc3ccc4cccnc4c3)cc2)n(-c2ccc3ncccc3c2)n1,4.47237,4.32639,0.14598036
COc1cc(OC)c(-c2c3cc(O)c(=O)cc-3oc3cc(O)c(O)cc23)cc1OC,8.096368,7.5365176,0.5598502
Cc1cc(Oc2cc(F)cc(CNC(=O)c3ccc(C(F)(F)F)cc3F)c2)ccc1OC(C)(C)C(=O)O,7.3665314,8.15035,-0.78381824
COc1ccc(N2C(=O)[C@@H](Cc3ccc(OCCc4nc(-c5ccccc5)oc4C)cc3)[C@H]2C(=O)O)cc1,5.8607507,5.088477,0.77227354
Cc1c(Nc2ccc(OC(F)(F)F)cc2)ncnc1-c1ccc(S(N)(=O)=O)cc1,7.0409584,7.750748,-0.70978975
CCOC(Cc1ccc2c(ccn2Cc2nc(-c3ccccc3F)oc2C)c1)C(=O)O,7.017729,7.7195773,-0.7018485
Cc1ccc(NC(=O)c2ccc(CN3CCN(Cc4ccc(I)cc4)CC3)cc2)cc1Nc1nccc(-c2cccnc2)n1,8.60206,9.015531,-0.41347027
CS(=O)(=O)c1ccc2nc(NC(=O)NCc3nc4ccccc4[nH]3)sc2c1,4.0,4.012342,-0.012341976
CCCCCCCN(CCc1ccc(O[C@](C)(CC)C(=O)O)cc1)C(=O)Nc1ccc(F)cc1F,4.0,4.118503,-0.11850309
CCN(CC)C(=O)c1ccc2c(Nc3ccc(OC(F)(F)F)cc3)ncnc2c1,4.1878223,5.067364,-0.8795419
O=C1Nc2cc(OC(F)(F)F)ccc2Nc2ccc(-c3cccc(C(=O)N4CCOCC4)c3)cc21,6.194499,6.028256,0.16624308
Cc1cn(-c2cc(F)cc(NC(=O)c3ccc(C)c(Nc4nccc(-c5cccnc5)n4)c3)c2)cn1,5.21467,5.0062466,0.20842361
CCOc1ccc(-n2cc(C(=O)N3CCC(F)CC3)c3cc(OC)c(OC)cc3c2=O)cc1,7.39794,6.9652457,0.43269444
O=c1cc(-c2ccc(Cc3ccc(OC(F)(F)F)cc3)cc2)[nH]c2ccccc12,6.823909,6.8776736,-0.05376482
CCOc1ccc(CC(=O)O)cc1-c1cccc(CCCc2nn(Cc3ccc(C(C)(C)C)cc3)c(=O)n2CC)c1,8.619789,9.049121,-0.42933178
Cc1cn(C2CCCCO2)nc1-c1ccc2nc(NC(=O)[C@@H]3C[C@@H]3F)sc2c1,5.0,6.0802636,-1.0802636
CN(CCCCCCOC1CCN(C(=O)c2ccc(F)cc2)CC1)C1CC1,6.2596374,5.962116,0.2975216
Cc1ccc(C(F)(F)F)cc1-c1[nH]c(-c2ccnc(N)n2)cc1C(N)=O,5.0,4.7539144,0.24608564
OC[C@H]1CNC[C@@H](O)[C@@H]1O,9.107905,8.840991,0.26691437
CNC(=O)CCc1ccc(NC(=O)[C@H](CC(C)(C)C)NC(=O)c2cc(CNC(=O)c3ccc(OC)cc3)ccc2F)cc1,5.853872,6.2551045,-0.40123272
CC(c1ccccc1)n1cc(CNC(=O)CCCC(=O)Nc2cccc(C(N)=O)c2)nn1,4.8504424,5.06298,-0.21253777
CN(C)C1CCN(C(=O)c2cc3c(Nc4ccc(OC(F)(F)F)cc4)ncnc3s2)C1,6.737549,6.8799796,-0.14243078
CC[C@@](C)(Oc1cccc(Cn2c(C)c(C(=O)c3ccc(Cl)cc3)c3ccc(OC(F)(F)F)cc32)c1)C(=O)O,7.8860564,8.129905,-0.24384832
COc1ccc(C(=O)Nc2ccc(C)c(-n3cc(-c4cnc5ccnn5c4)cn3)c2)cc1,4.30103,5.3225274,-1.0214972
CO[C@@H](Cc1ccc(C#CCCCOc2ccc(Oc3ccccc3)cc2)cc1)C(=O)O,6.0,7.074356,-1.0743561
Cc1ccc([N+](=O)[O-])cc1S(=O)(=O)N[C@@H](CCCCNC(=O)CCC(=O)Nc1cccc(C(N)=O)c1)C(=O)NC(C)C,9.468521,8.810509,0.6580124
CC1CCN(CCCC(=O)NC2C=CC(S(N)(=O)=O)C=C2)CC1,5.0,5.4738226,-0.4738226
Cc1cc(NC(=O)c2ccc(C)c(Nc3nc(-c4cccnc4)cs3)c2)cc(-n2cnc(C)c2)c1,4.0,3.9334035,0.06659651
NC(=O)c1ccc(Oc2cccc(C(=O)N3CCN(c4ccc(F)cc4)CC3)c2)cc1,4.588717,4.738683,-0.14996624
CCCc1c(OCCCn2ncc3cc(CC(=O)O)ccc32)ccc2c(C(F)(F)F)noc12,8.995679,9.148243,-0.15256405
Cc1oc(-c2ccccc2)nc1CCOc1ccc(C[C@@H]2C(=O)N(c3ccc(C(C)(C)C)cc3)[C@@H]2C(=O)O)cc1,5.275724,4.5295587,0.7461653
CCCc1cc2c(=O)n(C(C)C)oc2c(CCC)c1O[C@H](C(=O)O)c1ccc(CC(C)C)cc1,4.69897,4.813695,-0.11472511
O=C(Nc1ccccc1)N1CCOc2ccc(-c3ccncc3)cc2C1,4.60206,4.3178153,0.28424454
O=C(NC1=NN(c2ccc(Cl)c(Cl)c2)CC1)c1cccnn1,6.0,6.3119473,-0.31194735
COc1cccc2c1ccn2S(=O)(=O)c1cccc(C(=O)Nc2ccc(Cl)cc2C(=O)O)c1,7.7447276,7.279195,0.46553278
Cn1cnnc1SCC(=O)Nc1nc(-c2ccc(Cl)c(Cl)c2)cs1,7.6197886,8.196614,-0.5768256
Cc1ccc(NC(=O)c2ccc(Cl)cc2)cc1Nc1nccc(-c2cccnc2)n1,4.950782,4.68047,0.27031183
COc1ccccc1C(=O)Nc1ccc(C)c(Nc2nccc(-c3cccnc3)n2)c1,8.619789,8.690075,-0.0702858
CCCc1cc(C(=O)c2ccccc2)cc(CCC)c1OC(C(=O)O)c1ccccc1,7.031517,7.0137925,0.017724514
CC(C)(Oc1ccc(CCNC(=O)c2ccc(Cl)cc2)cc1)C(=O)NS(=O)(=O)c1ccccc1,7.042872,7.8600974,-0.81722546
Cc1c(Nc2ccc(OC(F)(F)F)cc2)ncnc1-c1cccc(C(N)=O)c1,5.2400303,4.7844095,0.45562077
C=CS(=O)(=O)N1CCC[C@@H]1Cn1cc(-c2ccc3c(c2)OCO3)c2c(N)ncnc21,6.235077,6.3240185,-0.088941574
Cc1ccc(NC(=O)c2ccc(C(F)(F)F)cc2)cc1-n1cc(-c2cnc3ccnn3c2)cn1,8.39794,8.988986,-0.59104633
Cc1ccc(-c2cc(-c3ccc(Cl)cc3)c(C#N)c(N)n2)o1,4.2139587,4.679813,-0.46585417
O=C(O)[C@@H]1CCc2ccc(OCCCOc3ccc(OCC(F)(F)F)cc3Cl)cc2O1,8.387217,8.520934,-0.13371754
Cc1c(-c2cc(Nc3ccc(OC(F)(F)F)cc3)ncn2)cnn1-c1ccccc1,4.823909,4.417874,0.40603495
Cc1cc(-c2cnc(Nc3cc(Cl)cc(Cl)c3)nc2NC2CCC(N(C)C)CC2)on1,5.1372724,5.938394,-0.8011217
O=C(O)C1CCc2ccc(OCCCOc3ccc(OCC(F)(F)F)cc3Cl)cc2O1,5.958607,6.5190024,-0.56039524
Cc1ccc(OC(=O)N(CC(=O)O)Cc2ccc(OCc3nc(-c4ccc(Cl)cc4)oc3C)cc2)cc1,4.920819,4.49762,0.4231987
C[C@@H]1CN(c2cccc(-c3csc(NC(=O)C(C)(C)NC(=O)c4ccn(S(C)(=O)=O)c4)n3)n2)C[C@H](C)O1,4.7351823,4.8549476,-0.11976528
FC(F)(F)Oc1ccc(Nc2cc(Nc3nccn3-c3cccc(C(F)(F)F)c3)ncn2)cc1,8.79588,7.6373158,1.1585646
COc1ccc2cc(-c3nn(C(C)C)c4ncnc(N)c34)ccc2c1,6.3036437,5.5080047,0.79563904
COc1cccc(NC(=O)COc2cc(O)c3c(=O)cc(-c4ccccc4)oc3c2)c1,7.41531,7.654955,-0.239645
O=C(NS(=O)(=O)c1ccc([N+](=O)[O-])cc1)C(Sc1nc2cc(Cl)ccc2s1)c1ccccc1,4.4534574,4.3779407,0.0755167
Cn1c(C(=O)N2CCC(C(N)=O)CC2)cc2c(Nc3ccc(OC(F)(F)F)cc3)ncnc21,8.522879,8.4089775,0.11390114
FC(F)(F)Oc1ccc(Nc2ncnc3c2cnn3Cc2ccncc2)cc1,4.5985994,4.5779567,0.020642757
Cc1c2cc(O)c(=O)cc-2oc2cc(O)c(O)cc12,8.267606,8.9290285,-0.6614227
O=C(O)Cn1ccc2cc(OCc3cc(-c4ccc(C(F)(F)F)cc4)on3)ccc21,6.30103,5.827997,0.47303295
CCCOc1ccc2cc(-c3nn(C(C)C)c4ncnc(N)c34)ccc2c1,4.634512,3.8683114,0.76620054
OC[C@H]1CN(CCCc2ccccc2)C[C@@H](O)[C@@H]1O,9.1549015,9.075661,0.0792408
O=Cc1cc(-c2cc(Nc3ccc(OC(F)(F)F)cc3)ncn2)ccc1F,5.8751698,6.242129,-0.3669591
CCCc1cc2c(=O)n(C)oc2c(CCC)c1O[C@H](C(=O)O)c1ccccc1,8.031517,8.266866,-0.2353487
CCCC(Sc1nc2cc(Cl)ccc2s1)C(=O)NS(=O)(=O)c1ccc([N+](=O)[O-])cc1,5.325139,5.7365336,-0.4113946
Cc1oc(-c2cccc(Cl)c2)nc1CCOc1cccc(C[C@@H]2C(=O)N(c3ccc(C(C)(C)C)cc3)[C@@H]2C(=O)O)c1,4.621602,4.745305,-0.123703
CC(C)C(CCO)NC(=O)CCn1ccc2c(Nc3ccc(OC(F)(F)F)cc3)ncnc21,6.537602,6.5502486,-0.012646675
CC(C)n1nc(-c2cnc3ccccc3c2)c2c(N)ncnc21,7.6575775,7.9132447,-0.2556672
Cc1ccc(O)cc1-n1c(=O)c2c(c3c(N)ncnc31)CCCC2,8.1493845,7.8510103,0.29837418
CCCc1c(OCCCN(C)c2ccc(CC(=O)O)c(C)c2)ccc2c(C(F)(F)F)noc12,9.09691,8.928207,0.16870308
Cc1ccc(NC(=O)Nc2ccccc2CN(C)C2CCCCC2)cc1Nc1nccc(-c2cccnc2)n1,7.37059,8.492511,-1.1219206
COc1ccc(-c2cnn3c(N)c(-c4ccccc4)c(OC4CCN(C)CC4)nc23)cc1OC,6.578396,6.126448,0.4519477
CNC(=O)CCc1ccc(NC(=O)[C@H](CC(C)(C)C)NC(=O)c2cc(CNC(=O)c3ccccc3)ccc2F)cc1,8.124939,8.495308,-0.37036896
Cc1oc(-c2ccccc2)nc1CCCc1ccc(CC(C(=O)O)n2cccn2)cc1,8.0,8.757207,-0.7572069
COc1ccccc1-c1csc(NC(=O)CNC(=O)c2ccc(N)cc2)n1,6.8996296,7.016274,-0.11664438
Cc1oc(-c2ccccc2)nc1CCOc1ccc(Cc2cn(-c3ccccc3)cc2C(=O)O)cc1,9.259637,9.421897,-0.16226006
O=C(c1c(F)cccc1F)N1CCN(c2nc(N3CCOCC3)ncc2Br)CC1,7.817069,7.9290333,-0.111964226
C=CC(=O)N(c1cc(OC)c(Cl)cc1Cl)c1c(C#N)cnc2cc(OC)c(OC)cc12,7.0222764,7.185454,-0.16317749
CCn1c(CCCc2cccc(-c3cccc(CNS(=O)(=O)c4ccccc4)c3)c2)nn(Cc2ccc(C(C)(C)C)cc2)c1=O,4.026341,4.163528,-0.137187
Cc1oc(-c2ccccc2)nc1CCCc1ccc(C[C@@H](C(=O)O)n2cccn2)cc1,6.8860564,6.893646,-0.00758934
c1ccc(COc2cc3[nH]nc(-c4nc5ccc(N6CCC(N7CCCCC7)CC6)cc5[nH]4)c3cc2OCc2ccccc2)cc1,4.2388244,4.2049108,0.033913612
CS(=O)(=O)Nc1ccccc1-c1cccc2c1[nH]c1ccccc12,8.39794,8.042745,0.35519505
Cc1cccc(C#Cc2nn(C(C)C)c3ncnc(N)c23)c1,4.4833984,4.1622863,0.32111216
COc1ccc2c(ccc3c2[nH]c2c4ccccc4nc(NCCCN(C)C)c32)c1,5.017729,4.9769073,0.040821552
FC(F)(F)Oc1ccc(Nc2cc(-c3cc(NCCN4CCOCC4)ncn3)ncn2)cc1,5.4000077,5.1955743,0.20443344
CS(=O)(=O)NC(=O)C(Sc1nc2cc(Cl)ccc2s1)c1ccccc1,7.221849,7.176111,0.045737743
CN(C)CCN1C(=O)c2ccc3c4ccc5c6c(ccc(c7ccc(c2c37)C1=O)c64)C(=O)N(CCN(C)C)C5=O,8.30103,8.306029,-0.0049991608
Nc1ccccc1C(=O)Nc1ccccc1Oc1ccc(C(=O)O)c(C(=O)O)c1,3.219107,3.49075,-0.27164316
CCCC(=O)Nc1ccccc1-c1cccc2c1[nH]c1ccccc12,8.387217,8.024653,0.36256313
COCCN=NNc1ccc(C(=O)Nc2cccc(Nc3nccc(-c4cccnc4)n3)c2)cc1,4.0,4.1119967,-0.11199665
Cc1cn(-c2cc(NC(=O)c3ccc(C)c(C#Cc4cnc(N5CCCCC5)nc4)c3)cc(C(F)(F)F)c2)cn1,8.0,7.954188,0.04581213
CCO[C@@H](Cc1ccc(OCCc2nc(-c3ccc(C(F)(F)F)cc3)oc2C)c2ccccc12)C(=O)O,7.154902,6.679647,0.475255
CCCCN1C(=O)NC2NC(=O)NC21,5.7695513,6.73803,-0.9684787
NC(=O)CCn1ncc2c(Nc3ccc(OC(F)(F)F)cc3)ncnc21,4.69897,4.9472184,-0.24824858
Cc1oc(-c2ccccc2)nc1CCCc1ccc(C[C@@H](C(=O)O)n2cccc2)cc1,3.69897,3.6419353,0.05703473
COc1ccc(Cc2sc(=O)[nH]c2O)cc1C(=O)NCc1ccc(C(F)(F)F)cc1,5.0,5.8369975,-0.8369975
CC#Cc1ccc2c(=O)[nH]c(CSc3ccc(C(=O)O)cc3)nc2c1C,4.040005,4.0351286,0.0048766136
CO[C@H](Cc1ccc(OCCc2nc(-c3ccccc3)oc2C)c2ccccc12)C(=O)O,8.29243,8.671637,-0.37920666
CCNC(=O)c1cc2c(Nc3ccc(OC(F)(F)F)cc3)ncnc2s1,9.337242,9.512578,-0.17533588
COc1ccc(NC(=O)c2ccc(C)c(Nc3nccc(-c4cccnc4)n3)c2)cc1,7.3980484,7.2243304,0.17371798
Cc1c2ccc(Nc3ccnc(Nc4ccc(S(=O)(=O)NC(=N)N)cc4)n3)cc2nn1C,9.69897,9.390195,0.30877495
CN1CCC(Nc2ccc(C(=O)Nc3cc(-c4cc(C#N)cs4)n[nH]3)cc2)CC1,4.636388,4.2926903,0.34369755
CC(C)c1ccc(C(=O)Nc2cc(CN3CCN(C)CC3)cc(C(F)(F)F)c2)cc1C#Cc1cnc2ccccn12,9.527244,9.238558,0.2886858
Cc1c(C)n(Cc2ccc(Cl)c(O[C@@H](C)C(=O)O)c2)c2ccc(C(=O)N[C@@H](C)c3ccc(C(C)(C)C)cc3)cc12,5.892112,6.5635805,-0.67146873
COc1cc(-c2cc(Nc3ccc(OC(F)(F)F)cc3)ncn2)co1,7.6382723,7.593312,0.0449605
COc1cccc(C(=O)N2CCN(C(=O)c3ccc(-c4cc(C)ccn4)cc3)CC2)c1,5.0,5.413081,-0.41308117
Cc1ccc(OC(=O)N(CC(=O)O)Cc2ccc(OCCc3nc(-c4ccc(Cl)cc4)oc3C)cc2)cc1,5.7253804,5.2239623,0.5014181
CCNC(=O)Nc1nc2ccc(-c3cccc(C#N)c3)cc2[nH]1,5.5686364,5.0211997,0.5474367
Cc1ccc(C(=O)Nc2c(C)cccc2C)cc1Nc1nccc(-c2cccnc2)n1,6.3196645,6.2931776,0.026486874
Cc1ccc(Cn2nc(CCCc3ccc(OC(C)(C)C(=O)O)cc3)n(CC(=O)O)c2=O)cc1,4.30103,5.037072,-0.736042
O=C(O)Cc1csc2cc(OCc3cccc(COc4ccc(C(F)(F)F)cc4)c3)ccc12,8.39794,8.491473,-0.093533516
Cc1cccc2[nH]c(-c3nn(C(C)C)c4ncnc(N)c34)cc12,5.0,4.2757106,0.7242894
CCCc1cc(Oc2ccc(F)cc2)ccc1OCCCOc1ccc2c(c1)OC(CC)(C(=O)O)CC2,3.8239088,4.1923356,-0.3684268
COc1ccc(C#Cc2nn(C(C)C)c3ncnc(N)c23)cc1,7.823909,7.853589,-0.029680252
CCO[C@@H](Cc1ccc(OCCN2c3ccccc3Oc3ccccc32)cc1)C(=O)O,5.9871626,6.716008,-0.7288456
CCc1ccc(C(=O)Nc2cccc(CN3CCN(C)CC3)c2)cc1-c1cccc(-c2cnc3cnccn23)c1,5.0,5.022809,-0.022809029
CCOC(=O)N1C[C@H](CC(=O)O)[C@H](c2cccc(OCCc3nc(-c4ccccc4)oc3C)c2)C1,5.0,5.1292844,-0.12928438
Cc1[nH]c(-c2cc(NS(C)(=O)=O)ccc2Oc2ccccc2)c2c1C(=O)CCC2,9.113509,9.497317,-0.38380814
C[C@]1(O)CC[C@@H](SCc2nc3cc(OCC4CCOCC4)cc(F)c3c(=O)[nH]2)CC1,4.850781,4.379105,0.47167587
CCc1c(C#Cc2cnc3cnccn23)cccc1C(=O)Nc1cc(CN2CCN(C)CC2)cc(C(F)(F)F)c1,6.086186,6.172184,-0.08599806
C=CC(=O)NCc1ccc(-n2nc3c(=O)[nH]nc(N)c3c2-c2oc3ccc(C)cc3c2C)cc1,4.026383,4.1017847,-0.07540178
COc1ccc(-c2ccnc(Nc3cc(C(=O)Nc4cc(-n5cnc(C)c5)cc(C(F)(F)F)c4)ccc3C)c2)cn1,4.5228786,5.3526297,-0.829751
COc1ccc(-c2cc(F)cc(NC(=O)c3ccc(C)c(Nc4cc(-c5cccnc5)ccn4)c3)c2)cc1,4.8796563,6.2098145,-1.3301582
Cc1c(C#Cc2cnc3cnc(-c4ccc(N)cc4)cn23)cccc1C(=O)Nc1cc(CN2CCN(C)CC2)cc(-c2ccccc2)c1,4.53429,5.1419244,-0.60763454
Cc1c(C#Cc2cnc3cnc(-c4ccncc4)cn23)cccc1C(=O)Nc1cc(CN2CCN(C)CC2)cc(C(F)(F)F)c1,5.60206,5.6749544,-0.07289457
Cc1c(C#Cc2cnc3cnccn23)cccc1C(=O)Nc1cc(CN2CCN(C)CC2)cc(C(F)(F)F)c1,6.0,5.7415156,0.25848436
c1cc(Nc2nccc(-c3cccnc3)n2)cc(OCCn2ccnc2)c1,7.618286,7.214292,0.40399408
O=C(CCOC[C@@H]1CCN1c1cn[nH]c(=O)c1C(F)(F)F)N1CCN2c3ncc(Cl)cc3OCC[C@H]2C1,8.0,8.2072,-0.20720005
O=C(CCOC[C@@H]1CCN1c1cn[nH]c(=O)c1C(F)(F)F)N1CCN2c3ncc(C(F)(F)F)cc3OC[C@@H]2C1,7.79588,7.3661084,0.42977142
CNc1cc2nc(CSC3CCOCC3)[nH]c(=O)c2c(F)c1F,7.6840296,8.410956,-0.7269268
O=c1[nH]c(CSC2CCOCC2)nc2cc(N[C@H]3CCCOC3)ccc12,4.8961964,4.485435,0.41076136
O=c1[nH]c(CSC2CCOCC2)nc2cc(NC3CCOC3)ccc12,5.2596374,5.3023324,-0.042695045
O=c1[nH]c(CSC2CCOCC2)nc2cc(NCC3CC3)c(F)cc12,9.366531,9.604735,-0.238204
O=c1[nH]c(CSC2CCOCC2)nc2cc(NCC3CCC3)c(F)c(F)c12,3.8239088,3.9735277,-0.14961886
O=c1[nH]c(CSC2CCOCC2)nc2cc(NCC3CCOCC3)c(F)c(F)c12,5.154902,4.9800143,0.17488766
CNC(=O)c1cc(Oc2ccc3nc(Nc4cccc(C(C)(C)C)c4)ccc3c2)ccn1,7.229148,7.991957,-0.7628093
CNC(=O)c1cc(Oc2ccc3nc(Nc4cccc(C(C)(C)C)c4)cnc3c2)ccn1,4.133931,4.355283,-0.22135162
Cc1cccc2c(=O)[nH]c(CSC3CCN(C(=O)[C@@H](N)CCCCN)CC3)nc12,5.6382723,5.2670918,0.37118053
Cc1cccc2c(=O)[nH]c(CSC3CCN(C(=O)[C@@H](N)CCCNC(=N)N)CC3)nc12,5.905529,6.359301,-0.45377207
Cc1cccc2c(=O)[nH]c(CSC3CCN(C(=O)[C@H](N)CCCCN)CC3)nc12,5.1426673,5.3707356,-0.22806835
Cc1cccc2c(=O)[nH]c(CSC3CCN(C(=O)[C@H](N)CCCNC(=N)N)CC3)nc12,5.6197886,5.8864527,-0.26666403
Cc1cccc2c(=O)[nH]c(CSC3CCN(CCCN)CC3)nc12,4.0,4.219588,-0.2195878
Cc1cccc2c(=O)[nH]c(CSC3CCN(CCO)CC3)nc12,5.0,5.395118,-0.39511824
Cc1cccc2c(=O)[nH]c(CSC3CCN(CCc4ccccc4)CC3)nc12,4.958607,5.2861133,-0.32750607
Cc1cccc2c(=O)[nH]c(CSC3CCC(N(C)C)CC3)nc12,4.5228786,4.7324367,-0.20955801
Cc1cccc2c(=O)[nH]c(CSC3CCCNCC3)nc12,6.0,5.8293633,0.17063665
CNC[C@H]1CC[C@H](SCc2nc3c(C)cccc3c(=O)[nH]2)CC1,3.8239088,3.7978804,0.026028395
CNCc1c(F)cccc1-c1ccc2nc(NC(=O)[C@@H]3C[C@@H]3F)cn2c1,4.468521,4.3007116,0.16780949
CNC(=O)c1cc(Oc2ccc3nc(Nc4cccc(C(C)(C)C)c4)ncc3c2)ccn1,7.69897,8.305042,-0.6060724
CNC(=O)c1cccc2cc(Oc3ccnc(NC(=O)c4ccc(N5CCN(C)CC5)cc4)c3)ccc12,4.180588,4.1454415,0.035146236
O=c1[nH]c(CSC2CCOCC2)nc2cc(NC3CCCCC3(F)F)cc(F)c12,5.2596374,5.7235737,-0.46393633
O=c1[nH]c(CSC2CCOCC2)nc2cc(NC3CCCCC3)c(F)cc12,5.0,5.984901,-0.98490095
O=c1[nH]c(CSC2CCOCC2)nc2cc(NC3CCCCC3)cc(F)c12,8.0,8.015964,-0.015963554
Cc1cccc2c(=O)[nH]c(CS[C@H]3CC[C@@H](CN(C)C)CC3)nc12,8.522879,8.880292,-0.3574133
Cc1cccc2c(=O)[nH]c(CS[C@H]3CC[C@@H](CN)CC3)nc12,8.0,8.071362,-0.07136154
Cc1cccc2c(=O)[nH]c(CSC3CCN(Cc4c[nH]c5ccncc45)CC3)nc12,6.0919976,5.548597,0.54340076
Cc1cccc2c(=O)[nH]c(CSC3CCN(Cc4ccc(N(C)C)cc4)CC3)nc12,4.692504,4.7415924,-0.049088478
Cc1cccc2c(=O)[nH]c(CSC3CCN(Cc4ccc5cnn(C)c5c4)CC3)nc12,4.665526,4.438698,0.2268281
Cc1cccc2c(=O)[nH]c(CSC3CCN(Cc4ccccc4OCC#N)CC3)nc12,5.9292235,5.726833,0.20239067
Cc1cccc2c(=O)[nH]c(CSC3CCN(Cc4ccccn4)CC3)nc12,6.2596374,7.078432,-0.8187947
Cc1cccc2c(=O)[nH]c(CSC3CCN(Cc4cnc5ccccn45)CC3)nc12,5.2596374,5.730205,-0.4705677
Cc1cccc2c(=O)[nH]c(CSC3CCN(Cc4cnn(Cc5ccccc5)c4)CC3)nc12,4.0264287,3.7786381,0.24779058
Cc1cccc2c(=O)[nH]c(CSC3CCN(Cc4nccn4C)CC3)nc12,5.5934596,5.963754,-0.37029457
COC(=O)CN1CCC(n2cc(-c3cccc(OC)c3)c3c(N)ncnc32)CC1,7.673664,7.9083,-0.23463583
Cc1cccc2c(=O)[nH]c(CSC3CCN(C(=O)CN)CC3)nc12,6.0,6.218896,-0.21889591
O=c1[nH]c(CSC2CCOCC2)nc2cc(NC3CCCCC3)ccc12,5.2999887,5.5497575,-0.24976873
O=c1[nH]c(CSC2CCOCC2)nc2cc(NC3CCN(C4COC4)CC3)cc(F)c12,3.552842,4.0857472,-0.53290534
Cc1ccc(NC(=O)c2cccc(S(=O)(=O)n3ccc4c(C)cccc43)c2)c(C(=O)O)c1,6.0,6.161822,-0.16182184
Cc1ccc(NC(=O)c2cccc(S(=O)(=O)n3ccc4cc(C)ccc43)c2)c(C(=O)O)c1,4.6777806,4.099908,0.57787275
O=C(N[C@H]1CC[C@H](SCc2nc3cc(OCC4CC4)cc(F)c3c(=O)[nH]2)CC1)C1CC1,4.69897,4.8863993,-0.18742943
CCC(=O)N[C@H]1CC[C@H](SCc2nc3cc(OCC4CC4)cc(F)c3c(=O)[nH]2)CC1,7.075721,7.1873093,-0.11158848
CNC(=O)CN1CCC(SCc2nc3cc(NC4CCCC4)cc(F)c3c(=O)[nH]2)CC1,5.0,5.1034064,-0.10340643
CN1CC[C@@H](COc2cc(F)c3c(=O)[nH]c(CS[C@H]4CC[C@H](O)CC4)nc3c2)[C@H](F)C1,4.0899096,3.8648906,0.22501898
CCC(=O)Nc1ccccc1-c1cccc2c1[nH]c1ccccc12,6.0,6.7682824,-0.7682824
CCC(NC(=O)c1ccc(C2CC2)c(-c2ccc3nc(Nc4cnn(C5CC5)c4)ncc3c2)c1)c1cccc(C(F)(F)F)c1,6.0,6.1289096,-0.12890959
CN1CCOC(COc2cc(F)c3c(=O)[nH]c(CSC4CCOCC4)nc3c2)C1,6.801343,6.7016416,0.099701405
CN1CCN([C@H]2CC[C@@H](Nc3cc4nc(CSC5CCOCC5)[nH]c(=O)c4c(F)c3F)CC2)CC1,5.6439743,5.485146,0.15882826
CN1CCN([C@H]2CC[C@H](Nc3cc4nc(CSC5CCOCC5)[nH]c(=O)c4c(F)c3F)CC2)CC1,5.107293,5.908702,-0.80140877
CN1CC[C@@H](SCc2nc3cc(NC4CCCC4)cc(F)c3c(=O)[nH]2)[C@@H](F)C1,8.522879,8.886585,-0.3637066
O=c1[nH]c(CSC2CCOCC2)nc2cc(OCC3CCOC3)cc(Br)c12,8.30103,8.566898,-0.2658682
Cc1cccc2c(=O)[nH]c(CS[C@H]3CC[C@H](C(N)=O)CC3)nc12,5.958607,5.7484584,0.21014881
Cc1cccc2c(=O)[nH]c(CS[C@H]3CC[C@H](CC(N)=O)CC3)nc12,4.642065,4.17503,0.46703482
Cc1cccc2c(=O)[nH]c(CS[C@H]3CC[C@H](CCN)CC3)nc12,6.4271283,6.2429557,0.18417263
Cc1cccc2c(=O)[nH]c(CS[C@H]3CC[C@H](CN(C)C)CC3)nc12,10.0,9.812053,0.18794727
Cc1cccc2c(=O)[nH]c(CS[C@H]3CC[C@H](CN)CC3)nc12,8.0,7.9583225,0.041677475
Cc1cccc2c(=O)[nH]c(CS[C@H]3CC[C@H](CO)CC3)nc12,4.5228786,5.0881915,-0.56531286
Cc1cccc2c(=O)[nH]c(CSc3ccncc3)nc12,4.0,4.0295696,-0.029569626
Cc1cccc2c(=O)[nH]c(CSC3CCN(S(C)(=O)=O)CC3)nc12,4.69897,5.029123,-0.330153
Cc1cccc2c(=O)[nH]c(CSC3CCNCC3)nc12,5.2596374,6.0301714,-0.77053404
Cc1cccc2c(=O)[nH]c(CSC3CCOCC3)nc12,4.7695513,4.0646873,0.704864
CN1CC[C@H](CNc2cc3nc(CSC4CCOCC4)[nH]c(=O)c3c(F)c2F)[C@@H](F)C1,5.7399645,5.919554,-0.17958975
CN1CC[C@H](COc2cc(F)c3c(=O)[nH]c(CS[C@H]4CC[C@H](O)CC4)nc3c2)[C@@H](F)C1,7.145694,7.0115705,0.13412333
CN1CC[C@H](SCc2nc3cc(NC4CCCC4)cc(F)c3c(=O)[nH]2)[C@@H](F)C1,6.0,6.412425,-0.41242504
CN1C[C@H](COc2cc(F)c3c(=O)[nH]c(CSC4CCOCC4)nc3c2)[C@H](F)C1,4.60206,4.7819,-0.17984009
O=c1[nH]c(CSC2CCOCC2)nc2cc(NC3CCC3)cc(F)c12,8.886057,9.368626,-0.48256874
O=c1[nH]c(CSC2CCOCC2)nc2cc(NC3CCC3)ccc12,4.8664613,4.750047,0.11641407
CS(=O)(=O)CCN1CCC(SCc2nc3cc(NC4CCCC4)cc(F)c3c(=O)[nH]2)CC1,5.937042,6.8672643,-0.93022203
CS(=O)(=O)N1CC(Nc2ccc3c(=O)[nH]c(CSC4CCOCC4)nc3c2)C1,9.327902,8.907174,0.42072773
CS(=O)(=O)N1CCC[C@@H](Nc2cc(F)c3c(=O)[nH]c(CSC4CCOCC4)nc3c2)C1,5.0457573,5.0863595,-0.040602207
CS(=O)(=O)N1CCC[C@@H](Nc2cc(F)c3c(=O)[nH]c(CS[C@H]4CC[C@H](O)CC4)nc3c2)C1,9.09691,8.959974,0.13693619
Cc1ccc(NC(=O)c2ccc(CN3CCN(C)CC3)cc2)cc1Nc1nccc(-c2cncc(-c3cnns3)c2)n1,7.4202166,7.00761,0.41260672
O=c1[nH]c(CSC2CCNCC2)nc2cc(OCC3CC3)cc(F)c12,7.6458917,7.817372,-0.17148018
O=c1[nH]c(CSC2CCNCC2)nc2cc(OCC3CC3)ccc12,4.6197886,4.9027247,-0.2829361
O=c1[nH]c(CSC2CCNCC2)nc2cc(OCC3CCC3)cc(F)c12,7.5257835,8.367526,-0.8417425
O=c1[nH]c(CSC2CCNCC2)nc2cc(OCC3CCCC3)cc(F)c12,6.0,6.0345283,-0.034528255
O=c1[nH]c(CSC2CCNCC2)nc2nc(OCC3CC3)ccc12,4.372634,5.2024326,-0.8297987
O=c1[nH]c(CSC2CCOCC2)nc2cc(NC3CC3)ccc12,5.3467875,5.7892337,-0.44244623
Cc1ccc(NC(=O)c2ccc(CN3CCN(C)CC3)cc2)cc1Nc1nccc(-c2cncc(-c3snnc3C)c2)n1,4.7212462,4.5550632,0.166183
CS(=O)(=O)N1CCC[C@@H](Nc2ccc3c(=O)[nH]c(CS[C@H]4CC[C@H](O)CC4)nc3c2)C1,6.559091,4.6955028,1.8635883
O=c1[nH]c(CSC2CCOCC2)nc2cc(OC[C@H]3CCOC3)cc(F)c12,4.30103,3.8809793,0.42005086
O=C(NC1=NN(c2ccc(Cl)c(Cl)c2)CC1)c1ccncn1,6.2596374,6.220672,0.038965225
COc1ccc2c(Oc3ccc(NC(=O)c4c(C)n(CC(C)(C)O)n(-c5ccccc5)c4=O)nc3)ccnc2c1,6.7399287,6.811918,-0.07198906
O=c1[nH]c(CSC2CCOCC2)nc2cc(OCC3CC(F)(F)C3)cc(F)c12,5.334419,5.2942796,0.0401392
O=c1[nH]c(CSC2CCOCC2)nc2cc(OCC3CC3(F)F)cc(F)c12,5.578396,5.1630926,0.41530323
O=c1[nH]c(CSC2CCOCC2)nc2cc(OCC3CC3)cc(F)c12,7.4317985,7.352198,0.079600334
O=c1[nH]c(CSC2CCOCC2)nc2cc(OCC3CC3)ccc12,4.429457,4.144754,0.28470325
O=c1[nH]c(CSC2CCOCC2)nc2cc(OCC3CCC3)cc(F)c12,4.546682,5.1682496,-0.6215677
O=c1[nH]c(CSC2CCOCC2)nc2cc(OCC3CCCN(CC(F)F)C3)cc(F)c12,4.60206,5.026105,-0.4240451
O=c1[nH]c(CSC2CCOCC2)nc2cc(OCC3CCCO3)cc(F)c12,5.659556,6.096662,-0.43710613
O=c1[nH]c(CSC2CCOCC2)nc2cc(OCC3CCCOC3)cc(F)c12,7.5228786,8.170026,-0.6471472
O=c1[nH]c(CSC2CCOCC2)nc2cc(OCC3CCN(C4COC4)CC3)cc(F)c12,4.7212462,4.6237903,0.09745598
COc1ncc(F)cc1CNc1ccc(Cc2c[nH]c3ncc(C)cc23)c(F)n1,7.154902,7.430515,-0.27561283
CN1CCN(Cc2cc(NC(=O)c3cccc(C#Cc4cnc5cnccn45)c3Cl)cc(C(F)(F)F)c2)CC1,7.0457573,7.007504,0.038253307
CCCCCCC(Sc1nc(Cl)cc(Nc2cccc(C)c2C)n1)C(=O)O,3.9625735,3.8965917,0.065981865
CN1CCC(SCc2nc3cc(NC4CCCC4)cc(F)c3c(=O)[nH]2)CC1,6.0,5.540145,0.45985508
CS(=O)(=O)N1CCC[C@@H](Nc2ccc3c(=O)[nH]c(CSC4CCOCC4)nc3c2)C1,5.091515,4.899698,0.19181728
O=c1[nH]c(CSC2CCNCC2)nc2cc(NC3CCC(F)(F)C3)cc(F)c12,7.154902,7.4382806,-0.2833786
O=c1[nH]c(CSC2CCNCC2)nc2cc(NC3CCC3)cc(F)c12,7.376751,8.091302,-0.714551
O=c1[nH]c(CSC2CCNCC2)nc2cc(NC3CCC3)ccc12,4.026383,4.6514688,-0.62508583
O=c1[nH]c(CSC2CCNCC2)nc2cc(NC3CCCC3)c(F)c(F)c12,5.625252,4.774129,0.85112286
O=c1[nH]c(CSC2CCNCC2)nc2cc(NC3CCCC3)c(F)cc12,7.0132284,6.4853764,0.52785206
O=c1[nH]c(CSC2CCNCC2)nc2cc(NC3CCCC3)cc(Cl)c12,8.30103,8.785215,-0.48418522
O=c1[nH]c(CSC2CCNCC2)nc2cc(NC3CCCC3)ccc12,5.958607,6.209623,-0.25101566
O=c1[nH]c(CSC2CCNCC2)nc2cc(NC3CCCCC3)cc(F)c12,7.21467,6.9093456,0.30532455
O=c1[nH]c(CSC2CCNCC2)nc2cc(NCC3CC3(F)F)cc(F)c12,8.0,8.562867,-0.56286716
O=c1[nH]c(CSC2CCNCC2)nc2cc(NCC3CC3)cc(F)c12,7.7212462,7.4417424,0.27950382
O=c1[nH]c(CSC2CCNCC2)nc2cc(NCC3CCC3)cc(F)c12,5.0,4.9653525,0.034647465
Cc1ccc(NC(=O)[C@H]2CC[C@H](CN3CCN(C)CC3)CC2)cc1Nc1nccc(-c2cccnc2)n1,4.493495,4.9640837,-0.47058868
O=c1[nH]c(CSC2CCOCC2)nc2cc(OC[C@H]3CNC[C@H]3F)cc(F)c12,5.19382,5.0815463,0.11227369
O=c1[nH]c(CSC2CCOCC2)nc2cc(SCC3CCOCC3)cc(F)c12,6.7644715,7.4886284,-0.72415686
Cc1cccnc1CN1CCC(SCc2nc3c(C)cccc3c(=O)[nH]2)CC1,4.4491606,4.334765,0.11439562
O=c1[nH]c(CSC2CCOCC2)nc2cc(OCC3CCOC3)cc(F)c12,5.6777806,5.1314254,0.54635525
O=c1[nH]c(CSC2CCOCC2)nc2cc(OCC3CCOCC3)c(F)c(F)c12,6.0,6.048416,-0.048416138
O=c1[nH]c(CSC2CCOCC2)nc2cc(OCC3CCOCC3)cc(Cl)c12,5.080922,5.6789784,-0.5980563
O=c1[nH]c(CSC2CCOCC2)nc2cc(OCC3CCOCC3)cc(F)c12,6.8929935,6.672156,0.2208376
O=c1[nH]c(CSC2CCOCC2)nc2cc(OCC3CCS(=O)(=O)CC3)cc(F)c12,5.161151,4.910306,0.25084496
O=c1[nH]c(CSC2CCOCC2)nc2cc(OCC3COC3)cc(F)c12,8.443698,8.366338,0.07736015
O=c1[nH]c(CSC2CCOCC2)nc2cc(OCC3COCCO3)cc(F)c12,4.30103,5.0654416,-0.76441145
O=c1[nH]c(CSC2CCOCC2)nc2cc(OC[C@H]3CCCO3)cc(F)c12,6.076756,6.0202813,0.056474686
O=c1[nH]c(CSC2CCOCC2)nc2cc(OC[C@H]3CCC[C@H]3O)cc(F)c12,6.2380724,6.5300975,-0.2920251
Cc1ccc(NC(=O)[C@H]2C[C@@H]2CN2CCN(C)CC2)cc1Nc1nccc(-c2cccnc2)n1,7.7695513,8.735181,-0.9656296
Cc1ccc(NC(=O)NCc2cccc(Cl)c2)cc1Nc1nccc(-c2cccnc2)n1,4.3736596,4.305785,0.06787443
Cc1ccc(NC(=O)Nc2cccnc2)cc1Nc1nccc(-c2cccnc2)n1,7.404504,8.362852,-0.9583483
Cc1ccc(NC(=O)[C@@H]2CC[C@H](CN3CCN(C)CC3)C2)cc1Nc1nccc(-c2cccnc2)n1,9.443698,9.947305,-0.5036068
Cc1ccc(NC(=O)[C@@H]2C[C@H]2CN2CCN(C)CC2)cc1Nc1nccc(-c2cccnc2)n1,7.701147,7.901204,-0.20005703
Cc1ccc(NC(=O)C23CC(CN4CCN(C)CC4)(C2)C3)cc1Nc1nccc(-c2cccnc2)n1,3.69897,3.5337162,0.16525388
Cc1ccc(NC(=O)CCCCCN2CCN(C)CC2)cc1Nc1nccc(-c2cccnc2)n1,8.30103,7.9607344,0.3402958
Cc1ccc(NC(=O)CCCCN2CCN(C)CC2)cc1Nc1nccc(-c2cccnc2)n1,6.0,5.991387,0.00861311
O=c1[nH]c(CSC2CCN(Cc3ccccn3)CC2)nc2cc(NC3CCCC3)cc(F)c12,5.7212462,5.293081,0.42816544
Cc1ccc(F)c2c(=O)[nH]c(CSC3CCC(O)CC3)nc12,8.0,7.8552566,0.14474344
Cc1ccc(F)c2c(=O)[nH]c(CSC3CCNCC3)nc12,6.19382,6.4146056,-0.22078562
Cc1ccc(F)c2c(=O)[nH]c(CSC3CCOCC3)nc12,5.4881167,4.346887,1.1412296
Cc1ccc(F)c2c(=O)[nH]c(CS[C@H]3CC[C@@H](O)CC3)nc12,3.8239088,4.036815,-0.21290636
Cc1ccc(F)c2c(=O)[nH]c(CS[C@H]3CC[C@H](O)CC3)nc12,6.8860564,7.302051,-0.41599464
O=c1[nH]c(CSC2CCCNCC2)nc2cc(NC3CCCC3)ccc12,6.1999707,6.194531,0.0054397583
O=c1[nH]c(CSC2CCN(C3COC3)CC2)nc2cc(NCC3CC3)cc(F)c12,4.207608,3.8745313,0.33307695
O=c1[nH]c(CSC2CCN(C3CS(=O)(=O)C3)CC2)nc2cc(NC3CCCC3)cc(F)c12,6.1366773,5.955464,0.18121338
O=c1[nH]c(CSC2CCN(CC(F)(F)F)CC2)nc2cc(NC3CCCC3)cc(F)c12,4.7999983,5.4491563,-0.649158
O=c1[nH]c(CSC2CCN(CC(F)(F)F)CC2)nc2cc(NC3CCCC3)ccc12,3.8239088,3.8796048,-0.05569601
O=c1[nH]c(CSC2CCN(CC(F)F)CC2)nc2cc(NC3CCCC3)ccc12,5.6382723,5.6750646,-0.03679228
O=c1[nH]c(CSC2CCN(CCC(F)(F)F)CC2)nc2cc(NC3CCCC3)ccc12,7.207608,7.6060433,-0.39843512
Cc1ccc(CCCCN2C(=O)N[C@H](Cc3c[nH]c4c(Cl)cccc34)C2=O)cc1C#Cc1cnc2cccnn12,4.30103,4.259175,0.041855335
Cc1ccc(Cl)c2c(=O)[nH]c(CSC3CCOCC3)nc12,7.0338583,7.3145366,-0.28067827
O=c1[nH]c(CSC2CCC(F)(F)CC2)nc2cc(OCC3CCOCC3)cc(F)c12,4.823909,5.03229,-0.20838118
O=c1[nH]c(CSC2CCC(O)CC2)nc2cc(NC3CCCC3)cc(F)c12,5.2596374,5.593825,-0.3341875
O=c1[nH]c(CSC2CCCCC2)nc2cc(NC3CCCC3)c(F)c(F)c12,7.221849,7.000154,0.22169495
O=c1[nH]c(CSC2CCCCC2)nc2cc(NC3CCCC3)cc(F)c12,4.1580153,4.2179923,-0.059977055
O=c1[nH]c(CSC2CCS(=O)(=O)CC2)nc2cc(NC3CCCC3)cc(F)c12,4.7999983,5.0109377,-0.2109394
O=c1[nH]c(CSC2CCS(=O)(=O)CC2)nc2cc(OCC3CCC3)cc(F)c12,8.0,7.9076176,0.09238243
O=c1[nH]c(CS[C@@H]2CCNC[C@H]2F)nc2cc(OCC3CC3)cc(F)c12,9.337242,8.871747,0.4654951
O=c1[nH]c(CS[C@H]2CCNC[C@@H](F)C2)nc2cc(NC3CCCC3)cc(F)c12,6.0,5.8357663,0.16423368
O=c1[nH]c(CS[C@H]2CCNC[C@@H]2C(F)(F)F)nc2cc(NC3CCCC3)cc(F)c12,6.5850267,6.8182073,-0.23318052
O=c1[nH]c(CS[C@H]2CCNC[C@@H]2F)nc2cc(NC3CCCC3)cc(F)c12,6.958607,7.055621,-0.09701395
O=c1[nH]c(CS[C@H]2CCNC[C@H](F)C2)nc2cc(NC3CCCC3)cc(F)c12,5.381011,5.387051,-0.0060400963
O=c1[nH]c(CS[C@H]2CCNC[C@H]2F)nc2cc(NC3CCCC3)cc(F)c12,4.0,4.0979357,-0.09793568
O=c1[nH]c(CS[C@H]2CCNC[C@H]2F)nc2cc(NCC3CCC3)c(F)cc12,6.625252,6.814489,-0.18923712
COC(=O)N1CCC(SCc2nc3cc(NC4CCCC4)ccc3c(=O)[nH]2)CC1,5.642065,6.150181,-0.50811577
Cc1cn(-c2cc(C#Cc3ccc(C)c(Nc4cc(-c5cccnc5)ccn4)c3)cc(C(F)(F)F)c2)cn1,4.026387,4.431364,-0.40497684
Cc1ccc(C(=O)Nc2cccc(Nc3nccc(-c4cccnc4)n3)c2)cc1,5.853872,5.82324,0.030632019
Cc1ccc(C(F)(F)F)c2c(=O)[nH]c(CSC3CCC(O)CC3)nc12,6.172631,6.163674,0.008956909
Cc1ccc(C(F)(F)F)c2c(=O)[nH]c(CSC3CCOCC3)nc12,5.69897,6.5974216,-0.8984518
Cc1ccc(C(F)(F)F)c2c(=O)[nH]c(CS[C@H]3CC[C@@H](O)CC3)nc12,4.1342864,4.826294,-0.69200754
Cc1ccc(C(F)(F)F)c2c(=O)[nH]c(CS[C@H]3CC[C@H](O)CC3)nc12,4.0262537,4.25287,-0.22661638
CN(C)[C@H]1CC[C@H](SCc2nc3cc(OCC4CC4)cc(F)c3c(=O)[nH]2)CC1,4.4449058,5.2844462,-0.8395405
O=c1[nH]c(CS[C@H]2CC[C@H](O)CC2)nc2cc(NC3CCCC3(F)F)cc(F)c12,5.337242,5.882076,-0.54483366
CC1(C)CC(COc2cc(F)c3c(=O)[nH]c(CS[C@H]4CC[C@H](O)CC4)nc3c2)CO1,6.314258,5.9899883,0.32426977
O=c1[nH]c(CS[C@H]2CC[C@@H](CO)CC2)nc2cc(NC3CCCCC3)ccc12,4.7682757,4.5662847,0.20199108
O=c1[nH]c(CS[C@H]2CC[C@@H](CO)CC2)nc2cc(Nc3ccccc3)ccc12,8.2218485,8.128074,0.093774796
Cc1cn(-c2cc(NC(=O)c3ccc(C)c(Nc4cc(-c5ccc(F)nc5)ccn4)c3)cc(C(F)(F)F)c2)cn1,8.166853,8.044328,0.122525215
Cc1cn(-c2cc(NC(=O)c3ccc(C)c(Nc4cc(-c5cnc6ccccc6c5)ccn4)c3)cc(C(F)(F)F)c2)cn1,8.30103,8.451909,-0.1508789
Cc1cn(-c2cc(NC(=O)c3ccc(C)c(C#Cc4cnc(N5CCCC5)nc4)c3)cc(C(F)(F)F)c2)cn1,4.823909,4.5624504,0.2614584
O=c1[nH]c(CSC2CCS(=O)(=O)CC2)nc2cc(NC3CCCC3)c(F)c(F)c12,4.879426,4.3966384,0.4827876
CCCc1c(C#Cc2cnc3cnccn23)cccc1C(=O)Nc1cc(CN2CCN(C)CC2)cc(C(F)(F)F)c1,6.0,5.9831076,0.016892433
Cc1ccc(C(=O)Nc2ccc(CN3CCN(C)CC3)c(C(F)(F)F)c2)cc1C#Cc1cnc[nH]1,6.4775558,6.857716,-0.38016033
C[C@@H](Sc1cc(-c2cnn(C3CCNCC3)c2)cnc1N)c1c(Cl)ccc(F)c1Cl,5.2153826,5.8279433,-0.61256075
Cc1n[nH]c2ccc(-c3cc(N[C@@H](CO)c4ccccc4)cnc3Cl)cc12,3.9657726,4.478832,-0.51305914
O=c1[nH]c(CS[C@H]2CC[C@@H](O)CC2)nc2cc(NC3CCCC3)ccc12,4.669586,5.0684633,-0.39887714
O=c1[nH]c(CS[C@H]2CC[C@@H](O)CC2)nc2cc(Nc3cccnc3)ccc12,4.707744,4.1910033,0.5167408
O=c1[nH]c(CS[C@H]2CC[C@@H](O)CC2)nc2cc(OCC3CCOCC3)cc(F)c12,4.696804,4.749335,-0.052530766
O=c1[nH]c(CS[C@H]2CC[C@@H](OC(F)(F)F)CC2)nc2cc(OCC3CCOCC3)cc(F)c12,5.0,5.6146708,-0.61467075
O=c1[nH]c(CS[C@H]2CC[C@H](C(=O)O)CC2)nc2cc(NC3CCCC3)cc(F)c12,8.026872,8.637237,-0.6103649
O=c1[nH]c(CS[C@H]2CC[C@H](CO)CC2)nc2cc(NC3CCCC3)ccc12,8.508638,8.077066,0.43157196
O=c1[nH]c(CS[C@H]2CC[C@H](CO)CC2)nc2cc(NC3CCCCC3)ccc12,5.4436975,5.8419404,-0.39824295
O=c1[nH]c(CS[C@H]2CC[C@H](CO)CC2)nc2cc(Nc3cccnc3)ccc12,5.823909,5.558521,0.265388
O=c1[nH]c(CS[C@H]2CC[C@H](O)CC2)nc2cc(NC3CCC3)ccc12,4.442493,3.9270618,0.51543117
C[C@@H]1CCN(C(=O)CC#N)C[C@@H]1n1ccc2cnc3[nH]cc(C#N)c3c21,6.7281585,7.176785,-0.44862652
C[C@@H]1CCN(C(=O)CC#N)C[C@@H]1n1ccc2cnc3[nH]ccc3c21,6.5850267,6.8180366,-0.23300982
O=c1[nH]c(CSC2CCOCC2)nc2cc(N[C@H]3CC[C@@H](N4CCOCC4)CC3)cc(F)c12,5.30103,5.4353967,-0.13436651
Cc1ccc(C(=O)Nc2cc(F)cc(-c3cnn(C)c3)c2)cc1Nc1cc(-c2cccnc2)ccn1,4.3477535,4.682463,-0.33470964
CN(C)Cc1c(F)cccc1-c1ccc2nc(NC(=O)[C@@H]3C[C@@H]3F)cn2c1,5.0,5.354604,-0.35460377
O=c1[nH]c(CS[C@H]2CC[C@H](O)CC2)nc2cc(NC3CCCC3)c(F)c(F)c12,5.6575775,4.751309,0.9062686
O=c1[nH]c(CS[C@H]2CC[C@H](O)CC2)nc2cc(NC3CCCC3)c(F)cc12,3.20412,3.3103764,-0.106256485
O=C(C1CC1)N1CCC(COc2cc(F)c3c(=O)[nH]c(CSC4CCOCC4)nc3c2)CC1,6.0,6.5144024,-0.5144024
CC(NC(=O)c1ccc(C2CC2)c(-c2ccc3nc(Nc4cnn(C5CC5)c4)ncc3c2)c1)c1cccc(C(F)(F)F)c1,4.801343,5.549607,-0.74826384
CC(NC(=O)c1ccc2[nH]nc(-c3ccncc3)c2c1)c1cccc(Cl)c1,4.1360826,4.2114697,-0.075387
CC(NC(=O)c1cccc(C(F)(F)F)c1)c1ccc(C2CC2)c(-c2ccc3nc(Nc4cnn(C5CC5)c4)ncc3c2)c1,6.013676,5.9404135,0.07326269
CC1(C)CC(SCc2nc3cc(OCC4CCC4)cc(F)c3c(=O)[nH]2)CCO1,9.1549015,9.414521,-0.2596197
CC(Oc1cc(F)c2c(=O)[nH]c(CSC3CCOCC3)nc2c1)C1CCCC1,6.3467875,6.1034026,0.24338484
O=c1[nH]c(CS[C@H]2CC[C@H](O)CC2)nc2cc(Nc3ccccc3)ccc12,4.38764,4.878075,-0.49043512
O=c1[nH]c(CS[C@H]2CC[C@H](O)CC2)nc2cc(Nc3cccnc3)ccc12,9.327902,9.0211735,0.30672836
O=c1[nH]c(CS[C@H]2CC[C@H](O)CC2)nc2cc(OCC3CCCC3)cc(F)c12,5.6575775,5.427398,0.23017931
O=c1[nH]c(CS[C@H]2CC[C@H](O)CC2)nc2cc(OCC3CCCOC3)cc(F)c12,4.4436975,4.3543644,0.08933306
O=c1[nH]c(CS[C@H]2CC[C@H](O)CC2)nc2cc(OCC3CCOC3)cc(F)c12,5.899998,5.8321743,0.06782389
Cc1nc(NC(=O)c2ccc(C)c(C#Cc3cnc4cccnn34)c2)cc(N2CCN(CCO)CC2)n1,4.30103,4.512175,-0.21114492
CC(F)(F)CN1CCC(SCc2nc3cc(NC4CCCC4)ccc3c(=O)[nH]2)CC1,7.30103,7.5087204,-0.20769024
Cc1ccc(C(=O)Nc2cc(-c3c(C)noc3C)cc(C(F)(F)F)c2)cc1Nc1cc(-c2cccnc2)ccn1,7.086716,6.4199033,0.6668129
Cc1ccc(C(=O)Nc2cc(-c3c(C)noc3C)cc(C(F)(F)F)c2)cc1Nc1cccc(-c2cccnc2)c1,5.481486,6.2373056,-0.7558198
Cc1ccc(C(=O)Nc2cc(-c3cnn(C)c3)cc(C(F)(F)F)c2)cc1Nc1cc(-c2cnc3ccccc3c2)ccn1,5.2823296,5.71715,-0.43482065
Cc1ccc(C(=O)Nc2cc(-c3cnn(C)c3)cc(C(F)(F)F)c2)cc1Nc1cccc(-c2cccnc2)c1,8.004365,7.499642,0.5047231
Nc1ncnc2c1c(-c1ccccc1)cn2-c1ccc(CNCCO)cc1,8.522879,7.766622,0.7562566
Cc1ccc(C#Cc2cc(-c3cnn(C)c3)cc(C(F)(F)F)c2)cc1Nc1cc(-c2cccnc2)ccn1,4.5228786,4.4814754,0.041403294
Cc1ccc(C#Cc2cnc3cnccn23)cc1C(=O)Nc1cc(CN2CCN(C)CC2)cc(C(F)(F)F)c1,4.223299,4.6067433,-0.3834443
Cc1ccc(-n2nc(C(C)(C)C)cc2NC(=O)Nc2ccc(-c3ccc(CN4CCOCC4)nc3)c3ccccc23)cc1,5.1487417,5.503255,-0.35451317
Cc1ccc(-c2nn(CCN3CCC(CCN(C)C)CC3)c3ncnc(N)c23)cc1,8.251812,9.050092,-0.79827976
Cc1ccc(-c2nn(CCN3CCC(CN(C)C)CC3)c3ncnc(N)c23)cc1,7.943095,7.677046,0.26604939
Cc1ccc(-c2nn(CCN3CCC(N(C)C)CC3)c3ncnc(N)c23)cc1,4.79588,4.2666135,0.52926636
Cc1ccc(-c2nn(CCN3CCN(C)CC3)c3ncnc(N)c23)cc1,5.8664613,6.100179,-0.23371792
Cc1ccc(-c2nn(CCN3CCN(CCN(C)C)CC3)c3ncnc(N)c23)cc1,4.9803023,4.91616,0.06414223
CO[C@H]1CC[C@@H](Nc2cc3nc(CS[C@H]4CC[C@H](O)CC4)[nH]c(=O)c3c(F)c2F)CC1,5.2006593,5.24177,-0.041110516
CO[C@H]1CC[C@@H](SCc2nc3cc(OCC4CCOCC4)cc(F)c3c(=O)[nH]2)CC1,5.6382723,5.832828,-0.19455576
O=c1[nH]c(CS[C@H]2CC[C@H](O)CC2)nc2cc(NC3CCCC3)cc(C(F)(F)F)c12,6.8894105,7.0442004,-0.15478992
O=c1[nH]c(CS[C@H]2CC[C@H](O)CC2)nc2cc(NC3CCCC3)ccc12,5.958607,6.0590906,-0.10048342
O=c1[nH]c(CS[C@H]2CC[C@H](O)CC2)nc2cc(NC3CCCCC3)cc(F)c12,5.0,7.770663,-2.7706628
O=c1[nH]c(CS[C@H]2CC[C@H](O)CC2)nc2cc(NC3CCN(CCC(F)(F)F)CC3)c(F)c(F)c12,4.5379014,4.4831815,0.054719925
O=c1[nH]c(CS[C@H]2CC[C@H](O)CC2)nc2cc(NCC3CC3)ccc12,6.0,5.460806,0.5391941
O=c1[nH]c(CS[C@H]2CC[C@H](O)CC2)nc2cc(N[C@@H]3CCCOC3)c(F)c(F)c12,4.7181716,4.87556,-0.15738821
O=c1[nH]c(CS[C@H]2CC[C@H](O)CC2)nc2cc(N[C@@H]3CCC[C@@H]3F)cc(F)c12,4.4436975,6.2089186,-1.7652211
O=c1[nH]c(CS[C@H]2CC[C@H](O)CC2)nc2cc(N[C@H]3CCC[C@@H]3F)cc(F)c12,4.118045,4.087196,0.03084898
COc1ccc(CN2CCC(SCc3nc4c(C)cccc4c(=O)[nH]3)CC2)nc1,7.455932,7.208265,0.24766731
CO[C@H]1CC[C@H](Nc2cc3nc(CS[C@H]4CC[C@H](O)CC4)[nH]c(=O)c3c(F)c2F)CC1,6.459833,6.440206,0.019627094
CO[C@H]1CC[C@H](SCc2nc3cc(OCC4CCOCC4)cc(F)c3c(=O)[nH]2)CC1,4.278189,4.678309,-0.40011978
CO[C@H]1C[C@@H](Nc2cc3nc(CSC4CCOCC4)[nH]c(=O)c3c(F)c2F)C1,8.522879,8.735286,-0.21240711
CO[C@H]1C[C@@H](Nc2cc3nc(CS[C@H]4CC[C@H](NC(C)=O)CC4)[nH]c(=O)c3c(F)c2F)C1,3.352441,4.368915,-1.016474
CC(C)S(=O)(=O)c1ccccc1Nc1nc(Nc2cccc(NC(=O)CN)c2)ncc1Cl,9.29243,8.936242,0.35618782
CN(C)C(=O)N1CCC(SCc2nc3cc(NC4CCCC4)cc(F)c3c(=O)[nH]2)CC1,5.5086384,5.302364,0.20627451
COc1cc(Nc2nc(NCc3cccc(NC(=O)CCl)c3)n3ccnc3c2C(N)=O)cc(OC)c1,5.2596374,5.3002057,-0.04056835
CC(C)NCc1c(F)cccc1-c1ccc2nc(NC(=O)[C@@H]3C[C@@H]3F)cn2c1,5.0,5.2947555,-0.29475546
CC(C)Nc1ccc2c(=O)[nH]c(CSC3CCOCC3)nc2c1,4.30103,4.7349668,-0.4339366
CC(C)OC(=O)C(C)(C)Oc1ccc(C(=O)c2ccc(Cl)cc2)cc1,4.844664,4.588701,0.25596333
CC(C)c1c(C#Cc2cnc3cnccn23)cccc1C(=O)Nc1cc(CN2CCN(C)CC2)cc(C(F)(F)F)c1,3.69897,3.9464774,-0.24750733
O=c1[nH]c(CS[C@H]2CC[C@H](O)CC2)nc2cc(OCC3CCOCC3)cc(F)c12,6.3419886,7.1488385,-0.80684996
O=c1[nH]c(CS[C@H]2CC[C@H](O)CC2)nc2cc(OC[C@@H]3CCOC3)cc(F)c12,5.623423,6.015169,-0.39174604
O=c1[nH]c(CS[C@H]2CC[C@H](OC(F)(F)F)CC2)nc2cc(OCC3CCOCC3)cc(F)c12,5.3665314,5.465483,-0.09895182
CN(C)C1CCN(CCn2nc(-c3ccc(CC(=O)O)cc3)c3c(N)ncnc32)CC1,3.8239088,3.948694,-0.124785185
CN(C)C1CCN(CCn2nc(-c3ccc(CC(=O)OC(C)(C)C)cc3)c3c(N)ncnc32)CC1,8.673664,8.677943,-0.0042791367
CN(C)C1CCN(CCn2nc(-c3ccc(NC(=O)OC(C)(C)C)cc3)c3c(N)ncnc32)CC1,4.30103,4.471459,-0.17042875
Cc1cc(OCC2CCC2)cc2nc(CSC3CCOCC3)[nH]c(=O)c12,4.853872,4.694177,0.15969467
Cc1cc(OCC2CCOCC2)cc2nc(CSC3CCOCC3)[nH]c(=O)c12,6.747147,6.312263,0.43488407
CCn1c(SCC(=O)Nc2ccc(C(=O)O)cc2)nnc1-c1cc2cccc(OC)c2o1,8.0,8.166485,-0.16648483
CO[C@H]1C[C@@H](Nc2cc3nc(CS[C@H]4CC[C@H](O)CC4)[nH]c(=O)c3c(F)c2F)C1,7.248721,7.47417,-0.22544909
CO[C@H]1C[C@@H](Nc2cc3nc(CS[C@H]4CC[C@](C)(O)CC4)[nH]c(=O)c3c(F)c2F)C1,3.5003128,3.585648,-0.085335255
CO[C@H]1C[C@H](Nc2cc3nc(CSC4CCOCC4)[nH]c(=O)c3c(F)c2F)C1,7.2839966,8.179083,-0.8950863
COc1c(C#Cc2cnc3cnccn23)cccc1C(=O)Nc1cc(CN2CCN(C)CC2)cc(C(F)(F)F)c1,5.525638,5.7709665,-0.24532843
CC(C)(O)C(=O)N1CCC(SCc2nc3cc(NC4CCCC4)cc(F)c3c(=O)[nH]2)CC1,6.0,6.64963,-0.64963007
C[C@]1(O)CC[C@H](SCc2nc3cc(OCC4CCOC4)cc(F)c3c(=O)[nH]2)CC1,6.39794,6.2690873,0.12885284
COc1cc(-c2nn(CCN3CCC(N(C)C)CC3)c3ncnc(N)c23)ccc1Cc1ncc(C)o1,9.30103,9.279342,0.021688461
COc1cc(-c2nn(CCN3CCC(N(C)C)CC3)c3ncnc(N)c23)ccc1NC(=O)CC(C)(C)C,6.0,6.0614433,-0.06144333
CC(C)(C)n1nc(-c2ccc3ccccc3c2)c2c(N)ncnc21,6.4609237,6.351173,0.10975075
CC(C)(COc1cc(F)c2c(=O)[nH]c(CSC3CCOCC3)nc2c1)C(F)(F)F,5.1045775,5.892135,-0.7875576
Cc1cc(Nc2ccc3c(=O)[nH]c(CSC4CCOCC4)nc3c2)on1,4.823909,5.3403993,-0.51649046
C[C@@H]1C[C@H]2CN1CCn1[nH]c3c(cccc3c1=O)-c1nc3c(cccc3[nH]c1=O)O2,8.113509,8.528455,-0.4149456
COc1cc(C2CN(C(=O)c3cc(COC[C@@H](O)CO)ccn3)C2)ccc1OCc1ccc(C2CC2)cc1,7.2596374,7.6123233,-0.35268593
O=c1ncn2nc(Sc3ccc(F)cc3F)ccc2c1-c1c(Cl)cccc1Cl,6.0,6.7820845,-0.78208447
Cn1cc(-c2cc(S(C)(=O)=O)ccc2Oc2ccc(F)cc2F)c2cc[nH]c(=O)c21,4.026392,4.3986964,-0.37230444
Cn1cc(-c2cnc(Nc3cccc(Cn4nc(-c5cnn(C)c5)ccc4=O)c3)nc2)cn1,7.8041005,8.129901,-0.32580042
CC(C)(C)CNc1cc2nc(CSC3CCOCC3)[nH]c(=O)c2c(F)c1F,10.19382,10.982977,-0.7891569
CC(C)(C)COc1cc(F)c2c(=O)[nH]c(CSC3CCOCC3)nc2c1,4.3851027,4.350801,0.034301758
COc1cc(-c2nn(CCN3CCC(N(C)C)CC3)c3ncnc(N)c23)ccc1NC(=O)NC(C)(C)C,8.823909,8.829189,-0.0052804947
COc1cc(-c2nn(CCN3CCC(N(C)C)CC3)c3ncnc(N)c23)ccc1NCc1ccccc1,6.0,5.8506446,0.14935541
Cc1cc(NC2CCCC2)cc2nc(CSC3CCNCC3)[nH]c(=O)c12,6.801343,6.5862246,0.21511841
Cc1cc(NCC2CC2(F)F)cc2nc(CSC3CCNCC3)[nH]c(=O)c12,5.4867826,4.400393,1.0863895
Cc1cc(Cl)cc2c(=O)[nH]c(CSC3CCOCC3)nc12,9.886057,9.502458,0.38359928
C[C@]1(O)CC[C@H](SCc2nc3cc(OCC4CCOCC4)cc(F)c3c(=O)[nH]2)CC1,4.320572,4.1016994,0.21887255
O=C(Cc1cccc(OCCCN2CCNCC2)c1)Nc1nc(-c2ccncc2)cs1,7.829738,8.569377,-0.7396388
CC(=O)Nc1ccc(CN2CCC(SCc3nc4c(C)cccc4c(=O)[nH]3)CC2)cc1,4.2006593,4.1362066,0.06445265
N#CCN1CCC(SCc2nc3cc(NC4CCCC4)cc(F)c3c(=O)[nH]2)CC1,8.30103,8.544623,-0.24359322
N#CCNC(=O)c1ccc(-c2ccnc(Nc3ccc(N4CCOCC4)cc3)n2)cc1,6.581699,6.7480617,-0.16636276
N#C[C@H]1CC[C@@H](Nc2cc3nc(CSC4CCOCC4)[nH]c(=O)c3c(F)c2F)CC1,6.2209244,5.750843,0.47008133
N#C[C@H]1CC[C@H](Nc2cc3nc(CSC4CCOCC4)[nH]c(=O)c3c(F)c2F)CC1,5.481486,5.5075336,-0.026047707
N#CCC(=O)Nc1nc(-c2ccc(Cl)c(Cl)c2)ns1,4.539102,4.6476827,-0.10858059
CC(=O)N[C@H]1CC[C@@H](SCc2nc3cc(OCC4CC4)cc(F)c3c(=O)[nH]2)CC1,9.0,8.839658,0.16034222
CC(=O)N[C@H]1CC[C@H](SCc2nc3cc(NC4CCC4)c(F)c(F)c3c(=O)[nH]2)CC1,7.0,6.881088,0.11891222
CC(=O)N[C@H]1CC[C@H](SCc2nc3cc(OCC4CC4)cc(F)c3c(=O)[nH]2)CC1,9.09691,9.756988,-0.6600771
CC(=O)N[C@H]1CC[C@H](SCc2nc3cc(OCC4CCOC4)cc(F)c3c(=O)[nH]2)CC1,4.493495,4.037309,0.45618582
CC(=O)N[C@H]1CC[C@H](SCc2nc3cc(OCC4CCOCC4)cc(F)c3c(=O)[nH]2)CC1,6.767004,7.4428024,-0.6757984
N#Cc1ccc(N2CC[C@@H](Nc3c(C(N)=O)cnc4[nH]ccc34)[C@@H](F)C2)nc1,6.0,6.1756234,-0.17562342
N#Cc1cc(OCC2CCOC2)cc2nc(CSC3CCOCC3)[nH]c(=O)c12,5.0,5.3122087,-0.31220865
NC(=O)CN1CCC(SCc2nc3cc(NC4CCCC4)cc(F)c3c(=O)[nH]2)CC1,5.8635964,5.724295,0.1393013
NC(=O)[C@H]1CC[C@H](SCc2nc3cc(NC4CCCC4)cc(F)c3c(=O)[nH]2)CC1,6.5228786,6.804297,-0.28141832
C[C@]1(O)C[C@@H](COc2cc(F)c3c(=O)[nH]c(CSC4CCOCC4)nc3c2)C1,6.0,6.09314,-0.093140125
Cc1cc(-c2n[nH]c3ccc(C(=O)NC(C)c4c(Cl)cncc4Cl)cc23)ccn1,9.30103,9.0133705,0.28765965
C[C@]1(O)C[C@H](COc2cc(F)c3c(=O)[nH]c(CSC4CCOCC4)nc3c2)C1,4.467182,4.7610345,-0.29385233
CCO[C@H]1C[C@@H](Nc2cc3nc(CSC4CCOCC4)[nH]c(=O)c3c(F)c2F)C1,9.366531,9.453374,-0.08684254
CCc1ccc(C(C)NC(=O)c2cccc(C(F)(F)F)c2)cc1-c1ccc2nc(Nc3cnn(C)c3)ncc2c1,5.3645163,5.193814,0.17070246
CC(=O)N1CC[C@@H](Nc2cc3nc(CS[C@H]4CC[C@H](O)CC4)[nH]c(=O)c3c(F)c2F)C1,3.9875846,3.6811817,0.30640292
CC(=O)N1CCC(COc2cc(F)c3c(=O)[nH]c(CSC4CCOCC4)nc3c2)C1,5.1426673,4.743142,0.39952517
CC(=O)N1CCC(COc2cc(F)c3c(=O)[nH]c(CS[C@H]4CC[C@@H](O)CC4)nc3c2)CC1,5.0,5.6020694,-0.6020694
CC(=O)N1CCC(COc2cc(F)c3c(=O)[nH]c(CS[C@H]4CC[C@@](C)(O)CC4)nc3c2)CC1,5.0,5.2595263,-0.25952625
CC(=O)NC1(C)CCC(SCc2nc3cc(OCC4CC4)cc(F)c3c(=O)[nH]2)CC1,6.026872,6.592768,-0.56589603
CCc1cc2c(cc1N1CCN(CC3(O)CCOCC3)CC1)C(C)(C)c1[nH]c3cc(C#N)ccc3c1C2=O,5.7851562,5.349941,0.43521547
O=c1[nH]c(CSC2CCOCC2)nc2cc(N[C@H]3C[C@@H](OC(F)(F)F)C3)c(F)c(F)c12,6.0,5.593229,0.40677118
CC1(SCc2nc3cc(OCC4CCOCC4)cc(F)c3c(=O)[nH]2)CCOCC1,4.6882463,4.4748926,0.21335363
CC1(C)c2cc(C3CCN(CC4CCOCC4)CC3)ccc2C(=O)c2c1[nH]c1cc(C#N)ccc21,5.838033,5.263553,0.57448006
O=c1[nH]c(CSC2CCOCC2)nc2cc(NCCC3CCCC3)ccc12,5.4596705,5.523648,-0.06397724
O=c1[nH]c(CSC2CCOCC2)nc2cc(NCCN3CCOCC3)cc(F)c12,4.30103,4.387465,-0.08643484
O=c1[nH]c(CSC2CCOCC2)nc2cc(NCc3ccccc3)ccc12,4.0262537,3.9911706,0.035083055
O=c1[nH]c(CSC2CCOCC2)nc2cc(Nc3ccon3)ccc12,4.406714,4.297766,0.108947754
O=c1[nH]c(CSC2CCOCC2)nc2cc(OC3CCCC3)ccc12,6.7772837,6.7581234,0.01916027
Cc1cccc(CN2CCC(SCc3nc4c(C)cccc4c(=O)[nH]3)CC2)n1,5.6516953,4.8182445,0.8334508
O=c1[nH]c(CSC2CCOCC2)nc2cc(NCc3cccnc3)ccc12,5.0,5.5649796,-0.56497955
O=c1[nH]c(CSC2CCOCC2)nc2cc(N[C@@H]3CCCOC3)c(F)c(F)c12,8.389979,8.269204,0.12077522
CC(=O)N1CCCC(COc2cc(F)c3c(=O)[nH]c(CSC4CCOCC4)nc3c2)C1,5.0,5.723948,-0.723948
COc1ccc(-c2cc(NC(=O)c3ccc(C)c(Nc4cc(-c5ccc(OC)nc5)ccn4)c3)cc(C(F)(F)F)c2)cc1,8.431798,8.445473,-0.013674736
CC(=O)N1CCC(CNc2cc3nc(CSC4CCOCC4)[nH]c(=O)c3c(F)c2F)CC1,5.0,5.3715496,-0.3715496
CC(=O)N1CCC(CNc2cc3nc(CS[C@H]4CC[C@H](O)CC4)[nH]c(=O)c3c(F)c2F)CC1,4.4881167,4.6983643,-0.21024752
NC[C@@]1(F)CC[C@@H](SCc2nc3cc(NC4CCCC4)cc(F)c3c(=O)[nH]2)CO1,6.2596374,6.458037,-0.19839954
NC[C@@]1(F)CC[C@H](SCc2nc3cc(NC4CCCC4)cc(F)c3c(=O)[nH]2)CO1,4.026761,4.341458,-0.3146968
CC(=O)N1CCC(COc2cc(F)c3c(=O)[nH]c(CS[C@H]4CC[C@H](O)CC4)nc3c2)CC1,5.2418456,5.4595103,-0.21766472
CC(=O)N1CCC(COc2cc(F)c3c(=O)[nH]c(CS[C@H]4CC[C@](C)(O)CC4)nc3c2)CC1,8.400008,8.5326,-0.1325922
NCc1c(F)cccc1-c1ccc2nc(NC(=O)[C@@H]3C[C@@H]3F)cn2c1,7.481486,7.0031285,0.47835732
Cc1c(F)ccc2c(=O)[nH]c(CSC3CCOCC3)nc12,5.958607,6.255046,-0.2964387
O=C(CO)N1CCC(SCc2nc3cc(NC4CCCC4)cc(F)c3c(=O)[nH]2)CC1,5.3196645,4.957564,0.3621006
O=C(CO)N1CCC(SCc2nc3cc(OCC4CCC4)cc(F)c3c(=O)[nH]2)CC1,9.60206,9.738116,-0.13605595
C=CC(=O)Nc1ccc(-n2nc3c(=O)[nH]nc(N)c3c2-c2oc3ccc(C)cc3c2C)cc1,5.0,5.243645,-0.24364519
C=CC(=O)N1CC[C@H](n2cc(-c3cc4cc(C)cc(OC)c4s3)c3c(N)ncnc32)C1,6.1870866,5.58226,0.60482645
CNc1nccc(-c2cc(C(N)=O)c(-c3cc(Cl)ccc3C)[nH]2)n1,4.120331,4.041861,0.07846975
O=C(O)Cn1ccc2c(OCCCOc3ccc(C(=O)c4ccc(F)cc4)cc3)cccc21,8.1549015,7.9976735,0.157228
NC(=O)c1cccc(NC(=O)/C=C\C(=O)N2CCCC(Oc3ccccc3)C2)c1,5.860121,6.039372,-0.1792512
Cc1c(C(=O)NCCN2CCOCC2)oc2ccc(Br)cc12,5.623423,5.701403,-0.07798004
O=C(NN=CC1=CC(=O)C(=O)CC1)NN=CC1=CC(=O)C(=O)CC1,3.8200004,3.7991705,0.020829916
COc1cccc(-c2cn(C3CCN(CCO)CC3)c3ncnc(N)c23)c1,4.026383,3.8148575,0.21152544
CCCc1cc2c(C(F)(F)F)noc2c(CCC)c1OC(C)C(=O)O,6.2700257,6.0037,0.26632595
Cc1nc(-c2ccc(C(F)(F)F)cc2)sc1COc1cc(Cl)c2c(CC(=O)O)csc2c1,6.0,5.9460597,0.053940296
CNc1ccc(-c2ccccc2O)nn1,4.30103,3.990263,0.31076717
COc1ccc(S(=O)(=O)N2CCC3(CC2)OCCc2ccsc23)cc1,3.764219,3.8282418,-0.06402278
O=C(COc1cc(O)c2c(=O)cc(-c3ccccc3)oc2c1)Nc1cccc(Br)c1,5.653647,5.8987927,-0.2451458
CCCc1cc(C(=O)c2ccc(F)cc2)ccc1OCCCOc1ccc2ccn(CC(=O)O)c2c1,6.091515,6.3029976,-0.21148252
COc1cc(N2CCC(N3CCN(C)CC3)CC2)ccc1Nc1ncc(Cl)c(Nc2ccccc2S(=O)(=O)C(C)C)n1,5.6382723,5.424936,0.21333647
CS(=O)(=O)Nc1ccc(-c2ccc3c(c2)C(=O)Nc2cc(OC(F)(F)F)ccc2N3)cc1,5.2358236,5.602032,-0.36620855
O=C(Nc1ccc(Cl)c(Cl)c1)N1CCc2ccc(-c3ccncc3)cc2C1,9.29243,9.563921,-0.27149105
O=S(=O)(c1ccc(-c2cc(Nc3ccc(OC(F)(F)F)cc3)ncn2)cc1)N1CCCCC1,5.9100947,6.3026347,-0.39253998
O=C(CCn1ccc2c(Nc3ccc(OC(F)(F)F)cc3)ncnc21)NCCN1CCOCC1,4.578396,4.5525956,0.025800228
Cc1oc(-c2ccccc2)nc1CCOc1cccc(CC[C@@H]2CN(C(=O)Oc3ccccc3)C[C@@H]2C(=O)O)c1,7.5086384,7.7334795,-0.22484112
Cc1ccc(C(=O)Nc2cccc(F)c2)cc1Nc1nccc(-c2cccnc2)n1,5.0,5.095446,-0.09544611
NC(=O)c1cccc(NC(=O)/C=C\C(=O)N2CCCCC2c2ccccc2)c1,6.0,6.5023427,-0.5023427
Cc1ccc(C(F)(F)F)cc1COc1ccc2cc(-c3nn(C(C)C)c4ncnc(N)c34)ccc2c1,5.184422,4.678061,0.506361
Cc1c(C(=O)c2ccc(Cl)cc2)c2ccc(OC(F)(F)F)cc2n1Cc1cccc(OC2(C(=O)O)CCC2)c1,4.8079066,5.316792,-0.5088854
COc1cc(-c2cnc3cc(OCCN4CCOCC4)ccn23)cc2c1C(=O)N(CC(F)(F)F)CC2,4.0264935,3.6953068,0.33118677
O=C(NC1C[C@H]2CC[C@H](C1)N2Cc1ccc2cc(F)ccc2c1)c1cc[n+]([O-])cc1C(=O)N1CCCCC1,3.8239088,3.6999671,0.12394166
CCCCCCCCCCCOc1cccc(CCC(=O)NC[C@@H](O)COP(=O)(O)OCC(C)(C)C(=O)O)c1,8.522879,8.416631,0.1062479
Cc1cccc(/C=N/NC(=O)c2cc3ccccc3oc2=O)c1,7.2596374,6.901444,0.3581934
Cc1ccc(-c2cccc3c2[nH]c2ccccc23)c(NS(C)(=O)=O)c1,5.207608,5.095855,0.11175299
O=C(CO[N-][CH+]c1cccc([N+](=O)[O-])c1)Nc1nc2ccccc2s1,5.1603456,6.0690207,-0.9086752
O=C(N/N=C/c1ccc(F)cc1)c1cc2ccccc2oc1=O,4.0,4.1876683,-0.18766832
O=C(N/N=C/c1cccc(O)c1O)c1cc2ccccc2oc1=O,5.6903696,5.660861,0.02950859
O=C(N/N=C/c1ccc([N+](=O)[O-])cc1)c1cc2ccccc2oc1=O,4.6999917,4.9092135,-0.20922184
O=C(N/N=C/c1cccc(F)c1)c1cc2ccccc2oc1=O,6.8268137,6.579324,0.24748993
O=C(N/N=C/c1ccncc1)c1cc2ccccc2oc1=O,5.69897,5.311877,0.38709307
O=C(N/N=C/c1ccccc1[N+](=O)[O-])c1cc2ccccc2oc1=O,8.920818,9.003134,-0.082315445
O=C(N/N=C/c1ccccc1O)c1cc2ccccc2oc1=O,6.1191864,6.8027215,-0.6835351
CC(C)NCc1ccc(Nc2cc(-c3ccc(-c4ccc(O)cc4O)cc3)n[nH]2)cc1,4.025645,4.21056,-0.18491507
CSc1cccc(C(=O)Nc2ccc(C)c(Nc3nccc(-c4cccnc4)n3)c2)c1,5.700029,5.3596473,0.34038162
COc1ccc(/C=N/NC(=O)c2cc3ccccc3oc2=O)c(O)c1,5.207608,5.3055134,-0.09790516
COc1ccc(/C=N/NC(=O)c2cc3ccccc3oc2=O)cc1,5.958607,5.914667,0.043940067
Cc1ccc(/C=N/NC(=O)c2cc3ccccc3oc2=O)cc1,7.0,7.162809,-0.1628089
C[C@H]1[C@H](C)CC[C@]2(C(=O)O)CC[C@]3(C)C(=CC[C@@H]4[C@@]5(C)C[C@H](O)[C@@H](O)C(C)(C)[C@@H]5CC[C@]43C)[C@H]12,10.2218485,9.6077585,0.61408997
COc1ccc(O)c(/C=N/NC(=O)c2cc3ccccc3oc2=O)c1,5.236572,5.1277575,0.10881424
O=C(N/N=C/c1ccccn1)c1cc2ccccc2oc1=O,7.6777806,8.29844,-0.62065935
CC(=O)Nc1ccccc1-c1cccc2c3c([nH]c12)CCCC3,5.958607,5.860739,0.097867966
O=C(N/N=C/c1ccc(O)cc1O)c1cc2ccccc2oc1=O,5.0,5.4622273,-0.46222734
O=C(N/N=C/c1ccccc1F)c1cc2ccccc2oc1=O,7.405607,6.8625846,0.54302263
O=C(Nc1ccncc1)Nc1ccnc(Cl)c1,8.30103,8.341814,-0.040783882
Cc1ccccc1/C=N/NC(=O)c1cc2ccccc2oc1=O,5.530178,5.7782826,-0.24810457
NC(=O)c1cc(-c2ccnc(N)n2)[nH]c1-c1cc(OC(F)(F)F)ccc1Cl,7.0,7.019797,-0.019796848
O=C(N/N=C/c1ccccc1)c1cc2ccccc2oc1=O,4.7144427,4.433085,0.28135777
O=C(Nc1ccccc1-c1cccc2c1[nH]c1ccccc12)C(F)(F)F,5.4436975,5.7807536,-0.33705616
Cc1ccc(NC(=O)c2ccc(C)c(Nc3nccc(-c4cccnc4)n3)c2)cc1,5.6197886,6.0738573,-0.45406866
C[C@H](/C=C\C(F)(F)F)Oc1cc(-c2cc(-c3cc(CN(C)C)cs3)cnc2N)ccc1C(N)=O,5.3027706,5.2351117,0.0676589
COc1ccc(C(=O)Nc2ccc(OCCN3CCCCC3)cc2)cc1Nc1nccc(-c2cccnc2)n1,5.330033,6.0265803,-0.6965475
COc1cc(N2CCN(C)CC2)ccc1Nc1ncc(Cl)c(Oc2cccc(NC(=O)CO)c2)n1,6.7746906,7.671857,-0.89716625
Cc1oc(-c2ccccc2)nc1CCOc1cccc(C[C@H]2CN(c3nccc(C(F)(F)F)n3)C[C@H]2C(=O)O)c1,5.6055484,5.79104,-0.18549156
CCc1cc(C(F)(F)F)ccc1C(=O)NCc1cccc(Oc2ccc(OC(C)(C)C(=O)O)c(C)c2)c1,7.9100947,8.235418,-0.32532358
Cc1nccn1CCCCCCCCOc1ccc2ccc(=O)oc2c1,4.30103,4.405031,-0.104001045
CO[C@H]1O[C@H](Cn2cc(COC(=O)[C@]34CCC(C)(C)C[C@H]3C3=CC[C@@H]5[C@@]6(C)CC[C@H](O)C(C)(C)[C@@H]6CC[C@@]5(C)[C@]3(C)CC4)nn2)[C@@H](O)[C@H](O)[C@H]1O,7.8860564,8.278716,-0.39265966
CC(C)COc1ccc2cc(-c3nn(C(C)C)c4ncnc(N)c34)ccc2c1,7.49485,7.9113584,-0.4165082
CO[C@@H](Cc1ccc(C#CCCOc2ccc(Oc3ccccc3)cc2)cc1)C(=O)O,6.2676063,7.8293586,-1.5617523
CC(C)(C)c1ccc(C(=O)N2CCN(C(=O)c3ccc(-c4ccccn4)cc3)CC2)cc1,5.207608,4.96695,0.24065828
Cc1c(F)cncc1-c1cnc2nc(NC(=O)C3CC3)sc2c1,6.0,5.8682218,0.13177824
O=C1Nc2cc(OC(F)(F)F)ccc2Oc2ccc(-c3ccc4[nH]ncc4c3)cc21,8.2218485,8.845659,-0.62381077
O=C1Nc2cc(OC(F)(F)F)ccc2Oc2ccc(-c3cccc(-c4ccn[nH]4)c3)cc21,4.5228786,5.398581,-0.8757024
O=C1Nc2cc(OC(F)(F)F)ccc2Oc2ccc(-c3cnc4ccnn4c3)cc21,6.679854,7.187581,-0.50772715
CCN(CC)CCCC(C)NC(=O)c1cc2c(Nc3ccc(OC(F)(F)F)cc3)ncnc2n1C,5.29243,6.359981,-1.0675511
Nc1ccc(Nc2[nH]nc3ncnc(Nc4cccc(Cl)c4)c23)cc1,7.5228786,8.113231,-0.59035206
Cc1ccc(S(=O)(=O)Nc2ccc(-c3cc(Nc4ccc(OC(F)(F)F)cc4)ncn3)cc2)cc1,5.0,5.094456,-0.094456196
C[C@H]1[C@H](C)CC[C@]2(C(=O)O)CC[C@]3(C)C(=CC[C@@H]4[C@@]5(C)C[C@@H](O)CC(C)(C)[C@@H]5CC[C@]43C)[C@H]12,5.853872,5.9314995,-0.07762766
C=CCN(C)CCCCCCOC1CCN(C(=O)c2ccc(F)cc2)CC1,8.970616,9.464423,-0.49380684
N#Cc1ccc(F)c(CS(=O)(=O)Nc2ccccc2-c2cccc3c2[nH]c2ccccc23)c1,4.30103,4.3712916,-0.07026148
CN1CC[C@H](c2c(O)cc(O)c3c(=O)cc(-c4ccccc4Cl)oc23)[C@H](O)C1,6.1771784,5.9327817,0.24439669
O=C(O)COc1ccc(SCc2ccc(OCc3ccc(C(F)(F)F)cc3)cc2)c2c1CCC2,9.09691,9.466998,-0.37008762
CCCNC(=O)c1ccc(Nc2nc(NCC(F)(F)F)c3cc[nH]c3n2)cc1,6.115318,6.3866496,-0.2713318
O=C1Nc2cc(Cl)ccc2/C1=C/c1ccc(-c2nnc(-c3cc(O)cc(O)c3)o2)cc1,3.8239088,3.7529097,0.070999146
CCS(=O)(=O)Nc1ccccc1-c1cccc2c1[nH]c1ccccc12,4.60206,4.5636487,0.03841114
Cc1ccc2c(c1)sc1nncn12,5.7731423,5.538075,0.23506737
CC[C@H](C)[C@H](NC(=O)[C@H](CCC(=O)O)NC(=O)[C@H](CCC(=O)O)NC(=O)[C@H](Cc1ccc(C(F)(F)P(=O)(O)O)cc1)NC(C)=O)C(=O)N[C@@H](CCC(=O)O)C(=O)O,8.920818,7.641152,1.2796664
O=[N+]([O-])c1cccc(Nc2nccc(-c3ccccn3)n2)c1,8.327902,8.557399,-0.22949696
CCOC(Cn1nc(-c2cnc3[nH]ccc3c2)c2c(N)ncnc21)OCC,6.208864,5.5561385,0.6527257
[C]C([C])=[C][C][C]/C([C])=[C]/[C]c1c([O])cc(/[C]=[C]/c2cccc(C(F)(F)F)c2)cc1[O],5.031517,4.4860387,0.54547834
[C]C([C])=[C][C][C]/C([C])=[C]/[C]c1c([O])cc(/[C]=[C]/c2ccc([O])cc2)cc1[O],4.5934596,4.4291444,0.16431522
Cc1oc(-c2ccccc2)nc1CCOc1ccc(C[C@H](Nc2ccccc2C(=O)c2ccccc2)C(=O)O)cc1,6.0,6.23084,-0.2308402
O=C(Nc1ccc(F)cc1)N1CCOc2ccc(-c3ccncc3)cc2C1,4.7999983,4.6858854,0.114112854
Cc1cc(Oc2cccc(CNC(=O)c3ccc(C(F)(F)F)cc3Cl)c2)ccc1OC(C)(C)C(=O)O,4.4086013,5.377144,-0.9685426
CC(Oc1ccc2cc(-c3nn(C(C)C)c4ncnc(N)c34)ccc2c1)c1ccccc1,5.0,5.4367185,-0.43671846
Cc1nc(-c2cc(Nc3ccc(OC(F)(F)F)cc3)ncn2)cs1,5.729321,5.9654717,-0.23615074
Cc1cc(Nc2ncc(C)c(N3CCN(CC#N)C(C)C3)n2)sn1,4.0,3.8622108,0.13778925
Cc1cc(Nc2ncc(Cl)c(Nc3ccccc3S(=O)(=O)C(C)C)n2)c(OC(C)C)cc1C1CCNCC1,5.320572,5.3357077,-0.015135765
Cc1oc(-c2ccccc2)nc1CCOc1ccc(CC2CN(C(=O)OCC(C)C)CCC2C(=O)O)cc1,6.0,6.207311,-0.20731115
C[C@H]1[C@H](C)CC[C@]2(C(=O)OCc3ccccc3)CC[C@]3(C)C(=CC[C@@H]4[C@@]5(C)C[C@H](O)[C@@H](O)C(C)(C)[C@@H]5CC[C@]43C)[C@H]12,5.464579,5.9695563,-0.5049772
COc1cccc2c1ccn2S(=O)(=O)c1cccc(C(=O)Nc2ccc(C)cc2C(=O)O)c1,5.172631,5.55668,-0.38404942
Cc1ccc(NC(=O)c2cccc(S(=O)(=O)n3ccc4c(Br)cccc43)c2)c(C(=O)O)c1,8.443698,9.321137,-0.8774395
CC(=O)N[C@@H](C)C(=O)NC1=NN(c2ccc(Cl)c(Cl)c2)CC1,4.8326826,4.7545905,0.0780921
Fc1cc(Cn2ncc3c(Nc4ccc(OC(F)(F)F)cc4)ncnc32)ccc1C(F)(F)F,9.886057,9.653384,0.23267269
CC(C)n1nc(-c2ccc3cc(OCc4cc(F)cc(Cl)c4)ccc3c2)c2c(N)ncnc21,5.692504,5.6018853,0.09061861
O=C1Nc2cc(OC(F)(F)F)ccc2Oc2ccc(-c3cccc(OCCO)n3)cc21,8.585027,9.112616,-0.52758884
CCCCn1c(-c2ccc(F)cc2C)cn2c3c(=O)[nH]c(=O)n(C)c3nc12,5.6575775,5.559404,0.09817362
NC(=O)c1ccc(Oc2cccc(C(=O)N3CCC(O)(c4ccc(F)cc4)CC3)c2)cc1,7.8860564,7.9407954,-0.054739
N#Cc1ccc(C(=O)Nc2cccc(Nc3nccc(-c4cccnc4)n3)c2)cc1,4.30103,4.0478253,0.25320482
COc1ccc(N2C(=O)C(Cc3cccc(OCCc4nc(-c5ccccc5)oc4C)c3)C2C(=O)O)cn1,7.6382723,7.452212,0.18606043
C[C@@H](C(=O)N1CCN(c2ncc(C(F)(F)F)cn2)CC1)n1cc2cccc(C(N)=O)c2n1,5.0604806,5.5679145,-0.5074339
NC(=O)c1ccc(Oc2cccc(C(=O)N3CCN(c4ccccc4)CC3)c2)cc1,6.2596374,7.356322,-1.0966845
CSCC[C@H](NC(=O)c1ccc(C)cc1)C(=O)Nc1nc(-c2ccccc2)cs1,6.1810617,5.7858415,0.39522028
Cc1cn(-c2cc(Cl)cc(NC(=O)c3ccc(C)c(Nc4nc(-c5cccnc5)cs4)c3)c2)cn1,5.8860564,5.1998725,0.6861839
CNCCOc1ccc(C(=O)NCc2cccc(C(=O)N[C@@H](CC(C)(C)C)C(=O)Nc3ccc(CC(F)(F)F)cc3)c2)cc1,5.0,4.987619,0.012381077
CNC(=O)CCc1ccc(NC(=O)[C@H](CC(C)(C)C)NC(=O)c2cccc(CNC(=O)c3ccc(OC)cc3)c2)cc1,9.346787,9.623442,-0.27665424
Cc1cccc2c(=O)[nH]c(CSc3ncccn3)nc12,6.69897,6.74513,-0.04616022
FC(F)(F)Oc1ccc(Nc2ncnc3[nH]ncc23)cc1,4.69897,4.6808724,0.0180974
CCCOC(=O)N1CCC(C(=O)O)=C(Cc2cccc(OCCc3nc(-c4ccccc4)oc3C)c2)C1,5.5086384,4.9922085,0.5164299
CCc1ccc(OC(C)CCOc2ccc(OC(C)(C)C(=O)O)cc2)c(C(=O)c2ccccc2)c1,4.69897,4.6917157,0.0072541237
CCc1ccc(O[C@H](C)CCOc2ccc(OC(C)(C)C(=O)O)cc2)c(C(=O)c2ccccc2)c1,6.221849,5.9635043,0.25834465
COc1cc(N2CCN(C)CC2)ccc1Nc1ncc(Cl)c(Oc2ccccc2N=[N+]=[N-])n1,9.19382,9.096553,0.09726715
C=CC(=O)N(c1ccc(Cl)cc1Cl)c1c(C#N)cnc2cc(OC)c(OC)cc12,4.026166,3.7674975,0.25866842
CCn1c(CCCc2cccc(-c3cccc(C(=O)O)c3)c2)nn(Cc2ccc(C(C)(C)C)cc2)c1=O,4.849485,4.8413568,0.008128166
O=C(c1cc2c(Nc3ccc(OC(F)(F)F)cc3)ncnc2s1)N1CCN(N2CCCC2)CC1,2.9991324,3.9518106,-0.9526782
CN1CCC(Nc2ccc(C(=O)Nc3cc(-c4ccc5c(c4)OCO5)n[nH]3)cc2)CC1,5.960586,6.4301887,-0.46960258
COC(=O)N(CC(=O)O)Cc1cc(F)cc(OCc2nc(-c3ccc(Cl)cc3)oc2C)c1,4.551294,4.630529,-0.07923508
COc1cc(C[C@H](OC)C(=O)O)ccc1OCCCOc1ccc(Oc2ccccc2)cc1,5.39794,5.185571,0.21236897
O=C(O)Cc1csc2cc(OCc3cc(-c4ccc(C(F)(F)F)cc4)on3)cc(Cl)c12,5.03,5.1232004,-0.09320021
Nc1n[nH]c2cccc(-c3ccc(C(=O)NCCNC(=O)c4ccc(F)cc4)cc3)c12,5.2596374,5.9806075,-0.72097015
Cc1c2ccc(Nc3ccnc(Nc4ccc(S(N)(=O)=O)cc4)n3)cc2nn1C,5.207608,5.077458,0.13015032
Clc1cccc(Nc2[nH]nc3ncnc(Nc4ccccc4)c23)c1,5.0,5.0651,-0.06510019
Clc1cccc(Nc2[nH]nc3ncnc(Nc4cccc(Br)c4)c23)c1,6.551294,7.21156,-0.6602659
Cc1ccc(N(C)C(=O)c2cccc(C(F)(F)F)c2)cc1Nc1nccc(-c2cccnc2)n1,6.400117,7.0382705,-0.63815355
Cc1cn(-c2cc(NC(=O)c3ccc4c(c3)C[C@H](N(C)c3cncnc3)C4)cc(C(F)(F)F)c2)cn1,4.69897,4.575421,0.123548985
COc1ccc(NC(=O)c2ccc(NC(=O)N3CCN(C(=O)c4cc(Cc5n[nH]c(=O)c6ccccc56)ccc4F)CC3)cc2)cc1,4.9956784,4.3368654,0.658813
COc1cc(N2CCN(C)CC2)ccc1Nc1ncc(Cl)c(Oc2ccccc2NC(=O)COCc2ccccc2)n1,9.267606,9.544918,-0.27731228
CN(CCc1ccccc1)C(=O)c1ccc(NC(=O)Cc2ccc(NC(=O)C3CCN(C(=O)C4CCCC4)CC3)cc2)cc1,4.823909,4.6973033,0.12660551
Cc1ccc(NC(=O)c2ccc(CN3CCN(CCF)CC3)cc2)cc1Nc1nccc(-c2cccnc2)n1,7.6197886,7.733339,-0.113550186
CCOc1ccc(OCCCOc2ccc3c(c2)O[C@@](C)(C(=O)O)CC3)c(Cl)c1,8.468521,8.065116,0.4034052
Cc1oc(-c2ccccc2)nc1CCOc1cccc(CC2=C(C(=O)O)CCN(c3nccc(C(F)(F)F)n3)C2)c1,8.0,7.8253703,0.17462969
CCNC(=O)Nc1nc2cc(-c3cccnc3)ccc2[nH]1,9.508638,9.219499,0.28913975
O=C(c1cc2c(Nc3ccc(OC(F)(F)F)cc3)ncnc2s1)N1CCN(c2cccc(C(F)(F)F)c2)CC1,8.886057,9.303847,-0.4177904
COc1cc(N2CCN(C)CC2)ccc1Nc1ncc(Cl)c(Oc2cccc(NC(=O)CCO)c2)n1,6.0,5.7265434,0.27345657
CCc1ccc(OCCCOc2ccc(OC(C)(C)C(=O)O)cc2)c(C(=O)c2ccccc2)c1,6.39794,6.3223014,0.07563877
Cc1[nH]c(/C=C2\C(=O)Nc3ccc(S(=O)(=O)Cc4c(Cl)cccc4Cl)cc32)c(C)c1C(=O)N1CCC[C@@H]1CN1CCCC1,7.49485,7.3482237,0.14662647
Cc1oc(-c2ccccc2)nc1CCOc1ccc(CN(CC(=O)O)Cc2ccccc2)cc1,4.308035,4.7471786,-0.43914366
CCCc1cc(OC2CCCCC2)ccc1OCCCOc1cccc(-c2sc(=O)[nH]c2O)c1,4.950782,4.320566,0.63021564
O=S(=O)(Cc1cccc(F)c1)Nc1ccccc1-c1cccc2c1[nH]c1ccccc12,5.036212,5.5522566,-0.5160446
CC1CN(c2cncnc2)Cc2cc(NC(=O)c3cc(CN4CCN(C)CC4)cc(C(F)(F)F)c3)ccc21,9.69897,9.901923,-0.20295334
CC(=O)Nc1ccccc1-c1cccc2c1[nH]c1c(Cl)c(Cl)ccc12,9.29243,9.742597,-0.4501667
COc1cccc(-c2cn(C3CCNC3)c3ncnc(N)c23)c1,8.847712,9.239177,-0.3914652
Cc1oc(-c2ccccc2)nc1CCOc1cccc(CC2C(=O)N(c3ccc(Cl)cc3)C2C(=O)O)c1,3.09691,2.7942033,0.30270672
Cc1cc(Nc2nc(Nc3ccccc3S(=O)(=O)C(C)C)c3c(C)[nH]nc3n2)c(OC(C)C)cc1C1CCN(C)CC1,4.0,4.3490663,-0.34906626
FC(F)(F)Oc1ccc(Nc2cc(-c3c[nH]c4ccccc34)ncn2)cc1,7.552842,6.4140534,1.1387887
COc1ccc2c(=O)c(C)c(-c3ccc(N4CCCCC4)cc3)[nH]c2c1,6.7423215,7.1310143,-0.38869286
COc1ccc2nc(NC(=O)CCc3nc(C4=CCN(C)CC4)no3)sc2c1,4.9863205,5.4744925,-0.48817205
CCCc1c(O[C@H](C(=O)O)c2ccc(C(C)C)cc2)c(Cl)cc2c1oc(=O)n2CC,9.187087,9.577214,-0.39012718
O=C(O)Cc1coc2cc(OCc3cc(-c4ccc(C(F)(F)F)cc4)on3)ccc12,8.0,8.071549,-0.071549416
CC(C)n1nc(C#Cc2cccc(F)c2)c2c(N)ncnc21,4.186419,4.4157043,-0.22928524
Cc1oc(-c2ccccc2)nc1CCCc1ccc(C[C@H](C(=O)O)n2cccc2)cc1,5.5228786,5.40881,0.11406851
COc1cc(N2CCN(C)CC2)ccc1Nc1ncc(Cl)c(Oc2ccc(NC(=O)CCOCc3ccccc3)cc2)n1,6.0,6.0128274,-0.012827396
O=C(c1cc(Cl)c(Cl)c(Cl)n1)N1CCN(c2nc(Cl)ncc2Br)CC1,9.136677,9.116838,0.019838333
O=C(NC(=O)c1cc2c(Nc3ccc(OC(F)(F)F)cc3)ncnc2s1)c1cccc(C(F)(F)F)c1,5.823909,5.2878976,0.5360112
NC(=O)c1ccc(Oc2cccc(C(=O)N3CCC(c4cccc(F)c4)CC3)c2)cc1,8.031517,8.219181,-0.18766403
CCOC(=O)CCCCC(=O)c1[nH]c(=O)[nH]c1CSc1nc(-c2ccccc2)c(C#N)c(=O)[nH]1,3.7872798,4.3542123,-0.56693244
CCc1ccc(C(=O)Nc2cccc(C(F)(F)F)c2)cc1-c1cc(-c2cnc3cnccn23)ccc1C,5.0,4.677402,0.32259798
C[C@H](NC(=O)c1cccc(-c2cncc(C(=O)NC3CC3)c2)c1)C(=O)Nc1ccc(Cl)c(C(F)(F)F)c1,6.138,6.1613092,-0.02330923
Cc1cc(OCc2cc(-c3ccc(C(F)(F)F)cc3)on2)cc2scc(CC(=O)O)c12,6.79588,6.742038,0.053842068
CCNC(=O)Nc1nc2ccc(-c3ccccc3Oc3ccccc3)cc2[nH]1,5.3196645,4.5343843,0.7852802
Cc1cc(Oc2cccc(CNC(=O)c3ccc(C(F)(F)F)cc3Oc3ccccc3)c2)ccc1OC(C)(C)C(=O)O,4.6346993,4.821407,-0.1867075
FC(F)(F)Oc1ccc(Nc2cc(-c3ccc(-c4ccccc4)cc3)ncn2)cc1,4.6539407,4.061465,0.5924759
O=C(c1ccc2c(Nc3ccc(OC(F)(F)F)cc3)ncnc2c1)N1CCC2(CC1)C(=O)NCN2c1ccccc1,7.69897,8.029705,-0.3307352
O=C1Nc2cc(OC(F)(F)F)ccc2Sc2ccc(-c3ccnc(N4CCOCC4)c3)cc21,3.085128,3.5346694,-0.44954133
Cc1sc(N2CCOCC2)nc1CCOc1ccc(CCC(=O)O)c(CNC(=O)OC(C)C)c1,8.431798,8.882285,-0.45048714
CCCc1cc(Oc2ccccc2)ccc1OCCCOc1ccc2c(c1)OC(C(=O)O)CC2,4.30103,4.968489,-0.667459
Nc1n[nH]c2cccc(-c3ccc(C(=O)N4CCN(C(=O)c5ccc(Br)cc5)CC4)cc3)c12,5.275724,5.3148494,-0.039125443
O=[N+]([O-])c1ccc(S(=O)(=O)Nc2ccc(O)c(Sc3nnc[nH]3)c2)cc1,4.9570704,4.123207,0.83386326
CCCc1c(OCCCN(C)c2cccc(CC(=O)O)c2)ccc2c(C(F)(F)F)noc12,6.39794,6.171372,0.22656822
CCOc1cc(Nc2c(C#N)cnc3cc(OCC4CCN(C)CC4)c(OC)cc23)c(Cl)cc1Cl,5.6382723,5.5739894,0.064282894
Nc1c2c(=O)[nH]c(-c3ccccc3)cc2nn1-c1ccccc1,7.537602,6.877476,0.66012573
CCOC(=O)N1CCc2c(sc(NC(=O)Cc3ccc(OC)cc3)c2C(=O)Nc2ccc(C(=O)OC)cc2)C1,7.189969,7.965537,-0.775568
CCOC(=O)c1cc2c(Nc3ccc(OC(F)(F)F)cc3)ncnc2n1C,6.318759,6.700603,-0.38184404
CN(C)CCN1C(=O)c2ccc3c4c(ccc(c24)C1=O)C(=O)N(CCN(C)C)C3=O,10.0,9.753859,0.24614143
C/C(=C\COc1ccc2ccc(=O)oc2c1)CCC1OC1(C)CCC1OC1(C)C,6.0,5.696916,0.3030839
Clc1cccc(Nc2nccc(-c3cccnc3)n2)c1,9.20066,9.529136,-0.32847595
Cc1ccc(N)cc1Nc1nccc(-c2cccnc2)n1,9.130768,9.40327,-0.27250195
CCCc1cc2c(OC)noc2c(CCC)c1OC(C)(C)C(=O)O,5.9182925,6.7519608,-0.83366823
Cc1ccc(C(=O)Nc2ccc(Cl)c(Cl)c2)cc1Nc1nccc(-c2cccnc2)n1,8.080922,8.56343,-0.4825077
CC(=O)O[C@H]1CC[C@]2(C)[C@H]3CC=C4[C@@H]5[C@@H](C)[C@H](C)CC[C@]5(C(=O)OC[C@H](O)[C@H]5OC(=O)C(O)C5=O)CC[C@@]4(C)[C@]3(C)CC[C@H]2C1(C)C,6.798603,8.3525,-1.5538969
[C]C([C])=[C][C][C]/C([C])=[C]/[C]c1c([O])cc(/[C]=[C]/c2ccccc2)cc1[O],4.712086,4.966842,-0.25475597
CC(C)(Oc1ccc(CCOc2ccc(NC(=O)Nc3ccccc3)cc2)cc1)C(=O)NS(=O)(=O)c1ccccc1,5.0,5.477639,-0.4776392
COc1ccc(S(=O)(=O)Nc2cc(Sc3ncnc4nc[nH]c34)c(O)c3ccccc23)cc1OC,4.69897,5.0664115,-0.36744165
CC(C)(C)c1ccc(COc2ccc(CSc3ccc(OCC(=O)O)c4c3CCC4)cc2)cc1,6.0,5.93886,0.06114006
COC(=O)N(CC(=O)O)Cc1ccc(F)c(OCc2nc(-c3ccc(Cl)cc3)oc2C)c1,7.0404816,7.334129,-0.2936473
COc1ccc2ccn(S(=O)(=O)c3cccc(C(=O)Nc4ccc(Cl)cc4C(=O)O)c3)c2c1,6.2596374,6.5016913,-0.24205399
Cc1ccc(NC(=O)c2cccc(S(=O)(=O)n3ccc4cccc(C)c43)c2)c(C(=O)O)c1,3.5606673,3.5747023,-0.0140349865
N#CCC(=O)Nc1ccn(-c2ccc(Cl)c(Cl)c2)n1,7.9085073,7.7172856,0.19122171
N#CCC(=O)Nc1cccc(-c2ccc(Cl)c(Cl)c2)n1,4.653647,4.416343,0.23730373
CC(=O)NC1=NN(c2ccc(Cl)c(Cl)c2)[C@H](C)C1,9.1549015,9.336385,-0.18148327
Cn1ccc2cc(-c3nn(C(C)(C)C)c4ncnc(N)c34)ccc21,6.236572,6.984327,-0.74775505
Cc1cc(Oc2cccc(CNC(=O)c3ccc(C(F)(F)F)cc3Br)c2)ccc1OC(C)(C)C(=O)O,9.552842,9.653265,-0.10042286
CCC(=O)c1cc(Cl)c(OC(C(=O)O)c2ccccc2)c(Cl)c1,4.809556,5.375704,-0.5661478
CCCNC(=O)Cn1cccc(NC(=O)Nc2ccc(NC(=O)Nc3cccn(CC(=O)NCCC)c3=O)cc2)c1=O,6.404504,6.669452,-0.26494837
C[C@]1(C(=O)O)CCc2ccc(OCCCOc3ccc(C4CCC5(CC4)CC5)cc3Cl)cc2O1,3.8239088,3.7386098,0.085299015
COC(=O)/C=C\C(=O)Nc1cccc(C(N)=O)c1,6.0,6.32863,-0.32862997
COc1cccc(NC(=O)N2CCOc3ccc(-c4ccncn4)cc3C2)c1,4.60206,4.585105,0.016954899
Cc1oc(-c2ccccc2)nc1CCOc1cccc(-c2nn(-c3ccccc3)nc2C(=O)O)c1,5.387216,5.575051,-0.18783474
CCN(CC)CCNC(=O)c1c(C)[nH]c(/C=C2\C(=O)Nc3ccc(F)cc32)c1C,8.958608,9.316807,-0.35819912
Cc1ccc(C(=O)Nc2ccc(CN3CCN(C)CC3)c(C(F)(F)F)c2)cc1-n1cc(-c2cnc(N3CCCCC3)nc2)nn1,6.5968795,7.021872,-0.42499256
Cc1cccc(-c2nn(C(C)(C)C)c3ncnc(N)c23)c1,5.008774,5.344696,-0.33592224
CCC(Oc1cccc(Cc2c(C)n(C(=O)c3ccc(OC)cc3)c3ccc(OC(F)(F)F)cc23)c1)C(=O)O,4.8370476,5.101794,-0.2647462
Cc1cccc(Nc2ncnc3n[nH]c(Nc4cccc(Cl)c4)c23)c1,4.530178,4.681559,-0.15138102
COc1ccc(C(=O)n2c(C)c(Cc3cccc(O[C@H](C)C(=O)O)c3)c3cc(OC(F)(F)F)ccc32)cc1,5.1811147,4.3110385,0.8700762
CS(=O)(=O)n1ccc(C(=O)NCC(=O)Nc2nc(-c3ccccn3)cs2)c1,9.443698,9.472978,-0.029279709
O=C1Nc2cc(OCCC(F)(F)F)ccc2Oc2ccc(-c3ccnc(N4CCOCC4)c3)cc21,6.703335,6.8294845,-0.12614965
CNC[C@@H]1CC1C(=O)Nc1nc2ccc(-c3cncc(F)c3C)cc2s1,7.180456,8.969446,-1.78899
O=C(c1ccc2c(Nc3ccc(OC(F)(F)F)cc3)ncnc2c1)N1CCCC(CO)C1,7.6382723,7.285873,0.35239935
N#CC12CCCCC1CC1CCCCC1(C#N)N2Cc1cccnc1,9.39794,7.989716,1.4082236
CCOc1cc(N2CCN(C)CC2)ccc1Nc1ncc2cc(-c3cccc(NC(=O)c4cccc(C(F)(F)F)c4)c3)c(=O)n(C[C@H]3CCCO3)c2n1,9.21467,9.402423,-0.18775272
CCCCOc1ccc2cc(-c3nn(C(C)C)c4ncnc(N)c34)ccc2c1,9.259637,9.5548115,-0.2951746
CCO[C@@H](Cc1ccc(OCCCOc2ccc(Oc3ccccc3)cc2)cc1)C(=O)O,5.0,6.1563306,-1.1563306
CC(c1ccc(Nc2nc3c(C(N)=O)cc(F)cc3s2)cc1)N(C)C,5.124939,4.7646604,0.3602786
CC(=O)Nc1cccc(C)c1-c1cccc2c1[nH]c1ccccc12,6.1401653,5.022671,1.1174941
CCOc1ccc2cc(-c3nn(C(C)C)c4ncnc(N)c34)ccc2c1,5.6382723,5.699535,-0.061262608
O=C(NO)c1ccc(-c2ccc3ncnc(Nc4ccc(OCc5cccc(F)c5)c(Cl)c4)c3c2)s1,6.0,6.066526,-0.066525936
CCC1(C(=O)O)CCc2ccc(OCCCOc3ccc(Oc4ccccc4)cc3)cc2O1,5.79588,5.944357,-0.14847708
CC1(C)CCC(c2ccc(OCCCOc3ccc4c(c3)O[C@@](C)(C(=O)O)CC4)c(Cl)c2)CC1,7.0457573,6.4118214,0.6339359
CC[C@]1(C(=O)O)CCc2ccc(OCCCOc3ccc(C4CCC(C)(C)CC4)cc3Cl)cc2O1,6.0604806,6.1367745,-0.076293945
Cc1ccc(C)c(COc2ccc3cc(-c4nn(C(C)C)c5ncnc(N)c45)ccc3c2)c1,6.0,6.4727683,-0.4727683
Cn1c(C(=O)N2CCCC(CO)C2)cc2c(Nc3ccc(OC(F)(F)F)cc3)ncnc21,6.7447276,6.22463,0.52009773
Cc1ccc(C(=O)NCc2cccc(Oc3ccc(OC(C)(C)C(=O)O)c(C)c3)c2)c(C)c1,6.387216,6.1647367,0.22247934
Cc1cn(CCCCCCCCOc2ccc3ccc(=O)oc3c2)cn1,7.167491,7.1753955,-0.00790453
CN1C(=O)/C(=C/c2ccc(/C=C/C(=O)NCc3ccncc3)s2)Oc2ccccc21,6.75659,7.613275,-0.85668516
FC(F)(F)Oc1ccc(Nc2cc(-c3cccc4sccc34)ncn2)cc1,6.2596374,6.3221097,-0.062472343
Cc1cc(Oc2cccc(CNC(=O)c3ccc(C(F)(F)F)cc3C)c2)ccc1OC(C)(C)C(=O)O,7.30103,6.989198,0.31183195
Cc1c(Nc2ccc(OC(F)(F)F)cc2)ncnc1-c1cnn(-c2ccccc2)c1C,8.309804,8.195867,0.11393738
CC(C)n1nc(-c2ccc3cc(OCc4ccc(CC(F)(F)F)c(Cl)c4)ccc3c2)c2c(N)ncnc21,5.1000156,4.83783,0.26218557
CC[C@H](C)[C@H](NC(=O)[C@@H]1CCCN1C(=O)[C@@H](NC(=O)[C@H](CCC(=O)O)NC(=O)[C@H](CCC(=O)O)NC(=O)[C@H](Cc1ccc(C(F)(F)P(=O)(O)O)cc1)NC(=O)[C@H](CCC(N)=O)NC(=O)[C@@H]1CCCN1C(=O)[C@@H](N)CCC(=O)O)[C@@H](C)CC)C(=O)N[C@@H](Cc1ccc(O)cc1)C(=O)N[C@@H](CC(C)C)C(=O)O,7.823041,8.427625,-0.60458374
Cc1oc(-c2ccccc2)nc1CCOc1ccc(CN(CC(=O)O)Cc2ccc(-c3ccccc3Cl)o2)cc1,5.0,4.8188357,0.18116426
C=C(C)[C@@H]1CC[C@]2(C(=O)NCC(=O)O)CC[C@]3(C)[C@H](CC[C@@H]4[C@@]5(C)Cc6c([nH]c7ccccc67)C(C)(C)[C@@H]5CC[C@]43C)[C@@H]12,6.0,6.318892,-0.318892
c1ccc(Nc2nccc(-c3cccnc3)n2)cc1,8.477556,8.516782,-0.03922558
CCOC(=O)N1C[C@H](CCc2ccc(OCCc3nc(-c4ccccc4)oc3C)cc2)[C@@H](C(=O)O)C1,9.30103,9.594029,-0.29299927
CCc1ccc(C(=O)Nc2cccc(C(F)(F)F)c2)cc1-c1cccc(-c2cnc3cnccn23)c1C,5.30103,5.462063,-0.16103268
Cc1cccc(Nc2nccc(-c3cccnc3)n2)c1,9.69897,9.831357,-0.13238716
Cc1c(Nc2ccc(OC(F)(F)F)cc2)ncnc1-c1cnn(Cc2ccccc2)c1,6.0,6.352236,-0.3522358
Cc1ccc(NC(=O)c2ccc(N=NN(C)CO)cc2)cc1Nc1nccc(-c2cccnc2)n1,4.627088,5.111014,-0.48392582
CN(C)c1cccc(C(=O)N2CCN(C(=O)c3ccc(-c4nccs4)cc3)CC2)c1,4.0264935,4.531867,-0.5053735
CCOC(=O)CCCCC(=O)c1[nH]c(=O)[nH]c1Cn1cnc2ccccc21,4.1643095,5.3774786,-1.2131691
COc1ccc(Cl)cc1NC(=O)CN(C)C(=O)c1cc(-c2ccncc2)nc2ccccc12,5.7212462,5.3989587,0.32228756
O=C1Nc2cc(OC(F)(F)F)ccc2Oc2ccc(-c3cccc(C(=O)N4CCOCC4)c3)cc21,7.2596374,7.093222,0.16641521
Cc1cccc(NC(=O)COc2cc(O)c3c(=O)cc(-c4ccccc4)oc3c2)c1,6.0132284,6.074126,-0.06089735
CCNNC(=O)c1ccc2c(Nc3ccc(OC(F)(F)F)cc3)ncnc2c1,7.692504,7.596542,0.09596205
Nc1n[nH]c2cccc(-c3ccc(C(=O)N4CCN(C(=O)c5ccc(Cl)cc5)CC4)cc3)c12,4.679854,4.2669697,0.41288424
NC(=O)c1ccc(Oc2cccc(C(=O)N3CCN(c4ccccc4F)CC3)c2)cc1,9.113509,9.193637,-0.080127716
CC(C)n1nc(C#Cc2cccc(Cl)c2)c2c(N)ncnc21,4.5228786,5.193568,-0.6706896
Nc1nc(N)c2c(Nc3cccc(Cl)c3)[nH]nc2n1,5.3132744,5.4456162,-0.13234186
CN1C(=O)/C(=C/c2ccc(/C=C/C(=O)NCc3cccnc3)s2)Oc2ccccc21,6.8664613,6.683802,0.18265915
FC(F)(F)Oc1ccc(Nc2cc(-c3cccc4c3oc3ccccc34)ncn2)cc1,6.0,6.133285,-0.13328505
O=C(Nc1ccccc1-c1cccc2c1[nH]c1ccccc12)c1ccccc1,4.9000087,5.1054006,-0.20539188
COc1cc(N2CCN(C)CC2)ccc1Nc1ncc(Cl)c(Oc2cccc(N)c2)n1,6.669586,5.7344203,0.9351659
CCCc1cc(Oc2ccccc2)ccc1OCCCOc1ccc2c(c1)OC(C)(C(=O)O)CC2,6.0,5.8684716,0.13152838
Cc1oc(-c2ccccc2)nc1CCNc1ccc(C[C@@H](C(=O)O)n2cccc2)cc1,5.2549253,5.428474,-0.1735487
COc1ccccc1C(=O)Nc1cccc(Nc2nccc(-c3cccnc3)n2)c1,8.920818,9.536906,-0.6160879
O=C(Cn1cccc(NCc2ccc(Cl)c(Cl)c2)c1=O)NCc1ccc(Cl)c(Cl)c1,4.790485,5.881138,-1.090653
Cc1c(Nc2ccc(OC(F)(F)F)cc2)ncnc1-c1ccc(S(C)(=O)=O)cc1,4.851089,4.64821,0.20287895
COC1CCN(C(=O)c2cc3c(Nc4ccc(OC(F)(F)F)cc4)ncnc3s2)CC1,7.318759,6.7803936,0.53836536
O=C(c1ccc2c(Nc3ccc(OC(F)(F)F)cc3)ncnc2c1)N1CCC(O)CC1,6.30103,6.66149,-0.3604598
CC(=O)NC[C@H]1CC[C@H](c2nc(-c3cc4ccccc4[nH]3)c3c(N)nccn32)CC1,9.09691,9.598381,-0.50147057
c1ccc(Nc2ncnc3n[nH]c(Nc4ccccc4)c23)cc1,4.5606675,4.6457696,-0.08510208
O=C(c1cc2c(Nc3ccc(OC(F)(F)F)cc3)ncnc2s1)N1CCC(O)CC1,5.0675263,5.2861857,-0.2186594
Clc1cccc(Nc2ncnc3n[nH]c(Nc4cccc(Cl)c4)c23)c1,5.7206235,6.406926,-0.68630266
Cn1c(C(=O)N2CCCC(C(N)=O)C2)cc2c(Nc3ccc(OC(F)(F)F)cc3)ncnc21,6.154902,6.474563,-0.31966114
Cn1c(C(=O)N2CCC(Br)CC2)cc2c(Nc3ccc(OC(F)(F)F)cc3)ncnc21,4.9830003,4.880916,0.10208416
Nc1n[nH]c2cc(-c3ccc(C(=O)N4CCN(C(=O)c5ccc(Cl)c(C(F)(F)F)c5)CC4)cc3)ccc12,8.0,7.908441,0.09155893
Cc1ccc(NC(=O)c2cccc(S(=O)(=O)n3ccc4cc(Cl)ccc43)c2)c(C(=O)O)c1,6.328004,6.1924024,0.13560152
O=C(NC1=NN(c2ccc(Cl)c(Cl)c2)CC1)c1ccccn1,6.0,6.2902646,-0.2902646
N#CCC(=O)Nc1nsc(-c2ccc(Cl)c(Cl)c2)n1,8.327902,7.6194053,0.7084966
NC1=NN(c2ccc(Cl)c(Cl)c2)CC1,8.818156,9.276671,-0.45851517
O=C(O)c1ccccc1C(=O)Nc1cccc(Nc2nccc(-c3cccnc3)n2)c1,4.3410354,5.9602084,-1.619173
Cc1ccncc1-c1cnc2nc(NC(=O)OC(C)(C)C)sc2c1,9.30103,9.475648,-0.17461777
COC(=O)[C@@H]1CC1C(=O)Nc1nc2cc(-c3c(C)cccc3F)ccc2s1,9.1549015,8.979619,0.17528248
Cc1ccncc1-c1cnc2nc(NC(=O)[C@@H]3C[C@@H]3F)sc2c1,7.0,7.083078,-0.08307791
O=c1cc(-c2ccc(OCc3ccc(Cl)nc3)cc2)oc2cc(OCc3ccc(Cl)nc3)cc(O)c12,4.276544,4.0070605,0.26948357
O=C(Nc1ccc([N+](=O)[O-])cc1)Nc1ccc(S(=O)(=O)Nc2ccc(Cl)c(Cl)c2)cc1,4.0264564,4.562033,-0.5355768
Cn1cc(-c2nnc(-c3ccc(C(c4c[nH]c5ccccc45)c4c[nH]c5ccc(Cl)cc45)cc3)o2)c2ccccc21,6.732987,6.3610644,0.3719225
CCCc1cc(Oc2ccccc2)ccc1OCCCCOc1ccc2c(c1)CCC(C)(C(=O)O)O2,9.327902,9.138108,0.18979359
Cc1ccc2c(ccn2COCC[Si](C)(C)C)c1-c1ccc2sc(NC(=O)[C@@H]3C[C@@H]3F)nc2c1,8.679853,8.659331,0.020522118
Cc1ccc2[nH]ccc2c1-c1ccc2sc(NC(=O)[C@@H]3C[C@@H]3F)nc2c1,5.0,5.3657613,-0.36576128
Cc1ccc2c(ccn2COCCCS(C)(C)C)c1-c1ccc2sc(NC(=O)C3C[C@@H]3F)nc2n1,3.8239088,3.943301,-0.11939216
COc1ccc2nc(NC(=O)NCc3nc4ccccc4[nH]3)sc2c1,5.9172144,5.5760064,0.34120798
Cc1[nH]c2ncnc(Nc3ccccc3)c2c1C,5.0,5.0523763,-0.05237627
Cc1ccncc1-c1ccc2nc(N)sc2c1,6.086186,5.9792047,0.10698128
CNC[C@@H]1CC1C(=O)Nc1nc2ccc(-c3c(C)cccc3F)cc2s1,4.0,4.3594327,-0.3594327
Cc1cccc(F)c1-c1ccc2sc(NC(=O)C3CC3)nc2c1,4.0,4.2539845,-0.25398445
Cc1cccc(F)c1-c1ccc2sc(NC(=O)C3C[C@H]3CO)nc2c1,4.026341,4.19765,-0.171309
CN[C@@H](C)C(=O)N[C@H](C(=O)N1CCC[C@H]1c1nc(C(=O)c2cccc(OCCOCCOCCNC(=O)c3cccc(-c4cc(Nc5ccc(OC(F)(F)F)cc5)ncn4)c3)c2)cs1)C1CCCCC1,6.0,6.0751595,-0.07515955
CC(C)c1nc(-c2cnc3ccccc3c2)c2c(N)nccn12,4.0,4.3673477,-0.36734772
Cc1c(-c2ccc(-c3ccc(C(F)(F)F)cc3)nc2)[nH]c2ccccc2c1=O,4.821023,4.658792,0.16223097
CCOC(=O)N1C[C@@H](Cc2ccc(OCCc3nc(-c4ccccc4)oc3C)cc2)[C@@H](C(=O)O)C1,8.0,7.127031,0.87296915
Cc1cc(Nc2ncc(C)c(N3CC4CCCC(C3)N4CC#N)n2)sn1,5.0,4.350346,0.6496539
[C]C([C])=[C][C][C]/C([C])=[C]/[C]c1c([O])cc(/[C]=[C]/c2ccoc2)cc1[O],3.4678829,3.867516,-0.39963317
COc1ccc(NC(=O)CN(C)C(=O)Cc2ccc(S(=O)(=O)N3CCOCC3)s2)cc1,5.7447276,6.3612876,-0.61656
O=C(c1ccoc1)N1CCN(C(=O)c2ccc3c(Nc4ccc(OC(F)(F)F)cc4)ncnc3c2)CC1,7.39794,7.6987996,-0.30085945
Cc1c(Nc2ccc(OC(F)(F)F)cc2)ncnc1-c1ccc(S(=O)(=O)C(C)C)cc1,5.49485,4.4643416,1.0305085
CCN(CC)Cc1ccc2c(Nc3ccc(OC(F)(F)F)cc3)ncnc2c1,4.5228786,5.363623,-0.8407445
Cc1cc2nnn(CC(=O)c3ccc(Cl)c(Cl)c3)c2cc1C,5.0,4.8970914,0.10290861
Cc1ccc(NC(=O)c2ccc3c(c2)CCC3N2CCN(C(=O)OC(C)(C)C)CC2)cc1Nc1nccc(-c2cccnc2)n1,4.823909,4.828592,-0.0046830177
COc1ccc(NC(=O)Cn2cc(COc3cc(O)c4c(=O)c5ccc(OC)cc5oc4c3)nn2)c(OC)c1,5.2231536,5.278372,-0.05521822
COc1cc(N2CCN(C)CC2)ccc1Nc1ncc(Cl)c(Oc2ccccc2NC(=O)CO)n1,6.6197886,6.8106084,-0.19081974
[C]C([C])=[C][C][C]/C([C])=[C]/[C]c1c([O])cc(/[C]=[C]/c2cc(F)cc(F)c2)cc1[O],6.2423005,6.707332,-0.46503162
Nc1n[nH]c2cccc(-c3ccc(C(=O)N4CCN(C(=O)c5ccc(Cl)c(C(F)(F)F)c5)CC4)cc3)c12,5.0,5.827002,-0.82700205
COc1cc(N2CCN(C)CC2)ccc1Nc1ncc(Cl)c(Oc2ccc(NC(C)=O)cc2)n1,9.387217,9.38352,0.0036964417
CC(=O)NCc1ccc(-c2ccc3c(c2)C(=O)Nc2cc(OC(F)(F)F)ccc2O3)s1,4.823909,6.0145335,-1.1906247
Cc1ccc(C(c2c[nH]c3ccc(C(=O)NNS(=O)(=O)c4cccc([N+](=O)[O-])c4)cc23)c2c[nH]c3ccc(C(=O)NNS(=O)(=O)c4cccc([N+](=O)[O-])c4)cc23)cc1,5.692932,6.367986,-0.6750541
N#Cc1cccc(CC(=O)Nc2ccccc2-c2cccc3c2[nH]c2ccccc23)c1,4.481486,5.188308,-0.7068219
CNC(=O)CCc1ccc(NC(=O)[C@H](CC(C)(C)C)NC(=O)c2cccc(CNC(=O)c3ccccc3)c2)cc1,4.0,4.422066,-0.4220662
Cc1ccc(C(c2c[nH]c3ccc(C(=O)NNS(=O)(=O)c4ccc([N+](=O)[O-])cc4)cc23)c2c[nH]c3ccc(C(=O)NNS(=O)(=O)c4ccc([N+](=O)[O-])cc4)cc23)cc1,5.004365,5.216587,-0.2122221
CC1CN(c2cncnc2)Cc2cc(C(=O)Nc3cc(CN4CCN(C)CC4)cc(C(F)(F)F)c3)ccc21,7.29243,7.905972,-0.6135421
Cc1ccc(C(c2c[nH]c3ccc(C(=O)NNS(=O)(=O)c4ccccc4[N+](=O)[O-])cc23)c2c[nH]c3ccc(C(=O)NNS(=O)(=O)c4ccccc4[N+](=O)[O-])cc23)cc1,6.5185575,6.929234,-0.41067648
CCCc1cc(Oc2ccc(C(C)C)cc2)ccc1OCCCOc1cccc(-c2sc(=O)[nH]c2O)c1,9.79588,9.254361,0.54151917
CCCc1cc(Oc2ccccc2)ccc1OCCCOc1ccc2c(c1)OC(CCC)(C(=O)O)CC2,5.207608,5.455333,-0.24772501
O=C(Cn1cccc(NCc2ccc(Cl)cc2)c1=O)NCc1ccc(Cl)c(Cl)c1,6.465974,6.3547554,0.11121845
COc1cc(C=O)cc(OCC(=O)Nc2sc3c(c2C#N)CCC(C)C3)c1OC,8.180456,8.400863,-0.22040653
COc1cc(N2CCN(C)CC2)ccc1Nc1ncc(Cl)c(Oc2ccc(NC(=O)COCc3ccccc3)cc2)n1,4.30103,4.9204617,-0.6194315
COc1cc(N2CCN(C)CC2)ccc1Nc1ncc(Cl)c(Oc2ccccc2NC(=O)CCO)n1,7.075721,7.905834,-0.8301134
CC1CN(C(=O)c2ccc3c(Nc4ccc(OC(F)(F)F)cc4)ncnc3c2)CC(C)N1,7.0222764,6.1253824,0.896894
O=C(NCCO)c1ccc2c(Nc3ccc(OC(F)(F)F)cc3)ncnc2c1,6.9956784,8.123905,-1.1282268
Nc1n[nH]c2cc(-c3ccc(C(=O)NCCNC(=O)c4ccc(Br)cc4)cc3)ccc12,4.3809066,4.415814,-0.03490734
Cc1oc(-c2ccccc2)nc1CCOc1ccc(Cc2nn(-c3ccccc3)cc2C(=O)O)cc1,6.5157003,6.033369,0.48233128
C[C@@H](CN1CC(C(=O)N2CCN(c3ncc(C(F)(F)F)cn3)CC2)C1)Nc1cn[nH]c(=O)c1C(F)(F)F,5.6840296,5.9311767,-0.24714708
Cc1cc(NS(=O)(=O)c2ccc(Nc3nccc(Nc4ccc5c(C)n(C)nc5c4)n3)cc2)no1,9.508638,9.109696,0.398942
COC[C@H]1CCCN1C(=O)c1cc2c(Nc3ccc(OC(F)(F)F)cc3)ncnc2n1C,5.9746943,6.605317,-0.63062286
Nc1cc(C2CC2)n(-c2cc(Nc3ccc(OC(F)(F)F)cc3)ncn2)n1,4.5638375,5.508862,-0.9450245
C=CCn1c2ccccc2c2nnc(SCc3[nH]c(=O)[nH]c3C(=O)CCCCC(=O)OCC)nc21,6.454693,6.86665,-0.41195726
Cc1ccc(C(=O)NCc2ccncc2)cc1Nc1nccc(-c2cccnc2)n1,4.696804,4.5713983,0.12540579
Cc1oc(-c2ccccc2)nc1CCOc1ccc(C[C@@H]2CN(c3nc4ccccc4o3)C[C@@H]2C(=O)O)cc1,5.596708,6.4309382,-0.8342304
FC(F)(F)c1cccc(Nc2nc(NC(=S)Nc3ccccc3)ns2)c1,4.978811,4.6244936,0.3543172
COc1ccc2ccc3c([nH]c4c5ccccc5nc(NCCCN(C)C)c34)c2c1,8.958608,8.794999,0.16360855
COc1ccccc1NC(=S)Nc1nsc(Nc2ccc(Cl)c(Cl)c2)n1,4.69897,4.6949,0.004069805
Cc1ccc(C(=O)N/N=C2\C(=O)Nc3ccc(Cl)cc32)cc1,4.154902,4.1541266,0.0007753372
FC(F)(F)Oc1ccc(Nc2ncnc3nn(C4CCCCC4)cc23)cc1,4.0,4.1851797,-0.18517971
O=C1Nc2cc(Br)ccc2/C1=N/NC(=O)c1ccccc1O,2.975227,3.8044214,-0.8291943
Cc1ccc(NC(=S)Nc2nsc(Nc3ccc(Cl)cc3)n2)cc1,2.8068755,2.8661804,-0.059304953
CCCCCCC(Sc1nc(Cl)cc(Nc2ccc3ncccc3c2)n1)C(=O)O,4.987,5.527907,-0.5409069
C[C@H](NC(=O)c1ccc(N)cc1)C(=O)Nc1nc(-c2ccccc2)cs1,6.0,6.43649,-0.43649006
FC(F)(F)c1cccc(Nc2nc(NC(=S)Nc3ccc(Cl)cc3)ns2)c1,5.3815336,5.410953,-0.029419422
COc1cccc(NC(=S)Nc2nsc(Nc3ccc(Cl)c(Cl)c3)n2)c1,5.8972235,6.2677307,-0.37050724
O=[N+]([O-])c1ccc(NC(=S)Nc2nsc(Nc3ccc(Cl)cc3)n2)cc1,4.251812,3.9781353,0.27367663
O=[N+]([O-])c1ccc(NC(=S)Nc2nsc(Nc3cccc([N+](=O)[O-])c3)n2)cc1,6.0,6.077701,-0.07770109
CCCN1C(=O)/C(=N\NC(=O)Cc2ccc(Cl)cc2Cl)c2ccccc21,4.60206,4.4751077,0.12695217
O=[N+]([O-])c1ccccc1NC(=S)Nc1nsc(Nc2ccc(Cl)c(Cl)c2)n1,5.3018994,6.3743176,-1.0724182
O=[N+]([O-])c1ccccc1NC(=S)Nc1nsc(Nc2cccc(C(F)(F)F)c2)n1,4.5228786,6.0864863,-1.5636077
Nc1ncnc2c1c(-c1ccccc1)cn2C(CO)Cc1ccc(O)cc1,4.0,4.17016,-0.17015982
Fc1ccccc1NC(=S)Nc1nsc(Nc2ccc(Cl)c(Cl)c2)n1,8.79673,9.422925,-0.62619495
O=[N+]([O-])c1cccc(NC(=S)Nc2nsc(Nc3cccc([N+](=O)[O-])c3)n2)c1,5.0,5.450094,-0.45009422
O=[N+]([O-])c1cccc(NC(=S)Nc2nsc(Nc3ccc(F)cc3)n2)c1,4.69897,4.784554,-0.08558416
O=[N+]([O-])c1cccc(Nc2nc(NC(=S)Nc3ccc(Cl)cc3Cl)ns2)c1,5.7862167,5.6906295,0.09558725
O=C(Cc1ccc(Cl)cc1Cl)N/N=C1\C(=O)Nc2cc(Br)ccc21,4.4716234,4.1616898,0.30993366
S=C(Nc1ccc(Br)cc1)Nc1nsc(Nc2ccc(Cl)cc2)n1,3.8239088,3.7020597,0.12184906
S=C(Nc1ccc(Cl)c(Cl)c1)Nc1nsc(Nc2ccc(Cl)c(Cl)c2)n1,9.39794,9.430787,-0.032847404
O=C(Cc1ccc(Cl)c(Cl)c1)N/N=C1\C(=O)Nc2cc(Br)ccc21,5.853872,6.391831,-0.5379591
Cc1cc2nnn(CC(=O)c3ccc(Cl)cc3)c2cc1C,4.60206,5.0881443,-0.48608446
CCN(CC(=O)Nc1ccc(NC(C)=O)cc1)C(=O)c1ccccc1SCc1c(C)noc1C,7.113509,6.7478194,0.36568975
CCc1ccc(C(=O)Nc2cccc(C(F)(F)F)c2)cc1-c1cccc(-c2cnc3cnccn23)c1,6.600326,6.7204447,-0.12011862
CC(=O)O[C@H]1CC[C@]2(C)[C@H]3CC=C4[C@@H]5CC(C)(C)CC[C@]5(C(=O)OC[C@H](O)[C@H]5OC(=O)C(O)C5=O)CC[C@@]4(C)[C@]3(C)CC[C@H]2C1(C)C,4.4436975,4.88967,-0.44597244
Oc1ccc(C=NN=Cc2ccc(O)c(O)c2)cc1O,6.207608,6.1224246,0.08518362
CCN1CCN(c2ccc(Nc3cc(N(C)C(=O)Nc4c(Cl)c(OC)cc(OC)c4Cl)ncn3)cc2)CC1,5.0,4.8146877,0.18531227
O=S(=O)(c1cc(C(F)(F)F)cc(C(F)(F)F)c1)N1CCN(c2nc(Cl)ncc2Br)CC1,6.5833597,6.3400807,0.24327898
COc1cc2ncnc(Nc3ccc(F)c(Cl)c3)c2cc1NC(=O)/C(F)=C/CN(C)C,6.0,6.2456727,-0.2456727
O=C(COc1cc(O)c2c(=O)cc(-c3ccccc3)oc2c1)NCc1ccccc1,5.8291516,6.163034,-0.33388233
O=C(c1cc(Cl)ccc1Cl)N1CCN(c2nc(Cl)ncc2Br)CC1,5.055517,4.643254,0.4122634
CCn1c(CCCc2cccc(-c3cccc(-c4nnn[nH]4)c3)c2)nn(Cc2ccc(C(C)(C)C)cc2)c1=O,5.7447276,5.276465,0.46826267
COc1ccc(Br)cc1/C=N/c1nnc(-c2ccc(Cl)cc2)s1,5.938171,6.1639667,-0.22579575
CC(=O)NCc1cccc(C(=O)N[C@@H](CC(C)(C)C)C(=O)Nc2ccc(CCN(C)C)cc2)c1,9.39794,9.169213,0.22872639
O=C(N/N=C/c1ccc(O)cc1)c1cc2ccccc2[nH]1,9.09691,8.742528,0.35438251
O=C(N/N=C/c1cc(O)ccc1O)c1cc2ccccc2[nH]1,3.7121983,3.9727545,-0.26055622
CCOC(=O)C1=C(Nc2cccc([N+](=O)[O-])c2)C[C@@H](c2ccc(C)cc2)N(c2cccc([N+](=O)[O-])c2)[C@@H]1c1ccc(C)cc1,7.3448615,7.6044393,-0.25957775
O=[N+]([O-])c1cccc(-c2nnc(/N=C/c3ccc(Cl)cc3Cl)s2)c1,5.5734887,5.7795343,-0.20604563
O=C(N/N=C/c1c(O)cc(O)cc1O)c1cc2ccccc2[nH]1,9.309804,9.0921545,0.21764946
O=C(N/N=C/c1cc(O)cc(O)c1)c1cc2ccccc2[nH]1,7.102373,6.6991878,0.40318537
COc1ccc(Br)cc1/C=N/c1nnc(-c2cccc([N+](=O)[O-])c2)s1,8.023422,8.530441,-0.50701904
COc1ccc(Br)cc1-c1nnc(N)s1,9.20066,9.216105,-0.015445709
COc1ccc(O)c(/C=N/NC(=O)c2cc3ccccc3[nH]2)c1,4.167491,4.4855647,-0.31807375
COc1ccc(/C=N/NC(=O)c2cc3ccccc3[nH]2)c(I)c1O,7.6126103,7.7487226,-0.13611221
Clc1ccc(-c2nnc(/N=C/c3ccc(OCc4ccccc4)cc3)s2)cc1,6.8860564,7.2682033,-0.38214684
O=C(N/N=C/c1cc(O)c(O)c(O)c1)c1cc2ccccc2[nH]1,6.0443125,6.078729,-0.034416676
Nc1nnc(-c2ccc(Cl)cc2)s1,8.568636,8.473178,0.09545803
O=C(N/N=C/c1ccccc1O)c1cc2ccccc2[nH]1,6.0,5.974383,0.025617123
Nc1nnc(-c2ccc(O)cc2)s1,5.696804,5.4305654,0.2662387
Nc1nnc(-c2ccc(OCc3ccccc3)cc2)s1,4.30103,5.068682,-0.76765203
Nc1nnc(-c2ccc([N+](=O)[O-])cc2)s1,7.1666617,7.361691,-0.19502926
Nc1nnc(-c2cccc([N+](=O)[O-])c2)s1,7.1366773,7.239809,-0.10313177
O=[N+]([O-])c1ccccc1/C=N/c1nnc(-c2ccc(Cl)cc2)s1,6.3151546,5.5668063,0.74834824
Nc1nnc(-c2ccc(Cl)cc2Cl)s1,7.481486,7.7373395,-0.25585365
CN(C)c1ccc(-c2nnc(N)s2)cc1,7.79588,6.10727,1.6886101
CCOC(=O)C1=C(Nc2cccc(Br)c2)C[C@@H](c2ccc(Cl)cc2)N(c2cccc(Br)c2)[C@@H]1c1ccc(Cl)cc1,9.30103,9.492961,-0.19193077
COc1cc(-c2nnc(/N=C/c3ccc(O)cc3)s2)ccc1OCc1ccccc1,8.307153,8.049436,0.25771713
Nc1nnc(-c2ccc(Cl)c(OCc3ccccc3)c2)s1,4.943095,4.8714705,0.071624756
COc1cccc(-c2nnc(N)s2)c1OC,6.3467875,6.3433256,0.0034618378
Nc1nnc(-c2ccccc2[N+](=O)[O-])s1,7.920819,8.7419615,-0.8211427
Clc1ccc(-c2nnc(/N=C/c3ccc(Cl)cc3Cl)s2)cc1,3.455932,4.167052,-0.7111199
COc1cc(/C=N/NC(=O)c2cc3ccccc3[nH]2)ccc1O,4.026383,4.060631,-0.034247875
Oc1ccc(/C=N/c2nnc(-c3ccc(Cl)cc3)s2)cc1,8.522879,8.380689,0.14218998
Cc1[nH]c2ncnc(Nc3cccc(Br)c3)c2c1C,6.328004,6.870395,-0.5423913
CCOC(=O)C1=C(Nc2cccc(Cl)c2)C[C@@H](c2ccc(Cl)cc2)N(c2cccc(Cl)c2)[C@@H]1c1ccc(Cl)cc1,6.0,6.6632524,-0.66325235
CCOC(=O)C1=C(Nc2cccc(F)c2)C[C@@H](c2ccc(Cl)cc2)N(c2cccc(F)c2)[C@@H]1c1ccc(Cl)cc1,5.6382723,5.803122,-0.16484976
COc1ccc(/C=N/NC(=O)c2cc3ccccc3[nH]2)cc1O,5.3708963,4.926502,0.4443941
O=[N+]([O-])c1ccc(/C=N/c2nnc(-c3ccc(Cl)cc3)s2)cc1,5.30103,5.7012467,-0.40021658
O=C(N/N=C/c1ccc(O)c(O)c1)c1cc2ccccc2[nH]1,5.0,5.403831,-0.403831
O=C(N/N=C/c1ccc(Br)c(F)c1)c1cc2ccccc2[nH]1,4.623423,4.7752438,-0.15182066
Nc1nnc(-c2c3ccccc3cc3ccccc23)s1,5.0,4.8406196,0.15938044
O=C(N/N=C/c1ccc(Cl)cc1)c1cc2ccccc2[nH]1,5.6382723,5.6907353,-0.052463055
O=C(N/N=C/c1cccc(O)c1O)c1cc2ccccc2[nH]1,4.0,4.046433,-0.046432972
Oc1ccc(C[C@H]2NCCc3cc(O)c(O)cc32)cc1O,4.8477116,4.8171544,0.030557156
O=C(c1cc2cc(O)ccc2[nH]1)c1cc2cc(O)ccc2[nH]1,6.481486,6.1868625,0.29462337
Nc1n[nH]c2cc(-c3ccc(C(=O)N4CCN(C(=O)c5ccc(F)cc5)CC4)cc3)ccc12,8.155212,8.5150795,-0.3598671
O=C(NCCO)c1cccc(-c2ccc3c(c2)C(=O)Nc2cc(OC(F)(F)F)ccc2N3)c1,7.0,7.50464,-0.5046401
CC(C)Oc1ccc2cc(-c3nn(C(C)C)c4ncnc(N)c34)ccc2c1,5.30103,6.01268,-0.7116499
Cc1cccc(C(=O)N2CCN(C(=O)c3ccc(-c4cccc5[nH]nc(N)c45)cc3)CC2)c1,6.950782,7.635214,-0.684432
C=CC(=O)Nc1ccccc1Oc1nc(Nc2ccc(N3CCN(C)CC3)cc2OC)ncc1Cl,6.091515,5.8215413,0.26997375
O=C(O)Cc1coc2cc(OCc3cc(-c4ccc(Cl)cc4)on3)ccc12,9.346787,9.372696,-0.02590847
Fc1cc(Cn2cc3c(Nc4ccc(OC(F)(F)F)cc4)ncnc3n2)ccc1C(F)(F)F,4.0264797,4.576775,-0.55029535
O=C(O)Cc1coc2cc(OCc3ccc(COc4ccc(C(F)(F)F)cc4)cc3)ccc12,8.0,7.9265814,0.07341862
NC(=O)c1ccc(Oc2cccc(C(=O)N3CCC(c4ccccc4)CC3)c2)cc1,6.0,6.5107794,-0.5107794
COc1cccc(-c2cn(C3CCN(C(=O)OC(C)(C)C)C3)c3ncnc(N)c23)c1,4.8153086,5.1356616,-0.32035303
N[C@@H]1CCN(c2c(F)cc3c(=O)c(C(=O)O)cn4c3c2Oc2cc3c(ccc5ccccc53)cc2-4)C1,4.5228786,5.4068675,-0.88398886
N#Cc1cc(CC(=O)Nc2ccccc2-c2cccc3c2[nH]c2ccccc23)ccn1,4.4672456,4.47144,-0.0041942596
O=C(O)CN1CCN(c2cc(-c3cnc4ccc(N5CCC[C@@H]5c5cccc(F)c5)nn34)ccn2)CC1,6.50724,5.655724,0.85151577
Cc1oc(-c2ccccc2)nc1CCOc1cccc(CC2C(=O)N(c3ccc(F)cc3)C2C(=O)O)c1,4.672764,4.715649,-0.042885303
CCOC(=O)CC1CCN(C(=O)/C=C\C(=O)Nc2cccc(C(N)=O)c2)CC1,7.4436975,7.654152,-0.21045446
O=S(=O)(Cc1ccccc1F)Nc1ccccc1-c1cccc2c1[nH]c1ccccc12,6.017729,6.8133464,-0.7956176
CN(C)CCNC(=O)c1cncc(-c2cccc(C(=O)N[C@H]3CN[C@@H](C(=O)Nc4ccc(Cl)c(C(F)(F)F)c4)C3)c2)c1,4.6655464,4.586189,0.079357624
CCNC(=O)CCn1ccc2c(Nc3ccc(OC(F)(F)F)cc3)ncnc21,6.21467,6.5071855,-0.29251528
Cc1ccc(-c2cc(-c3ccc(C)o3)nc(N)c2C#N)cc1,5.2596374,6.1369634,-0.877326
Cc1ccc(NC(=O)c2ccc(CN3CCOCC3)cc2)cc1-n1cc(-c2cnc3ccnn3c2)cn1,9.443698,9.689585,-0.2458868
Nc1n[nH]c2cc(-c3ccc(C(=O)NCCNC(=O)c4ccc(F)cc4)cc3)ccc12,4.847406,4.6901555,0.1572504
COc1cc(N2CCN(C)CC2)ccc1Nc1ncc(Cl)c(Oc2cccc(NC(=O)CCOCc3ccccc3)c2)n1,7.2971563,7.96072,-0.6635637
[C]C([C])=[C][C][C]/C([C])=[C]/[C]c1c([O])cc(/[C]=[C]/c2ccc(F)cc2)cc1[O],9.318759,9.207185,0.11157417
O=C(O)Cc1coc2cc(OCc3cccc(COc4ccc(C(F)(F)F)cc4)c3)ccc12,6.0,5.820582,0.17941809
[C]Oc1ccc(/[C]=[C]/c2cc([O])c([C]/[C]=C(\[C])[C][C][C]=C([C])[C])c([O])c2)cc1,4.0,4.706066,-0.70606613
Cc1ccc(NC(=O)c2cccc(C(F)(F)F)c2)cc1NC(=O)c1cccc2c(N)nccc12,6.318759,6.9365625,-0.6178036
Nc1ccn(C2OC(CO)[C@@H](O)[C@H]2O)c(=O)n1,7.4436975,7.0970607,0.34663677
Cc1cccc(-c2nn3c(c2-c2ccnc(Nc4ccc(S(N)(=O)=O)cc4)c2)CC(C)(C)C3)n1,5.701147,5.9986725,-0.2975254
CN(C)S(=O)(=O)Nc1ccccc1-c1cccc2c1[nH]c1ccccc12,6.537602,6.399319,0.13828278
CC(=O)Nc1ccccc1-c1cccc2c1sc1ccccc12,7.275724,9.020078,-1.7443538
N#C/C(=C/c1cccc(Br)n1)C(=O)NCc1cccc(CNC(=O)/C(C#N)=C\c2cccc(Br)n2)c1,5.920819,5.897344,0.023474693
C/C(=C\COc1ccc2ccc(=O)oc2c1)CC/C=C(\C)CCC1OC1(C)C,6.3214817,7.4749417,-1.15346
O=C(Cn1nnc2ccccc21)c1ccc(Cl)cc1,9.30103,9.365188,-0.064157486
O=C(Cn1cccc(NCc2ccc([N+](=O)[O-])cc2)c1=O)NCc1ccc(Cl)c(Cl)c1,5.152427,4.8035684,0.34885883
Cc1ccc(NC(=O)c2cccc(S(=O)(=O)n3ccc4ccc(C)cc43)c2)c(C(=O)O)c1,4.462181,4.432362,0.029819012
CC(=O)NC1=NN(c2ccc(Cl)c(Cl)c2)C[C@H]1C,7.0,6.626711,0.3732891
CCn1c(CCCc2cccc(-c3ccc(OC)c(CC(=O)O)c3)n2)nn(Cc2ccc(C(C)(C)C)cc2)c1=O,8.251812,8.670724,-0.41891193
Cc1cc2c(Nc3ccc(OC(F)(F)F)cc3)ncnc2s1,4.086186,4.1862226,-0.10003662
CN(C)c1ccc(C(=O)N2CCN(C(=O)c3ccc(-c4ccc5c(N)n[nH]c5c4)cc3)CC2)cc1,5.4449058,4.683311,0.7615948
CCCc1cc(Oc2ccc(OC)cc2)ccc1OCCCOc1cccc(-c2sc(=O)[nH]c2O)c1,6.0,6.092876,-0.09287596
COc1cccc(NC(=O)N2CCOc3ccc(-c4ccnc(OC)c4)cc3C2)c1,5.452225,5.35913,0.0930953
O=C(c1ccc(Cl)cc1[N+](=O)[O-])N1CCN(c2nc(Cl)ncc2Br)CC1,9.065501,9.565988,-0.5004864
COCc1cn(CCCCCCn2cc(CO[C@H]3CC[C@]4(C)[C@H]5CC=C6[C@@H]7CC(C)(C)CC[C@]7(C(=O)O)CC[C@@]6(C)[C@]5(C)CC[C@H]4C3(C)C)nn2)nn1,7.2596374,7.095933,0.1637044
COc1ccc(Nc2cc(-c3ccc(C(=O)NCCNC(=O)c4cccc(C(F)(F)F)c4)cc3)ncn2)cc1,5.258848,5.205571,0.053277016
O=C(N/N=C/c1ccc(O)c(O)c1)c1ccc(-c2nnc(-c3ccc4ncccc4c3)o2)cc1,6.9633718,6.41425,0.54912186
Cc1ccc(NC(=O)c2ccc(/C=C/C(=O)NO)s2)cc1Nc1ncc(-c2cccnc2)s1,7.3279023,7.661632,-0.33372974
CCCc1c(OCCCN(CC)c2ccc(CC(=O)O)cc2)ccc2c(C(F)(F)F)noc12,5.876148,5.793615,0.08253336
COc1ccc(C(=O)Cn2nnc3cc(C)c(C)cc32)cc1,8.522879,9.0547695,-0.53189087
Cc1ccc2nc(NC(=O)NCc3nc4ccccc4[nH]3)sc2c1,8.318759,7.546225,0.7725339
N#C/C(=C\c1ccc(-c2cc(C(=O)O)cc(C(=O)O)c2)s1)c1nc2ccccc2s1,4.5831933,4.667575,-0.08438158
Cn1c(=O)c2c(nc(-n3ccnc3)n2Cc2ccc(Cl)cc2Cl)n(C)c1=O,4.69897,5.738732,-1.039762
CC[C@@H](Oc1cccc(Cn2c(C)c(C(=O)c3ccc(Cl)cc3)c3ccc(OC(F)(F)F)cc32)c1)C(=O)O,9.886057,9.689923,0.19613361
CCCc1cc(-c2ccccc2)ccc1OCCCOc1cccc(-c2oc(=O)[nH]c2O)c1,5.7212462,6.254778,-0.53353167
CC(C)(C)C(=O)Nc1ccc(-c2ccc(C(=O)N[C@H]3CN[C@@H](C(=O)Nc4ccc(Cl)c(C(F)(F)F)c4)C3)cc2)cn1,4.9746943,5.079114,-0.10441971
O=C(c1c(F)cccc1F)N1CCN(c2nc(Cl)ncc2Br)CC1,7.69897,8.39763,-0.6986599
CN(CCO)C(=O)c1ccc2c(Nc3ccc(OC(F)(F)F)cc3)ncnc2c1,4.2418456,4.1472654,0.09458017
CCCCNC(=O)C(C)(C)Oc1ccc(CCOc2ccc(/N=N/c3ccccc3)cc2)cc1,5.565431,5.4580636,0.107367516
Cn1ccnc1Sc1cc(C(=O)Nc2cccc(N)c2)c(N)cc1F,7.7121983,8.099151,-0.3869524
Cc1ccc(NC(=O)c2ccc(/C=C/C(=O)NO)cc2)cc1Nc1ncc(-c2cccnc2)s1,3.0323117,3.5242238,-0.49191213
Cc1ccc(NC(=O)c2ccc(/C=C/C(=O)NO)cc2)cc1Nc1nc(-c2cccnc2)cs1,4.823909,5.631106,-0.8071971
O=C(/C=C/c1ccc(-c2ccc3ncnc(Nc4ccc(OCc5cccc(F)c5)c(Cl)c4)c3c2)s1)NO,4.3151546,4.4574237,-0.14226913
COc1cccc(C#Cc2nn(C(C)C)c3ncnc(N)c23)c1,7.0,6.841657,0.15834284
Cc1cc(F)c(Sc2nccn2C)cc1C(=O)Nc1cccc(N)c1,5.0,5.2218103,-0.22181034
CC(C)(C)c1cc(NC(=O)Nc2cccc(Cl)c2Cl)n(-c2cccc(N)c2)n1,6.309804,6.1639514,0.14585257
COc1cc(C(O)C#Cc2cnc(N)nc2N)cc(OC)c1OC,6.50724,6.2198024,0.28743744
CO[C@@H](Cc1ccc(OCCCOc2ccc(Oc3ccccc3)cc2)cc1)C(=O)O,9.356547,8.8936405,0.46290684
Cc1nc(N=NCc2ccc(O)cc2O)cc(N2CCOCC2)n1,6.124939,6.281383,-0.15644407
CC(C)(Oc1ccc(CCOc2ccc(/N=N/c3ccccc3)cc2)cc1)C(=O)NCc1ccccc1,6.60206,7.3567667,-0.75470686
O=c1ccc2ccc(OCCCCCCCCn3ccnc3)cc2o1,8.0,8.028701,-0.028700829
COc1cc(N2CCN(C)CC2)ccc1Nc1ncc(Cl)c(Oc2ccc(NC(=O)CO)cc2)n1,9.113509,9.152726,-0.039216995
FC(F)(F)CNc1nc(Nc2ccc(N3CCOCC3)c(Cl)c2)nc2ccoc12,4.931814,5.0012217,-0.06940746
CCCC(Oc1cccc(Cc2c(C)n(C(=O)c3ccc(OC)cc3)c3ccc(OC(F)(F)F)cc23)c1)C(=O)O,6.920819,7.0898623,-0.16904354
COc1ccc(C(=O)Nc2ccncc2)cc1Nc1nccc(-c2cccnc2)n1,4.0263968,3.6926966,0.33370018
O=c1c(F)cn(C2CCCO2)c(=O)n1CCCCCCCCCCCN1C[C@H](O)[C@@H](O)[C@H](O)[C@H]1CO,7.2510376,7.5318675,-0.2808299
Nc1n[nH]c2cccc(-c3ccc(C(=O)N4CCN(C(=O)c5cccc(C(F)(F)F)c5)CC4)cc3)c12,8.619789,8.630528,-0.0107393265
Cc1oc(-c2ccccc2)nc1CCOc1ccc(Cc2nn(-c3ccccc3)nc2C(=O)O)cc1,4.920819,5.665997,-0.7451782
COc1ccc(C(=O)n2c(C)c(Cc3cccc(OC(C)(C)C(=O)O)c3)c3cc(OC(F)(F)F)ccc32)cc1,8.0,8.384107,-0.38410664
COc1ccc(NC(=O)Cn2cc(COc3cc(O)c4c(=O)c5ccc(Br)cc5oc4c3)nn2)c(OC)c1,5.124939,5.8318276,-0.7068887
O=C(Cn1nnc2ccccc21)c1cccc(Br)c1,5.958607,5.6939654,0.26464176
O=C(Cn1nnc2ccccc21)c1ccc(Br)cc1,4.549751,4.5188184,0.030932426
O=C(CSc1nnc(-c2ccc(F)cc2)c(-c2ccc(F)cc2)n1)Nc1nc(-c2ccccc2)cs1,6.0,6.0128617,-0.012861729
O=C(CSc1nnc(-c2ccc(F)cc2)c(-c2ccc(F)cc2)n1)Nc1nc(-c2ccc(Br)cc2)cs1,9.958608,9.418259,0.540349
O=C(CSc1nnc(-c2ccc(Br)cc2)c(-c2ccc(Br)cc2)n1)Nc1nc(-c2ccccc2)cs1,5.3467875,5.271911,0.07487631
O=C(CSc1nnc(-c2ccccc2)c(-c2ccccc2)n1)Nc1nc(-c2ccc(Br)cc2)cs1,7.455932,9.362424,-1.9064918
O=C(CSc1nnc(-c2ccc(F)cc2)c(-c2ccc(F)cc2)n1)Nc1nc(-c2ccc(F)cc2)cs1,3.5331323,3.3310413,0.20209098
O=C(CSc1nnc(-c2ccccc2)c(-c2ccccc2)n1)Nc1nc(-c2ccccc2)cs1,4.49485,4.3582497,0.1366005
Cc1ccc(-c2csc(NC(=O)CSc3nnc(-c4ccccc4)c(-c4ccccc4)n3)n2)cc1,5.124939,4.7398834,0.38505554
Cc1ccc(-c2csc(NC(=O)CSc3nnc(-c4ccc(F)cc4)c(-c4ccc(F)cc4)n3)n2)cc1,8.69897,7.8627143,0.83625555
O=C(CSc1nnc(-c2ccccc2)c(-c2ccccc2)n1)Nc1nc(-c2ccc(Cl)cc2)cs1,5.8664613,6.1156383,-0.24917698
Cc1ccc(-c2csc(NC(=O)CSc3nnc(-c4ccc(Br)cc4)c(-c4ccc(Br)cc4)n3)n2)cc1,5.7423215,5.631549,0.11077261
O=C(CSc1nnc(-c2ccccc2)c(-c2ccccc2)n1)Nc1nc(-c2ccc(F)cc2)cs1,4.30103,4.28607,0.014960289
Nc1ncnc2c1c(-c1ccc(O)cc1)cn2C1CCNC1,7.3565474,6.949366,0.40718126
O=C(CSc1nnc(-c2ccc(Br)cc2)c(-c2ccc(Br)cc2)n1)Nc1nc(-c2ccc(Cl)cc2)cs1,7.4202166,7.286726,0.13349056
O=C(CSc1nnc(-c2ccc(Br)cc2)c(-c2ccc(Br)cc2)n1)Nc1nc(-c2ccc(F)cc2)cs1,5.2999887,4.9159255,0.38406324
O=C(CSc1nnc(-c2ccc(F)cc2)c(-c2ccc(F)cc2)n1)Nc1nc(-c2ccc(Cl)cc2)cs1,5.375718,5.7694917,-0.39377356
NC(=O)c1cccc(NC(=O)/C=C\C(=O)N2CCN(c3ncccn3)CC2)c1,4.026295,3.8126135,0.2136817
O=C(Cc1ccccc1F)Nc1ccccc1-c1cccc2c1[nH]c1ccccc12,5.0,5.029067,-0.02906704
COc1ccc(-c2csc(NC(=O)CSc3nnc(-c4ccc(Br)cc4)c(-c4ccc(Br)cc4)n3)n2)cc1,7.6575775,7.9834886,-0.32591105
O=C(CSc1nnc(-c2ccc(Br)cc2)c(-c2ccc(Br)cc2)n1)Nc1nc(-c2ccc(Br)cc2)cs1,8.823909,8.752252,0.07165718
COc1ccc(-c2csc(NC(=O)CSc3nnc(-c4ccccc4)c(-c4ccccc4)n3)n2)cc1,7.609065,7.763989,-0.15492392
COc1cc(N2CCN(C)CC2)ccc1Nc1ncc(Cl)c(Oc2ccc(N)cc2)n1,7.455932,7.5953217,-0.13938951
[C]C([C])=[C][C][C]/C([C])=[C]/[C]c1c([O])cc(/[C]=[C]/c2ccc([C]=O)cc2)cc1[O],8.30103,8.7175045,-0.41647434
O=C(Nc1cccc(C(F)(F)F)c1)c1ccccc1NCc1ccncc1,5.0,5.290294,-0.29029417
O=C(c1ccc(F)cc1)n1nnc2ccccc21,6.029188,5.9710145,0.058173656
Cc1oc(-c2ccccc2)nc1CCOc1ccc([C@H]2CN(C(=O)Oc3ccccc3)C[C@@H]2C(=O)O)cc1,8.67162,8.347101,0.32451916
CC#Cc1ccc2c(=O)[nH]c(CSc3ncccn3)nc2c1C,8.552842,8.443074,0.109767914
COc1ccc(C2c3c(nc[nH]c3=O)Oc3nc[nH]c(=O)c32)cc1,8.522879,8.195123,0.32775593
CNCCOc1ccc(-c2sc3nc(-c4cccs4)nc(NN4C(=O)C=C(C)C4=O)c3c2C)cc1,6.0,6.130399,-0.13039923
CCCc1cc(C2CCOCC2)ccc1OCCCOc1cccc(-c2oc(=O)[nH]c2O)c1,4.9000087,4.81012,0.08988857
Cc1ccc(OC(=O)N(CC(=O)O)Cc2cccc(OCc3nc(-c4ccc(-c5ccccc5)cc4)oc3C)c2)cc1,6.09691,6.5103297,-0.41341972
C#Cc1cccc(Nc2ncnc3cc(OC)c(OCCCCCCC(=O)NO)cc23)c1,8.30103,7.855907,0.4451232
CCCS(=O)(=O)Nc1ccccc1-c1cccc2c1[nH]c1ccccc12,7.200315,7.730229,-0.5299139
CC[C@H](C)[C@H](NC(=O)[C@@H]1CCCN1C(=O)[C@@H](NC(=O)[C@H](CCC(=O)O)NC(=O)[C@H](CCC(=O)O)NC(=O)[C@H](Cc1ccc(OP(=O)(O)O)cc1)NC(=O)[C@H](CCC(N)=O)NC(=O)[C@@H]1CCCN1C(=O)[C@@H](N)CCC(=O)O)[C@@H](C)CC)C(=O)N[C@@H](Cc1ccc(O)cc1)C(=O)N[C@@H](CC(C)C)C(=O)O,4.326979,4.601567,-0.27458763
Nc1ccccc1NC(=O)/C=C/c1cccc(-c2ccc3ncnc(Nc4ccc(OCc5cccc(F)c5)c(Cl)c4)c3c2)c1,9.69897,8.610211,1.0887585
COc1cc(N2CCN(C)CC2)ccc1Nc1ncc(Cl)c(Oc2cccc(NC(C)=O)c2)n1,6.4907303,6.357592,0.13313818
O=[N+]([O-])c1cccc(-c2cn3cnc(Nc4ccc(OC(F)(F)F)cc4)cc3n2)c1,5.7746906,5.933937,-0.15924644
COc1ccc(-c2nn(C(C)(C)C)c3ncnc(N)c23)cc1C,6.6197886,7.014071,-0.39428234
CCN1CCCC1NC(=O)c1cc2c(Nc3ccc(OC(F)(F)F)cc3)ncnc2n1C,5.552842,5.4679465,0.08489561
O=C(Nc1ccncc1)c1cc([N+](=O)[O-])ccc1Cl,6.543634,6.31957,0.22406387
Cc1cn(-c2cccc(NC(=O)c3ccc(C)c(Nc4nccc(-c5cccnc5)n4)c3)c2)cn1,7.7212462,8.329516,-0.60827017
O=C(c1ccc([N+](=O)[O-])cc1)n1nnc2ccccc21,8.522879,8.184705,0.33817387
CC(C)(Oc1ccc(CCOc2ccc(/N=N/c3ccccc3)cc2)cc1)C(N)=O,3.8416376,4.2017045,-0.3600669
Cc1c(C(=O)c2ccc(Cl)cc2)c2ccc(OC(F)(F)F)cc2n1Cc1cccc(O[C@H](C(=O)O)C(C)C)c1,6.0,6.5309243,-0.5309243
COc1ccc(C(=O)n2nnc3ccccc32)cc1,5.5670004,5.899035,-0.3320346
CCCCN1C(=O)N(C)C2NC(=O)NC21,6.8268137,7.0423665,-0.2155528
CCCc1cc(Oc2ccccc2)ccc1OCCCOc1ccc2c(c1)OC(CC(C)C)(C(=O)O)CC2,8.759451,9.21369,-0.4542389
CCC(=O)c1cc(C)c(OC(C(=O)O)c2ccccc2)c(C)c1,5.937042,5.968082,-0.031039715
Cc1ccc(Cl)cc1-c1[nH]c(-c2ccnc(N)n2)cc1C(=O)NC1CCN(C)CC1,8.1549015,6.958065,1.1968365
CNCCNC(=O)c1cc(-c2ccnc(N)n2)[nH]c1-c1cc(Cl)ccc1C,4.801343,5.1466675,-0.34532452
O=C(NCc1ccccc1)C(=O)Nc1ccccc1Cl,5.0,5.049373,-0.04937315
CCCCCCCOc1ccccc1CCC(=O)NC[C@@H](C)COP(=O)(O)OC[C@H](NC(C)=O)C(=O)O,7.69897,5.8243065,1.8746634
CCCCCCCOc1ccc(CC[C@](C)(N)CO)cc1,6.0,5.976444,0.023556232
O=C(c1cccc(Cl)c1)n1nnc2cc(Cl)c(Cl)cc21,7.7695513,8.040652,-0.271101
CC(=O)Nc1ccccc1-c1cccc2c1[nH]c1ccc(Cl)cc12,4.269379,4.871472,-0.60209274
Cc1[nH]c2ccccc2c1CN(C)C(=O)/C=C/c1cnc2c(c1)CCC(=O)N2,3.8239088,3.6361194,0.18778944
COc1ccc(/C=N/NC(=O)c2cc3cc4ccccc4nc3s2)cc1O,7.6197886,6.361893,1.2578955
CCOc1ccc2cc(-c3nn(CC4CCN(C)CC4)c4ncnc(N)c34)ccc2c1,5.639596,5.9212756,-0.28167963
Cc1oc(-c2ccccc2)nc1CCOc1ccc(CC2=C(C(=O)O)CCN(C(=O)OCC(C)C)C2)cc1,4.4449058,4.880073,-0.4351673
Cc1ccc(NC(=O)N2CCCCC2)cc1Nc1nccc(-c2cccnc2)n1,5.9469213,5.2648664,0.682055
COc1cc(N2CCN(C)CC2)ccc1Nc1ncc(Cl)c(Oc2ccccc2NC(=O)CCOCc2ccccc2)n1,3.8239088,3.730786,0.09312272
NC(=O)c1cc(-c2ccnc(N)n2)[nH]c1-c1cc(C(F)(F)F)ccc1C(F)(F)F,6.756962,6.4546933,0.3022685
CC1(C)CC[C@]2(C(=O)O)CC[C@]3(C)[C@H]([C@@H](O)C[C@@H]4[C@@]5(C)CC[C@H](O)C(C)(C)[C@@H]5CC[C@]43C)[C@@H]2C1,5.3467875,6.21938,-0.87259245
COc1ccc(NC(=O)Cn2cc(COc3cc(O)c4c(=O)c5cc(Br)ccc5oc4c3)nn2)c(OC)c1,5.876148,5.676476,0.19967222
N#C/C(=C\c1ccc(OCC(=O)O)cc1)c1nc2ccccc2s1,5.4463596,5.532538,-0.0861783
Cc1oc(-c2ccccc2)nc1CCOc1cccc(C2CN(C(=O)OCC(C)C)CCC2CC(=O)O)c1,6.2196827,7.560183,-1.3405004
Cc1oc(-c2ccccc2)nc1CCOc1cccc(C[C@H]2CN(C(=O)Oc3ccccc3)C[C@@H]2C(=O)O)c1,7.552842,7.111493,0.44134903
Cc1oc(-c2ccccc2)nc1CCOc1cccc(C[C@H]2CN(C(=O)Oc3ccccc3)C[C@@H]2CC(=O)O)c1,4.026526,4.3010545,-0.2745285
COc1ccc(OC(=O)N(CC(=O)O)Cc2ccc(OCCc3nc(-c4ccccc4)oc3CO)cc2)cc1,4.60206,4.28122,0.32083988
NC(=O)C1CCCN(C(=O)c2ccc3c(Nc4ccc(OC(F)(F)F)cc4)ncnc3c2)C1,5.0,4.8911886,0.10881138
O=C1NC(=O)[C@@]2(N1)O[C@H](CO)[C@@H](O)[C@H](O)[C@H]2O,5.30103,5.8305545,-0.5295243
CCOC(=O)Cn1cccc(NC(=O)Nc2ccc(NC(=O)Nc3cccn(CC(=O)OCC)c3=O)cc2)c1=O,5.013676,6.128103,-1.1144266
O=C(O)COc1ccc(SCc2ccc(F)cc2OCc2ccc(C(F)(F)F)cc2)c2c1CCC2,5.221849,5.756555,-0.5347061
Cc1ccc(NC(=O)c2ccc(CN(C)CCCl)cc2)cc1Nc1nccc(-c2cccnc2)n1,4.69897,4.5832334,0.115736485
N#CCC(=O)Nc1cc(-c2ccc(Cl)c(Cl)c2)cs1,4.304518,3.8870678,0.41745043
Cc1ccc(NC(=O)c2cccc(S(=O)(=O)n3ccc4cccc(Cl)c43)c2)c(C(=O)O)c1,5.0,5.1458454,-0.14584541
Cc1ccc(NC(=O)c2cccc(S(=O)(=O)n3ccc4ccc(Cl)cc43)c2)c(C(=O)O)c1,4.847987,5.0762734,-0.22828627
COc1ccc2c(ccn2S(=O)(=O)c2cccc(C(=O)Nc3ccc(Cl)cc3C(=O)O)c2)c1,3.5734887,3.7461805,-0.17269182
COc1ccc2c(ccn2S(=O)(=O)c2cccc(C(=O)Nc3ccc(Cl)cc3C(=O)O)c2)c1C,6.4534574,7.0704184,-0.616961
COc1ccc2c(ccn2S(=O)(=O)c2cccc(C(=O)Nc3ccc(C)cc3C(=O)O)c2)c1C,5.2196827,6.699524,-1.4798412
O=C(Cn1cc(COc2cc(O)c3c(=O)c4cc(Br)ccc4oc3c2)nn1)Nc1ccc(O)c(O)c1,6.4317985,6.913015,-0.48121643
CN1CCC(NC(=O)c2cnc(NCc3cc(Cl)ccc3Cl)nc2NC2CCCC2)CC1,5.0,5.3343434,-0.33434343
O=C(O)c1c(Oc2cccc(C(F)(F)F)c2)c2ccccc2n1-c1ccc(C(F)(F)F)cc1,6.167491,6.4210906,-0.25359964
CC(C)(Oc1ccc(CCOc2ccc(/N=N/c3ccccc3)cc2)cc1)C(=O)NS(=O)(=O)c1ccc(NC(=O)Cc2ccccc2)cc1,5.2720523,5.2810645,-0.009012222
O=C(c1ccc(Br)cc1)n1nnc2ccccc21,9.49485,9.576223,-0.081373215
NC(=O)c1ccc(Oc2cccc(C(=O)N3CCC(c4ccccc4)C3)c2)cc1,5.3665314,5.1875052,0.17902613
CC1(C)CC[C@]2(C(=O)OCc3ccccc3)CC[C@]3(C)C(=CC[C@@H]4[C@@]5(C)CC(=O)CC(C)(C)[C@@H]5CC[C@]43C)[C@@H]2C1,9.045757,9.396332,-0.3505745
Clc1cccc(-c2nnc(-c3ccc4ccccc4c3)o2)c1,4.5934596,4.810762,-0.21730232
CCCn1c2ccccc2c2nnc(SCc3[nH]c(=O)[nH]c3C(=O)CCCCC(=O)OCC)nc21,5.8780007,5.474681,0.40331984
CC(=O)NCCNCCNC(=O)[C@]12CCC(C)(C)C[C@H]1C1=CC[C@@H]3[C@@]4(C)CC[C@H](OC(C)=O)C(C)(C)[C@@H]4CC[C@@]3(C)[C@]1(C)CC2,5.3887014,4.988339,0.4003625
COc1cc(N2CCN(C)CC2)ccc1Nc1ncc(Cl)c(Oc2ccc(NC(=O)CCO)cc2)n1,6.779892,6.4106383,0.36925364
Cc1oc(-c2ccccc2)nc1CCOc1ccc(CC[C@H]2CN(C(=O)Oc3ccccc3)C[C@@H]2C(=O)O)cc1,6.8860564,7.5619597,-0.6759033
COCCCNC(=O)CCn1ccc2c(Nc3ccc(OC(F)(F)F)cc3)ncnc21,5.0457573,4.6829076,0.3628497
CCCCCC(=O)O[C@@H]1C[C@]2(C)[C@H]3CC=C4[C@@H]5[C@@H](C)[C@H](C)CC[C@]5(C(=O)O)CC[C@@]4(C)[C@]3(C)CC[C@H]2C(C)(C)[C@H]1O,5.2881927,4.872168,0.41602468
CCOC(=O)N1C[C@@H](CCc2ccc(OCCc3nc(-c4ccccc4)oc3C)cc2)[C@@H](C(=O)O)C1,4.962693,5.2323775,-0.2696843
Cc1oc(-c2ccccc2)nc1C/C=C/c1ccc(C[C@@H](C(=O)O)n2cccc2)cc1,5.417937,5.58853,-0.17059326
Cc1oc(-c2ccccc2)nc1CCCc1ccc(CC(C(=O)O)c2ccccc2)cc1,4.0260367,4.579548,-0.55351114
Cc1cc2nnn(CC(=O)c3ccccc3O)c2cc1C,4.6382723,5.7120867,-1.0738144
CCCCS(=O)(=O)Nc1ccccc1-c1cccc2c1[nH]c1ccccc12,5.3645163,5.40028,-0.03576374
CCCc1cc(Oc2ccccc2)ccc1OCCCOc1ccc2c(c1)CCC(C)(C(=O)O)O2,5.5228786,5.9654675,-0.4425888
CC1(C)CC[C@]2(C(=O)O)CC[C@]3(C)C(=CCC4[C@@]5(C)CC[C@H](OC(=O)/C=C/c6ccc(Cl)cc6)C(C)(C)C5CC[C@]43C)[C@@H]2C1,9.0,9.057047,-0.05704689
CC1(C)CC[C@]2(C(=O)O)CC[C@]3(C)C(=CC[C@@H]4[C@@]5(C)CC[C@H](OC(=O)/C=C\c6ccc(Cl)cc6)C(C)(C)[C@@H]5CC[C@]43C)[C@@H]2C1,4.6635404,4.229466,0.4340744
Cc1oc(-c2ccccc2)nc1CCCc1ccc(C[C@H](C(=O)O)n2nccn2)cc1,5.60206,6.4191065,-0.81704664
O=C1Nc2cc(OC(F)(F)F)ccc2Oc2ccc(-c3ccnc(N4CCNCC4)c3)cc21,9.69897,9.538054,0.16091537
CC(=O)c1csc(-c2ccc3c(c2)C(=O)Nc2cc(OC(F)(F)F)ccc2O3)c1,6.6556077,7.482802,-0.8271942
[C]C([C])=[C][C][C]/C([C])=[C]/[C]c1c([O])cc(/[C]=[C]/c2ccc(C(F)(F)F)cc2)cc1[O],4.09691,4.4939346,-0.39702463
C[C@@H](COCCC(=O)N1CCN(c2ncc(C(F)(F)F)cn2)CC1)Nc1cn[nH]c(=O)c1C(F)(F)F,6.0,6.1477876,-0.14778757
Cc1cc2nnn(C(=O)c3ccccc3)c2cc1C,6.5850267,6.567517,0.017509937
COc1cccc(Nc2[nH]nc3ncnc(Nc4cccc(Cl)c4)c23)c1,9.431798,9.342914,0.08888435
CS(=O)(=O)c1ccc2nc(NC(=O)NCc3ccc(-c4ccccn4)s3)sc2c1,7.4317985,7.455934,-0.02413559
Nc1ncnc2c1c(-c1ccccc1)cn2-c1ccccc1CO,4.29073,4.1030364,0.1876936
Cc1cc(N2C[C@@H](C)N[C@@H](C)C2)ncc1-c1ccc(-c2nc3c(ccn3C)c(=O)[nH]2)cc1,6.421361,6.6117954,-0.19043446
Cc1ccc(S(=O)(=O)n2cccc2CNc2cccn(CC(=O)NCc3ccc(Cl)c(Cl)c3)c2=O)cc1,5.256412,4.9116106,0.34480143
CC(C)(C)C[C@H](NC(=O)c1cccc(CNC(=O)c2ccc(OCCO)cc2)c1)C(=O)Nc1ccc(CCC(=O)O)cc1,7.1739254,7.0524206,0.12150478
Cc1cc2nnn(CC(=O)c3ccccc3)c2cc1C,5.275724,5.3354974,-0.059773445
COc1cc(N2CCN(C)CC2)ccc1Nc1ncc(Cl)c(Oc2ccc(NC(=O)/C=C/CN(C)C)cc2)n1,5.0,4.8636947,0.13630533
Cc1oc(-c2ccccc2)nc1CCOc1ccc(CCC(=O)O)c2c1CCN(C(=O)OCC(C)C)C2,6.853872,6.831554,0.022317886
CCOc1ccc(-c2cc(CCCc3nn(Cc4ccc(C(C)(C)C)cc4)c(=O)n3CC)ncn2)cc1CC(=O)O,5.207608,5.3773775,-0.16976929
CN(C)C/C=C/C(=O)Nc1cc2c(Nc3ccc(F)c(Cl)c3)ncnc2cc1O[C@H]1CCOC1,4.8984933,4.592259,0.30623436
Cc1nccn1CCCCCCOc1ccc2ccc(=O)oc2c1,5.229148,4.9659066,0.2632413
O=c1nc2n(c3cccc(Cl)c13)-c1ccc(C3CCNCC3)cc1C21CCNCC1,8.853872,9.37172,-0.517848
CCOC(=O)CCCCC(=O)c1[nH]c(=O)[nH]c1CSc1nnc2c3ccccc3n(C(C)C)c2n1,8.468521,8.852658,-0.38413715
O=C(Cn1nnc2ccccc21)c1cccc(Cl)c1Cl,4.180456,4.176487,0.0039691925
[C]C([C])=[C][C][C]/C([C])=[C]/[C]c1c([O])cc(/[C]=[C]/c2ccc(C#N)cc2)cc1[O],6.0457573,6.7136197,-0.6678624
O=C(c1ccc(F)cc1F)N1CCC2(CC1)OCCc1ccsc12,7.958607,7.8736753,0.08493185
COc1cc(N2CCN(C)CC2)ccc1Nc1ncc(Cl)c(Oc2ccc([N+](=O)[O-])cc2)n1,4.9000087,5.045634,-0.14562511
O=C(O)COc1ccc(SCc2ccc(OCc3ccc(F)cc3C(F)(F)F)cc2)c2c1CCC2,6.1567674,5.697567,0.45920038
Cc1cc(Oc2cccc(CNC(=O)c3ccc(C(F)(F)F)cc3)c2)ccc1OC(C)(C)C(=O)O,7.7447276,6.9842787,0.76044893
Cc1oc(-c2ccc(-c3ccccc3)cc2)nc1CCOc1ccc(CCC(=O)O)c(CNC(=O)OC(C)C)c1,6.316953,6.0852656,0.23168755
NC(=O)c1cccc(NC(=O)/C=C\C(=O)N2CCCCC2Cc2ccccc2)c1,9.19382,9.157762,0.036058426
C=C(C)[C@@H]1CC[C@]2(C(=O)NCCCCCCN)CC[C@]3(C)[C@H](CC[C@@H]4[C@@]5(C)CC[C@H](OC(C)=O)[C@@](C)(COC(C)=O)[C@@H]5CC[C@]43C)[C@@H]12,8.638272,8.695383,-0.057110786
COc1cccc(CNc2[nH]nc3ncnc(Nc4cccc(Cl)c4)c23)c1,7.6197886,7.942526,-0.32273722
CC1(C)CC[C@]2(C(=O)O)CC[C@]3(C)C(=CC[C@@H]4[C@@]5(C)C[C@H](O)CC(C)(C)[C@@H]5CC[C@]43C)[C@@H]2C1,4.026341,4.6972117,-0.6708708
Cc1ccc(NC(=O)c2ccccc2)cc1Nc1nccn1-c1cc(Nc2ccc(OC(F)(F)F)cc2)ncn1,4.30103,4.626985,-0.3259549
Cc1cc(Nc2ncc(C)c(N3CC(CC#N)(N4CCCC4)C3)n2)sn1,9.387217,9.687958,-0.3007412
CC(C)(C)c1ccc(-n2c(C(=O)O)c(Oc3ccc(OC(F)(F)F)cc3)c3ccccc32)cc1,8.102373,8.036962,0.06541157
Cc1ccc(C(=O)NCc2ccccn2)cc1Nc1nccc(-c2cccnc2)n1,6.0,5.853439,0.14656115
Cc1ccc(C(=O)NCc2nccs2)cc1Nc1nccc(-c2cccnc2)n1,6.0,6.3996344,-0.39963436
Cc1cn(CCCCCCOc2ccc3ccc(=O)oc3c2)cn1,4.30103,4.7595634,-0.4585333
CCCC[C@H](NC(=O)c1ccccc1)C(=O)Nc1nc(-c2ccccc2)cs1,7.0,7.4034,-0.40339994
NC(=O)c1ccc(Oc2cccc(C(=O)N3CCCC(c4ccccc4)C3)c2)cc1,7.39794,8.337305,-0.9393649
O=S(=O)(Cc1ccccc1)Nc1ccccc1-c1cccc2c1[nH]c1ccccc12,5.4342704,5.21341,0.22086048
CC(C)n1nc(-c2cc3cc(O)ccc3[nH]2)c2c(N)ncnc21,4.026341,4.2773995,-0.25105858
COc1ccc2c(=O)c(C)c(-c3ccc(Oc4ccc(OC(F)(F)F)cc4)nc3)[nH]c2c1,6.0,6.1696124,-0.16961241
COc1c(C)c(-c2ccc(Cc3ccccc3)cc2)nc2ccccc12,5.958607,5.8838778,0.07472944
COc1ccccc1-c1cc(Nc2cccc(NS(C)(=O)=O)c2)ncn1,7.309804,6.7470875,0.5627165
O=C(O)COc1ccc(SCc2cccc(F)c2OCc2ccc(C(F)(F)F)cc2)c2c1CCC2,9.060481,8.9118395,0.14864159
FC(F)(F)Oc1ccc(Nc2ncnc3sccc23)cc1,7.326058,8.002356,-0.67629766
CCc1ccc(C(=O)Nc2cccc(C(F)(F)F)c2)cc1-c1cc(OC)cc(-c2cnc3cnccn23)c1,5.3481407,5.871452,-0.52331114
O=C(c1ccccc1)n1nnc2cc(Cl)c(Cl)cc21,5.3467875,5.0570955,0.28969193
FC(F)(F)Oc1ccc(Nc2ncnc3nn(CCc4ccccc4)cc23)cc1,6.853872,6.731546,0.1223259
CSCC[C@H](NC(=O)c1cccs1)C(=O)Nc1nc(-c2ccccc2)cs1,7.49485,8.421517,-0.9266672
Cc1ccc(C(=O)N2CCN(C(=O)c3ccc(-c4ccc5c(N)n[nH]c5c4)cc3)CC2)cc1,8.79588,8.7012615,0.0946188
O=C1Nc2cc(OC(F)(F)F)ccc2Oc2ccc(-c3ccc(CN4CCNCC4)s3)cc21,5.30103,5.2471757,0.053854465
O=[N+]([O-])c1cccc(SSc2cccc([N+](=O)[O-])c2)c1,6.391474,5.9829807,0.40849304
Nc1ccc2nc3c(=O)[nH]c(=S)[nH]c3nc2c1,4.7196493,4.389445,0.3302045
Cc1oc(-c2ccccc2)nc1CCOc1ccc(CN(CC(=O)O)C(=O)Oc2ccc(O)cc2)cc1,3.7698066,3.7960696,-0.026262999
CCN(CC)C(=O)c1cncc(-c2cccc(C(=O)N[C@H]3CN[C@@H](C(=O)Nc4ccc(Cl)c(C(F)(F)F)c4)C3)c2)c1,6.218963,6.433044,-0.21408081
Cc1cn(-c2cc(NC(=O)c3cccc(Nc4nc(-c5cccnc5)cs4)c3)cc(C(F)(F)F)c2)cn1,8.161151,9.066545,-0.9053936
CN1CCN(c2ccc(NC(=O)c3cc(-c4ccc5c(c4)OCO5)cnc3O)cc2)CC1,5.251812,4.8053966,0.44641542
O=C(/C=C/c1ccc(C(=O)Nc2cccc(Nc3ncc(-c4cccnc4)s3)c2)s1)NO,6.0,5.720275,0.27972507
O=C(Nc1ccnc(Cl)c1)Nc1ccccn1,6.0,5.8555555,0.14444447
O=C(CCCCCCCCCCC(=O)Nc1cccc([N+](=O)[O-])c1)Nc1cccc([N+](=O)[O-])c1,6.69897,6.5272765,0.17169333
CC(N)c1ccc(Nc2nc3c(C(N)=O)cc(F)cc3s2)cc1,5.0,5.205468,-0.20546818
CN1CCN(c2ccc(NC(=O)c3cc(-c4ccc5c(c4)OCO5)c[nH]c3=O)cc2)CC1,4.0,4.770202,-0.77020216
CCc1nnc(NC(=O)CCc2nc(C3=CCN(C)CC3)no2)s1,4.468521,4.5108094,-0.042288303
Cc1ccc(C(=O)n2nnc3cc(Cl)c(Cl)cc32)cc1C,6.2596374,5.7977448,0.4618926
O=C(O)Cc1csc2cc(OCc3cc(-c4ccc(Cl)cc4)on3)ccc12,8.522879,6.306122,2.2167568
COc1ccc2oc(C(=O)NCC(c3ccco3)N(C)C)c(C)c2c1,6.29243,6.142254,0.15017605
COc1ccc([CH+][N-]NC(=O)c2cc(O)c(O)c(O)c2)cc1Cn1cc([N+](=O)[O-])cn1,6.0,6.2956514,-0.29565144
O=C(O)Cc1csc2cc(OCc3cc(-c4ccc(Cl)cc4)on3)cc(Cl)c12,6.8632793,6.4881277,0.37515163
Cc1ccc(NC(=O)c2ccc(/N=N/N(C)CCCl)cc2)cc1Nc1nccc(-c2cccnc2)n1,4.69897,4.9644027,-0.26543283
C[C@H]1O[C@H](O[C@H]2[C@H](O)[C@@H](O)[C@@H](O[C@H]3[C@H](O)[C@@H](O)C(O)O[C@@H]3CO)O[C@@H]2CO)[C@H](O)[C@@H](O)[C@@H]1N[C@H]1C=C(CO)[C@@H](O)[C@H](O)[C@H]1O,4.69897,4.889074,-0.19010401
CC(=O)O[C@@H]1C[C@@H](C(=O)NC(C(C)C)P(=O)(Oc2ccccc2)Oc2ccccc2)N(C(=O)[C@@H](NC(=O)OC(C)(C)C)C(C)(C)C)C1,5.2596374,5.1579394,0.10169792
O=C(c1ccc2c(Nc3ccc(OC(F)(F)F)cc3)ncnc2c1)N1CCC(Br)CC1,7.3363,7.194221,0.14207888
COc1cc(N2CCN(C)CC2)ccc1Nc1ncc(Cl)c(Oc2cccc(N=[N+]=[N-])c2)n1,9.29243,9.2478695,0.044560432
CCN1CCN(Cc2ccc(NC(=O)Cc3ccc(Oc4ccncc4)cc3)cc2C(F)(F)F)CC1,5.0371575,5.1671863,-0.13002872
COc1ccc(OCCCOc2ccc3c(c2)O[C@@](C)(C(=O)O)CC3)c(Cl)c1,5.23905,5.6543036,-0.41525364
CCCc1cc(C(=O)CC)cc(CCC)c1O[C@@H](C(=O)O)c1ccc(C(C)C)cc1,4.7080097,4.7860093,-0.07799959
O=C(Cn1nnc2ccccc21)c1ccc(Cl)c(Cl)c1,4.0,4.427796,-0.4277959
CN(CCc1ccccc1)C(=O)c1ccc(NC(=O)Cc2ccc(NC(=O)C3CCN(C(=O)c4ccccc4)CC3)cc2)cc1,8.2218485,8.690251,-0.46840286
O=C(O)COc1ccc(SCc2ccc(OCc3ccc(Cl)cc3)cc2)c2c1CCC2,7.552842,7.0660224,0.48681974
CCN(CC)S(=O)(=O)c1ccc(-c2ncnc(Nc3ccc(OC(F)(F)F)cc3)c2C)cc1,5.2596374,5.5072017,-0.24756432
CC(=O)Nc1cccc(-c2ncnc(Nc3ccc(OC(F)(F)F)cc3)c2C)c1,9.522879,9.50308,0.019798279
CC(OC(=O)c1ccccc1NCCO)C(=O)Nc1ccnn1C(C)C,5.0,5.415059,-0.4150591
COc1ccc2ccn(S(=O)(=O)c3cccc(C(=O)Nc4ccc(C)cc4C(=O)O)c3)c2c1,5.625252,6.1281066,-0.5028548
N#CCC(=O)Nc1csc(-c2ccc(Cl)c(Cl)c2)c1,7.154902,7.3051457,-0.15024376
O=C(Cn1nnc2ccccc21)c1cccc([N+](=O)[O-])c1,8.39794,8.341876,0.056063652
Cc1ccc(Sc2ccc(C=C3SC(S)=NC3=O)c(Sc3ccc(C)cc3)c2)cc1,3.8239088,4.067053,-0.24314404
O=C(CS(=O)(=O)c1ccc(Cl)cc1)NN=Cc1cc(C(=O)O)c(Nc2ccc(I)cc2F)c(F)c1F,7.154902,6.897722,0.2571802
CCCc1cc(Oc2ccc(Cl)cc2)ccc1OCCCOc1ccc2c(c1)OC(CC)(C(=O)O)CC2,6.3936186,6.840665,-0.44704628
CC(=O)N1N=C(c2cc3c(Br)cccc3oc2=O)CC1c1ccccc1,4.0262537,4.029964,-0.00371027
Cc1oc(-n2c(C)cc(/C=C(\C#N)c3nc4ccccc4[nH]3)c2C)c(C#N)c1C,7.318759,6.624209,0.69455004
O=C(CCC(=O)Nc1cccc(Br)c1)N/N=C/c1c2ccccc2cc2ccccc12,6.8860564,7.211323,-0.32526636
NC1=NC(=O)/C(=C2\CCNC(=O)c3[nH]c(Br)cc32)N1,6.838632,7.7020535,-0.86342144
Cc1oc(-c2ccccc2)nc1CCOc1cccc([C@@H]2CN(C(=O)Oc3ccccc3)C[C@@H]2CC(=O)O)c1,5.19382,5.208567,-0.014747143
Cc1ccc(C(=O)NCc2cccnc2)cc1Nc1nccc(-c2cccnc2)n1,4.0,4.82235,-0.82235
Cc1oc(-c2ccccc2)nc1CCOc1ccc(Cc2sc(=O)[nH]c2O)cc1,3.954677,4.0977073,-0.14303017
COCCCNC(=O)c1ccc2c(Nc3ccc(OC(F)(F)F)cc3)ncnc2c1,8.005243,8.499219,-0.49397564
CCc1ccc(O[C@H](C)CCOc2ccc(CCC(=O)O)c(C)c2)c(-c2cscn2)c1,8.320572,8.8829565,-0.5623846
CCOC(=O)COC(=O)[C@]12CC[C@@H](C)[C@H](C)[C@H]1C1=CC[C@@H]3[C@@]4(C)CC[C@H](O)C(C)(C)[C@@H]4CC[C@@]3(C)[C@]1(C)CC2,5.7988763,5.669205,0.1296711
Cc1cc(C(=O)n2nnc3ccccc32)ccc1[N+](=O)[O-],6.0,6.1368423,-0.13684225
N#C/C(=C\c1ccc(F)cc1)c1nc2ccccc2s1,7.411168,8.060605,-0.64943695
COc1ccc(C(=O)Nc2cccc(C(F)(F)F)c2)cc1Nc1nccc(-c2cccnc2)n1,8.045757,8.582204,-0.5364466
CC(C)COc1ccc2c(c1)c(Oc1cccc(C(F)(F)F)c1)c(C(=O)O)n2-c1ccc(C(C)(C)C)cc1,7.275724,6.9608684,0.31485558
Cc1cccc2[nH]c(-c3nc(C(C)(C)C)n4ccnc(N)c34)cc12,7.6382723,8.306814,-0.6685419
NC(=O)c1cccc(NC(=O)/C=C\C(=O)N2CCN(c3ccc(-c4ccccc4)cc3)CC2)c1,5.4202166,4.9746804,0.44553614
CS(=O)(=O)Nc1cccc(-c2ccc3c(c2)CNc2cc(OC(F)(F)F)ccc2O3)c1,4.0457573,4.3221664,-0.27640915
O=C(O)COc1ccc(SCc2ccc(OCc3cc(Cl)ccc3Cl)cc2)c2c1CCC2,6.69897,6.65877,0.040199757
COc1ccc(C(=O)NCc2cccc(Oc3ccc(OC(C)(C)C(=O)O)c(C)c3)c2)c(C)c1,4.701147,4.5191402,0.18200684
NC(=O)c1ccc(Oc2cccc(C(=O)N3CCCCC3c3ccccc3)c2)cc1,6.69897,6.7477736,-0.048803806
O=C(Cc1cccc(F)c1)Nc1ccccc1-c1cccc2c1[nH]c1ccccc12,4.221849,4.6415467,-0.41969776
CC1(C)CC[C@]2(C(=O)OCc3ccccc3)CC[C@]3(C)C(=CC[C@@H]4[C@@]5(C)C[C@H](O)CC(C)(C)[C@@H]5CC[C@]43C)[C@@H]2C1,4.653647,4.925778,-0.27213097
Cc1nccn1CCCCCCCCCCOc1ccc2ccc(=O)oc2c1,9.045757,9.383716,-0.33795834
Cc1cc(C(=O)n2nnc3ccccc32)cc(C)c1C,6.3477535,5.8927617,0.45499182
CN(C)CCNC(=O)c1cncc(-c2ccc(C(=O)N[C@H]3CN[C@@H](C(=O)Nc4ccc(Cl)c(C(F)(F)F)c4)C3)cc2)c1,8.30103,8.938764,-0.63773346
C=CC1=C(C(=O)O)N2C(=O)[C@@H](NC(=O)/C(=N/OCC(=O)O)c3csc(N)n3)[C@H]2SC1,6.0,6.1255417,-0.12554169
CCc1ccc(O[C@H](C)CCOc2ccc(CCC(=O)O)c(C)c2)c(C(=O)c2ccccc2)c1,9.275724,9.503125,-0.22740078
CN(C)c1ccc(C(=O)N2CCN(C(=O)c3ccc(-c4cccc5[nH]nc(N)c45)cc3)CC2)cc1,8.69897,8.695698,0.0032720566
CC1CN(c2cncnc2)Cc2cc(C(=O)Nc3cc(CN4CCN(C)CC4)cc(C(C)(C)C)c3)ccc21,4.2456517,4.178166,0.06748581
Cc1ccc([C@H](CC(=O)c2ccccc2)c2c[nH]c3ccccc23)cc1,6.5228786,7.4501395,-0.9272609
COc1ccc(CC(=O)Nc2ccccc2-c2cccc3c2[nH]c2ccccc23)cc1OC,7.055517,7.0524707,0.0030465126
O=C(C[C@@H](c1cccs1)c1c[nH]c2ccccc12)c1ccc2ccccc2c1,4.5100417,4.197667,0.3123746
O=C(C[C@@H](c1ccc(Br)cc1)c1c[nH]c2ccccc12)c1ccccc1,5.2814984,5.2432704,0.038228035
O=C(C[C@@H](c1ccc(Cl)cc1)c1c[nH]c2ccccc12)c1ccc2ccccc2c1,7.853872,7.3663664,0.48750544
O=C(C[C@@H](c1cccc(Br)c1)c1c[nH]c2ccccc12)c1ccccc1,7.0,7.166145,-0.16614485
O=C(C[C@@H](c1c(Cl)cccc1Cl)c1c[nH]c2ccccc12)c1ccccc1,4.2660007,4.2312474,0.034753323
Cc1ccc([C@H](CC(=O)c2ccc3ccccc3c2)c2c[nH]c3ccccc23)cc1,7.229148,6.7503734,0.47877455
O=C(C[C@@H](c1ccc(Cl)cc1Cl)c1c[nH]c2ccccc12)c1ccccc1,6.7212462,6.1534805,0.5677657
O=C(C[C@@H](c1ccccc1)c1c[nH]c2ccccc12)c1ccccc1,5.3196645,5.1614494,0.15821505
O=C(C[C@@H](c1cccc([N+](=O)[O-])c1)c1c[nH]c2ccccc12)c1ccccc1,6.634512,5.9649186,0.66959333
O=C(C[C@@H](c1ccccc1)c1c[nH]c2ccccc12)c1ccc2ccccc2c1,8.167491,8.111802,0.055688858
COc1ccc([C@H](CC(=O)c2ccc3ccccc3c2)c2c[nH]c3ccccc23)cc1,5.3565474,4.9444156,0.4121318
COc1ccc([C@H](CC(=O)c2ccccc2)c2c[nH]c3ccccc23)cc1,9.2218485,8.8371525,0.384696
Cc1cccc([C@H](CC(=O)c2ccccc2)c2c[nH]c3ccccc23)c1,8.0,8.03252,-0.032520294
Nc1nnc2c([nH]c3ccccc32)c1-c1ccccc1,9.2218485,9.395844,-0.17399597
O=C(C[C@@H](c1ccc(Cl)cc1)c1c[nH]c2ccccc12)c1ccccc1,6.184983,5.8553157,0.3296671
Nc1cc(C(=O)n2nnc3ccccc32)ccc1Cl,6.0,6.49669,-0.4966898
Cc1ccc(S(=O)(=O)Nc2ccc(-c3ncnc(Nc4ccc(OC(F)(F)F)cc4)c3C)cc2)cc1,4.7212462,4.860788,-0.13954163
NC(=O)Cn1ncc2c(Nc3ccc(OC(F)(F)F)cc3)ncnc21,4.60206,4.507337,0.09472275
Cc1cn(CCCCCCCCCCOc2ccc3ccc(=O)oc3c2)cn1,4.7292047,5.0626335,-0.33342886
O=c1cccc2cc(O)c(O)c(O)c2c1O,7.3467875,8.566098,-1.2193108
CCCc1c(OCCCn2nnc3cc(CC(=O)O)ccc32)ccc2c(C(F)(F)F)noc12,4.90309,4.71634,0.18674994
O=C(Cc1ccccc1Cl)Nc1ccccc1-c1cccc2c1[nH]c1ccccc12,5.50724,5.246275,0.26096487
COc1ccc(Nc2cc(-c3ccc(C(=O)NCCNC(=O)c4ccc(F)c(F)c4)cc3)ncn2)cc1,8.173925,8.469486,-0.29556084
Cc1cccc(C(=O)n2nnc3ccccc32)c1,7.519993,7.7493577,-0.22936487
Cc1c(-c2ccc(-c3ccc(C(F)(F)F)nc3)nc2)[nH]c2ccccc2c1=O,3.5228786,3.0736055,0.4492731
CC(C)(C)c1ccc(-n2c(C(=O)O)c(Oc3ccc(Cl)c(C(F)(F)F)c3)c3cc(Cl)ccc32)cc1,4.026341,3.7752638,0.25107718
O=C(O)Cn1ccc2ccc(OCCCOc3ccc4cc(C(=O)c5ccccc5)ccc4c3)cc21,2.853872,2.9839761,-0.13010406
CCCc1c(OCCCOc2ccc3ccn(CC(=O)O)c3c2)ccc2cc(C(=O)c3ccccc3)ccc12,5.455932,4.563866,0.892066
CCc1ccc(O[C@H](C)CCOc2ccc(CCC(=O)O)c(C)c2)c(-c2ccco2)c1,5.2596374,5.3300433,-0.07040596
COc1ccc(C(=O)NCc2ccc(F)c(C(=O)N[C@@H](CC(C)(C)C)C(=O)Nc3ccc(CCC(=O)O)cc3)c2)cc1,4.121478,3.9968655,0.12461257
COc1ccc(C(=O)Cn2nnc3ccccc32)cc1,5.3792396,5.6807046,-0.30146503
CN1CCN(Cc2cc(NC(=O)c3ccc4c(c3)CN(c3cnc5ccccc5c3)CC4)cc(C(F)(F)F)c2)CC1,6.853872,6.5447288,0.30914307
Nc1ccccc1NC(=O)c1ccc(-c2ccc3ncnc(Nc4ccc(OCc5cccc(F)c5)c(Cl)c4)c3c2)o1,8.0,7.480291,0.5197091
O=C(/C=C/c1ccc(C(=O)Nc2cccc(Nc3ncc(-c4cccnc4)s3)c2)cc1)NO,7.0,7.3658004,-0.36580038
CCCC(Sc1nc2cc(Cl)ccc2s1)C(=O)NS(=O)(=O)c1ccc(NC(=O)c2ccccc2)cc1,5.8000007,5.3713384,0.4286623
N#Cc1ccc2nc(NC(=O)NCc3nc4ccccc4[nH]3)sc2c1,4.0,3.9921222,0.007877827
CCC(=O)Nc1ccc(C(=O)COC(=O)c2nc3nccc(C)n3n2)cc1,4.030584,4.100784,-0.07019997
Cc1oc(-c2ccccc2)nc1CCOc1cccc(CC2=C(C(=O)O)CCN(C(=O)OCC(C)C)C2)c1,5.0,5.025146,-0.025146008
CCC(C)C(NC(=O)[C@@H]1CCCN1C(=O)[C@@H](NC(=O)C(C)(C)C)C(C)(C)C)P(=O)(Oc1ccccc1)Oc1ccccc1,5.4867826,6.5017924,-1.0150099
CCCC(Sc1nc2cc(Cl)ccc2s1)C(=O)NS(=O)(=O)c1ccc(C)cc1,7.0,6.79479,0.20521021
CC(C)(C)C(=O)Nc1ccc(-c2cccc(C(=O)N[C@H]3CN[C@@H](C(=O)Nc4ccc(Cl)c(C(F)(F)F)c4)C3)c2)cn1,6.6197886,6.4576287,0.16215992
NC(=O)c1ccc(Oc2cccc(C(=O)N3CCN(c4ccc(Cl)cc4)CC3)c2)cc1,6.8664613,7.309334,-0.44287252
Cc1cc2c(CC(=O)O)csc2cc1OCc1ccccc1COc1ccc(C(F)(F)F)cc1,5.6133227,5.886171,-0.27284813
CCCOC(=O)N1CCc2c(OCCc3nc(-c4ccccc4)oc3C)ccc(CCC(=O)O)c2C1,6.920819,7.3488116,-0.42799282
CN1CCN(c2cc(-c3ccc4c(c3)C(=O)Nc3cc(OC(F)(F)F)ccc3O4)ccn2)CC1,5.660151,5.7315564,-0.07140541
COc1ccc(C=O)cc1OCC(=O)Nc1sc2c(c1C#N)CCC(C)C2,4.853872,5.2544503,-0.4005785
COc1cc(-c2nn(CCN3CCN(C)CC3)c3ncnc(N)c23)ccc1NC(=O)OC(C)(C)C,8.468521,8.609677,-0.1411562
COc1ccc(C(=O)NCc2cccc(C(=O)N[C@@H](CC(C)(C)C)C(=O)Nc3ccc(CCC(=O)O)cc3)c2)cc1,5.3481407,5.794048,-0.44590712
N#Cc1ccc2sc(NC(=O)NCc3nc4ccccc4[nH]3)nc2c1,5.8784404,5.611742,0.26669836
Cc1oc(-c2ccccc2)nc1CCOc1cccc(CC2=C(C(=O)O)CCN(C(=O)OCc3ccccc3)C2)c1,4.920819,4.247685,0.67313385
COc1cc(N2CCN(C)CC2)ccc1Nc1ncc(Cl)c(Oc2ccccc2NC(C)=O)n1,7.763878,8.208247,-0.44436932
CCc1cc(Nc2nccc(-c3c(-c4ccc(OC)c(C(=O)Nc5c(F)cccc5F)c4)nc4ccccn34)n2)c(OC)cc1N1CCC(N2CCN(S(C)(=O)=O)CC2)CC1,4.4539514,4.5478015,-0.093850136
CCCCSCc1[nH]c(=O)[nH]c1C(=O)CCCCC(=O)OCC,9.045757,8.571606,0.4741516
Cc1ccc(C(=O)Cn2nnc3ccccc32)cc1,8.21467,8.153637,0.06103325
NC(=O)c1ccc(Oc2cccc(C(=O)N3CCN(c4cccc(F)c4)CC3)c2)cc1,4.30103,4.6117654,-0.31073523
COc1ccccc1C(=O)n1nnc2ccccc21,4.30103,4.7478023,-0.4467721
Cn1ccc2cc(-c3nc(C(C)(C)C)n4ccnc(N)c34)ccc21,5.3089185,5.197148,0.11177063
COc1cc(-c2ccc(O)cc2)c(OC)c(O)c1-c1ccc(O)cc1,6.111259,6.6054616,-0.4942026
CC1CN(c2cncnc2)Cc2cc(C(=O)Nc3cc(CN4CCN(C)CC4)cc(C4CCCC4)c3)ccc21,7.3279943,6.2758117,1.0521827
Cc1ccc(C(=O)n2nnc3ccccc32)cc1C,8.522879,8.800526,-0.27764702
O=C1C(O)c2c(O)cc(O)cc2OC1c1ccc(O)c(O)c1,9.251812,9.687648,-0.43583584
FC(F)(F)Oc1ccc(Nc2ncnc3c2cnn3Cc2ccccn2)cc1,9.337242,9.531475,-0.19423294
Cc1cc(Oc2cccc(CNC(=O)c3ccc(OC(F)(F)F)cc3C)c2)ccc1OC(C)(C)C(=O)O,4.212335,4.9319572,-0.71962214
COc1ccc2cc(-c3nn(C(C)(C)C)c4ncnc(N)c34)ccc2c1,4.7166986,4.7927513,-0.076052666
O=C(Cn1nnc2ccccc21)c1ccccc1O,9.283997,7.092755,2.1912417
CC(C)(C)C[C@H](NC(=O)c1cc(CNC(=O)c2ccccc2)ccc1F)C(=O)Nc1ccc(CCC(=O)O)cc1,4.9000087,4.798333,0.10167551
O=C(Cn1nnc2ccccc21)c1ccccc1,6.175874,6.5460153,-0.37014103
COc1ccc(COc2ccc(CSc3ccc(OCC(=O)O)c4c3CCC4)cc2)cc1,5.4792547,5.8574233,-0.37816858
Cc1oc(-c2ccccc2)nc1CCOc1ccc(CCC(=O)O)c(CNC(=O)CCc2ccccc2)c1,5.774949,5.465067,0.30988216
O=C(Cn1nnc2ccccc21)c1ccc(-c2ccccc2)cc1,8.107905,8.154108,-0.04620266
CCc1ccc(O[C@H](C)CCOc2ccc(CCC(=O)O)c(C)c2)c(-c2cocn2)c1,6.806875,7.188269,-0.3813939
COc1cc(N2CCN(C)CC2)ccc1Nc1ncc(Cl)c(Oc2cccc(N=C=S)c2)n1,9.30103,8.866851,0.4341793
C[C@H](NC(=O)c1cc(-c2cnn(C3CCOCC3)c2)cnc1N)c1c(Cl)ccc(F)c1Cl,4.69897,5.412713,-0.7137432
C[C@H](NC(=O)c1ccc(-c2cncc(C(=O)NC3CC3)c2)cc1)C(=O)Nc1ccc(Cl)c(C(F)(F)F)c1,8.0,8.009135,-0.009135246
CCc1ccc(C(=O)Nc2ccc(C(F)(F)F)cc2)cc1-c1cccc(-c2cnc3cnccn23)c1,5.229148,5.29777,-0.06862211
CCCCCCN(CCCCCC)C(=O)[C@@H](C)NC(=O)[C@@H](NC(=O)[C@H](Cc1ccc(OP(=O)(O)O)cc1)NC(C)=O)C(C)C,8.455932,8.507401,-0.051469803
O=c1cc(-c2ccc(OCc3ccc(Cl)nc3)cc2)oc2cc(OCc3ccc(Cl)nc3)ccc12,4.30103,4.356111,-0.05508089
COC(=O)Nc1nc2ccc(C(=O)c3ccccc3)cc2[nH]1,5.7923656,6.6277466,-0.83538103
CNc1nc(C)c(-c2nc(Nc3cccc(N4CCCNCC4)c3)ncc2C#N)s1,6.0,5.7014785,0.29852152
CN(Cc1cn(C)c2ccccc12)C(=O)/C=C/c1cnc2c(c1)CCC(=O)N2,4.0,4.46652,-0.46651983
O=C1c2ccc3c4ccc5c6c(ccc(c7ccc(c2c37)C(=O)N1CCN1CCCCC1)c64)C(=O)N(CCN1CCCCC1)C5=O,9.267606,9.4672165,-0.19961071
Cc1ccc(Cl)cc1Nc1nccc(-c2cccnc2)n1,5.207608,5.4876657,-0.28005743
O=C(Nc1ccc(N2CCOCC2)cc1)c1cc2cnc3[nH]ccc3c2s1,7.167491,7.045996,0.12149477
NCCNC(=O)c1ccc(S(=O)(=O)Oc2ccc(/C=C/[N+](=O)[O-])cc2)cc1,4.9100947,4.674066,0.23602867
CN(C)CCCNc1nc2ccccc2c2[nH]c3c4cc([N+](=O)[O-])ccc4ccc3c12,7.0,7.0770426,-0.07704258
Cc1cc(OC(F)F)ccc1NC(=O)c1cc(C(=O)NCc2ccc(F)cc2)c(F)cc1Cl,6.454693,6.2668943,0.1877985
O=[N+]([O-])c1ccc(Oc2ncnc3[nH]ccc23)cc1,5.2596374,5.408709,-0.1490717
[C]C(=[C])[C@H]([O])[C][C]/C([C])=[C]/[C][C@@H]1[C][C@]2([C][C]=C([C])[C])C(=O)[C@@]([C][C]=C([C])[C])(C(=O)C(C(=O)c3ccc([O])c([O])c3)=C2[O])[C@@]1([C])[C][C][C]=C([C])[C],4.30103,4.900649,-0.5996189
CCCc1cc(Oc2ccccc2)ccc1OCCCCOc1cccc(-c2sc(=O)[nH]c2O)c1,9.251812,9.613431,-0.361619
Cc1cc(N2CCOCC2)cnc1NC(=O)c1cc(C(=O)NCc2ccc(F)c(F)c2)c(F)cc1Cl,5.559091,5.9885983,-0.42950726
C[N+](C)(C)CCCN1C(=O)c2ccc3c4c(ccc(c24)C1=O)C(=O)N(CCC[N+](C)(C)C)C3=O,6.730487,6.9660177,-0.23553085
CNC(=O)CCc1ccc(NC(=O)[C@H](CC(C)(C)C)NC(=O)c2cc(CNC(C)=O)ccc2F)cc1,7.365523,7.866213,-0.50069
Cc1cc(N(C)C(=O)c2cccc(C(F)(F)F)c2)ccc1NC(=O)c1cc2cnc3[nH]ccc3c2s1,7.129596,7.8978357,-0.7682395
C[N+](C)(C)CCN1C(=O)c2ccc3c4c(ccc(c24)C1=O)C(=O)N(CC[N+](C)(C)C)C3=O,9.455932,9.46473,-0.008798599
Cc1ccc(NC(=O)N2CCN(C)CC2)cc1Nc1nccc(-c2cccnc2)n1,6.4762535,6.5212946,-0.045041084
Cc1oc(-c2ccccc2)nc1CCOc1ccc(C[C@@H]2CN(c3nc(C(F)(F)F)co3)C[C@@H]2C(=O)O)cc1,6.2090116,7.1193366,-0.91032505
CC(=O)Nc1nc(-c2ccc(Br)s2)cs1,5.1366773,4.4039254,0.73275185
O=C(c1ccc(Nc2nc3ccccc3n3nnnc23)cc1)N1CCOCC1,5.248952,5.326267,-0.07731485
O=C(c1ccc(Nc2nc3ccccc3n3nnnc23)cc1)N1CCN(c2ncccn2)CC1,7.1366773,7.436693,-0.30001593
CC(C)c1ccc(Nc2nc3ccccc3n3nnnc23)cc1,4.5228786,5.018851,-0.49597216
Cn1cnc(C(=O)N2CCN(C(=O)c3ccc(Nc4nc5ccccc5n5nnnc45)cc3)CC2)c1,4.30103,4.3871636,-0.08613348
O=c1ccc2ccc(OCCCCCCCCCCn3ccnc3)cc2o1,6.609065,6.8470984,-0.2380333
Cc1c(C(=O)NCC(c2ccco2)N(C)C)oc2c(Cl)cccc12,6.853872,6.5389514,0.31492043
CCCCCCC(Sc1nc2cc(Cl)ccc2s1)C(=O)NS(C)(=O)=O,5.0,5.496186,-0.49618578
C[C@H]1[C@H](C)CC[C@]2(C(=O)O)CC[C@]3(C)C(=CC[C@@H]4[C@@]5(C)C[C@@H](OC(=O)c6ccccc6)[C@H](O)C(C)(C)[C@@H]5CC[C@]43C)[C@H]12,6.167491,6.020781,0.14670992
COC(=O)Nc1ccc(-c2c(OC3CCN(C)CC3)nc3c(-c4ccc(OC)c(OC)c4)cnn3c2N)cc1,4.552842,4.506944,0.04589796
CCOC(=O)N1CCC(NC(=O)CCc2nc(C3=CCN(C)CC3)no2)CC1,8.060481,7.534784,0.52569723
COC(=O)c1cccc(Nc2nccc(-c3cccnc3)n2)c1,8.769551,9.010592,-0.24104118
CC(C)(C)n1nc(Cc2cccc3ccccc23)c2c(N)ncnc21,7.823909,7.228545,0.5953636
CCc1ccc(C(=O)Nc2ccccc2)cc1-c1cccc(-c2cnc3cnccn23)c1,8.30103,8.781463,-0.4804325
C#CCOc1ccc(/C=C2\SC(=O)N(Cc3cccc([N+](=O)[O-])c3)C2=O)cc1OCC,5.1739254,5.275925,-0.10199976
COc1ccc(CCNc2cc(=O)[nH]c(N)n2)cc1,4.69897,4.725989,-0.027019024
OC1CCN(c2cc(-c3cnc4ccc(N5CCC[C@@H]5c5cccc(F)c5)nn34)ccn2)CC1,2.7677665,3.6126828,-0.84491634
NC(=O)c1ccc(Oc2cccc(C(=O)N3CCC(c4ccc(F)cc4)CC3)c2)cc1,8.958608,9.148278,-0.18967056
Cc1n[nH]c2cc(Nc3nc(NC4CC4)c4occc4n3)ccc12,4.2740884,4.3944373,-0.12034893
O=C(c1c(F)cccc1F)n1nnc2ccccc21,6.79588,6.546973,0.24890661
O=C(Cn1cc(COc2cc(O)c3c(=O)c4ccc(Br)cc4oc3c2)nn1)Nc1ccc(O)c(O)c1,4.7554755,6.6232734,-1.8677979
COc1cccc(NC(=O)c2ccc(C)c(Nc3nccc(-c4cccnc4)n3)c2)c1,6.0,6.0183587,-0.018358707
O=C(c1ccccc1)n1nnc2ccccc21,5.747147,5.8462434,-0.0990963
Cc1cc(C)c2c(c1)/C(=N/Nc1nc(-c3ccc(F)cc3)cs1)C(=O)N2,7.0457573,6.8688197,0.17693758
COc1ccc(-c2csc(N/N=C3\C(=O)N(C)c4ccccc43)n2)cc1,4.590067,4.979704,-0.389637
Cc1ccc(-c2csc(N/N=C3\C(=O)Nc4c(C)cc(C)cc43)n2)cc1,4.024568,4.009387,0.015181065
Cc1ccc2c(c1)/C(=N/Nc1nc(-c3ccc(O)cc3)cs1)C(=O)N2,8.769551,9.072938,-0.3033867
O=C1Nc2ccccc2/C1=N/Nc1nc(-c2ccc(F)cc2)cs1,4.0,3.9304967,0.06950331
Cc1cc(C)c2c(c1)/C(=N/Nc1nc(-c3ccc(Br)cc3)cs1)C(=O)N2,4.7746906,5.20313,-0.42843914
Cc1ccc(-c2csc(N/N=C3\C(=O)N(C)c4ccccc43)n2)cc1,8.045757,8.208599,-0.1628418
Cc1ccc(-c2csc(N/N=C3\C(=O)Nc4ccccc43)n2)cc1,6.7447276,7.9527335,-1.2080059
Cc1cccc(Nc2ncnc3[nH]c(C)c(C)c23)c1,7.7447276,7.2120166,0.532711
O=C1Nc2ccc(F)cc2/C1=N/Nc1nc(-c2ccc(F)cc2)cs1,5.0,4.9089246,0.09107542
Cc1ccc(NC(=O)c2ccc(C(=O)Nc3ccccc3N)cc2)cc1Nc1ncc(-c2cccnc2)cn1,4.3467875,3.73963,0.60715747
O=C1Nc2ccccc2/C1=N/Nc1nc(-c2ccc(Cl)cc2)cs1,5.3665314,5.4032845,-0.036753178
CN1C(=O)/C(=N\Nc2nc(-c3ccc(F)cc3)cs2)c2ccccc21,4.372634,4.0174923,0.35514164
Cc1ccc(-c2csc(N/N=C3\C(=O)Nc4ccc(F)cc43)n2)cc1,4.756962,5.0635724,-0.30661058
O=C1Nc2ccc(Cl)cc2/C1=N/Nc1nc(-c2ccc(Br)cc2)cs1,6.0,6.5366883,-0.5366883
Cc1cccc2nc(-c3cccs3)[nH]c12,4.0,4.5745697,-0.5745697
Cc1ccc(N(C)C(=O)OC(C)(C)C)c(F)c1-c1ccc2nc(NC(=O)[C@@H]3C[C@@H]3F)sc2c1,4.6946487,4.385613,0.30903578
O=C(Nc1cccc(-c2cncc3ccccc23)c1)c1ccccc1NCc1ccncc1,5.2596374,4.649328,0.6103091
FC(F)(F)CNc1nc(Nc2ccc3cn[nH]c3c2)nc2ccoc12,4.69897,4.743399,-0.044429302
CCc1ccc(C(=O)Nc2cccc(C(F)(F)F)c2)cc1-c1cc(F)cc(-c2cnc3cnccn23)c1,4.1337185,4.0189605,0.114758015
CC1(C)CC[C@]2(C(=O)OCc3ccccc3)CC[C@]3(C)[C@H]([C@H](O)C[C@@H]4[C@@]5(C)CC[C@H](O)C(C)(C)[C@@H]5CC[C@]43C)[C@@H]2C1,5.0,5.0071807,-0.0071806908
CC1(C)CC[C@]2(C(=O)OCc3ccccc3)CC[C@]3(C)C(=CC[C@@H]4[C@@]5(C)CC[C@H](OC(=O)[n+]6ccccc6)C(C)(C)[C@@H]5CC[C@]43C)[C@@H]2C1,5.971022,6.072194,-0.10117197
[C]C([C])=[C][C][C][C@@]1([C])[C@H]([C][C]=C([C])[C])[C][C@@]2([C][C]=C([C])[C])C(=O)[C](C(=O)c3ccc([O])c([O])c3)C(=O)[C@]1([C][C]=C([C])[C])C2=O,4.5228786,4.926741,-0.40386248
Cc1ccccc1NC(=O)C(=O)Nc1ccccc1C,5.0,4.826842,0.17315817
[C]C([C])=[C][C][C]/C([C])=[C]/[C]c1c([O])cc(/[C]=[C]/c2ccsc2)cc1[O],4.653647,5.5415177,-0.8878708
COc1cc2ncc(C#N)c(Nc3ccc(Br)cc3Br)c2cc1OC,5.6655464,5.643375,0.022171497
O=c1[nH]c(CSC2CCOCC2)nc2cc(NC3CCCN(Cc4ccccc4)C3)ccc12,5.2441254,5.3978553,-0.15372992
O=c1[nH]c(CSC2CCOCC2)nc2c(Cl)cccc12,5.6382723,5.7320027,-0.09373045
COc1cccc2c(=O)[nH]c(CSC3CCOCC3)nc12,6.0,6.4439588,-0.44395876
Cc1cccc2c(=O)[nH]c(CS[C@H]3CC[C@@H](CO)OC3)nc12,4.026489,4.1476235,-0.12113476
Cc1cccc2c(=O)[nH]c(CS[C@H]3CC[C@@H](N)CC3)nc12,6.1169066,5.757609,0.35929775
Cc1cccc2c(=O)[nH]c(CS[C@H]3CC[C@H](N)CC3)nc12,5.5575204,6.1011257,-0.5436053
Cc1cccc2c(=O)[nH]c(CS[C@H]3CC[C@@H](O)CC3)nc12,6.0,5.8341002,0.16589975
CC(C)Cc1ccc2c(=O)[nH]c(CSC3CCOCC3)nc2c1,4.0264244,4.50108,-0.47465563
O=C(Nc1ccc2c(=O)[nH]c(CSC3CCOCC3)nc2c1)c1ccccc1,5.0,5.702263,-0.7022629
NC[C@]1(F)CC[C@@H](SCc2nc3cc(OCC4CCC4)cc(F)c3c(=O)[nH]2)CC1,5.7788467,6.31181,-0.5329633
Cc1cccc2c(=O)[nH]c(CS[C@H]3C[C@H](N)C3)nc12,9.318759,9.349765,-0.03100586
COc1ccc2c(=O)[nH]c(CSC3CCOCC3)nc2c1,4.502794,4.3465567,0.15623713
Cc1cccc2c(=O)[nH]c(CS[C@H]3C[C@H](O)C3)nc12,6.0,6.1494136,-0.14941359
O=c1[nH]c(CSC2CCOCC2)nc2cc(CCC3CCCCC3)cc(F)c12,9.1549015,9.641746,-0.48684406
O=c1[nH]c(CSC2CCOCC2)nc2cc(NC3CCN(Cc4ccccc4)CC3)ccc12,8.119186,8.403502,-0.28431606
O=c1[nH]c(CSC2CCNCC2)nc2cc(NCC3CCOCC3)cc(F)c12,4.9469213,5.4295545,-0.4826331
CC(=O)Nc1cccc(CN2CCC(SCc3nc4c(C)cccc4c(=O)[nH]3)CC2)c1,6.2839966,6.133037,0.15095949
O=c1[nH]c(CSC2CCOCC2)nc2cc(NC3CCNC3)ccc12,5.0,4.771073,0.22892714
O=c1[nH]c(CSC2CCOCC2)nc2cc(N3CCOCC3)ccc12,6.0,6.2464757,-0.2464757
O=c1[nH]c(CSC2CCOCC2)nc2cc(F)ccc12,4.30103,4.8229756,-0.5219455
O=c1[nH]c(CSC2CCOCC2)nc2c(F)c(F)ccc12,3.69897,3.7080684,-0.009098291
O=c1[nH]c(CSC2CCNCC2)nc2cc(NCC3CCC3)c(F)cc12,4.623423,4.853582,-0.2301588
CN1CCN(c2ccc3c(=O)[nH]c(CSC4CCOCC4)nc3c2)CC1,4.133896,4.323466,-0.18956995
CC(C)COc1cc(F)c2c(=O)[nH]c(CSC3CCOCC3)nc2c1,6.537602,5.821283,0.7163191
Cc1cccc2c(=O)[nH]c(CSC3CCN(C(=O)CCc4ccccn4)CC3)nc12,4.6675615,5.0044713,-0.33690977
O=c1[nH]c(CSC2CCOCC2)nc2cc(NC3CCCC3)ncc12,5.455932,6.1181197,-0.6621876
OC[C@H]1OC(n2ccc3c(Nc4ccc(OC(F)(F)F)cc4)ncnc32)[C@H](O)[C@@H]1O,5.928118,5.756158,0.17196035
CN1CC[C@H](CNc2cc3nc(CSC4CCOCC4)[nH]c(=O)c3c(F)c2F)[C@H](F)C1,5.6382723,5.972466,-0.3341937
Cc1cccc2nc(CSC3CCOCC3)[nH]c(=O)c12,4.8292103,5.394882,-0.5656719
Cc1cccc2c(=O)[nH]c(CSC3CCN(Cc4nn(C)c5ccccc45)CC3)nc12,5.167491,5.7939363,-0.6264453
CNc1ccc2c(=O)[nH]c(CSC3CCOCC3)nc2c1,4.69897,4.3857923,0.3131776
O=c1[nH]c(CS[C@H]2CC[C@H](CO)CC2)nc2cc(Nc3ccccc3)ccc12,4.0264935,4.560414,-0.5339203
COC(C)(C)CNc1cc2nc(CSC3CCOCC3)[nH]c(=O)c2c(F)c1F,7.275724,7.0205846,0.25513935
Cc1cccc2c(=O)[nH]c(CSC3CCN(C(=O)CCN)CC3)nc12,5.581533,5.432708,0.14882517
Cc1cccc2c(=O)[nH]c(CSC3CCN(C(=O)CCN(C)C)CC3)nc12,8.673394,8.43776,0.23563385
Cc1cccc2c(=O)[nH]c(CSC3CCN(C)C3)nc12,4.732828,4.4523273,0.2805009
Cc1n[nH]cc1CN1CCC(SCc2nc3c(C)cccc3c(=O)[nH]2)CC1,6.0,6.7718825,-0.77188253
O=c1[nH]c(CS[C@H]2CC[C@@H](O)CC2)nc2cc(Nc3ccccc3)ccc12,5.6382723,5.5184264,0.11984587
Cc1cccc2c(=O)[nH]c(CSC3CCN(C)CC3)nc12,4.0261245,4.0475955,-0.021471024
O=c1[nH]c(CS[C@H]2CC[C@@H](CO)CC2)nc2cc(Nc3cccnc3)ccc12,7.79588,7.980977,-0.18509722
O=c1[nH]c(CS[C@H]2CC[C@H](O)CC2)nc2cc(F)ccc12,8.0,7.8716373,0.12836266
Cc1cccc2c(=O)[nH]c(CSC3CCN(CCN)CC3)nc12,9.39794,9.475703,-0.07776356
O=c1[nH]c(CSC2CCC(O)CC2)nc2cc(Nc3ccccc3)ccc12,6.070581,6.132632,-0.06205082
C[C@@H]1[C@H]2C3=CC[C@@H]4[C@@]5(C)C[C@H](O)CC(C)(C)[C@@H]5CC[C@@]4(C)[C@]3(C)CC[C@@]2(C(=O)O)CC[C@@H]1C,8.39794,8.349702,0.0482378
Cc1cccc2c(=O)[nH]c(CSC3CC(CN)C3)nc12,7.7212462,6.347814,1.3734322
CC(=O)N1CCC(SCc2nc3c(C)cccc3c(=O)[nH]2)CC1,6.161151,5.9929566,0.1681943
Cc1cccc2c(=O)[nH]c(CSC3CCC(CN)C3)nc12,4.1165657,4.598026,-0.4814601
Cc1cccc2c(=O)[nH]c(CSC3CCN(CCNC(=O)c4ccccn4)CC3)nc12,9.69897,9.76352,-0.0645504
O=c1[nH]c(CS[C@H]2CC[C@@H](C(=O)O)CC2)nc2cc(NC3CCCC3)cc(F)c12,7.318759,7.092982,0.22577715
Cc1cccc2c(=O)[nH]c(CSCC3CCOCC3)nc12,8.522879,8.882411,-0.35953236
Cc1cccc2c(=O)[nH]c(CS[C@H]3CCC[C@@H](CO)C3)nc12,9.49485,9.426477,0.06837273
Cc1cccc2c(=O)[nH]c(CS[C@@H]3CCC[C@@H](CO)C3)nc12,5.0457573,5.80423,-0.7584729
CN(c1ccc2c(=O)[nH]c(CSC3CCOCC3)nc2c1)C1CCCCC1,5.251812,6.039454,-0.787642
CN(C)CC(=O)Nc1ccccc1-c1cccc2c1[nH]c1ccccc12,6.21467,6.331307,-0.11663675
CN(C)c1ccc2c(=O)[nH]c(CSC3CCOCC3)nc2c1,5.0,7.115375,-2.115375
CC(=O)N1CCC(Nc2ccc3c(=O)[nH]c(CSC4CCOCC4)nc3c2)C1,8.180456,8.566516,-0.38605976
Cc1cccc2c(=O)[nH]c(CSC3CCN(C[C@@H](O)CO)CC3)nc12,4.60206,4.528328,0.0737319
Cc1cccc2c(=O)[nH]c(CSC3CCNC3)nc12,9.346787,9.550784,-0.20399666
O=c1[nH]c(CSC2CCOCC2)nc2cc(Nc3cnccn3)ccc12,8.30103,8.51136,-0.21033001
O=c1[nH]c(CSC2CCOCC2)nc2cc(OCc3ccccc3)ccc12,4.30103,4.3576236,-0.056593418
O=c1[nH]c(CSC2CCOCC2)nc2cc(Oc3ccccc3)ccc12,4.69897,4.7738914,-0.07492161
O=c1[nH]c(CS[C@H]2CCN[C@@H](C(F)(F)F)C2)nc2cc(NC3CCCC3)cc(F)c12,7.537602,7.194255,0.34334707
CO[C@H]1CC[C@H](SCc2nc3c(C)cccc3c(=O)[nH]2)CC1,6.90309,6.619187,0.28390312
Cc1ccc2nc(CSC3CCOCC3)[nH]c(=O)c2c1,7.1870866,7.916334,-0.72924757
O=c1[nH]c(CSC2CCOCC2)nc2cc(NCc3ccccn3)ccc12,4.69897,4.814305,-0.11533499
NC(=O)[C@H]1CC[C@H](SCc2nc3cc(OCC4CCC4)cc(F)c3c(=O)[nH]2)CC1,4.276134,4.539211,-0.26307678
Cc1cccc2c(=O)[nH]c(CSC3CCN(S(=O)(=O)c4ccccn4)CC3)nc12,7.935542,8.881872,-0.9463301
CC(=O)NC[C@H]1CC[C@H](SCc2nc3c(C)cccc3c(=O)[nH]2)CC1,6.4400935,6.7004223,-0.26032877
Cc1cccc2c(=O)[nH]c(CS[C@H]3CC[C@@H](CO)CC3)nc12,4.7695513,4.513065,0.25648642
O=c1[nH]c(CSC2CCOCC2)nc2cc(Nc3nccs3)ccc12,7.1307683,6.6912904,0.43947792
O=c1[nH]c(CSC2CCOCC2)nc2cc(Nc3cncnc3)ccc12,3.7746906,3.4400473,0.33464336
O=c1[nH]c(CSC2CCOCC2)nc2cc(Nc3ccncc3)ccc12,5.2182446,4.2538924,0.96435213
O=c1[nH]c(CSC2CCOCC2)nc2cc(NCc3ccncc3)ccc12,5.0,4.837891,0.1621089
O=c1[nH]c(CSC2CCOCC2)nc2cc(Nc3ccccn3)ccc12,5.7695513,5.060414,0.70913744
CO[C@H]1CC[C@@H](SCc2nc3c(C)cccc3c(=O)[nH]2)CC1,9.2218485,8.755708,0.46614075
COc1cc2c(=O)[nH]c(CSC3CCNCC3)nc2cc1NCC1CCC1,5.179208,5.5885406,-0.40933275
Cc1cccc2c(=O)[nH]c(CS[C@H]3CC[C@@H](C(N)=O)CC3)nc12,5.0,5.3367124,-0.33671236
Cc1cccc2c(=O)[nH]c(CSC3CCN(CC4CCCN4)CC3)nc12,5.2596374,5.722771,-0.4631338
Cc1cccc2c(=O)[nH]c(CSC3CCCOCC3)nc12,5.0,5.498492,-0.49849176
Cc1cccc2c(=O)[nH]c(CS[C@@H]3CC[C@@H](CCN)C3)nc12,8.09691,6.7690177,1.3278928
NC[C@H]1CC[C@@H](SCc2nc3cc(NC4CCCC4)cc(F)c3c(=O)[nH]2)CO1,4.5044556,4.635513,-0.13105726
Cc1cccc2c(=O)[nH]c(CSC3CCN(C[C@H](O)CO)CC3)nc12,4.0,3.8061738,0.1938262
Cc1cccc2c(=O)[nH]c(CSC3CCN(Cc4ccc(C#N)cc4)CC3)nc12,4.3936186,4.932248,-0.53862953
Cc1nn(C)cc1CN1CCC(SCc2nc3c(C)cccc3c(=O)[nH]2)CC1,4.856049,4.8565946,-0.0005455017
Cc1cccc2c(=O)[nH]c(CSC3CCN(Cc4ccc5c(c4)NC(=O)C5)CC3)nc12,4.7446795,4.6638436,0.08083582
O=c1[nH]c(CS[C@H]2CCN[C@H](C(F)(F)F)C2)nc2cc(NC3CCCC3)cc(F)c12,8.30103,8.489925,-0.18889523
CCc1ccc(C(=O)Nc2cc(-n3cnc(C)c3)cc(C(F)(F)F)c2)cc1Nc1nc(-c2cccnc2)cs1,5.368556,4.983613,0.384943
O=C(Cc1ccc(NC(=O)C2CCN(C(=O)C3CCCCC3)CC2)cc1)Nc1ccc(C(=O)N2CCOCC2)cc1,6.0,5.634025,0.3659749
COC(=O)Nc1csc2c1NC(=O)CCCC2,7.6575775,7.499322,0.15825558
CCOC(=O)C1CCCN(C(=O)c2ccc3c(Nc4ccc(OC(F)(F)F)cc4)ncnc3c2)C1,6.958607,7.145393,-0.1867857
COc1cc(N2CCN(C)CC2)ccc1Nc1ncc(Cl)c(Oc2ccccc2N=C=S)n1,6.400057,6.1766677,0.22338915
C[C@@H]1[C@H]2C3=CC[C@@H]4[C@@]5(C)C[C@@H](O)CC(C)(C)[C@@H]5CC[C@@]4(C)[C@]3(C)CC[C@@]2(C(=O)OCc2ccccc2)CCC1(C)C,6.4089355,6.6197095,-0.21077394
[C]C([C])=[C][C][C][C@@]1([C])[C@H]([C]/[C]=C(\[C])[C]/[C]=[C]/C([C])([C])[O])[C][C@]2([C][C]=C([C])[C])C(=O)[C@@]1([C][C]=C([C])[C])C(=O)C(C(=O)c1ccc([O])c([O])c1)=C2[O],4.333482,4.014601,0.31888056
COC(=O)c1cc2c(Nc3ccc(OC(F)(F)F)cc3)ncnc2s1,9.346787,9.550174,-0.2033863
CCCCOc1ccc(C(=O)n2nnc3ccccc32)cc1,7.7695513,8.526011,-0.7564602
O=C(c1ccc(F)c(F)c1Cl)n1nnc2ccccc21,9.30103,9.37563,-0.07460022
CCc1ccc(C(=O)Nc2cccc(C(F)(F)F)c2)cc1-c1cc(C#N)cc(-c2cnc3cnccn23)c1,6.7447276,6.442456,0.30227184
O=C(Cn1cccc(NCc2cccc(Cl)c2)c1=O)NCc1ccc(Cl)c(Cl)c1,5.134304,5.245483,-0.111178875
[C]C([C])=[C][C][C][C@@]1([C])[C@H]([C][C]=C([C])[C])[C][C@]2([C][C]=C([C])[C])C(=O)[C@@]1([C][C]=C([C])[C])C(=O)C(C(=O)c1cccc([O])c1)=C2[O],5.5686364,6.1230636,-0.55442715
CC[C@H]1O[C@@H](NC(=S)NN=Cc2ccc(F)cc2)[C@H](O)[C@@H](O)[C@@H]1O,6.9029856,6.93986,-0.036874294
O=C(COc1cccc2c(=O)[nH]ccc12)c1ccccc1,4.30103,6.1041245,-1.8030944
N[C@H]1CCN(c2c(F)cc3c(=O)c(C(=O)O)cn4c3c2Oc2cc3c(ccc5ccccc53)cc2-4)C1,7.9211807,7.5016255,0.4195552
N#C/C(=C\c1ccc(-c2cccc(C(=O)O)c2)s1)c1nc2ccccc2s1,6.0,6.094174,-0.09417391
COc1cc(N2CCN(C)CC2)ccc1Nc1ncc(Cl)c(Oc2ccccc2N)n1,6.0,6.2920814,-0.29208136
CN(C)c1ccc(C(=O)NCCNC(=O)c2ccc(-c3cccc4[nH]nc(N)c34)cc2)cc1,5.8635964,5.7618117,0.101784706
COc1ccc(N2CCN(C(=O)c3cccc(Oc4ccc(C(N)=O)cc4)c3)CC2)cc1,4.009661,4.0913854,-0.08172417
CC(=O)Nc1ccc(C)c(Nc2nccc(-c3cccnc3)n2)c1,6.2596374,6.9044595,-0.6448221
CCOC(=O)CCCCC(=O)c1[nH]c(=O)[nH]c1C[n+]1ccc(C)cc1,5.0,4.9593625,0.040637493
Cc1ccncc1-c1ccc2nc(NC(=O)c3ccccc3)sc2c1,5.20412,4.7620354,0.4420848
CN1CCCN(C(=O)c2ccc3c(Nc4ccc(OC(F)(F)F)cc4)ncnc3c2)CC1,4.6161847,4.3150105,0.30117416
CCCc1cc(Oc2ccccc2)ccc1OCCCCOc1ccc2c(c1)CCC(C(=O)O)O2,8.30103,8.497225,-0.19619465
O=C1c2ccc3c4c(ccc(c24)C(=O)N1CCNCCO)C(=O)N(CCNCCO)C3=O,4.086186,4.0684366,0.01774931
[C]C(=[C])[C@@H]([O])[C][C]/C([C])=[C]/[C][C@@H]1[C][C@]2([C][C]=C([C])[C])C(=O)[C@@]([C][C]=C([C])[C])(C(=O)C(C(=O)c3ccc([O])c([O])c3)=C2[O])[C@@]1([C])[C][C][C]=C([C])[C],5.8999743,6.6001635,-0.7001891
Cc1nn(C)c2nnc(Nc3ccc(S(=O)(=O)N4CCNCC4)cc3)nc12,6.473661,6.792896,-0.31923485
CC(C)(C)C[C@H](NC(=O)c1cccc(CNC(=O)c2ccc(OCCO)cc2)c1)C(=O)Nc1ccccc1,6.334419,7.028642,-0.6942234
Cc1cc2c(CC(=O)O)csc2cc1OCc1cc(-c2ccc(Cl)cc2)on1,6.552842,6.407432,0.14541006
CCN(CC)c1ccc(NC(=O)Nc2ccc(C)c(Nc3nccc(-c4cccnc4)n3)c2)cc1,5.823909,4.8912277,0.9326811
Cc1ccc(C(=O)N2CCN(C(=O)c3ccc(-c4cccc5[nH]nc(N)c45)cc3)CC2)cc1,5.853872,6.0759478,-0.22207594
O=C(Cn1cc(COc2cc(O)c3c(=O)c4ccc(Br)cc4oc3c2)nn1)Nc1ccc(O)cc1O,5.0,5.224263,-0.22426319
Cc1cc(OCC[C@@H](C)Oc2ccc(C(F)(F)F)cc2-c2ccccn2)ccc1CCC(=O)O,4.30103,4.242129,0.05890131
O=C1Nc2cc(C(F)(F)F)ccc2Oc2ccc(-c3ccnc(N4CCOCC4)c3)cc21,4.630784,4.402885,0.22789907
O=C1Nc2ccccc2C1(c1cn(Cc2cccc(F)c2)c2ccccc12)c1cn(Cc2cccc(F)c2)c2ccccc12,5.9292235,5.1655846,0.763639
O=C1Nc2ccccc2C1(c1cn(Cc2ccc(Br)cc2)c2ccccc12)c1cn(Cc2ccc(Br)cc2)c2ccccc12,4.459996,4.3898582,0.07013798
O=C1Nc2ccccc2C1(c1c[nH]c2ccccc12)c1c[nH]c2ccccc12,5.844664,6.158989,-0.31432486
CC(C)n1cc(C2(c3cn(C(C)C)c4ccccc34)C(=O)Nc3ccccc32)c2ccccc21,9.886057,9.530933,0.35512352
Cn1cc(C2(c3cn(C)c4ccccc34)C(=O)Nc3ccccc32)c2ccccc21,5.0,4.1741776,0.82582235
O=C1Nc2ccc(Cl)cc2C1(c1c[nH]c2ccccc12)c1c[nH]c2ccccc12,6.646084,6.4827485,0.16333532
O=C1Nc2ccccc2C1(c1cn(Cc2ccccc2F)c2ccccc12)c1cn(Cc2ccccc2F)c2ccccc12,4.7931743,4.8767476,-0.08357334
O=C1Nc2ccccc2C1(c1cn(Cc2ccccc2Cl)c2ccccc12)c1cn(Cc2ccccc2Cl)c2ccccc12,4.69897,4.565688,0.13328171
Cc1ccc2c(c1)C(c1c[nH]c3ccccc13)(c1c[nH]c3ccccc13)C(=O)N2,4.30103,4.49398,-0.19294977
CCCCn1cc(C2(c3cn(CCCC)c4ccccc34)C(=O)Nc3ccccc32)c2ccccc21,5.0,5.1103024,-0.11030245
CC(C)Cn1cc(C2(c3cn(CC(C)C)c4ccccc34)C(=O)Nc3ccccc32)c2ccccc21,5.552842,5.289972,0.2628703
Cc1nn(C)c2nnc(Nc3ccc(S(=O)(=O)N4CCCNCC4)cc3)nc12,4.823909,5.0697627,-0.2458539
CCOc1ccc(S(=O)(=O)N2CCCNCC2)cc1-c1nnc2c(n1)c(C)nn2C,6.725842,6.0416226,0.68421936
CCCn1cc(C2(c3cn(CCC)c4ccccc34)C(=O)Nc3ccccc32)c2ccccc21,6.0,5.5699496,0.43005037
O=C1Nc2ccc(Br)cc2C1(c1c[nH]c2ccccc12)c1c[nH]c2ccccc12,7.0457573,6.930083,0.115674496
O=C1Nc2ccccc2C1(c1cn(Cc2ccccc2)c2ccccc12)c1cn(Cc2ccccc2)c2ccccc12,7.3665314,6.7144837,0.65204763
Cc1oc(-c2ccccc2)nc1CCOc1cccc(Cc2cn(C)cc2C(=O)O)c1,6.39794,6.3367395,0.06120062
CCc1ccc(O[C@H](C)CCOc2ccc(CCC(=O)O)c(C)c2)c(-c2ccsc2)c1,5.408268,4.9428244,0.4654436
CNCCN(C)C(=O)c1ccc2c(Nc3ccc(OC(F)(F)F)cc3)ncnc2c1,4.30103,4.8744946,-0.5734644
COc1ccc(-c2nn(CC3CCNCC3)c3ncnc(N)c23)cc1C,4.30103,4.572947,-0.27191687
Nc1ccccc1NC(=O)c1ccc(-c2ccc3ncnc(Nc4ccc(OCc5cccc(F)c5)c(Cl)c4)c3c2)s1,4.30103,4.140617,0.16041327
COc1ccc(-c2ccccc2-c2cc(OC)cc(OC)c2)cc1,6.8477116,7.3735347,-0.5258231
CC(=O)N1N=C(c2cc3ccccc3oc2=O)CC1c1ccccc1,8.0,7.841831,0.1581688
CNCCOc1ccc(C(=O)NCc2cccc(C(=O)N[C@@H](CC(C)C)C(=O)Nc3ccc(CCC(=O)O)cc3)c2)cc1,5.823909,5.3008943,0.52301455
NS(=O)(=O)c1ccc(Nc2nc(N3CCOCC3)nc3nc[nH]c23)cc1,4.9000087,4.9291863,-0.029177666
CC(=O)c1sc(-c2ccc(OCCCOc3ccc4c(c3)CC[C@H]4CC(=O)O)nc2)nc1C,5.623423,5.0756087,0.54781437
CCCCCCN(CCCCCC)C(=O)[C@H](C)NC(=O)[C@@H](NC(=O)[C@H](Cc1ccc(OP(=O)(O)O)cc1)NC(C)=O)C(C)C,8.0,7.971268,0.028731823
COc1cc(N2CCN(C)CC2)ccc1Nc1ncc(Cl)c(Oc2cccc(NC(=O)/C=C/CN(C)C)c2)n1,7.09691,7.7316422,-0.63473225
Cc1oc(-c2ccccc2)nc1CCOc1cccc(CC2CN(C(=O)OCC(C)C)CCC2C(=O)O)c1,5.0338583,5.120274,-0.08641577
Cc1c(CC(=O)N2CCN(C(=O)C3COc4ccccc4O3)CC2)c(=O)oc2c(O)c(O)ccc12,6.0,6.192924,-0.19292402
CN(Cc1c(F)cccc1Cl)C(=O)CNC(=O)c1ccc2c(c1)OCO2,5.958607,5.380572,0.57803535
Cn1cc(-c2cnc3ccc(NC(=O)NC(C)(C)C)nc3c2)cn1,6.935542,7.93386,-0.9983177
CC[C@@](C)(Cc1ccc(OCCCOc2ccc3c(C)cc(=O)[nH]c3c2)cc1)C(=O)O,5.3400836,5.266759,0.07332468
Cc1c(Nc2ccc(OC(F)(F)F)cc2)ncnc1-c1cccc(C(=O)O)c1,3.9643302,4.369921,-0.405591
CCc1cc(OCC[C@@H](C)Oc2ccc(C(F)(F)F)cc2-c2ccccn2)ccc1CCC(=O)O,4.0,4.0324054,-0.032405376
CC1CN(c2cccnc2)Cc2cc(C(=O)Nc3cc(CN4CCN(C)CC4)cc(C(F)(F)F)c3)ccc21,7.09691,6.7665925,0.3303175
CC(C)(Oc1ccc(CCOc2ccc(NC(=O)Nc3ccccc3)cc2)cc1)C(=O)Nc1ccccc1,3.69897,3.8069358,-0.10796571
OC[C@H]1O[C@@]2(CC(c3nc4ccccc4s3)=NO2)[C@H](O)[C@@H](O)[C@@H]1O,4.709965,4.8735175,-0.16355228
CCC(=O)c1cc(C(C)CC)c(OC(C(=O)O)c2ccccc2)c(C(C)CC)c1,5.197226,5.7230763,-0.5258503
O=C(Cn1cc(COc2cc(O)c3c(=O)c4ccc(O)cc4oc3c2)nn1)Nc1ccc(O)c(O)c1,8.207608,8.689487,-0.48187923
Cn1c(C(=O)N2CCC3(CC2)C(=O)NCN3c2ccccc2)cc2c(Nc3ccc(OC(F)(F)F)cc3)ncnc21,4.60415,5.1412473,-0.53709745
O=C(N/N=C/c1cccc(F)c1)c1nc(-c2cc3ccccc3oc2=O)cs1,7.0222764,7.1159167,-0.09364033
O=C(N/N=C/c1ccc(Cl)cc1)c1nc(-c2cc3ccccc3oc2=O)cs1,6.2502637,6.265828,-0.015564442
COc1ccc(CC(=O)Nc2ccccc2-c2cccc3c2[nH]c2ccccc23)cc1,3.8860567,4.426432,-0.5403755
[C]C([C])=[C][C][C]/C([C])=[C]/[C]C1([C][C]=C([C])[C])C([O])=C(C(=O)c2ccc([O])c([O])c2)C(=O)C2=C1OC([C])([C])[C]=[C]2,7.5228786,7.2657876,0.25709105
O=C(N/N=C/c1cc(Cl)cc(Cl)c1O)c1nc(-c2cc3ccccc3oc2=O)cs1,9.026872,8.658202,0.3686695
COc1ccccc1/C=N/NC(=O)c1nc(-c2cc3ccccc3oc2=O)cs1,4.30103,5.2755055,-0.9744754
O=C(N/N=C/c1cc(Cl)ccc1O)c1nc(-c2cc3ccccc3oc2=O)cs1,6.0,7.1667113,-1.1667113
O=C(N/N=C/c1ccc(C(F)(F)F)cc1)c1nc(-c2cc3ccccc3oc2=O)cs1,4.69897,4.726876,-0.027905941
O=C(N/N=C/c1cccc(Br)c1)c1nc(-c2cc3ccccc3oc2=O)cs1,6.386158,7.477548,-1.0913901
COc1ccc(/C=N/NC(=O)c2nc(-c3cc4ccccc4oc3=O)cs2)cc1,6.4881167,7.230728,-0.7426114
CC(C)(C)c1cc(/C=N/NC(=O)c2nc(-c3cc4ccccc4oc3=O)cs2)c(O)c(C(C)(C)C)c1,8.721247,8.771671,-0.050424576
O=C(Cc1ccc(Cl)cc1)Nc1ccccc1-c1cccc2c1[nH]c1ccccc12,6.49485,7.2050424,-0.7101922
COc1ccc(Nc2cc(-c3ccc(C(=O)NCCNC(=O)c4c(F)cccc4Cl)cc3)ncn2)cc1,4.5228786,4.5962396,-0.07336092
N#Cc1ccc(CS(=O)(=O)Nc2ccccc2-c2cccc3c2[nH]c2ccccc23)cc1,4.2778516,5.110285,-0.8324332
COc1ccc(/C=N/NC(=O)c2nc(-c3cc4ccccc4oc3=O)cs2)c(O)c1,5.0,6.008178,-1.0081782
O=C(N/N=C/c1ccccc1O)c1nc(-c2cc3ccccc3oc2=O)cs1,4.49485,4.311136,0.18371439
O=C(N/N=C/c1cccc(Cl)c1)c1nc(-c2cc3ccccc3oc2=O)cs1,6.6777806,6.584968,0.09281254
O=C(N/N=C/c1ccc(O)cc1)c1nc(-c2cc3ccccc3oc2=O)cs1,6.6655464,6.8092313,-0.14368486
O=C(N/N=C/c1ccccc1F)c1nc(-c2cc3ccccc3oc2=O)cs1,4.30103,3.8639512,0.43707895
O=C(N/N=C/c1cc(O)ccc1O)c1nc(-c2cc3ccccc3oc2=O)cs1,4.115205,4.3746166,-0.2594118
O=C(N/N=C/c1ccc(O)c(O)c1)c1nc(-c2cc3ccccc3oc2=O)cs1,4.30103,4.8185506,-0.5175204
C(=N\Nc1nc(-c2ccc(-c3ccccc3)cc2)cs1)/c1cccc2ccccc12,7.920819,8.036089,-0.11527014
O=C(N/N=C/c1ccc(O)c(F)c1)c1nc(-c2cc3ccccc3oc2=O)cs1,6.600326,6.599603,0.00072288513
NC(=O)C1CCN(C(=O)c2ccc3c(Nc4ccc(OC(F)(F)F)cc4)ncnc3c2)CC1,8.0,7.907841,0.092158794
O=c1cc(-c2ccc(O)c(O)c2)oc2c1ccc1ccccc12,5.275724,5.424932,-0.14920807
CC1(C)CC[C@]2(C(=O)O)CC[C@]3(C)C(=CC[C@@H]4[C@@]5(C)C[C@H](O)[C@@H](O)C(C)(C)[C@@H]5CC[C@]43C)[C@@H]2C1,7.2596374,7.8750052,-0.6153679
CCOc1ccc2c(c1)c(Oc1cccc(C(F)(F)F)c1)c(C(=O)O)n2-c1ccc(C(C)(C)C)cc1,6.0,5.88343,0.116569996
Nc1n[nH]c2cc(-c3ccc(C(=O)N4CCN(C(=O)c5ccc(Br)cc5)CC4)cc3)ccc12,5.207608,5.3553486,-0.14774036
O=C(Cc1ccc(Cl)c(Cl)c1)Nc1ccccc1-c1cccc2c1[nH]c1ccccc12,7.0132284,6.5575156,0.4557128
O=C(Cn1cccc(NCc2ccccc2)c1=O)NCc1ccc(Cl)c(Cl)c1,4.9292235,5.1365867,-0.20736313
CC1(C)CC[C@]2(C(=O)OCc3ccccc3)CC[C@]3(C)C(=CCC4[C@@]5(C)CC(C=O)C(=O)C(C)(C)C5CC[C@]43C)[C@@H]2C1,5.1870866,5.4660344,-0.27894783
CC(=O)Nc1nc(-c2cc(Cl)c(Cl)s2)cs1,5.7212462,5.7472634,-0.026017189
CCCCN(c1cccc(-c2ccc(Cl)cc2)c1C)S(=O)(=O)c1ccc(OCC(=O)O)c(C)c1C,7.5686364,7.4844003,0.084236145
Cc1c([N+](=O)[O-])cc(N2C(=O)C=CC2=O)cc1[N+](=O)[O-],6.0,6.1128354,-0.11283541
CCOC(=O)C1CCCN(C(=O)c2cc3c(Nc4ccc(OC(F)(F)F)cc4)ncnc3n2C)C1,5.0,5.437227,-0.43722677
CC(C)(C)c1nc(-c2cnc3ccccc3c2)c2c(N)nccn12,7.4089355,7.5870833,-0.1781478
C=CC(=O)Nc1ccc(Oc2nc(Nc3ccc(N4CCN(C)CC4)cc3OC)ncc2Cl)cc1,7.3186154,7.7066693,-0.3880539
Cc1cccc(-c2nn3c(c2-c2ccncc2)C(C)C(C)(C)C3)c1C#N,5.2596374,5.81198,-0.5523424
O=C(NCc1nc2ccccc2[nH]1)Nc1nc2ccc(F)cc2s1,5.0,5.2125673,-0.21256733
COc1ccc(-c2cc(=O)c3ccc(OCc4ccc(Cl)nc4)cc3o2)cc1,3.6478174,3.844348,-0.19653058
CN(C)CCCN1C(=O)c2ccc3c4c(ccc(c24)C1=O)C(=O)N(CCCN(C)C)C3=O,8.970616,9.301792,-0.3311758
Nc1ncnc2c1c(-c1cccc(O)c1)cn2[C@H]1C[C@@H](CN2CCC2)C1,8.721247,8.763076,-0.04182911
Cc1oc2nc(SCCCC(=O)NCCO)nc(N)c2c1C,4.30103,4.4745955,-0.17356539
CS(=O)(=O)Nc1ccc(-c2cccc(C(=O)N[C@H]3CN[C@@H](C(=O)Nc4ccc(Cl)c(C(F)(F)F)c4)C3)c2)cn1,4.368556,4.6207404,-0.2521844
O=C(Cc1ccc(NC(=O)C2CCN(C(=O)c3ccccc3)CC2)cc1)Nc1ccc(C(=O)N2CCOCC2)cc1,4.1340084,4.2008615,-0.06685305
O=C(NS(=O)(=O)c1ccccc1)C(Sc1nc2cc(Cl)ccc2s1)c1ccccc1,6.0925884,5.1540465,0.9385419
Cc1c(-c2cnn(Cc3ccc(OC(F)(F)F)cc3)c2)[nH]c2ccccc2c1=O,4.026295,4.071551,-0.04525566
Cc1c(-c2ccc(Oc3ccc(OC(F)(F)F)cc3)cc2)[nH]c2ccccc2c1=O,5.2596374,5.4582944,-0.19865704
CCOC(=O)c1c(-c2ccc(-c3ccc(Cl)cc3)cc2)[nH]c2ccccc2c1=O,4.083546,4.050915,0.032631397
CC1(C)CC[C@]2(C(=O)OCc3ccccc3)CC[C@]3(C)[C@H]([C@@H](O)C[C@@H]4[C@@]5(C)CC[C@H](O)C(C)(C)[C@@H]5CC[C@]43C)[C@@H]2C1,4.465974,4.6139274,-0.14795351
Cc1cnc(Nc2cnn(C)c2)nc1N1CC2CCCC(C1)N2CCC#N,7.429457,7.478686,-0.04922867
CC1(C)CC[C@]2(C(=O)OCc3ccccc3)CC[C@]3(C)C(=CC[C@@H]4[C@@]5(C)C[C@H](O)[C@@H](O)C(C)(C)[C@@H]5CC[C@]43C)[C@@H]2C1,6.552842,6.1440673,0.40877485
COc1cccc(CC(=O)Nc2ccccc2-c2cccc3c2[nH]c2ccccc23)c1,5.5297365,6.1348605,-0.605124
Cc1c(Cc2c(Cl)cccc2Cl)c(=O)ccn1CCCc1ccc(-c2c[nH]c(CNC(=O)Nc3ncc(Br)s3)n2)cc1,4.823909,4.8851495,-0.061240673
Cc1cn([C@@H]2O[C@H](CO)[C@@H](O)[C@H](O)[C@H]2O)c(=O)[nH]c1=O,7.4012094,8.171002,-0.76979303
O=C(Cc1ccc(=O)[nH]c1)Nc1ccccc1-c1cccc2c1[nH]c1ccccc12,7.6575775,7.50684,0.15073729
Clc1cccc(Nc2ncnc3n[nH]c(NCc4ccccc4)c23)c1,5.0,6.315503,-1.3155031
O=C(NCCN1CCOCC1)c1cccc(-c2ccc3c(c2)C(=O)Nc2cc(OC(F)(F)F)ccc2N3)c1,4.4388986,4.680099,-0.24120045
COc1cc(-c2ccc(OCCBr)cc2)c(OC)c(OCCBr)c1-c1ccc(O)cc1,6.0,5.93329,0.066709995
Oc1ccc2c(c1)sc1nncn12,5.008774,4.653236,0.3555379
CC1CN(c2cncnc2)Cc2cc(C(=O)Nc3cc(CN4CC[C@@H](N(C)C)C4)cc(C(F)(F)F)c3)ccc21,5.5575204,5.553642,0.0038785934
CN(C)C(=O)c1cccc(-c2cn(C)c(=O)c3[nH]ccc23)c1,7.79588,7.777198,0.018682003
N#C/C(=C\c1ccc(-c2ccc(C(=O)O)cc2)s1)c1nc2ccccc2s1,6.889242,7.8825536,-0.9933114
CSCC[C@H](NC(=O)c1ccccc1)C(=O)Nc1nc(-c2ccccc2)cs1,6.7695513,6.711159,0.058392048
O=c1cc(-c2ccc(OCc3ccc(Cl)nc3)cc2)oc2cc(O)cc(O)c12,5.869666,6.004663,-0.13499689
COc1ccccc1COc1ccc(C(N)=O)c(F)c1,5.371611,5.1327496,0.23886156
COc1cc(N2CCN(C)CC2)ccc1Nc1ncc(Cl)c(Oc2cccc([N+](=O)[O-])c2)n1,4.756962,4.6086397,0.1483221
CCc1cccc(-c2nn3c(c2-c2ccnc(Nc4ccc(S(N)(=O)=O)cc4)c2)C(C)C(C)(C)C3)n1,5.0,5.04654,-0.046539783
COc1cc(N2CCN(C)CC2)ccc1Nc1ncc(Cl)c(Oc2ccccc2[N+](=O)[O-])n1,4.30103,3.8731363,0.42789388
CC(C)(C)c1csc(NC(=O)CNC(=O)c2ccc(N)cc2)n1,6.90309,6.803134,0.099956036
CCCC(Sc1nc2cc(Cl)ccc2s1)C(=O)NS(=O)(=O)c1ccc(Cl)cc1,4.0264196,4.0224204,0.0039992332
COc1ccc(CC(=O)Oc2ccc(C)cc2Br)cc1OC,5.0,4.3160844,0.6839156
CSc1ccccc1OCc1cc(C(=O)N2CCNC(=O)C2)no1,8.0,8.197051,-0.19705105
Cn1ccc2c(Nc3ccc(OC(F)(F)F)cc3)ncnc21,9.69897,9.236089,0.4628811
CCC(C)(C)n1nnnc1C(c1cccnc1)N1CCCc2ccccc21,4.69897,6.0141006,-1.3151307
O=C(NCc1nc2ccccc2[nH]1)Nc1nc2ccccc2s1,8.045757,7.150528,0.89522934
Nc1ccccc1NC(=O)CCc1ccc(-c2ccc3ncnc(Nc4ccc(OCc5cccc(F)c5)c(Cl)c4)c3c2)cc1,6.823909,7.0568957,-0.23298693
Cc1ccc(NC(=O)[C@H](CC(C)(C)C)NC(=O)c2cccc(CNC(=O)c3ccc(OCCO)cc3)c2)cc1,5.7121983,6.4311976,-0.7189994
O=C(Cc1ccc2c(c1)OCO2)Nc1ccccc1-c1cccc2c1[nH]c1ccccc12,6.5090027,6.771527,-0.26252413
Cc1cc(S(=O)(=O)Nc2nc3ccccc3[nH]2)c(S)cc1Cl,9.443698,8.897664,0.54603386
Nc1ccc(C(=O)Nc2cccc(Nc3nccc(-c4cccnc4)n3)c2)cc1,7.3467875,8.581776,-1.2349882
Cc1ccc(NC(=O)c2ccc(CCl)cc2)cc1Nc1nccc(-c2cccnc2)n1,6.0,5.30525,0.69474983
CNCCOc1ccc(C(=O)NCc2cccc(C(=O)N3CCCC3C(=O)Nc3ccc(CCC(=O)O)cc3)c2)cc1,5.4173684,4.997638,0.4197302
c1nc(N2CCC3(CCCNC3)CC2)c2[nH]cnc2n1,4.6999917,5.006271,-0.30627918
CC1(C)CC[C@]2(C(=O)OCCCCBr)CC[C@]3(C)C(=CC[C@@H]4[C@@]5(C)C[C@@H](O)[C@H](O)C(C)(C)[C@@H]5CC[C@]43C)[C@@H]2C1,5.229148,5.329688,-0.10054016
CCCCCCCCCCCC(=O)Oc1cccc2c1C(=O)C=CC2=O,5.114639,5.533406,-0.41876698
C/C(=C\COc1ccc2ccc(=O)oc2c1)CC[C@@H]1C(C)(C)[C@H]2CC[C@@]1(C)O2,7.6197886,7.614576,0.005212784
CC(C)(C)C[C@H](NC(=O)c1cccc(CNC(=O)c2ccccc2)c1)C(=O)Nc1ccc(CCC(=O)O)cc1,5.309804,5.7474976,-0.4376936
FC(F)(F)Oc1ccc(Nc2cc(-c3cc(Nc4ccc(OC(F)(F)F)cc4)ncn3)ncn2)cc1,6.480172,6.5065804,-0.026408195
CC(C)(Oc1ccc(CCOc2ccc(NC(=O)c3ccccc3)cc2)cc1)C(N)=O,6.69897,6.394324,0.30464602
CCC(NC(=O)c1ccc2c(c1)cc(C)n2Cc1ccc(-c2ccccc2C(=O)O)cc1)c1ccccc1,5.5257835,5.2221828,0.3036008
O=C(Cn1cc(COc2cc(O)c3c(=O)c4cc(O)ccc4oc3c2)nn1)Nc1ccc(O)c(O)c1,7.167491,7.017294,0.15019703
CCC1=Cc2ncc(CN3CCN(c4ccc(C(=O)NC5CC5)nc4)CC3)cc2CC1=O,5.0,5.34328,-0.34327984
CCC1=CC2N=CC(CN3CCN(c4ccc(C(=O)NC5CC5)nc4)CC3)CC2NC1=O,5.6382723,5.2520833,0.38618898
Cc1ccc(NC(=O)Nc2ccc(N(C)C)cc2)cc1Nc1nccc(-c2cccnc2)n1,7.6575775,8.060563,-0.40298557
Cc1ccc(NC(=O)c2ccc(CN3CCN(CCO)CC3)cc2)cc1Nc1nccc(-c2cccnc2)n1,7.5228786,7.3044715,0.21840715
O=C(Cc1cccc(C(F)(F)F)c1)Nc1ccccc1-c1cccc2c1[nH]c1ccccc12,6.0,6.3723826,-0.37238264
FC(F)(F)Oc1ccc(Nc2cc(-n3ccc4cccnc43)ncn2)cc1,8.20066,8.616463,-0.41580296
COc1c(Br)c(-c2ccc(O)cc2)c(OC)c(O)c1-c1ccc(O)cc1,5.581036,4.9123383,0.66869783
Cc1cc(Oc2cccc(CNC(=O)c3ccc(Cl)cc3C)c2)ccc1OC(C)(C)C(=O)O,5.0,5.3651013,-0.36510134
COc1ccc(C=O)c(OCC(=O)Nc2sc3c(c2C#N)CCC(C)C3)c1,3.9586072,4.114793,-0.15618563
Cc1cn(-c2cc(NC(=O)c3ccc4c(c3)CN(c3cncnc3)CC4C)cc(C(F)(F)F)c2)cn1,5.1444807,5.149731,-0.005250454
FC(F)(F)Oc1ccc(Nc2ncnc3nn(Cc4cccc(Br)c4)cc23)cc1,5.055517,4.8306293,0.22488785
CC(C)c1cc(CN2CCN(C)CC2)cc(NC(=O)c2ccc3c(c2)CN(c2cncnc2)CC3C)c1,4.0,4.1747546,-0.17475462
Nc1cc(F)c(Sc2ccccn2)cc1C(=O)Nc1cccc(F)c1,6.2006593,6.841083,-0.6404238
Cc1oc(-c2ccccc2)nc1CCOc1cccc(Cc2nnn(-c3ccccc3)c2C(=O)O)c1,4.30103,4.4295135,-0.1284833
O=C(Nc1ccc(NS(=O)(=O)c2ccc(Cl)c(Cl)c2)cc1)Nc1ccc([N+](=O)[O-])cc1,5.49485,5.6433234,-0.14847326
Nc1ncnc2c1c(-c1ccc(Cl)cc1)nn2CC1CCNCC1,5.6455073,6.5290112,-0.8835039
CC(C)COc1ccc2cc(-c3nn(CC4CCNCC4)c4ncnc(N)c34)ccc2c1,6.047692,6.7180104,-0.6703186
CCc1ccc(O[C@H](C)CCOc2ccc(CCC(=O)O)c(CC)c2)c(-c2ccccn2)c1,5.2596374,5.645315,-0.3856778
CCN(CC)C(=O)c1cncc(-c2ccc(C(=O)N[C@H]3CN[C@@H](C(=O)Nc4ccc(Cl)c(C(F)(F)F)c4)C3)cc2)c1,5.387216,4.6630197,0.72419643
CCCCN(CCCC)C(=O)[C@H](C)NC(=O)[C@@H](NC(=O)[C@H](Cc1ccc(OP(=O)(O)O)cc1)NC(C)=O)C(C)C,4.821023,5.236361,-0.41533804
COc1cc(C=O)ccc1OCC(=O)Nc1sc2c(c1C#N)CCC(C)C2,5.829738,5.6405764,0.18916178
CS(=O)(=O)Nc1cccc(-c2ccc3c(c2)Oc2ccc(OC(F)(F)F)cc2NC3=O)c1,7.4907975,7.508054,-0.01725626
[C]C([C])=[C][C][C]/C([C])=[C]/[C]c1c([O])cc(/[C]=[C]/c2ccc(Cl)cc2)cc1[O],4.4449058,4.591106,-0.14620018
Cc1cc(S(=O)(=O)Nc2nnc3c4ccccc4ccn23)c(S)cc1Cl,4.951675,5.036341,-0.08466625
COc1ccc(-c2coc3cc(OCc4ccc(Cl)nc4)ccc3c2=O)cc1,5.0,5.371471,-0.37147093
Cc1oc(-c2ccccc2)nc1CCOc1ccc(Cc2nnn(-c3ccccc3)c2C(=O)O)cc1,5.0570006,4.329661,0.72733974
CCc1ccc(-c2nc3cc(NC(=O)c4cc([N+](=O)[O-])ccc4Br)ccc3o2)cc1,9.2218485,9.626863,-0.40501404
COc1cc(N2CCN(C)CC2)ccc1Nc1ncc(Cl)c(Oc2ccc(N=C=S)cc2)n1,6.850781,6.7542977,0.09648323
O=C(Cc1ccccc1)Nc1ccccc1-c1cccc2c1[nH]c1ccccc12,9.229148,9.501845,-0.27269745
CC1(C)CCc2cc(CC3=C(c4ccc(O)cc4)[C@@](O)(C(=O)O)OC3=O)ccc2O1,5.5883803,5.2140994,0.37428093
COc1ccc(C(=O)n2c(C)c(Cc3cccc(O[C@@H](C)C(=O)O)c3)c3cc(OC(F)(F)F)ccc32)cc1,4.086186,4.046803,0.039382935
COc1ccc2cc(-c3n[nH]c4cccnc34)[nH]c2c1,6.0,5.915696,0.084303856
Cn1cnc2ncnc(Nc3ccc(OC(F)(F)F)cc3)c21,4.30103,3.8664024,0.43462777
Cc1oc(-c2ccccc2)nc1CCOc1cccc(C2CN(C(=O)Oc3ccccc3)CCC2CC(=O)O)c1,7.958607,8.154685,-0.19607782
CCc1ccc(C(=O)Nc2cc(CN3CCN(C)CC3)cc(C(F)(F)F)c2)cc1C#Cc1ccoc1,6.03105,6.3523474,-0.32129717
Cc1ccc(-c2cc(-c3ccccc3Cl)c(C#N)c(N)n2)o1,4.69897,4.820146,-0.12117624
CCCCCCCCCCCC(=O)OCc1cn(CC(=O)O[C@H]2CC[C@]3(C)[C@H]4CC=C5[C@@H]6CC(C)(C)CC[C@]6(C(=O)OCc6ccccc6)CC[C@@]5(C)[C@]4(C)CC[C@H]3C2(C)C)nn1,4.6401644,3.7408836,0.8992808
Nc1ccccc1NC(=O)c1ccc(C(=O)Nc2cccc(Nc3ncc(-c4cccnc4)cn3)c2)cc1,4.5934596,4.239494,0.35396576
CC1(C)CC[C@]2(C(=O)O)CC[C@]3(C)C(=CC[C@@H]4[C@@]5(C)Cc6cn[nH]c6C(C)(C)[C@@H]5CC[C@]43C)[C@@H]2C1,7.823909,8.908635,-1.0847263
CN1CCN(c2ccc(-c3cc4c(c(N)nn4C)c(=O)[nH]3)cc2)CC1,4.30103,4.153327,0.14770317
COc1cccc(CSc2nnc(CSc3nc4nc(C)cc(C)n4n3)s2)c1,8.318759,8.165952,0.15280724
CCOC(=O)N1CCN(C(=O)Nc2ccc(NC(=O)N3CCN(C(=O)OCC)CC3)cc2)CC1,7.8860564,7.8395896,0.046466827
COc1cc(/C=C(\C#N)c2nc3ccccc3s2)ccc1O,9.107905,9.210053,-0.102148056
CC(C)COc1ccc2cc(-c3nn(CC4CCN(C)CC4)c4ncnc(N)c34)ccc2c1,5.207608,5.1732326,0.034375668
O=C(O)Cc1csc2cc(OCc3ccccc3COc3ccc(C(F)(F)F)cc3)ccc12,5.3665314,5.8547835,-0.48825216
CC(C)n1nc(Cc2cccc3ccccc23)c2c(N)ncnc21,5.0,5.7735825,-0.77358246
CC[C@H](C)[C@H](NC(=O)[C@H](CCC(=O)O)NC(=O)[C@H](CCC(=O)O)NC(=O)[C@H](Cc1ccc(OP(=O)(O)O)cc1)NC(C)=O)C(=O)N[C@@H](CCC(=O)O)C(=O)O,3.8239088,3.535585,0.28832388
COc1ccc2c(ccn2S(=O)(=O)c2cccc(C(=O)Nc3ccc(C)cc3C(=O)O)c2)c1,6.400117,6.7076955,-0.30757856
CCCCN(c1cccc(-c2cccc(Cl)c2)c1C)S(=O)(=O)c1ccc(OC(C)C(=O)O)c(C)c1C,5.2676063,5.3910804,-0.12347412
CCCCN(c1cccc(-c2ccc(C(F)(F)F)cc2)c1Cl)S(=O)(=O)c1ccc(OC(C)C(=O)O)c(C)c1C,8.522879,9.222291,-0.69941235
O=C(O)c1cccc(Nc2nccc(-c3cccnc3)n2)c1,6.978811,6.125687,0.85312366
Cc1cn(-c2cc(NC(=O)c3ccc(C)c(Nc4nccc(-c5ccccc5)n4)c3)cc(N3CCNCC3)c2)cn1,7.376751,7.3423505,0.034400463
Oc1ccc(-c2ccccc2-c2cc(O)cc(O)c2)cc1,6.154902,6.216617,-0.061715126
CC1=NN(C(=O)c2ccccc2)C(c2ccccc2O)C1,4.446117,3.91501,0.53110695
O=C1N/C(=N/c2ccccc2Cl)S/C1=C1\C(=O)Nc2ccc(F)cc21,5.2596374,6.1252,-0.86556244
C[C@@H]1C[C@H](C)C[C@H](C)[C@@H](O)CC(=O)O[C@H]([C@@H]2CCC[C@H]2C(=O)O)C/C=C/C=C(/C#N)[C@H](O)[C@@H](C)C1,9.408936,9.5040655,-0.09512997
CC1(C)CC[C@]2(C(=O)OCc3ccccc3)CC[C@]3(C)C(=CCC4[C@@]5(C)C/C(=N\OCc6ccc(Cl)cc6Cl)C(=O)C(C)(C)C5CC[C@]43C)[C@@H]2C1,4.369572,4.7222953,-0.35272312
CC1(C)CC[C@]2(C(=O)OCc3ccccc3)CC[C@]3(C)C(=CC[C@@H]4[C@@]5(C)C/C(=N\OCc6ccc(Cl)cc6Cl)C(=O)C(C)(C)[C@@H]5CC[C@]43C)[C@@H]2C1,7.5228786,7.835582,-0.31270313
COc1cc(/C=C/c2cccc(OC)c2O)cc(OC)c1,4.5883803,5.020642,-0.43226147
Cc1ccc(-n2nc3c(c2NC(=O)c2ccc(Br)o2)CSC3)c(C)c1,7.35868,7.797749,-0.43906927
OC[C@H]1NC[C@H](O)[C@@H](O)[C@@H]1O,5.116422,5.6548066,-0.53838444
CCOc1ccc2cc(-c3nn(C(C)(C)C)c4ncnc(N)c34)ccc2c1,4.628932,4.537254,0.09167814
COc1ccc(S(=O)(=O)N2CCCCCC2)cc1C(=O)Nc1ccc(C(=O)N(C)C)cc1,4.725634,4.8094287,-0.083794594
O=S(=O)(Cc1ccc(C(F)(F)F)cc1)Nc1ccccc1-c1cccc2c1[nH]c1ccccc12,4.60206,4.835118,-0.23305798
Fc1ccc(CNc2ncnc3c2cnn3CC(Cl)c2ccc(Cl)cc2)cc1,4.6903696,4.144954,0.5454154
CC1(C)CC[C@]2(C(=O)OCc3ccccc3)CC[C@]3(C)C(=CC[C@@H]4[C@@]5(C)Cc6cn[nH]c6C(C)(C)[C@@H]5CC[C@]43C)[C@@H]2C1,9.318759,9.308286,0.010473251
C[C@H]1CN(c2cncnc2)Cc2cc(C(=O)Nc3cc(CN4CCCN(C)CC4)cc(C(F)(F)F)c3)ccc21,7.552842,6.1152673,1.4375749
COc1cc(N2CCN(C)CC2)ccc1Nc1ncc(Cl)c(Oc2ccccc2NC(=O)/C=C/CN(C)C)n1,5.2596374,5.6574407,-0.3978033
CCc1ccc(OC(C)CCOc2ccc(CCC(=O)O)c(C)c2)c(C(=O)c2ccccc2)c1,5.0,6.35493,-1.3549299
CCc1ccc(O[C@H](C)CCOc2ccc(CCC(=O)O)c(C)c2)c(-c2ccccn2)c1,4.026475,4.3501205,-0.3236456
Clc1cccc(-c2[nH]c3ccccc3c2-c2nc(-c3ccccc3)c(-c3ccccc3)n2-c2ccccc2)c1,4.823909,4.5871687,0.23674011
Fc1ccc2[nH]c(-c3ccccc3)c(-c3nc(-c4ccccc4)c(-c4ccccc4)n3-c3cccc(Cl)c3)c2c1,8.49485,8.593474,-0.09862423
FC(F)(F)c1ccc(-c2[nH]c3ccccc3c2-c2nc(-c3ccccc3)c(-c3ccccc3)n2-c2ccccc2)cc1,9.443698,9.312626,0.13107204
Fc1ccc2[nH]c(-c3ccccc3)c(-c3nc(-c4ccccc4)c(-c4ccccc4)n3-c3ccccc3)c2c1,9.148742,9.262851,-0.11410904
CCCc1c(OCCCn2ccc3cc(C(=O)O)ccc32)ccc2c(C(F)(F)F)noc12,4.4793854,4.5682073,-0.08882189
CC(=O)Nc1ccc(-n2c(-c3c(-c4ccccc4)[nH]c4ccc(F)cc34)nc(-c3ccccc3)c2-c2ccccc2)cc1,7.0457573,6.8770986,0.16865873
COc1ccc(-n2c(-c3c(-c4ccc(Cl)cc4)[nH]c4ccc(Cl)cc34)nc(-c3ccccc3)c2-c2ccccc2)cc1,9.045757,9.618749,-0.5729914
COc1ccc(-n2c(-c3c(-c4cccc(Br)c4)[nH]c4ccccc34)nc(-c3ccccc3)c2-c2ccccc2)cc1,9.79588,10.880271,-1.0843906
Brc1ccc(-n2c(-c3c(-c4cccc(Br)c4)[nH]c4ccccc34)nc(-c3ccccc3)c2-c2ccccc2)cc1,3.5228786,3.81128,-0.28840137
COc1ccc(NC(=O)Cn2cc(COc3cc(O)c4c(=O)c5cc(OC)ccc5oc4c3)nn2)c(OC)c1,9.259637,9.399558,-0.13992119
C#CCOC(=O)N1CCc2c(OCCc3nc(-c4ccccc4)oc3C)ccc(CCC(=O)O)c2C1,5.0,4.5100474,0.48995256
CCCCCCCCCCCC(=O)OCc1cn(CC(=O)O[C@H]2CC[C@]3(C)[C@H]4CC=C5[C@@H]6CC(C)(C)CC[C@]6(C(=O)O)CC[C@@]5(C)[C@]4(C)CC[C@H]3C2(C)C)nn1,8.619789,9.665635,-1.045846
Cc1cc(Nc2ncc(C)c(N3CC(CC#N)(N4CCCCC4)C3)n2)sn1,7.61997,7.8037825,-0.18381262
CC1(C)CC[C@]2(C(=O)O)CC[C@]3(C)C(=CC[C@@H]4[C@@]5(C)C[C@@H](O)CC(C)(C)[C@@H]5CC[C@]43C)[C@@H]2C1,6.5228786,6.393475,0.12940359
COc1ccc(Nc2cc(-c3ccc(C(=O)NCCNC(=O)c4cccc(OC)c4)cc3)ncn2)cc1,5.1870866,5.5917497,-0.4046631
Cc1ccc2c(=O)[nH]c(CSc3ncccn3)nc2c1C,4.823909,5.001862,-0.17795324
Cc1ccccc1C(=O)N1CCN(C(=O)c2ccc(-c3cccc4[nH]nc(N)c34)cc2)CC1,5.0,5.412908,-0.41290808
COc1cc(-c2ccc(O)cc2)c(OC)c(OCCC(C)C)c1-c1ccc(O)cc1,5.377786,5.3558073,0.021978855
Cc1ccc2[nH]c([C@@H]3O[C@H](CO)[C@@H](O)[C@H](O)[C@H]3O)nc2c1,6.1169066,6.392676,-0.27576923
COCCN=NNc1cccc(Nc2nccc(-c3cccnc3)n2)c1,5.60206,5.0108466,0.5912132
COCCS(=O)(=O)Nc1ccccc1-c1cccc2c1[nH]c1ccccc12,5.6903696,5.919879,-0.22950935
[C]O[C@H]1OC(=O)C([C]c2ccc([O])c([C][C]=C([C])[C])c2)=C1c1ccc([O])cc1,6.0,5.8415594,0.15844059
CCCOc1ccc(-c2cc(OC)c(-c3ccc(O)cc3)c(OCCC)c2OC)cc1,4.2211256,4.5757627,-0.35463715
Cc1ccc(CC(=O)Nc2ccccc2-c2cccc3c2[nH]c2ccccc23)cc1,4.69897,5.1387944,-0.43982458
CCn1cnc2c(-c3ccc(F)c(-c4cc5c(cc4OC)C(=O)N(C)C5)c3)cnnc21,6.779892,6.1411757,0.6387162
C=CCOc1ccc(-c2cc(OC)c(-c3ccc(O)cc3)c(OCC=C)c2OC)cc1,7.309804,7.566076,-0.25627184
[C]C(=[C])[C]([O])[C][C@@H]1[C][C@]2([C][C]=C([C])[C])C(=O)[C@@]([C][C]=C([C])[C])(C(=O)C(C(=O)c3ccc([O])c([O])c3)=C2[O])[C@@]1([C])[C][C][C]=C([C])[C],7.0457573,7.9609885,-0.9152312
Cc1ccc(C)c(OCCCC(C)(C)C(=O)NS(=O)(=O)c2ccccc2)c1,6.821949,6.512815,0.309134
C=C(C)C(COc1c2occc2c(OC)c2ccc(=O)oc12)OC(C)(C)[C@H](O)COc1c2ccoc2cc2oc(=O)ccc12,5.7235384,6.276183,-0.5526447
C=C(C)C(COc1c2occc2cc2ccc(=O)oc12)OC(C)(C)[C@H](O)COc1c2ccoc2cc2oc(=O)ccc12,8.130768,8.357526,-0.226758
COC(=O)CCSCc1cn2cc(Cl)ccc2n1,5.0,5.0671825,-0.06718254
N#C/C(=C\c1ccc(O)c(O)c1)C(=O)Nc1cccc2ncccc12,5.468521,5.489247,-0.020725727
CNC(=O)CCc1ccc(NC(=O)[C@H](CC(C)(C)C)NC(=O)c2cccc(CNC(C)=O)c2)cc1,5.0665126,4.6151986,0.45131397
Cc1ccc(NC(=O)c2ccc(C(=O)NO)cc2)cc1Nc1ncc(-c2cccnc2)s1,4.0,4.8032713,-0.8032713
CCc1ccc(O[C@H](CC)CCOc2ccc(CCC(=O)O)c(C)c2)c(C(=O)c2ccccc2)c1,8.769551,8.974165,-0.20461369
Cc1ccc(NC(=O)NCCN2CCCC2)cc1Nc1nccc(-c2cccnc2)n1,5.69897,6.7773376,-1.0783677
CCc1ccc(OC(CC)CCOc2ccc(CCC(=O)O)c(C)c2)c(C(=O)c2ccccc2)c1,3.8239088,3.8591838,-0.035274982
Cn1ccnc1Sc1cc(C(=O)Nc2cccc(C(F)(F)F)c2)c(N)cc1F,4.6958327,5.092877,-0.39704418
COc1ccc(C(=O)Nc2ccccc2-c2cccc3c2[nH]c2ccccc23)cc1,6.0,6.2258916,-0.22589159
Cc1c(Cc2c(Cl)cccc2Cl)c(=O)ccn1C/C=C/c1ccc(-c2c[nH]c(CNC(=O)Nc3ncc(Br)s3)n2)cc1,5.206908,5.9763265,-0.76941824
Nc1c(C(=O)Nc2cc(Cl)ccc2Cl)sc2nc(-c3cccs3)ccc12,5.1077943,4.687303,0.42049122
C[C@H]1[C@H](C)CC[C@]2(C(=O)O)CC[C@]3(C)C(=CC[C@@H]4[C@@]5(C)CC[C@H](O)C(C)(C)C5CC[C@]43C)[C@H]12,5.3288274,5.593001,-0.2641735
C[C@H]1[C@H](C)CC[C@]2(C(=O)O)CC[C@]3(C)C(=CC[C@@H]4[C@@]5(C)CC[C@H](O)C(C)(C)[C@@H]5CC[C@]43C)[C@H]12,4.30103,4.5839763,-0.2829461
CNCc1ccc(-c2[nH]c3cc(F)cc4c3c2CCNC4=O)cc1,8.600327,9.528071,-0.92774487
CCc1ccc(O[C@H](C)CCOc2ccc(CCC(=O)O)c(C)c2)c(-c2cccs2)c1,3.627088,4.7957764,-1.1686883
O=S(c1ccccc1O)S(=O)c1ccccc1O,6.4145393,6.8639646,-0.44942522
Nc1ccc(-c2ccc(C(=O)N[C@H]3CN[C@@H](C(=O)Nc4ccc(Cl)c(C(F)(F)F)c4)C3)cc2)cn1,5.552842,5.2341576,0.31868458
Cc1ccc(NCc2ccc(/C=C/C(=O)NO)cc2)cc1Nc1nccc(-c2cccnc2)n1,6.2196827,6.3214655,-0.1017828
COc1ccc(Nc2cc(-c3ccc(C(=O)NCCNC(=O)c4ccccc4Cl)cc3)ncn2)cc1,5.2596374,5.771775,-0.5121374
COc1ccc(Nc2cc(-c3ccc(C(=O)NCCNC(=O)c4cccc(N(C)C)c4)cc3)ncn2)cc1,8.300509,7.997231,0.30327845
CC(C)C(NC(=O)[C@@H]1CCCN1C(=O)[C@@H](NC(=O)OCc1ccccc1)C(C)(C)C)P(=O)(Oc1ccccc1)Oc1ccccc1,4.162664,4.6483226,-0.48565865
COc1ccc(NC(=O)c2cc(Sc3nccn3C)c(F)cc2N)cc1OC,7.0655017,7.361214,-0.29571247
CCc1cc(Oc2cc(F)cc([C@@H](C)NC(=O)c3sc4ccc(Cl)cc4c3C)c2)ccc1CCC(=O)O,4.628932,5.194252,-0.56532
CN(C(=O)c1ccc(NC(=O)Cc2ccc(NC(=O)C3CCN(C(=O)C4CC4)CC3)cc2)cc1)C1CC1,6.600326,6.9362893,-0.33596325
CN1CCN(CCc2ccc(NC(=O)c3cc(-c4ccc5c(c4)OCO5)c[nH]c3=O)cc2)CC1,6.6575775,6.4251666,0.23241091
Cc1ccncc1-c1cnc2nc(NC(=O)C3CC3)sc2c1,7.3496923,7.7751765,-0.42548418
Cc1ccc(C(=O)Nc2ccc(F)c(Cl)c2)cc1Nc1nccc(-c2cccnc2)n1,4.0264564,4.1574554,-0.13099909
Clc1ccc(/N=c2\scc(-c3ccc(Cl)cc3)n2Nc2ccccc2)cc1,7.7447276,7.800859,-0.056131363
COc1ccc(Cn2ccc3c(Nc4ccc(OC(F)(F)F)cc4)ncnc32)cc1,9.207608,9.528898,-0.32129002
C=CC(=O)Nc1cccc(Oc2nc(Nc3ccc(N4CCN(C)CC4)cc3OC)ncc2Cl)c1,6.0,6.7914734,-0.7914734
CCc1ccc(C(=O)Nc2cc(CN3CCN(C)CC3)cc(C(F)(F)F)c2)cc1C#Cc1cnc(N(C)C)nc1,6.0,6.1888633,-0.18886328
C=CCOc1ccc(/C=C2\SC(=O)N(Cc3cccc([N+](=O)[O-])c3)C2=O)cc1OCC,5.2596374,5.674539,-0.41490173
Cc1cc(C)nc(Sc2cc(C(=O)Nc3cccc(N)c3)c(N)cc2F)n1,7.6575775,8.150619,-0.49304104
CCOc1ccc(CCNC(=O)CN2C(=O)c3cccnc3Oc3ccc(C)cc32)cc1OCC,6.806875,6.916178,-0.109303
COc1cccc(-c2nc3sccn3c2-c2ccnc(NCCNS(=O)(=O)c3ccc(C(F)(F)F)cc3)n2)c1,4.0,5.9818587,-1.9818587
Cn1ccnc1Sc1cc(C(=O)Nc2cccc(C#N)c2)c(N)cc1F,7.477887,7.5620847,-0.08419752
Cc1cc(F)c(Sc2nccn2C)cc1C(=O)Nc1cccc(C#N)c1,7.447332,7.58263,-0.13529825
Cc1ccc(NC(=O)c2cccc(C(F)(F)F)c2)cc1/C=C/n1cnc2c(Nc3ccncc3)ncnc21,9.537602,9.243566,0.29403687
Cc1oc(-c2ccc(-c3ncccn3)cc2)nc1CCOc1ccc(CCC(=O)O)c(CNC(=O)OC(C)C)c1,6.39794,6.6085134,-0.2105732
[C]O[C@@H]1OC(=O)C([C]c2ccc([O])c([C][C]=C([C])[C])c2)=C1c1ccc([O])cc1,4.3665314,4.0878563,0.27867508
COC(=O)c1sccc1S(=O)(=O)Nc1ccc(Nc2ccccc2)cc1OC,4.30103,4.0549335,0.24609661
c1cc2c3ccc4c5c(ccc(c6ccc7c(c1CN(CCN1CCCCC1)C7)c26)c53)CN(CCN1CCCCC1)C4,9.251812,9.051841,0.1999712
Nc1ncnc2c1ncn2[C@@H]1O[C@H](COP(=O)(O)OP(=O)(O)OP(=O)(O)Oc2ccccc2)[C@@H](O)[C@H]1O,4.005991,4.332173,-0.3261819
Nc1ncnc2c1c(-c1ccccc1)nn2-c1ccccc1,5.188224,5.3303084,-0.1420846
Nc1ncnc2c1c(-c1ccccc1)nn2CC1CCNCC1,6.0,5.5280905,0.47190952
CC(Oc1cc2nc(CSC3CCOCC3)[nH]c(=O)c2c(F)c1F)C1CCOCC1,5.853872,6.9641833,-1.1103115
Nc1ncnc2c1c(-c1ccc3cc(OCc4ccccc4)ccc3c1)nn2CC1CCNCC1,4.559091,4.5200768,0.03901434
Nc1ncnc2c1c(-c1ccc3cc(OCc4ccccc4Cl)ccc3c1)nn2CC1CCNCC1,4.246417,4.459941,-0.21352386
Nc1ncnc2c1c(-c1ccc3oc(-c4ccccc4)nc3c1)nn2CC1CCNCC1,5.6382723,5.6080356,0.030236721
Nc1ncnc2c1c(-c1cccc(OCC34CCC(CC3)O4)c1)cn2[C@H]1C[C@@H](CN2CCC2)C1,3.2062795,4.0117207,-0.80544114
CC[C@H](CO)Nc1nc(NCc2ccccc2)c2ncn(C(C)C)c2n1,4.8181562,4.6732655,0.14489079
COc1ccc(N2CCN(C)CC2)cc1Nc1ncc2c(n1)-c1c(c(C(N)=O)nn1C)CC2,6.161151,5.933661,0.22748995
Cc1cn(-c2cc(NC(=O)c3ccc(C)c(Nc4nccc(-c5ccc(F)cc5)n4)c3)cc(N3CCOCC3)c2)cn1,6.100089,6.5120354,-0.4119463
Cc1cn(-c2cc(NC(=O)c3ccc(C)c(Nc4nccc(-c5ccccc5)n4)c3)cc(N3CCN(C)CC3)c2)cn1,6.0,5.8739767,0.12602329
Cc1cn(-c2cc(NC(=O)c3ccc(C)c(Oc4cccc5ccncc45)c3)cc(N3CCN(C)CC3)c2)cn1,5.5128617,5.610404,-0.097542286
Cc1cn(-c2cc(NC(=O)c3ccc(C)c(Oc4ccccc4)c3)cc(C(F)(F)F)c2)cn1,4.0,4.335342,-0.33534193
Cc1cn(-c2cc(NC(=O)c3ccc(C)c(Oc4ccccc4)c3)cc(N3CCN(C)CC3)c2)cn1,5.6382723,5.8769674,-0.23869514
Cc1cn(-c2cc(NC(=O)c3ccc4c(c3)CN(c3cncnc3)C[C@@H]4C)cc(C(F)(F)F)c2)cn1,6.500313,6.674983,-0.17467022
Cc1cn(-c2cc(NC(=O)c3ccc4c(c3)CN(c3cncnc3)C[C@H]4C)cc(C(F)(F)F)c2)cn1,5.318759,5.4584546,-0.13969564
CC[C@H]1CN(c2cncnc2)Cc2cc(C(=O)Nc3cc(CN4CCN(C)CC4)cc(C(F)(F)F)c3)ccc21,6.3496923,6.836292,-0.48659945
CCc1ccc(C(=O)Nc2cccc(C(F)(F)F)c2F)cc1-c1cc(C)cc(-c2cnc3cnccn23)c1,7.180456,7.2792315,-0.09877539
CCc1ccc(C(=O)Nc2ccccc2C(F)(F)F)cc1-c1cccc(-c2cnc3cnccn23)c1,5.3736596,5.557774,-0.18411446
CCc1ccc(CCOc2ccc(Cc3sc(=O)[nH]c3O)cc2)nc1,4.478862,5.3293176,-0.85045576
Cc1c(C(=O)N2CCOc3ccc(-c4ccc(N)nc4)cc3C2)ccc(S(C)(=O)=O)c1F,4.350665,5.010513,-0.65984774
Nc1ncnc2c1c(-c1cccc(OCc3ccccc3)c1)cn2[C@H]1C[C@@H](CN2CCC2)C1,7.2839966,7.119561,0.16443539
Nc1ncnc2c1c(-c1cccc(OCc3ccccc3)c1)cn2[C@H]1C[C@H](N2CCC2)C1,5.920819,5.763296,0.15752268
Nc1nc2ccc(C(=O)c3ccccc3)cc2[nH]1,6.5114493,6.624473,-0.11302376
Nc1nc2ccc(C(=O)c3ccccc3)cc2n1CC1CCNCC1,5.2596374,5.5056014,-0.24596405
Nc1nc2ccc(C(=O)c3ccccc3)cc2n1CCC1CCNCC1,3.1258953,4.046624,-0.9207289
CCc1cc(CN2CCN(C)CC2)cc(NC(=O)c2ccc3c(c2)CN(c2cncnc2)CC3C)c1,6.0,5.882918,0.11708212
O=c1[nH]c(CSC2CCOCC2)nc2ncccc12,3.30103,4.136351,-0.8353212
Cc1cn(-c2cc(/C=C/C(=O)O)cc(NC(=O)c3ccc(C)c(Nc4nccc(-c5ccccc5)n4)c3)c2)cn1,7.44855,7.912079,-0.46352863
Cc1cn(-c2cc(CN3CCCC[C@H]3C(N)=O)cc(NC(=O)c3ccc(C)c(Nc4nccc(-c5ccc(F)cc5)n4)c3)c2)cn1,5.6703987,6.0037804,-0.33338165
Cc1cn(-c2cc(CN3CCC[C@H](N)C3)cc(NC(=O)c3ccc(C)c(Nc4nccc(-c5ccc(F)cc5)n4)c3)c2)cn1,8.869666,9.745009,-0.8753433
Cc1cn(-c2cc(CN3CCC[C@H](N)C3)cc(NC(=O)c3ccc(C)c(Oc4ccccc4)c3)c2)cn1,7.9065785,8.318739,-0.4121604
Cc1cn(-c2cc(CN3CCN(C)CC3)cc(NC(=O)c3ccc(C)c(Nc4nccc(-c5ccccc5)n4)c3)c2)cn1,7.6777806,7.172366,0.5054145
Cc1cn(-c2cc(CCC(=O)O)cc(NC(=O)c3ccc(C)c(Nc4nccc(-c5ccccc5)n4)c3)c2)cn1,4.1687703,4.1394296,0.029340744
Cc1cn(-c2cc(CCS(N)(=O)=O)cc(NC(=O)c3ccc(C)c(Nc4nccc(-c5ccccc5)n4)c3)c2)cn1,5.412289,5.837017,-0.42472792
Cc1ccncc1-c1ccc2nc(NC(=O)C3C[C@@H]3F)sc2c1,8.080922,9.131023,-1.0501013
O=c1[nH]c(CSC2CCOCC2)nc2cccnc12,4.468521,4.2009993,0.26752186
Nc1nccn2c1c(-c1ccc3ccc(-c4ccccc4)nc3c1)nc2[C@H]1C[C@@H](CN2CCC2)C1,4.0,4.1390805,-0.13908052
Cc1c(C)n(Cc2ccc(-c3ccccc3C(=O)O)cc2)c2ccc(C(=O)NCCCc3ccccc3)cc12,7.161151,8.12936,-0.96820927
Cc1c(C)n(Cc2ccc(-c3ccccc3C(=O)O)cc2)c2ccc(C(=O)NCc3ccccc3)cc12,6.600326,5.5140443,1.0862818
Cc1c(CN2CCN(C)CC2)cc(NC(=O)c2ccc3c(c2)CN(c2cncnc2)CC3C)cc1C(F)(F)F,5.093234,5.1616135,-0.0683794
CCc1ccc(C(=O)Nc2cccc(C(F)(F)F)c2)cc1-c1ccc(C)c(-c2cnc3cnccn23)c1,4.2549253,4.6286807,-0.37375546
C=CC(=O)N(c1ccc(Br)cc1Br)c1c(C#N)cnc2cc(OC)c(OC)cc12,7.091515,7.0804853,0.01102972
COc1cc(O)c2c(=O)c(-c3cccc(Cl)c3)cn(C)c2c1,5.69897,5.089933,0.6090369
O=C1Cc2c(ncnc2Nc2ccc(OC(F)(F)F)cc2)N1,5.2276783,5.5371337,-0.3094554
CC[C@@H]1CN(c2cncnc2)Cc2cc(C(=O)Nc3cc(CN4CCN(C)CC4)cc(C(F)(F)F)c3)ccc21,7.69897,8.327687,-0.6287174
CCOc1ccc2cc(-c3nn(CC4CCNCC4)c4ncnc(N)c34)ccc2n1,7.5512195,8.677097,-1.1258779
CC(C)Oc1ccc2cc(-c3nn(CC4CCNCC4)c4ncnc(N)c34)ccc2c1,4.6999917,4.9031157,-0.20312405
O=c1[nH]c(CSC2CCOCC2)nc2ccncc12,8.522879,8.725151,-0.20227242
O=c1[nH]c(CSC2CCOCC2)nc2cnccc12,7.6575775,8.178161,-0.52058315
Cc1ccnc2c(=O)[nH]c(CSC3CCOCC3)nc12,4.2749057,4.7711673,-0.4962616
Cc1ccncc1-c1ccc2c(c1)sc(=N)n2C,5.3233976,5.9522557,-0.6288581
Cc1ccncc1-c1ccc2nc(N(C)C(=O)OC(C)(C)C)sc2c1,9.1549015,9.616117,-0.46121502
Cc1ccncc1-c1ccc2nc(N(C)C(=O)[C@@H]3C[C@@H]3F)sc2c1,8.443698,8.716308,-0.2726097
CC(C)[C@@H]1CN(c2cncnc2)Cc2cc(C(=O)Nc3cc(CN4CCN(C)CC4)cc(C(F)(F)F)c3)ccc21,6.726004,6.742851,-0.016846657
CC(C)[C@H]1CN(c2cncnc2)Cc2cc(C(=O)Nc3cc(CN4CCN(C)CC4)cc(C(F)(F)F)c3)ccc21,8.431798,8.28671,0.1450882
CC(C)c1ccc(C(=O)Nc2cccc(C(F)(F)F)c2)cc1-c1cccc(-c2cnc3cnccn23)c1,8.142668,7.70997,0.43269777
O=c1c(-c2ccc(O)cc2)coc2cc(O)cc(O)c12,7.60206,8.145367,-0.5433068
CC(C)CC(=O)Nc1[nH]nc2c1CN(C(=O)C1CCN(C)CC1)C2(C)C,4.0265074,3.9302316,0.09627581
Cc1nccc2c(=O)[nH]c(CSC3CCOCC3)nc12,8.30103,8.620116,-0.31908607
COc1ccc(CNc2[nH]nc3ncnc(Nc4cccc(Cl)c4)c23)cc1,5.4225082,6.139812,-0.71730375
CCc1ccc(C(=O)Nc2cccc(C(F)(F)F)c2)cc1-c1cc(-c2cnc3cnccn23)cc(C(C)C)c1,6.19382,6.4898157,-0.2959957
C=CC(=O)Nc1cc2c(Nc3ccc(F)c(Cl)c3)ncnc2s1,5.2814984,5.5820003,-0.30050182
O=C1N=C(S)SC1=Cc1ccc(Sc2ccc3ccccc3c2)c([N+](=O)[O-])c1,6.0,6.330089,-0.3300891
CCOc1ccc2cc(-c3nc(C(C)(C)C)n4ccnc(N)c34)ccc2c1,9.2218485,9.358411,-0.13656235
Cc1c(Nc2ccc(OC(F)(F)F)cc2)ncnc1-c1ccc(-c2ccccc2)cc1,6.71688,6.356359,0.36052084
CCc1ccc(C(=O)Nc2ccc(F)c(C(F)(F)F)c2)cc1-c1cc(C)cc(-c2cnc3cnccn23)c1,4.7447276,4.257149,0.4875784
CCc1ccc(C(=O)Nc2cccc(C(F)(F)F)c2)cc1-c1cc(-c2cnc3cnccn23)cc(C(C)(C)C)c1,6.0,7.411856,-1.4118562
C=CC(=O)Nc1ccc2ncnc(Nc3ccc(OCc4cccc(F)c4)c(Cl)c3)c2c1,7.38711,7.3452497,0.04186058
COC(=O)Cn1cc(-c2cccc(Cl)c2)c(=O)c2c(O)cc(OC)cc21,7.1307683,6.6196785,0.5110898
C=CC(=O)Nc1ccc2ncnc(Nc3ccc4[nH]cc(Br)c4c3)c2c1,5.8219547,5.5064034,0.31555128
C=C(c1ccc(Sc2ccc(C)cc2)c([N+](=O)[O-])c1)c1sc(S)nc1O,4.30103,4.58653,-0.28550005
Nc1cnn(-c2ccc3c(=O)[nH]c(CSC4CCOCC4)nc3c2)c1,5.0,5.4053307,-0.40533066
Nc1ccc(C(=O)NCC(=O)Nc2nc(-c3cc(-c4ccncc4)ccn3)cs2)cc1,6.39794,6.1547914,0.2431488
COc1ccc(-c2cccc(-c3cc(OC)cc(OC)c3)c2)cc1,6.063486,6.3799496,-0.31646347
COc1ccc(-c2cnn3c(N)c(-c4nccs4)c(OC4CCN(C)CC4)nc23)cc1OC,9.468521,9.55309,-0.08456898
COc1cc2ncnc(Nc3cccc(-c4ccccc4)c3)c2cc1OC,7.5720406,7.3191366,0.25290394
Cc1c(Nc2ccc(OC(F)(F)F)cc2)ncnc1-c1cccc2[nH]ccc12,5.578396,5.6728597,-0.094463825
COc1ccc2nc(CSC3CCOCC3)[nH]c(=O)c2c1,7.5679936,7.9492126,-0.3812189
Cc1cccc2c(=O)[nH]c(CSC3CNC3)nc12,6.7644715,7.416681,-0.6522093
Cc1cccc2c(=O)[nH]c(CS[C@H]3C[C@H](OCc4ccccc4)C3)nc12,6.2596374,6.99665,-0.73701286
O=C(O)COc1ccc(SCc2c(F)cccc2OCc2ccc(C(F)(F)F)cc2)c2c1CCC2,5.102373,5.1432223,-0.04084921
O=C(O)COc1ccc(SCc2cc(F)ccc2OCc2ccc(C(F)(F)F)cc2)c2c1CCC2,7.275724,5.803669,1.472055
COc1ccc2ccc3c([nH]c4c5ccccc5nc(NCCN(C)C)c34)c2c1,6.6382723,7.335209,-0.6969366
COc1ccc2cc(-c3nc(C(C)(C)C)n4ccnc(N)c34)ccc2c1,6.309804,5.885285,0.42451906
CC(C)Cc1ccc(C(=O)NCCS(=O)(=O)c2ccc(C(F)(F)F)cn2)cc1,9.481486,9.490425,-0.008938789
O=C1N=C(S)SC1=Cc1ccc(SC2CCCCC2)c([N+](=O)[O-])c1,8.886057,9.027621,-0.14156437
Nc1ccc2c(=O)[nH]c(CSC3CCOCC3)nc2c1,5.0,5.5820556,-0.58205557
Nc1cc2nc(CSC3CCOCC3)[nH]c(=O)c2c(F)c1F,6.0,5.904679,0.09532118
C[C@H]1CN(c2cncnc2)Cc2cc(C(=O)Nc3cc(CN4CCN(C)CC4)cc(C(F)(F)F)c3)ccc21,4.3467875,4.791206,-0.44441843
C[C@H]1CN(c2cncnc2)Cc2cc(NC(=O)c3cc(CN4CCN(C)CC4)cc(C(F)(F)F)c3)ccc21,6.5142784,7.391042,-0.8767638
Cc1c(Oc2ccccc2)ccc2c(=O)[nH]c(CSC3CCOCC3)nc12,4.7212462,3.7509832,0.970263
Cc1c(Nc2ccc(OC(F)(F)F)cc2)ncnc1-c1ccc(CN)cc1,6.453001,6.489322,-0.036321163
CCO[C@H](Cc1ccc(OCCN2c3ccccc3Oc3ccccc32)cc1)C(=O)O,4.069917,3.851081,0.21883631
CNc1nc2ccc(-c3cnccc3C)cc2s1,7.5228786,7.3831816,0.13969707
Cc1cccc2c(=O)[nH]c(CS[C@@H]3CCC[C@H](CO)O3)nc12,5.6575775,6.1959157,-0.5383382
O=C(O)COc1ccc(SCc2ccc(OCc3ccc(F)cc3)cc2)c2c1CCC2,4.13415,4.4610977,-0.3269477
O=C(O)COc1ccc(SCc2ccc(OCc3ccccc3)cc2)c2c1CCC2,4.9273825,4.931379,-0.003996372
O=C(O)COc1ccc(SCc2ccccc2OCc2ccc(C(F)(F)F)cc2)c2c1CCC2,4.0264196,4.2180715,-0.19165182
O=C1NCCc2[nH]c(-c3ccncc3)cc21,6.5228786,7.0343432,-0.5114646
Cc1cc(-c2cc(NC(=O)c3ccc(C)c(Nc4nccc(-c5ccc(F)cc5)n4)c3)cc(N3CCN(C)CC3)c2)on1,6.2596374,6.499988,-0.24035072
CCOc1ccc(-c2nnc([C@H]3C[C@H](NC(=O)c4cccc5nccnc45)C3)n2-c2ccccc2F)nc1,6.6197886,6.3607144,0.2590742
CCOc1ccc(-c2nnc([C@H]3C[C@H](NC(=O)c4ccccn4)C3)n2-c2ccccc2F)nc1,7.0,6.9051633,0.09483671
C=CCOc1ccc2cc(-c3nn(CC4CCNCC4)c4ncnc(N)c34)ccc2c1,4.30103,5.285623,-0.9845929
COc1ccc(C(N)=O)cc1,5.8198743,4.8435664,0.97630787
CNc1ncnc2c1c(-c1ccccc1)cn2-c1ccccc1,9.481486,9.233779,0.24770737
Cc1cccc2c(=O)[nH]c(C(C)SC3CCOCC3)nc12,7.124939,6.4739537,0.65098524
Cc1cccc2c(=O)[nH]c(CS(=O)(=O)C3CCOCC3)nc12,8.177178,8.443442,-0.26626396
Cc1cccc2c(=O)[nH]c(CSC3CCC[C@H](CN(C)C)C3)nc12,6.0,5.597501,0.4024992
Cc1cc(C(=O)NCCS(=O)(=O)c2ccc(C(F)(F)F)cn2)ccc1Cl,7.055517,7.6860385,-0.6305213
CCOC(=O)c1ccc(-c2cn(-c3ccccc3)c3ncnc(N)c23)cc1,6.9914,7.2927155,-0.30131578
Cc1cc(-c2nn(CC3CCNCC3)c3ncnc(N)c23)ccc1-c1ccccc1,8.1549015,8.41978,-0.26487827
CCOC(=O)N1C[C@H](C(=O)O)[C@H](c2cccc(OCCc3nc(-c4ccccc4)oc3C)c2)C1,6.790485,6.298669,0.49181604
CCOC(=O)N1C[C@H](CC(=O)O)[C@@H](c2cccc(OCCc3nc(-c4ccccc4)oc3C)c2)C1,9.337242,9.141869,0.19537354
CC(C)C(=O)Nc1ccc(-c2ccc(NCC(=O)Nc3ccc(CN4CCNCC4)c(C(F)(F)F)c3)cc2)cn1,6.3005137,6.6052756,-0.3047619
CC(C)(Oc1ccc(C(=O)c2ccc(Cl)cc2)cc1)C(=O)O,9.552842,9.433602,0.11923981
O=C(NCCCN1CCCC1=O)c1cnc(NCc2ccc(Cl)cc2Cl)nc1NC1CCCC1,7.537602,7.5085826,0.029019356
Cc1cc(C)c(/C=C2\C(=O)Nc3ccccc32)[nH]1,6.2596374,6.3283105,-0.068673134
Cc1cc(Br)c(CNc2ncc(C(=O)NCCCN3CCOC3=O)c(NC3CCCC3)n2)cc1Br,6.649752,6.6245346,0.025217533
CCOC(=O)N1C[C@H](CC(=O)O)[C@H](c2ccc(OCCc3nc(-c4ccccc4)oc3C)cc2)C1,7.79588,7.6260533,0.16982651
N[C@@H](CCCCN=CC1C(=O)Nc2ccc(Br)cc21)C(=O)O,5.2596374,4.9905868,0.2690506
O=C(NCCCN1CCOC1=O)c1cnc(NCc2cc(Cl)ccc2Cl)nc1NC1CCCC1,5.221849,5.4812713,-0.2594223
O=C(NCCN1CCCC1)Nc1cc2c(Nc3ccc(F)c(Cl)c3)ncnc2cc1O[C@H]1CCOC1,8.319212,7.991738,0.32747412
O=C(NCCO)c1cc2c(Nc3ccc(OC(F)(F)F)cc3)ncnc2s1,6.1870866,5.774528,0.41255856
N[C@@H](CCCCN=CC1C(=O)Nc2ccccc21)C(=O)O,5.3018994,6.7315907,-1.4296913
N[C@@H](CCCN=CC1C(=O)Nc2ccc(Br)cc21)C(=O)O,5.0,4.819761,0.1802392
N[C@@H](CCCN=CC1C(=O)Nc2ccccc21)C(=O)O,6.0655017,6.1193776,-0.053875923
CCOC(=O)N1C[C@H](C(=O)O)[C@@H](c2ccc(OCCc3nc(-c4ccccc4)oc3C)cc2)C1,3.30103,4.92879,-1.6277602
CCOC(=O)N1C[C@H](C(=O)O)[C@H](c2ccc(OCCc3nc(-c4ccccc4)oc3C)cc2)C1,5.0,5.036553,-0.036552906
O=C(NCCS(=O)(=O)c1ccc(C(F)(F)F)cn1)c1ccc(Br)cc1F,6.0,6.041138,-0.041138172
O=C(NCCS(=O)(=O)c1ccc(C(F)(F)F)cn1)c1ccc(C2CCCCC2)cc1,7.2024174,7.404837,-0.20241976
O=C(NCCS(=O)(=O)c1ccc(C(F)(F)F)cn1)c1ccc(Cl)c(Br)c1,4.8961964,5.1677423,-0.2715459
O=C(NCCS(=O)(=O)c1ccc(C(F)(F)F)cn1)c1ccc(Cl)cc1,4.8884015,5.4202194,-0.5318179
O=C(NCCS(=O)(=O)c1ccc(C(F)(F)F)cn1)c1ccc(Cl)cc1Cl,6.69897,6.3622537,0.33671618
O=C(NCCS(=O)(=O)c1ccc(C(F)(F)F)cn1)c1ccc(OC(F)(F)F)cc1,6.853872,6.1708994,0.68297243
O=C(NCCS(=O)(=O)c1ccccn1)c1ccc(Cl)cc1,6.0,5.8290515,0.1709485
Cc1oc(-c2ccccc2)nc1CCOc1ccc(CCC(=O)O)c(CNC(=O)NCc2ccccc2)c1,7.0409584,6.5992107,0.44174767
NCCn1cc(-c2cc(-c3cc4ccccc4s3)c3[nH]ncc3c2)c2nc(N)ncc21,6.0,6.294303,-0.29430294
NCCn1ncc2c(Nc3ccc(OC(F)(F)F)cc3)ncnc21,4.959358,4.748356,0.21100235
CC(=O)N1CCC(Nc2ncc3c(n2)-c2c(c(C(N)=O)nn2C)CC3)CC1,3.8239088,3.9529,-0.12899113
CC(=O)N1CCN([C@H]2C[C@@H](n3cc(-c4cc(OC[C@@H]5CCCO5)ccc4F)c4c(N)ncnc43)C2)CC1,7.4436975,7.5986686,-0.15497112
CC(=O)N1CCN([C@H]2C[C@@H](n3cc(-c4cccc(OC[C@@H]5CCCO5)c4F)c4c(N)ncnc43)C2)CC1,6.0,7.1474385,-1.1474385
CCOC(=O)C1=C2C(=NC1=O)c1cccc3cccc2c13,4.330683,4.0341477,0.2965355
Cc1cc(Oc2cccc(CNC(=O)c3ccc(C(F)(F)F)cc3C)c2)ccc1CCC(=O)O,8.6575775,8.302822,0.3547554
CC(=O)N1CCN(c2cnc3cc(C(F)(F)F)cc(NCc4cccc([N+](=O)[O-])c4)c3c2)CC1,4.823909,4.723282,0.100626945
CC(=O)N1N=C(c2cc3c(Br)cccc3oc2=O)CC1c1ccc(O)cc1,6.5086384,6.0415115,0.46712685
Cc1cc(Oc2cccc(CNC(=O)c3ccccc3C)c2)ccc1OC(C)(C)C(=O)O,7.958607,7.023255,0.9353523
C[C@@H]1C[C@H](N)C[C@H](c2ccncc2NC(=O)c2ccc(F)c(-c3c(F)cccc3F)n2)C1,4.8521075,4.7124996,0.1396079
C[C@@H]1COCCN1c1nc(-c2cncc3[nH]ccc23)nc2c1ccn2S(C)(=O)=O,9.229148,9.58422,-0.35507202
Cc1oc(-c2ccccc2)nc1CCOc1ccc(Cc2cn(C)cc2C(=O)O)cc1,4.696804,4.556563,0.14024115
Cc1ccc2c(c1)nc(CCN1C(=O)c3cccc4cccc(c34)C1=O)n2-c1ccncc1,6.0,6.972673,-0.97267294
Cc1ccc(Sc2sc(C=C3SC(S)=NC3=O)cc2Br)cc1,5.6777806,4.723189,0.95459175
Cc1ccc2c(=O)[nH]c(-c3ccc(C(C)(C)O)cc3)cn12,4.5985994,3.988439,0.61016035
CC1CN(c2cncnc2)Cc2cc(C(=O)Nc3cc(CCN4CCN(C)CC4)cc(C(F)(F)F)c3)ccc21,4.636388,4.4065385,0.22984934
COc1ccc(CC(CO)n2cc(-c3ccccc3)c3c(N)ncnc32)cc1,8.39794,9.052017,-0.65407753
[O-][n+]1ccc2c(-c3ccc(F)cc3Cl)ccnc2c1-c1c(Cl)cccc1Cl,4.30103,5.559336,-1.258306
CNC(=O)c1ccc2c(=O)[nH]c(CSC3CCOCC3)nc2c1,6.221849,7.0021677,-0.78031874
O=C(O)Cc1ccc(-c2ccc(OCc3c(-c4c(Cl)cccc4Cl)noc3C3CC3)cc2)cc1,4.853872,4.9649606,-0.11108875
Cc1ccc(S(=O)(=O)CCNC(=O)c2ccc(Cl)cc2)nc1,6.0,6.5888495,-0.58884954
CC1CN(c2cncnc2)Cc2cc(C(=O)Nc3cc(CN4CCCCC4)cc(C(F)(F)F)c3)ccc21,5.820161,6.035213,-0.21505213
CC1CN(c2cncnc2)Cc2cc(C(=O)Nc3cc(CN4CCCN(C)CC4)cc(C(F)(F)F)c3)ccc21,7.017729,7.498778,-0.48104906
CC1CN(c2cncnc2)Cc2cc(C(=O)Nc3cc(CN4CCN(C)CC4)c(Cl)c(C(F)(F)F)c3)ccc21,5.0,6.511769,-1.5117688
CC1CN(c2cncnc2)Cc2cc(C(=O)Nc3cc(CN4CCN(C)CC4)c(F)c(C(F)(F)F)c3)ccc21,6.0,5.6599813,0.34001875
CC1CN(c2cncnc2)Cc2cc(C(=O)Nc3cc(CN4CCN(C)CC4)cc(-c4ccccc4)c3)ccc21,3.9863203,4.213443,-0.22712255
Cc1ccc(S(=O)(=O)NC(=O)c2ccc3c(Nc4ccc(OC(F)(F)F)cc4)ncnc3c2)cc1,6.30103,6.2981186,0.0029115677
CCN1CCN(Cc2ccc(NC(=O)CNc3ccc(-c4cccnc4)cc3)cc2C(F)(F)F)CC1,3.8416376,4.306923,-0.4652853
CCN1CCN(Cc2ccc(NC(=O)Cc3ccc(Oc4cc(NC)ncn4)cc3)cc2C(F)(F)F)CC1,4.50724,3.9227443,0.58449554
CC(=O)N1CCCC(Nc2ccc3c(=O)[nH]c(CSC4CCOCC4)nc3c2)C1,9.1549015,8.67461,0.48029137
CN(C)CC(C#N)n1ncc2c(Nc3ccc(OC(F)(F)F)cc3)ncnc21,5.537602,5.615702,-0.078100204
CC1CN(c2cncnc2)Cc2cc(NC(=O)Nc3cc(CN4CCN(C)CC4)cc(C(F)(F)F)c3)ccc21,5.2596374,5.563614,-0.30397654
Cc1oc(-c2ccccc2)nc1CCOc1cccc(CC[C@H]2CN(C(=O)Oc3ccccc3)C[C@@H]2C(=O)O)c1,7.468521,7.3747635,0.09375763
Cc1oc(-c2ccccc2)nc1CCOc1ccc([C@@H]2CN(C(=O)Oc3ccccc3)C[C@@H]2C(=O)O)cc1,8.09691,7.943047,0.15386343
c1cc(Nc2ncnc3cc4c(cc23)OCCO4)cc(-c2cccs2)c1,6.221849,6.1739693,0.047879696
CC1CN(c2cncnc2)Cc2cc(C(=O)Nc3cc(CN4CCN(C)CC4)cc(C4CCCCC4)c3)ccc21,5.266803,5.385347,-0.1185441
CC1CN(c2cncnc2)Cc2cc(C(=O)Nc3cc(CN4CCN(C5CCCCC5)CC4)cc(C(F)(F)F)c3)ccc21,7.075721,6.752052,0.32366896
CC1CN(c2cncnc2)Cc2cc(C(=O)Nc3cc(CN4CCOCC4)cc(C(F)(F)F)c3)ccc21,5.0,5.0974555,-0.0974555
CC1CN(c2cncnc2)Cc2cc(C(=O)Nc3cc(CN4CCSCC4)cc(C(F)(F)F)c3)ccc21,4.853872,5.2289944,-0.37512255
CC(C)(C)n1ncc2c(N)ncnc21,5.5272436,5.37563,0.15161371
CN(C)C(=O)N1CCC(c2nc(-c3cc4ccccc4[nH]3)c3c(N)nccn23)CC1,7.2596374,7.969779,-0.71014166
CCN1CCN(Cc2cc(NC(=O)c3ccc4c(c3)CN(c3cncnc3)CC4C)cc(C(F)(F)F)c2)CC1,6.0,5.691852,0.3081479
NC(=O)c1cc(F)cc2c1C(=O)N(C1CCN(C3CCC(F)(F)CC3)CC1)C2,7.245271,7.3814945,-0.13622332
NC(=O)c1ccc(OCC2CC2)cc1,5.9694004,5.9808383,-0.011437893
NC(=O)c1ccc(OCC2CCC2)cc1,6.0,5.7091556,0.29084444
NC(=O)c1ccc(OCC2CCC2)cc1F,6.39794,6.485393,-0.08745289
NC(=O)c1ccc(OCC2CCC2)cc1OCCN1CCNCC1,4.30103,4.204901,0.09612894
NC(=O)c1ccc(OCC2CCCC2)cc1,5.5228786,4.9652953,0.55758333
NC(=O)c1ccc(OCC2CCCCC2)cc1F,4.782516,4.525366,0.25715017
CC1CN(c2cncnc2)Cc2cc(C(=O)Nc3cc(CN4CCCC4)cc(C(F)(F)F)c3)ccc21,4.642065,4.597707,0.044358253
O=C(CCCl)Nc1ccc2ncnc(Nc3ccc4[nH]cc(Br)c4c3)c2c1,4.5751185,4.059777,0.51534176
O=c1[nH]c(CSC2CCOCC2)nc2cc(NC3CCCC3)cnc12,3.8239088,4.165458,-0.3415494
COc1cccc2cc(-c3ncnc(Nc4ccc(OC(F)(F)F)cc4)c3C)ccc12,9.39794,9.601579,-0.20363903
COc1cccc2ccn(S(=O)(=O)c3cccc(C(=O)Nc4ccc(C)cc4C(=O)O)c3)c12,7.69897,7.390973,0.30799675
CNC(=O)c1nn(C)c2c1CCc1cnc(NC3CCN(C(=O)C4CCN(S(C)(=O)=O)CC4)CC3)nc1-2,6.1487417,4.90556,1.2431817
CC1CN(c2cncnc2)Cc2cc(C(=O)Nc3cc(CN4CC[C@H](N(C)C)C4)cc(C(F)(F)F)c3)ccc21,8.954677,9.438455,-0.483778
CC1CN(c2cncnc2)Cc2cc(C(=O)Nc3cccc(C(F)(F)F)c3)ccc21,9.508638,9.553926,-0.045288086
CC1CN(c2cncnc2)Cc2cc(C(=O)Nc3cccc(CN4CCN(C)CC4)c3)ccc21,4.0,4.0991883,-0.09918833
Nc1ncnc2scc(-c3ccc4c(C(=O)Nc5ccccc5)cccc4c3)c12,5.0,5.4329348,-0.43293476
CC(C)(C)S(=O)(=O)NC(=O)c1ccc2c(Nc3ccc(OC(F)(F)F)cc3)ncnc2c1,5.19382,5.6921325,-0.49831247
O=c1[nH]c(CSC2CCOCC2)nc2cc(NC3CCCNC3)ccc12,8.022276,8.635446,-0.61316967
O=C(O)Cn1ccc2cc(OCCCOc3ccc(C(=O)c4ccc(F)cc4)cc3)ccc21,6.7695513,5.4786944,1.2908568
O=C(O)Cn1ccc2cc(OCc3ccccc3COc3ccc(C(F)(F)F)cc3)ccc21,5.0,5.1371646,-0.1371646
O=C(O)c1cc2c(Nc3ccc(OC(F)(F)F)cc3)ncnc2s1,6.4317985,5.754069,0.6777296
CC1Cc2ccc(C(=O)Nc3cc(CN4CCN(C)CC4)cc(C(F)(F)F)c3)cc2CN1c1cncnc1,6.039054,6.6860104,-0.64695644
CC1CN(c2cncnc2)Cc2cc(C(=O)Nc3cc(CN(C)C)cc(C(F)(F)F)c3)ccc21,4.30103,4.7681394,-0.4671092
CC1CN(c2cncnc2)Cc2cc(C(=O)Nc3cc(CN(C)CCN(C)C)cc(C(F)(F)F)c3)ccc21,9.721247,8.973676,0.747571
O=C1c2ccccc2C(=O)N1CCn1ncc2c(Nc3ccc(OC(F)(F)F)cc3)ncnc21,6.0,6.5502133,-0.55021334
CCN(Cc1ccc(Cl)cc1)c1ncc(C(=O)NCCCN2CCCC2=O)c(NC2CCCC2)n1,8.080922,8.687663,-0.60674095
C[C@@H]1CN(c2cncnc2)Cc2cc(C(=O)Nc3cc(CN4CCCN(C)CC4)cc(C(F)(F)F)c3)ccc21,6.958607,5.8555274,1.1030798
C[C@@H]1CN(c2cncnc2)Cc2cc(C(=O)Nc3cc(CN4CCN(C)CC4)cc(C(F)(F)F)c3)ccc21,6.0433517,6.5797353,-0.5363836
C[C@@H]1CN(c2cncnc2)Cc2cc(NC(=O)c3cc(CN4CCN(C)CC4)cc(C(F)(F)F)c3)ccc21,7.6382723,8.520526,-0.88225365
NC(=O)c1ccc(OCc2cccc(Br)c2)cc1F,4.30103,4.8566465,-0.5556164
NC(=O)c1ccc(OCc2ccccc2F)cc1,9.251812,9.901509,-0.6496973
NC(=O)c1ccc(OCc2cncs2)cc1,6.207608,6.180414,0.027194023
Clc1ccc(Nc2nnc(Cc3ccncc3)c3ccccc23)cc1,9.387217,9.448501,-0.061284065
Cc1oc(-c2ccccc2)nc1CCOc1cccc([C@@H]2CN(C(=O)Oc3ccccc3)C[C@@H]2C(=O)O)c1,7.221849,7.4578543,-0.2360053
Cc1oc(-c2ccccc2)nc1CCOc1cccc([C@H]2CN(C(=O)Oc3ccccc3)C[C@@H]2CC(=O)O)c1,9.1549015,9.37557,-0.2206688
COc1cc(OCc2ccccc2F)ccc1C(N)=O,6.3665314,6.2903576,0.07617378
Cc1ccc(NC(=O)c2ccc(F)cc2)cc1-n1cc(-c2cnc3ccnn3c2)cn1,4.30103,5.062236,-0.7612057
O=C(Nc1ccccc1)c1ccc2c(=O)[nH]c(CSC3CCOCC3)nc2c1,4.49485,4.6524234,-0.15757322
NC(=O)c1c(-c2ccc(Oc3ccccc3)cc2)[nH]c(C(=O)c2c(F)cccc2F)c1N,8.031517,8.64961,-0.61809254
NC(=O)c1cc(-c2ccnc(N)n2)[nH]c1-c1ccccc1,4.093665,4.551107,-0.4574418
CC(C)(C)NS(=O)(=O)c1cncc(-c2ccn3nc(N)nc3c2)c1,5.0,5.05568,-0.055679798
CC(C)(C)OC(=O)Nc1ccc(Nc2[nH]nc3ncnc(Nc4cccc(Cl)c4)c23)cc1,3.8239088,3.681891,0.14201784
CCc1ccc(C(=O)Nc2cccc(C(F)(F)F)c2)cc1-c1cc(C)cc(-c2cnc3cnccn23)c1,4.7212462,4.4784255,0.24282074
CNC(=O)Nc1ccc2c(c1)CC[C@@]21OC(=O)N(CC(=O)N(Cc2ccc(F)cc2)[C@@H](C)C(F)(F)F)C1=O,4.405607,4.5305533,-0.12494612
CCC(NC(=O)c1ccc2c(c1)c(C)c(C)n2Cc1ccc(-c2ccccc2C(=O)O)cc1)c1ccccc1,6.2692175,6.8094435,-0.540226
CCC(NC(=O)c1ccc2c(c1)c(SC)c(C)n2Cc1ccc(-c2ccccc2C(=O)O)cc1)c1ccccc1,5.8860564,5.3743362,0.5117202
Nc1ncnc2c1cnn2CC1CCNCC1,4.0,4.3857102,-0.38571024
COc1ccc(/C=C/c2cc(OC)cc(OC)c2)cc1,4.0,3.9149475,0.08505249
COc1ccc(/C=C\c2cc(OC)c(OC)c(OC)c2)cc1O,4.8199887,4.2602315,0.55975723
C[C@@H]1COCCN1c1nc(-c2ccnc3[nH]ccc23)nc2c1ccn2S(C)(=O)=O,4.0357404,4.1726513,-0.13691092
CCCc1nc2c(C)cc(-c3nc4ccccc4n3C)cc2n1Cc1ccc(-c2ccccc2C(=O)O)cc1,4.481486,4.5879836,-0.106497765
O=C(Nc1ccc(Oc2ncnc3scc(-c4ccccc4)c23)c(F)c1)c1cccn(-c2ccc(F)cc2)c1=O,5.703335,6.284181,-0.5808463
COc1cc(/C=C/c2ccc(O)cc2)cc(OC)c1,4.7292047,5.063831,-0.3346262
Clc1cccc(CNc2[nH]nc3ncnc(Nc4cccc(Cl)c4)c23)c1,6.2941365,6.052674,0.24146271
Clc1cccc(Nc2[nH]nc3ncnc(NCc4ccccc4)c23)c1,4.49485,5.1407695,-0.6459193
CN(C)CCCNC(=O)c1csc2nc(-c3ccc(NC(=O)Nc4cc(C(C)(C)C)on4)cc3)cn12,9.408936,8.887008,0.52192783
OC[C@H]1O[C@@]2(CC(c3cc4ccccc4s3)=NO2)[C@H](O)[C@@H](O)[C@@H]1O,5.458,5.808907,-0.35090685
N#Cc1cccc2c(=O)[nH]c(CSC3CCOCC3)nc12,6.823909,7.3179507,-0.49404192
CCCc1cc(Oc2ccc(-c3ccccc3)cc2)ccc1OCCCOc1cccc(-c2sc(=O)[nH]c2O)c1,6.0,5.981995,0.018004894
C[C@@H](COCc1cc2n(n1)CCN(c1ncc(C(F)(F)F)cn1)C2)Nc1cn[nH]c(=O)c1C(F)(F)F,6.0,5.8292108,0.17078924
CCCc1cc(Oc2ccc(CC(C)C)cc2)ccc1OCCCOc1cccc(-c2sc(=O)[nH]c2O)c1,7.3769574,7.03981,0.33714724
CCCc1cc(C(=O)c2ccc(Cl)cc2)ccc1OCCCOc1cccc(-c2sc(=O)[nH]c2O)c1,8.636388,8.809081,-0.17269325
Cn1c(C(=O)NC(=N)N)cc2c(Nc3ccc(OC(F)(F)F)cc3)ncnc21,4.7212462,4.6867633,0.034482956
CN1CCN(c2ccc(OC(F)(F)F)c(Nc3nccc(-c4cc(C(N)=O)cn4C)n3)c2)CC1,5.4596705,5.315199,0.14447165
CN1CCN(c2ccc(OC(F)(F)F)c(Nc3nccc(-c4cc5c(n4C)CCNC5=O)n3)c2)CC1,7.05061,7.1078935,-0.0572834
CN1CCN(c2ccc3c(n2)nc(-c2ccc(F)cc2)n3-c2ccnc(NC3CCCC3)n2)CC1,6.167491,5.4457517,0.7217393
CCC1CCN(Cc2ccc(NC(=O)COc3ccc(-c4cccnc4)cc3)cc2C(F)(F)F)CC1,4.026341,4.316857,-0.2905159
CCC1CN(c2cncnc2)Cc2cc(C(=O)Nc3cc(CN4CCN(C)CC4)cc(C(F)(F)F)c3)ccc21,4.473661,4.7005095,-0.2268486
CCC1NC(CC)C(O)C(O)C1O,8.30103,8.150025,0.15100479
CCCCC(Oc1ccc(S(=O)(=O)N(CCCC)c2cccc(-c3ccc(Cl)cc3)c2C)c(C)c1C)C(=O)O,7.7695513,7.4641743,0.305377
O=c1[nH]c(CSC2CCOCC2)nc2c(Cc3ccccc3)cccc12,7.79588,7.041063,0.754817
CCCc1cc(Oc2ccc(C(C)(C)C)cc2)ccc1OCCCOc1cccc(-c2sc(=O)[nH]c2O)c1,6.375718,6.1669908,0.20872736
CN(C)CCOCCNC(=O)[C@H](CC(C)(C)C)NC(=O)c1cccc(CNC(=O)c2ccc(OCCN(C)C)cc2)c1,8.886057,9.303266,-0.41720867
C[C@@H](Oc1ccc2ncc(/C=C/C(N)=O)cc2c1)c1c(Cl)ccc(F)c1Cl,5.2596374,6.3521624,-1.092525
C[C@@H](c1ccc(F)cc1)n1nnc2cnc3ccc(-c4ccc5ocnc5c4)cc3c21,4.920819,4.764414,0.15640497
CCCc1c(OC(C)(C)C(=O)O)ccc2c(C(F)(F)F)noc12,4.823909,4.9915147,-0.16760588
Cn1c2c(c3ccc(Cl)c(Cl)c31)C(C#N)C1(CCNCC1)NC2=O,5.4672456,5.396015,0.07123041
Cn1c(=O)c(S(=O)(=O)c2ccc(F)cc2F)cc2cnc(Nc3ccc4[nH]ccc4c3)nc21,4.30103,4.257647,0.04338312
Cn1c(=O)c(Sc2ccc(F)cc2)cc2cnc(Nc3ccc4[nH]ccc4c3)nc21,6.4089355,6.6119504,-0.20301485
CN1CCN(Cc2cc(C(=O)Nc3ccc4c(c3)CN(c3cncnc3)CC4)cc(C(F)(F)F)c2)CC1,4.2139587,4.2337885,-0.01982975
CN1CCN(Cc2cc(NC(=O)c3ccc4c(c3)CN(c3cccnc3)CC4)cc(C(F)(F)F)c2)CC1,4.0,6.414519,-2.4145188
O=c1[nH]c(CSC2CCOCC2)nc2cc(Cc3ccccc3)ccc12,4.69897,4.495868,0.20310163
Nc1ncnc2c1c(-c1ccc3cc(OCc4ccc(Cl)cc4)ccc3c1)nn2CC1CCNCC1,5.69897,4.955099,0.74387074
CN1C(=O)Cc2c(Nc3ccc(OC(F)(F)F)cc3)ncnc21,5.221849,4.7636933,0.45815563
CC(C)(C)C(=O)N1Cc2c(n[nH]c2NC(=O)c2cc(F)cc(F)c2)C1(C)C,4.761954,5.457803,-0.69584894
CN1CCN(Cc2cc(NC(=O)c3ccc4c(c3)CN(c3cncnc3)CC4(C)C)cc(C(F)(F)F)c2)CC1,4.30103,4.57721,-0.2761798
CN1CCCC(Nc2ccc3c(=O)[nH]c(CSC4CCOCC4)nc3c2)C1,8.0,8.296608,-0.29660797
CS(=O)(=O)c1ccc(-c2cnc(NCc3ccco3)n3cnnc23)cc1,4.026489,4.2825456,-0.2560568
CC(=O)O[C@H]1C(=O)[C@@]2(C)[C@H]([C@H](OC(=O)c3ccccc3)[C@]3(O)C[C@H](OC(=O)[C@H](O)[C@@H](NC(=O)c4ccccc4)c4ccccc4)C(C)=C1C3(C)C)[C@]1(OC(C)=O)CO[C@@H]1C[C@@H]2O,5.3665314,5.536203,-0.16967154
CCCOc1ccc(-c2cc(OC)c(-c3ccc(O)cc3)c(O)c2OC)cc1,4.0,4.2758627,-0.2758627
CCCOc1ccc2cc(-c3nn(CC4CCNCC4)c4ncnc(N)c34)ccc2c1,5.5176983,5.8598747,-0.34217644
CCCOC(=O)[C@@]1(C)[C@@H]2CC[C@]3(C)[C@H](CC=C4[C@@H]5[C@@H](C)[C@H](C)CC[C@]5(C(=O)O)CC[C@]43C)[C@@]2(C)C[C@@H](OC(=O)CCC)[C@@H]1OC(=O)CCC,6.040005,6.274051,-0.23404598
N#Cc1ccc2c(=O)[nH]c(CSC3CCOCC3)nc2c1,4.221849,4.3156524,-0.093803406
N#Cc1ccc2c(c1)[nH]c(=O)n2[C@H]1C[C@H](c2nnc(-c3ccncn3)n2-c2ccccc2Cl)C1,4.6999917,4.658665,0.041326523
CSc1ccccc1Nc1nc(N2CCN(C3CCNCC3)CC2)nc2c(NCC3CC3)ncnc12,7.9593983,7.997191,-0.037792683
CCCC[C@@H]1N[C@H](CO)[C@H](O)[C@H](O)[C@H]1C,5.3665314,4.930753,0.43577814
CC(=O)Nc1ccc2c(=O)[nH]c(CSC3CCOCC3)nc2c1,6.8996296,6.1321454,0.7674842
O=c1[nH][nH]c(=O)c2cc(OCc3ccccc3F)ccc12,3.6478174,4.5383286,-0.8905113
O=c1[nH][nH]c(=O)c2cc(OCc3ccsc3)ccc12,4.0,6.196252,-2.1962519
CCCCOc1ccc2cc(-c3nn(CC4CCNCC4)c4ncnc(N)c34)ccc2c1,8.39794,8.443334,-0.045393944
CN(C)c1ccc(C(=O)Nc2cccc(NC(=O)COc3ccc4c(=O)ccoc4c3)c2)cc1,6.383,6.8759265,-0.4929266
Cc1cn(CCN2CCN(c3ccccc3-c3cc(C#N)cc(C(=O)NCCCN4CCCC4)c3)CC2)c2ccccc12,5.0,4.9886117,0.011388302
CCCCN(c1cccc(-c2ccc(Cl)cc2)c1C)S(=O)(=O)c1ccc(OC(C)C(=O)O)c(Cl)c1Cl,7.4907975,6.525124,0.96567345
CCCCN(c1cccc(-c2ccc(Cl)cc2)c1C)S(=O)(=O)c1ccc(OC(C)C(=O)O)c(F)c1F,5.4353337,5.3168817,0.11845207
CN1CCC(CCn2c(N)nc3ccc(C(=O)c4ccccc4)cc32)CC1,4.823909,5.1147304,-0.29082155
Cn1ccc2cc(-c3nn(CC4CCNCC4)c4ncnc(N)c34)ccc21,4.9100947,5.1516175,-0.24152279
Cn1ccnc1Nc1ccc2c(=O)[nH]c(CSC3CCOCC3)nc2c1,6.0,6.1387115,-0.13871145
O=C(O)C1(c2cccc(-c3ccc(OCc4c(-c5c(Cl)cccc5Cl)noc4C4CC4)cc3)c2)CC1,8.958608,9.327868,-0.3692608
COc1ccc(Nc2[nH]nc3ncnc(Nc4cccc(Cl)c4)c23)cc1,5.865823,6.29748,-0.4316573
Cc1cn(-c2cc(NC(=O)c3ccc(C)c(C(=O)c4cccc(C#N)c4)c3)cc(N3CCN(C)CC3)c2)cn1,8.036212,7.262305,0.7739072
O=c1[nH][nH]c(=O)c2cc(OCC3CCC3)ccc12,5.1985965,4.957524,0.24107265
O=c1[nH][nH]c(=O)c2cc(OCC3CCCC3)ccc12,8.045757,8.014693,0.031064034
CN1CCN(CCn2c(N)nc3ccc(C(=O)c4ccccc4)cc32)CC1,5.2596374,5.1522374,0.10739994
CCCCN(c1cc(-c2ccc(Cl)cc2)ccc1C)S(=O)(=O)c1ccc(OC(C)C(=O)O)c(C)c1C,8.032453,8.520579,-0.48812675
Cc1ccc(C(=O)Nc2cccc(C(F)(F)F)c2)cc1Nc1nc(-c2cccnc2)cs1,5.0,5.0828853,-0.082885265
CCCCNc1nc2cc([N+](=O)[O-])ccc2s1,7.0,6.8071704,0.19282961
CC(=O)c1c(C)c2cnc(Nc3ccc(N4CCNCC4)cn3)nc2n(C2CCCC2)c1=O,5.0,4.98169,0.01831007
O=c1nc2n(c3ccnc(O)c13)-c1cc(C3CCNCC3)ccc1C21CCCCC1,4.91364,4.7425694,0.17107058
O=c1nc2n(c3nccc(O)c13)-c1cc(C3CCNCC3)ccc1C21CCCCC1,5.2494917,5.626324,-0.3768325
Cn1ncc2c(Nc3ccc(OC(F)(F)F)cc3)ncnc21,8.995679,8.7289,0.26677895
Cn1nccc1-c1ccc(C(=O)N[C@@H]2CNCC[C@H]2c2ccc(F)c(F)c2)c(F)c1,6.0,5.4640727,0.5359273
Cc1ccc(NC(=O)c2ccc(CN(CCCl)CCCl)cc2)cc1Nc1nccc(-c2cccnc2)n1,7.8326826,7.786288,0.046394825
Cc1ccc(NC(=O)c2ccc(CN(CCN(C)C)C(=O)c3cccnc3)cc2)cc1Nc1nccc(-c2cccnc2)n1,4.823909,4.4773936,0.34651518
CCCCNc1nc2ccc([N+](=O)[O-])cc2[nH]1,6.143271,7.0075774,-0.86430645
CCCCN(c1cccc(-c2ccc(Cl)cc2)c1C)S(=O)(=O)c1ccc(OC(CCC)C(=O)O)c(C)c1C,4.6516953,4.740811,-0.08911562
CCCCN(c1cccc(-c2ccc(OC(F)(F)F)cc2)c1C)S(=O)(=O)c1ccc(OC(C)C(=O)O)c(C)c1C,4.026383,4.202769,-0.17638588
CCCCN(c1cccc(-c2ccc(OC(F)(F)F)cc2)c1Cl)S(=O)(=O)c1ccc(OC(C)C(=O)O)c(C)c1C,7.221849,6.8044868,0.4173622
CCCCN(c1cc(-c2ccc(Cl)cc2)c(F)cc1C)S(=O)(=O)c1ccc(OC(C)C(=O)O)c(C)c1C,5.825359,6.1715374,-0.34617853
CCCCN(c1cc(-c2ccc(Cl)cc2)c(F)cc1F)S(=O)(=O)c1ccc(OC(C)C(=O)O)c(C)c1C,7.39794,7.8609357,-0.46299553
CN1CCN(Cc2cc(NC(=O)c3ccc(C(C)(C)C)c(C#Cc4cnc5cnccn45)c3)cc(C(F)(F)F)c2)CC1,5.5686364,6.169151,-0.6005144
CN1CCN(Cc2cc(NC(=O)c3ccc4c(c3)CN(Cc3cncnc3)CC4)cc(C(F)(F)F)c2)CC1,5.2596374,5.350324,-0.0906868
CN1CCN(Cc2cc(NC(=O)c3ccc4c(c3)CN(c3ccccc3)CC4)cc(C(F)(F)F)c2)CC1,4.026295,4.622584,-0.5962887
Cc1cn(-c2cc(CN3CCCC[C@H]3C(=O)O)cc(NC(=O)c3ccc(C)c(Nc4nccc(-c5ccc(F)cc5)n4)c3)c2)cn1,9.09691,9.050639,0.046271324
CC(Nc1ccc2c(=O)[nH]c(CSC3CCOCC3)nc2c1)c1ccccc1,5.0222764,6.2005787,-1.1783023
CN1CCC(O)(c2cn(-c3ccnc(NC4CCCC4)n3)c(-c3cccc(C(F)(F)F)c3)n2)CC1,9.420217,9.674633,-0.25441647
COc1ccc(C(=O)Nc2ccc(C(=O)N(c3ccncn3)c3ccccc3Cl)cc2)cc1,8.142668,8.004175,0.13849258
FC(F)(F)Oc1ccc(Nc2ncnc3nn(Cc4ccccc4)cc23)cc1,8.421362,7.035531,1.3858309
FC(F)(F)Oc1ccc(Nc2cc(-n3ccnc3Nc3ccc(OC(F)(F)F)cc3)ncn2)cc1,4.0264196,4.23859,-0.21217012
CN(C)c1ccc(Nc2[nH]nc3ncnc(Nc4cccc(Cl)c4)c23)cc1,7.7281585,7.2624235,0.46573496
CN(C)c1ccc2cc(-c3nn(CC4CCNCC4)c4ncnc(N)c34)ccc2c1,6.8632793,7.520264,-0.6569848
OC1(c2nc(-c3ccc(F)cc3)c(-c3ccnc(NC4CCCCC4)c3)o2)CCNCC1,6.0,6.1925235,-0.19252348
FC(F)(F)Oc1ccc(Nc2ncnc(NCCN3CCOCC3)c2Br)cc1,7.05061,7.5854616,-0.53485155
FC(F)(F)Oc1ccc(Nc2ncnc3[nH]ccc23)cc1,4.823909,4.7397423,0.08416653
FC(F)(F)Oc1ccc(Nc2ncnc3c2cnn3Cc2cccc(Br)c2)cc1,4.4954066,4.401109,0.09429741
COc1ccc(C(=O)Nc2ccc(-c3cc(Nc4ccc(OC(F)(F)F)cc4)ncn3)cc2)cc1,4.2740884,4.2588344,0.015254021
c1ccc(-c2csc(Nc3ncnc4cc5c(cc34)OCCO5)n2)cc1,6.2456517,6.9157014,-0.67004967
CCCCCCN(C)C(=O)c1cn(-c2ccc(OCC)cc2)c(=O)c2cc(OC)c(OC)cc12,6.74958,7.3317533,-0.58217335
c1ccc(-c2ccnc(Nc3ncnc4cc5c(cc34)OCCO5)n2)cc1,9.309804,9.044668,0.26513577
c1ccc(-c2cccc(Nc3ncnc4cc5c(cc34)OCCO5)c2)nc1,6.124939,6.4229026,-0.29796362
c1cc(Nc2ncnc3cc4c(cc23)OCCO4)cc(-c2ccco2)c1,5.0,4.9108944,0.089105606
CCc1ccc(C(=O)Nc2cc(C(F)(F)F)ccc2F)cc1-c1cc(C)cc(-c2cnc3cnccn23)c1,5.54106,5.803043,-0.26198292
CCc1ccc(C(=O)Nc2cc(CN3CCN(C)CC3)cc(C(F)(F)F)c2)cc1-c1cccc(-c2cnc3ccnn3c2)c1,6.2596374,6.54162,-0.28198242
CCc1ccc(C(=O)Nc2cc(CN3CCN(C)CC3)cc(C(F)(F)F)c2)cc1C#Cc1ccco1,6.539102,7.2149262,-0.67582417
CCc1ccc(C(=O)Nc2cc(CN3CCN(C)CC3)cc(C(F)(F)F)c2)cc1C#Cc1ccsc1,7.6382723,7.3713765,0.26689577
CCc1c(-c2ccccc2)c(-c2ccccc2)nn1-c1ccccc1-c1cccc(OCC(=O)O)c1,5.275724,5.1890244,0.086699486
CCc1ccc(C(=O)Nc2cc(F)cc(C(F)(F)F)c2)cc1-c1cc(C)cc(-c2cnc3cnccn23)c1,4.30103,5.986114,-1.6850839
CCc1ccc(C(=O)Nc2cccc(C(F)(F)F)c2)cc1-c1cc(Cl)cc(-c2cnc3cnccn23)c1,5.7144427,5.9978137,-0.28337097
O=C(/C=C/CN1CC2CCC1C(=O)C2)Nc1cc2c(Nc3ccc(F)c(Cl)c3)ncnc2s1,8.49485,8.208224,0.28662586
c1cc(CCN2CCOCC2)cc(Nc2nccc(-c3cccnc3)n2)c1,5.0,5.1623373,-0.1623373
c1cc(NN=NCCN2CCOCC2)cc(Nc2nccc(-c3cccnc3)n2)c1,4.823909,5.460103,-0.6361942
CCc1cc(-c2cc(C(=O)Nc3cccc(C(F)(F)F)c3)ccc2CC)cc(-c2cnc3cnccn23)c1,4.027145,4.0674586,-0.04031372
COc1ccc(S(=O)(=O)Nc2ccc(NC(=O)Nc3ccc([N+](=O)[O-])cc3)cc2)cc1,7.4202166,6.487375,0.9328418
O=C(Cn1cccc(NCc2ccc(Cl)c(Cl)c2)c1=O)NCc1ccccc1,8.853872,8.984562,-0.13068962
C=C(C)[C@@H]1CC[C@]2(C(=O)NCCCCCCN)CC[C@]3(C)[C@H](CC[C@@H]4[C@@]5(C)CC[C@H](O)[C@@](C)(CO)[C@@H]5CC[C@]43C)[C@@H]12,7.6777806,7.11963,0.55815077
CCCCCCCC/C=C\CCCCCCCC(=O)Oc1cccc2c1C(=O)C=CC2=O,8.522879,7.953183,0.5696955
CN(C)c1cccc(C(=O)N2CCN(C(=O)c3ccc(-c4cccnc4)cc3)CC2)c1,3.30103,4.448389,-1.1473591
C[C@H]1[C@H](C)CC[C@]2(C(=O)OCCBr)CC[C@]3(C)C(=CC[C@@H]4[C@@]5(C)CC[C@H](O)C(C)(C)[C@@H]5CC[C@]43C)[C@H]12,4.90309,4.6857333,0.21735668
CCC(C)C(NC(=O)[C@@H]1CCCN1C(=O)[C@@H](NC(=O)OC(C)(C)C)C(C)(C)C)P(=O)(Oc1ccccc1)Oc1ccccc1,6.0,5.6079044,0.39209557
CC(C)(Oc1ccc(CCOc2ccc(NC(=O)Nc3ccccc3)cc2)cc1)C(=O)NCc1ccccc1,5.5316525,6.762646,-1.2309937
COC(=O)[C@@]1(O)OC(=O)C(Cc2ccc3c(c2)CCC(C)(C)O3)=C1c1ccc(O)cc1,5.761452,5.6459727,0.11547947
Cc1cc(Oc2cccc(CNC(=O)c3ccc(C(F)(F)F)cc3C(F)(F)F)c2)ccc1OC(C)(C)C(=O)O,6.0,5.8448734,0.15512657
Cc1cc(Nc2ncc(C)c(N3CC(CC#N)(OC4CC5(CC5)C4)C3)n2)sn1,5.221849,4.6113315,0.6105175
COc1cc(C=O)ccc1OCC(=O)Nc1sc2c(c1C#N)CCC(O)C2,4.3193927,4.7736173,-0.4542246
O=S(=O)(NCCNc1nccc(-c2c(-c3cccc(O)c3)nc3sccn23)n1)c1ccc(F)cc1,4.026341,4.103164,-0.076823235
N#C/C(=C\c1ccc(O)cc1)c1nc2ccccc2s1,5.725842,6.127863,-0.40202093
CCc1ccc(O[C@H](C)CCOc2ccc(CCC(=O)O)c(C)c2)c(-c2ncco2)c1,8.920818,9.0393,-0.118481636
OCc1nc2c(-c3ccc(O)c(O)c3)c(O)c(O)c(-c3ccc(O)cc3)c2s1,5.0,5.318481,-0.31848097
COC(=O)Cn1/c(=N/C(=O)c2cc(-c3cccs3)nc3ccccc23)sc2cc(S(N)(=O)=O)ccc21,6.69897,6.697343,0.0016269684
O=C(CSc1nc2ccccc2c(=O)n1-c1ccc(F)c(Cl)c1)Nc1cccc(S(=O)(=O)N2CCOCC2)c1,7.338187,7.223143,0.11504412
O=C1Nc2cc(OC(F)(F)F)ccc2Oc2ccc(-c3cnn(CCN4CCOCC4)c3)cc21,5.6903696,6.2705703,-0.5802007
CN(C)CCNC(=O)c1cccc(-c2ccc3c(c2)C(=O)Nc2cc(OC(F)(F)F)ccc2N3)c1,4.69897,4.7659736,-0.06700373
CCC(=O)O[C@@H]1C[C@]2(C)[C@H]3CC=C4[C@@H]5CC(C)(C)CC[C@]5(C(=O)O)CC[C@@]4(C)[C@]3(C)CC[C@H]2C(C)(C)[C@H]1OC(=O)CC,6.1307683,5.85113,0.2796383
CC(=S)Nc1ccccc1-c1cccc2c1[nH]c1ccccc12,6.686133,6.0247345,0.6613984
Nc1ncnc2c1c(-c1ccccc1)cn2C(CO)Cc1ccccc1,8.080922,8.524963,-0.44404125
COc1cc(/C=N/NC(=O)COc2ccc(Cl)cc2)ccc1OS(=O)(=O)c1ccc(C)cc1,4.026295,3.9362626,0.09003258
CC(C)(C)c1ccc(-n2c(C(=O)O)c(Oc3cccc(C(F)(F)F)c3)c3ccccc32)cc1,5.19382,5.448368,-0.25454807
Cc1c(-c2ccc(Oc3ccc(F)cc3)nc2)[nH]c2ccccc2c1=O,5.0,5.708718,-0.7087178
Nc1cccc(NC(=O)c2cc(Sc3ccccn3)c(F)cc2N)c1,6.91364,7.207257,-0.29361677
CC(C)C(NC(=O)[C@@H]1CCCN1C(=O)[C@@H](NC(=O)NC(C)(C)C)C(C)(C)C)P(=O)(Oc1ccccc1)Oc1ccccc1,6.0163736,6.4210124,-0.40463877
O=C(N/N=C/c1ccc(-c2ccc(Cl)c(C(=O)O)c2)o1)c1cc2c(ccc3ccccc32)o1,7.5230236,7.352267,0.17075682
CCCOc1ccc(-c2c(OC)cc(-c3ccc(O)cc3)c(OC)c2OCCC)cc1,8.522879,9.100492,-0.5776129
CCc1ccc(O[C@H](C)CCOc2ccc(CCC(=O)O)c(C)c2)c(Cc2ccccc2)c1,6.6575775,6.704888,-0.047310352
CCc1ccc(OC(C)CCOc2ccc(CCC(=O)O)c(C)c2)c(Cc2ccccc2)c1,8.0,8.2312,-0.23120022
COC(=O)c1ccc(CSc2nnc(-c3ccncc3)o2)o1,4.479003,5.223951,-0.7449479
CC1c2c(-c3ccncc3)c(-c3ccccc3C#N)nn2CC1(C)C,3.60206,3.531433,0.070626974
Cc1ccc(-c2ccnc(Nc3cc(NC(=O)c4ccc(CN5CCN(C)CC5)cc4)ccc3C)n2)cn1,4.6840296,4.87126,-0.18723059
CN(C)CCCCNC(=O)[C@H](CC(C)(C)C)NC(=O)c1cccc(CNC(=O)c2ccc(OCCN(C)C)cc2)c1,4.30103,4.419103,-0.11807299
CC(=O)NCc1cccc(C(=O)N[C@@H](CC(C)(C)C)C(=O)Nc2ccc(CCC(=O)O)cc2)c1,5.318759,5.4980617,-0.17930269
CCOC(=O)c1c(C)n(C(=O)c2ccco2)c(=O)n1C(=O)c1ccco1,4.133979,4.3288608,-0.19488192
Cc1ccc(C2N(c3cccc(Cl)c3)C(=O)N3CCCN23)cc1,6.958607,6.4351707,0.52343655
CCOC(=O)C1=C(C)OC2(O)c3ccccc3C(=O)C12O,7.387216,7.796387,-0.4091711
CN(CCc1ccccc1)C(=O)c1ccc(NC(=O)Cc2ccc(NC(=O)C3CCN(C(=O)C4CCCCC4)CC3)cc2)cc1,4.823909,5.014688,-0.19077921
COC(=O)[C@H](Cc1ccc(O)cc1)NC(=O)[C@]12CC[C@@H](C)[C@H](C)[C@H]1C1=CC[C@@H]3[C@@]4(C)C[C@@H](OC(C)=O)[C@H](OC(C)=O)C(C)(C)[C@@H]4CC[C@@]3(C)[C@]1(C)CC2,4.3665314,4.62028,-0.25374842
CC1(C)CC[C@]2(C(=O)O)CC[C@]3(C)C(=CC[C@@H]4[C@@]5(C)Cc6nonc6C(C)(C)[C@@H]5CC[C@]43C)[C@@H]2C1,7.6382723,7.7562356,-0.117963314
CCCCCCCCCCCCCCCCCC(=O)OCc1cn(CC(=O)O[C@H]2CC[C@]3(C)[C@H]4CC=C5[C@@H]6CC(C)(C)CC[C@]6(C(=O)O)CC[C@@]5(C)[C@]4(C)CC[C@H]3C2(C)C)nn1,5.014125,5.9011497,-0.8870249
CC1(C)CC[C@]2(C(=O)O)CC[C@]3(C)C(=CCC4[C@@]5(C)Cc6nonc6C(C)(C)C5CC[C@]43C)[C@@H]2C1,5.537602,6.163096,-0.625494
Nc1ncnc2oc(-c3ccco3)c(-c3ccco3)c12,5.124939,5.543819,-0.41888
COc1cc(-c2ccc(O)cc2)c(OC)c(O)c1-c1ccc(O)c(O)c1,6.0,6.0072217,-0.0072216988
COc1ccc(Nc2cc(-c3ccc(C(=O)NCCNC(=O)c4cccc(F)c4)cc3)ncn2)cc1,5.400663,5.4604015,-0.059738636
[C]Oc1c([O])cc2oc3cc4c(c([O])c3c(=O)c2c1[C][C]=C([C])[C])[C]=[C]C([C])([C])O4,6.705534,7.069511,-0.36397696
CCOc1ccc2c(c1)C=C/C(=C\C=C1/C=C(C)c3ccc[nH+]c3C1=O)N2C,6.920819,6.959958,-0.03913927
O=C1Nc2cc(OC(F)(F)F)ccc2Oc2ccc(CCCB(O)O)cc21,3.8239088,3.8687239,-0.044815063
NC(=O)c1cccc(-c2ccc3c(c2)C(=O)Nc2cc(OC(F)(F)F)ccc2N3)c1,6.5142784,7.1166425,-0.60236406
COc1ccc(NC(=O)Cn2cc(COc3cc(O)c4c(=O)c5ccc(Br)cc5oc4c3)nn2)cc1OC,5.2596374,5.9445705,-0.6849332
O=C(CCO)c1ccc(O)cc1,5.2596374,5.5201907,-0.26055336
O=C1CNC(=O)N1CC(O)Cn1c2ccccc2c2ccccc21,6.0,6.501536,-0.5015359
Nc1ccc(-c2cccc(C(=O)N[C@H]3CN[C@@H](C(=O)Nc4ccc(Cl)c(C(F)(F)F)c4)C3)c2)cn1,5.0,5.33697,-0.33696985
CCc1ccc(S(=O)(=O)Nc2ccc(NC(=O)Nc3cccc([N+](=O)[O-])c3)cc2)cc1,4.30103,4.703915,-0.40288496
CSCC[C@H](NC(=O)c1cccc(N)c1)C(=O)Nc1nc(-c2ccccc2)cs1,6.0,5.6835957,0.31640434
Nc1c(C(=O)Nc2ccc(Cl)cc2F)sc2nc(-c3cccs3)ccc12,5.6575775,5.87291,-0.21533251
O=C1NC(=O)c2cc(Nc3ccc(O)cc3)c(Nc3ccc(O)cc3)cc21,4.30103,4.363635,-0.062604904
Nc1ccccc1C(=O)NNC(=O)C(=O)CC(=O)c1ccccc1,4.221849,3.7359555,0.4858935
CNC(=O)c1ccc(OCCNC(=O)CC(C)(C)CC(=O)NCCc2ccc(NC(=O)[C@H](CC(C)(C)C)NC(=O)c3cccc(CNC(C)=O)c3)cc2)cc1,5.0952845,5.385035,-0.28975058
C[C@@H]1CNC[C@@H](O)[C@@H](O)[C@@H]1O,4.5228786,4.2207894,0.3020892
CC1c2c(-c3ccc(O)cc3)c(-c3ccccc3C#N)nn2CC1(C)C,5.154902,5.479377,-0.3244748
Cc1cccc(-c2nn3c(c2-c2ccc(O)cc2)C(C)C(C)(C)C3)c1C#N,5.8860564,6.5721097,-0.6860533
O=C(NCCCN1CCCC1=O)c1cnc(NCc2cc(Cl)ccc2Cl)nc1NC1CCCC1,6.4436975,6.4672184,-0.023520947
CC(C)(Oc1ccc(CCOc2ccc(NC(=O)c3ccccc3)cc2)cc1)C(=O)NCc1ccccc1,8.0,8.007106,-0.0071058273
NCc1ccc(S(=O)(=O)Nc2ccc(NC(=O)Nc3ccc([N+](=O)[O-])cc3)cc2)cc1,5.0,4.972078,0.027922153
COc1ccc(NC(=O)Cn2cc(COc3cc(OC(C)=O)c4c(=O)c5cc(Br)ccc5oc4c3)nn2)c(OC)c1,8.8507805,9.024321,-0.17354012
CC(C)C(NC(=O)[C@@H]1CCCN1C(=O)[C@@H](NC(=O)OC(C)(C)C)C(C)(C)C)P(=O)(Oc1ccccc1)Oc1ccccc1,7.154902,7.1070285,0.047873497
CCOC(=O)c1ccc(NC(=O)COc2ccccc2CNC2CCCC2)cc1,5.543634,5.230968,0.31266594
COc1cc(-c2ccc(OCc3ccc(-c4ccccc4)cc3)cc2)c(OC)c(O)c1-c1ccc(O)cc1,3.769551,3.6891735,0.08037758
CC(C)(Oc1ccc(CCOc2ccc(NC(=O)c3ccccc3)cc2)cc1)C(=O)Nc1ccccc1,4.616436,4.842874,-0.22643805
CC(=O)OCCCCCCOC(=O)[C@H](O)CC(=O)OCCCCCCOC(=O)[C@]12CCC(C)(C)C[C@H]1C1=CC[C@@H]3[C@@]4(C)CC[C@H](O)C(C)(C)[C@@H]4CC[C@@]3(C)[C@]1(C)CC2,5.2596374,5.498405,-0.23876762
CCCOc1ccc(-c2c(OC)cc(-c3ccc(O)cc3)c(OC)c2O)cc1,6.7281585,5.3476653,1.3804932
CN1CCN(CCNc2nccc(-c3c(-c4cccc(O)c4)nc4sccn34)n2)S1(=O)=O,4.0,4.3358564,-0.33585644
Nc1nc(NC2CCCC2)cc(=O)[nH]1,9.468521,9.192783,0.27573776
N#Cc1cccc(NC(=O)CN2CCN(c3ccccc3F)CC2)c1,7.29243,7.083925,0.20850515
Cc1cc(C)c2nc(-c3cccnc3)cc(C(=O)Nc3ccc(S(=O)(=O)Nc4onc(C)c4C)cc3)c2c1,7.69897,7.994801,-0.2958312
COc1cc(-c2ccc(O)cc2)c(OC)c(O)c1-c1ccc(OCc2ccccc2)cc1,8.649752,8.955306,-0.3055544
CCOC(=O)Cn1c(COC)nc2c(c(C)nn2-c2ccccc2)c1=O,5.5228786,5.0539546,0.46892405
Cc1nn(-c2ccccc2)c2nc(CCl)n(Cc3ccccc3)c(=O)c12,5.0,5.6754527,-0.6754527
CC1=C(C(=O)O)C(c2ccccc2Cl)NC(=S)N1,4.8961964,4.5716915,0.32450485
COc1cc(-c2ccc(OCc3ccccc3)cc2)c(OC)c(O)c1-c1ccc(O)cc1,4.6382723,4.1956425,0.4426298
CCOCc1nc2c(c(C)nn2-c2ccccc2)c(=O)n1Cc1ccccc1,7.387216,8.05811,-0.67089415
CCCCN(c1cccc(-c2ccccc2Cl)c1C)S(=O)(=O)c1ccc(OC(C)C(=O)O)c(C)c1C,4.5157003,4.347959,0.1677413
CCCCN(c1cccc(-c2ccc(Cl)cc2)c1C)S(=O)(=O)c1ccc(OC(C)C(=O)O)c(F)c1Cl,8.080922,8.76356,-0.68263817
CCCCN(c1cc(-c2ccc(Cl)cc2)ccc1OC(F)(F)F)S(=O)(=O)c1ccc(OC(C)C(=O)O)c(C)c1C,5.2839966,5.7903605,-0.50636387
CCCCN(c1cccc(-c2ccc(Cl)cc2)c1OC)S(=O)(=O)c1ccc(OC(C)C(=O)O)c(C)c1C,4.203426,4.0007796,0.20264626
CCCCN(c1cccc(-c2ccc(Cl)cc2)c1Cl)S(=O)(=O)c1ccc(OC(C)C(=O)O)c(C)c1C,6.236572,6.9819274,-0.7453556
CCCCN(c1cc(-c2ccc(Cl)cc2)cc(C(F)(F)F)c1)S(=O)(=O)c1ccc(OC(C)C(=O)O)c(C)c1C,5.2153826,5.134258,0.08112478
Cc1c(-c2ccc(Cl)cc2)cccc1N(CC1CCC1)S(=O)(=O)c1ccc(OC(C)C(=O)O)c(C)c1C,8.040958,8.055495,-0.014536858
CC1(C)CC[C@]2(C(=O)OCc3ccccc3)CC[C@]3(C)C(=CC[C@@H]4[C@@]5(C)CC[C@H](OC(=O)CCl)C(C)(C)[C@@H]5CC[C@]43C)[C@@H]2C1,4.2633085,5.017037,-0.7537284
CCCCNCCCCCCOC(=O)[C@]12CCC(C)(C)C[C@H]1C1=CC[C@@H]3[C@@]4(C)CC[C@H](O)C(C)(C)[C@@H]4CC[C@@]3(C)[C@]1(C)CC2,5.2596374,5.398165,-0.13852787
CN(C(=O)c1ccc(NC(=O)Cc2ccc(NC(=O)C3CCN(C(=O)C4CCCC4)CC3)cc2)cc1)C1CCCC1,6.609065,6.4322658,0.1767993
CC1(C)CC[C@]2(C(=O)OCc3ccccc3)CC[C@]3(C)C(=CC[C@@H]4[C@@]5(C)CC[C@H](OC(=O)CN=[N+]=[N-])C(C)(C)[C@@H]5CC[C@]43C)[C@@H]2C1,4.0,4.654412,-0.6544118
COc1cccc(C(=O)Nc2ccccc2-c2cccc3c2[nH]c2ccccc23)c1,8.0,7.9730663,0.02693367
CC1(C)CC[C@]2(C(=O)O)CC[C@]3(C)C(=CCC4[C@@]5(C)CC6C=NOC6C(C)(C)C5CC[C@]43C)[C@@H]2C1,4.026078,4.5408907,-0.51481247
CC1(C)CC[C@]2(C(=O)O)CC[C@]3(C)C(=CC[C@@H]4[C@@]5(C)CC6C=NOC6C(C)(C)[C@@H]5CC[C@]43C)[C@@H]2C1,4.7212462,5.0135775,-0.29233122
COc1ccc(NC(=O)Cn2cc(COc3cc(OC(C)=O)c4c(=O)c5ccc(Br)cc5oc4c3)nn2)c(OC)c1,4.823909,6.6844,-1.8604913
CCOC(=O)CCCCC(=O)c1[nH]c(=O)[nH]c1Cn1ccnc1,6.481486,6.1234727,0.35801315
CN1CCN(Cc2ccc(NC(=O)c3cc(-c4ccc5c(c4)OCO5)cnc3O)cc2)CC1,8.1549015,7.2638574,0.89104414
CN1CCN(Cc2ccc(NC(=O)c3cc(-c4ccc5c(c4)OCO5)c[nH]c3=O)cc2)CC1,4.7999983,5.0530705,-0.25307226
O=C(Nc1ccc(Cl)c(C(F)(F)F)c1)Nc1ccc(OCCN2CCOCC2)c2ccccc12,6.0,5.9785795,0.021420479
O=C(N/N=C/c1ccccc1O)c1ccc(Nc2ccnc3cc(Cl)ccc23)cc1,4.481486,4.943439,-0.46195316
CC(=O)Nc1ccc(-c2ccc(C(=O)N[C@H]3CN[C@@H](C(=O)Nc4ccc(Cl)c(C(F)(F)F)c4)C3)cc2)cn1,4.559091,4.282022,0.2770691
CC(=O)NCc1ccc(F)c(C(=O)N[C@@H](CC(C)(C)C)C(=O)Nc2ccc(CCC(=O)O)cc2)c1,8.537602,8.347191,0.19041157
O=C(CCC(=O)Nc1ccccc1Cl)NN=Cc1ccc(C=NNC(=O)CCC(=O)Nc2ccccc2Cl)cc1,3.7878125,4.0285983,-0.24078584
COc1cc(N2CCN(C)CC2)ccc1Nc1ncc(Cl)c(Oc2ccc(N=[N+]=[N-])cc2)n1,4.650742,4.823503,-0.17276096
CC1(C)CC[C@]2(C(=O)O)CC[C@]3(C)C(=CC[C@@H]4[C@@]5(C)CC(N=O)CC(C)(C)[C@@H]5CC[C@]43C)[C@@H]2C1,5.0132284,7.009768,-1.9965396
C#Cc1nc(Nc2ccccc2)nc2[nH]cnc12,5.468521,5.423881,0.044640064
Cc1ccc(C(=O)Nc2ccc(OCCCN(C)C)cc2)cc1Nc1nccc(-c2cccnc2)n1,6.69897,6.841708,-0.14273834
COc1cc(-c2ccc(O)cc2)c(O)c(O)c1-c1ccc(O)cc1,8.853872,8.997502,-0.14363003
O=C(Nc1ccc(NS(=O)(=O)c2ccccc2C(F)(F)F)cc1)Nc1ccc([N+](=O)[O-])cc1,8.2218485,8.196722,0.025126457
CC(=O)O[C@@H]1C[C@]2(C)[C@H]3CC=C4[C@@H]5CC(C)(C)CC[C@]5(C(=O)O)CC[C@@]4(C)[C@]3(C)CC[C@H]2C(C)(C)[C@H]1OC(C)=O,5.6575775,5.7315273,-0.073949814
CC1(C)CCc2cc(CC3=C(c4ccc(O)cc4)C(O)OC3=O)ccc2O1,6.070581,5.3466063,0.7239747
Oc1ccc(C=NNC(=S)Nc2cccnc2)c(O)c1O,8.19382,8.387189,-0.19336891
COc1ccc([N+](=O)[O-])cc1NC(=O)c1ccc2c(c1)N(Cc1cc(C)ccc1C)C(=O)c1ccccc1S2(=O)=O,5.9829664,5.960584,0.02238226
CN(C)CCNc1ncnc2c1sc1nc(N3CCOCC3)c3c(c12)CC(C)(C)SC3,7.080922,6.827706,0.25321627
Cc1cccc(N2CCN(C(=O)c3ccc4c(c3)NC(=O)C(CSCc3cccc(F)c3)N4)CC2C)c1,8.055517,7.811217,0.24430037
CCCCOC(=O)[C@]12CCC(C)(C)C[C@H]1C1=CC[C@@H]3[C@@]4(C)C[C@H](O)CC(C)(C)[C@@H]4CC[C@@]3(C)[C@]1(C)CC2,4.4259686,4.057576,0.36839247
CC(C)C(NC(=O)[C@@H]1C[C@@H](OC(=O)CN)CN1C(=O)[C@@H](NC(=O)OC(C)(C)C)C(C)(C)C)P(=O)(Oc1ccccc1)Oc1ccccc1,5.6382723,5.398158,0.24011421
COc1ccc(CCNC(=O)CSc2nc(C)nc3c2c(=O)n(C)c(=O)n3C)cc1OC,5.468521,6.1072087,-0.6386876
CC1(C)CC[C@]2(C(=O)O)CC[C@]3(C)C(=CC[C@@H]4[C@@]5(C)CC[C@H](O)C(C)(C)[C@@H]5CC[C@]43C)[C@@H]2C1,4.1378684,4.1919365,-0.05406809
COc1cc(Br)ccc1O[C@H](C)Cn1cc(-c2ccc(C(F)(F)F)cc2)nn1,4.958607,5.327178,-0.3685708
COc1cc(-c2ccc(F)cc2)ccc1O[C@H](C)Cn1cc(-c2ccc(C(F)(F)F)cc2)nn1,9.20066,9.279855,-0.07919502
CC1(C)CC[C@]2(C(=O)O)CC[C@]3(C)C(=CC[C@@H]4[C@@]5(C)CC[C@H](O)C(C)(C)C5CC[C@]43C)[C@@H]2C1,7.5228786,7.6727257,-0.14984703
CC1(C)CC[C@]2(C(=O)O)CC[C@]3(C)C(=CC[C@@H]4[C@@]5(C)Cc6nc7ccccc7nc6C(C)(C)[C@@H]5CC[C@]43C)[C@@H]2C1,6.0,6.2307305,-0.23073053
COc1ccc(-c2ccc(O[C@H](C)Cn3cc(-c4ccc(C(F)(F)F)cc4)nn3)c(OC)c2)cc1,5.7999706,6.4948926,-0.694922
COc1cc(-c2ccc([N+](=O)[O-])cc2)ccc1O[C@H](C)Cn1cc(-c2ccc(C(F)(F)F)cc2)nn1,7.69897,7.661306,0.037663937
COc1cc(Br)ccc1O[C@H](C)Cn1cc(-c2ccccc2)nn1,9.468521,9.487199,-0.018677711
COc1cc(-c2ccc(C)cc2)ccc1O[C@H](C)Cn1cc(-c2ccc(C(F)(F)F)cc2)nn1,6.0,6.461459,-0.46145916
Cc1cccc(C)c1C(=O)N/N=C/c1cc2ccccc2nc1SCC(=O)Nc1cccc(Cl)c1,6.130915,6.44797,-0.31705475
COc1cc(OC)cc(-c2ccccc2-c2ccc(O)cc2)c1,4.419075,4.401751,0.01732397
COC(=O)c1cn(C[C@@H](C)Oc2ccc(Br)cc2OC)nn1,6.09691,5.5979705,0.4989395
COc1cc(-c2ccc(O)c(O)c2)c(OC)c(O)c1-c1ccc(O)c(O)c1,4.8041005,4.9575033,-0.1534028
COc1cc(OC)cc(-c2cccc(-c3ccc(O)cc3)c2)c1,5.0,4.8814635,0.11853647
COc1cc(Br)ccc1O[C@H](C)Cn1cc(-c2ccc(F)cc2)nn1,4.6999917,4.6286607,0.071331024
COc1ccc(OC)c(NC(=O)Cc2ccc(NC3=NC4CS(=O)(=O)CC4S3)cc2)c1,8.443698,8.543817,-0.10011864
COC(=O)c1ccc(CSc2nnc(-c3ccccc3)n2C)o1,5.3467875,5.092625,0.2541623
COc1cc(C=O)ccc1OCC(=O)Nc1sc2c(c1C#N)CCCC2,7.3297544,8.122113,-0.7923589
CCC(C)C(NC(=O)[C@@H]1CCCN1C(=O)[C@@H](NC(=O)NC(C)(C)C)C(C)(C)C)P(=O)(Oc1ccccc1)Oc1ccccc1,6.8827286,6.9427433,-0.060014725
O=C(/C=C(O)/C=C/c1ccco1)c1cc(O)ccc1O,4.677822,5.716758,-1.0389357
CC1(C)CC[C@]2(C(=O)OCCCCCCN)CC[C@]3(C)C(=CC[C@@H]4[C@@]5(C)CC[C@H](O)C(C)(C)[C@@H]5CC[C@]43C)[C@@H]2C1,5.958607,6.309775,-0.35116768
CCOC(=O)C1CCCN(C(=O)c2cn(C)c(=O)c3cc(OC)c(OC)cc23)C1,6.1191864,5.953037,0.16614962
CCOc1ccc2cc(-c3nn(CC4CCNCC4)c4ncnc(N)c34)ccc2c1,8.30103,8.607074,-0.30604362
COc1ccc2cc(-c3nn(CC4CCNCC4)c4ncnc(N)c34)ccc2c1,6.337242,6.115262,0.2219801
[C]OC(=O)[C@]1([C]c2ccc([O])c([C][C]=C([C])[C])c2)OC(=O)C([O])=C1c1ccc([O])cc1,4.026415,3.7925937,0.23382115
CCOC(=O)N1CCN(C(=O)C2CCN(c3ncnc4c3sc3cccc(F)c34)CC2)CC1,4.0,4.308097,-0.3080969
COC(=O)CCCC1=CC2=CC(=O)C(C)(OC(=O)CCc3ccccc3)C(=O)C2=CO1,8.244125,8.630943,-0.38681793
CC(C)C(NC(=O)[C@@H]1C[C@@H](O)CN1C(=O)[C@@H](NC(=O)OC(C)(C)C)C(C)(C)C)P(=O)(Oc1ccccc1)Oc1ccccc1,5.1079054,4.749862,0.3580432
CC(C)c1ccc(NC(=O)CSc2nnc(CN3CCOCC3)n2C)cc1,6.6575775,6.9022846,-0.24470711
O=C(C=Cc1ccc(O)c(O)c1)CC(=O)c1ccccc1O,4.026466,3.958919,0.067546844
COc1cc(-c2ccc(OCCC(C)C)cc2)c(OC)c(O)c1-c1ccc(O)cc1,9.69897,9.327952,0.37101746
Nc1n[nH]c2cccc(-c3ccc(C(=O)NCCNC(=O)c4ccc(F)c(F)c4)cc3)c12,5.0,5.1693034,-0.16930342
Cc1ccc(C(=O)N2CC(C)CC(C)C2)cc1NC1=NC2CS(=O)(=O)CC2S1,7.2159553,8.208205,-0.99224997
COc1ccc(Nc2cc(-c3ccc(C(=O)NCCNC(=O)c4ccccc4C)cc3)ncn2)cc1,7.2596374,7.816221,-0.5565839
COCCNC(=O)c1cc2c3ccccc3n(C)c2s1,6.21467,5.852779,0.36189127
CN1CCN(CCCc2ccc(NC(=O)c3cc(-c4ccc5c(c4)OCO5)cnc3O)cc2)CC1,4.7128706,4.331726,0.38114452
Cc1[nH][nH]c(=O)c1C(c1c(C)[nH][nH]c1=O)c1cn(Cc2cccc3ccccc23)c2ccccc12,4.180456,3.8734236,0.3070326
C[C@H]1[C@H](C)CC[C@]2(C(=O)O)CC[C@]3(C)C(=CC[C@@H]4[C@@]5(C)CC(N=O)CC(C)(C)[C@@H]5CC[C@]43C)[C@H]12,4.49485,4.0232277,0.47162247
O=C1Nc2cc(OC(F)(F)F)ccc2Oc2ccc(B(O)O)cc21,4.026489,4.4536715,-0.42718267
CS(=O)(=O)Nc1cccc(-c2ccc3c(c2)C(N)=Nc2cc(OC(F)(F)F)ccc2O3)c1,4.134038,3.9822905,0.15174747
O=C1Nc2cc(OC(F)(F)F)ccc2Nc2ccc(-c3cn[nH]c3)cc21,7.853872,8.217313,-0.363441
CC1(C)CC[C@]2(C(=O)O)CC[C@]3(C)C(=CC[C@@H]4[C@@]5(C)CC(=O)CC(C)(C)[C@@H]5CC[C@]43C)[C@@H]2C1,4.536107,4.8748765,-0.33876944
O=C(O)CN(Cc1ccc(OCCc2nc(-c3ccccc3)oc2CO)cc1)C(=O)Oc1ccc(O)cc1,4.69897,6.5138755,-1.8149056
Cc1ccc(NC(=O)Cn2cc(Cn3c(-c4cccc(F)c4)nc(-c4ccccc4)c3-c3ccccc3)nn2)c(C)c1,5.188425,5.4998755,-0.31145048
CCCc1cc(Oc2ccccc2)ccc1OCCCOc1ccc2c(c1)CCC(C(=O)O)O2,4.69897,5.034637,-0.33566713
CCCc1cc(Oc2ccc(S(C)(=O)=O)cc2)ccc1OCCCOc1ccc2c(c1)OC(CC)(C(=O)O)CC2,4.0264287,4.129276,-0.1028471
CCCc1cc2c(=O)n(C3CCCCC3)oc2c(CCC)c1O[C@H](C(=O)O)c1ccc(C(C)C)cc1,6.0655017,5.9668927,0.09860897
CCCc1cc(Oc2ccc(OC)cc2)ccc1OCCCOc1ccc2c(c1)OC(CC)(C(=O)O)CC2,4.026295,4.109731,-0.08343601
CCCc1cc(C(=O)CC)cc(CCC)c1CC(C(=O)O)c1ccc(C(C)C)cc1,6.21467,5.911465,0.303205
COc1ccc2c(c1)c(Oc1cccc(C(F)(F)F)c1)c(C(=O)O)n2-c1ccc(C(C)(C)C)cc1,5.6382723,5.472347,0.1659255
COc1ccc2c(Oc3cccc(C(F)(F)F)c3)c(C(=O)O)n(-c3ccc(C(C)(C)C)cc3)c2n1,5.0,4.6856112,0.31438875
Cc1ccccc1NC(=O)Cn1cc(Cn2c(-c3ccc(Br)cc3)nc(-c3ccccc3)c2-c2ccccc2)nn1,6.657992,7.28344,-0.6254482
Cc1c(C(=O)c2ccc(Cl)cc2)c2ccc(OC(F)(F)F)cc2n1Cc1cccc(OCC(=O)O)c1,6.129596,6.0762,0.053396225
Cc1c(Cc2cccc(OCC(=O)O)c2)c2cc(OC(F)(F)F)ccc2n1C(=O)c1ccc(Cl)cc1,8.0,7.94068,0.059319973
CCOc1ccccc1NC(=O)Cn1cc(Cn2c(-c3cccc(Br)c3)nc(-c3ccccc3)c2-c2ccccc2)nn1,4.69897,4.3774266,0.32154322
CCC[C@@H](Oc1cccc(Cn2c(C)c(C(=O)c3ccc(Cl)cc3)c3ccc(OC(F)(F)F)cc32)c1)C(=O)O,4.49485,4.65234,-0.15748978
CC(C)c1cccc(-n2c(C(=O)O)c(Oc3ccc(C(F)(F)F)cc3)c3ccccc32)c1,7.853872,7.711682,0.14218998
CC(C)c1cccc(-n2c(C(=O)O)c(Oc3cccc(C(F)(F)F)c3)c3ccccc32)c1,7.21467,6.833631,0.38103914
COc1ccc(-c2nc(-c3ccccc3)c(-c3ccccc3)n2Cc2cn(CC(=O)Nc3ccc(Cl)cc3Cl)nn2)cc1OC,3.942334,4.104916,-0.16258216
Cc1oc(-c2ccccc2)nc1CCOc1ccc(C[C@H]2C(=O)N(c3ccc(C(C)(C)C)cc3)[C@H]2C(=O)O)cc1,4.026392,3.9586148,0.06777716
Cc1ccccc1NC(=O)Cn1cc(Cn2c(-c3cccc(F)c3)nc(-c3ccccc3)c2-c2ccccc2)nn1,5.0222764,5.366447,-0.34417057
CCCc1cc(Oc2ccccc2)ccc1OCCCCOc1ccc2c(c1)OC(C)(C(=O)O)CC2,8.522879,8.824641,-0.30176258
Cc1nn(C)c2nnc(Nc3ccc(S(=O)(=O)NCCN)cc3)nc12,6.3089185,6.189198,0.11972046
CCOc1ccc(NC(=O)Cn2cc(Cn3c(-c4cccc(Cl)c4)nc(-c4ccccc4)c3-c3ccccc3)nn2)cc1,5.830032,6.931956,-1.101924
CCOc1ccc(NC(=O)Cn2cc(Cn3c(-c4ccc(C(=O)OC)cc4)nc(-c4ccccc4)c3-c3ccccc3)nn2)cc1,7.1870866,6.911048,0.27603865
C[C@@H](NC(=O)c1ccc(S(=O)(=O)Oc2ccc(/C=C/[N+](=O)[O-])cc2)cc1)C(=O)N[C@H](C)C(=O)NCCN,4.2692175,4.025385,0.24383259
CCCc1cc(C2CCC(=O)CC2)ccc1OCCCOc1cccc(-c2oc(=O)[nH]c2O)c1,6.0,6.248261,-0.24826097
COc1ccc(NC(=O)Cn2cc(Cn3c(-c4cccc(Cl)c4)nc(-c4ccccc4)c3-c3ccccc3)nn2)cc1,4.576754,4.3903604,0.18639374
COc1ccc(NC(=O)Cn2cc(Cn3c(-c4cccs4)nc(-c4ccccc4)c3-c3ccccc3)nn2)cc1,4.074688,4.3608394,-0.2861514
COc1ccc(OC(=O)N(CC(=O)O)Cc2ccc(OCCC(=O)NC(=O)c3ccccc3)cc2)cc1,4.632644,4.389385,0.24325895
COc1ccc(OC(=O)N(CC(=O)O)Cc2ccc(OCCC(=O)N(C(C)=O)C(=O)c3ccccc3)cc2)cc1,7.0457573,6.999103,0.046654224
COc1ccc(OC(=O)N(CC(=O)O)Cc2ccc(O)cc2)cc1,5.163233,5.238871,-0.075638294
Cc1c(C(=O)c2ccc(Cl)cc2)c2ccc(OC(F)(F)F)cc2n1Cc1cccc(O[C@H](C)C(=O)O)c1,4.30103,4.3482747,-0.04724455
COc1ccc(N2C(=O)[C@H](Cc3ccc(OCCc4nc(-c5ccccc5)oc4C)cc3)[C@@H]2C(=O)O)cc1,5.1739254,5.1057515,0.068173885
CCOc1ccccc1NC(=O)Cn1cc(Cn2c(-c3ccccc3F)nc(-c3ccccc3)c2-c2ccccc2)nn1,4.1763887,4.393485,-0.21709633
CCCc1cc(Oc2ccccc2)ccc1OCCCCOc1ccc2c(c1)OC(C(=O)O)CC2,5.5100417,5.633659,-0.12361717
CC(=O)NCc1cccc(C(=O)N[C@@H](CC(C)(C)C)C(=O)Nc2ccc(CCNC(=O)CC(C)(C)CC(=O)NCCOc3ccc(C(=O)O)cc3)cc2)c1,8.59346,9.120164,-0.52670383
Cc1c(C(=O)c2ccc(Cl)cc2)c2ccc(OC(F)(F)F)cc2n1Cc1cccc(O[C@@H](C)C(=O)O)c1,4.026461,4.298166,-0.27170467
Cc1ccc(NC(=O)Cn2cc(Cn3c(-c4cccc(Cl)c4)nc(-c4ccccc4)c3-c3ccccc3)nn2)c(C)c1,7.154902,7.0653195,0.08958244
CC(C)c1cccc(Oc2c(C(=O)O)n(-c3ccc(C(C)(C)C)cc3)c3cc(Cl)ccc23)c1,6.8041005,6.668281,0.13581944
CC(C)(C)c1ccc(-n2c(C(=O)O)c(Oc3cc(C(F)(F)F)cc(C(F)(F)F)c3)c3cc(Cl)ccc32)cc1,5.21467,5.258448,-0.043777943
CC(C)(C)c1ccc(-n2c(C(=O)O)c(Oc3ccc(Cl)cc3)c3ccc(OC(F)(F)F)cc32)cc1,5.630784,5.5834813,0.047302723
COC(=O)c1ccc(-c2nc(-c3ccccc3)c(-c3ccccc3)n2Cc2cn(CC(=O)Nc3cc(Cl)ccc3Cl)nn2)cc1,6.6777806,6.758141,-0.08036041
C[C@@]1(C(=O)O)CCc2ccc(OCCCOc3ccc(Oc4ccccc4)cc3Cl)cc2O1,5.0,6.2668815,-1.2668815
O=C(Cn1cc(Cn2c(-c3ccc(Br)cc3)nc(-c3ccccc3)c2-c2ccccc2)nn1)Nc1ccc(F)cc1,5.0,5.1691566,-0.16915655
O=C(O)c1c(Sc2ccccc2)c2cc(Cl)ccc2n1Cc1ccc(Cl)cc1,4.69897,5.3984466,-0.6994767
CC(C)(C)c1ccc(-n2c(C(=O)O)c(Oc3cccc(C(F)(F)F)c3)c3ccc(Cl)cc32)cc1,7.79588,6.8764195,0.9194603
Cc1oc(-c2ccccc2)nc1CCOc1cccc(C[C@H]2C(=O)N(c3ccc(C(C)(C)C)cc3)[C@H]2C(=O)O)c1,3.8651857,3.3697739,0.49541187
CC(C)(C)c1ccc(-n2c(C(=O)O)c(Oc3cccc(C(F)(F)F)c3)c3ccc(Cl)nc32)cc1,4.026609,4.131023,-0.104413986
CC(C)(C)c1ccc(-n2c(C(=O)O)c(Oc3cccc(C(F)(F)F)c3)c3cc(Cl)ccc32)cc1,8.366531,8.753191,-0.38665962
COc1cccc(Oc2c(C(=O)O)n(-c3ccc(C(C)(C)C)cc3)c3nc(Cl)ccc23)c1,9.1549015,9.497849,-0.34294796
Cc1oc(-c2ccccc2)nc1CCOc1ccc([C@@H]2CN(C(=O)Oc3ccccc3)C[C@@H]2CC(=O)O)cc1,9.251812,9.529698,-0.2778864
COc1ccccc1-c1nc(-c2ccccc2)c(-c2ccccc2)n1Cc1cn(CC(=O)Nc2ccc(C)cc2)nn1,8.723538,8.805242,-0.081703186
CC[C@H](Oc1cccc(Cn2c(C)c(C(=O)c3ccc(Cl)cc3)c3ccc(OC(F)(F)F)cc32)c1)C(=O)O,6.2596374,6.6888785,-0.42924118
CC[C@@]1(C(=O)O)CCc2ccc(OCCCOc3ccc(Oc4ccc(F)cc4)cc3Cl)cc2O1,4.30103,4.9109397,-0.60990953
O=C(Cn1cc(Cn2c(-c3ccc(F)cc3)nc(-c3ccccc3)c2-c2ccccc2)nn1)Nc1ccc(Cl)cc1Cl,5.39794,5.83672,-0.43877983
CC[C@]1(C(=O)O)CCc2ccc(OCCCOc3ccc(F)cc3Cl)cc2O1,4.048177,4.05289,-0.0047130585
C[C@]1(C(=O)O)CCc2ccc(OCCCOc3ccc(F)cc3Cl)cc2O1,8.30103,7.6271715,0.67385864
O=c1c(F)cn(C2CCCO2)c(=O)n1CCCCCCCCN1C[C@H](O)[C@@H](O)[C@H](O)[C@H]1CO,4.69897,4.8586793,-0.15970945
Cc1ccc(-n2[nH]c(C)c(C(c3cccc(O)c3)c3c(C)[nH]n(-c4ccc(C)c(C)c4)c3=O)c2=O)cc1C,6.0260415,6.5102983,-0.48425674
O=C(/C=C(O)/C=C/c1ccc(O)c(O)c1)c1cc(Cl)ccc1O,8.086186,8.412299,-0.32611275
CCOC(=O)[C@]12CCC(C)(C)C[C@H]1C1=CC[C@@H]3[C@@]4(C)C[C@H](O)CC(C)(C)[C@@H]4CC[C@@]3(C)[C@]1(C)CC2,9.236572,9.631919,-0.39534664
C=C(C)[C@@H]1CC[C@]2(C(=O)NCCCN)CC[C@]3(C)[C@H](CC[C@@H]4[C@@]5(C)CC[C@H](OC(C)=O)[C@@](C)(COC(C)=O)[C@@H]5CC[C@]43C)[C@@H]12,3.769551,4.217484,-0.44793296
C=C(C)[C@@H]1CC[C@]2(COC(c3ccccc3)(c3ccccc3)c3ccccc3)CC[C@]3(C)[C@H](CC[C@@H]4[C@@]5(C)[C@H](C(=O)OC)[C@H](OC(C)=O)C(C)(C)[C@@H]5CC[C@]43C)[C@@H]12,4.4091134,4.850243,-0.44112968
Cc1nnc(SCc2nc3ccccc3[nH]2)s1,8.853872,7.475144,1.3787284
CC(C)C(NC(=O)[C@@H]1C[C@@H](OC(=O)CCN)CN1C(=O)[C@@H](NC(=O)OC(C)(C)C)C(C)(C)C)P(=O)(Oc1ccccc1)Oc1ccccc1,6.5228786,5.510307,1.0125718
CN(C(=O)c1ccc(NC(=O)Cc2cccc(NC(=O)C3CCN(C(=O)c4ccccc4)CC3)c2)cc1)C1CC1,6.0,6.0186024,-0.018602371
CC[C@H](C)[C@H](NC(=O)[C@H](CCC(=O)O)NC(=O)[C@H](CCC(=O)O)NC(=O)[C@@H](Cc1ccc(OP(=O)(O)O)cc1)NC(C)=O)C(=O)N[C@@H](CCC(=O)O)C(=O)O,5.0,5.5820413,-0.58204126
Cc1ccc(-c2cc(C(=O)Nc3ccc(S(=O)(=O)Nc4cc(C)on4)cc3)c3ccccc3n2)c(C)c1,4.30103,4.2108374,0.090192795
O=C(O)c1cccc(NC(=S)NN=Cc2ccccc2OCc2ccc(Br)cc2)c1,6.0,5.736556,0.26344395
O=C1N=c2ccccc2=C1Nc1ccc(S(=O)(=O)Nc2nccs2)cc1,6.0462403,6.354071,-0.3078308
CC(=O)Nc1cc2c(nc1C)nc(C)n2Cc1ccc(Br)cc1,9.148742,9.035501,0.113241196
O=C(c1cc(Cc2n[nH]c(=O)c3ccccc23)ccc1F)N1CCN(C(=O)C2CC2)CC1,7.79588,7.3411527,0.45472717
CCOc1ccc(CN=Nc2ccc(S(=O)(=O)Nc3ccccc3C(=O)O)cc2[N+](=O)[O-])cc1,3.3362992,4.159431,-0.8231318
O=C(Cn1cc(COc2cc(O)c3c(=O)c4cc(O)ccc4oc3c2)nn1)Nc1ccc(O)cc1O,4.74958,4.8352113,-0.08563137
COc1cc(O)c(C(C)=O)c(CC(=O)O)c1,6.0,6.262488,-0.2624879
Cc1nc(S)sc1Cc1cc(Cl)ccc1Cl,5.2596374,5.522186,-0.26254845
CSCC[C@H](NC(=O)c1ccccn1)C(=O)Nc1nc(-c2ccccc2)cs1,4.653843,5.095203,-0.44136
O=C(O)c1cccc(NC(=S)NN=Cc2ccccc2OCc2cccc(Br)c2)c1,5.2596374,5.4394555,-0.17981815
O=c1cc(-c2cnn(Cc3ccc(OC(F)(F)F)cc3)c2)[nH]c2ccccc12,5.0,5.111942,-0.111941814
CCCCN(c1cccc(-c2ccc(C(F)(F)F)cc2)c1C)S(=O)(=O)c1ccc(OC(C)C(=O)O)c(C)c1C,7.8860564,8.243933,-0.3578763
CCCCN(c1cccc(-c2ccc(Cl)cc2)c1C)S(=O)(=O)c1ccc(OC(CC)C(=O)O)c(C)c1C,5.113509,5.432921,-0.31941175
CCCCN(c1cccc(-c2ccc(Cl)cc2)c1C)S(=O)(=O)c1ccc(OC(C)C(=O)O)c(OC)c1Cl,3.8239088,3.954436,-0.13052726
CCCCN(c1cccc(-c2ccc(Cl)cc2)c1C)S(=O)(=O)c1ccc(O[C@@H](C)C(=O)O)c(C)c1C,4.0,4.5617485,-0.5617485
CCCCN(c1cccc(-c2ccc(OC)cc2)c1C)S(=O)(=O)c1ccc(OC(C)C(=O)O)c(C)c1C,5.7544875,5.915631,-0.1611433
CCCCN(c1cccc(-c2ccc(C)cc2)c1C)S(=O)(=O)c1ccc(OC(C)C(=O)O)c(C)c1C,8.688375,9.245092,-0.5567169
CCCCN(c1cccc(-c2ccc(Cl)cc2)c1C)S(=O)(=O)c1ccc(OC(C)C(=O)O)c(F)c1OC,4.5999975,4.7959456,-0.19594812
CCCCN(c1cccc(-c2ccc(Cl)cc2)c1C)S(=O)(=O)c1ccc(OC(C)C(=O)O)c(C2CCCCC2)c1,6.730487,6.777982,-0.047495365
Cc1c(-c2ccc(Cl)cc2)cccc1N(CC1CC1)S(=O)(=O)c1ccc(OC(C)C(=O)O)c(C)c1C,4.0,4.061541,-0.06154108
CCCCCN(c1cccc(-c2ccc(Cl)cc2)c1C)S(=O)(=O)c1ccc(OC(C)C(=O)O)c(C)c1C,4.9871626,5.2537847,-0.26662207
Cc1cc(S(=O)(=O)N(CCC(C)C)c2cccc(-c3ccc(C(F)(F)F)cc3)c2)ccc1OCC(=O)O,5.0,4.2177515,0.7822485
COc1ccc2c(=O)c3c(O)cc(OCc4cn(CC(=O)Nc5ccc(OC)c(OC)c5)nn4)cc3oc2c1,4.534617,5.0565314,-0.5219145
CC(=O)OC1CC2(C)C(C(C)=O)CCC2C2CCC3CC4(CC(=O)C3(C)C12)OCCO4,8.0,8.116921,-0.116921425
CC(C)(O)c1ccc(NC(=O)c2cc(C(=O)NCc3ccc(F)c(F)c3)c(F)cc2Cl)cc1,8.89963,9.245154,-0.3455248
N=C1SC(c2ccccc2)C(=O)N1c1ncc(Cc2ccccc2Cl)s1,7.4089355,7.4633613,-0.054425716
C=C(C)[C@@H]1CC[C@]2(C(=O)O)CC[C@]3(C)[C@H](CC[C@@H]4[C@@]5(C)CC[C@H](O)[C@@](C)(CO)[C@@H]5CC[C@]43C)[C@@H]12,6.4089355,6.83629,-0.42735434
Cc1ccc(NP(=O)(O)OP(=O)(O)OP(=O)(O)OP(=O)(O)OC[C@H]2O[C@@H](n3cnc4c(N)ncnc43)[C@H](O)[C@@H]2O)cc1,6.0457573,6.1684914,-0.12273407
COc1cc(/C=C/c2cc(Cl)ccc2O)cc(OC)c1,5.552842,5.0334373,0.5194049
O=C(NC1CC1)c1cncc(-c2cccc(C(=O)N[C@H]3CN[C@@H](C(=O)Nc4ccc(Cl)c(C(F)(F)F)c4)C3)c2)c1,4.0262537,4.054643,-0.028389454
COc1cc(-c2ccc(OCCBr)cc2)c(OC)c(O)c1-c1ccc(O)cc1,6.958607,6.5809116,0.37769556
[C]C([C])=[C][C][C]C([C])([O])[C]1[C]c2c(c([C][C]=C([C])[C])c([O])c3c(=O)c4cc([O])ccc4oc23)O1,4.922269,5.1558914,-0.23362255
O=C(c1cc(I)ccc1Cl)N1CCN(c2nc(Cl)ncc2Br)CC1,6.79588,6.497239,0.29864073
CC1(C)CC[C@]2(C(=O)OCc3ccccc3)CC[C@]3(C)C(=CC[C@@H]4[C@@]5(C)CC(N=O)CC(C)(C)[C@@H]5CC[C@]43C)[C@@H]2C1,7.17582,7.730386,-0.5545659
Cc1ccccc1S(=O)(=O)Nc1ccc(NC(=O)Nc2ccc([N+](=O)[O-])cc2)cc1,4.026406,4.068149,-0.04174328
Cc1ccc(S(=O)(=O)Nc2ccc(Nc3nccn4c(-c5ccc6ccccc6c5)cnc34)cc2)cc1,4.79588,5.2022696,-0.4063897
CC(C)n1cc(CN2CCC(C(=O)Nc3cccc(-c4cccc(Cl)c4)c3)CC2)cn1,4.1339493,4.711083,-0.57713366
O=C(Nc1ccccc1N1CCN(C(=O)c2ccc(Cl)cc2)CC1)c1cccnc1,5.0,4.985563,0.014437199
O=C(Cc1ccc(NC(=O)C2CCN(C(=O)C3CCC3)CC2)cc1)Nc1ccc(C(=O)N2CCOCC2)cc1,5.0,4.997731,0.0022687912
Cc1ccc(S(=O)(=O)CC2CCc3ccccc3C2=O)cc1,4.853872,4.639361,0.21451092
CCc1nnc(NS(=O)(=O)c2ccc(N=Cc3c(C)[nH]n(-c4ccc(C)c(C)c4)c3=O)cc2)s1,5.30103,5.3038116,-0.0027813911
CC(C)C(NC(=O)[C@@H]1CCCN1C(=O)[C@@H](NC(=O)OC(C)(C)C)C(C)C)P(=O)(Oc1ccccc1)Oc1ccccc1,7.7212462,8.199063,-0.47781706
O=C1C=CC(=O)c2c(O)c(N3CCN(CCO)CC3)c(Cl)c(O)c21,4.8435116,5.1056876,-0.26217604
NCCNC(=O)c1cccc(-c2ccc3c(c2)C(=O)Nc2cc(OC(F)(F)F)ccc2N3)c1,5.0,5.097199,-0.09719896
CC(=O)N1N=C(c2cc3ccccc3oc2=O)CC1c1ccccc1Cl,4.49485,5.1760755,-0.6812253
Cc1cc(=O)oc2c3c(ccc12)O/C(=N/Nc1ccc([N+](=O)[O-])cc1[N+](=O)[O-])C3=O,6.6197886,6.6983294,-0.0785408
Cc1cnc(Nc2cnn(C)c2)nc1N1CC2CCCC(C1)N2CC#N,6.0,5.8109884,0.18901157
CN(CCC#N)C(=O)COC(=O)c1c2c(nc3ccccc13)/C(=C/c1ccco1)CC2,6.332547,7.569769,-1.2372217
COc1ccc(/C=C\C(=O)O[C@H]2CC[C@]3(C)[C@H]4CC=C5[C@@H]6CC(C)(C)CC[C@]6(C(=O)O)CC[C@@]5(C)[C@]4(C)CC[C@H]3C2(C)C)cc1,9.1549015,9.169728,-0.014826775
COc1ccc(/C=C/C(=O)O[C@H]2CC[C@@]3(C)C(CC[C@]4(C)C3CC=C3[C@@H]5CC(C)(C)CC[C@]5(C(=O)O)CC[C@]34C)C2(C)C)cc1,7.2596374,7.964362,-0.7047248
C[C@H]1[C@H](C)CC[C@]2(C(=O)O)CC[C@]3(C)C(=CC[C@@H]4[C@@]5(C)C[C@@H](O)[C@H](O)[C@@](C)(CO)[C@@H]5CC[C@]43C)[C@H]12,6.0,6.0928187,-0.09281874
Cc1ccccc1-n1c(Cn2nc(-c3cccc(O)c3)c3c(N)ncnc32)nc2cccc(C)c2c1=O,3.3909395,3.7511225,-0.360183
O=C(NO)c1ccc(C(=O)Nc2cccc(Nc3ncc(-c4cccnc4)s3)c2)cc1,5.823909,6.5396523,-0.71574354
C[C@H]1[C@H](C)CC[C@]2(C(=O)O)CC[C@]3(C)C(=CC[C@@H]4[C@@]5(C)C[C@@H](O)[C@H](O)[C@@](C)(CO)C5CC[C@]43C)[C@H]12,5.39794,5.365614,0.03232622
C=C(C)[C@@H]1CC[C@]2(CO)CC[C@]3(C)[C@H](CC[C@@H]4[C@@]5(C)CC[C@H](O)C(C)(C)[C@@H]5CC[C@]43C)[C@@H]12,6.790485,7.4854527,-0.69496775
CC12CCC(=O)N1C(C(=O)N1CCN(S(=O)(=O)c3ccc(Br)cc3Cl)CC1)CS2,4.1765256,4.089214,0.087311745
N#C/C(=C\c1ccc[nH]1)c1nc2ccccc2s1,5.703335,5.448857,0.25447798
Cc1ccccc1CSCC1Nc2ccc(C(=O)NCCc3ccccc3)cc2NC1=O,5.6382723,5.6585526,-0.020280361
COc1ccc(-c2cc(C(=O)Nc3ccc(S(=O)(=O)Nc4onc(C)c4C)cc3)c3ccccc3n2)cc1,6.0,5.9614887,0.038511276
O=C(Nc1ccc(NS(=O)(=O)c2ccccc2Cl)cc1)Nc1ccc([N+](=O)[O-])cc1,6.7931743,7.204409,-0.41123486
C/C=C\C=C/C(=O)Nc1cccc(C2=NOC3(C2)C[C@@H](C(N)=O)N(C(=O)COc2ccc(Cl)cc2)C3)c1,5.8383327,5.9000053,-0.061672688
NC(=O)c1cccc2cn(-c3ccc([C@@H]4CCCNC4)cc3)nc12,7.801378,8.196757,-0.39537954
COC(=O)[C@H](Cc1ccc(OCc2cn(CC(=O)O[C@H]3CC[C@]4(C)[C@H]5CC=C6[C@@H]7CC(C)(C)CC[C@]7(C(=O)OCc7ccccc7)CC[C@@]6(C)[C@]5(C)CC[C@H]4C3(C)C)nn2)cc1)NC(=O)OC(C)(C)C,6.0,5.875775,0.12422514
[C]Oc1cc(-c2ccc([O])cc2)c(O[C])c([O])c1-c1ccc(O[C][C]=C([C])[C])cc1,7.167491,7.602982,-0.43549109
O=C(Nc1ccc(NS(=O)(=O)c2cccc(Cl)c2)cc1)Nc1cccc([N+](=O)[O-])c1,5.8124795,5.62214,0.19033957
Cc1cccc(-n2nc3c(c2NC(=O)c2ccc(Br)o2)CSC3)c1,5.0,5.325963,-0.32596302
Nc1n[nH]c2cccc(-c3ccc(C(=O)N4CCN(C(=O)c5ccc(F)cc5)CC4)cc3)c12,9.585027,9.187292,0.39773464
O=C(COc1cc(O)c2c(=O)cc(-c3ccccc3)oc2c1)Nc1ccccc1Br,9.337242,8.920304,0.41693783
O=C(Cn1cc(COc2cc(O)c3c(=O)c4ccc(O)cc4oc3c2)nn1)Nc1ccc(O)cc1O,9.148742,8.511314,0.63742733
CC1(C)CC2CC(C)(CN2S(=O)(=O)c2ccc(C(=O)Nc3cccc(S(=O)(=O)N4CCOCC4)c3)cc2)C1,5.207608,5.1869426,0.020665646
Nc1cccc(NC(=O)c2cc(Sc3nncs3)c(F)cc2N)c1,7.6575775,7.3342943,0.3232832
Cc1ccc2sc(NNC(=O)c3cc(=O)c4ccccc4o3)nc2c1C,5.0,5.3734975,-0.3734975
Cc1cccc(-n2nc3c(c2NC(=O)c2ccco2)CSC3)c1C,8.318759,8.938913,-0.6201544
CCOCc1nnc(NC(=O)c2c(OC)cccc2OC)s1,7.0,6.741714,0.258286
CC(=O)Nc1ccccc1-c1cccc2c(C(C)C)c[nH]c12,5.2596374,5.6365643,-0.3769269
COc1cc(-c2ccc(O)cc2)c(OC)c(O)c1-c1ccc(OCCBr)cc1,7.154902,6.974317,0.18058491
CN(CCC#N)C(=O)COC(=O)c1c2c(nc3ccccc13)/C(=C\c1ccco1)CC2,9.180456,9.078042,0.10241413
CCOc1cc(/C=C/c2cc(OC)cc(OC)c2)ccc1O,4.853872,4.763636,0.09023571
CN(C)CCCNC(=O)[C@H](CC(C)(C)C)NC(=O)c1cccc(CNC(=O)c2ccc(OCCN(C)C)cc2)c1,4.30103,4.419367,-0.11833668
COC(=O)c1cccc(NC(=O)c2ccc[n+]([O-])c2)c1,6.304518,7.2216544,-0.9171362
CSCC[C@H](NC(=O)c1ccccc1N)C(=O)Nc1nc(-c2ccccc2)cs1,7.39794,7.4363246,-0.038384438
Cc1csc(NC(=O)c2cc(-c3ccco3)nc3ccccc23)n1,5.8728952,5.665095,0.20780039
CCc1n[nH]c(=S)n1[NH+]=C[c-]1cc(OC)cc([N+](=O)[O-])c1=O,5.2596374,5.914648,-0.6550107
O=C(Cn1cccc(NCc2ccccc2Cl)c1=O)NCc1ccc(Cl)c(Cl)c1,5.4202166,5.3797994,0.040417194
O=C(Cn1cccc(NCc2ccc(Cl)c(Cl)c2)c1=O)Nc1ccc(Cl)c(Cl)c1,3.429457,3.9067855,-0.47732854
COc1ccc(C2=NN(c3nc(-c4ccccc4)c(CC(=O)O)s3)C(c3ccco3)C2)cc1,9.283997,9.175188,0.10880852
Cc1cccc(N(Cc2ccccc2)C(=O)Cc2ccc(S(=O)(=O)N3CCOCC3)s2)c1,5.4317985,5.605858,-0.17405939
CC(=O)O[C@@H]1O[C@H](OC(=O)[C@]23CCC(C)(C)C[C@H]2C2=CC[C@@H]4[C@@]5(C)C[C@@H](O)[C@H](O)C(C)(C)[C@@H]5CC[C@@]4(C)[C@]2(C)CC3)[C@@H](OC(C)=O)[C@H](OC(C)=O)[C@H]1OC(C)=O,7.29243,6.1772633,1.1151667
CNC(=O)/C=C/C(=O)Nc1cccc(C(N)=O)c1,4.585,5.112226,-0.527226
NCc1ccc(-c2ccc3c(c2)C(=O)Nc2cc(OC(F)(F)F)ccc2O3)s1,5.0271955,5.0574937,-0.030298233
CN1CCN(C(=O)c2cccc(-c3ccc4c(c3)C(=O)Nc3cc(OC(F)(F)F)ccc3O4)c2)CC1,6.0,6.347181,-0.34718084
CN1C(=O)c2ccc(-c3cccc(NS(C)(=O)=O)c3)cc2Oc2ccc(OC(F)(F)F)cc21,5.7721133,6.1193533,-0.34723997
CS(=O)(=O)Nc1cccc(-c2ccc3c(c2)C(=O)Nc2cc(-c4ccc(OC(F)(F)F)cc4)ccc2O3)c1,5.0,4.9674726,0.032527447
O=C(CN1CCN(c2ccccc2F)CC1)Nc1cccc(F)c1,5.5686364,5.4134035,0.1552329
COc1cc(-c2ccc(O)cc2)c(OC)c(OCCBr)c1-c1ccc(O)cc1,4.30103,4.5545716,-0.25354147
Oc1c(Br)cc(CC=Nc2cc(O)c3cccnc3c2O)cc1Br,6.0,6.2849503,-0.28495026
O=C(/C=C/c1ccc(O)c(O)c1)OC1C(O)CC(OC(=O)/C=C/c2ccc(O)c(O)c2)(C(=O)O)CC1O,8.187087,8.11855,0.06853676
Nc1cc(F)c(Sc2nncs2)cc1C(=O)Nc1cccc(C(F)(F)F)c1,4.920819,5.3074,-0.38658142
CC1=C(C(=O)[C@@H](C)c2ccccc2)C(c2ccccc2Cl)NC(=S)N1,6.5100417,6.375771,0.13427067
CN(C(=O)c1ccc(NC(=O)Cc2cccc(NC(=O)C3CCN(C(=O)C4CCCCC4)CC3)c2)cc1)C1CC1,6.69897,7.0320816,-0.33311176
C[C@H]1[C@H](C)CC[C@]2(C(=O)O)CC[C@]3(C)C(=CC[C@@H]4[C@@]5(C)CC[C@@H](O)C(C)(C)C5CC[C@]43C)[C@H]12,6.0,6.220424,-0.22042418
Nc1ncnc2c1ncn2[C@@H]1O[C@H](COC(=O)c2ccc(S(=O)(=O)Nc3ccccc3)cc2)[C@@H](O)[C@H]1O,4.704213,4.3309336,0.37327957
Cc1ccc(-c2cc(-c3cccc(Br)c3)nc(SCc3cccc(F)c3)n2)cc1,7.0457573,7.530228,-0.48447084
Cc1ccc(-c2cc(-c3cccc(Br)c3)nc(SCc3ccccc3Cl)n2)cc1,6.0,6.223063,-0.22306299
Cc1ccc(-c2cc(-c3cccc(Br)c3)nc(SCc3ccc(F)cc3)n2)cc1,6.39794,6.3674145,0.030525684
Cc1ccc(-c2cc(-c3ccc(Br)cc3)nc(SCc3ccccc3Br)n2)cc1,7.6777806,7.769799,-0.092018604
Cc1ccc(-c2cc(-c3ccc(Br)cc3)nc(SCc3ccc(Cl)cc3)n2)cc1,9.229148,9.432536,-0.20338821
Fc1ccc(CSc2nc(-c3ccc(Br)cc3)cc(-c3ccc(Br)cc3)n2)cc1,7.60206,7.2470627,0.35499716
CCOC(=O)COC(=O)[C@]12CCC(C)(C)C[C@H]1C1=CC[C@@H]3[C@@]4(C)C[C@@H](O)[C@H](O)C(C)(C)[C@@H]4CC[C@@]3(C)[C@]1(C)CC2,4.5867004,4.3974566,0.1892438
Fc1cccc(CSc2nc(-c3ccc(Br)cc3)cc(-c3cccc(Br)c3)n2)c1,8.136677,8.237128,-0.10045147
Clc1ccc(CSc2nc(-c3ccc(Br)cc3)cc(-c3ccc(Br)cc3)n2)cc1,4.9792247,5.006776,-0.027551174
Fc1ccccc1CSc1nc(-c2ccc(Br)cc2)cc(-c2ccc(Br)cc2)n1,6.823909,5.551446,1.2724628
COc1ccc(-c2nnc3n(-c4ccccc4)c(=O)c4cnn(-c5ccccc5)c4n23)cc1,4.6777806,5.228374,-0.5505934
C[C@H]1[C@H](C)CC[C@]2(C(=O)O)CC[C@]3(C)C(=CC[C@@H]4[C@@]5(C)CC[C@@H](O)C(C)(C)[C@@H]5CC[C@]43C)[C@H]12,7.047692,6.762804,0.2848878
Clc1ccccc1CSc1nc(-c2ccc(Br)cc2)cc(-c2ccc(Br)cc2)n1,7.958607,9.026713,-1.0681062
Fc1cccc(CSc2nc(-c3ccc(Br)cc3)cc(-c3ccc(Br)cc3)n2)c1,6.376751,7.00594,-0.629189
Clc1ccccc1CSc1nc(-c2ccc(Br)cc2)cc(-c2cccc(Br)c2)n1,5.3665314,5.476667,-0.110135555
CCOC(=O)c1c(C)[nH]c(/C=C2\C(=O)Nc3ccccc32)c1C,4.0,4.216396,-0.21639585
Cc1ccnc(-c2ccc(C(=O)N3CCN(C(=O)c4cccc(N(C)C)c4)CC3)cc2)c1,6.0,6.042526,-0.04252577
COc1cc(-c2ccc(O)cc2)c(OC)c(OCc2ccccc2)c1-c1ccc(O)cc1,4.183096,4.3743258,-0.19122982
C=C(C)[C@@H]1CC[C@]2(COC(=O)C(=O)OCC#CCO)CC[C@]3(C)[C@@H](CC[C@@H]4[C@@]5(C)CC[C@H](OC(=O)C(=O)OCC#CCO)[C@@](C)(COC(=O)C(=O)OCC#CCO)[C@@H]5CC[C@]43C)C12,6.330683,7.1192937,-0.78861046
N#CC1C(=S)N=C(N)C(c2nc(-c3ccccc3)cs2)C12CCCC2,5.2596374,5.8686595,-0.60902214
O=C(Nc1ccc(O)cc1C(=O)O)c1cccc(Br)c1,8.896196,8.377302,0.5188942
NCCCC[C@H](NC(=O)c1ccccc1)C(=O)Nc1nc(-c2ccccc2)cs1,6.931073,7.17685,-0.24577665
CCOC(=O)C1=C(C)N=c2s/c(=C\c3cc(Cl)c(OCC(=O)O)c(Cl)c3)c(=O)n2C1c1cccc(OC)c1,7.5228786,7.342692,0.18018675
CCCOc1c(OC)c(-c2ccc(O)cc2)cc(OC)c1-c1ccc(O)cc1,5.207608,5.4107666,-0.20315838
Cc1cc(C)nc(Sc2cc(C(=O)Nc3cccc(C#N)c3)c(N)cc2F)n1,6.0,6.373223,-0.37322283
O=C(Nc1ccc(NS(=O)(=O)c2cccc(Cl)c2)cc1)Nc1ccc([N+](=O)[O-])cc1,6.102373,6.011778,0.090595245
O=C(N/N=C/c1ccc(O)cc1)c1ccc(Nc2ccnc3cc(Cl)ccc23)cc1,4.676645,4.7448516,-0.06820679
CCCCC(=O)C1CCN(Cc2ccccc2)CC1,5.958607,5.970937,-0.012329578
O=C(Nc1nnc(-c2ccccc2)o1)c1cc(-c2cccs2)nc2ccccc12,4.7695513,5.278035,-0.5084839
Cc1ccc(-n2c(SCc3cc(=O)n4ccsc4n3)nnc2-c2cccnc2)c(C)c1,4.026341,3.9573803,0.06896067
O=C(/C=C(O)/C=C/c1cc(O)ccc1O)c1cc(O)ccc1O,4.3410354,4.3869777,-0.045942307
O=C(Nc1ccc2nc(-c3ccco3)c(-c3ccco3)nc2c1)N1CCN(c2ccccn2)CC1,6.0,5.7824006,0.21759939
CCC(C)C(NC(=O)C(C)n1cccc(NC(=O)Oc2ccccc2)c1=O)P(=O)(Oc1ccccc1)Oc1ccccc1,9.2218485,9.837073,-0.61522484
CCCCC1=CC2=CC(=O)C(C)(OC(=O)CCc3ccccc3)C(=O)C2=CO1,8.522879,9.168046,-0.64516735
CCCCC(Sc1nc2cc(Cl)ccc2s1)C(=O)NS(=O)(=O)c1ccccc1,4.0,4.9229245,-0.9229245
Cc1cccc(S(=O)(=O)Nc2ccc(NC(=O)Nc3ccc([N+](=O)[O-])cc3)cc2)c1,7.920819,8.158825,-0.23800611
COc1ccc(Br)cc1[CH-]/N=[NH+]/c1ccc(S(=O)(=O)Nc2ccccc2C(=O)O)cc1[N+](=O)[O-],5.4449058,4.894856,0.5500498
CCCN(c1cccc(-c2ccc(Cl)cc2)c1C)S(=O)(=O)c1ccc(OC(C)C(=O)O)c(C)c1C,9.30103,9.54418,-0.24314976
CCCCN(c1ccc(C)c(-c2ccc(Cl)cc2)c1)S(=O)(=O)c1ccc(OC(C)C(=O)O)c(C)c1C,9.2218485,8.676858,0.54499054
CCCCN(c1cccc(-c2ccc(Cl)cc2)c1C)S(=O)(=O)c1ccc(OC(C)C(=O)O)c(C)c1C,3.8239088,4.287682,-0.46377325
Cc1c(-c2ccc(Cl)cc2)cccc1N(CCCC(F)(F)F)S(=O)(=O)c1ccc(OC(C)C(=O)O)c(C)c1C,4.2441254,4.742804,-0.49867868
CCCCN(c1ccc(F)c(-c2ccc(Cl)cc2)c1)S(=O)(=O)c1ccc(OC(C)C(=O)O)c(C)c1C,4.39794,4.6489944,-0.2510543
COCCN(c1cccc(-c2ccc(Cl)cc2)c1C)S(=O)(=O)c1ccc(OC(C)C(=O)O)c(C)c1C,9.1549015,9.8786745,-0.723773
CCCCN(c1cccc(-c2ccc(Cl)cc2)c1C)S(=O)(=O)c1ccc(O[C@H](C)C(=O)O)c(C)c1C,4.7212462,4.2588305,0.4624157
CCCCN(c1cccc(-c2ccc(Cl)c(Cl)c2)c1C)S(=O)(=O)c1ccc(OC(C)C(=O)O)c(C)c1C,5.4012094,5.608935,-0.20772552
CCCCN(c1c(C)cc(C)c(-c2ccc(Cl)cc2)c1C)S(=O)(=O)c1ccc(OC(C)C(=O)O)c(C)c1C,5.0,5.7247066,-0.72470665
Nc1ncnc2c1c(Cc1cccc3ccccc13)nn2CC1CCNCC1,8.0,8.403146,-0.4031458
Cc1[nH]c2ccccc2c1-c1nnc(-c2ccc(C(c3c(-c4ccccc4)[nH]c4ccccc34)c3c(-c4ccccc4)[nH]c4ccccc34)cc2)o1,7.853872,7.2585526,0.5953193
c1ccc(-c2[nH]c3ccccc3c2C(c2ccc(-c3nnc(-c4c[nH]c5ccccc45)o3)cc2)c2c(-c3ccccc3)[nH]c3ccccc23)cc1,7.2680087,6.6107244,0.65728426
Nc1ncnc2c1c(-c1cnc3ccccc3c1)nn2CC1CCNCC1,4.30103,4.644419,-0.34338903
Cc1[nH]c2ccccc2c1-c1nnc(-c2ccc(C(c3c[nH]c4ccc(Br)cc34)c3c[nH]c4ccc(Br)cc34)cc2)o1,5.207608,4.7008567,0.50675154
Cc1[nH]c2ccccc2c1-c1nnc(-c2ccc(C(c3c(C)n(C)c4ccccc34)c3c(C)n(C)c4ccccc34)cc2)o1,3.8239088,3.9949205,-0.17101169
NC(=O)c1cccc(NC(=O)CCCC(=O)O)c1,6.0,5.4709387,0.5290613
Clc1ccc2sc(SCc3cn(Cc4ccccc4Cl)nn3)nc2c1,8.443698,8.307636,0.13606167
Cc1ccc(NC(=O)c2ccc(CNC(=O)CCl)cc2)cc1Nc1nccc(-c2cccnc2)n1,6.0,5.6576858,0.34231424
Cn1cc(-c2nnc(-c3ccc(C(c4c(-c5ccccc5)[nH]c5ccccc45)c4c(-c5ccccc5)[nH]c5ccccc45)cc3)o2)c2ccccc21,9.267606,9.151988,0.11561775
Clc1ccc2sc(SCc3cn(Cc4ccc(Br)cc4)nn3)nc2c1,4.0,4.700541,-0.700541
Clc1ccc2sc(SCc3cn(Cc4ccccc4Br)nn3)nc2c1,8.148742,8.44895,-0.3002081
Clc1ccc2sc(SCc3cn(Cc4ccccc4)nn3)nc2c1,6.38934,6.153665,0.23567486
O=c1c(-c2cccc(Cl)c2)coc2cc(O)cc(O)c12,6.8268137,7.2022653,-0.37545156
Cn1cc(C(c2ccc(-c3nnc(-c4c[nH]c5ccccc45)o3)cc2)c2cn(C)c3ccccc23)c2ccccc21,5.870001,6.1905494,-0.32054853
Cn1cc(-c2nnc(-c3ccc(C(c4cn(C)c5ccccc45)c4cn(C)c5ccccc45)cc3)o2)c2ccccc21,5.0,5.0936313,-0.09363127
Cn1cc(-c2nnc(-c3ccc(C(c4c[nH]c5ccccc45)c4c[nH]c5ccccc45)cc3)o2)c2ccccc21,5.3467875,5.513907,-0.1671195
O=C1NC(=O)C(c2c[nH]c3ccccc23)=C1c1c[nH]c2ccccc12,6.30103,6.945479,-0.64444876
O=C1N=C(S)SC1=Cc1ccc(SC2CCCC2)c([N+](=O)[O-])c1,5.2596374,5.212884,0.046753407
N#Cc1ccc2[nH]cc(C(c3ccc(-c4nnc(-c5c[nH]c6ccccc56)o4)cc3)c3c[nH]c4ccc(C#N)cc34)c2c1,4.0,4.1759872,-0.17598724
Cn1cc(-c2nnc(-c3ccc(C(c4c[nH]c5ccc(Cl)cc45)c4c[nH]c5ccc(Cl)cc45)cc3)o2)c2ccccc21,6.1191864,5.7837005,0.33548594
O=C(O)c1ccc(C(=O)C(=Cc2ccc(F)c([N+](=O)[O-])c2)S(=O)Cc2ccc(Br)cc2)cc1,4.113622,4.3183484,-0.20472622
O=C(Nc1ccc(Cl)c(Cl)c1)N1Cc2ccc(-c3ccncc3)cc2C1,4.69897,4.823813,-0.12484312
Cc1ccc(NC(=O)c2ccc(CN)cc2)cc1Nc1nccc(-c2cccnc2)n1,8.102373,8.129917,-0.027544022
O=C(Nc1ccc(Cl)c(Cl)c1)N1CCCc2ccc(-c3ccncc3)cc21,9.886057,9.889064,-0.0030069351
O=C(O)c1ccc(C(=O)/C(=C\c2ccc(F)c([N+](=O)[O-])c2)Sc2ccc(Br)cc2)cc1,5.292004,5.1959796,0.09602451
Cn1cc(-c2nnc(-c3ccc(C(c4c[nH]c5ccc(Br)cc45)c4c[nH]c5ccc(Br)cc45)cc3)o2)c2ccccc21,4.09691,4.3896403,-0.29273033
Cn1cc(-c2nnc(-c3ccc(C(c4c[nH]c5ccc(C#N)cc45)c4c[nH]c5ccc(C#N)cc45)cc3)o2)c2ccccc21,6.0,5.9224715,0.07752848
C[C@H]1[C@H](C)CC[C@]2(C(=O)O)CC[C@]3(C)C(=CC[C@@H]4[C@@]5(C)C[C@@H](O)[C@H](O)C(C)(C)[C@@H]5CC[C@]43C)[C@H]12,5.329383,5.3765907,-0.047207832
C[C@H]1[C@H](C)CC[C@]2(C(=O)O)CC[C@]3(C)C(=CC[C@@H]4[C@@]5(C)C[C@@H](O)[C@H](O)C(C)(C)C5CC[C@]43C)[C@H]12,5.236572,4.966712,0.2698598
O=C(/C=C(O)/C=C/c1cc(O)ccc1O)c1ccc(O)cc1O,6.0457573,5.175132,0.8706255
C/C(=C/C(=O)O)C(=O)Nc1cccc(C(N)=O)c1,8.958608,9.5859,-0.62729263
CCN(CC)C(=O)/C=C\C(=O)Nc1cccc(C(N)=O)c1,6.90309,7.06691,-0.16381979
Oc1cc(O)cc(-c2ccc3cc(O)ccc3c2)c1,5.6382723,5.575065,0.06320715
Oc1ccc(-c2ccc(-c3cc(O)cc(O)c3)cc2)cc1,4.026341,4.446024,-0.41968298
Oc1ccc(-c2cccc(-c3cc(O)cc(O)c3)c2)cc1,7.7212462,7.859407,-0.1381607
COc1cccc(C(c2c(N)c3ccccc3oc2=O)c2c(N)c3ccccc3oc2=O)c1,5.0,4.742437,0.2575631
O=C(Nc1ccc(S(=O)(=O)Nc2nccs2)cc1)c1cc(-c2ccccc2)nc2ccccc12,8.207608,8.443494,-0.23588562
COc1ccc(NC(=O)N2CCOc3ccc(-c4ccncc4)cc3C2)cc1,5.2748237,6.3230195,-1.0481958
Nc1c(C(c2ccccc2Cl)c2c(N)c3ccccc3oc2=O)c(=O)oc2ccccc12,5.0,5.649316,-0.64931583
Nc1c(C(c2ccccc2)c2c(N)c3ccccc3oc2=O)c(=O)oc2ccccc12,5.1999707,5.347421,-0.14745045
Nc1c(C(c2cccc(F)c2)c2c(N)c3ccccc3oc2=O)c(=O)oc2ccccc12,4.9914,4.909482,0.08191776
Nc1c(C(c2cccc(Cl)c2)c2c(N)c3ccccc3oc2=O)c(=O)oc2ccccc12,7.0457573,6.777679,0.26807833
Cc1c(C(c2ccc(-c3nnc(-c4cn(C)c5ccccc45)o3)cc2)c2c(C)n(C)c3ccccc23)c2ccccc2n1C,6.0,5.8742247,0.12577534
Clc1ccc2[nH]cc(C(c3ccc(-c4nnc(-c5c[nH]c6ccccc56)o4)cc3)c3c[nH]c4ccc(Cl)cc34)c2c1,5.2596374,5.4384484,-0.17881107
Nc1c(C(c2ccc([N+](=O)[O-])cc2)c2c(N)c3ccccc3oc2=O)c(=O)oc2ccccc12,9.420217,9.29523,0.12498665
Clc1cc(Cl)cc(Cn2cc(CSc3nc4cc(Cl)ccc4s3)nn2)c1,3.9136403,4.1973076,-0.28366733
Clc1cc(Cl)cc(Cn2cc(CSc3nc4ccccc4s3)nn2)c1,5.0,5.609107,-0.609107
COc1cc(C(c2c(N)c3ccccc3oc2=O)c2c(N)c3ccccc3oc2=O)cc(Cl)c1O,7.1366773,6.9476647,0.18901253
O=C(O)c1ccc(C(=O)/C(=C\c2ccc(Cl)c([N+](=O)[O-])c2)S(=O)(=O)Cc2ccc(Br)cc2)cc1,5.229148,5.1671524,0.061995506
COc1cc(C(c2c(N)c3ccccc3oc2=O)c2c(N)c3ccccc3oc2=O)cc(Br)c1O,4.787812,4.540256,0.24755621
Fc1ccccc1Cn1cc(CSc2nc3cc(Cl)ccc3s2)nn1,4.730814,5.367473,-0.63665915
Fc1cccc(Cn2cc(CSc3nc4ccccc4s3)nn2)c1,4.609065,4.5263157,0.08274937
Fc1cccc(Cn2cc(CSc3nc4cc(Cl)ccc4s3)nn2)c1,6.3467875,6.751072,-0.40428448
CNC(=O)/C=C\C(=O)Nc1cccc(C(N)=O)c1,8.040958,8.1038065,-0.06284809
Clc1ccc(Cn2cc(CSc3nc4ccccc4s3)nn2)cc1,9.408936,9.471552,-0.06261635
Clc1ccc(Cn2cc(CSc3nc4cc(Cl)ccc4s3)nn2)cc1,5.6575775,5.7114987,-0.053921223
Cc1cccc(C(c2c(N)c3ccccc3oc2=O)c2c(N)c3ccccc3oc2=O)c1,7.2596374,7.67974,-0.4201026
CC(=O)CCC(=O)Nc1cccc(C(N)=O)c1,4.6705413,5.021377,-0.3508358
Nc1c(C(c2cccc(Br)c2)c2c(N)c3ccccc3oc2=O)c(=O)oc2ccccc12,6.5686364,6.628533,-0.05989647
Cc1c(C(c2ccc(-c3nnc(-c4c[nH]c5ccccc45)o3)cc2)c2c(C)n(C)c3ccccc23)c2ccccc2n1C,6.519993,6.624394,-0.10440111
Nc1c(C(c2ccc(O)cc2)c2c(N)c3ccccc3oc2=O)c(=O)oc2ccccc12,5.3279023,5.417026,-0.089123726
Cc1ccc(S(=O)(=O)c2ccc(C=C3SC(S)=NC3=O)cc2[N+](=O)[O-])cc1,5.0,4.7676563,0.23234367
Nc1c(C(c2ccccc2F)c2c(N)c3ccccc3oc2=O)c(=O)oc2ccccc12,5.60206,5.908172,-0.3061123
COc1cccc(N(C)C(=O)N2CCOc3ccc(-c4ccncc4)cc3C2)c1,6.5061045,6.477804,0.028300285
CCN1CCC(CCn2nc(Cc3cccc4ccccc34)c3c(N)ncnc32)CC1,4.7746906,4.477495,0.29719543
CCN1CCC(Cn2nc(Cc3cccc4ccccc34)c3c(N)ncnc32)CC1,7.5850267,7.902395,-0.31736803
O=C(O)c1ccc(C(=O)/C(=C\c2ccc(F)c([N+](=O)[O-])c2)S(=O)(=O)Cc2ccc(Br)cc2)cc1,9.420217,9.317172,0.10304451
Fc1ccc(Cn2cc(CSc3nc4cc(Cl)ccc4s3)nn2)cc1,6.415997,6.0364814,0.37951565
Cc1ccc(C(c2c(N)c3ccccc3oc2=O)c2c(N)c3ccccc3oc2=O)cc1,5.6382723,5.490024,0.1482482
CC1(C)Cc2c(-c3ccncc3)c(-c3ccccc3C#N)nn2C1,9.327902,8.860599,0.46730328
Cc1cccc(-c2nn3c(c2-c2ccc(O)cc2)CC(C)(C)C3)n1,5.3736596,5.272408,0.1012516
CC1=C(C)C(=O)N(c2cccc(C(N)=O)c2)C1=O,6.3904057,6.5245256,-0.13411999
CC(C)(CC(=O)Nc1cccc(C(N)=O)c1)C(=O)O,4.980676,5.318011,-0.33733463
CC(C)(C)c1ccc(Cn2cc(CSc3nc4ccccc4s3)nn2)cc1,4.69897,5.084846,-0.38587618
CC(C)(C)c1ccc(Cn2cc(CSc3nc4cc(Cl)ccc4s3)nn2)cc1,4.30103,4.680485,-0.3794546
NC(=O)c1cccc(NC(=O)/C=C\C(=O)N2CCCC2)c1,7.9508514,8.105625,-0.15477371
NC(=O)c1cccc(NC(=O)/C=C/C(=O)O)c1,9.29243,9.895604,-0.6031742
NC(=O)c1cccc(NC(=O)/C=C\C(=O)O)c1,4.6575775,5.180004,-0.5224266
CCNC(=O)[C@H](CCC1CCCCC1)NC(=O)c1ccc(CNC(=O)c2cnn(-c3ccccc3)c2N)cc1,5.3496923,6.2178864,-0.8681941
Cc1ccc2[nH]c(=O)c(CN(CCc3ccccc3)C(c3nnnn3Cc3ccco3)C(C)C)cc2c1,4.696804,4.6480527,0.048751354
Cc1[nH]c2ccccc2c1-c1nnc(-c2ccc(C(c3cn(C)c4ccccc34)c3cn(C)c4ccccc34)cc2)o1,4.4828043,4.870691,-0.38788652
Cc1[nH]c2ccccc2c1-c1nnc(-c2ccc(C(c3c[nH]c4ccccc34)c3c[nH]c4ccccc34)cc2)o1,7.595166,8.366639,-0.77147293
Cc1[nH]c2ccccc2c1-c1nnc(-c2ccc(C(c3c[nH]c4ccc(Cl)cc34)c3c[nH]c4ccc(Cl)cc34)cc2)o1,6.0,5.936934,0.063066006
Cc1[nH]c2ccccc2c1-c1nnc(-c2ccc(C(c3c[nH]c4ccc(C#N)cc34)c3c[nH]c4ccc(C#N)cc34)cc2)o1,4.7721133,4.6470156,0.12509775
C=C(C)C(=O)NCc1ccc(C(=O)Nc2ccc(C)c(Nc3nccc(-c4cccnc4)n3)c2)cc1,6.0,5.9683623,0.03163767
Brc1ccccc1Cn1cc(CSc2nc3ccccc3s2)nn1,3.9788108,4.4438586,-0.46504784
Brc1ccc(Cn2cc(CSc3nc4ccccc4s3)nn2)cc1,5.2839966,5.913773,-0.6297765
C(=C\n1ncc2c(N3CCCCCC3)ncnc21)/c1ccccc1,4.6161847,4.346271,0.26991367
C/C(=C/C(=O)Nc1cccc(C(N)=O)c1)C(=O)O,3.6550186,4.4643507,-0.80933213
c1ccc2c(-c3nnc(-c4ccc(C(c5c[nH]c6ccccc56)c5c[nH]c6ccccc56)cc4)o3)c[nH]c2c1,3.6458917,4.8312955,-1.1854038
C/C=C/C(=O)NCc1ccc(C(=O)Nc2ccc(C)c(Nc3nccc(-c4cccnc4)n3)c2)cc1,5.69897,6.462669,-0.76369905
C=C(C)[C@@H]1CC[C@]2(COC(c3ccccc3)(c3ccccc3)c3ccccc3)CC[C@]3(C)[C@H](CC[C@@H]4[C@@]5(C)[C@H](C(=O)OC)[C@H](O)C(C)(C)[C@@H]5CC[C@]43C)[C@@H]12,5.2652,6.4440885,-1.1788883
[C]Oc1cc(-c2ccc(O[C][C]=C([C])[C])cc2)c(O[C])c([O])c1-c1ccc([O])cc1,8.522879,8.184661,0.33821774
Cc1ccc(S(=O)(=O)Nc2ccc(Nc3nccn4c(-c5ccccc5Oc5ccccc5)cnc34)cc2)cc1,5.0,5.6211276,-0.6211276
C#CCOc1ccc(-c2cc(OC)c(-c3ccc(O)cc3)c(OCC#C)c2OC)cc1,8.987163,9.347493,-0.36033058
CCN(CC)CC(=O)O[C@H]1CC[C@]2(C)[C@H]3CC=C4[C@@H]5CC(C)(C)CC[C@]5(C(=O)OCc5ccccc5)CC[C@@]4(C)[C@]3(C)CC[C@H]2C1(C)C,4.026078,4.7131715,-0.68709326
Cc1ccc(-c2cc(C(=O)Nc3ccc(S(=O)(=O)Nc4onc(C)c4C)cc3)c3ccccc3n2)cc1,6.6615434,6.27229,0.38925314
CC[C@]12c3[nH]c4ccc(OC)cc4c3CCN1C(=O)C(CC(=O)NCc1cccc(C(F)(F)F)c1)C[C@@H]2C(=O)N1CCN(C(=O)c2ccco2)CC1,5.5425725,5.21294,0.32963228
C[C@H]1[C@H](C)CC[C@]2(C(=O)OCc3ccccc3)CC[C@]3(C)C(=CC[C@@H]4[C@@]5(C)CC(N=O)CC(C)(C)[C@@H]5CC[C@]43C)[C@H]12,6.0,5.855778,0.14422178
COc1cccc(NC(=O)c2cc(Sc3nccn3C)c(F)cc2N)c1,7.3279023,7.486965,-0.15906286
O=C(NN=CC=Cc1ccco1)c1cc(-c2ccc3ccccc3c2)n[nH]1,8.744727,9.1257715,-0.3810444
CCOc1cc(/C=C2\SC(=O)N(Cc3cccc([N+](=O)[O-])c3)C2=O)ccc1OCc1ccc(C)cc1,9.2218485,9.2566805,-0.034832
Cc1ccc(-n2nc3c(c2NC(=O)/C=C\c2ccc4c(c2)OCO4)CSC3)cc1,9.220404,9.904216,-0.68381214
O=C(Nc1ccc(NS(=O)(=O)c2ccccc2Cl)cc1)Nc1cccc([N+](=O)[O-])c1,6.29243,6.8371983,-0.54476833
COCCN(CCOC)C(=O)CSc1ccc(S(=O)(=O)N2CCN(C)CC2)cn1,6.0,6.1444325,-0.14443254
CC1(C)CC[C@]2(C(=O)OCc3ccccc3)CC[C@]3(C)C(=CC[C@@H]4[C@@]5(C)Cc6cn(C7CC7)nc6C(C)(C)[C@@H]5CC[C@]43C)[C@@H]2C1,6.3565474,6.2431693,0.11337805
C[C@H]1[C@H](C)CC[C@]2(C(=O)O)CC[C@]3(C)C(=CC[C@@H]4[C@@]5(C)C[C@H](O)CC(C)(C)[C@@H]5CC[C@]43C)[C@H]12,3.69897,4.114267,-0.4152968
CC(C)(O)c1ccccc1CC[C@@H](SCC1(CC(=O)[O-])CC1)c1cccc(/C=C/c2ccc3ccc(Cl)cc3n2)c1,6.6757174,6.729531,-0.053813457
CC(=O)OCc1cn(CCCCCCn2cc(COC(=O)[C@]34CCC(C)(C)C[C@H]3C3=CC[C@@H]5[C@@]6(C)CC[C@H](O)C(C)(C)[C@@H]6CC[C@@]5(C)[C@]3(C)CC4)nn2)nn1,8.853872,9.25941,-0.4055376
CC(=O)N1N=C(c2cc3ccccc3oc2=O)CC1c1ccc(Cl)cc1Cl,9.522879,9.3601885,0.16269016
C#Cc1ccc([C@H]2C=C(C(=O)NCc3nc4ccccc4[nH]3)O[C@@H](OCc3ccc(CO)cc3)C2)cc1,4.0,3.9768133,0.023186684
CN(Cc1ccccc1)C(=O)c1ccc(NC(=O)Cc2ccc(NC(=O)C3CCN(C(=O)C4CCCC4)CC3)cc2)cc1,3.60206,4.159746,-0.5576861
CC1(C)CC[C@]2(C(=O)OCc3ccccc3)CC[C@]3(C)C(=CC[C@@H]4[C@@]5(C)CCC(N=O)C(C)(C)[C@@H]5CC[C@]43C)[C@@H]2C1,5.6575775,5.517412,0.14016533
CC1(C)CC[C@]2(C(=O)OCc3ccccc3)CC[C@]3(C)C(=CCC4[C@@]5(C)CCC(N=O)C(C)(C)C5CC[C@]43C)[C@@H]2C1,6.8124795,6.541475,0.27100468
CCNC(=O)Nc1ccc2ncc(-c3ccc(OC)cc3)cc2n1,4.60206,5.1611466,-0.5590868
CC1CCc2c(sc(NC(=O)COc3cccc(C=O)c3)c2C#N)C1,4.447332,4.527313,-0.07998133
O=C(NNc1nc2c(cnn2-c2ccccc2)c(=O)n1-c1ccccc1)c1ccccc1,5.958607,7.3198137,-1.3612065
Cc1ccnc(NS(=O)(=O)c2ccc(NC(=O)c3cc(-c4ccc(Br)cc4)nc4ccccc34)cc2)n1,3.69897,4.101499,-0.402529
O=C1OC(c2ccc3ccccc3c2O)(c2ccc3ccccc3c2O)c2ccccc21,7.0,7.444406,-0.44440603
CN1C(=O)c2ccc(-c3cccc(N(C)S(C)(=O)=O)c3)cc2Oc2ccc(OC(F)(F)F)cc21,4.9829664,4.355406,0.6275606
Cc1ccc(C(=O)Nc2ccc(OCCCCN(C)C)cc2)cc1Nc1nccc(-c2cccnc2)n1,5.194499,5.2628217,-0.06832266
Cc1cccc(-c2n[nH]cc2-c2ccc3ncccc3n2)n1,6.1579967,5.9762273,0.18176937
CC1(C)CC[C@]2(C(=O)O)CC[C@]3(C)C(=CC[C@@H]4[C@@]5(C)CC[C@@H](O)C(C)(C)C5CC[C@]43C)[C@@H]2C1,7.1307683,7.8029523,-0.672184
Cc1cccc(-c2nn3c(c2-c2ccncc2)C(C)C(C)(C)C3)n1,8.638272,8.627609,0.0106630325
COC(=O)c1ccc(COC(=O)c2ccc(-n3cnnn3)cc2)o1,7.0,6.540298,0.45970201
NS(=O)(=O)c1ccc(NC(=O)COC(=O)c2c3c(nc4ccccc24)/C(=C\c2ccc4c(c2)OCO4)CCC3)cc1,5.468521,5.723291,-0.2547698
O=C(N/N=C/c1cccc(F)c1)c1cc(-c2ccco2)nc2ccccc12,4.30103,4.047845,0.25318527
Cc1[nH]n(-c2ccc(Cl)cc2)c(=O)c1C(c1ccccc1O)c1c(C)[nH]n(-c2ccc(Cl)cc2)c1=O,8.886057,8.950945,-0.064888
COc1ccccc1CNc1ncc(C(=O)NC2CCN(C)CC2)c(NC2CCCC2)n1,5.6675615,5.9638906,-0.29632902
CN(C(=O)c1ccc(NC(=O)Cc2cccc(NC(=O)C3CCN(C(=O)C4CCCC4)CC3)c2)cc1)C1CC1,7.161151,6.698856,0.46229506
COC(=O)c1ccc(CSc2nnc(CNC(=O)COc3ccc(Cl)cc3)o2)o1,5.229148,5.170974,0.058174133
Cc1ccc(Nc2nnc(SCC(=O)C(C#N)c3nc4ccccc4[nH]3)s2)c(C)c1,5.1139607,5.7385287,-0.624568
Cc1cc(S(=O)(=O)N2CCN(C(=O)CCC(=O)N3CCOCC3)CC2)ccc1Br,8.30103,7.9078503,0.3931799
Cc1ccc(S(=O)(=O)N2CCN(C(=O)Cn3cnc4c3c(=O)n(C)c(=O)n4C)CC2)cc1C,4.69897,4.855834,-0.15686417
CCOC(=O)C1=C(C)NC(SC)N(C)C1c1cccc(O)c1,4.6819367,4.2456527,0.43628407
Cc1ccc(-n2nc3c(c2NC(=O)/C=C\c2ccc4c(c2)OCO4)CSC3)c(C)c1,4.30103,4.141813,0.15921736
C=CCn1/c(=N/C(=O)c2cc(-c3cccs3)nc3ccccc23)sc2cc(S(N)(=O)=O)ccc21,5.5100417,6.059074,-0.5490322
Cc1ccc(-c2cc(C(=O)Nc3ccc(S(=O)(=O)Nc4nccs4)cc3)c3ccccc3n2)c(C)c1,5.39794,5.8266726,-0.4287324
Oc1ccc(-c2cn3c(n2)SCC3)cc1O,5.0609803,4.6999807,0.36099958
CC1(C)CC[C@]2(C(=O)OCc3ccccc3)CC[C@]3(C)C(=CC[C@@H]4[C@@]5(C)C[C@H](O)[C@H](O)C(C)(C)[C@@H]5CC[C@]43C)[C@@H]2C1,4.026341,4.1775494,-0.1512084
Oc1ccc(Br)cc1-c1nc2cc(Cl)ccc2s1,5.7791076,6.3610673,-0.5819597
C[N+](C)(C)CCN1C(=O)c2cccc3cccc(c23)C1=O,9.568636,9.493398,0.07523823
CC[C@H](C)[C@H](NC(=O)[C@H](CCC(=O)O)NC(=O)[C@H](CCC(=O)O)NC(=O)[C@H](Cc1ccc(P(=O)(O)O)cc1)NC(C)=O)C(=O)N[C@@H](CCC(=O)O)C(=O)O,5.6478176,6.572211,-0.9243932
CC1(C)CC[C@]2(C(=O)O)CC[C@]3(C)C(=CCC4[C@@]5(C)CC[C@H](O)C(C)(C)C5CC[C@]43C)[C@@H]2C1,7.5606675,7.477425,0.08324242
O=C1N(c2cccc(Cl)c2)C(c2ccccc2)N2CCCN12,5.707744,6.0509543,-0.34321022
CCCCSc1cc(=O)[nH]c(N)n1,5.9796386,6.3025155,-0.32287693
O=C(Nc1ccc(NS(=O)(=O)c2ccccc2F)cc1)Nc1ccc([N+](=O)[O-])cc1,9.09691,9.261904,-0.16499329
O=C(Nc1ccc(S(=O)(=O)Nc2nccs2)cc1)c1cc(-c2ccccc2Cl)nc2ccccc12,5.0,4.611473,0.38852692
COc1ccccc1NS(=O)(=O)c1cccc(-n2c(O)c(C=Nc3ccccc3C(=O)O)c3ccccc3c2=O)c1,5.30103,4.446883,0.85414696
CCCC(Sc1nc2cc(Cl)ccc2s1)C(=O)NS(=O)(=O)c1ccccc1,4.39794,4.707537,-0.30959702
COc1ccccc1CN1C[C@@H]2C[C@@H](c3ccc4nsnc4c3)N3CCC[C@@]23C1=O,4.5044556,4.828903,-0.32444763
CC1(C)CC[C@]2(C(=O)OCc3ccccc3)CC[C@]3(C)C(=CCC4[C@@]5(C)CC(N=O)C(N=O)C(C)(C)C5CC[C@]43C)[C@@H]2C1,5.0,5.342256,-0.34225607
CC1CC[C@]2(C(=O)OCc3ccccc3)CC[C@]3(C)C(=CC[C@@H]4[C@@]5(C)C[C@H](O)CC(C)(C)[C@@H]5CC[C@]43C)[C@@H]2[C@H]1C,4.29243,4.2230716,0.06935835
Cc1cc(C)cc(NC(=O)C(OC(=O)c2ccc(NC(=O)CC#N)cc2)c2ccccc2)c1,6.229148,6.298445,-0.06929731
CC1(C)CC[C@]2(C(=O)OCc3ccccc3)CC[C@]3(C)C(=CC[C@@H]4[C@@]5(C)CC(N=O)C(N=O)C(C)(C)[C@@H]5CC[C@]43C)[C@@H]2C1,3.8239088,3.9441798,-0.12027097
C[C@H]1[C@H](C)CC[C@]2(C(=O)OCc3ccccc3)CC[C@]3(C)C(=CC[C@@H]4[C@@]5(C)C[C@H](O)CC(C)(C)[C@@H]5CC[C@]43C)[C@H]12,5.552842,5.993716,-0.44087362
CCCc1ncc(CN2CCC(C(=O)Nc3cccc(-c4cscn4)c3)CC2)cn1,4.0,5.524527,-1.5245271
CC1(C)CC[C@]2(C(=O)O)CC[C@]3(C)C(=CC[C@@H]4[C@@]5(C)CC[C@@H](O)C(C)(C)[C@@H]5CC[C@]43C)[C@@H]2C1,4.30103,4.968017,-0.66698694
CCOC(=O)COC(=O)[C@]12CCC(C)(C)C[C@H]1C1=CC[C@@H]3[C@@]4(C)C[C@H](O)CC(C)(C)[C@@H]4CC[C@@]3(C)[C@]1(C)CC2,4.10513,4.685516,-0.5803857
O=C(Cn1cccc(NCc2ccc(Cl)c(Cl)c2)c1=O)NCCc1ccc(Cl)c(Cl)c1,4.69897,4.656008,0.042962074
O=C(Nc1cccc(S(=O)(=O)NC2=NCCC2)c1)c1cc(-c2ccco2)nc2ccccc12,6.39794,5.8526354,0.5453048
COc1ccccc1C(=O)N1CCN(C(=O)c2ccc(-c3cccc4[nH]nc(N)c34)cc2)CC1,5.207608,5.132936,0.07467222
C/C=C\C=C\C(=O)Nc1cccc(C2=NOC3(C2)C[C@@H](C(N)=O)N(C(=O)C(c2ccccc2)c2ccccc2)C3)c1,5.5228786,6.357635,-0.8347564
O=C(Nc1ccc(S(=O)(=O)Nc2nccs2)cc1)/C(=C/c1ccccc1Cl)NC(=O)c1ccccc1,5.703335,5.90437,-0.20103502
Cc1cc(O)cc(O)c1C(=O)O[C@H]1[C@@H]2COC(/C=C/C=O)=CC2=CC(=O)[C@@]1(C)O,6.4436975,6.792061,-0.3483634
Cc1ccc(C(=O)Nc2cc(C(C)(C)C)on2)cc1/C=C/n1cnc2c(NC3CC3)ncnc21,6.5686364,6.8502975,-0.28166103
CN(C)CCNC(=O)[C@H](CC(C)(C)C)NC(=O)c1cccc(CNC(=O)c2ccc(OCCN(C)C)cc2)c1,9.30103,9.370221,-0.06919098
CS(=O)(=O)c1ccc2nc(NC(=O)NCc3cccnc3)sc2c1,6.28735,5.7617574,0.5255928
Cc1ccc(C(=O)Nc2cccc(C(F)(F)F)c2)cc1/C=C/n1cnc2c(NC3CC3)ncnc21,5.2596374,5.752189,-0.4925518
COc1cc(/C=C/c2cc(OC)c(O)c(OC)c2)cc(OC)c1,5.163676,5.4834437,-0.31976795
CSCC[C@H](NC(=O)[C@H](CC(C)C)NC(=O)[C@H](CO)NC(=O)[C@@H]1CCCN1C(=O)[C@@H](NC(=O)[C@@H](N)CCCNC(=N)N)C(C)C)C(=O)O,7.090228,6.713929,0.3762989
CC1(C)CC[C@]2(C(=O)OC3CC3)CC[C@]3(C)C(=CC[C@@H]4[C@@]5(C)C[C@H](O)CC(C)(C)[C@@H]5CC[C@]43C)[C@@H]2C1,9.468521,9.467847,0.00067424774
C=CCOC(=O)[C@]12CCC(C)(C)C[C@H]1C1=CC[C@@H]3[C@@]4(C)C[C@H](O)CC(C)(C)[C@@H]4CC[C@@]3(C)[C@]1(C)CC2,7.6575775,8.777262,-1.1196842
N#C/C(=C\c1ccc(O)cc1O)c1nc2ccccc2s1,4.1985965,4.263394,-0.0647974
N#CC1C(=S)N=C(N)C(c2nc(-c3ccccc3)cs2)C12CCCCC2,4.884057,5.4120755,-0.5280185
Cc1cc(NCCCCCCCNc2cc(C)nc3cc([N+](=O)[O-])ccc23)c2ccc([N+](=O)[O-])cc2n1,5.0,5.180061,-0.18006086
CC[C@H]1O[C@@H](NC(=S)NN=Cc2cccc(Cl)c2)[C@H](O)[C@@H](O)[C@@H]1O,5.0,5.8048334,-0.8048334
CC[C@H](NC(=O)c1ccccc1)C(=O)Nc1nc(-c2ccccc2)cs1,5.275724,5.1870513,0.08867264
CC1=C(C(=O)[C@H](C)c2ccccc2)C(c2ccccc2Cl)NC(=S)N1,4.154902,4.2764797,-0.12157774
Cc1ccc(NS(=O)(=O)c2ccc(/[NH+]=N/[CH-]c3ccccc3OCC(=O)O)c([N+](=O)[O-])c2)c(C)c1,6.823909,6.887014,-0.06310511
[C]Oc1cc(-c2ccc([O])cc2)c(O[C])c(O[C][C]=C([C])[C])c1-c1ccc([O])cc1,5.042778,4.7212234,0.32155466
CC(O)c1ccc(Nc2nc3c(C(N)=O)cc(F)cc3s2)cc1,4.9000087,4.74683,0.15317869
CS(=O)(=O)Nc1cccc(-c2ccc3c(c2)Oc2ccc(OC(F)(F)F)cc2C(=O)N3)c1,4.9000087,5.0459776,-0.14596891
O=[N+]([O-])c1ccc(Cl)c(S(=O)(=O)Nc2cccc(-c3ccc(N4CCCC4)nn3)c2)c1,6.8388906,6.6135726,0.22531796
CC1=NN(S(=O)(=O)CCc2ccc([N+](=O)[O-])cc2)C(c2ccccc2O)C1,4.30103,4.8837953,-0.5827651
O=C(CC1N=C2c3ccccc3N=C(SCc3ccc(Cl)cc3)N2C1=O)NCc1ccco1,5.2596374,5.2683034,-0.0086660385
Fc1ccc(CSc2nnc(COc3ccnc4ccccc34)o2)cc1,7.7212462,8.827932,-1.1066861
C[C@H](NC(=O)c1ccccc1)C(=O)Nc1nc(-c2ccccc2)cs1,5.275724,5.642348,-0.36662388
CCOC(=O)CN1C(=O)NC2NC(=O)NC21,4.2692175,3.7535172,0.51570034
Cc1ccccc1C(=O)N=c1ccn(-c2nc3ccccc3nc2NS(=O)(=O)c2ccc(F)cc2)cc1,5.180456,5.497108,-0.31665182
C=C(C)[C@@H]1CC[C@]2(C(=O)NCCCN)CC[C@]3(C)[C@H](CC[C@@H]4[C@@]5(C)CC[C@H](O)[C@@](C)(CO)[C@@H]5CC[C@]43C)[C@@H]12,4.69897,4.7146688,-0.01569891
COCCn1/c(=N/C(=O)c2cc(-c3cccs3)nc3ccccc23)sc2cc(S(N)(=O)=O)ccc21,6.0570006,6.3102064,-0.25320578
O=C(COC(=O)c1ccc(Oc2ccccc2)cc1)Nc1nnc(-c2ccccc2)o1,8.387217,8.505223,-0.118006706
CC1(C)CC[C@]2(C(=O)OCc3ccccc3)CC[C@]3(C)C(=CC[C@@H]4[C@@]5(C)CC[C@H](OC(=O)Cn6cc(COC(=O)Cc7ccc8ccccc8c7)nn6)C(C)(C)[C@@H]5CC[C@]43C)[C@@H]2C1,5.0,5.473909,-0.4739089
COC(=O)[C@H](Cc1ccccc1)NC(=O)[C@]12CC[C@@H](C)[C@H](C)[C@H]1C1=CC[C@@H]3[C@@]4(C)C[C@@H](OC(C)=O)[C@H](OC(C)=O)C(C)(C)[C@@H]4CC[C@@]3(C)[C@]1(C)CC2,8.036212,8.563495,-0.5272827
COc1ccc(NC(=O)c2cc(Sc3nccn3C)c(F)cc2N)cc1,4.30103,4.0328736,0.26815653
Cc1ccc(NC(=O)c2ccc(C(=O)Nc3ccccc3N)s2)cc1Nc1ncc(-c2cccnc2)s1,6.0,6.915662,-0.9156618
Cc1ccc(C(=O)Nc2cc(N3CCN(C)CC3)cc(C(F)(F)F)c2)cc1/C=C/n1cnc2c(NC3CC3)ncnc21,6.943095,7.706743,-0.76364756
Nc1ccccc1NC(=O)c1ccc(C(=O)Nc2cccc(Nc3ncc(-c4cccnc4)s3)c2)s1,4.701147,4.2664123,0.43473482
N[C@@H](CSC(c1ccccc1)(c1ccccc1)c1ccc(-c2ccccc2)cc1)C(=O)O,4.30103,3.9705076,0.33052254
COc1cc(/C=C/c2ccccc2O)cc(OC)c1,4.0,4.4802227,-0.4802227
Nc1ccccc1NC(=O)c1ccc(C(=O)Nc2cccc(Nc3ncc(-c4cccnc4)s3)c2)cn1,5.50724,6.4805455,-0.9733057
CCCCC1=CC2=CC(=O)C(C)(OC(=O)CC)C(=O)C2=CO1,2.1870866,2.1134143,0.073672295
CS(=O)(=O)c1ccc2nc(NC(=O)NCc3cccs3)sc2c1,4.5228786,5.501673,-0.9787946
OCCN1CCN(c2ncnc3c2sc2nc(N4CCOCC4)c4c(c23)CCC4)CC1,6.821023,7.7535167,-0.9324937
C[C@H]1[C@H](C)CC[C@]2(C(=O)OCc3ccccc3)CC[C@]3(C)C(=CC[C@@H]4[C@@]5(C)CC(=O)CC(C)(C)[C@@H]5CC[C@]43C)[C@H]12,4.0,4.254658,-0.25465822
CCOC(=O)C1=C(C)NC(SC)N(C)C1c1ccccc1,8.326521,7.6127224,0.7137985
CC1CCc2c(sc(NC(=O)COc3ccc(C=O)cc3)c2C#N)C1,8.0,7.996744,0.003255844
O=c1c(CO)cc(CO)cc(CO)c1O,6.8477116,6.7302265,0.11748505
C#CCn1/c(=N/C(=O)c2cc(-c3cccs3)nc3ccccc23)sc2cc(S(N)(=O)=O)ccc21,6.0,5.799911,0.20008898
CC1(C)CC[C@]2(COC(=O)CCC(=O)O)CC[C@]3(C)C(=CC[C@@H]4[C@@]5(C)Cc6cn[nH]c6C(C)(C)[C@@H]5CC[C@]43C)[C@@H]2C1,3.3429441,3.7764015,-0.43345737
Cc1ccc(-n2c(SCC(=O)N3Cc4ccccc4CC3C(=O)O)nnc2-c2cccnc2)c(C)c1,5.2999887,5.082635,0.21735382
CCC(C)C(NC(=O)[C@@H]1CCCN1C(=O)[C@@H](NC(=O)OCc1ccccc1)C(C)(C)C)P(=O)(Oc1ccccc1)Oc1ccccc1,6.1499667,6.244068,-0.09410143
O=C(CCC(=O)Nc1ccccc1Br)N/N=C/c1c2ccccc2cc2ccccc12,6.2898827,6.826195,-0.5363121
O=C(CCC(=O)Nc1cccc(Cl)c1)NN=Cc1c2ccccc2cc2ccccc12,5.3018994,5.5382943,-0.23639488
CC(=O)NCCNP(=O)(O)OP(=O)(O)OP(=O)(O)OC[C@H]1O[C@@H](n2cnc3c(N)ncnc32)[C@H](O)[C@@H]1O,3.6716204,4.2186036,-0.54698324
CCCOCc1nc2c(c(C)nn2-c2ccccc2)c(=O)[nH]1,4.5725303,5.1469846,-0.5744543
CCOCc1nc2c(c(C)nn2-c2ccccc2)c(=O)n1CC(=O)OCC,4.6147513,4.9336085,-0.3188572
CCOC(=O)Cn1c(CCl)nc2c(c(C)nn2-c2ccccc2)c1=O,4.8827286,4.7219863,0.16074228
CCOC(=O)c1ccccc1NC(=O)c1ccc2c(SCC(=O)O)c3c(nc2c1)CCCC3,4.496209,3.8895493,0.6066599
CNc1ncnc2c1ncn2/C=C/c1cc(NC(=O)c2cccc(C(F)(F)F)c2)ccc1C,4.6197886,5.3381658,-0.7183771
COC(=O)[C@@H]1CSC(c2ccccc2)=N1,5.412289,5.7797685,-0.36747932
CCOc1ccc(S(=O)(=O)N2CCCCC2)cc1-c1nnc2c(n1)c(C)nn2C,4.823909,5.485294,-0.66138506
CN(C)CCN1Cc2ccc3c4c(ccc(c24)C1)CN(CCN(C)C)C3,4.1897674,3.8600283,0.3297391
CS(=O)(=O)N1CCCC(NC(=O)[C@H](CCC2CCCCC2)NC(=O)c2ccc(CNC(=O)c3cnc4ccccn34)cc2)C1,6.695176,7.864062,-1.1688857
COc1cccc(S(=O)(=O)Nc2ccc(NC(=O)Nc3ccc([N+](=O)[O-])cc3)cc2)c1,5.69897,6.1121264,-0.4131565
COCc1nc2c(c(C)nn2-c2ccccc2)c(=O)n1Cc1ccccc1,3.0579424,3.7959404,-0.737998
COCC1c2c(-c3ccncc3)c(-c3cccc(C)n3)nn2CC1(C)C,8.522879,8.635434,-0.112555504
Cc1ccc(NC(=O)c2ccc(C(=O)Nc3ccccc3N)s2)cc1Nc1ncc(-c2cccnc2)cn1,5.8000007,5.355166,0.4448347
Cc1cc(-c2c(-c3cccc(C)n3)nn3c2C(C)C(C)(C)C3)ccn1,5.0,4.982304,0.017695904
Cc1ccc(NC(=O)c2ccc(N)c(N)c2)cc1Nc1nccc(-c2cccnc2)n1,5.150515,6.4767327,-1.3262177
Cc1ccn(-c2ccc(-c3ncco3)cc2)c(=O)c1-c1ccc2nc(N)ncc2c1,5.6615434,6.4274135,-0.7658701
Cc1oc(-c2ccccc2)nc1CCOc1ccc(Cc2c(C(=O)O)cnn2-c2ccccc2)cc1,7.8860564,8.552236,-0.6661792
Cc1nn(C)c2nnc(Nc3ccc(S(=O)(=O)N4CCCCC4)cc3)nc12,4.2062097,4.5893617,-0.383152
Cc1nn(C)c2nnc(Nc3ccc(S(=O)(=O)N4CCOCC4)cc3)nc12,5.379968,5.896315,-0.51634693
Cc1oc(-c2ccccc2)nc1CCOc1ccc(Cc2c(C(=O)O)nnn2-c2ccccc2)cc1,6.1001797,6.4111276,-0.3109479
Cc1oc(-c2ccccc2)nc1CCOc1cccc(Cc2c(C(=O)O)nnn2-c2ccccc2)c1,8.638272,8.915254,-0.27698135
CCOc1ccccc1N(C(=O)c1snc(C(N)=O)c1N)C(C(=O)NCC1CCCO1)c1ccc2ncccc2c1,5.5100417,5.5494266,-0.039384842
CC1(C)CC[C@]2(C(=O)O)CC[C@]3(C)C(=CC[C@@H]4[C@@]5(C)Cc6nccnc6C(C)(C)[C@@H]5CC[C@]43C)[C@@H]2C1,8.0,8.047651,-0.04765129
COc1ccc(S(=O)(=O)Nc2c(C)cc(C)cc2C)cc1,5.7572103,5.843632,-0.08642197
Cn1ncnc1[C@@H]1c2n[nH]c(=O)c3cc(F)cc(c23)N[C@H]1c1ccc(F)cc1,4.026392,5.152329,-1.125937
CCCCN(c1cccc(-c2ccc(Cl)cc2)c1C)S(=O)(=O)c1ccc(OC(C)C(=O)O)c(OC)c1OC,4.465974,4.203198,0.2627759
Cc1cccc(C)c1Nc1nnc(SCC(=O)C(C#N)c2nc3ccccc3[nH]2)s1,8.552842,8.68366,-0.13081741
CCCC(=O)O[C@@H]1C[C@]2(C)[C@H]3CC=C4[C@@H]5CC(C)(C)CC[C@]5(C(=O)O)CC[C@@]4(C)[C@]3(C)CC[C@H]2C(C)(C)[C@H]1OC(=O)CCC,5.8544927,5.9735074,-0.11901474
COC(=O)c1nc2c(-c3ccc(O)c(O)c3)c(O)c(O)c(-c3ccc(O)cc3)c2s1,6.0,6.088225,-0.08822489
CCOC(=O)c1ccc(NC(=O)COc2ccccc2CNCCO)cc1,5.134,5.359896,-0.22589636
COc1ccc(-c2cc(C(=O)Nc3cccc(S(=O)(=O)NCc4ccco4)c3)c3ccccc3n2)cc1OC,8.568636,8.805599,-0.23696327
Cn1ccnc1Sc1cc(C(=O)Nc2cccc(CN)c2)c(N)cc1F,6.69897,7.28772,-0.58875036
Cc1ccc(C2CC(c3cccs3)=NN2C(=O)CSc2nc(=O)n3ccc(C)cc3n2)cc1,5.648716,6.674234,-1.025518
CC1(C)CC[C@]2(C(=O)OCCBr)CC[C@]3(C)C(=CC[C@@H]4[C@@]5(C)C[C@H](O)CC(C)(C)[C@@H]5CC[C@]43C)[C@@H]2C1,5.0,5.547441,-0.547441
COc1cccc(OCc2cc(CN=Nc3ccc(C(=O)O)cc3)ccc2OC)c1,8.0,8.069558,-0.06955814
NN=C1c2ccccc2C(=O)C1C(=O)C(c1ccccc1)c1ccccc1,9.229148,9.412818,-0.18367004
CCc1nnc(NS(=O)(=O)c2ccc(N=Cc3c(C)[nH]n(-c4ccc(Cl)cc4)c3=O)cc2)s1,6.21467,6.2547603,-0.040090084
CCCCCCCCCC(=O)OCc1cn(CC(=O)O[C@H]2CC[C@]3(C)[C@H]4CC=C5[C@@H]6CC(C)(C)CC[C@]6(C(=O)O)CC[C@@]5(C)[C@]4(C)CC[C@H]3C2(C)C)nn1,4.2967086,4.628383,-0.33167458
[C]Oc1cc(-c2ccc([O])cc2)c(O[C])c([O])c1-c1ccc([O])c([C][C]=C([C])[C])c1,5.835647,6.7073646,-0.87171745
CCCCCN(CCCCC)C(=O)[C@H](C)NC(=O)[C@@H](NC(=O)[C@H](Cc1ccc(OP(=O)(O)O)cc1)NC(C)=O)C(C)C,5.291215,5.460009,-0.16879416
CC[C@H]1O[C@@H](NC(=S)NN=Cc2ccc([N+](=O)[O-])cc2)[C@H](O)[C@@H](O)[C@@H]1O,4.679854,4.230444,0.44940996
CCN(CCCCOc1ccc(-c2cc(=O)c3c(O)c(OC)c(OC)cc3o2)cc1)Cc1ccccc1OC,3.455932,3.2820585,0.17387342
O=C(CSc1ccc(Br)c2cccc(Cl)c12)Nc1ccc(S(=O)(=O)Nc2nccs2)cc1,8.423093,7.887356,0.53573704
Nc1cccc(NC(=O)CN2CCN(c3ccccc3F)CC2)c1,5.0,4.961313,0.03868723
CN(C)C(CNC(=O)c1cc(-c2ccco2)nc2ccccc12)c1ccccc1,6.39794,6.126781,0.27115917
Cc1ccc(C)c(N2CCN(S(=O)(=O)c3ccc4[nH]c(=O)c(=O)[nH]c4c3)CC2)c1,7.251812,7.671249,-0.41943693
CC(=O)N[C@@H](Cc1ccc(OP(=O)(O)O)cc1)C(=O)N[C@H](C(=O)N[C@H](C)C(=O)NCCC1CCCCC1)C(C)C,6.0,5.999615,0.0003848076
Cc1cccc(-c2nn3c(c2-c2ccncc2)CC(C)(C)C3)n1,5.218891,4.9684024,0.25048876
COc1cc(/C=C/c2cccc(O)c2)cc(OC)c1,4.22,4.7232366,-0.5032368
Cc1ccc(NC(=O)c2ccc(N)cc2)cc1Nc1nccc(-c2cccnc2)n1,5.0,4.6184173,0.38158274
COc1ccc(-c2cc(C(=O)NNC(=S)NC(=O)c3c(-c4ccccc4)noc3C)[nH]n2)cc1,7.69897,5.8480787,1.8508911
COc1ccc(C(=O)NNc2nc3c(cnn3-c3ccccc3)c(=O)n2-c2ccccc2)cc1,8.1549015,8.262013,-0.10711193
COc1ccc(NC(=O)Cn2cc(COc3cc(OC(C)=O)c4c(=O)c5ccc(Br)cc5oc4c3)nn2)cc1OC,7.91364,8.505298,-0.59165764
COc1ccc(CCNC(=O)c2ccc(NC3=NC4CS(=O)(=O)CC4S3)cc2)cc1OC,5.080922,4.950899,0.130023
O=C1Nc2cc(OC(F)(F)F)ccc2Oc2ccc(CCB(O)O)cc21,8.79588,9.100188,-0.30430794
CS(=O)(=O)Nc1cccc(-c2ccc3c(c2)Oc2cc(OC(F)(F)F)ccc2NC3=O)c1,5.0,5.1409945,-0.14099455
COc1ccc(C(=O)NNC(=S)NC(=O)c2cc(-c3ccccc3)nc3ccccc23)cc1,6.2596374,7.269267,-1.0096297
C=CCOc1ccc(-c2cc(OC)c(-c3ccc(O)cc3)c(O)c2OC)cc1,5.091515,5.5314126,-0.43989754
CC[C@H]1O[C@@H](NC(=S)NN=Cc2ccccc2O)[C@H](O)[C@@H](O)[C@@H]1O,5.0,5.1916537,-0.19165373
Cc1ccc(NC(=O)c2cc(-c3ccco3)nc3ccccc23)cc1S(=O)(=O)N1CCOCC1,8.0,7.9136486,0.086351395
Cc1cccc2sc(NNC(=O)c3cc(-c4cccs4)nc4ccccc34)nc12,4.30103,5.008632,-0.707602
COc1ccc(-c2nc3cc(C(=O)O)ccc3n2CCCn2c(-c3ccc(O)c(OC)c3)nc3cc(C(F)(F)F)ccc32)cc1,7.6575775,6.751613,0.9059644
O=C(Nc1ccc(NS(=O)(=O)c2cccc(C(F)(F)F)c2)cc1)Nc1ccc([N+](=O)[O-])cc1,5.080922,4.98179,0.09913206
CCOc1c(Cl)cc(C(=O)Nc2ccccc2C(=O)O)cc1Cl,4.590067,4.8157554,-0.22568846
CSCCC(NC(=O)c1ccccc1)C(=O)Nc1nc(-c2ccccc2)cs1,4.111259,4.7136493,-0.6023903
CCN1\C(=C/C=C/C=C/C=C/c2sc3ccccc3[n+]2CC)Sc2ccccc21,7.7523665,7.9047112,-0.1523447
O=C(N/N=C/c1ccc(F)cc1)c1cc(-c2ccco2)nc2ccccc12,6.670094,6.6664286,0.0036654472
O=C(O)c1cccc(-n2cccc2C=C2NC(=O)N(c3ccc(Cl)cc3)C2=O)c1,6.363819,6.3119235,0.05189562
O=C(O)c1ccc(/C=N/NC(=O)c2ccc(CN3c4cccc5cccc(c45)S3(=O)=O)cc2)cc1,4.7999983,4.4964995,0.30349874
Cc1ccc(S(=O)(=O)Nc2ccc(Nc3nccn4c(-c5cccc(OC(F)(F)F)c5)cnc34)cc2)cc1,4.026406,3.9500928,0.07631302
Cc1oc(-c2ccccc2)nc1CCOc1cccc(C2CN(C(=O)OCC(C)C)CCC2C(=O)O)c1,4.30103,4.1224747,0.17855549
CCCOC(=O)[C@]12CCC(C)(C)C[C@H]1C1=CC[C@@H]3[C@@]4(C)C[C@H](O)CC(C)(C)[C@@H]4CC[C@@]3(C)[C@]1(C)CC2,9.236572,9.274556,-0.037983894
Cc1nn(-c2ccc(Cl)cc2)c(Cl)c1/C=N/NC(=O)c1ccc(NS(=O)(=O)c2cccs2)cc1,7.6458917,8.895115,-1.2492232
O=C(N/N=C/c1ccccc1)c1ccc(Nc2ccnc3cc(Cl)ccc23)cc1,5.229148,5.06742,0.1617279
O=c1cc(-c2ccccc2)oc2cc(OCc3ccc(Cl)nc3)cc(O)c12,6.229148,6.154433,0.07471514
Cc1oc(-c2ccccc2)nc1CCOc1cccc(C2=C(C(=O)O)CCN(Cc3ccccc3)C2)c1,4.30103,4.460091,-0.15906096
O=C(Nc1nnc(-c2cccs2)o1)c1cc(-c2ccccc2)nc2ccccc12,5.0,5.262977,-0.26297712
O=C(CSc1nnc(SCc2ccccc2)s1)N/N=C/C=C/c1ccco1,4.9757195,4.4207425,0.55497694
C[C@H]1[C@H](C)CC[C@]2(C(=O)O)CC[C@]3(C)C(=CC[C@@H]4[C@@]5(C)CC[C@H](OC(=O)CCC(=O)O)C(C)(C)[C@@H]5CC[C@]43C)[C@H]12,5.872571,6.397077,-0.5245061
O=C(O)Cc1sc(N=NCc2ccccc2)nc1-c1ccccc1,6.0,6.174256,-0.17425585
N#Cc1c(NC(=O)CSc2ncnc3sccc23)oc(-c2ccco2)c1-c1ccco1,9.443698,9.229859,0.21383858
CC(C)C(Sc1nc2cc(Cl)ccc2s1)C(=O)NS(=O)(=O)c1ccccc1,6.537602,4.933968,1.6036339
CC1(C)CC[C@]2(C(=O)O)CC[C@]3(C)C(=CC[C@@H]4[C@@]5(C)C[C@@H](O)[C@H](O)C(C)(C)C5CC[C@]43C)[C@@H]2C1,4.0,4.063642,-0.063642025
Oc1ccc(/C=C/c2cc(O)cc(O)c2)cc1,5.9914,6.3826175,-0.3912177
CC1(C)CC[C@]2(C(=O)O)CC[C@]3(C)C(=CC[C@@H]4[C@@]5(C)C[C@@H](O)[C@H](O)C(C)(C)[C@@H]5CC[C@]43C)[C@@H]2C1,5.69897,5.685371,0.013598919
COc1ccc(NC(=O)c2cc(-c3ccco3)nc3ccccc23)cc1S(=O)(=O)N1CCOCC1,5.21467,3.9645686,1.2501016
COC(=O)[C@]12CCC(C)(C)C[C@H]1C1=CC[C@@H]3[C@@]4(C)C[C@H](O)CC(C)(C)[C@@H]4CC[C@@]3(C)[C@]1(C)CC2,5.0,5.3550816,-0.35508156
CNc1ncc2cc(-c3cc(F)ccc3F)c(=O)n(CCCCN)c2n1,3.747147,3.8605876,-0.11344051
Cc1cc(C)c2nc(NNC(=O)c3cc(=O)c4ccccc4o3)sc2c1,4.2999988,5.256108,-0.95610905
CC[C@H]1O[C@@H](NC(=S)NN=Cc2ccc(Cl)cc2)[C@H](O)[C@@H](O)[C@@H]1O,3.4012096,3.658782,-0.2575724
O=C(O)CSc1cc(C(=O)c2ccccc2O)cn2c(=O)c3c(-c4ccccc4)csc3nc12,6.6575775,5.171717,1.4858603
Cc1cc(N(CCCl)CCCl)ccc1C=NNC(=O)Cc1cc(=O)oc2cc(O)ccc12,4.30103,4.3314114,-0.030381203
Cc1cn([C@H]2CC[C@@H](COP(=O)(O)OP(=O)(O)OP(=O)(O)O)O2)c(=O)[nH]c1=O,6.30103,6.0711293,0.22990084
CCOC(=O)c1c(-c2ccccc2Cl)csc1NC(=O)CSc1nc(C)cc(=O)[nH]1,4.823909,5.096995,-0.27308607
CC1CCN(S(=O)(=O)c2ccc(NC(=O)Cn3nnc(-c4ccccc4F)n3)cc2)CC1,5.0,4.9958634,0.0041365623
C[C@H]1[C@H](C)CC[C@]2(C(=O)O)CC[C@]3(C)C(=CC[C@@H]4[C@@]5(C)CC(=O)CC(C)(C)[C@@H]5CC[C@]43C)[C@H]12,6.9172144,6.5379224,0.379292
Cn1ccnc1Sc1cc(NC(=O)c2cccc(N)c2)c(N)cc1F,7.6777806,7.3542914,0.3234892
O=C(NNS(=O)(=O)c1ccc2ccccc2c1)c1cc(-c2ccccn2)nc2ccccc12,6.0,5.9106274,0.089372635
CC(C)C(NC(=O)Cn1cccc(NC(=O)Oc2ccccc2)c1=O)P(=O)(Oc1ccccc1)Oc1ccccc1,4.798603,4.20806,0.59054327
CC(C)(C)C[C@H](NC(=O)c1cccc(CN)c1)C(=O)Nc1ccc(CCNC(=O)CC(C)(C)CC(=O)NCCOc2ccc(C(=O)O)cc2)cc1,2.7520268,3.3199563,-0.5679295
CC(=O)O[C@@H]1C[C@]2(C)[C@H]3CC=C4[C@@H]5CC(C)(C)CC[C@]5(C(=O)OCc5ccccc5)CC[C@@]4(C)[C@]3(C)CC[C@H]2C(C)(C)C1=O,4.6197886,4.4295974,0.19019127
COc1ccc2oc(=O)c(-c3csc(Nc4cccc(O)c4)n3)cc2c1,4.400117,4.2544694,0.14564753
CC1(C)CC[C@]2(C(=O)OCc3ccccc3)CC[C@]3(C)C(=CC[C@@H]4[C@@]5(C)C[C@@H](O)C(=O)C(C)(C)[C@@H]5CC[C@]43C)[C@@H]2C1,5.3665314,5.2485423,0.11798906
Nn1cnn2c(SCC(=O)Nc3nnc(SCC(=O)Nc4ccc(S(N)(=O)=O)cc4)s3)nnc12,4.7644715,5.167142,-0.40267038
NC(=O)/C(=N\OC(=O)c1ccco1)c1nc(-c2ccc(Br)cc2)cs1,4.225483,4.6306496,-0.40516663
Cc1cc2[nH]c(=O)c(=O)[nH]c2cc1S(=O)(=O)N1CCN(c2cccc(C(F)(F)F)c2)CC1,5.2596374,5.429417,-0.16977978
O=S(=O)(Nc1nccs1)c1ccc(Nc2nnc(-c3ccccc3)c3ccccc23)cc1,7.853872,8.280547,-0.42667532
O=C(Cc1ccc(NC(=O)C2CCN(C(=O)C3CCCC3)CC2)cc1)Nc1cccc(C(=O)N2CCCCC2)c1,8.455932,8.691075,-0.23514366
O=c1cc(O)cc2oc(-c3ccc(O)c(-c4c(O)cc(O)c5c(=O)cc(-c6ccc(O)cc6)oc45)c3)cc(O)c1-2,8.275724,8.360718,-0.08499336
C=C(C)[C@@H]1CC[C@]2(C(=O)NCCCCCCNCC)CC[C@]3(C)[C@H](CC[C@@H]4[C@@]5(C)CC[C@H](OC(C)=O)[C@@](C)(COC(C)=O)[C@@H]5CC[C@]43C)[C@@H]12,7.0457573,6.162007,0.88375044
COc1ccc(NC(=O)Cn2cc(COc3cc(O)c4c(=O)c5cc(Br)ccc5oc4c3)nn2)cc1OC,7.69897,7.0509286,0.64804125
O=C(c1cc2ccc(F)cc2[nH]1)N1C[C@]2(CCN(C3CCNC3)C2)c2ccccc21,6.7423215,6.7897763,-0.047454834
CC(=O)Nc1ccccc1-c1nccc2c1[nH]c1ccccc12,6.920819,7.3475194,-0.4267006
O=C(c1cc2cc(F)ccc2[nH]1)N1C[C@]2(CCN(C3CCCNC3)C2)c2ccccc21,6.0,5.841505,0.15849495
Clc1cccc(Nc2ncnc3[nH]c4ccccc4c23)c1,9.0,9.148454,-0.14845371
COc1cc2ncnc(N3CCN(C(=S)NCc4ccc5c(c4)OCO5)CC3)c2cc1OC,4.156269,4.2409716,-0.08470249
NC(=O)C[C@H](N)C(=O)NCc1cc(C(=O)O)c(Nc2ccc(I)cc2F)c(F)c1F,4.30103,4.42316,-0.12212992
C[C@@H](c1cc2cccnc2cc1F)n1cnc2ncc(-c3cnn(C)c3)nc21,7.2596374,7.5126405,-0.25300312
CN1CCN(Cc2ccc(C(=O)Nc3ccc(OCCN4CCOCC4)c4ccccc34)cc2)CC1,5.080922,5.046203,0.03471899
C[C@@H]1CCC(N2CC[C@]3(CN(C(=O)c4cc5ccc(F)cc5[nH]4)c4ccccc43)C2)CN1,4.604167,4.4969664,0.10720062
C[C@@H]1CCC(N2CC[C@]3(CN(C(=O)c4cc5ccccc5[nH]4)c4ccccc43)C2)CN1,8.0,8.416539,-0.4165392
COc1ccccc1CNc1ncc(C(=O)NCCCN2CCCC2=O)c(NC2CCCC2)n1,7.5606675,7.61451,-0.053842545
CNC(=O)c1cc(Oc2ccc(NC(=O)c3ccc(CN4CCN(C)CC4)cc3)cc2)ccn1,4.0,4.1239185,-0.12391853
CN1CCC(NC(=O)c2cnc(Nc3cc(Cl)cc(Cl)c3)nc2N[C@@H]2COC[C@H]2O)CC1,6.621602,7.680303,-1.058701
Cc1c(CN(C)C(=O)/C=C/c2cnc3c(c2)CCC(=O)N3)c2ccccc2n1C,9.259637,9.169734,0.08990288
Cc1c(Cc2c(Cl)cccc2Cl)c(=O)ccn1/C=C/c1ccc(-c2c[nH]c(CNC(=O)Nc3ncc(Br)s3)n2)cc1,3.9136403,5.8359103,-1.92227
CC(c1cc2cc(-c3cnn(C)c3)cnc2cc1F)n1nnc2ncc(-c3cnn(CCO)c3)nc21,4.013676,4.767884,-0.7542076
CC(=O)c1ccc(N2CCN(C(=O)CN3CC[C@@H](C(=O)Nc4ccc(O)c(Cl)c4)C3)CC2)cc1,4.6999917,4.9820685,-0.28207684
Cc1cccc2c(CN(C)C(=O)/C=C/c3cnc4c(c3)CCC(=O)N4)c(C)n(C)c12,6.086186,5.6892815,0.39690447
CN(C)CCN1CCN(C(=O)c2cc(C(C)(C)C)sc2NC(=O)Nc2cccc(Cl)c2Cl)CCC1=O,4.565431,5.1765018,-0.61107063
COc1ccc(C(C)=NNC(=O)CNc2cc(Br)c(C)c(Br)c2)c(OC)c1,3.7121983,4.127519,-0.41532087
CN1C(=O)COc2c1cnc1ccc(Sc3nnc4c(F)cc(-c5cnn(C)c5)cn34)cc21,6.759451,6.5145464,0.24490452
COc1cc2c(C(=O)N3CCCCCC3)cn(C(C)C)c(=O)c2cc1OC,8.69897,8.4924345,0.20653534
CC1=NN(S(=O)(=O)c2ccc(C)cc2)C(c2ccccc2O)C1,6.1870866,6.7946258,-0.6075392
C=C(C)C1CCC2(COC(=O)C(=O)OC)CCC3(C)C(CCC4C5(C)CCC(OC(=O)C(=O)OC)C(C)(COC(=O)C(=O)OC)C5CCC43C)C12,6.0,5.764112,0.235888
Oc1ccc(C[C@H]2CNC(=S)N2CC2CCCN2C[C@H](Cc2ccccc2)N2C[C@H](Cc3ccc(O)cc3)N(CCc3ccccc3)C2=S)cc1,8.69897,9.0547905,-0.35582066
O=C1NC[C@H](Cc2ccccc2)N(C[C@@H]2CCCN2C[C@H](Cc2ccccc2)N2C[C@H](Cc3ccc(O)cc3)N(CCc3ccccc3)C(=O)C2=O)C1=O,5.325139,6.0450845,-0.71994543
CCOC(=O)CCCCCC(=O)Nc1ccc2c(c1)CC(=O)N([C@H](C)CO)C[C@@H](C)[C@H](CN(C)Cc1ccc3c(c1)OCO3)O2,8.958608,9.468745,-0.51013756
CC1(C)CC[C@]2(C(=O)O)CC[C@]3(C)C(=CC[C@@H]4[C@@]5(C)CC[C@H](OC(=O)Cn6cc(COC(=O)Cc7ccccc7)nn6)C(C)(C)[C@@H]5CC[C@]43C)[C@@H]2C1,6.0457573,6.4291434,-0.38338614
Cn1ccnc1Sc1cc(C(=O)Nc2cccc(F)c2)c(N)cc1F,7.154902,7.319017,-0.16411495
CN(C(=O)c1ccc(C(=O)Nc2ccccc2N)cc1)c1cccc(Nc2nccc(-c3cccnc3)n2)c1,5.038579,4.8766284,0.16195059
CC1=NN(S(=O)(=O)c2ccccc2)C(c2ccccc2O)C1,4.3001623,4.7444596,-0.4442973
CCCC(Sc1nc2ccc(OCC)cc2s1)C(=O)NS(=O)(=O)c1ccccc1,6.49485,7.0865865,-0.5917363
COc1ccccc1NC(=O)Nc1nc(Nc2ccc(S(=O)(=O)Nc3nc(C)cc(C)n3)cc2)nc(Oc2cccc(O)c2)n1,4.0268073,4.6616025,-0.6347952
CCOC(=O)C1=C(C)NC(NN)N(C)C1c1ccccc1,3.8239088,4.165645,-0.34173632
CCc1cccc2c(C=NNC(=O)c3cccc(S(=O)(=O)Nc4ccccc4Cl)c3)c[nH]c12,6.0,5.687909,0.31209087
CCOc1cc(/C=C2\SC(=O)N(Cc3cccc([N+](=O)[O-])c3)C2=O)ccc1OCc1ccccc1,4.7801275,4.7151923,0.06493521
COc1c(Cl)c(-c2ccc(O)cc2)c(OC)c(O)c1-c1ccc(O)cc1,7.537602,8.559592,-1.0219903
Cc1ccccc1CN1C(=O)C(C)Sc2ccc(-c3ccco3)cc21,7.823909,7.2406344,0.58327436
O=C(Cn1cccc(NCc2ccc(Cl)c(Cl)c2)c1=O)NCCc1ccccc1,5.0,5.201741,-0.20174122
O=C(O)c1cnc2c([N+](=O)[O-])cccc2c1O,6.0,5.0390115,0.9609885
CCOC(=O)Cn1/c(=N/C(=O)c2cc(-c3cccs3)nc3ccccc23)sc2cc(S(N)(=O)=O)ccc21,5.0,5.568679,-0.56867886
CN(C)c1ccc(/C=N/NC(=O)c2ccc(Nc3ccnc4cc(Cl)ccc34)cc2)cc1,5.7311883,5.838695,-0.10750675
Nc1n[nH]c2cccc(-c3ccc(C(=O)NCCNC(=O)c4ccc(Br)cc4)cc3)c12,6.0,6.2215996,-0.22159958
CC(=O)N1c2ccc(-c3ccc(C(=O)O)cc3)cc2[C@H](Nc2ccc(Cl)cc2)C[C@@H]1C,7.39794,7.430492,-0.032551765
CCOC(=O)c1ccc(NC(=O)NC2CC3CCC(C2)N3)cc1,5.229148,5.1433654,0.08578253
C[C@H]1[C@H](C)CC[C@]2(C(=O)OCc3ccccc3)CC[C@]3(C)C(=CC[C@@H]4[C@@]5(C)C[C@@H](O)C(=O)C(C)(C)[C@@H]5CC[C@]43C)[C@H]12,6.0,5.965586,0.034413815
O=C1N(c2cccc(Cl)c2)C(c2ccc(Cl)cc2)N2CCCN12,6.537602,6.4386115,0.09899044
OCc1nc2c(s1)c(-c1ccc(O)cc1)c(O)c1oc3cc(O)c(O)cc3c12,7.154902,6.6999702,0.45493174
O=c1[nH]cnc2c1C(c1ccccc1)c1c(nc[nH]c1=O)O2,4.3791356,4.43161,-0.0524745
Cc1c(Cc2c(Cl)cccc2Cl)c(=O)ccn1CCc1ccc(-c2c[nH]c(CNC(=O)Nc3ncc[nH]3)n2)cc1,9.2218485,9.1529,0.068948746
CS(=O)(=O)c1ccc2nc(NC(=O)NCCc3cnc[nH]3)sc2c1,5.2596374,6.1465774,-0.88694
O=C(CSc1nc2ccccc2[nH]1)Nc1nc2ccc(C(=O)O)cc2s1,5.69897,5.9057183,-0.20674849
COc1ccc2sc(NC(=O)NCc3nc4ccccc4[nH]3)nc2c1,5.2596374,5.9254327,-0.6657953
O=C(Nc1nc2ccccc2s1)OCc1nc2ccccc2[nH]1,4.2125397,4.2840757,-0.071536064
O=c1ccc2ccc(OCC(O)CSc3nnc(-c4ccco4)c(-c4ccco4)n3)cc2o1,5.89279,6.140835,-0.24804497
O=c1ccc2ccc(OCC(O)CSc3nnc(-c4ccccc4)c(-c4ccccc4)n3)cc2o1,4.0,3.6566887,0.3433113
O=C(NCc1nc(-c2ccccc2)c[nH]1)Nc1nc(-c2ccccc2)cs1,9.057,8.4024515,0.65454865
CN(C)CCOc1ccc(C(=O)NCc2cccc(C(=O)N[C@@H](CC(C)(C)C)C(=O)NCc3ccccn3)c2)cc1,5.180456,4.842177,0.33827925
O=c1oc2ccccc2cc1OCC(O)CSc1nnc(-c2ccco2)c(-c2ccco2)n1,7.4861417,8.319629,-0.83348703
O=C(CSc1nc2ccccc2[nH]1)Nc1nc2ccccc2s1,9.20066,9.428216,-0.22755623
COc1cccc2sc(NC(=O)NCc3nc4ccccc4[nH]3)nc12,8.0,8.04191,-0.04191017
O=C(O)CSc1nc2ccccc2[nH]1,8.522879,8.911323,-0.38844395
Nc1nc2ccc(C(=O)O)cc2s1,5.197911,5.8671746,-0.66926384
Cn1cc(CNC(=O)/C=C/c2cnc3c(c2)CCC(=O)N3)c2ccccc21,4.30103,4.2442417,0.056788445
Cc1ccc(NC(=O)c2ccc(C(=O)Nc3ccccc3N)nc2)cc1Nc1ncc(-c2cccnc2)cn1,5.30103,5.3407717,-0.039741516
O=c1ccc2ccc(OCC(O)CSc3nnc(-c4cccc(F)c4)c(-c4cccc(F)c4)n3)cc2o1,9.180456,9.384986,-0.20452976
O=c1ccc2ccc(OCC(O)CSc3nnc(-c4ccc(F)cc4)c(-c4ccc(F)cc4)n3)cc2o1,4.5001755,5.85632,-1.3561444
O=c1/c(=C\c2ccc(O)cc2)sc2n1C(c1ccccc1)C(c1ccccc1)=NN=2,3.5228786,3.8927019,-0.36982322
COc1ccc(NC(=O)CSc2nc3nc(-c4cccs4)cc(C(F)(F)F)c3c(=O)[nH]2)c(OC)c1,8.60206,8.7535925,-0.15153217
C=CCOc1ccc(-c2c(OC)cc(-c3ccc(O)cc3)c(OC)c2O)cc1,3.9669785,4.008399,-0.04142046
COc1ccc(NC(=O)Cn2cc(COc3cc(OC(C)=O)c4c(=O)c5cc(Br)ccc5oc4c3)nn2)cc1OC,4.30103,4.143176,0.15785408
COc1cc(C=O)ccc1OCC(=O)Nc1sc2c(c1C#N)CCOC2,5.30103,5.1374216,0.16360855
Cc1ccc(C2(SC[C@H](N)C(=O)O)c3ccccc3-c3ccccc32)cc1,6.0,5.8738484,0.12615156
O=C(O)c1ccccc1NS(=O)(=O)c1ccc(N=[NH+]Cc2ccc([O-])c(O)c2)c([N+](=O)[O-])c1,6.322393,6.983088,-0.6606951
CN(Cc1ccccc1)S(=O)(=O)c1ccc(Cl)c(C(=O)N2CCC2)c1,5.0,6.960527,-1.960527
N#Cc1c(SCc2c(Cl)cccc2Cl)nc(N)[nH]c1=S,4.026383,4.626701,-0.60031796
O=C(CCCC(=O)Nc1ccc(Br)cc1)N/N=C/c1c2ccccc2cc2ccccc12,5.376751,5.3143706,0.062380314
O=c1c(NCc2ccc(Cl)c(Cl)c2)cccn1Cc1ccccc1,4.5850267,4.7541194,-0.16909266
COC(=O)[C@@]1(C)[C@@H]2CC[C@]3(C)[C@H](CC=C4[C@@H]5[C@@H](C)[C@H](C)CC[C@]5(C(=O)O)CC[C@]43C)[C@@]2(C)C[C@@H](OC(C)=O)[C@@H]1OC(C)=O,5.549751,5.5822005,-0.032449722
Cc1nn(C)c2nnc(Nc3ccc(S(N)(=O)=O)cc3)nc12,5.60206,5.7307105,-0.12865067
O=C(CCC(=O)Nc1ccc(Br)cc1)N/N=C/c1c2ccccc2cc2ccccc12,6.876148,6.9855237,-0.10937548
COc1ccc(NC(=O)Cn2cc(COc3cc(OC(C)=O)c4c(=O)c5ccc(OC)cc5oc4c3)nn2)c(OC)c1,5.09691,4.869701,0.22720909
COCCN(C)/N=N/c1ccc(C(=O)Nc2cccc(Nc3nccc(-c4cccnc4)n3)c2)cc1,5.457299,5.5713687,-0.11406946
COc1cccc(Nc2nc(-c3sc(NC(=O)c4ccco4)nc3C)cs2)c1,5.6382723,5.685978,-0.04770565
CCOC(=O)C1=C(C)NC(SC)N(C)C1c1ccc([N+](=O)[O-])cc1,6.9244533,7.663632,-0.73917866
Nc1cc(F)c(Sc2nncs2)cc1C(=O)Nc1cccc(F)c1,5.7746906,6.1123624,-0.33767176
CCn1c2ccccc2c2cc(C=Nn3c(-c4cc(C)[nH]n4)n[nH]c3=S)ccc21,6.0,6.291594,-0.29159403
COC(=O)[C@]12CC[C@@H](C)[C@H](C)[C@H]1C1=CC[C@@H]3[C@@]4(C)C[C@@H](O)[C@@H](O)C(C)(C)[C@@H]4CC[C@@]3(C)[C@]1(C)CC2,6.0,5.653459,0.34654093
C[C@]12CCC3C(C(=O)C[C@H]4C[C@@H](O)CC[C@]34C)C1CCC2=O,5.3595185,6.0169253,-0.6574068
O=[N+]([O-])c1cccc(Nc2nccc(-c3cccnc3)n2)c1,4.60206,4.4805803,0.12147951
Cc1nn(C)c2nnc(Nc3ccc(S(=O)(=O)NCC(O)CO)cc3)nc12,5.7297873,6.2697763,-0.539989
CC1(C)CC[C@]2(C(=O)O)CC[C@]3(C)C(=CC[C@@H]4[C@@]5(C)C[C@H](O)[C@H](O)C(C)(C)C5CC[C@]43C)[C@@H]2C1,6.247184,5.965544,0.28163958
CC1(C)CC[C@]2(C(=O)O)CC[C@]3(C)C(=CC[C@@H]4[C@@]5(C)C[C@H](O)[C@H](O)C(C)(C)[C@@H]5CC[C@]43C)[C@@H]2C1,4.30103,4.560429,-0.25939894
O=C(Nc1nnc(SCc2ccc(F)cc2)s1)C1Cc2ccccc2CN1C(=O)c1ccco1,4.39794,4.5146976,-0.11675739
C=C(C)[C@@H]1CC[C@]2(C(=O)NCCCCCCNC(C)=O)CC[C@]3(C)[C@H](CC[C@@H]4[C@@]5(C)CC[C@H](OC(C)=O)[C@@](C)(COC(C)=O)[C@@H]5CC[C@]43C)[C@@H]12,4.30103,4.6451483,-0.34411812
Cc1ccccc1CN1C[C@@H]2C[C@@H](c3ccc4nsnc4c3)N3CCC[C@@]23C1=O,3.69897,4.783077,-1.0841067
O=C(O)COc1ccccc1/C=N/NC(=O)c1cc(-c2ccc(Cl)cc2)nc2ccccc12,8.954677,8.507211,0.4474659
N[C@@H](CSC1(c2ccc(Cl)cc2)c2ccccc2-c2ccccc21)C(=O)O,8.552842,9.311397,-0.75855446
O=C(Cn1cccc(NCc2ccccc2)c1=O)NCc1ccccc1,6.2494917,5.9927735,0.25671816
CC1(C)CC[C@]2(C(=O)O)CC[C@]3(C)C(=CCC4[C@@]5(C)CC[C@H](OC(=O)CCC(=O)O)C(C)(C)C5CC[C@]43C)[C@@H]2C1,6.0376306,5.7147293,0.32290125
CCCCC1=CC2=CC(=O)C(C)(OC(=O)c3cccs3)C(=O)C2=CO1,7.0457573,7.024171,0.021586418
C#CCN(C[C@@H]1c2c(c(O)n(-c3ccccc3)c2O)C[C@@H](OC(=O)Nc2cccs2)[C@H]1OC(=O)Nc1cccs1)S(=O)(=O)c1ccc(C)cc1,7.537602,6.2657447,1.2718573
CC1(C)CC[C@]2(C(=O)O)CC[C@]3(C)C(=CC[C@@H]4[C@@]5(C)CC[C@H](OC(=O)CCC(=O)O)C(C)(C)[C@@H]5CC[C@]43C)[C@@H]2C1,4.5228786,4.097051,0.4258275
C=C(C)[C@@H]1CC[C@]2(COC(=O)C(=O)NCCCC)CC[C@]3(C)[C@H](CC[C@@H]4[C@@]5(C)CC[C@H](OC(=O)C(=O)NCCCC)[C@@](C)(COC(=O)C(=O)NCCCC)[C@@H]5CC[C@]43C)[C@@H]12,5.5228786,5.144883,0.3779955
COc1cc(OC)cc(-c2ccc(-c3ccc(O)cc3)cc2)c1,4.7292047,5.4775968,-0.7483921
Cc1ccc(NC(=O)c2ccc(C(=O)Nc3ccccc3N)nc2)cc1Nc1ncc(-c2cccnc2)s1,7.920819,8.646632,-0.7258134
CC(=O)O[C@@H]1C[C@]2(C)[C@H]3CC=C4[C@@H]5[C@@H](C)[C@H](C)CC[C@]5(C(=O)O)CC[C@@]4(C)[C@]3(C)CC[C@H]2C(C)(C)[C@H]1OC(C)=O,7.6777806,7.4537344,0.22404623
O=C(NC(=S)Nc1cccc(S(=O)(=O)NC2=NCCC2)c1)c1cc(-c2ccco2)nc2ccccc12,8.958608,9.029016,-0.07040787
C[C@@H](NC(=O)[C@@H](C)NC(=O)c1ccc(S(=O)(=O)Oc2ccc(/C=C/[N+](=O)[O-])cc2)cc1)C(=O)O,4.1784863,4.3153205,-0.13683414
CCC(c1nc2ccccc2c(=O)n1CCCn1ccnc1)N1C(=O)c2ccccc2C1=O,8.353597,8.579901,-0.22630405
Cc1cccc2sc(NNC(=O)c3cc(=O)c4ccccc4o3)nc12,5.2596374,5.5054965,-0.24585915
CSCC[C@H](NC(=O)c1cccnc1)C(=O)Nc1nc(-c2ccccc2)cs1,9.0,9.488368,-0.48836803
C[C@@H]1CN([C@H](C)CO)C(=O)c2cc(NC(=O)c3ccncc3)ccc2O[C@@H]1CN(C)C(=O)Nc1ccccc1,7.4573636,7.205778,0.25158548
COc1cc2c(ccc3cc(OC)c(OC)c(O)c32)cc1O,5.446481,4.924401,0.5220804
COc1cc(-c2ccc(O)cc2)c(OC)c(OC(=O)c2ccco2)c1-c1ccc(O)cc1,6.318759,6.1293273,0.18943167
Cc1cc(C=O)ccc1OCC(=O)Nc1sc2c(c1C#N)CCC(C)C2,5.552842,5.583751,-0.030909061
COc1cc(C=O)ccc1OCC(=O)Nc1sc2c(c1C#N)CCC2,8.09691,7.2376895,0.859221
CCc1cccc2c1NC(=O)C21N2CCCC2C(C(=O)c2ccc3ccccc3c2)C12C(=O)Nc1ccccc12,4.823909,4.951187,-0.12727833
O=C(Nc1ccc(NS(=O)(=O)c2cccc(F)c2)cc1)Nc1ccc([N+](=O)[O-])cc1,9.309804,9.48552,-0.1757164
O=c1[nH]c(NNC(=S)NCc2ccccc2)nc2c1C1(CCCCC1)Cc1ccccc1-2,4.49485,6.0121317,-1.5172815
COc1ccc(NC(=O)CN2CCN(c3ccc(F)cc3F)CC2)cc1OC,4.69897,4.8393493,-0.14037943
CCOC(=O)C1=C(C)NC(SC)N(C)C1c1cccc(OC)c1OC,4.5252013,4.965731,-0.44052982
O=C(Nc1ccc(N2CCCC2)cc1)c1cc(Br)ccc1Cl,5.60206,5.085839,0.51622105
C=C(C)[C@@H]1CC[C@]2(COC(=O)C(=O)NC(C)C)CC[C@]3(C)[C@H](CC[C@@H]4[C@@]5(C)CC[C@H](OC(=O)C(=O)NC(C)C)[C@@](C)(COC(=O)C(=O)NC(C)C)[C@@H]5CC[C@]43C)[C@@H]12,5.938001,6.186438,-0.24843693
O=C(c1cc(Cc2n[nH]c(=O)c3ccccc23)ccc1F)N1CCn2c(nnc2-c2ccc(Br)o2)C1,5.275724,5.6962733,-0.4205494
CC1=NN(C(=O)c2ccccc2Cl)C(c2ccccc2O)C1,6.3469996,6.085542,0.26145744
Nc1c(C(=O)Nc2cccc(F)c2)sc2nc(-c3cccs3)ccc12,7.0,7.257474,-0.25747395
CNCCOc1ccc(C(=O)NCc2cccc(C(=O)N[C@@H](COC(C)(C)C)C(=O)Nc3ccc(CCC(=O)O)cc3)c2)cc1,3.69897,3.8327935,-0.1338234
COc1ccccc1OCc1ccc(C(=O)N2CCN(C(=O)c3ccco3)CC2)cc1,4.026475,4.0603876,-0.03391266
CC(C)(C)n1nc2c(c1NC(=O)c1ccc(S(=O)(=O)N3CCCC3)cc1)CSC2,7.2006593,7.0647964,0.13586283
O=C(Nc1ccc(NS(=O)(=O)c2cccc(F)c2)cc1)Nc1ccccc1[N+](=O)[O-],4.552842,4.3965855,0.15625668
O=C(/C=C(O)/C=C/c1cccc(O)c1)c1cc(Cl)ccc1O,6.853872,6.210344,0.643528
Cc1ccc(C(=O)Nc2ccc(Cl)c(C(F)(F)F)c2)cc1/C=C/n1cnc2c(NC3CC3)ncnc21,7.481486,7.7064424,-0.22495651
O=C1NC[C@@H](CCCCN2C[C@H](Cc3ccc(O)cc3)N(CCC3CCCCC3)C(=O)C2=O)N(CC2CCCCC2)C1=O,8.603801,9.119685,-0.5158844
CCC(=O)n1cc2c(n1)C(C)(C)[C@@H]1CC[C@]3(C)[C@H](CC=C4[C@@H]5CC(C)(C)CC[C@]5(C(=O)O)CC[C@]43C)[C@@]1(C)C2,7.5224447,8.328623,-0.8061781
CC1(C)CC[C@]2(C(=O)OCCCBr)CC[C@]3(C)C(=CC[C@@H]4[C@@]5(C)C[C@H](O)CC(C)(C)[C@@H]5CC[C@]43C)[C@@H]2C1,4.69897,4.484486,0.21448374
Cn1c2ccccc2c2cc(/C=N/NC(=O)c3cc(O)ccc3O)ccc21,6.5686364,6.1468596,0.42177677
O=C1NC[C@H](Cc2ccccc2)N(C[C@H]2CCCN2C[C@H](Cc2ccccc2)N2C[C@H](Cc3ccc(O)cc3)N(CC3CCCCCC3)C(=O)C2=O)C1=O,5.7416024,5.4972196,0.24438286
CCN(CC)C(=O)CSc1ncnc2c(-c3cccs3)nsc12,7.6589637,8.486575,-0.82761145
NC(=O)[C@H]1CC2(CC(c3cccc(NC(=O)COc4ccc(Cl)cc4)c3)=NO2)CN1C(=O)CC(c1ccccc1)c1ccccc1,5.0,4.839725,0.16027498
CC(=O)O[C@@H]1C[C@]2(C)[C@H]3CC=C4[C@@H]5[C@@H](C)[C@H](C)CC[C@]5(C(=O)O)CC[C@@]4(C)[C@]3(C)CC[C@H]2C(C)(C)[C@H]1O,6.462181,6.6453824,-0.18320131
Cc1cc(C)c2nc(NNC(=O)c3ccc(S(=O)(=O)N4CCc5ccccc5C4)cc3)sc2c1,8.443698,8.340273,0.103425026
O=C(Nc1ccc(S(=O)(=O)Nc2nccs2)cc1)c1cccc(N2C(=O)c3ccccc3C2=O)c1,7.707744,8.293981,-0.5862365
CCOc1cc(/C=C2\SC(=O)N(Cc3cccc([N+](=O)[O-])c3)C2=O)ccc1OCc1ccc([N+](=O)[O-])cc1,5.154902,4.6612563,0.49364567
CCC(Sc1nc2ccsc2c(=O)n1Cc1ccc(C(=O)O)cc1)C(=O)Nc1ccc(C)c(Cl)c1,9.2218485,9.864919,-0.6430702
Cc1noc(C)c1NC(=O)N(C)C[C@@H]1Oc2c(NC(=O)c3ccncc3)cccc2C(=O)N([C@H](C)CO)C[C@@H]1C,4.0,3.9911096,0.00889039
COc1ccc(C(=O)OCc2cn(CC(=O)O[C@H]3CC[C@]4(C)[C@H]5CC=C6[C@@H]7CC(C)(C)CC[C@]7(C(=O)OCc7ccccc7)CC[C@@]6(C)[C@]5(C)CC[C@H]4C3(C)C)nn2)cc1,4.756962,4.8476067,-0.09064484
CN1CCN(C(=O)CSc2nc(-c3ccncc3)ccc2C#N)CC1,3.69897,3.5660605,0.13290954
Cc1nn(C)c2nnc(Nc3ccc(S(=O)(=O)NCCO)cc3)nc12,5.236572,4.920422,0.3161497
O=C(NC1CC1)c1cncc(-c2ccc(C(=O)N[C@H]3CN[C@@H](C(=O)Nc4ccc(Cl)c(C(F)(F)F)c4)C3)cc2)c1,5.275724,5.2319665,0.04375744
c1coc(-c2ccc3nncn3c2)c1,3.8996294,4.88307,-0.98344064
CC1=C(C(=O)O)C(c2ccc(C)cc2)NC(=S)N1,5.869666,6.0303016,-0.16063547
Cc1ccc([N+](=O)[O-])cc1S(=O)(=O)Nc1cccc(-c2ccc(N3CCCC3)nn2)c1,7.5844426,7.5361066,0.04833603
COc1ccc(NS(=O)(=O)c2ccc(NC(=S)NC(=O)C=Cc3ccc(C)cc3)cc2)nn1,7.251812,7.209975,0.041837215
CCOC(=O)C1=C(C)n2nnnc2N(C)C1c1ccccc1,8.481486,9.11559,-0.6341038
COc1cc(Cl)c(O)c([C@@H]2O[C@H](CO)[C@@H](O)[C@H](O)[C@H]2O)c1,8.619789,8.7886095,-0.16882038
CN(C)CCN1Cc2cccc3cccc(c23)C1,7.2596374,7.5046997,-0.24506235
CN1Cc2ccc3c4c(ccc(c24)C1)CN(C)C3,5.0,4.969448,0.03055191
O=c1c2cnn(-c3ccccc3)c2n2c(-c3ccccc3)nnc2n1-c1ccccc1,8.130768,8.350031,-0.21926308
Cc1ccc(NC(=O)c2cccc(C(F)(F)F)c2)cc1/C=C/n1cnc2c(Nc3ccncn3)ncnc21,6.5850267,6.4001584,0.18486834
CN(C)CCN1C(=O)c2cccc3cccc(c23)C1=O,8.0,7.654396,0.34560394
CSCC[C@H](NC(=O)N1CCCCC1)C(=O)Nc1nc(-c2ccccc2)cs1,6.1985965,5.941253,0.2573433
CSc1ccccc1Nc1nc(N2CCNCC2)nc2c(NCC3CC3)ncnc12,4.6840296,4.661226,0.022803783
COc1ccccc1-n1c(SCc2cc(=O)oc3cc(O)ccc23)nc2ccccc2c1=O,4.1339903,4.51952,-0.38552952
O=S(=O)(O)c1cc(O)c2ccc(Nc3ccccc3)cc2c1,6.595166,6.464841,0.13032532
C[C@H]1[C@H](C)CC[C@]2(C(=O)O)CC[C@]3(C)C(=CC[C@@H]4[C@@]5(C)Cc6cn[nH]c6C(C)(C)[C@@H]5CC[C@]43C)[C@H]12,4.823909,4.934732,-0.110823154
COc1ccc(NC(=O)N(C)C[C@H]2Oc3ccc(NC(=O)c4ccncc4)cc3C(=O)N([C@H](C)CO)C[C@@H]2C)cc1,4.7739935,4.7922397,-0.018246174
Cc1[nH]c2ncnc(Nc3cccc(Cl)c3)c2c1C,9.366531,9.589811,-0.22327995
COc1ccc(NS(=O)(=O)c2ccc(NC(=S)NC(=O)C=Cc3ccccc3)cc2)nn1,3.1079054,3.7933836,-0.6854782
C=C(C)[C@@H]1CC[C@]2(C(=O)NCC(=O)N[C@@H](Cc3ccccc3)C(=O)OC)CC[C@]3(C)[C@H](CC[C@@H]4[C@@]5(C)CC[C@H](O)[C@@](C)(CO)[C@@H]5CC[C@]43C)[C@@H]12,7.920819,7.9879203,-0.06710148
O=C(Nc1ccn(CCCN(CCCn2ccc(NC(=O)OCc3ccccc3)nc2=O)CCc2cc3ccccc3[nH]2)c(=O)n1)OCc1ccccc1,5.30103,5.4981523,-0.1971221
O=C(/C=C(O)/C=C/c1ccc(O)cc1O)c1ccccc1O,5.8860564,5.9126325,-0.026576042
CC1(C)CC[C@]2(C(=O)O)CC[C@]3(C)C(=CC[C@@H]4[C@@]5(C)C[C@@H](OC(=O)c6ccccc6)CC(C)(C)[C@@H]5CC[C@]43C)[C@@H]2C1,4.3904057,4.587295,-0.1968894
C[C@H]1[C@H](C)CC[C@]2(C(=O)OCc3ccccc3)CC[C@]3(C)C(=CC[C@@H]4[C@@]5(C)C[C@@H](O)[C@H](O)C(C)(C)[C@@H]5CC[C@]43C)[C@H]12,4.30103,4.2313614,0.06966877
O=c1c(F)cn(C2CCCO2)c(=O)n1CCCCCN1C[C@H](O)[C@@H](O)[C@H](O)[C@H]1CO,6.0,5.953707,0.04629278
O=C(C1=C(O)/C(=C/c2ccc(O)c(O)c2)CCC1)c1ccccc1,5.5543957,5.5389857,0.015409946
Nc1ncnc2c1ncn2[C@@H]1O[C@H](COP(=O)(O)OP(=O)(O)OP(=O)(O)OP(=O)(O)Oc2ccccc2)[C@@H](O)[C@H]1O,7.045999,7.1006975,-0.054698467
CCC(C)n1c(=O)c(C(=O)Nc2ccccc2S(N)(=O)=O)c(O)c2ccccc21,5.6575775,5.464741,0.19283628
CC1(C)CC[C@]2(C(=O)O)CC[C@]3(C)C(=CC[C@@H]4[C@@]5(C)CC[C@H](OC(=O)COCCOCCNC(=O)c6ccc(C(=O)c7ccc(NC(=O)CCCC[C@@H]8SC[C@@H]9NC(=O)N[C@@H]98)cc7)cc6)C(C)(C)[C@@H]5CC[C@]43C)[C@@H]2C1,4.7144427,4.963195,-0.24875212
CC1=C(C(=O)[C@H](C)c2ccccc2)C(c2ccc(C)cc2)NC(=S)N1,7.154902,7.0879064,0.06699562
COc1ccccc1C=CC=NNC(=O)c1cc(-c2ccco2)n[nH]1,4.0,4.5214734,-0.5214734
COc1ccc(Oc2c(OC)cc(NCc3ccc(CN)cc3)c3ncccc23)cc1,4.0,4.1054583,-0.10545826
CCn1c(SCC(=O)Nc2nc(-c3ccc(C)cc3)cs2)nnc1-c1ccccc1O,5.8579235,6.8362713,-0.9783478
CC(C)C(NC(=O)C(C)n1cccc(NC(=O)Oc2ccccc2)c1=O)P(=O)(Oc1ccccc1)Oc1ccccc1,6.468521,5.7884984,0.6800227
Cc1ccc(-n2nnnc2SCC(=O)c2nnc(-c3ccc(Cl)cc3)o2)cc1,8.522879,8.604015,-0.0811367
COc1cc(OC)cc(-c2ccc3cc(O)ccc3c2)c1,7.920819,8.481392,-0.5605731
Cc1cccc2sc(NNC(=O)c3ccc(S(=O)(=O)N4CC(C)CC(C)C4)cc3)nc12,5.8523235,5.895475,-0.04315138
Cc1cc(C)c2sc(NNC(=O)c3ccc(S(=O)(=O)N4CCc5ccccc5C4)cc3)nc2c1,3.30103,4.7227006,-1.4216707
CCOc1cc(/C=C2\SC(=O)N(Cc3cccc([N+](=O)[O-])c3)C2=O)ccc1OS(=O)(=O)c1ccc(C)cc1,6.642065,7.123384,-0.48131895
C#CCN(C[C@@H]1c2c(c(O)n(-c3ccccc3)c2O)C[C@@H](OC(=O)NCc2ccccc2)[C@H]1OC(=O)NCc1ccccc1)S(=O)(=O)c1ccc(C)cc1,5.0,4.8969836,0.10301638
CC(=O)O[C@H]1CC(C)(C)[C@@H]2CC[C@]3(C)[C@H](CC=C4[C@@H]5CC(C)(C)CC[C@]5(C(=O)O)CC[C@]43C)[C@@]2(C)C1,5.4436975,5.578826,-0.1351285
CCn1c2ccccc2c2cc(NC(=O)CSc3nccc(=O)[nH]3)ccc21,5.2596374,5.571797,-0.31215954
COc1ccc(OC)c(/C=C/C(=O)OCC(=O)Nc2nnc(-c3ccccc3)o2)c1,5.2596374,5.408026,-0.14838886
COc1ccc(NC(=O)Cn2cc(COc3cc(OC(C)=O)c4c(=O)c5cc(OC)ccc5oc4c3)nn2)c(OC)c1,4.559091,4.4437933,0.115297794
Cc1ccc(C)c(NC(=O)C(OC(=O)c2ccc(NC(=O)CC#N)cc2)c2ccccc2)c1,6.8326826,5.662995,1.1696877
CC(=O)NCCCC[C@H](NC(=O)c1ccccc1)C(=O)Nc1nc(-c2ccccc2)cs1,4.69897,4.3012257,0.39774418
O=C(O)c1ccc(COc2ccc3ccccc3c2/C=N/c2ccc(N3CCOCC3)cc2)cc1,4.026655,4.150829,-0.12417364
C=C(C)[C@@H]1CC[C@]2(C(=O)O)CC[C@]3(C)[C@H](CC[C@@H]4[C@@]5(C)CC[C@H](O)C(C)(C)[C@@H]5CC[C@]43C)[C@@H]12,6.39794,6.5765676,-0.17862749
CCc1cccc(-c2nn3c(c2-c2ccncc2)C(C)C(C)(C)C3)n1,5.2596374,5.792702,-0.53306484
CCCCCCCCCCCCCCCc1cccc(O)c1C(=O)O,3.8239088,3.8136582,0.010250568
COS(=O)(=O)[C@@H]1C[C@]2(C)[C@H]3CC=C4[C@@H]5[C@@H](C)[C@H](C)CC[C@]5(C(=O)OCc5ccccc5)CC[C@@]4(C)[C@]3(C)CC[C@H]2C(C)(C)[C@H]1O,6.0,6.1197104,-0.119710445
Cc1ccc(/C=N/NC(=O)c2ccc(Nc3ccnc4cc(Cl)ccc34)cc2)cc1,3.8239088,4.261036,-0.4371271
Cn1ccnc1Sc1cc(C(=O)Nc2nccs2)c(N)cc1F,5.275724,5.6038914,-0.32816744
CC(C)C[C@@H](CNCC(=O)[C@H](CC(=O)O)NC(=O)c1[nH]cnc1C(=O)N[C@H](C[NH3+])CC(C)C)NC(=O)c1nc[nH]c1C(=O)N[C@@H](Cc1ccccc1)C(=O)O,7.5850267,8.012671,-0.42764473
N#Cc1cccc(NC(=O)c2cc(Sc3nncs3)c(F)cc2N)c1,5.161151,5.547005,-0.38585424
CCOC(=O)C1=C(C)NC(SC)N(C)C1c1ccc(C)cc1,5.481486,5.5951843,-0.11369848
Cc1ccc(C)c(CC(=O)Nc2ccccc2-c2cccc3c2[nH]c2ccccc23)c1,4.7447276,4.70796,0.036767483
O=C(NNC(=O)c1cc2cc(Br)ccc2oc1=O)c1ccc(O)cc1O,5.0,5.2391925,-0.23919249
COc1cc(C=Cc2ccc3c(Br)cc(Br)c(O)c3n2)ccc1O,5.2676063,4.8919997,0.37560654
Nc1ncnc2c1ncn2[C@@H]1O[C@H](COC(=O)c2ccc(S(=O)(=O)NCc3ccccc3)cc2)[C@@H](O)[C@H]1O,5.1999707,5.026342,0.1736288
C=CCC[C@@H]1N[C@H](CO)[C@H](O)[C@H](O)[C@H]1C,5.0191336,5.9034066,-0.88427305
Cc1cccc(C2(c3cccc(C)c3)CC2C(=O)Nc2ccc([N+](=O)[O-])cc2O)c1,7.7212462,6.872088,0.8491583
CCc1nnc(NS(=O)(=O)c2ccc(NC(=S)NC(=O)C=Cc3ccc(F)cc3)cc2)s1,9.0,8.212926,0.7870741
CCOC(=O)C1=C(C)n2nnnc2N(C)C1c1cccc(O)c1,5.958607,6.1164665,-0.15785933
CN(C)c1cccc(C(=O)N2CCN(C(=O)c3ccc(-c4ccccn4)cc3)CC2)c1,5.0,4.877731,0.12226915
Cc1c(C(=O)NNC(=O)c2ccccc2O)oc2ccc(Br)cc12,8.49485,8.685597,-0.19074726
CCOC(=O)c1ccccc1-n1c(O)c2c(c1O)C(C=Cc1ccccc1)c1sc(=O)[nH]c1S2,5.295335,5.603198,-0.30786324
COc1cccc(C2c3c(-c4cc(Cl)c(C)cc4O)n[nH]c3C(=O)N2Cc2cccnc2)c1,3.406714,3.7825077,-0.3757937
C=C(C)[C@@H]1CC[C@]2(C(=O)O)CC[C@]3(C)[C@H](CC[C@@H]4[C@@]5(C)[C@H](C(=O)OC)[C@H](OC(C)=O)C(C)(C)[C@@H]5CC[C@]43C)[C@@H]12,4.30103,4.3984785,-0.09744835
CC(C)C(Sc1nc2cc(Cl)ccc2s1)C(=O)NS(C)(=O)=O,9.443698,9.122126,0.3215723
CCOc1cc(/C=C2\SC(=O)N(Cc3cccc([N+](=O)[O-])c3)C2=O)ccc1OCc1ccc(F)cc1,4.1426673,4.429215,-0.28654766
CCOC(=O)[C@]12CC[C@@H](C)[C@H](C)[C@H]1C1=CC[C@@H]3[C@@]4(C)C[C@@H](O)[C@H](O)C(C)(C)[C@@H]4CC[C@@]3(C)[C@]1(C)CC2,4.6655464,4.275031,0.39051533
CC1(C)CC[C@]2(C(=O)OCc3ccccc3)CC[C@]3(C)C(=CC[C@@H]4[C@@]5(C)CC(N=O)C(=O)C(C)(C)[C@@H]5CC[C@]43C)[C@@H]2C1,5.0,5.080703,-0.08070278
CC1(C)CC[C@]2(C(=O)OCc3ccccc3)CC[C@]3(C)C(=CCC4[C@@]5(C)CC(N=O)C(=O)C(C)(C)C5CC[C@]43C)[C@@H]2C1,6.1870866,7.0113177,-0.82423115
CC1(C)CC[C@]2(C(=O)OCc3ccccc3)CC[C@]3(C)C(=CC[C@@H]4[C@@]5(C)Cc6cn(CC(=O)O)nc6C(C)(C)[C@@H]5CC[C@]43C)[C@@H]2C1,9.420217,9.149339,0.27087784
O=C(O)c1cc(NC(=O)c2cc([N+](=O)[O-])cc([N+](=O)[O-])c2)cc(NC(=O)c2cc([N+](=O)[O-])cc([N+](=O)[O-])c2)c1,4.133695,4.2108407,-0.07714558
CC1=C(C(=O)[C@@H](C)c2ccccc2)C(c2ccc(C)cc2)NC(=S)N1,4.0,3.9143376,0.085662365
OC[C@H]1O[C@@H](O[C@@H]2OC=C[C@H]3[C@H](O)[C@@H]4O[C@]4(CO)[C@@H]23)[C@H](O)[C@@H](O)[C@@H]1O,6.1007266,5.9069476,0.19377899
N#C/C(=C\c1ccc(OCc2ccccc2)cc1)c1nc2ccccc2s1,6.279014,6.550016,-0.27100182
CCC(C)C(NC(=O)Cn1cccc(NC(=O)Oc2ccccc2)c1=O)P(=O)(Oc1ccccc1)Oc1ccccc1,4.630784,5.2768674,-0.64608335
CC1(C)CC[C@]2(C(=O)OCc3ccccc3)CC[C@]3(C)C(=CC[C@@H]4[C@@]5(C)C[C@@H](OC(=O)c6ccccc6)CC(C)(C)[C@@H]5CC[C@]43C)[C@@H]2C1,4.552842,4.0543814,0.49846077
CC(C)C(NC(=O)[C@@H]1C[C@H](O)CN1C(=O)[C@@H](NC(=O)OC(C)(C)C)C(C)(C)C)P(=O)(Oc1ccccc1)Oc1ccccc1,5.928118,5.7802434,0.14787483
CC1(C)CC[C@]2(C(=O)OCCCCBr)CC[C@]3(C)C(=CC[C@@H]4[C@@]5(C)C[C@H](O)CC(C)(C)[C@@H]5CC[C@]43C)[C@@H]2C1,5.29243,6.029885,-0.7374549
COc1ccc(C)c2c1C(=O)OC(C)C2,4.026295,4.6352296,-0.6089344
CC(=O)c1cccc(NC(=O)C(OC(=O)c2cccc(S(=O)(=O)N(C)c3ccccc3)c2)c2ccccc2)c1,4.0,4.0549994,-0.05499935
COc1cccc(C(=O)N2CCN(C(=O)c3ccc(-c4cccc5[nH]nc(N)c45)cc3)CC2)c1,5.0,5.371429,-0.37142897
CC1(C)CC[C@]2(C(=O)O)CC[C@]3(C)C(=CC[C@@H]4[C@@]5(C)Cc6cn(S(C)(=O)=O)nc6C(C)(C)[C@@H]5CC[C@]43C)[C@@H]2C1,9.2218485,9.617875,-0.3960266
Nc1nc2c(s1)=C(c1ccc(O)cc1)C(=O)C(=O)C=2c1ccc(O)cc1,6.7746906,7.295154,-0.52046347
COc1cc2ncccc2cc1NC(=O)c1csc2cncnc12,8.29243,8.907216,-0.61478615
COc1ccc(-n2c(C(=O)O)c(Oc3cccc(C(F)(F)F)c3)c3ccccc32)cc1,4.337242,4.665331,-0.32808876
COc1ccc(C(=O)c2c(C)n(Cc3cccc(O[C@@H](C)C(=O)O)c3)c3ncccc23)cc1,9.2218485,8.912548,0.30930042
CC(C)(C)c1ccc(-n2c(C(=O)O)c(Oc3ccc(-c4cc(C(F)(F)F)c[nH]4)cc3)c3cccnc32)cc1,4.6922903,4.6457467,0.0465436
CCc1ccc(-c2nc3cc(NC(=O)c4cc([N+](=O)[O-])ccc4Cl)ccc3o2)cc1,4.6478176,4.449249,0.19856882
Cc1nn(C)c2nnc(Nc3ccc(S(=O)(=O)NC(CO)C(C)C)cc3)nc12,4.0,3.793943,0.20605707
CCCCC(=O)Nc1ccccc1-c1cccc2c1[nH]c1ccccc12,8.0,8.509697,-0.50969696
CC1CCc2c(sc(NC(=O)COc3ccccc3C=O)c2C#N)C1,4.1129456,4.3010406,-0.1880951
Cc1nn(-c2ccccc2)c2nc(CCl)n(CC#N)c(=O)c12,7.3467875,7.66259,-0.31580257
C(=C\n1ncc2c(NC3CCCCC3)ncnc21)/c1ccccc1,4.2839966,4.4628167,-0.17882013
CCOCc1nc2c(c(C)nn2-c2ccccc2)c(=O)[nH]1,5.0,4.8056684,0.19433165
CC(C)c1cccc(-n2c(C(=O)O)c(Oc3cccc(O)c3)c3ccccc32)c1,8.463442,8.5271845,-0.06374264
O=c1[nH]c(O)c(-c2ccc(OCCCOc3ccc(Oc4ccccc4)cc3)cc2)s1,5.273273,5.2447267,0.028546333
CCOc1ccc(S(=O)(=O)NCCN)cc1-c1nnc2c(n1)c(C)nn2C,4.489723,4.6044755,-0.11475229
CCOc1ccc(S(=O)(=O)NCCN2CCOCC2)cc1-c1nnc2c(n1)c(C)nn2C,5.6161847,5.8499556,-0.23377085
CCOc1ccc(S(=O)(=O)NCCO)cc1-c1nnc2c(n1)c(C)nn2C,6.071092,6.317126,-0.24603367
O=C1NC(=O)c2cc(Nc3ccc(F)cc3)c(Nc3ccc(F)cc3)cc21,7.3665314,7.1680098,0.19852161
O=C1NC(=O)c2cc(Nc3ccccc3)c(Nc3ccccc3)cc21,4.30103,4.413956,-0.11292601
O=C1Nc2ccccc2/C1=C/c1ccc[nH]1,5.9147096,5.8443394,0.0703702
O=C1Nc2ccccc2/C1=C\c1ccc(O)cc1,7.2676063,7.127607,0.13999939
Cc1ccc(C=O)c(OCC(=O)Nc2sc3c(c2C#N)CCC(C)C3)c1,4.0814457,4.2844353,-0.20298958
CCNc1ccccc1-c1cccc2c1[nH]c1ccccc12,6.9914,7.315497,-0.32409716
FC(F)C(F)(F)Oc1cccc(Nc2nccc(-c3ccc(Cl)cc3)n2)c1,4.309804,4.207209,0.10259485
C=C(CN(C)C)C(=O)c1ccc(OCc2ccccc2)c(O)c1,4.30103,4.1302896,0.1707406
C[C@@H](Oc1cc(Cn2c(=O)n(-c3ccc(C(C)(C)C)cc3)c3ccc(C(F)(F)F)cc32)ccc1Cl)C(=O)O,5.552842,6.1112895,-0.55844736
C[C@@H](Oc1cc(Cn2c(=O)n(-c3nc4ccc(Cl)cc4s3)c3ccc(C(F)(F)F)cc32)ccc1Cl)C(=O)O,3.6478174,4.62293,-0.9751127
C[C@@H](Oc1cc(Cn2c(=O)n(-c3noc4cc(Cl)ccc34)c3ccc(C(F)(F)F)cc32)ccc1Cl)C(=O)O,7.552842,8.978005,-1.4251633
O=C(Cc1ccc(F)cc1)Nc1ccccc1-c1cccc2c1[nH]c1ccccc12,6.60206,7.1269674,-0.5249076
CC(C)(C)c1ccc(-n2c(C(=O)O)c(Oc3cccc(O)c3)c3ccccc32)cc1,7.536107,7.4976916,0.038415432
CC(C)(C)c1ccc(-n2c(C(=O)O)c(Oc3cccc(S(C)(=O)=O)c3)c3ccc(Cl)nc32)cc1,6.154902,6.296778,-0.14187622
CC(=O)Nc1ccccc1-c1cccc2c1C(=O)c1ccccc1-2,4.69897,4.5353484,0.16362143
CC(=O)Nc1ccccc1-c1cccc2c1C(O)c1ccccc1-2,7.2596374,7.507753,-0.24811554
CC(=O)Nc1ccccc1-c1cccc2c1oc1ccccc12,5.595166,5.9180837,-0.32291746
CC(=O)Nc1ccccc1-c1cccc2c3c([nH]c12)CCNC3,7.725842,8.465563,-0.7397208
CC(=O)Nc1ccccc1-c1cccc2c3ccccc3n(C)c12,5.552842,6.053179,-0.50033665
CC(C)(C)c1ccc(-n2c(C(=O)O)c(Oc3cccc(C(F)(F)F)c3)c3cccnc32)cc1,3.39794,3.9030476,-0.50510764
CC(=O)Nc1ccccc1-c1cccc2c3ccccc3n(Cc3ccccc3)c12,5.0,4.9748373,0.025162697
CC(=O)Nc1ccccc1-c1cn2c3ccccc3c3cccc(c1=O)c32,6.630784,6.413402,0.21738195
C[C@@H](Oc1cc(Cn2c(=O)n(-c3noc4ccc(Cl)cc34)c3ccc(C(F)(F)F)cc32)ccc1Cl)C(=O)O,5.161151,4.971853,0.18929815
CC(=O)Nc1ccccc1-c1cn2c3ccccc3c3ccnc(c1=O)c32,4.0,4.1263747,-0.12637472
C[C@@H](Oc1cc(Cn2c(=O)n(Cc3ccc(Cl)cc3)c3ccc(C(F)(F)F)cc32)ccc1Cl)C(=O)O,8.0,7.6782756,0.3217244
CC(=O)Nc1ccncc1-c1cccc2c1[nH]c1ccccc12,4.30103,5.21942,-0.9183898
C[C@@H](Oc1cc(Cn2c(=O)n(C(=O)c3ccc(Cl)cc3)c3ccc(C(F)(F)F)cc32)ccc1Cl)C(=O)O,4.1199985,4.235082,-0.115083694
CC(=O)Nc1cnccc1-c1cccc2c1[nH]c1ccccc12,5.6314034,5.2084255,0.42297792
O=S(=O)(Nc1ccccc1-c1cccc2c1[nH]c1ccccc12)c1ccccc1,6.928118,6.3979573,0.5301609
CCCc1cc2c(C(F)(F)F)noc2c(CCC)c1OCC(C)(C)C(=O)O,6.2596374,6.4250007,-0.16536331
CCCc1nn(C)c2nnc(-c3cc(S(=O)(=O)N4CCN(C)CC4)ccc3OCC)nc12,7.154902,7.035454,0.119448185
CCN(C(C)=O)c1ccccc1-c1cccc2c1[nH]c1ccccc12,4.3589225,3.9352393,0.42368317
CCN(CC)Cc1nc2c(c(C)nn2-c2ccccc2)c(=O)[nH]1,4.30103,4.6374497,-0.33641958
CCN(CC)c1ccc(Nc2cc3c(cc2Nc2ccc(N(CC)CC)cc2)C(=O)NC3=O)cc1,4.026452,4.1448836,-0.11843157
O=C(Nc1cccc(-c2ccnc3cc(-c4ccncc4)nn23)c1)c1cccc(C(F)(F)F)c1,8.537602,8.385357,0.15224552
CCCc1cc(Oc2ccccc2)ccc1OCCCOc1ccc(-c2sc(=O)[nH]c2O)cc1C,7.0,7.02276,-0.022759914
CNC(=O)[C@H](CC(C)(C)C)NC(=O)c1cccc(CNC(=O)c2ccc(OCCNC(=O)CC(C)(C)CC(=O)NCCc3ccc(NC(C)=O)cc3)cc2)c1,5.251812,5.358833,-0.107020855
CNCCOc1ccc(C(=O)NCc2cccc(C(=O)N[C@@H](C)C(=O)Nc3ccc(CCC(=O)O)cc3)c2)cc1,4.703335,4.444255,0.25907993
CCCc1cc(Oc2ccccc2)ccc1OCCCOc1ccc(-c2sc(=O)[nH]c2O)cc1CCC,4.5686364,4.3590956,0.20954084
CCCc1cc(Oc2ccc(NS(=O)(=O)c3ccc(C)cc3)cc2)ccc1OCCCOc1ccc(-c2sc(=O)[nH]c2O)cc1,7.1079054,7.779117,-0.6712117
COc1ccc2c(-n3c(=O)n(Cc4cccc([C@@]5(C)OC(O)=NC5=O)c4)c4cc(C(F)(F)F)ccc43)noc2c1,5.5999994,5.627785,-0.027785778
CCCc1cc(Oc2ccccc2)ccc1OCCCOc1ccc(-c2sc(=O)[nH]c2O)cc1OC,8.647818,8.613721,0.034096718
CCCc1cc(Oc2ccccc2)ccc1OCCCOc1ccc(-c2sc(=O)[nH]c2O)cc1Cl,4.7542405,4.6536555,0.100584984
C[C@@H](Oc1ccc2ncccc2c1)c1c(Cl)ccc(F)c1Cl,4.9842215,5.1261353,-0.14191389
C[C@@]1(C(=O)O)CCc2ccc(OCCCOc3ccc(OCC(F)(F)F)cc3Cl)cc2O1,4.386158,4.6065373,-0.22037935
CCOc1ccc(S(=O)(=O)N(CC)CC)cc1-c1nnc2c(n1)c(C)nn2C,4.69897,5.1430697,-0.4440999
CCOc1ccc(S(=O)(=O)N2CCCC2)cc1-c1nnc2c(n1)c(C)nn2C,5.2310004,4.885899,0.34510136
CCOc1cc(N2CCC(O)CC2)ccc1Nc1ncc2c(n1)N(C)c1ccccc1C(=O)N2C,4.492144,4.5766916,-0.08454752
COc1ccc2c(-n3c(=O)n(Cc4cccc([C@@]5(C)OC(O)=NC5=O)c4)c4ccccc43)noc2c1,3.5352125,3.8468409,-0.31162834
CCCc1cc(Oc2ccc(F)cc2)ccc1OCCCOc1ccc(-c2sc(=O)[nH]c2O)cc1,5.167491,4.9212136,0.24627733
CN(c1ccccc1)c1cc2c(cc1N(C)c1ccccc1)C(=O)NC2=O,6.8268137,7.5968776,-0.7700639
CN(c1ccccc1)c1cc2c(cc1Nc1ccccc1)C(=O)NC2=O,9.080922,9.0394945,0.041427612
CNCCOc1ccc(C(=O)NCc2cccc(C(=O)N[C@@H](CC3CCCCC3)C(=O)Nc3ccc(CCC(=O)O)cc3)c2)cc1,5.9931064,5.9246664,0.06843996
CNCCOc1ccc(C(=O)NCc2cccc(C(=O)N[C@H](C(=O)Nc3ccc(CCC(=O)O)cc3)C(C)C)c2)cc1,5.0,5.6033025,-0.6033025
CCCc1cc(Oc2ccc(NS(C)(=O)=O)cc2)ccc1OCCCOc1ccc(-c2sc(=O)[nH]c2O)cc1,4.978811,4.581368,0.39744282
CCCc1cc(Oc2ccc(OC)cc2)ccc1OCCCOc1ccc(-c2sc(=O)[nH]c2O)cc1,5.0,5.0440125,-0.044012547
CCCc1cc(Oc2ccc(S(C)(=O)=O)cc2)ccc1OCCCOc1ccc(-c2sc(=O)[nH]c2O)cc1,7.3467875,6.7145104,0.632277
CCCc1cc(Oc2ccccc2)ccc1OCCCCOc1ccc(-c2sc(=O)[nH]c2O)cc1,6.966576,6.9431653,0.023410797
CCC[C@H](Oc1cccc(Cn2c(C)c(C(=O)c3ccc(Cl)cc3)c3ccc(OC(F)(F)F)cc32)c1)C(=O)O,5.0,4.9992356,0.00076436996
Cc1ccc2onc(-n3c(=O)n(Cc4ccc(Cl)c(O[C@H](C)C(=O)O)c4)c4cc(C(F)(F)F)ccc43)c2c1,5.0,4.936189,0.063810825
COc1ccc2c(-n3c(=O)n(Cc4ccc(Cl)c(O[C@H](C)C(=O)O)c4)c4ccc(C(F)(F)F)cc43)noc2c1,5.552842,5.3970056,0.15583658
CS(=O)(=O)Nc1ccc(C(F)(F)F)cc1-c1cccc2c1[nH]c1ccccc12,8.20066,7.513829,0.6868305
COc1ccncc1NC(=O)c1ccnc(NC(=O)C2CC2)c1,9.39794,9.820429,-0.42248917
O=C1NC(=O)c2cc(NC3CCCCC3)c(NC3CCCCC3)cc21,4.950782,4.320988,0.62979364
COc1ccc2c(-n3c(=O)n(Cc4ccccc4[C@@]4(C)OC(O)=NC4=O)c4cc(C(F)(F)F)ccc43)noc2c1,7.086186,6.1992507,0.88693523
CNC(=O)c1cccc(CNC(=O)c2ccc(OCCNC(=O)CC(C)(C)CC(=O)NCCc3ccc(NC(=O)[C@H](CC(C)(C)C)NC(C)=O)cc3)cc2)c1,9.191789,8.923197,0.26859188
COc1ccc2c(-n3c(=O)n(Cc4cccc(O[C@H](C)C(=O)O)c4)c4cc(C(F)(F)F)ccc43)noc2c1,4.0,4.976153,-0.9761529
CCCc1cc(Oc2ccc(-c3ccccc3)cc2)ccc1OCCCOc1ccc(-c2sc(=O)[nH]c2O)cc1,4.5114493,4.319937,0.19151211
CCCc1cc(Oc2ccccc2)ccc1OCCCOc1ccc(-c2sc(=O)[nH]c2O)cc1,8.522879,9.058384,-0.5355053
COc1ccc(NC(=S)NN=C2C(=O)Nc3ccccc32)cc1,7.39794,7.0816164,0.31632376
COc1ccc2[nH]c3c(-c4ccccc4NC(C)=O)cccc3c2c1,5.7399287,5.9718986,-0.23196983
COc1ccc(Nc2cc3c(cc2Nc2ccc(OC)cc2)C(=O)NC3=O)cc1,9.244125,9.468478,-0.22435284
COc1ccc2c(-n3c(=O)n(Cc4cc(O[C@H](C)C(=O)O)ccc4Cl)c4cc(C(F)(F)F)ccc43)noc2c1,6.383,6.967605,-0.5846052
O=C(Nc1cnccc1-c1ccc(Cl)cc1)c1ccnc(NC(=O)C2CC2)c1,7.6800613,8.10407,-0.42400837
O=C(Nc1cnccc1-c1ccc(F)cc1)c1ccnc(NC(=O)C2CC2)c1,5.543634,5.654754,-0.111120224
O=C(Nc1cnccc1-c1ccccc1)c1ccnc(NC(=O)C2CC2)c1,4.7999983,4.7016826,0.098315716
COCc1nc2c(c(C)nn2-c2ccccc2)c(=O)[nH]1,6.6382723,5.924909,0.7133632
COc1ccc2c(-n3c(=O)n(Cc4cc(O[C@H](C)C(=O)O)ccc4Cl)c4ccccc43)noc2c1,5.2596374,5.7833548,-0.5237174
COc1ccc2c(-n3c(=O)n(Cc4cc([C@@]5(C)OC(O)=NC5=O)ccc4Cl)c4cc(C(F)(F)F)ccc43)noc2c1,5.415669,5.435621,-0.01995182
COc1ccc2c(-n3c(=O)n(Cc4cc([C@@]5(C)OC(O)=NC5=O)ccc4Cl)c4ccccc43)noc2c1,9.69897,8.727264,0.97170544
COc1ccc2c(-n3c(=O)n(Cc4ccc(Cl)c(O[C@@H](C)C(=O)O)c4)c4cc(C(F)(F)F)ccc43)noc2c1,8.585027,8.962885,-0.37785816
COc1ccc2c(-n3c(=O)n(Cc4ccc(Cl)c(O[C@H](C)C(=O)O)c4)c4cc(C(F)(F)F)ccc43)noc2c1,3.9669785,4.0136013,-0.046622753
COc1ccc2c(-n3c(=O)n(Cc4ccc(Cl)c(O[C@H](C)C(=O)O)c4)c4cc(OC(F)(F)F)ccc43)noc2c1,7.818194,7.672188,0.1460061
COc1ccc2c(-n3c(=O)n(Cc4ccc(Cl)c(O[C@H](C)C(=O)O)c4)c4ccc(OC(F)(F)F)cc43)noc2c1,4.69897,5.886396,-1.1874261
COc1ccc2c(-n3c(=O)n(Cc4ccc(Cl)c(O[C@H](C)C(=O)O)c4)c4ccccc43)noc2c1,5.6382723,5.111182,0.5270901
COc1ccc2c(-n3c(=O)n(Cc4ccc([C@@]5(C)OC(O)=NC5=O)cc4)c4cc(C(F)(F)F)ccc43)noc2c1,4.342944,4.1230874,0.21985674
CN(C)CC(CSCCN)C(=O)c1ccc(OCc2ccccc2)cc1,4.412289,4.468744,-0.05645466
CC(C)N1CCN(C(=O)c2ccc(NC(=O)Nc3ccc(-c4nc(C5CCOCC5)nc(N5C6CCC5COC6)n4)cc3)cc2)CC1,4.7520266,4.531383,0.22064352
Nc1ccc2c(c1)/C(=C/c1ccc[nH]1)C(=O)N2,5.1101384,4.184483,0.92565536
Nc1ccc(C(F)(F)F)cc1-c1cccc2c1[nH]c1ccccc12,6.0,7.6414814,-1.6414814
Cc1cc(C)c(/C=C2\C(=O)Nc3ccc(N)cc32)[nH]1,4.026406,4.0143223,0.01208353
CCOc1ccc(S(=O)(=O)N2CCN(C)CC2)cc1-c1nnc2c(n1)c(C)nn2C,5.0,5.1952147,-0.19521475
CCOc1ccc(S(=O)(=O)N2CCNCC2)cc1-c1nnc2c(n1)c(C)nn2C,4.5214334,4.4484067,0.07302666
COc1ccccc1C(=O)Nc1ccccc1-c1cccc2c1[nH]c1ccccc12,4.8556437,4.7528205,0.10282326
CC(Nc1ccccc1-c1cccc2c1[nH]c1ccccc12)C(F)(F)F,6.790485,7.4159913,-0.6255064
CC[C@@H](Oc1cccc(-n2c(C)c(C(=O)c3ccc(OC)cc3)c3ccc(OC(F)(F)F)cc32)c1)C(=O)O,9.2218485,9.71366,-0.49181175
CCOc1ccc(S(=O)(=O)N2CCOCC2)cc1-c1nnc2c(n1)c(C)nn2C,4.8860564,4.817873,0.06818342
CC[C@@H](Oc1cccc(Cn2c(=O)n(-c3noc4cc(OC)ccc34)c3ccc(C(F)(F)F)cc32)c1)C(=O)O,5.0,5.412277,-0.41227722
CCOc1cccc(Oc2c(C(=O)O)n(-c3ccc(C(C)(C)C)cc3)c3ccccc23)c1,5.0,5.3002677,-0.3002677
CCCc1cc(Oc2ccc(C)cc2)ccc1OCCCOc1ccc(-c2sc(=O)[nH]c2O)cc1,7.950782,8.208757,-0.25797558
CCCc1cc(Oc2ccc(C3CCCC3)cc2)ccc1OCCCOc1ccc(-c2sc(=O)[nH]c2O)cc1,6.377786,6.881362,-0.5035758
CN(C)CC(CSc1ccccc1)C(=O)c1ccc(OCc2ccccc2)cc1,7.69897,7.973962,-0.274992
CCCc1cc(Oc2ccc(C(F)(F)F)cc2)ccc1OCCCOc1ccc(-c2sc(=O)[nH]c2O)cc1,6.1101384,5.8602204,0.24991798
CCCc1cc(C(=O)CC)cc(CCC)c1NC(C(=O)O)c1ccc(C(C)C)cc1,5.229148,4.7678723,0.46127558
Cc1cccc2c1/C(=C/c1ccc(N(C)C)c3ccccc13)C(=O)N2,5.6382723,5.6912203,-0.052947998
Cc1cccc2c(-n3c(=O)n(Cc4ccc(Cl)c(O[C@H](C)C(=O)O)c4)c4cc(C(F)(F)F)ccc43)noc12,5.29243,4.537376,0.755054
Cc1cccc(N)c1-c1cccc2c1[nH]c1ccccc12,7.229148,7.73546,-0.5063119
CN(C)S(=O)(=O)c1ccc2c(c1)/C(=C/c1cc3c([nH]1)CCCC3)C(=O)N2,7.7520266,8.884992,-1.1329651
CCCc1cc(Oc2ccc(CC(C)C)cc2)ccc1OCCCOc1ccc(-c2sc(=O)[nH]c2O)cc1,4.0,4.264647,-0.264647
CCCc1cc(Oc2ccc(Cl)cc2)ccc1OCCCOc1ccc(-c2sc(=O)[nH]c2O)cc1,4.30103,4.3276315,-0.026601315
Cc1c[nH]c(NC(=O)Nc2ccnc(Cl)c2)n1,5.455932,5.3268914,0.12904072
CC(=O)Nc1ccc(CCNC(=O)CC(C)(C)CC(=O)NCCOc2ccc(C(=O)NCc3cccc(C(=O)N[C@@H](CC(C)(C)C)C(=O)O)c3)cc2)cc1,7.251812,8.276003,-1.0241909
COc1ccc(C(=O)c2c(C)n(Cc3cc(O[C@@H](C)C(=O)O)ccc3F)c3ncccc23)cc1,6.6439743,6.9264193,-0.28244495
COc1ccc(C(=O)c2c(C)n(Cc3ccc(Cl)c(O[C@@H](C)C(=O)O)c3)c3nc(OC)ccc23)cc1,8.060481,8.753345,-0.69286346
COc1ccc(C(=O)c2c(C)n(Cc3ccc(F)c(O[C@@H](C)C(=O)O)c3)c3ncccc23)cc1,4.026438,4.2574544,-0.23101616
COc1ccc(C(=O)c2c(C)n(Cc3cccc(O[C@@H](C)C(=O)O)c3)c3nc(C)ccc23)cc1,6.6126103,6.151816,0.46079445
CC1(C)CC[C@]2(C(=O)OCCBr)CC[C@]3(C)C(=CC[C@@H]4[C@@]5(C)C[C@@H](O)[C@H](O)C(C)(C)[C@@H]5CC[C@]43C)[C@@H]2C1,3.8239088,3.825739,-0.001830101
Cc1nn(-c2ccccc2)c2nc(CCl)n(C)c(=O)c12,3.1870866,3.171678,0.015408516
Cc1cccc(C=O)c1OCC(=O)Nc1sc2c(c1C#N)CCC(C)C2,7.39794,7.4847417,-0.08680153
Cc1cnc(Nc2cnn(C)c2)nc1N1CC(CC#N)(N2CCN(C)CC2)C1,6.844664,6.3673024,0.47736168
Cc1ccc2c(-n3c(=O)n(Cc4ccc(Cl)c(O[C@H](C)C(=O)O)c4)c4cc(C(F)(F)F)ccc43)noc2c1,8.30103,8.802332,-0.50130177
C=C(CN(C)C)C(=O)c1ccc(OS(=O)(=O)c2ccc(C(=O)O)c(O)c2)cc1,7.6197886,7.135491,0.48429775
CCC(=O)c1ccc(OC(C(=O)O)c2ccccc2)cc1,8.481486,8.065081,0.41640568
C=C(CN(C)C)C(=O)c1ccc(OS(=O)(=O)c2ccc(C(=O)O)cc2)cc1,4.0,4.149014,-0.149014
CC(C)(C)c1ccc(-n2c(C(=O)O)c(Oc3cccc(-c4cc(C(F)(F)F)c[nH]4)c3)c3ccc(Cl)nc32)cc1,7.0404816,7.2461495,-0.20566797
CC(C)(C)C[C@H](N)C(=O)Nc1ccc(CCNC(=O)CC(C)(C)CC(=O)NCCOc2ccc(C(=O)NCc3cccc(C(=O)O)c3)cc2)cc1,5.0,5.891487,-0.8914871
Cc1nn(C)c2nnc(Nc3ccc(S(=O)(=O)N4CCCC4)cc3)nc12,6.79588,6.739721,0.05615902
CC(C)(C)c1ccc(-n2c(C(=O)O)c(Oc3cccc(C(F)(F)F)c3)c3cc(O)ccc32)cc1,6.1643095,6.027893,0.13641644
CC(C)(C)C[C@H](NC(=O)c1cccc(CNC(=O)c2ccc(OCCNC(=O)CC(C)(C)CC(=O)NCCc3ccc(N)cc3)cc2)c1)C(=O)O,6.0491486,6.1467166,-0.097568035
COc1ccc(C(=O)c2c(C)n(Cc3cc(O[C@@H](C)C(=O)O)ccc3Cl)c3nc(OC)ccc23)cc1,7.154902,7.2503085,-0.09540653
COc1ccc(C(=O)c2c(C)n(Cc3cc(O[C@@H](C)C(=O)O)ccc3F)c3nc(OC)ccc23)cc1,6.0,6.1807694,-0.18076944
CC(=O)N[C@@H](CC(C)(C)C)C(=O)Nc1ccc(CCNC(=O)CC(C)(C)CC(=O)NCCOc2ccc(C(=O)NCc3cccc(C(=O)O)c3)cc2)cc1,5.124939,5.2415557,-0.116616726
Cc1ccc(-c2cccc3c2[nH]c2ccccc23)c(N)c1,4.30103,4.2712626,0.029767513
C[C@]1(c2cccc(Cn3c(=O)n(-c4noc5cc(Cl)ccc45)c4ccccc43)c2)OC(O)=NC1=O,5.552842,5.5721893,-0.01934719
Cc1nn(C)c2nnc(Nc3ccc(S(=O)(=O)N4CCN(C)CC4)cc3)nc12,6.0,5.7877316,0.21226835
Cc1nn(-c2ccccc2)c2nc(CN3CCCCC3)[nH]c(=O)c12,8.481486,8.847044,-0.36555767
Cc1nn(-c2ccccc2)c2nc(CN3CCOCC3)[nH]c(=O)c12,5.0,4.7797995,0.22020054
c1cc(N2CCCC2)[c-]2[cH-][cH-][cH-][c-]2n1,6.0,5.8460593,0.15394068
CC1(C)Cc2c(-c3ccncc3)c(-c3ccccn3)nn2C1,5.0,5.5070715,-0.5070715
COc1ccc(C(=O)NC[C@@H](O)CO)cc1/C=C/c1ccc(Cl)cc1,5.788079,8.062529,-2.2744498
COc1ccc(C(=O)NC[C@H](O)CO)cc1/C=C/c1ccc(Cl)cc1,6.2009974,6.8124685,-0.6114712
O=C(Nc1ccccc1-c1cccc2c1[nH]c1ccccc12)C1CCCCC1,4.0,4.0999827,-0.09998274
O=C(Nc1ccccc1-c1cccc2c1[nH]c1ccccc12)c1ccco1,9.522879,9.841338,-0.3184595
COc1ccccc1N(C(=O)c1snc(C(N)=O)c1N)C(C(=O)NCc1ccccc1)c1ccc(O)cc1,4.7212462,4.5188527,0.20239353
N#C/C(=C/c1cn(-c2ccccc2)nc1-c1cccc(S(=O)(=O)N2CCCC2)c1)C(=O)NCc1ccco1,3.8239088,3.8502762,-0.026367426
Cc1ccc(-c2ccnc(Nc3cccc(OC(F)(F)C(F)F)c3)n2)cc1,3.69897,4.255408,-0.55643773
O=C(O)CC(CCc1ccccc1)OC1OC(CO)C(O)C(O)C1O,4.849485,4.914971,-0.065485954
CC[C@H]1O[C@@H](NC(=S)NN=Cc2cccc(Br)c2)[C@H](O)[C@@H](O)[C@@H]1O,5.1079054,6.0122495,-0.9043441
C=C(C)[C@@H]1CC[C@]2(C(=O)OC3CCCCC3)CC[C@]3(C)[C@H](CC[C@@H]4[C@@]5(C)CC[C@H](O)[C@@](C)(CO)[C@@H]5CC[C@]43C)[C@@H]12,4.9850597,5.604397,-0.6193371
CC1=NN(C(=O)c2ccccc2C)C(c2ccccc2O)C1,6.9871626,7.57816,-0.5909972
CCN(CC)CCOC(=O)[C@]12CCC(C)(C)C[C@H]1C1=CC[C@@H]3[C@@]4(C)C[C@@H](O)[C@H](O)C(C)(C)[C@@H]4CC[C@@]3(C)[C@]1(C)CC2,6.0,5.7375035,0.26249647
NCc1ccc(S(=O)(=O)Nc2ccc(NC(=O)Nc3cccc([N+](=O)[O-])c3)cc2)cc1,7.235077,7.7044845,-0.46940756
Cc1cc(=O)oc2c(O)c(O)ccc12,5.6382723,5.9198275,-0.28155518
Nc1nc(COc2ccccc2C=O)nc(Nc2ccccc2)n1,8.0,7.909468,0.090531826
Cc1ccc2nc(NNC(=O)c3ccc(S(=O)(=O)N4CCc5ccccc5C4)cc3)sc2c1,4.837137,5.1301274,-0.2929902
Cc1ccc(-c2nc3cc(C(=O)NCCCn4ccnc4)ccc3c(O)c2O)cc1,4.026747,3.959961,0.06678629
Cc1ccc(Cl)cc1N1CCN(S(=O)(=O)c2ccc3[nH]c(=O)c(=O)[nH]c3c2)CC1,4.026406,3.7204494,0.30595636
CC1(C)CC[C@]2(C(=O)OCc3ccccc3)CC[C@]3(C)C(=CC[C@@H]4[C@@]5(C)CC(=O)[C@H](O)C(C)(C)[C@@H]5CC[C@]43C)[C@@H]2C1,6.1079054,5.8219724,0.28593302
CCCc1cc(=O)[nH]c(SCC(=O)N2N=C(c3ccc(Cl)cc3)CC2c2ccco2)n1,6.221849,6.441772,-0.21992302
[C]Oc1cc(-c2ccc(O[C][C]=C([C])[C])cc2)c(O[C])c(O[C][C]=C([C])[C])c1-c1ccc([O])cc1,4.395774,4.636055,-0.2402811
O=C1/C(=C2/SC(=O)N(Cc3cccc([N+](=O)[O-])c3)C2=O)Nc2ccc(Cl)cc21,4.6516953,4.278687,0.37300825
CNCCOC(=O)[C@]12CCC(C)(C)C[C@H]1C1=CCC3[C@@]4(C)CC[C@H](O)C(C)(C)C4CC[C@@]3(C)[C@]1(C)CC2,7.0457573,6.5970016,0.44875574
CNCCOC(=O)[C@]12CCC(C)(C)C[C@H]1C1=CC[C@@H]3[C@@]4(C)CC[C@H](O)C(C)(C)[C@@H]4CC[C@@]3(C)[C@]1(C)CC2,6.69897,6.8871875,-0.18821764
CC(=O)N1N=C(C)CC1c1ccccc1OCc1ccc(Cl)nc1,4.69897,5.151413,-0.45244312
Cc1ccc(Nc2nc(Nc3ccc(C)cc3)nc(SC3=NCCS3)n2)cc1,4.6241536,5.0802126,-0.45605898
N#C/C(=C\c1ccccc1OCC(=O)O)c1nc2ccccc2s1,8.29243,7.8249283,0.46750164
CC(=O)n1cc2c(n1)C(C)(C)[C@@H]1CC[C@]3(C)[C@H](CC=C4[C@@H]5CC(C)(C)CC[C@]5(C(=O)O)CC[C@]43C)[C@@]1(C)C2,5.69897,5.421654,0.27731562
Oc1cc(O)c2c(c1)O[C@@H](c1ccc(O)c(O)c1)[C@H](O)C2,5.273273,5.6319947,-0.35872173
C=C(C)[C@@H]1CC[C@]2(C=O)CC[C@]3(C)[C@H](CC[C@@H]4[C@@]5(C)[C@H](C(=O)OC)[C@H](OC(C)=O)C(C)(C)[C@@H]5CC[C@]43C)[C@@H]12,6.0,6.0882764,-0.088276386
Nc1nc2c(s1)c(-c1ccc(O)cc1)c(O)c1oc3cc(O)c(O)cc3c12,5.2596374,5.102161,0.15747643
CC(C)n1cc(CN2CCC(C(=O)Nc3cccc(-c4cscn4)c3)CC2)cn1,6.5934596,5.551741,1.0417185
C=C(C)[C@@H]1CC[C@]2(C(=O)NCCCCCCNC(=O)/C=C/C(=O)O)CC[C@]3(C)[C@H](CC[C@@H]4[C@@]5(C)CC[C@H](OC(C)=O)[C@@](C)(COC(C)=O)[C@@H]5CC[C@]43C)[C@@H]12,8.958608,8.419194,0.53941345
[C][C]Oc1ccc([N]S(=O)(=O)c2ccc(Cl)c([N]N=C3C(=O)[N]C(=S)[N]C3=O)c2)cc1Br,6.4202166,5.859366,0.5608506
C=C(C)[C@@H]1CC[C@]2(C(=O)NCCCCCCN(CC)CC)CC[C@]3(C)[C@H](CC[C@@H]4[C@@]5(C)CC[C@H](OC(C)=O)[C@@](C)(COC(C)=O)[C@@H]5CC[C@]43C)[C@@H]12,8.148742,7.6577516,0.49099016
COC(=O)[C@H](CC(C)C)N1Cc2cc(OC)cc(OC)c2-c2ccccc2S1(=O)=O,6.39794,6.150599,0.24734116
Cc1ccc(OCC(=O)c2c(N)n(C)c(=O)n(C)c2=O)c([N+](=O)[O-])n1,6.950782,6.1580663,0.79271555
C[C@H]1[C@H](C)CC[C@]2(C(=O)OCc3ccccc3)CC[C@]3(C)C(=CC[C@@H]4[C@@]5(C)C[C@@H](O)CC(C)(C)[C@@H]5CC[C@]43C)[C@H]12,6.2596374,6.1219387,0.13769865
Nc1ncnc2c1ncn2[C@@H]1O[C@H](COC(=O)c2ccc(S(=O)(=O)NCCCc3ccccc3)cc2)[C@@H](O)[C@H]1O,3.3383765,3.883675,-0.5452986
Clc1ccc(C(Cl)Cn2ncc3c(NCc4ccncc4)ncnc32)cc1,5.1174755,4.9341817,0.18329382
CCN(Cc1ccccc1)S(=O)(=O)c1ccc(C(=O)Nc2nnc(-c3ccccc3OC)o2)cc1,4.7212462,4.5327067,0.1885395
Cc1cccc2sc(NNC(=O)c3ccc(S(=O)(=O)N4CCc5ccccc5C4)cc3)nc12,6.244888,5.9753985,0.2694893
Nc1c(C(=O)NCC2CCCO2)sc2nc3c(c(-c4ccco4)c12)CC/C3=C\c1ccco1,4.69897,4.8973174,-0.19834757
O=C1C(=O)N(c2nc3ccc(Cl)cc3s2)C(c2ccco2)C1C(=O)c1ccco1,6.0,6.0030603,-0.0030603409
O=C(Cn1cccc(NCc2ccccc2Cl)c1=O)Nc1ccc(Cl)c(Cl)c1,3.29388,3.609693,-0.31581306
COc1cc(/C=c2\sc3n(c2=O)C(c2ccccc2)C(c2ccccc2)=NN=3)ccc1O,5.552842,5.3582463,0.19459581
O=C(c1ccc2c(=O)n(Cc3ccco3)c(=S)[nH]c2c1)N1CCN(Cc2ccccc2)CC1,7.939302,8.3989525,-0.45965052
Cc1ccc(S(=O)(=O)N2CCN(c3nc(Cl)ncc3Br)CC2)cc1,4.387216,4.5118985,-0.12468243
O=C(NNC(=O)c1cc(-c2ccc(Cl)cc2)nc2ccccc12)c1csc(N2CCOCC2)n1,5.782516,5.0990148,0.68350124
O=C1/C(=C2/SC(=O)N(Cc3cccc([N+](=O)[O-])c3)C2=O)Nc2ccccc21,4.386158,4.5108047,-0.12464666
CC(=O)N1N=C(c2cc3ccccc3oc2=O)CC1c1ccc(O)cc1,5.1463017,4.8701615,0.2761402
O=C(NC(=S)Nc1cc(-c2nc3ccccc3[nH]2)ccc1Cl)c1ccc2c(c1)OCO2,5.91364,6.9404035,-1.0267634
Cc1ccc(C(=O)Nc2cccc(C(C)(C)C)c2)cc1/C=C/n1cnc2c(NC3CC3)ncnc21,3.8239088,3.7413008,0.082607985
CC(C)C(NC(=O)[C@@H]1C[C@@H](c2ccccc2)CN1C(=O)[C@@H](NC(=O)OC(C)(C)C)C(C)(C)C)P(=O)(Oc1ccccc1)Oc1ccccc1,4.754068,4.770924,-0.016856194
O=C1NCC(O)NC12O[C@H](CO)[C@@H](O)[C@H](O)[C@H]2O,4.2596374,4.3131194,-0.053482056
N#Cc1c(N)nc(SCC(=O)c2ccc(Cl)cc2)c(C#N)c1-c1ccsc1,7.205892,7.2990704,-0.09317827
CS(=O)(=O)c1ccc(C(=O)OC[C@H]2O[C@@H](n3cnc4c(N)ncnc43)[C@H](O)[C@@H]2O)cc1,6.0,5.5781765,0.4218235
Cc1ccc(C(=O)Nc2cccc(C(C)C)c2)cc1/C=C/n1cnc2c(NC3CC3)ncnc21,8.39794,8.724456,-0.32651615
COc1ccc(-c2csc(NC(=O)c3ccccc3NS(=O)(=O)c3ccc(C)cc3)n2)cc1,4.9100947,4.5369754,0.37311935
COC(=O)C1CCCc2sc(NC(=O)COc3ccc(C=O)cc3OC)c(C#N)c21,6.0,5.8934875,0.10651255
Cc1c(-c2ccnc(C(F)(F)F)c2)ccc2c1CCNC2=O,4.9764185,4.8022027,0.1742158
COc1cccc(C(=O)N2CCN(C(=O)c3ccc(-c4cccnc4)cc3)CC2)c1,8.522879,8.840157,-0.3172779
CCOC(=O)C1=C(C)n2nnnc2N(C)C1c1ccc(C)cc1,8.236572,7.7368245,0.49974775
CC1=C(C(=O)[C@@H](C)c2ccccc2)C(c2ccccc2)NC(=S)N1,7.2660007,7.891249,-0.62524843
Cc1ccc(C(=O)Nc2cccc([N+](=O)[O-])c2)cc1S(=O)(=O)Nc1ccc(NC(=O)c2ccccc2)cc1,5.3053946,5.277943,0.027451515
CC(C)Cn1c(=O)c(C(=O)Nc2ccccc2S(N)(=O)=O)c(O)c2ccccc21,8.309804,8.107702,0.20210171
CC1(C)CC[C@]2(C(=O)OCc3ccccc3)CC[C@]3(C)C(=CCC4[C@@]5(C)C/C(=N\OCc6ccccc6)C(=O)C(C)(C)C5CC[C@]43C)[C@@H]2C1,4.1307683,4.4307647,-0.29999638
CC1(C)CC[C@]2(C(=O)OCc3ccccc3)CC[C@]3(C)C(=CC[C@@H]4[C@@]5(C)C/C(=N\OCc6ccccc6)C(=O)C(C)(C)[C@@H]5CC[C@]43C)[C@@H]2C1,4.534617,4.764604,-0.22998714
O=[N+]([O-])c1cccc(Nc2nccc(-c3ccncc3)n2)c1,6.0371575,6.130871,-0.09371328
COc1ccc(/C=C(\C#N)c2nc3ccccc3s2)cc1OC,4.782242,4.974927,-0.19268513
CCN(CC)CCCCOC(=O)[C@]12CCC(C)(C)C[C@H]1C1=CC[C@@H]3[C@@]4(C)C[C@@H](O)[C@H](O)C(C)(C)[C@@H]4CC[C@@]3(C)[C@]1(C)CC2,4.0,5.573068,-1.5730681
C[C@H]1[C@H](C)CC[C@]2(C(=O)OCn3cccn3)CC[C@]3(C)C(=CC[C@@H]4[C@@]5(C)C[C@@H](O)[C@H](O)C(C)(C)[C@@H]5CC[C@]43C)[C@H]12,7.6777806,7.744097,-0.066316605
Cc1ccc(S(=O)(=O)Nc2ccccc2C(=O)Nc2nc(-c3ccc(F)cc3)cs2)cc1,4.696804,4.132952,0.56385183
O=C1[N]C(=S)[N]C(=O)C1=N[N]c1ccc(S(=O)(=O)N2[C][C]c3ccccc32)cc1,7.229148,7.6842694,-0.45512152
CC1(C)CC[C@]2(C(=O)OCC(=O)O)CC[C@]3(C)C(=CC[C@@H]4[C@@]5(C)CC[C@H](O)C(C)(C)[C@@H]5CC[C@]43C)[C@@H]2C1,8.60206,8.342902,0.25915813
CC1(C)CC[C@]2(C(=O)OCC(=O)O)CC[C@]3(C)C(=CCC4[C@@]5(C)CC[C@H](O)C(C)(C)C5CC[C@]43C)[C@@H]2C1,6.0,6.1435857,-0.14358568
CCOC(=O)C1=C(C)NC(NN)N(C)C1c1cccc(O)c1,7.0,6.8336005,0.16639948
COc1cc(C=CC(=O)CC(=O)C=Cc2ccc(O)c(OC)c2)ccc1O,4.30103,4.607628,-0.3065977
CC(=O)O[C@@H]1C[C@]2(C)[C@H]3CC=C4[C@@H]5CC(C)(C)CC[C@]5(C(=O)OCc5ccccc5)CC[C@@]4(C)[C@]3(C)CC[C@H]2C(C)(C)[C@@H]1O,5.05,5.30103,-0.25102997
Cc1oc2c(cc(NS(=O)(=O)c3ccc4c5c(cccc35)C(=O)N4)c3ccccc32)c1C(=O)OC(C)C,4.026655,4.7690077,-0.7423525
O=C(N/N=C/c1ccc(Cl)c(Cl)c1)c1ccc(Nc2ccnc3cc(Cl)ccc23)cc1,5.607303,6.097066,-0.48976278
Cc1ccnc(-c2ccc(C(=O)N3CCN(C(=O)c4cccc(F)c4)CC3)cc2)c1,9.39794,9.546094,-0.14815426
CCn1cc2c(n1)C(C)(C)[C@@H]1CC[C@]3(C)[C@H](CC=C4[C@@H]5CC(C)(C)CC[C@]5(C(=O)OCc5ccccc5)CC[C@]43C)[C@@]1(C)C2,5.0,5.6495566,-0.64955664
COc1cc(/C=C(\C#N)c2nc3ccccc3s2)cc(OC)c1OC,7.5228786,8.335324,-0.81244564
C/C(=C\COc1ccc2ccc(=O)oc2c1)CC/C=C(\C)CCC(O)C(C)(C)O,6.468994,5.8651557,0.60383844
COC(=O)C1=C(C)n2nnnc2N(C)C1c1ccccc1,5.1307683,5.10929,0.021478176
O=C(NNc1nc2c(cnn2-c2ccccc2)c(=O)n1-c1ccccc1)c1ccc(Cl)cc1,6.229148,6.7404537,-0.5113058
N#C/C(=C\c1ccc2c(c1)OCO2)c1nc2ccccc2s1,5.6819367,6.0251327,-0.34319592
CC1(C)CC[C@]2(C(=O)OCc3ccccc3)CC[C@]3(C)C(=CC[C@@H]4[C@@]5(C)C[C@@H](O)[C@@H](O)C(C)(C)[C@@H]5CC[C@]43C)[C@@H]2C1,4.8063188,4.7094283,0.09689045
CC1(C)C2CC[C@]3(C)[C@H](C(=O)C=C4[C@@H]5C[C@@](C)(C(=O)O)CC[C@]5(C)CC[C@]43C)[C@@]2(C)CC[C@@H]1O,4.30103,4.7093616,-0.4083314
Cc1cccc(-c2nn3c(c2-c2ccc(O)cc2)C(C)C(C)(C)C3)n1,8.026872,8.397086,-0.37021446
CC1(C)CC[C@]2(C(=O)OCn3cccn3)CC[C@]3(C)C(=CC[C@@H]4[C@@]5(C)C[C@@H](O)[C@H](O)C(C)(C)[C@@H]5CC[C@]43C)[C@@H]2C1,7.7212462,8.251592,-0.53034544
C[C@H]1[C@H](C)CC[C@]2(C(=O)O)CC[C@]3(C)C(=CC[C@@H]4[C@@]5(C)Cc6nonc6C(C)(C)[C@@H]5CC[C@]43C)[C@H]12,4.30103,3.9707456,0.3302846
CC1(C)CC[C@]2(C(=O)OCc3ccccc3)CC[C@]3(C)C(=CCC4[C@@]5(C)CCC(=O)C(C)(C)C5CC[C@]43C)[C@@H]2C1,7.3001623,7.513427,-0.21326447
O=C(Nc1ccn([C@H]2CC[C@@H](CO)O2)c(=O)n1)c1ccccc1,5.221849,5.428249,-0.20639992
C/C(=C\COc1cc2oc(=O)ccc2cc1O)CC/C=C(\C)CCC1OC1(C)C,5.207608,4.9956303,0.21197796
C=C(C)[C@@H]1CC[C@]2(C(=O)NCC(=O)O)CC[C@]3(C)[C@H](CC[C@@H]4[C@@]5(C)CC[C@H](O)[C@@](C)(CO)[C@@H]5CC[C@]43C)[C@@H]12,4.69897,5.132783,-0.4338131
CC1(C)CC[C@]2(C(=O)O)CC[C@]3(C)C(=CC[C@@H]4[C@@]5(C)C[C@H](O)[C@H](O)[C@@](C)(CO)[C@@H]5CC[C@]43C)[C@@H]2C1,9.209715,9.708569,-0.49885368
O=C(Cn1cccc(NCCCc2ccccc2)c1=O)NCCc1ccc(Cl)c(Cl)c1,6.5228786,6.48663,0.036248684
CC(C)(Oc1ccc(CCNC(=O)c2ccc(Cl)cc2)cc1)C(=O)NS(C)(=O)=O,4.6197886,4.523473,0.09631586
O=C1/C(=C2/SC(=O)N(Cc3cccc([N+](=O)[O-])c3)C2=O)Nc2ccc(Br)cc21,7.6382723,6.964339,0.6739335
CN(CCc1ccc(-c2ccccc2)cc1)Cc1cn(C)c2ccc(C(=O)Nc3ccc(F)cc3)cc12,4.7235384,5.0011897,-0.2776513
C=C(C)[C@@H]1CC[C@]2(C(=O)OCCCCCC)CC[C@]3(C)[C@H](CC[C@@H]4[C@@]5(C)CC[C@H](O)[C@@](C)(CO)[C@@H]5CC[C@]43C)[C@@H]12,5.0,5.2609334,-0.2609334
C[C@H]1[C@H](C)CC[C@]2(C(=O)OCc3ccccc3)CC[C@]3(C)C(=CC[C@@H]4[C@@]5(C)C[C@@H]6O[C@@H]6C(C)(C)[C@@H]5CC[C@]43C)[C@H]12,6.6382723,6.8480887,-0.20981646
CCOC(=O)C1CCc2sc(NC(=O)COc3ccc(C=O)cc3OC)c(C#N)c21,4.391474,4.465346,-0.07387209
CSc1nc(NCc2ccccc2)c2ccn(Cc3ccc(F)cc3)c2n1,8.0,7.747764,0.2522359
[C]C([C])=[C][C][C]/C([C])=[C]/[C][C]/C([C])=[C]/[C]Oc1ccc2ccc(=O)oc2c1,4.69897,4.706347,-0.0073771477
C=C(CN(C)C)C(=O)c1ccc(OS(=O)(=O)c2ccc(C(=O)N(C)C)cc2)cc1,4.5086384,4.881426,-0.37278748
CCOC(=O)C1=C(C)NC(NN)N(C)C1c1ccc(C)cc1,9.267606,8.227054,1.0405521
Cc1ccc(C(=O)Nc2cc(N3CCOCC3)cc(C(F)(F)F)c2)cc1/C=C/n1cnc2c(NC3CC3)ncnc21,6.0,5.8775806,0.12241936
N#Cc1c(SCc2ccccc2)nc2c(c1-c1cccs1)CCCC2,5.610834,5.7647443,-0.15391016
CCOC(=O)C1=C(C)NC(NN)N(C)C1c1ccc([N+](=O)[O-])cc1,5.958607,6.1404653,-0.18185806
COc1c(O)ccc2c(=O)c3c(O)cc4c(c3oc12)C(C)(C)C(CO)O4,5.0,4.933268,0.06673193
C=C(C)[C@@H]1CC[C@]2(C(=O)NCCCN(CC)CC)CC[C@]3(C)[C@H](CC[C@@H]4[C@@]5(C)CC[C@H](OC(C)=O)[C@@](C)(COC(C)=O)[C@@H]5CC[C@]43C)[C@@H]12,4.4596705,4.711493,-0.25182247
C[C@H]1[C@H](C)CC[C@]2(C(=O)OCc3ccccc3)CC[C@]3(C)C(=CC[C@@H]4[C@@]5(C)Cc6cn[nH]c6C(C)(C)[C@@H]5CC[C@]43C)[C@H]12,6.49485,6.6832933,-0.18844318
COc1ccc(/C=C2\SC(=O)N(CCC(=O)Nc3ccc(S(=O)(=O)Nc4nccs4)cc3)C2=O)cc1,6.0604806,6.26269,-0.20220947
CCN(CC)C(=O)CSc1nc(Cc2ccccc2)nc2ccccc12,7.920819,7.436851,0.48396778
CC(=O)C1=C(C)OC2(O)c3ccccc3C(=O)C12O,5.0757723,5.508064,-0.4322915
COc1ccc(/C=N/NC(=O)Cn2c(Cc3ccc(OC)c(OC)c3)nc3ccccc32)cc1,3.7258422,3.7393794,-0.0135371685
Cc1ccc(-c2nn3c(-c4ccco4)nnc3c3ccccc23)cc1S(=O)(=O)NCC1CCCO1,6.7447276,7.1674466,-0.422719
O=c1nccc(N=NCc2ccccc2)[nH]1,4.30103,4.2572885,0.043741703
CCOc1ccc(CCNC(=O)CN2C(=O)c3cccnc3Oc3ccc(Cl)cc32)cc1,7.3665314,7.2182803,0.14825106
CCOc1ccccc1N(C(=O)c1snc(C(N)=O)c1N)C(C(=O)NCc1ccccc1)c1ccc(O)cc1,4.761954,4.2787004,0.48325348
CCn1nc(/C=C/c2ccccc2)nc2c(=O)n(C)c(=O)nc1-2,6.920819,6.848774,0.07204485
CN1CCN(C(c2ccccn2)c2cc(Cl)c3cccnc3c2O)CC1,5.0,4.8161235,0.18387651
COC(=O)c1c(C)nc(C)c2c(=O)oc3ccccc3c12,6.2006593,5.0842404,1.1164188
Cc1nc(Nc2cccc(O)c2)c2c3c(sc2n1)CCC3,4.0,4.109362,-0.109362125
CCCCc1nnc(NC(=O)c2ccc(OCc3c(C)noc3C)cc2)s1,5.0457573,4.536663,0.50909424
CC(=O)C(C(C)=O)C1(O)C(=O)c2ccccc2C1=O,4.823909,5.010164,-0.18625498
Oc1ccc(C=NN2CCOCC2)c(O)c1O,4.551294,4.7474475,-0.19615364
Oc1ccc(C=NN2CCCCC2)c(O)c1O,7.221849,6.954608,0.267241
CCC(=O)O[C@@H]1C[C@]2(C)[C@H]3CC=C4[C@@H]5[C@@H](C)[C@H](C)CC[C@]5(C(=O)O)CC[C@@]4(C)[C@]3(C)CC[C@H]2C(C)(C)[C@H]1OC(=O)CC,8.9914,9.583226,-0.59182644
Cc1ccc(NC(=O)c2cccc(C(F)(F)F)c2)cc1/C=C/n1cnc2c(NC3CC3)ncnc21,7.6382723,6.616568,1.0217042
N#Cc1c(SCc2ccc(F)cc2)nc2c(c1-c1cccs1)CCCC2,4.5968795,4.875198,-0.2783184
O=C(NN=CC=Cc1ccccc1[N+](=O)[O-])c1cc(-c2ccc3ccccc3c2)n[nH]1,6.958607,7.761252,-0.8026447
NCc1cccc(S(=O)(=O)Nc2ccc(NC(=O)Nc3ccc([N+](=O)[O-])cc3)cc2)c1,4.761954,4.540665,0.22128868
Cn1c(=O)c2c(ncn2C)n(C)c1=O,9.431798,8.684335,0.7474632
CCCC(=O)O[C@H]1CC(C)(C)[C@@H]2CC[C@]3(C)[C@H](CC=C4[C@@H]5CC(C)(C)CC[C@]5(C(=O)O)CC[C@]43C)[C@@]2(C)C1,4.69897,4.9335456,-0.23457575
O=C(Nc1ccc(S(=O)(=O)NCc2ccco2)cc1)c1cc(NS(=O)(=O)c2cccs2)cc(NS(=O)(=O)c2cccs2)c1,5.080922,5.3319345,-0.25101233
CCOC(=O)CCCOC(=O)[C@]12CCC(C)(C)C[C@H]1C1=CC[C@@H]3[C@@]4(C)CC[C@H](O)C(C)(C)[C@@H]4CC[C@@]3(C)[C@]1(C)CC2,6.7520266,6.537964,0.21406269
CC1=C(C(=O)[C@H](C)c2ccccc2)C(c2ccccc2)NC(=S)N1,4.823909,4.8292413,-0.00533247
COc1ccc(-c2cnnn2-c2ccc(NC(=O)c3ccc(S(=O)(=O)N4CCCCC4)cc3)cc2)cc1OC,9.39794,9.944728,-0.5467882
CCOC(=O)CCCOC(=O)[C@]12CCC(C)(C)C[C@H]1C1=CCC3[C@@]4(C)CC[C@H](O)C(C)(C)C4CC[C@@]3(C)[C@]1(C)CC2,5.1291866,4.855611,0.27357578
CC(C)C(NC(=O)C(C)n1cccc(NC(=O)OC(C)(C)C)c1=O)P(=O)(Oc1ccccc1)Oc1ccccc1,3.8239088,4.1999917,-0.3760829
CCCCCCCCC(=O)OCc1cn(CC(=O)O[C@H]2CC[C@]3(C)[C@H]4CC=C5[C@@H]6CC(C)(C)CC[C@]6(C(=O)O)CC[C@@]5(C)[C@]4(C)CC[C@H]3C2(C)C)nn1,4.9706163,5.0705476,-0.09993124
COc1cccc(NC(=O)c2cccc(C(=O)Nc3cccc(OC)c3)c2)c1,4.5228786,4.463542,0.059336662
Cc1ccc(-n2c(O)cc(N(CCc3ccccc3)C(=S)Nc3ccc(N(C)C)cc3)c2O)cc1,5.8860564,6.947061,-1.0610046
CCCC(=O)O[C@@H]1C[C@]2(C)[C@H]3CC=C4[C@@H]5[C@@H](C)[C@H](C)CC[C@]5(C(=O)O)CC[C@@]4(C)[C@]3(C)CC[C@H]2C(C)(C)[C@H]1O,7.236572,7.221861,0.014710903
COc1ccc2ccccc2c1/C=N/NC(=O)c1nnn(-c2nonc2N)c1C(C)C,8.853872,8.736083,0.11778927
O=C(CN1CCN(c2ccccc2F)CC1)Nc1cccc(C(F)(F)F)c1,7.154902,7.295798,-0.14089584
Cc1cc(O)cc(O)c1C(=O)O[C@H]1[C@@H]2COC(/C=C/[C@H](C)O)=CC2=CC(=O)[C@@]1(C)O,5.0,5.3501973,-0.35019732
CCCC(=O)O[C@@H]1C[C@]2(C)[C@H]3CC=C4[C@@H]5[C@@H](C)[C@H](C)CC[C@]5(C(=O)O)CC[C@@]4(C)[C@]3(C)CC[C@H]2C(C)(C)[C@H]1OC(=O)CCC,5.0,4.989013,0.010986805
Cc1ccccc1COc1ccc(C(=O)C2C(=O)C(=O)N(CCCn3ccnc3)C2c2ccco2)cc1,6.8041005,6.200765,0.6033354
CC(=O)O[C@@H]1C[C@]2(C)[C@H]3CC=C4[C@@H]5CC(C)(C)CC[C@]5(C(=O)OCc5ccccc5)CC[C@@]4(C)[C@]3(C)CC[C@H]2C(C)(C)[C@H]1O,4.853872,5.2504325,-0.39656067
CCn1cc(/C=N/NC(=O)c2cc3c(ccc4ccccc43)o2)c2ccccc21,8.522879,8.649264,-0.12638569
O=S(=O)(NC(=Nc1ccc(Cl)c(S(=O)(=O)Nc2ccccc2Cl)c1)c1ccc(F)cc1)c1ccccc1,9.09691,9.166654,-0.06974316
O=C(CNc1cccc2ccccc12)N/N=C/c1ccc([N+](=O)[O-])cc1,6.206908,7.2354198,-1.0285115
CCCCCCCCC(=O)OCc1cn(CC(=O)O[C@H]2CC[C@]3(C)[C@H]4CC=C5[C@@H]6CC(C)(C)CC[C@]6(C(=O)OCc6ccccc6)CC[C@@]5(C)[C@]4(C)CC[C@H]3C2(C)C)nn1,4.0,4.364818,-0.3648181
CCC(=O)O[C@H]1CC(C)(C)[C@@H]2CC[C@]3(C)[C@H](CC=C4[C@@H]5CC(C)(C)CC[C@]5(C(=O)O)CC[C@]43C)[C@@]2(C)C1,7.5850267,7.5151944,0.069832325
COc1cc(OC)c([C@@H](OC)[C@H](C)O)cc1OC,8.207608,7.7795396,0.42806864
CC1(C)CC[C@]2(C(=O)OCc3ccccc3)CC[C@]3(C)C(=CC[C@@H]4[C@@]5(C)C[C@@H](OC(=O)CCC(=O)O)CC(C)(C)[C@@H]5CC[C@]43C)[C@@H]2C1,4.30103,5.839888,-1.5388579
OC[C@H]1O[C@@]2(CC(c3ccc4c(c3)OCO4)=NO2)[C@H](O)[C@@H](O)[C@@H]1O,6.0958257,6.3443775,-0.24855185
O=C(N[C@@H](CO)C(=O)Nc1nc(-c2ccccc2)cs1)c1ccccc1,5.7447276,5.411696,0.33303165
CC(C)C(NC(=O)[C@@H]1CCCCN1C(=O)[C@@H](NC(=O)OC(C)(C)C)C(C)(C)C)P(=O)(Oc1ccccc1)Oc1ccccc1,4.442493,4.6606126,-0.21811962
CC1(C)C2CC[C@]3(C)[C@H](CC=C4[C@@H]5C[C@@](C)(C(=O)O)CC[C@]5(C)CC[C@]43C)[C@@]2(C)CC[C@@H]1O,7.8860564,8.383532,-0.49747515
CC1(C)[C@@H](O)CC[C@]2(C)[C@H]3CC=C4[C@@H]5C[C@@](C)(C(=O)O)CC[C@]5(C)CC[C@@]4(C)[C@]3(C)CC[C@@H]12,8.0,8.516198,-0.51619816
COc1cccc2c1C(=O)CCC2O,4.0,4.840575,-0.8405752
CCCOC(=O)[C@]12CC[C@@H](C)[C@H](C)[C@H]1C1=CC[C@@H]3[C@@]4(C)C[C@@H](O)[C@H](O)C(C)(C)[C@@H]4CC[C@@]3(C)[C@]1(C)CC2,8.7167225,8.95252,-0.23579788
C[C@H]1[C@H](C)CC[C@]2(C(=O)OCc3ccccc3)CC[C@]3(C)C(=CC[C@@H]4[C@@]5(C)CC(N=O)C(=O)C(C)(C)[C@@H]5CC[C@]43C)[C@H]12,9.236572,9.138965,0.09760761
Nc1n[nH]c2cccc(-c3ccc(C(=O)N4CCN(C(=O)c5ccc(F)c(F)c5)CC4)cc3)c12,4.342944,4.593162,-0.2502179
C=CCOc1c(OC)c(-c2ccc(O)cc2)cc(OC)c1-c1ccc(O)cc1,8.454693,8.385214,0.06947899
COC(=O)C1=C(C)NC(SC)N(C)C1c1ccccc1,6.0,5.90527,0.0947299
COC(=O)[C@]1(Cc2ccc(O)cc2)OC(=O)C(O)=C1c1ccc(O)cc1,4.542118,4.5069284,0.03518963
CC(C)c1cc2cc3ccc(=O)oc3cc2o1,8.102373,8.537549,-0.4351759
CN1CCC(O)(c2nc(-c3ccc(F)cc3)c(-c3ccncc3)o2)CC1,7.5686364,8.491856,-0.9232192
C[C@]1(c2nc3cccc(C(N)=O)c3[nH]2)CCCN1,6.600326,7.2770543,-0.67672825
CC1=C(C(=O)O)C(c2ccccc2)NC(=S)N1,6.737549,7.077859,-0.3403101
COc1ccc(CNP(=O)(O)OP(=O)(O)OP(=O)(O)OC[C@H]2OC(n3cnc4c(N)ncnc43)[C@H](O)[C@@H]2O)cc1,5.9956784,5.644463,0.35121536
[C]C([C])=[C][C][C]/C([C])=[C]/[C][C]/C([C])=[C]/[C]c1c([O])c2ccccc2oc1=O,4.30103,4.372468,-0.071437836
C[C@H]1[C@H](C)CC[C@]2(C(=O)OC3CC3)CC[C@]3(C)C(=CC[C@@H]4[C@@]5(C)C[C@@H](O)[C@H](O)C(C)(C)[C@@H]5CC[C@]43C)[C@H]12,8.958608,9.414038,-0.45543003
CCCCOC(=O)[C@]12CC[C@@H](C)[C@H](C)[C@H]1C1=CC[C@@H]3[C@@]4(C)C[C@@H](O)[C@H](O)C(C)(C)[C@@H]4CC[C@@]3(C)[C@]1(C)CC2,5.958607,5.8965354,0.0620718
Cc1cccc(-c2nn3c(c2-c2ccncc2)C(CO)C(C)(C)C3)n1,6.2596374,7.198223,-0.93858576
COc1cc(C2=C(c3c[nH]c4ccccc34)C(=O)NC2=O)cc(OC)c1OC,6.5850267,6.0326395,0.55238724
CC[C@H]1O[C@@H](NC(=S)NN=Cc2ccc(Br)cc2)[C@H](O)[C@@H](O)[C@@H]1O,4.0,4.895922,-0.8959222
O=C(NNC(=O)c1ccccc1O)c1ccccc1O,4.8292103,4.464369,0.36484146
Cc1c(C(=O)NNC(=O)c2ccccc2O)oc2ccccc12,9.045757,8.905183,0.14057446
CC(=O)NNC(=S)NC(=O)c1ccc(C)cc1,7.7212462,7.0010915,0.72015476
O=C(N/N=C/c1ccoc1)c1cc(O)cc(O)c1,6.337242,6.1638904,0.17335176
O=C(N/N=C/c1cccnc1)c1cc(O)c(O)c(O)c1,7.19382,6.801245,0.3925748
COc1ccc(C(=O)NNC(=S)NC(=O)c2cccs2)cc1,6.004738,6.551726,-0.546988
O=C1NC(=O)N(CCc2ccccc2)C(=O)C1=CNNC(=O)c1ccccc1O,6.7721133,6.733488,0.03862524
O=C1NC(=O)N(Cc2ccco2)C(=O)C1=CNNC(=O)c1ccccc1O,4.7189665,4.121513,0.5974536
Cc1cccc(C(=O)NCC(=O)NNC(=O)c2ccccc2O)c1,5.229148,5.5933623,-0.36421442
O=C(NNC(=S)NC(=O)c1cccs1)c1ccc(O)cc1,4.450997,4.126644,0.32435274
O=C(CCl)NNC(=O)c1c(O)c2ccccc2[nH]c1=O,8.619789,8.627932,-0.008142471
Cc1nc2ccccc2n1CC(=O)c1ccc(O)c(O)c1,5.0,5.5717306,-0.5717306
O=C(NNC(=O)c1ccccc1F)c1cccc(-n2cccc2)c1,5.958607,4.4940104,1.4645967
CC1CCCC(C)N1N=Cc1ccc(O)c(O)c1,6.0,6.078716,-0.0787158
O=C(NC(=S)NNC(=O)c1ccccc1O)c1cccnc1,5.468521,5.0607624,0.4077587
O=C(NNC(=O)c1c(O)c2ccccc2[nH]c1=O)c1ccccc1,4.6777806,4.550554,0.12722683
O=C(CSc1nnc(-c2ccccc2)n1Cc1ccccc1)NNC(=O)c1ccccc1O,6.4867826,6.707208,-0.2204256
COc1ccc(C(=O)CC=NNC(=O)c2ccc(Cl)cc2)cc1,8.49827,8.350736,0.14753437
O=C(CCc1ccc(S(=O)(=O)N2CCOCC2)cc1)NN=Cc1ccc(O)c(O)c1O,5.4292235,5.9196954,-0.49047184
O=C(N/[NH+]=C/[c-]1cc([N+](=O)[O-])cc([N+](=O)[O-])c1=O)/C(=C\c1cccs1)NC(=O)c1ccccc1,6.113509,6.3621516,-0.24864244
O=C(NNC(=O)c1ccc2ccccc2c1O)Nc1ccc(F)cc1,5.6382723,6.3017745,-0.6635022
COc1ccc(/C=C2\SC(=O)N(CC(=O)NNC(=O)c3ccccc3O)C2=O)cc1,6.730487,7.278307,-0.5478201
CCC(=O)Nc1ccc2nc3c(=O)[nH]c(=S)[nH]c3nc2c1,6.0,5.932222,0.06777811
CC(=O)NC(CC(=O)NNC(=O)c1cc2ccccc2cc1O)c1ccccc1,5.879426,6.235115,-0.35568905
O=C(NNC(=S)NC1CCCCC1)c1ccccc1O,6.019542,6.198282,-0.17873955
CC1=CC(/C=N/n2c(COc3ccccc3C)nc3ccccc3c2=O)C(=O)C([N+](=O)[O-])=C1,4.026341,4.2859035,-0.2595625
Cc1cc2oc3ccc(NCCCn4ccnc4)cc3c(=O)c2cc1C,6.229148,7.1408324,-0.9116845
CCC(NNC(=O)c1ccccc1O)=C1C(=O)NC(=O)N(Cc2ccccc2)C1=O,7.154902,7.096165,0.0587368
Cc1cc(C(=O)N/[NH+]=C/[c-]2cc(Cl)cc([N+](=O)[O-])c2=O)c2ccccc2n1,8.045757,8.412368,-0.36661053
O=C(NNC(=O)c1ccccc1O)c1ccc(-c2ccc([N+](=O)[O-])cc2)o1,4.650004,4.534056,0.11594772
COc1ccc(C)cc1NC(=O)NNC(=O)c1cc2ccccc2cc1O,5.5850267,5.5579324,0.027094364
COc1ccc(CC(=O)N/[NH+]=C/[c-]2cc([N+](=O)[O-])cc(Br)c2=O)cc1,5.0,4.944212,0.05578804
COc1ccc(NC(=O)NNC(=O)c2cc3ccccc3cc2O)cc1,4.0,4.135605,-0.13560486
COC(=O)Nc1ccc(S(=O)(=O)NNC(=O)c2c(O)c3ccccc3n(C)c2=O)cc1,6.2676063,5.528435,0.739171
Cc1nc2ccccc2c(=O)n1N=Cc1cc(Br)cc(Br)c1O,5.4000077,6.021287,-0.62127924
Cc1cc2cc(CNC(=O)c3ccc(C)c([N+](=O)[O-])c3)ccc2[nH]1,7.0,6.9539537,0.046046257
CCOc1ccc(NC(=O)NNC(=O)c2ccc3ccccc3c2O)cc1,5.2596374,5.72125,-0.4616127
O=C(NNC(=S)NC(=O)c1cccnc1)c1ccc(F)cc1,8.013228,7.8383765,0.1748519
O=C(CCCN1C(=O)/C(=C/c2cccs2)SC1=S)NNC(=O)c1ccccc1O,6.0,5.8489184,0.15108156
O=C(CSc1nc2ccccc2s1)N/[NH+]=C/[c-]1cc([N+](=O)[O-])ccc1=O,8.522879,9.207374,-0.684495
C=CCN1C(=O)/C(=N\NC(=O)CNC(=O)/C=C/c2ccco2)c2ccccc21,5.552842,5.4595823,0.09325981
CNC(=S)NNC(=O)c1oc2nc(-c3ccccc3)cc(-c3ccco3)c2c1N,5.20412,4.2433887,0.9607315
CN1C(=O)C(C=NNC(=O)c2cc3ccccc3cc2O)c2ccccc21,6.0,6.1309752,-0.13097525
Cc1ccc(S(=O)(=O)N2CCC(C(=O)NNC(=O)c3ccccc3O)CC2)cc1C,4.0958257,3.9397318,0.15609384
CCN(CC(=O)Nc1c(F)cccc1F)C(=O)/C=C/c1ccc2ccccc2n1,7.30103,7.223412,0.07761812
O=C(CSc1nnc(-c2ccccc2O)n1Cc1ccccc1)NNC(=O)c1ccccc1O,7.920819,6.5996118,1.321207
CCOc1ccc(C(=O)CCC(=O)NNC(=O)c2ccccc2O)cc1,4.36251,4.2236238,0.13888645
CCc1ccccc1NC(=O)NNC(=O)c1ccc2ccccc2c1O,6.120331,5.95067,0.16966105
[C]C([N][N]C(=O)c1ccc(-c2ccccc2)cc1)=C1C(=O)c2ccccc2C1=O,4.09691,4.3109875,-0.21407747
COc1ccc(/C=C2\SC(=O)N(CC(=O)NNC(=O)c3ccccc3O)C2=O)cc1OC,6.4317985,6.6881757,-0.25637722
Cc1ccccc1C(=O)NNC(=S)NC(=O)c1cccnc1,4.423659,4.837036,-0.41337729
Cc1ccc(/C=C2\SC(=S)N(CCC(=O)NNC(=O)c3ccccc3O)C2=O)cc1,8.0,8.187005,-0.18700504
Cc1cc(=O)oc2cc(OCC(=O)N/[NH+]=C/[c-]3cc([N+](=O)[O-])ccc3=O)ccc12,4.3904057,4.5850263,-0.19462061
COc1ccc(NC(=O)NNC(=O)c2ccc3ccccc3c2O)cc1OC,4.017729,4.528014,-0.5102854
O=C(NN=Cc1cc(Br)cc(Cl)c1O)c1ccc2c(c1)OCO2,5.0,5.98794,-0.98793983
Cc1cc([N+](=O)[O-])c(=O)[c-](/C=[NH+]/n2c(CO[N-][C+](C)c3ccccc3)nc3ccccc3c2=O)c1,9.69897,8.894672,0.80429745
Cc1ccc(NC(=O)NNC(=O)c2cc3ccccc3cc2O)cc1,5.031517,5.1933265,-0.16180944
Nc1ccc([N+](=O)[O-])cc1C(=O)NNC(=O)c1ccco1,4.2975693,4.308308,-0.01073885
CCn1c(SCC(=O)c2ccc(O)c(O)c2)nnc1-c1ccccc1OC,7.4775558,5.990666,1.4868898
O=C(NNC(=O)c1cc2ccccc2cc1O)Nc1ccc(F)cc1F,6.2839966,5.859779,0.4242177
O=C(NNC(=O)C1CCN(S(=O)(=O)c2ccccc2C(F)(F)F)CC1)c1ccccc1O,5.0,5.6680512,-0.66805124
Cc1cccc(-n2c(O)c(C=NNC(=O)c3ccccc3Cl)c3ccccc3c2=O)n1,5.5598865,6.6843934,-1.124507
CC(=NNC(=O)c1nnn(-c2nonc2N)c1CN(C)c1ccccc1)c1ccccc1O,6.958607,6.4493737,0.5092335
Cc1nnc(SC(=Cc2ccc(OCc3ccc(C(=O)O)cc3)cc2)C(=O)O)[nH]1,6.7189665,6.642857,0.07610941
O=C(N/[NH+]=C/[c-]1cc([N+](=O)[O-])ccc1=O)/C(=C\c1cccs1)NC(=O)c1ccccc1,8.522879,9.167068,-0.6441889
Cc1ccc(/C=C2\SC(=S)N(CCCC(=O)NNC(=O)c3ccccc3O)C2=O)cc1,5.1191864,4.8988695,0.22031689
CC(C)(C)c1ccc(C(=O)NCC(=O)NNC(=O)c2ccccc2O)cc1,3.9746943,3.4261792,0.5485151
COc1cc([N+](=O)[O-])c[c-](/C=[NH+]/NC(=O)c2cc(C)nc3ccccc23)c1=O,5.415895,5.5966635,-0.18076849
O=C(N/[NH+]=C/[c-]1cc([N+](=O)[O-])ccc1=O)c1cccc(N2CCCC2=O)c1,5.5128617,4.6129365,0.89992523
COc1ccc(C(=O)NNC(=S)NC(=O)c2cccnc2)cc1,5.207608,4.97445,0.23315811
Cc1ccc(O)c(-c2cc(C(=O)Nc3ccc(S(=O)(=O)Nc4nccc(C)n4)cc3)[nH]n2)c1,8.0,7.638304,0.36169577
Cc1cc(C)c(C)c(S(=O)(=O)N2CCC(C(=O)NNC(=O)c3ccccc3O)CC2)c1C,7.673664,8.249959,-0.5762949
COc1ccccc1N(C)S(=O)(=O)c1ccc(C(=O)NNC(=O)c2ccccc2O)cc1,6.9244533,6.787457,0.13699627
Oc1ccc(CN=Nc2ncnc3c2ncn3Cc2ccccc2)cc1O,7.0,6.6893826,0.31061745
COc1ccccc1C(=O)NNC(=O)c1ccc(NC(=O)CC(C)C)cc1,4.30103,4.320121,-0.019090652
Cn1c(=O)c(C(=O)NNC(=O)c2ccccc2F)c(O)c2ccccc21,5.049684,5.2974424,-0.24775839
Cc1ccccc1C(=O)Nc1cccc(C(=O)N/[NH+]=C/[c-]2cc(Cl)cc([N+](=O)[O-])c2=O)c1,9.4067135,9.317254,0.08945942
Cc1nnc(SC(=Cc2ccc(-c3ccc(C(=O)O)c(Cl)c3)o2)C(=O)O)[nH]1,4.989276,4.606977,0.38229895
COc1ccc2nc(C)cc(SCC(=O)NN=Cc3ccc(O)c(O)c3)c2c1,4.026341,4.564313,-0.537972
Cc1ccc(C(=O)Nc2nc(C(C)(C)C)cs2)s1,6.7144427,7.010322,-0.29587936
Cc1ccc(S(=O)(=O)N2CCC(C(=O)NNC(=O)c3ccccc3O)CC2)cc1,5.1426673,5.1857386,-0.04307127
COc1ccccc1NC(=O)NNC(=O)c1cc2ccccc2cc1O,6.4436975,5.7765527,0.6671448
Cc1ccc(O)c(C=NNC(=O)COc2ccc3c(C)cc(=O)oc3c2)c1,9.283997,8.541026,0.74297047
Cc1cc(Br)cc(C=NNC(=O)c2ccc3c(c2)OCO3)c1O,4.4248123,4.52311,-0.098297596
O=C(NNC(=O)c1cc(Cl)ccc1O)c1cccc(S(=O)(=O)N2CCOCC2)c1,7.5606675,8.468651,-0.9079833
O=C(Cc1ccccc1)NNC(=S)NC(=O)c1cccnc1,7.5086384,8.167424,-0.6587858
O=C(Cc1ccccc1)NN=Cc1cc(Br)cc(Br)c1O,2.9208188,2.8404546,0.08036423
COc1cc(=O)[c-](/C=[NH+]/NC(=O)c2ccncc2)c(OC)c1[N+](=O)[O-],4.806875,4.1598516,0.6470237
NS(=O)(=O)c1ccc(NC(=O)c2cccc(N3C(=O)c4ccccc4C3=O)c2)cc1,7.5606675,7.6062527,-0.045585155
Cc1cc(C)c2c(N)c(C(=O)NN)sc2n1,4.876148,4.1689715,0.7071767
O=c1ccc([N+](=O)[O-])c[c-]1C=[NH+]NC(=S)Nc1ccc(Cl)cc1Cl,6.3675427,6.672238,-0.30469513
O=C(CNC(=O)c1ccccc1F)NNC(=O)c1ccccc1O,9.366531,9.277581,0.08895016
O=C1C([N+](=O)[O-])=CC=CC1/C=N/n1cnc2scc(-c3ccc(Cl)cc3)c2c1=O,8.443698,8.608021,-0.16432285
O=C(CNC(=O)c1cccc(Br)c1)NN=Cc1cc(Br)cc(Br)c1O,5.840132,6.0233335,-0.18320131
Cc1c(NC(=S)N[NH+]=C[c-]2cc([N+](=O)[O-])ccc2=O)c(=O)n(-c2ccccc2)n1C,7.2839966,5.528686,1.7553105
CC(=O)c1ccc(NC(=O)CN2C(=O)C(=CC(C)=Cc3ccccc3)SC2=S)cc1,6.5086384,6.2833667,0.2252717
CCC1=NN(C(=O)c2cccc([N+](=O)[O-])c2)C(O)(c2ccc(C)cc2)C1,9.387217,9.937221,-0.550004
COC(=O)Nc1ccc(S(=O)(=O)NNC(=O)c2c(O)c3ccccc3[nH]c2=O)cc1,5.0952845,4.6398063,0.4554782
O=C(NC(C(=O)N[NH+]=C[c-]1cc([N+](=O)[O-])ccc1=O)c1n[nH]c(=O)c2ccccc12)c1ccccc1,6.0,5.6336756,0.36632442
COc1ccc(NS(=O)(=O)c2cc(NC(=O)/C=C/c3cc(OC)c(OC)c(OC)c3)ccc2N2CCCCC2)cc1,8.356547,7.7860837,0.57046366
O=C(NC(=S)NNC(=O)c1cccs1)c1ccccc1,7.2441254,6.932881,0.3112445
O=[N+]([O-])c1cc(Br)c(O)c(CN=Nc2nnnn2-c2cccc3ccccc23)c1,6.400117,6.583033,-0.18291616
O=C(CCN1C(=O)/C(=C\c2ccccc2)SC1=S)NNC(=O)c1ccccc1O,8.39794,8.520516,-0.12257671
O=C(CCN1CCN(c2ccccc2)CC1)NN=Cc1ccc(O)c(O)c1O,8.958608,9.520553,-0.56194496
O=C(CCNC(=O)c1ccc(Br)cc1)NNC(=O)c1ccccc1O,3.446724,3.9984438,-0.5517199
O=C(O)c1ccccc1/C=N/NC(=O)c1cc(-c2ccco2)nc2ccccc12,8.619789,8.817221,-0.19743156
Cc1[nH]n(-c2ccccc2)c(=O)c1N=Nc1ccccc1O,4.67921,4.9862704,-0.30706024
Cc1cc(C(=O)N[NH+]=C[c-]2cc(Cl)cc([N+](=O)[O-])c2=O)[nH]n1,8.040958,8.140063,-0.09910488
COc1cc(Br)cc2cc(C(=O)N3CCN(C(=O)c4ccco4)CC3)c(=O)oc12,5.455932,4.649153,0.8067789
CCc1ccc(NC(=O)NNC(=O)c2ccc3ccccc3c2O)cc1,5.856985,5.956961,-0.09997606
O=C(N/[NH+]=C/[c-]1cc(Cl)cc([N+](=O)[O-])c1=O)c1ccc2c(c1)OCO2,9.283997,9.554905,-0.27090836
O=C(CN1C(=O)S/C(=C\c2ccccc2)C1=O)NNC(=O)c1ccccc1O,4.853872,4.749433,0.10443878
Cc1ccc(-n2c(O)c(C=NNC(=O)C3COc4ccccc4O3)c3ccccc3c2=O)cc1,5.958607,5.4657755,0.4928317
CC(=NNC(=O)c1c(C)nc2ccccn12)c1ccc(O)cc1O,5.0,4.8903627,0.10963726
O=C1C=CC([N+](=O)[O-])=CC1/C=N/n1c(COc2ccccc2)nc2ccccc2c1=O,4.455932,4.7701087,-0.31417656
Cc1cc(C(=O)N/[NH+]=C/[c-]2cc(Br)cc([N+](=O)[O-])c2=O)c2ccccc2n1,3.3362992,4.177974,-0.84167504
O=C(NN=Cc1sc(=O)[nH]c1-[n+]1ccc2ccccc2c1)c1ccccc1[O-],8.455932,8.958148,-0.50221634
CC(=NNC(=O)c1cc(O)c(O)c(O)c1)c1ccc([N+](=O)[O-])cc1,8.522879,8.694254,-0.17137527
O=C(N/[NH+]=C/[c-]1cc(Cl)cc([N+](=O)[O-])c1=O)c1cccc(S(=O)(=O)N2CCOCC2)c1,7.0,7.027376,-0.027376175
O=C(NNC(=O)c1ccc2ccccc2c1O)c1cccs1,8.744727,9.143317,-0.3985901
Cc1cc(C)c(-c2cc(NC(=O)COC(=O)c3ccc(NC(=O)CC#N)cc3)n(-c3ccccc3)n2)cc1C,4.5622497,4.6121783,-0.049928665
O=C1COc2ccc(C(=O)COC(=O)C=Cc3ccc(Br)o3)cc2N1,7.920819,8.935868,-1.0150495
O=C(NNC(=O)C1CCN(S(=O)(=O)c2ccccc2)CC1)c1ccccc1O,4.0132284,3.9543033,0.05892515
O=C(N/[NH+]=C/[c-]1cccc([N+](=O)[O-])c1=O)c1cccs1,4.217026,6.054927,-1.8379006
NC(=O)CCC1NC(=S)N(Cc2ccccc2)C1=O,5.0,5.4313483,-0.43134832
CCOc1ccc(Nc2ccc(N)c(S(=O)(=O)O)c2)cc1,8.0,8.341131,-0.3411312
O=C1NC(=S)NC1=Cc1ccco1,5.0,4.9801517,0.019848347
CCOC(=O)c1c(C)[nH]c(C(=O)N/[NH+]=C/[c-]2cc([N+](=O)[O-])ccc2=O)c1C,7.2441254,7.6899996,-0.4458742
Cc1cc([N+](=O)[O-])c[c-](/C=[NH+]/NC(=O)C2COc3ccccc3O2)c1=O,6.167491,6.8225746,-0.65508366
CC1=NN(C(=O)c2ccccc2)C(O)(c2ccc(Br)cc2)C1,6.124939,6.1172757,0.00766325
Cc1nnc(SC(=Cc2ccc(-c3ccc(C(=O)O)cc3)o2)C(=O)O)[nH]1,9.013228,9.140678,-0.12744999
CCCCCCn1c(=O)c(C(=O)Nc2ncccc2O)c(O)c2ccccc21,3.8239088,3.7065601,0.11734867
O=C1/C(=C/c2cn(-c3ccccc3)nc2-c2ccc(OCc3ccccc3)cc2)SC(=S)N1CCS(=O)(=O)O,5.411168,6.0314527,-0.62028456
COc1ccc(/C=N\NC(=O)c2cc(O)c(O)c(O)c2)cc1CN1CCN(c2ccc(F)cc2)CC1,4.9914,5.189388,-0.19798803
O=C1NC(=O)N(Cc2ccco2)C(=O)C1=CNNC(=O)c1ccccc1,6.0,5.763637,0.23636293
O=c1oc2ccccc2c2oc3cc(O)c(O)cc3c12,7.744969,7.513912,0.23105669
Cc1ccccc1NC(=O)NNC(=O)c1ccc2ccccc2c1O,4.542118,4.782406,-0.24028778
O=C(CP(=O)(c1ccccc1)c1ccccc1)NN=Cc1cc(Br)cc(Br)c1O,10.823909,10.527395,0.29651356
Cn1c(SCC(=O)NNC(=O)c2ccccc2O)nnc1-c1ccccc1,5.958607,5.9907346,-0.03212738
O=c1cc(-c2ccc(O)c(O)c2)oc2ccc3ccccc3c12,8.376751,8.099614,0.2771368
NNC(=O)c1nc[nH]c1C(=O)Nc1ccccn1,7.080922,6.776793,0.30412912
COC(=O)c1cc(O)c(O)c(O)c1,5.1307683,5.3177977,-0.18702936
C=C(C)[C@@H]1CC[C@]2(C(=O)OCC#CCOC(=O)CCC(=O)O)CC[C@]3(C)[C@H](CC[C@@H]4[C@@]5(C)CC[C@H](OC(C)=O)[C@@](C)(COC(C)=O)[C@@H]5CC[C@]43C)[C@@H]12,5.275724,5.304007,-0.02828312
OC[C@H]1O[C@@H](c2cc(O)cc(Cl)c2O)[C@H](O)[C@@H](O)[C@@H]1O,5.850781,5.9205003,-0.069719315
CCCCCCCCN(CCCCCCCC)C(=O)[C@H](C)NC(=O)[C@@H](NC(=O)[C@H](Cc1ccc(OP(=O)(O)O)cc1)NC(C)=O)C(C)C,4.769168,5.3187623,-0.5495944
CNc1ncnc2c1ncn2CCc1cc(NC(=O)c2cccc(C(F)(F)F)c2)ccc1C,6.008774,5.642071,0.36670303
CCOc1cc(/C=C2\SC(=O)N(Cc3cccc([N+](=O)[O-])c3)C2=O)ccc1OCc1ccc(Cl)cc1,5.0,5.15787,-0.15786982
C=C(C)[C@@H]1CC[C@]2(C(=O)OCCN(CCCCCCNC(C)=O)C(C)=O)CC[C@]3(C)[C@H](CC[C@@H]4[C@@]5(C)CC[C@H](OC(C)=O)[C@@](C)(COC(C)=O)[C@@H]5CC[C@]43C)[C@@H]12,8.30103,7.686873,0.6141572
O=C(CN1CCN(c2ccccc2)CC1)Nc1nccs1,5.231362,5.3059225,-0.07456064
C[C@H]1[C@H](C)CC[C@]2(C(=O)O[C@@H]3O[C@H](CO)[C@@H](O)[C@H](O)[C@H]3O)CC[C@]3(C)C(=CC[C@@H]4[C@@]5(C)CC[C@H](O)C(C)(C)C5CC[C@]43C)[C@H]12,5.2596374,5.676656,-0.4170184
CCCCN(CCCC)c1nc(-c2cccn2CCCc2ccccc2)nc(N2CCCCCC2)n1,7.1366773,7.018555,0.1181221
C=C(C)[C@@H]1CC[C@]2(COC(=O)CCC(=O)O)CC[C@]3(C)[C@H](CC[C@@H]4[C@@]5(C)CC[C@H](OC(=O)CCC(=O)O)[C@@](C)(COC(=O)CCC(=O)O)[C@@H]5CC[C@]43C)[C@@H]12,9.39794,9.363824,0.03411579
COC(=O)c1ccc(N=CC2C(=O)Nc3ccccc32)cc1,8.0,8.069427,-0.06942654
N=C(N)NCCC[C@H](N)C(=O)N[C@@H](Cc1c[nH]c2ccccc12)C(=O)N[C@@H](Cc1c[nH]c2ccccc12)C(=O)O,5.8632793,5.941667,-0.07838774
COc1ccc2c(=O)c3c(OC(C)=O)cc(OCc4cn(CC(=O)Nc5ccc(OC)c(OC)c5)nn4)cc3oc2c1,7.154902,7.3279314,-0.17302942
Cc1[nH]c2ncnc(Nc3cccc(F)c3)c2c1C,5.2596374,4.893622,0.36601543
O=C(OCCOc1ccc2ccc(=O)oc2c1)c1ccc(Cl)cc1Cl,6.0,5.6461635,0.35383654
CCOc1cc(/C=C2\SC(=O)N(Cc3cccc([N+](=O)[O-])c3)C2=O)ccc1OCc1cccc([N+](=O)[O-])c1,4.69897,4.8718557,-0.1728859
NC(=O)c1ccc(OCC2CCCCC2)cc1,7.0644927,6.33256,0.73193264
CN(C)CCC(=O)c1ccc(OCc2ccccc2)cc1,4.49485,5.090938,-0.59608793
C[C@H]1NC[C@@H](O)[C@@H](O)[C@H]1CO,5.899998,6.071443,-0.1714449
N#CC(Cc1ccc(O)c(O)c1)C(N)=S,9.39794,9.887764,-0.4898243
CCOC(=O)c1nc2c(-c3ccc(O)cc3)c(O)c(O)c(-c3ccc(O)cc3)c2s1,8.956642,8.234081,0.7225609
CCOC(=O)c1nc2c(-c3ccc(O)c(O)c3)c(O)c(O)c(-c3ccc(O)cc3)c2s1,9.0,9.690953,-0.69095325
COc1ccc(-c2c(-c3cccc(C)n3)nn3c2C(C)C(C)(C)C3)cc1,8.014573,9.003466,-0.98889256
COc1ccc(-c2cnc3ccc(NC(=O)NC(C)(C)C)nc3c2)cc1OC,9.1549015,9.523542,-0.3686409
COc1ccc(-c2ccc(-c3cc(OC)cc(OC)c3)cc2)cc1,6.0,5.897617,0.10238314
C=C(C)Cn1c(O)c(CN(C)C)sc1=NN=c1scc(O)n1C,6.468521,6.713259,-0.2447381
C=C(C)Cn1c(O)c(C)sc1=NN=c1scc(O)n1C,9.283997,9.466394,-0.18239784
Nc1ncnc2c1ncn2C1OC(COC(=O)c2ccc([S+](=O)([O-])Oc3ccc(/C=C/[N+](=O)[O-])cc3)cc2)C(O)C1O,7.251812,8.003846,-0.7520342
COc1cc(/C=C/[N+](=O)[O-])ccc1OS(=O)(=O)c1ccc(C(=O)OC[C@H]2O[C@@H](n3cnc4c(N)ncnc43)[C@H](O)[C@@H]2O)cc1,4.0,4.01866,-0.018660069
COC(=O)c1ccccc1SCC(CN(C)C)C(=O)c1ccc(OCc2ccccc2)cc1,7.853872,9.572579,-1.7187076
C=CCn1c(O)c(CC(=O)O)sc1=NN=c1scc(O)n1C,9.481486,9.134387,0.3470993
COC(=O)c1nc2c(-c3ccc(O)cc3)c(O)c(O)c(-c3ccc(O)cc3)c2s1,5.0,5.067215,-0.067214966
COC(=O)c1nc2c(s1)c(-c1ccc(O)cc1)c(O)c1oc3cc(O)c(O)cc3c12,2.782253,3.9518485,-1.1695955
C=CCn1c(O)c(C)sc1=NN=c1scc(O)n1C,4.853872,4.496827,0.3570447
C=C(C)CN1C(=O)C(=C)SC1=NN=c1scc(O)n1C,5.5228786,5.418628,0.10425043
C=C(C)Cn1c(O)c(OS(=O)O)sc1=NN=c1scc(O)n1C,4.7212462,4.7372413,-0.015995026
C=C(C)Cn1c(O)c(O)sc1=NN=c1scc(O)n1C,5.6946487,5.67403,0.020618916
C=C(C)Cn1c(O)c(CO)sc1=NN=c1scc(O)n1C,4.69897,4.586735,0.11223507
C=C(C)Cn1c(O)csc1=NN=c1scc(O)n1C,4.7999983,4.9416356,-0.14163733
CCc1cccc(-c2nn3c(c2-c2ccnc(Cl)c2)C(C)C(C)(C)C3)n1,6.294992,6.087129,0.20786285
CCc1cccc(-c2nn3c(c2-c2ccc(OC)cc2)C(C)C(C)(C)C3)n1,4.539102,4.4638305,0.07527161
CN(C)CCCC(=O)c1ccc(OCc2ccccc2)cc1,7.221849,7.175751,0.046097755
C[C@H](CCC(=O)O)[C@H]1CC[C@H]2[C@@H]3[C@H](O)C[C@@H]4C[C@H](O)CC[C@]4(C)[C@H]3C[C@H](O)[C@]12C,4.02647,4.3176293,-0.29115915
C[C@@H]1C[C@H]1C(=O)N1CCN(c2cnc(C#N)c(-c3cnn(C)c3)n2)C[C@H]1C,7.7695513,8.24737,-0.4778185
Cn1nnc2c(C(N)=O)ncn2c1=O,6.5086384,5.775018,0.73362017
Cc1ccc(Nc2cc3c(cc2Nc2ccc(C)cc2)C(=O)NC3=O)cc1,5.223299,5.5930505,-0.36975145
CN(C)CCC(=O)c1ccc(OCc2ccccc2)c(O)c1,4.7520266,4.7035832,0.048443317
CSCC[C@@H](NC(=O)c1ccccc1)C(=O)Nc1nc(-c2ccccc2)cs1,4.2975693,4.1830664,0.11450291
CCN(CC)CCCOc1ccc(NC(=O)c2ccc(C)c(Nc3nccc(-c4cccnc4)n3)c2)cc1,7.0457573,6.8550878,0.19066954
CCNC(=O)Nc1nc2ccc(C(=O)N3CCN(C)CC3)cc2[nH]1,6.600326,6.548727,0.051599026
CCNC(=O)Nc1nc2ccc(C(=O)Nc3ccncc3)cc2[nH]1,5.4666095,5.430523,0.03608656
CCNC(=O)Nc1ccc2ncc(-c3ccc(OC)c(OC)c3)cc2n1,8.619789,9.131255,-0.511466
CCOC(=O)C1CCN(CCC(=O)c2ccc(OCc3ccccc3)cc2)CC1,3.7670038,3.8472342,-0.080230474
[C]C([C])=[C][C@@H]1[C][C@H]([C])c2c([O])cc([C])c3c2C1=C([C])C(=O)C3=O,4.30103,4.494285,-0.19325495
CN(C)CC(CNNC(N)=O)C(=O)c1ccc(OCc2ccccc2)cc1,6.0908723,6.178946,-0.08807373
CCOC(=O)c1nc2c(s1)c(-c1ccc(O)cc1)c(O)c1oc3cc(O)c(O)cc3c12,8.30103,7.739714,0.561316
CCc1cccc(-c2nn3c(c2-c2ccc(O)cc2)[C@H](C)C(C)(C)C3)n1,4.69897,4.4905944,0.20837545
Cc1ccc(C)c(N2C(=O)/C(=C/c3ccc(F)cc3)S/C2=N\NC(=O)c2cc3ccccc3oc2=O)c1,9.0,9.06405,-0.06404972
CCc1cccc(-c2nn3c(c2-c2ccc(O)cc2)C(C)C(C)(C)C3)n1,6.0,6.0108676,-0.010867596
C[C@@H](NC(=O)c1ccc(S(=O)(=O)Oc2ccc(/C=C/[N+](=O)[O-])cc2)cc1)C(=O)N[C@H](C)C(=O)OC(C)(C)C,8.055517,6.9111953,1.1443219
OCCCCCCCCCCn1cc(CN[C@H]2[C@H](O)[C@@H](O)[C@H](O)[C@@H](O)[C@@H]2O)nn1,6.2660007,6.035906,0.23009491
O=C(CCc1nc2ccccc2c(=O)[nH]1)Nc1ccc(C(=O)Nc2cccc3cccnc23)cc1,5.0,5.1922054,-0.19220543
C[C@@H]1CN(c2ccc(F)cc2C(F)(F)F)CCN1S(=O)(=O)c1ccc([C@@](O)(C(N)=O)C(F)(F)F)s1,4.60206,5.30129,-0.6992302
C=C(CN1CCOCC1)C(=O)c1ccc(OCc2ccccc2)cc1,5.0996327,5.5371146,-0.43748188
Cc1ccc(CNc2nc(N)nc3[nH]c4cc(C)c(O)cc4c23)cc1,9.39794,9.453492,-0.055552483
FC(F)C(F)(F)Oc1cccc(Nc2nccc(-c3ccncc3)n2)c1,8.0,8.993783,-0.993783
O=[N+]([O-])/C=C/c1ccc(O)cc1,5.329198,5.2245293,0.10466862
O=[N+]([O-])/C=C/c1ccc(O)c(O)c1,5.576754,6.197332,-0.6205778
Oc1ccc(-c2c(O)c(O)c(-c3ccc(O)c(O)c3)c3ncsc23)cc1,4.784812,4.917677,-0.13286495
CCOCc1nc2c(c(C)nn2-c2ccccc2)c(=O)n1CC#N,4.9148164,4.994056,-0.079239845
Cc1ccc(C(=O)Nc2ccc(OCCCCN3CCOCC3)cc2)cc1Nc1nccc(-c2cccnc2)n1,4.7999983,4.745367,0.054631233
CCOCc1nc2c(c(C)nn2-c2ccccc2)c(=O)n1C,8.522879,9.000937,-0.47805882
Nc1n[nH]c2cccc(-c3ccc(C(=O)NCCNC(=O)c4cccc(F)c4)cc3)c12,6.39794,5.8132873,0.5846529
O=C(CCCCCCC(=O)Nc1ccccc1)NO,8.528708,8.366921,0.16178703
Cc1cccc(-c2nn3c(c2-c2ccnc(Cl)c2)CC(C)(C)C3)n1,4.69897,4.7217784,-0.022808552
Cc1cccc(-c2nn3c(c2-c2ccnc(Cl)c2)C(C)C(C)(C)C3)n1,5.6382723,5.4307055,0.20756674
Cc1cccc(-c2nn3c(c2-c2ccc(O)cc2)[C@H](C)C(C)(C)C3)n1,3.5228786,3.673076,-0.15019727
Cc1cccc(-c2nn3c(c2-c2ccc(O)cc2)[C@@H](C)C(C)(C)C3)n1,4.0,4.0714793,-0.07147932
CNC(=O)c1cc(F)cc2sc(Nc3ccc(C(C)NC)cc3)nc12,5.9244533,5.819177,0.10527611
COc1cc(/C=C/[N+](=O)[O-])ccc1O[S+](=O)([O-])c1ccc(C(=O)OCC2OC(n3cnc4c(N)ncnc43)C(O)C2O)cc1,5.0,5.902116,-0.9021158
O=C(CCN1CCCCC1)c1ccc(OCc2ccccc2)cc1,5.0,4.760582,0.23941803
O=C(CCN1CCOCC1)c1ccc(OCc2ccccc2)cc1,4.0,4.02525,-0.025249958
COc1ccc(C(=O)NCCNC(=O)c2ccc(-c3cccc4[nH]nc(N)c34)cc2)cc1,4.455932,4.6208625,-0.16493034
COc1ccc(C(=O)N2CCN(C(=O)c3ccc(-c4cccc5[nH]nc(N)c45)cc3)CC2)cc1,9.30103,9.587686,-0.28665543
CCCCCCCCCCCn1cc(CN[C@H]2[C@H](O)[C@@H](O)[C@H](O)[C@@H](O)[C@@H]2O)nn1,5.856985,5.9356303,-0.07864523
CCCCC[C@H]1NC[C@@H](O)[C@@H](O)[C@H]1CO,6.1524496,6.151244,0.0012054443
CCCCCCCCCCn1cc(CN[C@H]2[C@H](O)[C@@H](O)[C@H](O)[C@@H](O)[C@@H]2O)nn1,5.251812,5.688107,-0.43629503
CCCCCCCCCN1C[C@H](O)[C@@H](O)[C@H](O)[C@H]1CO,8.6575775,9.112454,-0.4548769
O=c1[nH][nH]c(=O)c2cc(OCc3cccc(Br)c3)ccc12,4.5833597,4.4871163,0.09624338
CCc1cccc(-c2nn3c(c2-c2ccc(O)cc2)[C@@H](C)C(C)(C)C3)n1,8.2218485,7.871314,0.35053444
Cc1ccc(C(=O)Nc2ccc(OCCCN3CCCCC3)cc2)cc1Nc1nccc(-c2cccnc2)n1,4.2612195,4.210426,0.050793648
Cc1ccc(C(=O)Nc2ccc(OCCCN3CCCC3)cc2)cc1Nc1nccc(-c2cccnc2)n1,7.154902,6.670791,0.48411083
Nc1ccccc1NC(=O)c1ccc(CNCOC(=O)c2cccnc2)cc1,5.0,5.1031065,-0.1031065
Cc1ccc(SCC(CN(C)C)C(=O)c2ccc(OCc3ccccc3)cc2)cc1C,8.0,7.871877,0.1281228
O=C(CCc1cn(Cc2ccc(Cl)cc2)c2ccccc12)Nc1ccc([N+](=O)[O-])cc1,4.5100417,4.8764,-0.36635828
O=C(CCc1cn(Cc2ccc(Cl)cc2)c2ccccc12)Nc1ccncc1,9.187087,9.297143,-0.11005592
C=C1CC[C@@](C)(c2cc(Br)c(C)cc2O)[C@H]1C,3.8239088,4.0659213,-0.2420125
CCOC(=O)c1ccc(-c2c(-c3cccc(C)n3)nn3c2C(C)C(C)(C)C3)cc1,5.0,5.0431676,-0.04316759
CC(=O)NC(Cc1ccc(OS(=O)(=O)c2ccc(C(=O)OC[C@H]3O[C@@H](n4cnc5c(N)ncnc54)[C@H](O)[C@@H]3O)cc2)cc1)C(N)=O,5.0065637,5.1487355,-0.14217186
Cc1cccc2c(=O)[nH]c(CCC(=O)Nc3ccc(C(=O)Nc4cccc5cccnc45)cc3)nc12,7.9921107,8.96667,-0.9745593
COc1ccc(Nc2cc3c(cc2Nc2ccccc2)C(=O)NC3=O)cc1,5.6575775,5.9800534,-0.3224759
COc1ccc2oc3cc(OCc4cn(CC(=O)Nc5ccc(OC)c(OC)c5)nn4)cc(OC(C)=O)c3c(=O)c2c1,5.709965,6.065285,-0.35531998
COc1ccc(Nc2cc(-c3ccc(C(=O)NCCNC(=O)c4ccc(C(C)(C)C)cc4)cc3)ncn2)cc1,6.659556,6.9501886,-0.29063272
COc1ccc2oc3cc(OCc4cn(CC(=O)Nc5ccc(OC)c(OC)c5)nn4)cc(O)c3c(=O)c2c1,4.0,4.6561103,-0.6561103
CCCCCCCCCCN[C@H]1[C@H](O)[C@@H](O)[C@H](O)[C@@H](O)[C@@H]1O,8.230996,8.411447,-0.18045044
COc1cc(OCc2cccc3ccccc23)ccc1C(N)=O,4.6197886,4.523442,0.096346855
O=c1[nH]c2sccc2c2cc(OCc3ccccc3)ccc12,6.8041005,6.7838526,0.020247936
COc1cc(OC)cc(C(=O)N2CCN(C(=O)c3ccc(-c4cccc5[nH]nc(N)c45)cc3)CC2)c1,4.69897,4.725512,-0.026542187
COc1cc(OCC2CCCCC2)ccc1C(N)=O,6.920819,6.663366,0.25745296
C=CCN1C(=O)C(=C)SC1=NN=c1scc(O)n1C,9.283997,9.404206,-0.120209694
Oc1ccc(-c2c(O)c(O)c(-c3ccc(O)cc3)c3scnc23)cc1,5.6382723,5.4052987,0.23297358
CC[C@H](C)[C@H](NC(=O)[C@H](CCC(=O)O)NC(=O)[C@H](CCC(=O)O)NC(=O)C(Cc1ccc(OP(=O)(O)O)cc1)c1ccccc1)C(=O)N[C@@H](CCC(=O)O)C(=O)O,6.7144427,7.069617,-0.35517406
OCc1nc2c(-c3ccc(O)cc3)c(O)c(O)c(-c3ccc(O)cc3)c2s1,6.860121,6.9358983,-0.07577753
O[C@@H]1[C@@H](O)[C@H](O)[C@@H](NCc2cn(CCC(c3ccccc3)c3ccccc3)nn2)[C@H](O)[C@H]1O,4.729997,5.015303,-0.28530598
CCOc1ccc(S(=O)(=O)NC(C)(CO)CO)cc1-c1nnc2c(n1)c(C)nn2C,4.49485,4.785071,-0.29022074
O[C@@H]1[C@@H](O)[C@H](O)[C@@H](NCc2cn(Cc3cc(OCc4ccccc4)cc(OCc4ccccc4)c3)nn2)[C@H](O)[C@H]1O,7.203426,7.501077,-0.2976513
C=C(CN1CCNCC1)C(=O)c1ccc(OCc2ccccc2)cc1,8.317256,8.217635,0.09962082
O[C@@H]1[C@@H](O)[C@H](O)[C@@H](NCc2cn(CCCCC3CCCCC3)nn2)[C@H](O)[C@H]1O,8.928118,8.791065,0.13705254
CC(=O)NC(Cc1ccc(NP(=O)(O)OP(=O)(O)OP(=O)(O)OP(=O)(O)OC[C@H]2O[C@@H](n3cnc4c(N)ncnc43)[C@H](O)[C@@H]2O)cc1)C(N)=O,8.045757,8.308555,-0.26279736
C=C(CN(C)C)C(=O)c1ccc(OCc2ccccc2)cc1,7.19382,7.3480415,-0.15422153
CC1(C)Cc2c(-c3ccc(O)cc3)c(-c3ccccn3)nn2C1,3.69897,3.8636003,-0.16463017
O=C(N/N=C1\S/C(=C\c2ccc(F)cc2)C(=O)N1c1cccc(Cl)c1)c1cc2ccccc2oc1=O,4.8181562,4.576926,0.24123001
COc1cc(OCc2cccc(Br)c2)ccc1C(N)=O,7.6197886,6.4930043,1.1267843
COc1cc(/C=C/[N+](=O)[O-])ccc1O,8.522879,9.095643,-0.5727644
CC(C)(C)NC(=O)c1ccc(S(=O)(=O)Oc2ccc(/C=C/[N+](=O)[O-])cc2)cc1,4.853872,4.558514,0.2953577
C=C(CN1CCCCC1)C(=O)c1ccc(OCc2ccccc2)cc1,5.0,5.598078,-0.5980778
C=C(CN(C)C)C(=O)c1ccccc1,6.1870866,6.3846736,-0.19758701
Cc1cccc(N2C(=O)/C(=C/c3ccc(F)cc3)S/C2=N\NC(=O)c2cc3ccccc3oc2=O)c1C,4.1739254,4.8225684,-0.648643
COCc1nc2c(c(C)nn2-c2ccccc2)c(=O)n1C,4.1307683,4.0581465,0.07262182
Cn1cc(-c2cnc3ccc(NC(=O)Nc4ccccc4)nc3c2)cn1,5.0,5.003837,-0.0038371086
CC(=O)Oc1ccc2c(OC(C)=O)c(C/C=C(\C)CC/C=C(\C)CCC3OC3(C)C)c(=O)oc2c1,7.837734,7.86167,-0.023935795
O=C(Nc1ccc([N+](=O)[O-])cc1Cl)c1cc(Cl)ccc1O,6.1706963,5.8434386,0.32725763
COc1cc(O)c2c(=O)c(-c3cccc(Cl)c3)coc2c1,4.821311,4.6271644,0.19414663
CC(C)n1nc(C#Cc2cccc(C(F)(F)F)c2)c2c(N)ncnc21,4.0,4.086157,-0.086156845
COCc1nc2c(c(C)nn2-c2ccccc2)c(=O)n1CC#N,7.2216315,7.8951607,-0.67352915
COc1cc(-c2cnc3ccc(NC(=O)NC(C)(C)C)nc3c2)ccc1O,5.3665314,5.0287595,0.3377719
CCOc1ccc(S(=O)(=O)NC(C)(C)CO)cc1-c1nnc2c(n1)c(C)nn2C,7.154902,7.164264,-0.009362221
O=c1[nH]c2sccc2c2cc(OCc3cccc(Br)c3)ccc12,3.9161391,3.7525373,0.16360188
CCCCCCCCC[C@H]1NC[C@@H](O)[C@@H](O)[C@H]1CO,6.334419,6.1825786,0.15184021
COc1cc(/C=C/c2cc(C(C)(C)C)c(O)c(C(C)(C)C)c2)cc(OC)c1,7.2676063,7.302562,-0.03495598
CCCCCCCCn1cc(CN[C@H]2[C@H](O)[C@@H](O)[C@H](O)[C@@H](O)[C@@H]2O)nn1,6.935542,7.7793884,-0.8438463
COc1ccc2nc(NC(=O)c3cc(C)n(-c4sc(C)cc4C#N)c3C)[nH]c2c1,4.69897,4.831728,-0.13275814
Cn1cc(-c2cnc3ccc(NC(=O)NCCc4ccccc4)nc3c2)cn1,5.4023046,5.7921367,-0.38983202
C/C(=C\c1ccc(O)c(O)c1)[N+](=O)[O-],3.7119744,3.895258,-0.18328357
COc1cc(OC)cc(-c2ccc3cc(OC)ccc3c2)c1,5.8060412,6.2165685,-0.41052723
Nc1ncnc2c1ncn2[C@@H]1O[C@H](COC(=O)c2ccc(S(=O)(=O)Oc3ccc(/C=C/[N+](=O)[O-])cc3)cc2)[C@@H](O)[C@H]1O,9.337242,9.244633,0.092609406
Nc1ncnc2c1ncn2[C@@H]1O[C@H](COC(=O)c2ccc(S(N)(=O)=O)cc2)[C@@H](O)[C@H]1O,3.2218487,3.456259,-0.23441029
Clc1cccc(Nc2ncnc3[nH]c(-c4ccccc4)c(-c4ccccc4)c23)c1,4.498475,4.6810594,-0.18258429
CCOC(=O)COC(=O)[C@]12CC[C@@H](C)[C@H](C)[C@H]1C1=CC[C@@H]3[C@@]4(C)C[C@@H](O)[C@H](O)C(C)(C)[C@@H]4CC[C@@]3(C)[C@]1(C)CC2,9.30103,9.66631,-0.36528015
O=C(O)[C@H](CCCCNc1ccc([N+](=O)[O-])cc1[N+](=O)[O-])Nc1ccc([N+](=O)[O-])cc1[N+](=O)[O-],4.1040254,4.5554743,-0.45144892
C=C(C)[C@@H]1CC[C@]2(C(=O)NCC(=O)OC)CC[C@]3(C)[C@H](CC[C@@H]4[C@@]5(C)CC[C@H](OC(C)=O)[C@@](C)(COC(C)=O)[C@@H]5CC[C@]43C)[C@@H]12,4.0264797,3.9051106,0.12136912
CC1(C)CC[C@]2(C(=O)O)CC[C@]3(C)C(=CC[C@@H]4[C@@]5(C)C[C@@H](O)[C@H](O)[C@@](C)(CO)[C@@H]5CC[C@]43C)[C@@H]2C1,8.79588,8.449891,0.34598923
O=C(CNC(=O)c1ccccc1)Nc1nc(-c2ccccc2)cs1,4.90309,4.393009,0.5100808
C[C@H]1[C@H](C)CC[C@]2(C(=O)O[C@@H]3O[C@H](CO)[C@@H](O)[C@H](O)[C@H]3O)CC[C@]3(C)C(=CC[C@@H]4[C@@]5(C)C[C@@H](O)[C@H](O)C(C)(C)C5CC[C@]43C)[C@H]12,9.21467,9.366847,-0.15217686
CCCC(=O)O[C@H]1CC(C)(C)[C@@H]2CC[C@]3(C)[C@H](CC=C4[C@@H]5CC(C)(C)CC[C@]5(C(=O)OCc5ccccc5)CC[C@]43C)[C@@]2(C)C1,6.207608,5.968973,0.23863506
C[C@H]1[C@H](C)CC[C@]2(C(=O)OCc3ccccc3)CC[C@]3(C)C(=CC[C@@H]4[C@@]5(C)C[C@H](O)[C@H](O)C(C)(C)[C@@H]5CC[C@]43C)[C@H]12,4.6478176,5.586801,-0.93898344
CCCC(Sc1nc2cc(Cl)ccc2s1)C(=O)NS(=O)(=O)c1ccc(NC(C)=O)cc1,8.224753,8.623951,-0.39919758
COc1cc(-c2ccccc2)c(OC)c(O)c1-c1ccc(O)cc1,9.481486,9.528859,-0.047372818
O=C(N/N=C/c1ccc(Cl)cc1Cl)c1ccc(Nc2ccnc3cc(Cl)ccc23)cc1,8.552842,9.152923,-0.6000805
CCCCN(CCCC)c1nc(-c2cccn2CCc2ccccc2)nc(N2CCCCCC2)n1,4.026341,4.3359866,-0.30964565
O=c1c2cnn(-c3ccccc3)c2nc(N/N=C/c2ccc(F)cc2)n1-c1ccccc1,6.0,5.856511,0.14348888
CCOC(=O)Cn1cc2c(n1)C(C)(C)[C@@H]1CC[C@]3(C)[C@H](CC=C4[C@@H]5CC(C)(C)CC[C@]5(C(=O)OCc5ccccc5)CC[C@]43C)[C@@]1(C)C2,4.1402617,4.3509164,-0.21065474
C/C(C[C@H](c1ccccc1)c1c(O)c2ccccc2oc1=O)=N\Nc1ccc([N+](=O)[O-])cc1[N+](=O)[O-],5.8728952,5.8703923,0.0025029182
CC1(C)CC[C@]2(C(=O)O)CC[C@]3(C)C(=CC[C@@H]4[C@@]5(C)CC[C@H](OC(=O)COCCOCCNC(=O)c6ccc(C(=O)c7ccc(NC(=O)CN=[N+]=[N-])cc7)cc6)C(C)(C)[C@@H]5CC[C@]43C)[C@@H]2C1,3.69897,4.147199,-0.44822907
C=C(C)[C@@H](C)CC[C@@H](C)C1CC[C@@]2(C)[C@@H]3CC[C@H]4[C@H](C)c5[nH]c6ccccc6c5C[C@@]45C[C@@]35CC[C@]12C,8.376751,8.234399,0.1423521
C[C@H]1[C@H](C)CC[C@]2(C(=O)O)CC[C@]3(C)C(=CC[C@@H]4[C@@]5(C)C[C@H](O)[C@H](O)C(C)(C)C5CC[C@]43C)[C@H]12,4.7212462,4.594441,0.1268053
O=C(Cn1cccc(NCc2ccccc2)c1=O)N[C@H](CO)c1ccccc1,4.1084623,4.421943,-0.31348085
CC1(C)CC[C@]2(C(=O)OCCCCN3CCOCC3)CC[C@]3(C)C(=CC[C@@H]4[C@@]5(C)C[C@@H](O)[C@H](O)C(C)(C)[C@@H]5CC[C@]43C)[C@@H]2C1,7.3467875,7.916866,-0.5700784
CCC(=O)O[C@H]1CC(C)(C)[C@@H]2CC[C@]3(C)[C@H](CC=C4[C@@H]5CC(C)(C)CC[C@]5(C(=O)OCc5ccccc5)CC[C@]43C)[C@@]2(C)C1,4.6428275,5.6635075,-1.02068
O=S(=O)(c1ccc(F)cc1)N1CCN(c2nc(Cl)ncc2Br)CC1,6.0,5.767631,0.23236895
O=C(CCC(=O)Nc1ccc(Br)cc1)N/N=C/c1ccc(F)cc1,7.2676063,6.310433,0.95717335
O=C(N[C@@H]1O[C@H](CO)[C@@H](O)[C@H](O)[C@H]1O)C1=COc2ccccc2O1,7.1366773,7.3458905,-0.20921326
CC1(C)CC[C@]2(C(=O)OCc3ccccc3)CC[C@]3(C)C(=CC[C@@H]4[C@@]5(C)Cc6cn(Cc7ccccc7)nc6C(C)(C)[C@@H]5CC[C@]43C)[C@@H]2C1,6.086186,5.685063,0.40112305
c1nc(N2CCC3(CCCCN3)CC2)c2[nH]cnc2n1,5.6493645,4.9637265,0.68563795
CCC(C)C(NC(=O)C(C)n1cccc(NC(=O)OC(C)(C)C)c1=O)P(=O)(Oc1ccccc1)Oc1ccccc1,5.4202166,5.0506406,0.36957598
C=C(C)[C@@H]1CC[C@]2(C(=O)NCC(=O)N[C@@H](Cc3ccccc3)C(=O)O)CC[C@]3(C)[C@H](CC[C@@H]4[C@@]5(C)CC[C@H](O)[C@@](C)(CO)[C@@H]5CC[C@]43C)[C@@H]12,4.69897,4.6175656,0.08140421
CNC(=O)CC[C@H](NC(=O)c1ccccc1)C(=O)Nc1nc(-c2ccccc2)cs1,4.4100504,4.404596,0.0054545403
CC(=O)O[C@H]1CC[C@]2(C)[C@H]3CC=C4[C@@H]5[C@@H](C)[C@H](C)CC[C@]5(C(=O)O)CC[C@@]4(C)[C@]3(C)CC[C@H]2C1(C)C,5.823909,8.294588,-2.4706793
OC[C@H]1O[C@@H](c2cc(O)c(Br)cc2O)[C@H](O)[C@@H](O)[C@@H]1O,5.229148,4.8797755,0.3493724
C=C(C)[C@@H]1CC[C@]2(COC(C)=O)CC[C@]3(C)[C@H](CC[C@@H]4[C@@]5(C)CC[C@H](OC(C)=O)[C@@](C)(COC(C)=O)[C@@H]5CC[C@]43C)[C@@H]12,8.674361,8.9809885,-0.30662727
COc1ccc(/C=N/NC(=O)c2ccc(Nc3ccnc4cc(Cl)ccc34)cc2)cc1,5.0740695,5.670036,-0.59596634
CCCCCCCCCC(=O)OCc1cn(CC(=O)O[C@H]2CC[C@]3(C)[C@H]4CC=C5[C@@H]6CC(C)(C)CC[C@]6(C(=O)OCc6ccccc6)CC[C@@]5(C)[C@]4(C)CC[C@H]3C2(C)C)nn1,5.481486,6.595426,-1.1139402
CC1(C)CC[C@]2(C(=O)O)CC[C@]3(C)C(=CC[C@@H]4[C@@]5(C)C[C@@H](O)[C@@H](O)C(C)(C)[C@@H]5CC[C@]43C)[C@@H]2C1,5.0,4.807074,0.19292593
CC1(C)CC[C@]2(C(=O)O)CC[C@]3(C)C(=CC[C@@H]4[C@@]5(C)C[C@@H](O)[C@@H](O)C(C)(C)C5CC[C@]43C)[C@@H]2C1,6.0,6.080359,-0.08035898
Cc1ccc(C(=O)Nc2cc(C(C)(C)C)nn2C)cc1/C=C/n1cnc2c(NC3CC3)ncnc21,6.0,6.089476,-0.08947611
O=C(Nc1ccc(NS(=O)(=O)c2ccc(-c3ccccc3)cc2)cc1)Nc1ccc([N+](=O)[O-])cc1,5.707744,5.2874007,0.4203434
O=C(Nc1ccc(NS(=O)(=O)c2cccc(C(=O)O)c2)cc1)Nc1ccccc1[N+](=O)[O-],7.7746906,8.419966,-0.6452751
Cc1cccc(S(=O)(=O)Nc2ccc(NC(=O)Nc3ccccc3[N+](=O)[O-])cc2)c1,6.0,6.60911,-0.6091099
O=C(Nc1ccc(NS(=O)(=O)c2ccc(Cl)cc2)cc1)Nc1cccc([N+](=O)[O-])c1,8.853872,8.540637,0.31323528
O=C(Nc1ccc(NS(=O)(=O)c2ccc(Cl)cc2)cc1)Nc1ccc([N+](=O)[O-])cc1,7.8860564,7.1384254,0.7476311
O=C(Nc1ccc(NS(=O)(=O)c2ccc(C(F)(F)F)cc2)cc1)Nc1ccccc1[N+](=O)[O-],7.9244533,8.74727,-0.8228164
O=C(Nc1ccc(NS(=O)(=O)c2ccc(C(F)(F)F)cc2)cc1)Nc1cccc([N+](=O)[O-])c1,8.522879,9.121254,-0.5983753
O=C(Nc1ccc(NS(=O)(=O)c2ccc(C(F)(F)F)cc2)cc1)Nc1ccc([N+](=O)[O-])cc1,6.0,6.032018,-0.032018185
Cc1ccccc1S(=O)(=O)Nc1ccc(NC(=O)Nc2cccc([N+](=O)[O-])c2)cc1,8.552842,8.707677,-0.15483475
Cc1ccccc1S(=O)(=O)Nc1ccc(NC(=O)Nc2ccccc2[N+](=O)[O-])cc1,5.510182,5.494844,0.015337944
O=C(Nc1ccc(NS(=O)(=O)c2ccc(C(=O)O)cc2)cc1)Nc1cccc([N+](=O)[O-])c1,3.7447276,3.4523113,0.29241633
O=C(Nc1ccc(NS(=O)(=O)c2ccc(C(=O)O)cc2)cc1)Nc1ccccc1[N+](=O)[O-],4.0262537,4.1882195,-0.16196585
O=C(Nc1ccc(NS(=O)(=O)c2ccc(-c3ccccc3)cc2)cc1)Nc1ccccc1[N+](=O)[O-],9.39794,9.614627,-0.2166872
O=C(Nc1ccc(NS(=O)(=O)c2ccc(C(=O)O)cc2)cc1)Nc1ccc([N+](=O)[O-])cc1,6.0570006,6.434215,-0.37721443
O=C(Nc1ccc(NS(=O)(=O)c2ccc(-c3ccccc3)cc2)cc1)Nc1cccc([N+](=O)[O-])c1,5.09691,4.244699,0.852211
Nc1ncnc2c1ncn2[C@@H]1O[C@H](COC(=O)c2ccc(S(=O)(=O)F)cc2)[C@@H](O)[C@H]1O,6.0,5.909681,0.09031916
Cc1cccc(S(=O)(=O)Nc2ccc(NC(=O)Nc3cccc([N+](=O)[O-])c3)cc2)c1,4.823909,5.3847537,-0.5608449
O=C(Nc1ccc(NS(=O)(=O)c2cccc(C(F)(F)F)c2)cc1)Nc1ccccc1[N+](=O)[O-],9.054531,7.9121447,1.1423864
O=C(Nc1ccc(NS(=O)(=O)c2cccc(C(F)(F)F)c2)cc1)Nc1cccc([N+](=O)[O-])c1,9.39794,9.259948,0.1379919
O=C(Nc1ccc(NS(=O)(=O)c2ccc(Oc3ccccc3)cc2)cc1)Nc1ccccc1[N+](=O)[O-],7.0457573,6.7663302,0.27942705
O=C(Nc1ccc(NS(=O)(=O)c2ccc(Oc3ccccc3)cc2)cc1)Nc1ccc([N+](=O)[O-])cc1,6.4609237,6.7049165,-0.2439928
O=C(Nc1ccc(NS(=O)(=O)c2ccc(F)cc2)cc1)Nc1ccccc1[N+](=O)[O-],5.958607,6.2208962,-0.26228905
O=C(Nc1ccc(NS(=O)(=O)c2ccc(F)cc2)cc1)Nc1cccc([N+](=O)[O-])c1,7.468521,6.7270055,0.74151564
O=C(Nc1ccc(NS(=O)(=O)c2cccc(C(=O)O)c2)cc1)Nc1cccc([N+](=O)[O-])c1,8.6575775,7.515611,1.1419663
N#Cc1cccc(S(=O)(=O)Nc2ccc(NC(=O)Nc3ccc([N+](=O)[O-])cc3)cc2)c1,5.6575775,5.44261,0.21496773
Nc1ccc(S(=O)(=O)Nc2ccc(NC(=O)Nc3ccccc3[N+](=O)[O-])cc2)cc1,7.3279023,7.537651,-0.20974874
CC(=O)Nc1ccc(S(=O)(=O)Nc2ccc(NC(=O)Nc3ccccc3[N+](=O)[O-])cc2)cc1,5.4202166,4.7092004,0.7110162
N#Cc1c(SCC(=O)c2ccccc2)nc2c(c1-c1ccsc1)CCCC2,6.094825,7.2284393,-1.1336145
N#Cc1ccc(S(=O)(=O)Nc2ccc(NC(=O)Nc3ccccc3[N+](=O)[O-])cc2)cc1,7.124939,7.263722,-0.13878298
O=C(Nc1ccc(NS(=O)(=O)c2ccccc2F)cc1)Nc1ccccc1[N+](=O)[O-],7.2596374,8.009445,-0.74980783
O=C(Nc1ccc(NS(=O)(=O)c2ccccc2F)cc1)Nc1cccc([N+](=O)[O-])c1,5.689519,7.4086695,-1.7191505
O=C(Nc1ccc(NS(=O)(=O)c2cccc(C(=O)O)c2)cc1)Nc1ccc([N+](=O)[O-])cc1,5.0,4.9736004,0.026399612
O=C(Nc1ccc(NS(=O)(=O)c2ccc(Cl)cc2)cc1)Nc1ccccc1[N+](=O)[O-],5.33,6.2313557,-0.90135574
O=C(Nc1ccc(NS(=O)(=O)c2ccccc2Cl)cc1)Nc1ccccc1[N+](=O)[O-],5.09691,5.018145,0.078764915
O=C(Nc1ccc(NS(=O)(=O)c2ccccc2C(F)(F)F)cc1)Nc1ccccc1[N+](=O)[O-],6.60206,6.7214704,-0.119410515
O=C(Nc1ccc(NS(=O)(=O)c2ccccc2C(F)(F)F)cc1)Nc1cccc([N+](=O)[O-])c1,9.2218485,9.4159155,-0.194067
O=C(Nc1ccc(NS(=O)(=O)c2cccc(F)c2)cc1)Nc1cccc([N+](=O)[O-])c1,5.0655017,5.551746,-0.4862442
O=C(Nc1ccc(NS(=O)(=O)c2cccc(Cl)c2)cc1)Nc1ccccc1[N+](=O)[O-],5.853872,5.553248,0.3006239
N#Cc1ccccc1S(=O)(=O)Nc1ccc(NC(=O)Nc2ccccc2[N+](=O)[O-])cc1,4.920819,4.3788524,0.54196644
N#Cc1ccc(S(=O)(=O)Nc2ccc(NC(=O)Nc3cccc([N+](=O)[O-])c3)cc2)cc1,5.386158,4.6480603,0.73809767
COc1ccc(S(=O)(=O)Nc2ccc(NC(=O)Nc3ccccc3[N+](=O)[O-])cc2)cc1,4.026341,3.940456,0.08588505
COc1cccc(S(=O)(=O)Nc2ccc(NC(=O)Nc3ccccc3[N+](=O)[O-])cc2)c1,6.60206,6.552921,0.049139023
COc1ccc(S(=O)(=O)Nc2ccc(NC(=O)Nc3cccc([N+](=O)[O-])c3)cc2)cc1,5.2596374,5.4707475,-0.21111012
N#Cc1ccccc1S(=O)(=O)Nc1ccc(NC(=O)Nc2cccc([N+](=O)[O-])c2)cc1,6.1958604,6.691001,-0.49514055
N#Cc1ccccc1S(=O)(=O)Nc1ccc(NC(=O)Nc2ccc([N+](=O)[O-])cc2)cc1,9.30103,9.699321,-0.39829063
N#Cc1cccc(S(=O)(=O)Nc2ccc(NC(=O)Nc3ccccc3[N+](=O)[O-])cc2)c1,6.0457573,6.05085,-0.005092621
N#Cc1cccc(S(=O)(=O)Nc2ccc(NC(=O)Nc3cccc([N+](=O)[O-])c3)cc2)c1,6.5044556,5.959546,0.5449095
COc1cccc(S(=O)(=O)Nc2ccc(NC(=O)Nc3cccc([N+](=O)[O-])c3)cc2)c1,4.8894105,5.2690187,-0.37960815
N#Cc1ccc(S(=O)(=O)Nc2ccc(NC(=O)Nc3ccc([N+](=O)[O-])cc3)cc2)cc1,4.30103,4.4909053,-0.18987513
NCc1ccccc1S(=O)(=O)Nc1ccc(NC(=O)Nc2cccc([N+](=O)[O-])c2)cc1,5.7379622,5.7995315,-0.061569214
NCc1cccc(S(=O)(=O)Nc2ccc(NC(=O)Nc3ccccc3[N+](=O)[O-])cc2)c1,9.60206,9.083182,0.518878
CCc1ccc(S(=O)(=O)Nc2ccc(NC(=O)Nc3ccc([N+](=O)[O-])cc3)cc2)cc1,9.1549015,9.473706,-0.31880474
CCc1ccc(S(=O)(=O)Nc2ccc(NC(=O)Nc3ccccc3[N+](=O)[O-])cc2)cc1,5.0,5.299646,-0.2996459
O=c1c2cnn(-c3ccccc3)c2n2c(Nc3ccccc3)nnc2n1-c1ccccc1,5.4881167,5.908832,-0.42071533
NCc1ccccc1S(=O)(=O)Nc1ccc(NC(=O)Nc2ccccc2[N+](=O)[O-])cc1,9.080922,8.76421,0.31671238
NCc1ccc(S(=O)(=O)Nc2ccc(NC(=O)Nc3ccccc3[N+](=O)[O-])cc2)cc1,5.756962,5.3984685,0.35849333
CC1(C)CC[C@]2(C(=O)OCCO)CC[C@]3(C)C(=CC[C@@H]4[C@@]5(C)C[C@@H](O)[C@H](O)C(C)(C)[C@@H]5CC[C@]43C)[C@@H]2C1,4.0,4.6563025,-0.65630245
Cc1ccc(NC(=O)c2cccc(C(F)(F)F)c2)cc1/C=C/n1cnc2c(NCCCN(C)C)ncnc21,4.0,5.7961965,-1.7961965
C[C@H]1[C@H](C)CC[C@]2(C(=O)O)CC[C@]3(C)C(=CC[C@@H]4[C@@]5(C)C[C@H](O)[C@H](O)C(C)(C)[C@@H]5CC[C@]43C)[C@H]12,3.1733422,3.6549282,-0.48158598
CC(C)C(NC(=O)[C@@H]1C[C@@H](C2CCCCC2)CN1C(=O)[C@@H](NC(=O)OC(C)(C)C)C(C)(C)C)P(=O)(Oc1ccccc1)Oc1ccccc1,9.387217,8.960436,0.4267807
COc1cccc2c1C(O)CCC2O,3.69897,3.3752599,0.3237102
OC[C@H]1O[C@@H](c2cc(O)c(Cl)cc2O)[C@H](O)[C@@H](O)[C@@H]1O,4.3575354,4.635037,-0.27750158
Nc1ncnc2c1ncn2[C@@H]1O[C@H](COC(=O)c2ccc(S(=O)(=O)Oc3ccccc3)cc2)[C@@H](O)[C@H]1O,9.39794,8.372185,1.0257549
O=C(CCC(=O)Nc1ccc(Br)cc1)N/N=C/c1cccc(Br)c1,8.638272,8.663219,-0.024947166
OC[C@H]1N[C@H](CO)[C@@H](O)[C@H]1O,7.0409584,6.9413385,0.099619865
O=C(O)c1cc2ccc(=O)oc2cc1O,5.2596374,6.104916,-0.84527874
CSCC[C@H](NC(=O)c1ccncc1)C(=O)Nc1nc(-c2ccccc2)cs1,5.69897,6.180274,-0.48130417
CC1(C)CC[C@]2(C(=O)OCc3ccccc3)CC[C@]3(C)C(=CC[C@@H]4[C@@]5(C)CC(NO)C(=O)C(C)(C)[C@@H]5CC[C@]43C)[C@@H]2C1,5.0,5.918034,-0.9180341
CC1(C)CC[C@]2(C(=O)OCc3ccccc3)CC[C@]3(C)C(=CCC4[C@@]5(C)CC(NO)C(=O)C(C)(C)C5CC[C@]43C)[C@@H]2C1,5.7695513,6.351257,-0.5817056
CC1(C)CC[C@]2(C(=O)OCc3ccccc3)CC[C@]3(C)C(=CC[C@@H]4[C@@]5(C)Cc6cn(Cc7ccc(Cl)cc7Cl)nc6C(C)(C)[C@@H]5CC[C@]43C)[C@@H]2C1,4.5850267,5.3367486,-0.75172186
CC[C@H]1O[C@@H](NC(=S)NN=Cc2cccc(O)c2)[C@H](O)[C@@H](O)[C@@H]1O,9.886057,9.637376,0.24868107
COc1cccc2c1C(=O)OC(C)C2,7.124939,7.412193,-0.28725386
Cn1cc2c(n1)C(C)(C)[C@@H]1CC[C@]3(C)[C@H](CC=C4[C@@H]5CC(C)(C)CC[C@]5(C(=O)OCc5ccccc5)CC[C@]43C)[C@@]1(C)C2,8.376751,8.841535,-0.46478367
C[C@H]1[C@H](C)CC[C@]2(C(=O)OCC(=O)O)CC[C@]3(C)C(=CC[C@@H]4[C@@]5(C)CC[C@H](O)C(C)(C)[C@@H]5CC[C@]43C)[C@H]12,4.026341,4.49528,-0.46893883
CC[C@H]1O[C@@H](NC(=S)NN=Cc2ccc(C)cc2)[C@H](O)[C@@H](O)[C@@H]1O,4.5968795,4.4712815,0.12559795
C=C(C)[C@@H]1CC[C@]2(C(=O)OCC#CCO)CC[C@]3(C)[C@H](CC[C@@H]4[C@@]5(C)CC[C@H](O)[C@@](C)(CO)[C@@H]5CC[C@]43C)[C@@H]12,8.39794,9.18738,-0.78944016
C=C(C)[C@@H]1CC[C@]2(C(=O)NCCCCCCNC(=O)CCC(=O)O)CC[C@]3(C)[C@H](CC[C@@H]4[C@@]5(C)CC[C@H](OC(C)=O)[C@@](C)(COC(C)=O)[C@@H]5CC[C@]43C)[C@@H]12,4.6684513,5.509505,-0.8410535
C=C(C)[C@@H]1CC[C@]2(C(=O)O)CC[C@]3(C)[C@H](CC[C@@H]4[C@@]5(C)[C@H](C(=O)O)[C@H](O)C(C)(C)[C@@H]5CC[C@]43C)[C@@H]12,4.963,5.0027366,-0.039736748
COC(=O)C1=CC2=CC(=O)[C@@](C)(O)[C@@H](OC(=O)c3c(C)cc(O)cc3O)[C@@H]2CO1,8.036212,8.286192,-0.24997997
C/C=C/C1=CC2=CC(=O)[C@@](C)(OC(=O)c3c(C)cc(O)cc3O)C(=O)C2=CO1,6.180456,5.366383,0.8140731
C/C=C/C1=CC2=CC(=O)[C@@](C)(OC(=O)c3c(C)cc(O)cc3O)[C@@H](O)[C@@H]2CO1,6.6143937,7.1938024,-0.57940865
C/C=C/C1=CC2=CC(=O)[C@@](C)(O)[C@@H](OC(=O)c3c(C)cc(O)cc3O)[C@@H]2CO1,8.0,8.156277,-0.1562767
CSCC[C@H](NC(=O)c1cccc(C)c1)C(=O)Nc1nc(-c2ccccc2)cs1,7.0457573,6.8673463,0.178411
CSCC[C@H](NC(=O)C1CCCCC1)C(=O)Nc1nc(-c2ccccc2)cs1,6.30103,6.6376023,-0.33657217
COC(OC)C1=CC2=CC(=O)[C@@](C)(O)[C@@H](OC(=O)c3c(C)cc(O)cc3O)[C@@H]2CO1,7.69897,6.7022243,0.9967456
O=C(O)CN(/N=C/c1cccc2ccccc12)C(=O)CCC(=O)Nc1ccccc1Cl,4.5850267,4.1265073,0.45851946
COC(=O)CCC1=CC2=CC(=O)[C@@](C)(O)[C@@H](OC(=O)c3c(C)cc(O)cc3O)[C@@H]2CO1,4.30103,4.554794,-0.25376368
CC[C@H]1O[C@@H](NC(=S)NN=Cc2ccncc2)[C@H](O)[C@@H](O)[C@@H]1O,5.5867004,5.1598067,0.4268937
Nc1c(C(=O)Nc2cccc(Cl)c2)sc2nc(-c3ccncc3)ccc12,5.3545775,5.19336,0.16121769
CC(C=NNC(=O)CCC(=O)Nc1ccc(Br)cc1)c1ccc2ccccc2c1,9.29243,8.833506,0.4589243
CCCC[C@@H](O)/C=C(C)/C=C/C=C/C(=O)N1CCCC1=O,4.453371,4.578924,-0.12555313
Cc1cc(O)cc(O)c1C(=O)O[C@H]1[C@@H]2COC(/C=C/CO)=CC2=CC(=O)[C@@]1(C)O,6.09691,6.09655,0.00036001205
CC(C)[C@H](NC(=O)c1ccccc1)C(=O)Nc1nc(-c2ccccc2)cs1,8.30103,8.213844,0.08718586
CC(/C=C/CCC(=O)N1CCCC1=O)=C\C1CCCCO1,4.823909,5.4601383,-0.6362295
CCCCC(=O)C=C(C)C=CCCC(=O)N1CCCC1=O,4.109579,4.2745776,-0.16499853
CCCC[C@@H](O)/C=C(C)/C=C/C=C\C(=O)N1CCCC1=O,5.0,5.00141,-0.0014100075
Cc1cc(O)cc(O)c1C(=O)O[C@H]1C2=COC(/C=C/CO)=CC2=CC(=O)[C@@]1(C)O,5.0,4.9810247,0.018975258
Cc1cc(O)cc(O)c1C(=O)O[C@]1(C)C(=O)C=C2C=C(/C=C/CO)OC=C2C1=O,3.30103,4.3397565,-1.0387266
Cc1cc(O)cc(O)c1C(=O)O[C@H]1[C@@H]2COC(/C=C/C(=O)O)=CC2=CC(=O)[C@@]1(C)O,5.0,5.7405868,-0.74058676
NCc1cccc(S(=O)(=O)Nc2ccc(NC(=O)Nc3cccc([N+](=O)[O-])c3)cc2)c1,6.0,5.8174024,0.18259764
CSCC[C@H](NC(=O)c1ccccc1C)C(=O)Nc1nc(-c2ccccc2)cs1,8.407824,8.532538,-0.12471485
C[C@@]1(CO)[C@H](O)CC[C@@]2(C)[C@H]1CC[C@H]1C[C@@H]3C[C@@]12CC[C@]3(O)CO,9.113509,8.793616,0.31989288
C[C@H]1[C@H](C)CC[C@]2(C(=O)O)CC[C@]3(C)C(=CC[C@@H]4[C@@]5(C)C[C@@H](O)[C@@H](O)C(C)(C)C5CC[C@]43C)[C@H]12,6.0,6.208596,-0.20859623
CC(=O)O[C@@]1(C)C[C@@H](O)[C@]2(O)C=CO[C@@H](O[C@@H]3O[C@H](CO)[C@@H](O)[C@H](O)[C@H]3O)[C@@H]21,8.2218485,7.8359447,0.38590384
CCCCCCCCCCCCCCCC(=O)OCc1cn(CC(=O)O[C@H]2CC[C@]3(C)[C@H]4CC=C5[C@@H]6CC(C)(C)CC[C@]6(C(=O)O)CC[C@@]5(C)[C@]4(C)CC[C@H]3C2(C)C)nn1,5.0,5.850087,-0.85008717
CC1(C)CC[C@]2(C(=O)O)CC[C@]3(C)C(=CCC4[C@@]5(C)CCC(N=O)C(C)(C)C5CC[C@]43C)[C@@H]2C1,9.356547,9.649714,-0.2931671
CC1(C)CC[C@]2(C(=O)O)CC[C@]3(C)C(=CC[C@@H]4[C@@]5(C)CCC(N=O)C(C)(C)[C@@H]5CC[C@]43C)[C@@H]2C1,7.167491,7.3686643,-0.2011733
O=C(Nc1ccc(NS(=O)(=O)c2ccc(Oc3ccccc3)cc2)cc1)Nc1cccc([N+](=O)[O-])c1,7.49485,8.209239,-0.71438885
C[C@H]1CNC[C@@H](O)[C@@H](O)[C@@H]1O,4.299037,4.758887,-0.45984983
Cc1ccc(C(=O)Nc2cc(C(F)(F)F)ccc2F)cc1/C=C/n1cnc2c(NC3CC3)ncnc21,8.861769,8.300934,0.5608349
Cc1ccc(NC(=O)c2cccc(C(F)(F)F)c2)cc1/C=C/n1cnc2c(Nc3ccccn3)ncnc21,7.221849,6.471422,0.75042677
O=[N+]([O-])c1ccc([C-]2N=[O+]C3(OC(CO)C(O)C(O)C3O)S2)cc1,5.686133,4.8916955,0.7944374
CCOc1ccc(-c2ccc(-c3cc(CC(=O)[O-])ccc3OC)c(CN(CC)C(=O)C3CC3)c2)cn1,6.567031,5.6822,0.88483095
OC[C@H]1O[C@]2(ON=C(c3ccc(-c4ccccc4)cc3)S2)[C@H](O)[C@@H](O)[C@@H]1O,7.6777806,8.422603,-0.744822
Cc1nccn1CCCCOc1ccc2ccc(=O)oc2c1,6.244888,6.2391973,0.0056905746
Cc1ccc(C(=O)Nc2ncc(C(C)(C)C)s2)cc1/C=C/n1cnc2c(NC3CC3)ncnc21,9.522879,9.402574,0.12030506
CC1Cc2c(C=O)ccc(O)c2C(=O)O1,7.031517,7.9825535,-0.95103645
OC[C@H]1O[C@@]2(CC(c3cc4ccccc4[nH]3)=NO2)[C@H](O)[C@@H](O)[C@@H]1O,4.30103,4.917141,-0.6161108
C=C(C)[C@@H]1CC[C@]2(C(=O)OCCBr)CC[C@]3(C)[C@H](CC[C@@H]4[C@@]5(C)CC[C@H](O)[C@@](C)(CO)[C@@H]5CC[C@]43C)[C@@H]12,4.4449058,4.5089865,-0.064080715
Cc1cc(O[C@H](C)C(=O)NC[C@H]2CC[C@H](C(=O)O)CC2)c2c3c(c(=O)oc2c1)CCC3,3.5192602,3.9942684,-0.47500825
CC1(C)CC[C@]2(C(=O)O[C@@H]3O[C@H](CO)[C@@H](O)[C@H](O)[C@H]3O)CC[C@]3(C)C(=CC[C@@H]4[C@@]5(C)CC[C@H](O)C(C)(C)C5CC[C@]43C)[C@@H]2C1,6.331614,6.3879447,-0.05633068
O=C(OCCCOc1ccc2ccc(=O)oc2c1)c1ccc(Cl)cc1Cl,7.5228786,7.36484,0.15803862
O=C(OCCCCOc1ccc2ccc(=O)oc2c1)c1ccc(Cl)cc1Cl,6.3050003,6.690601,-0.38560057
O=C(/C=C/c1ccc2ccccc2c1)OCCOc1ccc2ccc(=O)oc2c1,5.1509495,5.777454,-0.6265044
Cc1cc(C)cc(-n2cccc2-c2nc(N3CCCCCC3)nc(N3CCCCCC3)n2)c1,7.4089355,6.894361,0.5145745
O=C(N[C@@H]1O[C@H](CO)[C@@H](O)[C@H](O)[C@H]1O)[C@@H]1COc2ccccc2O1,4.8124795,4.915241,-0.10276127
COc1ccc(/C=N/NC(=O)c2ccc(Nc3ccnc4cc(Cl)ccc34)cc2)cc1OC,3.9871628,4.055966,-0.06880307
COc1ccccc1CNC(=O)Cn1cccc(NCc2ccccc2)c1=O,5.1266794,5.804713,-0.67803335
CC1Cc2cccc(O)c2C(=O)O1,7.0,6.4782796,0.5217204
O=C(N[C@@H]1O[C@H](CO)[C@@H](O)[C@H](O)[C@H]1O)[C@H]1COc2ccccc2O1,6.931814,7.0260696,-0.09425545
O=S(=O)(Nc1ccc(-c2nc3ccccc3[nH]2)cc1)c1ccccc1,5.0,5.025628,-0.02562809
COc1cc2cc(Oc3cc(O[C@@H]4O[C@H](CO)[C@@H](O)[C@H](O)[C@H]4O[C@@H]4O[C@H](CO)[C@@H](O)[C@H](O)[C@H]4O)c4ccc(=O)oc4c3)c(=O)oc2cc1O,7.199481,5.871819,1.327662
CC[C@H]1O[C@@H](NC(=S)NN=Cc2ccc(O)cc2)[C@H](O)[C@@H](O)[C@@H]1O,7.3565474,7.9766393,-0.6200919
CCCNc1cccn(CC(=O)NCc2ccccc2)c1=O,4.3936186,4.6728687,-0.27925014
NOC(=O)c1cn([C@@H]2O[C@H](CO)[C@@H](O)[C@H](O)[C@H]2O)nn1,8.60206,8.044407,0.5576534
Cc1ccc(-c2nc([C@@H]3O[C@H](CO)[C@@H](O)[C@H](O)[C@H]3O)no2)cc1,5.2596374,6.134312,-0.8746748
O=C1Cc2c([nH]c3ccc(Br)cc23)-c2ccccc2N1,6.9914,6.8507953,0.1406045
O=[N+]([O-])c1ccccc1S(=O)(=O)Nc1ccc(-c2nc3ccccc3[nH]2)cc1,2.8860567,3.9607038,-1.0746472
CCCCN(CCCC)c1nc(-c2cccn2C2CCCCC2)nc(N2CCCCCC2)n1,4.0,4.1617303,-0.16173029
O=C(Nc1ccc(NS(=O)(=O)c2ccc(F)cc2)cc1)Nc1ccc([N+](=O)[O-])cc1,4.990549,5.496845,-0.5062957
CC[C@H]1O[C@@H](NC(=S)NN=Cc2ccccc2Cl)[C@H](O)[C@@H](O)[C@@H]1O,4.0,3.7369215,0.26307845
CC(=O)Nc1cccn(CC(=O)NCc2ccc(Cl)c(Cl)c2)c1=O,5.0,5.071094,-0.071094036
O=C(Nc1ccc(NS(=O)(=O)c2ccc(Cl)c(Cl)c2)cc1)Nc1cccc([N+](=O)[O-])c1,4.730487,5.164417,-0.43392992
COc1ccc(CNc2ccnc3oc4ccccc4c23)cc1,5.055517,4.708858,0.34665918
COC(=O)[C@]12CCC(C)(C)C[C@H]1C1=CC[C@@H]3[C@@]4(C)C[C@@H](O)[C@H](O)C(C)(C)[C@@H]4CC[C@@]3(C)[C@]1(C)CC2,4.6675615,4.573402,0.0941596
O=C1N=C(Nc2ccc(-c3nc4ccccc4[nH]3)cc2)CN1,5.2596374,5.315412,-0.05577469
O=C1O/C(=C\c2ccc(O)cc2)C(O)=C1c1ccc(O)cc1,6.0,6.414371,-0.414371
O=C([O-])c1cn([C@H]2O[C@H](CO)[C@@H](O)[C@H](O)[C@H]2O)nn1,4.567031,4.9536614,-0.38663054
CC[C@H]1O[C@@H](NC(=S)NN=Cc2ccc(OC)cc2)[C@H](O)[C@@H](O)[C@@H]1O,9.920818,10.244784,-0.32396603
C[C@]1(O)C[C@@H](O)[C@]2(O)C=CO[C@@H](O[C@H]3O[C@H](CO)[C@@H](O)[C@H](O)[C@H]3O)[C@@H]21,5.6382723,5.7352653,-0.09699297
Cc1ccc(NC(=O)CSc2nc(-c3ccccc3F)nc3c2Cc2c(CO)cnc(C)c2O3)cc1,6.2139587,6.5428424,-0.32888365
O=C(c1ccc(-c2nccs2)cc1)N1CCN(C(=O)c2cccc(F)c2)CC1,6.0,5.8544917,0.14550829
COc1cc(O)c2c(=O)c(CO)c(C)oc2c1,5.5686364,5.258779,0.30985737
O=C(O)C1CCC(Cn2c(=S)[nH]c3ccc(F)cc3c2=O)CC1,4.0,3.9663222,0.033677816
O=C(NCCCCCCNC(=O)Nc1cccc([N+](=O)[O-])c1)Nc1cccc([N+](=O)[O-])c1,4.30103,4.2525945,0.048435688
CC1(C)CC[C@]2(C(=O)OCc3ccccc3)CC[C@]3(C)C(=CCC4[C@@]5(C)CC[C@H](O)C(C)(C)C5CC[C@]43C)[C@@H]2C1,6.481486,5.9382434,0.54324245
CC1(C)CC[C@]2(C(=O)OCc3ccccc3)CC[C@]3(C)C(=CC[C@@H]4[C@@]5(C)CC[C@H](O)C(C)(C)[C@@H]5CC[C@]43C)[C@@H]2C1,9.552842,9.235759,0.31708336
CC[C@H]1O[C@@H](NC(=S)NN=Cc2ccccc2[N+](=O)[O-])[C@H](O)[C@@H](O)[C@@H]1O,5.0,4.9391565,0.060843468
Cc1noc(C)c1S(=O)(=O)N1CCN(c2nc(N3CCOCC3)ncc2Br)CC1,4.465974,4.5161476,-0.05017376
O=C(c1ccc(-c2nccs2)cc1)N1CCN(C(=O)c2ccc(Cl)cc2Cl)CC1,8.638272,8.804383,-0.16611099
O=C(c1ccc(-c2ccccn2)cc1)N1CCN(C(=O)c2cccc(C(F)(F)F)c2)CC1,5.4952574,5.02169,0.4735675
CCCS(=O)(=O)N1CCN(c2nc(Cl)ncc2Br)CC1,5.0,5.2708817,-0.27088165
O=S(=O)(c1cc(Cl)sc1Cl)N1CCN(c2nc(N3CCOCC3)ncc2Br)CC1,5.8860564,5.4712305,0.41482592
O=C(c1ccc(Cl)cc1[N+](=O)[O-])N1CCN(c2nc(N3CCOCC3)ncc2Br)CC1,4.6883945,4.9608455,-0.27245092
Cc1ccc(-c2ccc(C(=O)N3CCN(C(=O)c4cccc(F)c4)CC3)cc2)cn1,6.0,6.6037154,-0.6037154
Cc1ccc(-c2ccc(C(=O)N3CCN(C(=O)c4cccc(N(C)C)c4)CC3)cc2)cn1,9.30103,9.311828,-0.010797501
O=S(=O)(C1CC1)N1CCN(c2nc(Cl)ncc2Br)CC1,4.952959,4.3318567,0.62110233
Cc1ccnc(-c2ccc(C(=O)N3CCN(C(=O)c4ccc(C(C)(C)C)cc4)CC3)cc2)c1,6.2596374,6.85702,-0.59738255
Cc1cccc(CN2C(=O)/C(=N\Nc3nncs3)c3ccccc32)c1,5.6143937,5.69846,-0.08406639
COC(=O)c1cn([C@@H]2O[C@H](CO)[C@@H](O)[C@H](O)[C@H]2O)nn1,5.075721,4.756495,0.3192258
S=C1N=C(Nc2ccc(-c3nc4ccccc4[nH]3)cc2)CNN1,4.026392,4.1291637,-0.10277176
N=C1N=C(Nc2ccc(-c3nc4ccccc4[nH]3)cc2)CN1,7.180456,7.1010456,0.07941055
CC[C@H]1O[C@@H](NC(=S)NN=Cc2ccc(C(F)(F)F)cc2)[C@H](O)[C@@H](O)[C@@H]1O,5.1000156,5.004234,0.0957818
COc1ccc(-c2nc([C@@H]3O[C@H](CO)[C@@H](O)[C@H](O)[C@H]3O)no2)cc1,5.0,4.7940435,0.20595646
CC1(C)CC[C@]2(C(=O)OCc3ccccc3)CC[C@]3(C)C(=CC[C@@H]4[C@@]5(C)C[C@@H](O[Si](C)(C)C(C)(C)C)[C@@H](O)C(C)(C)[C@@H]5CC[C@]43C)[C@@H]2C1,4.026166,4.2536387,-0.22747278
c1ccc(-n2cccc2-c2nc(N3CCCCCC3)nc(N3CCCCCC3)n2)cc1,5.229148,5.179715,0.049432755
O=C(Nc1ccc(NS(=O)(=O)c2ccc(Cl)c(Cl)c2)cc1)Nc1ccccc1[N+](=O)[O-],4.0260367,4.075149,-0.04911232
CCCCCCN(CCCCCC)c1nc(-c2cccn2Cc2ccccc2)nc(N(CCCC)CCCC)n1,6.7772837,6.850307,-0.07302332
OC[C@H]1O[C@@H](n2cc(Cc3ccccc3)nn2)[C@H](O)[C@@H](O)[C@@H]1O,7.004365,6.15153,0.8528352
C=C(C)[C@@H](C)CC[C@@H](C)[C@H]1CC[C@@]2(C)[C@@H]3CC[C@H]4[C@H](C)C(=O)CC[C@@]45C[C@@]35CC[C@]12C,6.30103,6.772906,-0.47187567
Cc1n[nH]c(C)c1/N=N/c1ccc(-c2nc3ccccc3[nH]2)cc1,5.154902,4.6772566,0.4776454
OC[C@H]1O[C@@H](n2cc(-c3cccc4ccccc34)nn2)[C@H](O)[C@@H](O)[C@@H]1O,6.180456,5.566646,0.61381006
OC[C@H]1O[C@@H](c2cc3ccccc3[nH]2)[C@H](O)[C@@H](O)[C@@H]1O,7.09691,7.3813505,-0.28444052
O=[N+]([O-])c1ccc(-c2noc([C@@H]3O[C@H](CO)[C@@H](O)[C@H](O)[C@H]3O)n2)cc1,5.0,4.7571235,0.24287653
CC[C@H]1CC[C@@H](O)[C@@H](CO[C@@H]2O[C@H](CO)[C@@H](O)[C@H](O)[C@H]2O)N1,8.428291,8.2648325,0.16345882
OCc1cn([C@H]2O[C@H](CO)[C@@H](O)[C@H](O)[C@H]2O)nn1,5.3665314,5.1206875,0.24584389
C[C@H]1C[C@H](C)CN(CCCNc2ccc(C(=O)Nc3ccc(C(F)(F)F)cc3)cc2[N+](=O)[O-])C1,4.8894105,5.421759,-0.53234863
N#Cc1ccc(C2=NO[C@]3(O[C@H](CO)[C@@H](O)[C@H](O)[C@H]3O)S2)cc1,5.09691,4.624924,0.47198582
COc1cc(/C=N/NC(=O)c2ccc(Nc3ccnc4cc(Cl)ccc34)cc2)cc(OC)c1OC,9.0,9.095203,-0.0952034
NC(=O)[C@@]1(n2cc(-c3ccc4ccccc4c3)nn2)O[C@H](CO)[C@@H](O)[C@H](O)[C@H]1O,7.850792,7.454512,0.3962798
O=C(O)c1ccc2c3c1C(=O)N(c1ccccc1)C3=CCC2,4.1870866,4.9833636,-0.79627705
OC[C@H]1O[C@@]2(CC(c3c[nH]c4ccccc34)=NO2)[C@H](O)[C@@H](O)[C@@H]1O,5.0,6.2446246,-1.2446246
O=C(Cn1cccc(NCc2ccccc2)c1=O)NC1CCN(Cc2ccccc2)CC1,6.154902,6.536493,-0.38159084
CC1(C)C2CC[C@]3(C)[C@H](C(=O)C=C4[C@@H]5C[C@@](C)(C(=O)O)CC[C@]5(C)CC[C@]43C)[C@@]2(C)CC[C@@H]1O[C@H]1O[C@H](C(=O)O)[C@@H](O)[C@H](O)[C@H]1O[C@@H]1O[C@H](C(=O)O)[C@@H](O)[C@H](O)[C@H]1O,4.653647,4.159675,0.49397182
C/C(=N/Nc1ccc([N+](=O)[O-])cc1[N+](=O)[O-])c1ccc(-n2nncc2C(C)(C)C)cc1,5.0,5.571099,-0.5710988
COc1ccc(OC)c(NS(=O)(=O)c2ccc(NS(=O)(=O)c3cccc([N+](=O)[O-])c3)cc2)c1,6.3467875,6.0909977,0.25578976
OC[C@H]1O[C@@H](c2cc(O)ccc2O)[C@H](O)[C@@H](O)[C@@H]1O,5.0,5.7398634,-0.7398634
CC1(C)CC[C@]2(C(=O)OCc3ccccc3)CC[C@]3(C)C(=CCC4[C@@]5(C)Cc6nonc6C(C)(C)C5CC[C@]43C)[C@@H]2C1,5.6777806,6.1140757,-0.43629503
O=CNc1cccc([N+](=O)[O-])c1,9.39794,9.934522,-0.536582
O=C(O)c1ccc2c3c1C(=O)N(Cc1ccccc1)C3=CCC2,5.0,5.1915584,-0.19155836
O=C(O)c1ccc2c3c1C(=O)N(Cc1ccccc1)C3(O)CCC2,3.8239088,3.9642522,-0.14034343
O=c1ccc2ccc(Oc3cc4ccc(O)c(-c5c(OC6O[C@H](CO)[C@@H](O)[C@H](O)[C@H]6O)ccc6ccc(=O)oc56)c4oc3=O)cc2o1,5.5157585,5.485191,0.030567646
CCCCCSC(=O)c1c(C(=O)O)ccc2c1C(=O)CCC2,3.8239088,4.194477,-0.37056828
c1ccc(C2=NCCCCO2)cc1,6.39794,5.884722,0.5132179
O=c1ccc2ccc(O)c(-c3c(OC4O[C@H](CO)[C@@H](O)[C@H](O)[C@H]4O)ccc4ccc(=O)oc34)c2o1,4.9172144,5.2605443,-0.3433299
CC1(C)CC[C@]2(C(=O)OCC(=O)O)CC[C@]3(C)C(=CC[C@@H]4[C@@]5(C)C[C@@H](O)[C@H](O)C(C)(C)[C@@H]5CC[C@]43C)[C@@H]2C1,5.6197886,5.635764,-0.015975475
CC1(C)CC[C@]2(C(=O)OCc3ccccc3)CC[C@]3(C)C(=CC[C@@H]4[C@@]5(C)C[C@@H](O[Si](C)(C)C(C)(C)C)[C@H](O)C(C)(C)[C@@H]5CC[C@]43C)[C@@H]2C1,5.0,5.237639,-0.23763895
CCCNc1cccn(CC(=O)NCc2ccc(Cl)c(Cl)c2)c1=O,5.4089355,5.286184,0.12275171
C[C@@H]1O[C@@H](O)[C@@H](O)[C@H](O)[C@@H]1O,4.823909,5.42489,-0.60098124
O[C@@H]1[C@@H](OC[C@H]2O[C@H](CN(CC3CCCCC3)CC3CCCCC3)[C@@H](O)[C@@H]2O)O[C@H](CN(CC2CCCCC2)CC2CCCCC2)[C@H]1O,5.7692957,6.228106,-0.45881033
O[C@H]1[C@H](O)[C@@H](CN(CC2CCCCC2)CC2CCCCC2)O[C@@H]1/C=C/[C@H]1O[C@H](CN(CC2CCCCC2)CC2CCCCC2)[C@@H](O)[C@@H]1O,6.405607,6.565676,-0.16006899
Cc1ccc(C(=O)N[C@@H]2O[C@H](CO)[C@@H](O)[C@H](O)[C@H]2O)cc1,4.220043,4.5216355,-0.30159235
CCCCCC#Cc1cn([C@@H]2O[C@H](CO)[C@@H](O)[C@H](O)[C@H]2O)c(=O)[nH]c1=O,8.408936,8.735641,-0.32670498
CC(C)CC(N)C(=O)N1CCOCC1,4.0265026,4.105205,-0.07870245
c1ccc(C2=NC3CCCCC3N2)cc1,6.0409584,6.0149827,0.025975704
O=NC(S[C@@H]1O[C@H](CO)[C@@H](O)[C@H](O)[C@H]1O)c1ccc([N+](=O)[O-])cc1,9.031517,8.933347,0.09817028
c1ccc(C2=NCCO2)cc1,3.69897,3.8930488,-0.19407868
