Observed,Predicted,Residual
5.320572,4.9179115,0.40266037
4.026341,4.405551,-0.37921
8.0,7.3944006,0.6055994
7.7695513,7.978838,-0.20928669
6.2090116,6.7497873,-0.5407758
5.0,5.591297,-0.59129715
9.69897,7.9935827,1.7053871
4.823909,4.554862,0.26904678
4.823909,5.9792385,-1.1553297
5.4436975,5.3915987,0.05209875
5.0,7.0662556,-2.0662556
5.0,5.836076,-0.8360758
8.688375,8.29938,0.38899517
6.161151,5.2860594,0.87509155
4.186419,4.41144,-0.22502089
5.0,4.8306665,0.16933346
9.522879,9.414384,0.10849476
4.026295,4.091487,-0.065191746
6.0,5.9160566,0.08394337
5.69897,5.945304,-0.24633408
7.3467875,6.8645353,0.48225212
6.3467875,5.3857737,0.9610138
5.300515,6.6885033,-1.3879881
5.2596374,5.5947666,-0.33512926
4.0262537,4.468685,-0.44243145
5.5543957,4.969298,0.5850978
9.2218485,9.261504,-0.039655685
4.0265303,3.9265668,0.09996343
4.69897,6.301428,-1.602458
7.2596374,7.609234,-0.3495965
9.366531,9.032952,0.33357906
6.337653,5.5925884,0.74506474
8.2218485,7.934697,0.28715134
6.0,6.618413,-0.618413
4.623423,4.7074585,-0.0840354
4.0,5.708248,-1.7082481
4.69897,5.1705475,-0.47157764
4.600811,4.8568563,-0.25604534
6.5086384,5.09068,1.4179583
9.142668,8.770368,0.37230015
7.455932,5.488346,1.967586
5.381011,7.1484413,-1.7674303
4.79588,5.2376604,-0.44178057
4.69897,4.8131366,-0.11416674
4.30103,5.1539116,-0.85288143
7.3565474,6.838457,0.51809025
4.49485,5.2060156,-0.7111654
5.8784404,5.259939,0.6185012
6.8268137,6.6761713,0.1506424
8.970616,9.396062,-0.42544556
5.958607,4.8738594,1.0847478
5.2132487,5.664093,-0.4508443
5.9931064,5.3054714,0.68763494
4.30103,5.337908,-1.0368776
6.8827286,7.00875,-0.12602139
7.4202166,6.0469713,1.3732452
5.1999707,4.6431932,0.5567775
6.0,6.0900545,-0.09005451
9.1549015,8.492291,0.66261005
4.0,4.9221697,-0.9221697
4.6946487,4.9550486,-0.26039982
6.0,5.929985,0.07001495
7.39794,6.8758526,0.5220876
6.2380724,5.2184477,1.0196247
5.0008693,4.8475304,0.15333891
9.119186,8.242439,0.87674713
5.500038,5.266755,0.23328304
5.0,5.01385,-0.013850212
9.420217,9.13668,0.2835369
6.543634,6.791445,-0.24781084
6.2006593,7.457919,-1.2572598
6.0,5.2243786,0.7756214
5.0,5.3194523,-0.3194523
9.468521,7.6973352,1.7711859
7.707744,6.760356,0.9473882
4.6811023,5.565955,-0.8848529
4.127261,3.9520204,0.17524076
4.026406,4.610321,-0.58391523
9.107905,8.381786,0.72611904
4.60206,4.6865835,-0.08452368
6.958607,6.460576,0.49803114
6.0,5.607378,0.392622
6.876148,7.646015,-0.76986694
6.552842,5.5226107,1.0302315
6.747147,4.988947,1.7582002
4.745911,5.03506,-0.2891488
7.0222764,5.369622,1.6526542
6.6439743,7.571109,-0.9271345
5.5622497,5.0975285,0.4647212
4.0,3.7136366,0.28636336
6.2502637,5.148074,1.1021895
7.455932,6.815901,0.64003134
5.60206,4.6822853,0.91977453
9.39794,7.982855,1.4150848
9.267606,8.123387,1.1442184
5.415895,4.3279953,1.0878997
5.6575775,5.1733274,0.48425007
3.69897,3.8713758,-0.17240572
5.417937,5.187785,0.23015165
8.920818,7.091505,1.8293133
4.7212462,5.2336435,-0.5123973
6.154902,5.7440853,0.41081667
3.9746943,4.1469107,-0.17221642
4.0,4.1677265,-0.16772652
5.5142784,5.2273006,0.28697777
5.709965,5.6667852,0.04317999
6.0,6.023782,-0.023781776
4.29073,4.1039953,0.18673468
3.8239088,4.597493,-0.77358437
8.0,7.7281313,0.2718687
4.154902,3.9988613,0.15604067
4.853872,4.7068863,0.14698553
9.318759,9.258367,0.06039238
5.0,5.70796,-0.7079601
3.9161391,4.4365816,-0.5204425
7.967266,7.286805,0.68046093
10.0,8.777769,1.2222309
7.154902,5.7324533,1.4224486
4.026341,3.8826563,0.14368463
4.30103,4.998664,-0.69763374
6.0,6.19724,-0.19723988
6.5228786,6.2733088,0.2495699
4.69897,5.9252996,-1.2263298
7.39794,5.5718193,1.8261209
7.537602,5.779496,1.7581058
5.05,4.5635366,0.48646355
4.625435,4.729869,-0.10443401
5.8860564,6.7521524,-0.866096
5.829738,5.4307394,0.39899874
5.0,5.4818316,-0.48183155
7.79588,5.195716,2.600164
4.534617,4.4452333,0.0893836
3.1079054,4.966138,-1.8582325
7.5850267,7.6503496,-0.065322876
8.0,7.406103,0.59389687
4.725634,4.846386,-0.12075186
4.026341,4.00893,0.017410755
4.3925447,5.070326,-0.6777811
9.60206,9.554748,0.047312737
7.075721,6.711626,0.36409473
4.9956784,3.7682595,1.2274189
5.0,4.7534733,0.24652672
4.69897,4.6352415,0.06372833
5.860121,6.1993895,-0.33926868
4.0,3.588413,0.411587
5.1687703,4.773575,0.39519548
6.759451,6.4359856,0.32346535
6.600326,6.0460415,0.5542846
6.823909,6.095644,0.7282648
4.0262537,3.583142,0.44311166
7.8860564,8.533427,-0.6473708
6.0,6.3039017,-0.30390167
5.2999887,4.7468805,0.5531082
6.2596374,6.6312733,-0.3716359
2.2146702,4.899472,-2.684802
4.6346993,4.4257545,0.2089448
6.0,5.689748,0.3102522
6.2596374,5.2351494,1.024488
4.823909,5.444789,-0.6208801
4.5638375,4.832864,-0.26902628
6.0,6.0385303,-0.03853035
4.782516,4.5946884,0.18782759
5.552842,4.671896,0.88094616
8.954677,6.492861,2.4618158
7.338187,7.3457375,-0.0075502396
4.782806,5.469161,-0.6863551
8.7167225,8.28192,0.43480206
5.0,4.8291698,0.17083025
4.207608,4.6300573,-0.4224491
4.851089,4.36269,0.48839903
5.692932,5.793294,-0.100361824
5.481486,5.5417547,-0.06026888
5.20204,6.0534887,-0.85144854
5.853872,5.3917,0.46217203
5.0,5.2746487,-0.27464867
4.0,5.2977705,-1.2977705
5.39794,5.5808897,-0.18294954
4.30103,4.8006506,-0.49962044
7.8041005,7.1962547,0.6078458
5.161214,4.980582,0.18063164
8.712198,7.991576,0.72062206
8.847712,8.413987,0.4337244
5.0,5.4940443,-0.4940443
5.858864,6.2880774,-0.42921352
4.8370476,5.554427,-0.71737957
7.387216,5.9224377,1.4647784
6.5114493,5.6847935,0.82665586
4.5850267,4.6543474,-0.06932068
6.0,5.5524178,0.44758224
5.630784,5.877795,-0.24701118
6.155523,6.786749,-0.63122606
5.33,5.43478,-0.1047802
4.3665314,5.199024,-0.8324928
9.207608,8.430625,0.77698326
4.0,3.6724217,0.3275783
6.3050003,6.1537933,0.15120697
4.952959,4.548787,0.40417194
6.0376306,4.873416,1.1642146
4.30103,4.676854,-0.37582397
6.950782,5.5594273,1.3913546
6.670094,6.4762087,0.19388533
5.69897,6.1977386,-0.4987688
4.853872,5.54953,-0.6956582
5.055517,5.1919765,-0.13645935
5.2596374,5.637285,-0.37764788
4.0,4.218751,-0.21875095
5.2596374,5.5373735,-0.2777362
5.124939,5.328353,-0.20341396
6.0840726,5.3194494,0.76462317
3.9669785,4.4362116,-0.46923304
6.0655017,6.4067116,-0.3412099
5.0,4.493517,0.5064831
6.167491,5.6334276,0.53406334
8.744727,8.871389,-0.12666225
8.0,7.564705,0.4352951
4.559091,4.496822,0.06226921
4.6999917,4.318068,0.38192368
6.0,6.2081614,-0.20816135
7.7607007,4.9497023,2.8109984
4.026295,3.5954928,0.43080235
6.0,6.3420277,-0.34202766
8.508638,8.311629,0.19700909
4.60206,4.9190683,-0.3170085
5.0,5.516405,-0.5164051
4.850781,4.114094,0.7366872
6.571865,6.643613,-0.07174778
6.8664613,6.7128267,0.15363455
5.038579,4.2252765,0.8133025
5.0,5.229677,-0.2296772
7.853872,7.865306,-0.011434078
4.7181716,4.64271,0.07546139
5.6197886,5.911913,-0.29212427
6.6197886,5.527979,1.0918097
5.0,4.6149497,0.3850503
5.6382723,5.4922247,0.14604759
6.0,6.28417,-0.28417015
6.2596374,6.6322765,-0.37263918
3.3149753,3.30252,0.012455225
4.304518,5.196293,-0.89177465
5.0,5.9783993,-0.9783993
4.732828,4.3128176,0.42001057
6.860121,6.7151823,0.14493847
3.6478174,4.5491138,-0.9012964
6.235077,5.3471174,0.8879595
4.026383,3.7310193,0.29536366
5.0,4.899316,0.100684166
6.1985965,5.6894426,0.50915384
8.522879,8.350185,0.17269325
8.30103,7.112974,1.188056
4.79588,4.779146,0.016733646
5.8860564,5.6927376,0.19331884
8.744727,8.440936,0.30379105
7.017729,6.9369583,0.08077049
8.30103,6.7071514,1.5938787
6.920819,6.004465,0.9163537
4.6655464,5.2009306,-0.5353842
5.5228786,6.396057,-0.8731785
6.0,5.624899,0.3751011
5.0,5.5737514,-0.57375145
6.229148,6.236409,-0.0072612762
4.30103,4.759817,-0.45878696
3.1733422,5.9747543,-2.801412
4.69897,4.722216,-0.023246288
9.603801,8.669604,0.9341965
6.8996296,5.967663,0.9319668
7.69897,5.998332,1.7006378
9.031517,7.351022,1.6804953
6.90309,6.9402485,-0.03715849
8.522879,8.457204,0.06567478
4.876148,4.4400597,0.43608856
7.0,6.0219316,0.97806835
7.075721,5.884843,1.1908779
6.0,6.83578,-0.83578014
5.455932,5.5221176,-0.066185474
4.823909,5.715144,-0.89123535
4.211761,5.145378,-0.9336171
5.247184,4.8018713,0.4453125
4.782516,4.503046,0.27946997
4.0264797,4.479021,-0.45254135
4.69897,4.721529,-0.022559166
5.481486,6.306203,-0.82471704
5.6382723,5.712039,-0.07376671
4.90309,4.9220085,-0.018918514
6.221849,5.8030367,0.41881227
7.6575775,7.898676,-0.2410984
5.0655017,5.7315426,-0.6660409
7.161151,6.3928022,0.7683487
3.8239088,3.879775,-0.05586624
5.3665314,5.3223705,0.044160843
4.69897,5.9702997,-1.2713299
4.37059,4.7248974,-0.35430717
6.1524496,6.234888,-0.08243847
4.1481304,4.6895,-0.54136944
5.0,5.333046,-0.33304596
4.026341,4.303938,-0.27759695
3.9193735,3.9925864,-0.07321286
9.244125,8.463751,0.7803745
8.649752,7.5347986,1.114953
7.3925447,6.7416887,0.650856
7.326058,7.1649904,0.16106749
7.6197886,6.7076225,0.9121661
4.860121,4.846975,0.013145924
5.539854,5.740059,-0.20020485
8.522879,7.51729,1.0055885
4.6147513,4.824216,-0.20946455
5.4259686,6.36837,-0.9424014
6.7121983,5.9735518,0.7386465
6.0,5.6388435,0.36115646
5.5228786,6.1876335,-0.66475487
4.5833597,5.609969,-1.0266094
9.107905,8.842963,0.26494217
6.8664613,6.8106327,0.05582857
7.6777806,6.6964006,0.98138
6.6143937,6.662344,-0.047950268
6.856985,7.1315365,-0.2745514
5.0,5.36831,-0.36830997
8.522879,7.7927275,0.7301512
6.7447276,6.398093,0.3466344
3.69897,5.5609035,-1.8619335
7.7351823,7.326415,0.40876722
4.7999983,4.389568,0.41043043
8.047208,6.3098516,1.7373562
5.1307683,5.005062,0.1257062
5.154902,5.470436,-0.3155341
4.30103,5.011071,-0.71004105
5.7212462,5.6539555,0.06729078
6.710523,7.66323,-0.9527068
4.0170507,4.756832,-0.7397814
9.29243,7.043749,2.248681
7.8860564,6.021455,1.8646016
4.481486,4.4461374,0.035348415
8.522879,8.827758,-0.3048792
6.1366773,5.640443,0.49623442
5.6540384,5.238945,0.41509342
8.036212,5.700244,2.335968
7.920819,8.016682,-0.095862865
7.05061,7.9042025,-0.8535924
6.177832,6.186757,-0.008924961
8.0,7.7779207,0.22207928
6.0570006,6.1171217,-0.06012106
7.0,5.949274,1.0507259
6.207608,6.5334597,-0.32585144
7.047692,5.10612,1.9415717
6.2006593,4.574545,1.6261144
6.703335,5.960434,0.74290085
4.026747,4.5629964,-0.53624916
9.431798,9.113431,0.318367
5.8632793,5.0216074,0.84167194
6.0,5.977581,0.022418976
8.522879,8.385044,0.13783455
4.30103,4.5346003,-0.2335701
7.1366773,6.2159986,0.9206786
5.0,5.057537,-0.05753708
5.2596374,5.432355,-0.17271757
4.823909,5.6509943,-0.8270855
7.309804,6.2359877,1.0738163
4.026761,4.3856125,-0.35885143
5.3565474,6.5071163,-1.150569
5.853872,6.0203037,-0.1664319
4.133695,4.0203085,0.11338663
7.4089355,7.3813515,0.027584076
4.60206,4.1239195,0.47814035
6.129596,5.629554,0.50004244
4.5228786,4.0506644,0.47221422
6.1870866,5.057316,1.1297708
5.7399645,6.1890507,-0.4490862
5.2441254,4.9675713,0.2765541
5.565431,6.655525,-1.0900941
4.0260367,4.20113,-0.17509317
6.1732774,6.5939655,-0.42068815
5.0,4.2893486,0.7106514
8.1549015,6.521513,1.6333885
7.318759,6.359829,0.95893
5.6382723,4.4929485,1.1453238
4.30103,5.8762836,-1.5752535
8.522879,7.354315,1.1685638
4.013676,5.4599066,-1.4462304
6.318759,5.991581,0.327178
3.8239088,4.319805,-0.49589634
6.070581,5.126602,0.9439788
9.080922,8.106335,0.97458744
6.0,6.839595,-0.83959484
4.026341,4.167944,-0.141603
5.229148,5.9140654,-0.68491745
6.2676063,5.1911745,1.0764318
8.995679,8.097352,0.8983269
5.7721133,4.709278,1.0628352
6.318759,5.916705,0.40205383
9.236572,7.6912107,1.5453615
5.275724,5.152958,0.12276602
3.6550186,4.568366,-0.9133475
6.958607,6.15386,0.8047471
6.0,5.792177,0.2078228
6.1191864,5.753648,0.3655386
5.5100417,6.2178707,-0.707829
9.585027,8.887236,0.6977911
8.180456,8.449194,-0.2687378
4.60206,4.294464,0.30759573
4.026401,4.2129126,-0.18651152
5.2596374,5.206621,0.053016186
4.5734887,5.0753536,-0.5018649
6.0,5.793337,0.20666313
5.5228786,4.6684456,0.85443306
5.0,5.304364,-0.3043642
6.5686364,5.5430355,1.0256009
5.6382723,5.5397654,0.09850693
5.2596374,5.8347635,-0.5751262
7.4089355,8.424099,-1.0151634
8.0,7.5681915,0.43180847
4.09691,4.308647,-0.21173716
6.935542,7.522891,-0.58734894
8.167491,6.3056793,1.8618116
6.7447276,5.365938,1.3787894
5.0814457,4.988427,0.09301853
6.5044556,5.5770273,0.92742825
6.102373,5.8941,0.20827293
5.2596374,5.6263313,-0.36669397
5.8579235,7.5751896,-1.7172661
7.042872,7.639118,-0.59624624
9.49485,8.725234,0.7696161
4.9076304,5.6668987,-0.7592683
3.20412,4.5701323,-1.3660123
4.7520266,4.917814,-0.16578722
7.2596374,7.4909487,-0.23131132
4.686133,4.7756977,-0.0895648
6.0,6.158805,-0.1588049
5.0065637,5.75132,-0.7447562
7.7121983,7.6072664,0.10493183
9.045757,7.679282,1.3664751
4.5228786,4.962342,-0.43946314
5.543634,5.39423,0.14940405
5.498941,5.0658016,0.43313932
7.29243,5.4677896,1.8246403
6.2139587,6.146242,0.0677166
7.6777806,6.9800797,0.697701
3.0579424,4.248034,-1.1900916
9.267606,9.142521,0.12508488
4.50724,4.364606,0.14263391
5.490932,4.5099635,0.9809685
4.30103,4.4886026,-0.18757248
5.2596374,5.6455564,-0.3859191
7.3925447,6.3861628,1.006382
8.642065,7.8776093,0.7644558
7.446117,7.558633,-0.11251593
4.30103,6.21113,-1.9101
4.3936186,5.274253,-0.8806343
7.3467875,6.7497873,0.5970001
3.8430877,4.0998154,-0.2567277
5.0,5.1382694,-0.13826942
6.2596374,7.34196,-1.0823226
4.0,5.021021,-1.0210209
4.607303,4.2305803,0.3767228
7.2150264,6.6772556,0.53777075
7.3279023,6.684654,0.6432481
5.5686364,7.0842857,-1.5156493
9.09691,9.345771,-0.24886036
8.337242,7.16632,1.1709223
5.4775558,5.428485,0.049070835
5.4952574,5.635495,-0.14023781
4.026438,4.158496,-0.13205767
7.5228786,6.596263,0.9266157
4.823909,4.6147957,0.20911312
5.069051,5.1880865,-0.11903572
4.1402617,4.474001,-0.33373928
8.920818,7.8230343,1.097784
4.983803,4.849467,0.134336
8.721247,8.01917,0.7020769
4.579203,6.019803,-1.4405999
5.3467875,4.4502897,0.8964977
4.0,4.386935,-0.38693523
6.3467875,5.7255116,0.6212759
7.5850267,6.431471,1.1535559
9.337242,8.984958,0.35228443
8.327902,6.021455,2.306447
4.60206,4.4577036,0.14435625
4.922269,6.3801937,-1.4579248
6.0,5.802348,0.19765186
5.0,5.600211,-0.60021114
5.9100947,5.93184,-0.021745205
9.30103,8.396818,0.904212
5.014125,5.269665,-0.2555399
5.0,5.8187513,-0.81875134
5.0,4.4585214,0.54147863
8.207608,6.9954224,1.2121859
5.49485,6.066988,-0.57213783
4.30103,4.5232134,-0.22218323
7.4202166,7.3817625,0.038454056
6.707744,6.1450777,0.5626664
5.549751,4.9014015,0.6483493
8.30103,5.820922,2.4801083
6.5157003,6.3475657,0.16813469
4.6635404,4.3595257,0.30401468
6.838632,6.200651,0.63798094
4.3851027,4.579566,-0.19446325
5.6575775,5.130534,0.52704334
3.30103,5.499136,-2.198106
4.69897,6.281478,-1.5825081
4.0,3.8510349,0.14896512
6.6382723,5.6984873,0.939785
7.853872,5.8161297,2.0377421
5.2196827,5.8800087,-0.660326
4.2596374,4.0882883,0.17134905
4.5316525,5.882475,-1.3508224
9.420217,7.8538246,1.566392
5.6382723,5.171402,0.4668703
5.5543957,5.292906,0.26148987
5.565431,5.150217,0.41521406
5.3279023,5.8035946,-0.47569227
5.207608,5.211914,-0.0043058395
7.124939,6.8558607,0.26907825
5.276544,4.636984,0.6395602
7.0,6.2425127,0.7574873
8.0,7.8003273,0.1996727
4.69897,4.5990047,0.099965096
5.835647,6.7297745,-0.89412737
7.481486,6.803646,0.67783976
6.0,5.7928743,0.20712566
9.207608,9.347443,-0.1398344
4.801343,4.88118,-0.079836845
8.674361,8.299381,0.37497997
5.853872,6.727994,-0.87412214
5.3665314,4.8917494,0.474782
5.1511955,4.519328,0.6318674
4.0,5.0889177,-1.0889177
7.823909,8.553936,-0.7300272
6.7189665,6.4693327,0.24963379
8.30103,7.5222235,0.7788067
5.0,5.628664,-0.628664
8.0,7.7839203,0.21607971
7.055517,7.37274,-0.3172226
8.455932,7.803258,0.6526737
8.759451,9.21833,-0.45887947
5.2596374,5.1572695,0.10236788
4.7212462,5.1260614,-0.4048152
8.522879,8.716381,-0.19350243
5.256412,4.7163877,0.5400243
8.468521,6.523795,1.944726
5.0,6.567255,-1.567255
4.0,4.3107047,-0.3107047
8.49894,7.886554,0.6123867
7.853872,7.912671,-0.058799267
6.221849,6.45562,-0.23377085
3.69897,4.314366,-0.6153958
5.958607,4.9825773,0.9760299
7.6478176,7.481984,0.16583347
4.6832123,5.1617126,-0.47850037
6.0,5.625532,0.37446785
5.0,5.077382,-0.07738209
5.0,5.1844797,-0.18447971
5.9100947,5.898926,0.011168957
5.411168,6.158126,-0.7469578
5.552842,6.238492,-0.6856499
4.026406,4.35365,-0.32724428
5.6382723,5.0067596,0.63151264
7.8860564,8.015896,-0.12983942
5.920819,5.2854357,0.6353831
6.459833,6.062463,0.39737034
5.3196645,6.52505,-1.2053857
7.221849,6.1997623,1.0220866
4.943095,5.7695417,-0.82644653
9.508638,8.6200075,0.88863087
5.0,5.1310835,-0.13108349
6.221849,6.5245523,-0.30270338
4.026383,4.213889,-0.1875062
4.69897,4.6336975,0.06527233
9.39794,9.486966,-0.08902645
4.5228786,5.4089403,-0.88606167
8.2218485,7.4180183,0.80383015
6.3419886,6.1928673,0.14912128
7.180456,5.7942276,1.3862286
5.625252,5.6142054,0.01104641
4.851089,4.767165,0.08392382
7.958607,8.5157175,-0.5571103
7.0132284,6.926324,0.086904526
6.221849,5.540532,0.68131685
5.236572,4.4909935,0.7455783
9.79588,8.382109,1.4137716
6.0,6.2964306,-0.2964306
4.0,5.904236,-1.9042358
6.600326,6.309243,0.29108286
5.298432,5.2243004,0.07413149
4.30103,5.02398,-0.72295
6.0438313,7.1907234,-1.1468921
4.30103,3.9973133,0.3037169
5.69897,6.614526,-0.91555595
4.30103,4.0234194,0.27761078
3.09691,5.1755886,-2.0786786
8.79588,7.558449,1.2374315
6.8539963,6.2487116,0.6052847
5.7931743,5.3322153,0.46095896
4.69897,4.7932005,-0.09423065
8.378823,7.5291376,0.84968567
7.05061,6.1956635,0.8549466
4.6757174,4.7385206,-0.06280327
9.244125,8.628487,0.61563873
7.036212,6.2989883,0.7372236
5.231362,4.8787527,0.35260916
4.6161847,4.702179,-0.08599424
4.8292103,5.6788597,-0.8496494
4.0,5.4382668,-1.4382668
5.5406075,5.9127817,-0.37217426
4.696804,4.4235783,0.27322578
5.0,5.9556456,-0.95564556
5.387216,5.1397495,0.24746656
4.0,4.279823,-0.27982283
5.0,4.43437,0.56562996
4.026655,4.370983,-0.34432793
5.0,5.791683,-0.7916832
5.89279,5.7577114,0.13507843
9.30103,8.331706,0.9693241
5.5157585,6.575799,-1.0600405
8.823909,8.620877,0.20303154
5.0,5.0988483,-0.09884834
4.823909,5.679034,-0.8551254
6.0,5.5267982,0.47320175
5.21467,5.187742,0.026927948
4.2006593,4.3928475,-0.19218826
4.353596,4.810033,-0.45643663
4.450997,5.080552,-0.6295552
6.935542,6.5743313,0.36121082
6.1771784,5.384225,0.7929535
4.7212462,5.1731606,-0.4519143
6.3595185,5.7318907,0.62762785
8.040958,6.3699846,1.6709738
6.3645163,5.834505,0.5300112
5.2596374,5.1094646,0.15017271
5.271646,4.4142504,0.85739565
4.2479515,4.7315683,-0.48361683
6.21467,5.886836,0.32783413
6.0,6.3723736,-0.37237358
3.539102,4.635747,-1.0966449
7.318759,5.9612284,1.3575306
6.0,5.521001,0.47899914
3.5228786,5.1353016,-1.612423
4.1338606,5.4483624,-1.3145018
3.9657726,4.7032175,-0.7374449
5.2596374,5.339079,-0.07944155
8.958608,8.675066,0.28354168
7.0,5.818384,1.1816158
6.69897,6.605444,0.09352589
9.173925,8.553802,0.62012386
9.09691,8.776664,0.3202467
4.489723,4.991884,-0.502161
4.5228786,5.8960495,-1.3731709
7.5686364,7.3610106,0.20762587
4.729997,4.8996124,-0.16961527
3.69897,4.568573,-0.8696029
4.312828,4.838153,-0.5253248
5.747147,5.5327215,0.21442556
7.8632793,7.448365,0.41491413
6.0,4.7792826,1.2207174
6.120331,7.232565,-1.1122341
4.9000087,4.775177,0.12483168
5.498941,4.8089495,0.6899915
8.638272,7.7616215,0.8766508
7.537602,6.1732016,1.3644004
5.114639,5.587818,-0.47317934
9.747147,8.147227,1.5999193
6.0,5.4434147,0.5565853
4.47237,5.517927,-1.045557
4.5622497,4.3080683,0.25418139
5.7692957,5.9036016,-0.13430595
4.1985965,5.254737,-1.0561404
4.530178,4.415246,0.11493206
3.5228786,3.3542764,0.16860223
6.0,5.6644163,0.3355837
8.39794,7.4744387,0.923501
4.60206,5.8720818,-1.2700219
4.0,5.8104143,-1.8104143
4.008774,5.8465395,-1.8377657
4.853872,5.180341,-0.32646894
9.337242,7.69003,1.647212
5.8477116,5.143408,0.70430374
5.330033,5.537386,-0.20735312
7.69897,6.933199,0.7657709
5.0,5.5909824,-0.59098244
8.60206,7.5287704,1.0732899
8.30103,6.798833,1.5021973
4.552842,4.732276,-0.17943382
4.7235384,4.887807,-0.1642685
4.5867004,4.9466286,-0.35992813
6.481486,6.5575323,-0.07604647
4.048177,4.2457285,-0.19755173
6.8632793,6.0669775,0.79630184
4.30103,4.8298492,-0.5288191
6.0,6.3039017,-0.30390167
8.920818,8.382581,0.5382376
8.102373,8.427894,-0.32552052
6.0,4.60398,1.3960199
4.69897,4.9396915,-0.2407217
8.166853,7.4404116,0.7264414
6.39794,5.5923986,0.8055415
7.203426,5.821245,1.3821807
6.180456,5.4005785,0.77987766
6.39794,5.5488787,0.8490615
6.207608,7.1151676,-0.9075594
5.2596374,5.008913,0.25072432
6.221849,5.8358765,0.3859725
7.0,5.6762924,1.3237076
7.161151,7.087593,0.07355785
5.325139,5.8227825,-0.49764347
4.9000087,4.7105103,0.18949842
6.726004,5.805829,0.9201751
5.0,5.779394,-0.77939415
8.346787,6.2943907,2.0523968
5.0,5.678362,-0.6783619
9.309804,8.783941,0.5258627
8.522879,8.52157,0.0013084412
5.0,6.6239586,-1.6239586
3.9625735,3.993046,-0.030472517
5.236572,5.212661,0.023911
5.6382723,4.686967,0.9513054
6.0,6.643983,-0.6439829
6.958607,5.8930063,1.0656009
7.943095,7.46525,0.4778452
7.0457573,5.7858725,1.2598848
7.6777806,5.988633,1.6891475
6.0,5.526232,0.47376823
4.0,4.219892,-0.21989202
9.29243,6.599826,2.692604
7.21467,6.42247,0.7922001
8.317256,7.2813425,1.0359135
6.4534574,5.9708385,0.4826188
6.79588,5.954376,0.8415036
3.8239088,4.3058176,-0.4819088
5.879426,6.149847,-0.27042103
4.2062097,4.692893,-0.48668337
8.537602,8.419639,0.11796379
6.0,5.8242226,0.17577744
6.0,5.700735,0.2992649
8.481486,7.7593765,0.7221098
3.30103,4.6649904,-1.3639605
4.704213,4.359783,0.34442997
7.8416376,8.378427,-0.53678894
5.0,5.846343,-0.84634304
7.958607,7.9864016,-0.027794361
6.1687703,6.4907265,-0.32195616
6.958607,6.5808353,0.37777185
7.245271,6.778219,0.46705198
8.0,7.2297115,0.77028847
5.6382723,5.299014,0.3392582
6.669586,5.592678,1.0769081
9.481486,9.635832,-0.15434551
4.7189665,4.2467747,0.4721918
8.177178,7.612095,0.5650835
5.958607,4.7015843,1.2570229
5.6133227,6.4566116,-0.8432889
4.026295,5.2592325,-1.2329373
4.604167,4.949686,-0.34551907
5.5999804,6.120837,-0.52085686
6.318759,6.4004526,-0.08169365
9.39794,9.396062,0.0018777847
4.026078,4.349058,-0.32297993
4.496209,4.9924364,-0.49622726
6.0,5.848383,0.15161705
4.879426,4.5059423,0.37348366
7.5850267,7.620783,-0.03575611
4.026341,4.646217,-0.6198759
4.69897,4.960059,-0.26108932
4.1084623,4.569522,-0.46105957
5.3665314,5.3720407,-0.0055093765
5.6903696,5.2519264,0.43844318
6.537602,5.7611685,0.77643347
7.405607,6.48979,0.91581726
6.0457573,4.533758,1.5119991
4.6516953,4.6996956,-0.048000336
5.8664613,5.502142,0.36431932
3.69897,3.741059,-0.042088985
4.30103,5.2695293,-0.9684992
5.468521,5.685355,-0.21683407
6.229148,4.7658367,1.4633112
5.4619293,7.424514,-1.9625845
5.853872,6.0436516,-0.18977976
4.0264797,3.9256608,0.10081887
5.0609803,5.5933466,-0.5323663
6.086186,6.0659027,0.020283222
4.30103,4.346898,-0.04586792
5.60206,5.329011,0.27304888
5.2596374,5.563244,-0.3036065
7.118045,6.6772795,0.44076538
6.559091,7.3588552,-0.79976416
8.30103,8.0589075,0.24212265
8.603801,8.748135,-0.14433384
7.154902,6.328208,0.826694
6.306273,6.675414,-0.3691411
7.6382723,5.757082,1.8811903
7.2596374,7.1305065,0.12913084
3.5228786,4.950798,-1.4279194
5.4317985,5.2848434,0.14695501
6.1870866,7.2814503,-1.0943637
5.69897,6.776889,-1.077919
7.920819,7.575926,0.34489298
8.522879,7.277095,1.2457838
5.0,5.8689976,-0.8689976
6.6197886,6.1058884,0.5139003
4.30103,5.331932,-1.0309019
6.519993,6.2070017,0.31299114
7.221849,6.189949,1.0318999
9.366531,9.330796,0.03573513
7.376751,7.127328,0.24942303
8.0,7.9227533,0.077246666
5.6382723,4.483323,1.1549492
4.026383,4.519414,-0.49303102
4.9197345,5.2486935,-0.328959
6.0,6.2075796,-0.20757961
9.356547,8.521863,0.8346844
4.69897,5.445923,-0.746953
4.024568,4.0526867,-0.02811861
5.5243287,4.8886285,0.6357002
5.6575775,5.1293507,0.52822685
9.443698,8.253121,1.1905766
5.0,5.576215,-0.5762148
4.67921,6.0392675,-1.3600574
9.187087,8.054257,1.1328297
4.7695513,5.616185,-0.8466339
6.745906,5.936247,0.809659
9.113509,7.1290207,1.9844885
3.7872798,4.5098057,-0.72252584
7.6716204,7.3993416,0.2722788
8.861769,6.878333,1.9834356
7.7447276,6.7262144,1.0185132
5.275724,5.500696,-0.22497225
5.0,6.093465,-1.0934649
6.3496923,5.7142115,0.6354809
4.162664,4.7763634,-0.61369944
6.8268137,6.4930334,0.3337803
7.79588,7.870431,-0.074551105
9.207608,9.2077875,-0.00017929077
5.2596374,5.6113396,-0.3517022
4.30103,5.2927027,-0.9916725
9.408936,8.887502,0.52143383
4.30103,4.851659,-0.55062866
7.0,6.5962524,0.40374756
8.29243,7.6365023,0.65592766
5.0,5.3249702,-0.32497025
4.60206,5.458253,-0.85619307
5.0,6.3405285,-1.3405285
5.167491,5.14032,0.027171135
5.69897,6.4249144,-0.7259445
4.49485,5.328496,-0.8336458
4.0265026,3.858599,0.16790366
6.0457573,7.0619144,-1.0161572
6.0,7.4302654,-1.4302654
5.3467875,6.581773,-1.2349854
8.1549015,8.36991,-0.21500874
5.6575775,5.4139853,0.24359226
4.009661,4.185977,-0.17631578
4.161151,6.072027,-1.9108763
4.69897,4.4717016,0.22726822
5.0,5.2304583,-0.23045826
4.442493,3.9610891,0.48140383
7.69897,5.369322,2.329648
4.60415,4.254304,0.3498459
6.600326,6.4743967,0.12592936
3.8239088,3.6968968,0.12701201
6.1579967,4.285201,1.8727956
7.5679936,7.651738,-0.083744526
5.2153826,6.539901,-1.3245182
5.0,5.23108,-0.23108006
8.0,6.154373,1.8456268
7.154902,5.9871197,1.1677823
8.522879,8.369911,0.15296745
6.5228786,4.935605,1.5872736
4.539102,4.9737425,-0.4346404
9.522879,8.832503,0.6903753
2.9172146,4.725029,-1.8078144
6.0,5.4552402,0.54475975
9.69897,6.1078587,3.5911112
4.679854,4.975479,-0.2956252
4.0,4.3876925,-0.38769245
4.026415,3.8551002,0.17131472
3.39794,4.5506673,-1.1527274
4.0268073,4.414894,-0.3880868
4.1307683,5.9323635,-1.8015952
6.9914,7.057946,-0.06654644
6.5850267,4.761605,1.823422
8.528708,8.543023,-0.0143146515
4.0,4.457714,-0.45771408
3.69897,4.044958,-0.34598804
5.5999994,4.953402,0.6465974
7.09691,5.8285007,1.2684093
6.29243,6.4962063,-0.20377636
4.69897,6.162466,-1.4634962
4.0,3.8900287,0.109971285
8.337242,7.9249716,0.41227055
5.6382723,4.879994,0.75827837
4.223299,3.736678,0.48662114
7.0,5.8718023,1.1281977
5.49485,4.826824,0.668026
5.0,5.116027,-0.11602688
6.69897,6.5124493,0.18652058
4.650004,4.609715,0.040288925
9.468521,8.261203,1.2073183
8.004365,7.8752594,0.12910557
5.8416376,6.100731,-0.25909328
5.659556,6.105592,-0.44603586
6.063486,5.5146523,0.54883385
6.966576,6.6338167,0.33275938
8.326521,6.980543,1.3459778
4.0,5.1691427,-1.1691427
6.767004,4.731909,2.0350952
6.1001797,6.205158,-0.10497856
6.4881167,6.514003,-0.025886059
4.4700027,5.5390415,-1.0690389
7.39794,6.4378834,0.9600568
5.1603456,5.9206343,-0.7602887
8.1549015,6.124546,2.0303555
8.0,6.7743797,1.2256203
5.1101384,4.484109,0.6260295
4.5044556,5.3405886,-0.836133
5.207608,5.3686924,-0.16108418
9.283997,9.268817,0.015179634
5.0,6.083988,-1.0839882
4.69897,5.5438128,-0.8448429
8.376751,8.166552,0.21019936
4.60206,4.257268,0.3447919
3.464706,3.8865023,-0.42179632
6.7644715,6.993004,-0.22853231
5.8860564,5.4322243,0.45383215
5.008774,5.123948,-0.11517429
5.0,5.0508327,-0.05083275
5.207608,5.028988,0.17862034
5.5100417,5.4963512,0.013690472
4.490394,5.140486,-0.65009165
4.823909,4.772509,0.051399708
8.0,8.156237,-0.15623665
5.4225082,6.2472324,-0.8247242
4.823909,5.464405,-0.64049625
5.0,6.2447805,-1.2447805
5.0,4.8665457,0.13345432
5.2596374,5.1154556,0.14418173
8.155212,7.423954,0.7312584
6.0,6.2843723,-0.28437233
7.69897,6.063573,1.635397
4.1643095,6.013788,-1.8494787
4.856049,4.642386,0.2136631
4.0,3.1381018,0.8618982
6.9871626,6.773346,0.21381664
9.013228,9.415704,-0.40247536
5.7311883,4.634075,1.0971131
7.4089355,6.69792,0.7110157
4.853872,4.626256,0.22761583
6.91364,5.696101,1.2175388
4.3904057,4.102085,0.28832054
9.0,9.358315,-0.35831547
5.989276,4.554161,1.4351149
6.0,5.492465,0.507535
8.173925,7.5761147,0.59781075
4.49485,7.0378513,-2.5430012
6.0,5.767354,0.23264599
7.39794,7.489703,-0.09176302
7.19382,5.619276,1.574544
8.387217,6.6586733,1.7285433
7.920819,7.4192743,0.5015445
6.0,6.529828,-0.5298281
5.6777806,5.1602983,0.5174823
6.790485,5.8017397,0.9887452
6.537602,5.2062693,1.3313327
5.0,5.39445,-0.3944502
7.21467,5.526144,1.6885262
9.2218485,7.8954525,1.326396
7.167491,5.509659,1.6578321
6.7520266,6.5396156,0.21241093
5.8607507,5.183914,0.6768365
4.797158,4.3673863,0.42977142
3.8239088,4.041421,-0.21751213
8.431798,6.500923,1.9308748
5.905529,6.083744,-0.17821503
8.031517,8.119069,-0.08755207
5.0,5.0930777,-0.09307766
4.6777806,4.2588453,0.4189353
4.565431,5.2611313,-0.69570017
6.0,5.7485027,0.25149727
5.549751,5.1328106,0.4169402
4.133896,5.736059,-1.6021633
9.481486,8.459259,1.0222273
4.989276,4.6910343,0.29824162
4.69897,4.8996124,-0.20064259
7.5086384,7.3117743,0.19686413
6.206908,5.7061024,0.50080585
5.30103,3.646775,1.6542552
5.0,4.6499434,0.35005665
6.38934,5.7125006,0.67683935
4.2136035,4.1859164,0.027687073
5.2596374,5.4238386,-0.16420126
4.0963674,4.475189,-0.37882185
4.30103,5.592512,-1.291482
6.0,6.072769,-0.072769165
7.69897,7.603587,0.09538269
4.787812,4.4688587,0.3189535
4.6516953,5.256563,-0.60486794
6.0,6.1225853,-0.1225853
8.30103,7.895509,0.4055214
4.4449058,4.6763163,-0.2314105
6.7281585,6.095298,0.63286066
3.8239088,3.997501,-0.17359209
5.958607,4.672039,1.2865682
4.086186,5.2503977,-1.1642118
4.7746906,4.4343195,0.34037113
5.958607,4.4986744,1.4599328
6.091515,6.398032,-0.30651712
6.1007266,6.1792955,-0.078568935
7.5228786,7.826065,-0.30318642
4.2332897,4.538572,-0.30528212
9.346787,8.483287,0.8635006
6.0,5.456517,0.5434828
5.6903696,5.5139246,0.176445
4.30103,4.2563133,0.044716835
4.0,6.7793007,-2.7793007
3.7119744,4.461438,-0.7494638
5.5686364,5.558689,0.0099473
9.045757,8.894,0.15175724
4.083546,4.5310717,-0.4475255
7.0,5.9365597,1.0634403
8.522879,8.281518,0.24136066
5.2596374,5.6445417,-0.38490438
5.0,5.539136,-0.53913593
4.884057,4.947897,-0.06383991
4.246417,4.6308002,-0.3843832
5.036212,5.386567,-0.35035515
6.400117,6.1764317,0.22368526
4.1372724,4.309213,-0.1719408
9.130768,8.154915,0.97585297
7.1426673,7.3428183,-0.20015097
3.9172146,4.6706553,-0.7534406
4.8462462,4.952751,-0.10650492
7.771218,7.066061,0.7051568
8.89963,8.3966255,0.5030041
4.444736,5.497731,-1.0529952
4.0264935,5.296913,-1.2704196
5.9746943,5.9556456,0.01904869
6.7212462,6.438217,0.28302908
6.823909,6.0423203,0.78158855
5.0,5.098401,-0.09840107
5.2596374,5.978181,-0.7185435
6.6382723,5.9908943,0.64737797
4.0,5.605893,-1.6058931
7.0132284,5.526786,1.4864426
8.180456,6.2122307,1.9682255
7.21467,5.709897,1.5047731
8.30103,7.818671,0.48235893
8.920818,8.091464,0.8293543
9.054531,6.280308,2.7742233
9.045757,8.716338,0.32941914
4.9842215,5.400178,-0.4159565
5.5228786,6.46154,-0.9386616
5.0,5.7594204,-0.7594204
6.600326,6.447424,0.15290213
4.987,5.914175,-0.92717505
5.207608,4.9034805,0.3041277
3.8239088,4.1048756,-0.28096676
6.0443125,6.0384912,0.005821228
8.055517,7.3177767,0.7377405
6.6819367,6.1042986,0.57763815
5.539102,6.0001926,-0.46109056
8.30103,8.307438,-0.0064077377
4.2549253,5.022008,-0.7670827
5.0,6.1680098,-1.1680098
6.2596374,5.6101875,0.6494498
4.49485,5.5651407,-1.0702906
6.154902,6.459324,-0.3044219
7.6575775,7.2393246,0.41825294
9.443698,8.984268,0.45942974
9.376751,9.060845,0.31590557
4.69897,5.0580034,-0.35903358
8.045757,5.452219,2.5935383
7.8860564,7.4772463,0.40881014
6.0,5.9696236,0.030376434
6.086186,5.7012157,0.3849702
4.8912997,4.7332287,0.15807104
8.0,7.9608755,0.03912449
9.124939,8.614985,0.5099535
7.379351,7.8592825,-0.47993135
5.6382723,5.2996597,0.33861256
5.207608,5.2967587,-0.08915043
8.459057,7.714245,0.744812
6.0,5.49255,0.5074501
4.920819,4.7094803,0.21133852
4.920819,5.3445263,-0.4237075
8.443698,7.888508,0.5551901
8.507939,8.036201,0.47173882
7.920819,5.413357,2.507462
4.761954,5.596507,-0.83455324
4.60206,4.2116995,0.39036036
5.510182,5.903989,-0.39380693
4.133967,4.2698197,-0.13585281
9.180456,8.317361,0.8630953
5.9884295,3.9880464,2.0003831
7.275724,5.457343,1.8183808
5.20412,4.879707,0.3244133
9.21467,7.980403,1.2342672
4.4775558,4.429944,0.047611713
7.673664,7.5349226,0.1387415
6.30103,6.3940563,-0.09302616
6.328004,5.4662476,0.8617563
5.6382723,5.159647,0.4786253
6.39794,5.508045,0.88989496
8.956642,6.4800634,2.4765787
6.4317985,5.823185,0.6086135
5.552842,4.8476486,0.7051935
5.6792307,4.845317,0.8339138
4.30103,5.0918055,-0.7907753
6.1958604,7.4010305,-1.2051702
6.318759,6.5186234,-0.19986439
4.50724,5.3702955,-0.8630557
4.5100417,4.3294315,0.18061018
4.0,4.1336837,-0.13368368
4.9570704,3.9048588,1.0522115
4.823909,4.6490555,0.17485332
7.552842,6.202647,1.3501949
4.5228786,5.6579494,-1.1350708
6.0,5.885582,0.11441803
4.026387,4.2347593,-0.20837212
8.136677,7.949297,0.18737984
6.113509,4.5360117,1.5774975
6.737549,6.646303,0.09124565
5.2596374,5.949046,-0.6894088
4.823909,4.988208,-0.16429901
5.0,5.3187304,-0.31873035
4.312471,4.8861847,-0.5737138
8.673664,7.986212,0.6874523
10.823909,7.333267,3.4906416
3.7698066,3.4406826,0.32912397
6.9172144,6.3403454,0.576869
7.6126103,6.701069,0.91154146
9.886057,9.222466,0.66359043
8.30103,8.2103815,0.09064865
4.0,4.7600923,-0.76009226
5.0,5.6064367,-0.6064367
5.6777806,5.4625807,0.21519995
5.0,5.8148346,-0.8148346
6.39794,6.302494,0.09544611
5.461175,4.7300396,0.73113537
4.026341,4.091468,-0.065126896
6.375718,5.338358,1.0373602
5.0,5.1890736,-0.18907356
9.552842,9.108373,0.44446945
3.6699922,3.1093626,0.5606296
6.2596374,4.6302834,1.629354
4.848324,4.8669367,-0.018612862
6.102373,6.0322304,0.070142746
5.0,5.8880424,-0.88804245
5.6575775,5.082159,0.5754185
7.2596374,7.71237,-0.45273256
4.0,4.492587,-0.4925871
4.7695513,4.527856,0.2416954
5.700057,5.0576134,0.64244366
5.523313,4.5290995,0.9942136
4.8268137,4.8805847,-0.05377102
8.917214,8.773744,0.14347076
9.327902,9.152528,0.17537403
6.7772837,7.08891,-0.31162643
8.619789,8.090433,0.529356
5.4342704,5.7540817,-0.31981134
4.7212462,4.457752,0.263494
5.1426673,5.975852,-0.8331847
8.0,8.09665,-0.09665012
7.79588,7.4187975,0.37708235
7.1995935,7.0175915,0.18200207
8.522879,8.131129,0.39174938
6.0570006,5.667673,0.38932753
8.267606,7.959178,0.3084278
3.69897,5.297431,-1.5984609
8.119186,7.6072664,0.51192
6.0908723,5.7465925,0.34427977
4.549751,4.7596893,-0.20993853
5.29243,4.447501,0.84492874
5.3132744,6.1362457,-0.82297134
6.609065,5.5234346,1.0856304
7.1444807,7.4724007,-0.32791996
5.2276783,5.468095,-0.24041653
6.0,5.3349867,0.6650133
5.0,5.866538,-0.86653805
5.4584208,4.972905,0.4855156
8.60206,7.0779696,1.5240908
7.6575775,6.095051,1.5625267
3.49485,3.3542764,0.1405735
9.2218485,8.819087,0.40276146
5.9871626,6.952201,-0.9650383
6.334419,5.643202,0.69121695
9.1549015,8.050713,1.1041889
7.9065785,7.6072664,0.2993121
9.113509,8.800529,0.31298065
4.642065,4.339078,0.3029871
5.0,5.616542,-0.61654186
7.455932,6.523176,0.93275595
6.2596374,7.52839,-1.2687526
5.1426673,5.60314,-0.46047258
5.412289,5.3156652,0.0966239
5.853872,5.1661444,0.68772745
4.6757174,4.743243,-0.06752586
6.7695513,5.133626,1.6359253
5.729321,5.231695,0.49762583
7.154902,6.8507843,0.30411768
5.6382723,5.5759296,0.062342644
4.30103,4.407774,-0.10674381
5.0604806,5.134653,-0.0741725
4.39794,5.8075504,-1.4096103
5.0,5.734989,-0.73498917
8.59346,7.3457747,1.2476854
9.2218485,8.006994,1.2148542
6.69897,6.251898,0.44707203
4.133931,5.6528673,-1.5189362
5.0,5.798726,-0.7987261
4.30103,5.316926,-1.0158958
5.0680337,5.5198326,-0.45179892
7.69897,5.953985,1.7449846
4.30103,4.92068,-0.6196499
4.920819,5.390725,-0.46990633
4.369572,5.050951,-0.68137884
6.8041005,6.741149,0.062951565
4.2708354,5.130287,-0.8594518
7.086186,6.852208,0.2339778
4.30103,4.4820137,-0.18098354
6.3904057,5.9820957,0.40830994
6.8860564,5.760665,1.1253915
9.39794,9.082139,0.31580067
5.552842,5.1103525,0.44248962
4.69897,5.835847,-1.1368771
5.273273,5.389287,-0.116014004
6.29073,6.5556955,-0.26496553
8.30103,8.212679,0.08835125
4.09691,4.392848,-0.29593801
5.5575204,5.7039804,-0.14646006
4.8477116,4.33132,0.51639175
7.2596374,7.547017,-0.28737974
5.481486,6.149022,-0.66753626
8.481486,6.778572,1.7029142
4.669586,4.99218,-0.3225937
8.0,7.337204,0.662796
4.8934693,5.020013,-0.12654352
7.376751,7.403207,-0.02645588
7.091515,6.9407167,0.15079832
8.2218485,6.8613634,1.3604851
6.0,5.5547504,0.44524956
6.1191864,5.2378864,0.8813
5.0,5.607851,-0.607851
5.090444,5.266473,-0.17602873
4.5228786,6.095828,-1.5729494
8.818156,8.820811,-0.0026550293
4.30103,5.2958307,-0.99480057
4.0,4.509859,-0.5098591
8.954677,8.857446,0.09723091
5.3792396,5.8476143,-0.46837473
4.5252013,5.120639,-0.5954375
6.21467,6.1659355,0.048734665
4.30103,4.9138756,-0.6128454
8.319212,7.139454,1.1797581
4.5228786,5.0574675,-0.5345888
6.5734887,6.1329956,0.4404931
9.09691,8.888798,0.20811272
4.623423,4.8713956,-0.24797249
6.0,6.0962524,-0.09625244
6.0,6.1118803,-0.1118803
7.44855,7.8541384,-0.40558815
7.3448615,6.990448,0.3544135
3.8239088,3.9358494,-0.11194062
5.4292235,5.1724215,0.25680208
6.2196827,6.2395325,-0.019849777
5.0,5.047921,-0.04792118
5.1463017,5.613096,-0.4667945
6.69897,7.325473,-0.626503
5.3645163,4.863676,0.5008402
6.0,5.5520782,0.44792175
5.6382723,5.4229527,0.21531963
5.958607,6.624756,-0.66614866
4.625252,4.8628054,-0.2375536
4.4449058,4.5455475,-0.10064173
9.045757,8.384667,0.6610899
9.49485,9.241307,0.2535429
5.869666,5.765395,0.104270935
7.004365,4.472884,2.5314808
3.769551,4.0342712,-0.2647202
5.2596374,5.675164,-0.41552687
4.0264196,4.393737,-0.3673172
5.2596374,4.9841995,0.27543783
5.30103,3.9938762,1.3071539
4.756962,4.894373,-0.13741112
4.4539514,4.8123856,-0.3584342
6.7772837,6.4165716,0.36071205
4.7212462,5.25646,-0.53521395
5.537602,5.573411,-0.03580904
6.0,6.1302614,-0.13026142
5.703335,5.508252,0.19508266
5.500038,5.1570377,0.3430004
4.455932,4.6981087,-0.24217653
5.1307683,5.982731,-0.85196257
4.823909,5.673004,-0.84909534
5.167491,5.2347136,-0.067222595
4.6197886,6.255558,-1.6357694
5.0,5.423012,-0.42301178
4.809556,5.5392723,-0.7297163
6.2596374,5.1747684,1.0848689
8.1549015,7.662177,0.49272442
4.026415,4.4783435,-0.45192862
6.8860564,6.2551584,0.630898
5.0,5.295476,-0.29547596
7.4436975,6.1482124,1.295485
6.705534,6.7787457,-0.07321167
6.07848,5.569393,0.5090866
4.0,5.3100185,-1.3100185
5.54106,4.6717434,0.8693166
8.886057,7.9485893,0.9374676
5.0,5.1806602,-0.18066025
7.552842,7.103874,0.44896793
3.9863203,4.4787745,-0.4924543
5.2596374,5.8530855,-0.59344816
7.6800613,6.5887794,1.0912819
7.2596374,7.8868732,-0.6272359
7.0462403,6.2852135,0.76102686
7.549751,8.260603,-0.71085215
5.2006593,4.283695,0.91696405
6.071092,5.691495,0.3795972
5.1870866,6.7687473,-1.5816607
5.1000156,5.091976,0.0080394745
6.1487417,4.992895,1.1558466
10.522879,7.422675,3.1002035
6.0,5.8558826,0.14411736
4.722574,5.4868402,-0.764266
5.0,4.9217596,0.078240395
4.49485,4.088871,0.40597916
5.823909,5.274379,0.54953
5.166853,5.081255,0.08559799
5.2596374,5.6042843,-0.34464693
6.0,6.145605,-0.14560509
5.5744658,5.5736876,0.00077819824
6.130915,6.9848843,-0.8539691
7.79588,6.420702,1.3751779
5.229148,6.0273237,-0.7981758
5.0757723,5.8063364,-0.7305641
4.0,5.9086514,-1.9086514
5.197226,6.503232,-1.306006
5.6382723,5.449869,0.18840313
5.69897,5.2514515,0.44751835
6.28735,5.398034,0.8893161
6.4023046,6.6849174,-0.2826128
9.39794,8.740579,0.65736103
4.823909,5.52139,-0.69748116
5.1895657,5.251215,-0.061649323
4.446117,3.931699,0.5144179
7.1366773,6.203745,0.9329324
4.0,4.4699917,-0.46999168
5.500038,5.2864237,0.21361446
6.6777806,5.269678,1.4081025
4.6478176,5.242341,-0.59452343
5.258848,6.4483414,-1.1894932
6.008774,5.8116636,0.19711018
8.080922,7.4418287,0.6390934
7.3363,6.4555006,0.8807993
7.6197886,5.8332834,1.7865052
8.60206,7.481241,1.1208191
5.9829664,5.9031906,0.07977581
8.679853,6.905918,1.7739353
4.9706163,5.3067064,-0.3360901
9.30103,7.785159,1.515871
8.886057,8.746786,0.13927078
6.6655464,6.088727,0.5768194
5.7212462,5.0569353,0.66431093
5.8860564,5.059182,0.82687426
7.3297544,7.0002193,0.329535
7.7212462,6.807729,0.9135175
4.787812,4.132641,0.6551714
5.0,6.216056,-1.2160559
6.0,5.8572216,0.1427784
5.9244533,5.1466618,0.7777915
8.522879,6.6657534,1.8571253
4.8164454,4.637994,0.17845154
4.69897,4.7708106,-0.07184076
4.7682757,4.6408405,0.1274352
4.026341,4.0999203,-0.07357931
5.4353337,5.52975,-0.09441614
8.080922,7.881624,0.1992979
6.172631,5.772237,0.40039396
5.6703987,5.672948,-0.0025491714
4.026295,4.0588703,-0.03257513
4.026341,4.173073,-0.14673185
6.7144427,6.2401323,0.4743104
4.1426673,4.2813106,-0.13864326
9.703335,8.586393,1.1169415
4.6382723,4.4510007,0.1872716
8.39794,8.207191,0.19074821
6.2596374,5.4758806,0.78375673
6.0,5.6603203,0.33967972
5.958607,4.933016,1.0255914
5.5686364,5.039756,0.5288806
8.522879,8.432885,0.08999348
4.0,4.679634,-0.6796341
8.19382,8.228566,-0.03474617
6.567031,4.6546745,1.9123564
4.406714,4.5006227,-0.09390879
3.8239088,4.466778,-0.642869
5.7746906,6.3708477,-0.5961571
9.455932,8.942073,0.5138588
6.853872,5.5392246,1.3146472
5.0,5.137727,-0.13772678
6.0457573,5.225026,0.82073116
6.0,6.127119,-0.12711906
7.853872,6.864209,0.98966265
7.7212462,5.604738,2.116508
6.0,5.6480417,0.35195827
5.6777806,5.462941,0.21483946
6.7931743,6.878351,-0.085176945
6.0,5.667694,0.3323059
4.026392,4.2138124,-0.18742037
4.405607,4.6030073,-0.1974001
6.0,5.776675,0.22332478
9.251812,8.824046,0.42776585
7.365523,6.280308,1.0852151
9.1549015,8.995255,0.15964603
6.0,6.181469,-0.18146896
5.0,5.006068,-0.0060682297
5.840132,5.8829203,-0.04278803
5.8219547,6.185503,-0.36354828
5.844664,5.2222605,0.6224036
6.0,7.1327543,-1.1327543
6.047692,6.080785,-0.033092976
5.2596374,5.003397,0.25624037
8.0,8.033372,-0.033371925
8.958608,6.6538115,2.3047962
7.0,6.701869,0.298131
5.0,4.8052893,0.19471073
4.2125397,4.2869143,-0.074374676
6.5086384,6.4970007,0.011637688
5.6575775,5.296653,0.36092472
9.0,9.12628,-0.12627983
5.5176983,6.142975,-0.62527657
7.2596374,7.53578,-0.2761426
5.0,5.9033785,-0.9033785
4.0,4.968424,-0.96842384
9.30103,7.804802,1.4962282
7.5850267,7.540923,0.044103622
4.1384654,5.801653,-1.6631875
5.6197886,5.492299,0.12748957
5.821023,5.330471,0.49055195
4.118045,4.4023056,-0.28426075
9.124939,7.3580303,1.7669086
7.6575775,7.195898,0.46167946
4.49485,4.718812,-0.22396183
3.8239088,3.9568226,-0.13291383
7.0,5.952362,1.0476379
5.2676063,4.5041585,0.76344776
6.9359913,5.225587,1.7104044
5.0,5.812522,-0.81252193
6.0,5.99533,0.004670143
6.6197886,7.355935,-0.73614645
6.316953,5.709939,0.6070142
5.1079054,4.3988314,0.709074
4.0264196,3.8019955,0.22442412
6.0,5.506361,0.493639
6.9914,6.208374,0.78302574
2.6055484,2.37814,0.22740841
5.0,4.5510945,0.44890547
9.69897,9.413163,0.28580666
5.124939,4.6919174,0.43302155
4.026341,4.125393,-0.09905195
4.69897,4.929496,-0.23052597
6.4089355,7.1143074,-0.70537186
6.309804,4.8511086,1.4586954
4.60206,5.1410475,-0.53898764
6.09691,5.6665764,0.4303336
9.036212,6.918494,2.1177177
4.623423,4.9117928,-0.28836966
5.0371575,5.9211826,-0.8840251
3.8860567,4.7181964,-0.83213973
4.5934596,4.5347815,0.05867815
4.0264564,4.40559,-0.3791337
5.30103,5.972172,-0.6711416
4.9792247,5.521041,-0.54181623
6.386158,7.037817,-0.651659
8.522879,7.7823925,0.74048615
5.6575775,5.2967978,0.36077976
4.853872,4.785692,0.06817961
4.3904057,5.3878946,-0.997489
8.014573,9.063322,-1.048749
8.0,7.805663,0.19433689
8.0,7.8648987,0.13510132
6.0,5.785283,0.21471691
6.229148,5.5072603,0.7218876
7.0457573,5.810317,1.2354403
4.455932,3.6034179,0.85251427
7.0,6.575799,0.424201
4.30103,4.894953,-0.5939226
4.9914,4.5921793,0.39922047
5.0,6.006569,-1.0065689
5.3665314,5.1182213,0.24831009
9.30103,8.131012,1.1700182
3.8996294,4.4375143,-0.53788495
6.595166,5.460785,1.1343813
6.49485,5.6262684,0.8685818
4.7801275,4.657537,0.12259054
5.0,6.835414,-1.8354139
4.0,6.8054447,-2.8054447
7.3467875,7.6024065,-0.25561905
7.536107,6.7817993,0.75430775
5.6777806,5.72865,-0.050869465
6.1307683,6.560729,-0.42996073
4.0,5.1367626,-1.1367626
6.465974,6.324152,0.14182186
6.559091,5.626383,0.93270826
5.0,6.5752783,-1.5752783
4.6999917,4.795052,-0.09506035
3.8239088,3.7773,0.046608925
8.49827,7.9385242,0.5597458
8.023422,7.626034,0.39738846
6.0,6.2110395,-0.21103954
4.026526,4.03016,-0.003633976
5.229148,4.5190763,0.71007156
7.221849,5.234846,1.9870028
5.6575775,5.215333,0.44224453
3.352441,5.252713,-1.9002721
6.0,5.935645,0.0643549
7.468521,6.306203,1.1623182
9.267606,9.045289,0.22231674
5.2823296,6.5936203,-1.3112907
5.0,6.3229275,-1.3229275
4.60206,5.374036,-0.771976
5.632644,5.0485163,0.5841279
7.2839966,5.6495466,1.63445
4.7166986,5.2122707,-0.4955721
6.2343316,6.2064457,0.027885914
7.49485,7.554927,-0.060076714
5.8416376,5.9170847,-0.07544708
8.0,7.6907234,0.30927658
3.60206,5.4948044,-1.8927443
4.8860564,4.3995657,0.48649073
4.30103,5.615839,-1.3148088
8.958608,8.650127,0.30848026
5.8972235,5.925091,-0.027867317
4.823909,4.6847568,0.13915205
4.478862,5.3261642,-0.84730244
7.17582,6.1531324,1.0226874
7.274414,7.750828,-0.47641373
5.6382723,5.165353,0.47291946
7.251812,6.334957,0.91685486
4.823909,6.111623,-1.287714
4.847987,5.5208197,-0.6728325
9.481486,9.359413,0.12207317
4.30103,4.9709473,-0.6699171
5.4436975,5.3868866,0.056810856
5.0947437,6.198742,-1.1039982
4.0,4.153283,-0.15328312
4.026383,4.4282,-0.40181684
4.2549253,4.4561186,-0.20119333
5.0,4.7286396,0.2713604
6.0,6.219796,-0.21979618
4.4449058,5.2647924,-0.8198867
5.0026135,5.4472275,-0.44461393
7.2676063,5.926919,1.3406873
4.8504424,5.323286,-0.47284365
5.0,6.395686,-1.3956861
7.0457573,5.8257008,1.2200565
8.619789,8.831397,-0.21160793
8.9914,9.05999,-0.068590164
9.30103,9.20156,0.09947014
8.537602,7.500784,1.0368185
4.38405,5.166148,-0.7820983
5.0,5.615674,-0.615674
4.332547,4.7276096,-0.39506245
6.3005137,6.003641,0.29687262
5.4449058,5.37031,0.07459593
5.0,5.1382694,-0.13826942
6.5142784,6.358309,0.15596962
3.1258953,4.4473686,-1.3214734
3.8239088,4.4505196,-0.62661076
5.2596374,5.599867,-0.3402295
4.6883945,3.9933622,0.69503236
6.405607,6.1440887,0.26151848
5.0,6.0163107,-1.0163107
4.5086384,4.4151583,0.09348011
4.4436975,5.715269,-1.2715716
6.236572,5.9994345,0.23713732
5.0,4.8605585,0.13944149
6.2676063,7.1529636,-0.8853574
5.172631,4.460102,0.7125287
3.7619538,5.1928606,-1.4309068
5.09691,4.595693,0.5012169
3.5352125,4.8595667,-1.3243542
6.0,5.955639,0.044361115
4.9469213,5.221242,-0.2743206
6.2596374,7.207699,-0.94806147
5.0,4.1726084,0.8273916
7.744969,7.133461,0.6115079
7.2596374,7.2622337,-0.0025963783
5.207608,5.2725267,-0.06491852
6.4202166,5.6931744,0.7270422
5.291015,5.8265133,-0.53549814
5.725842,5.3738947,0.3519473
6.4762535,6.3520794,0.12417412
8.489455,7.792157,0.69729805
8.30103,6.8613634,1.4396667
6.6575775,5.5974274,1.0601501
4.333482,4.613694,-0.2802124
4.1045775,3.9678068,0.13677073
5.552842,5.024584,0.5282583
8.585027,8.087353,0.497674
3.8239088,4.0411196,-0.21721077
5.0,5.0648003,-0.06480026
4.0,3.7379236,0.26207638
3.8239088,3.7044039,0.11950493
5.537602,5.1485405,0.38906145
7.0457573,5.440961,1.6047964
5.0,5.6111155,-0.61111546
5.4867826,5.2714634,0.21531916
5.30103,6.059018,-0.757988
5.0,4.4066124,0.5933876
6.4436975,5.4621286,0.9815688
5.4202166,4.7233295,0.696887
5.39794,5.2255564,0.17238379
5.8000007,5.118473,0.6815276
9.886057,8.649345,1.2367115
8.6575775,8.595712,0.061865807
6.2596374,5.8112564,0.44838095
7.30103,6.3847504,0.9162798
7.0,5.7806225,1.2193775
4.9914,4.3147116,0.6766882
5.956638,6.6928596,-0.7362218
4.276134,4.4889345,-0.2128005
5.0,4.1777163,0.82228374
4.199283,5.573701,-1.3744178
7.221849,5.949769,1.27208
6.6197886,5.6520004,0.9677882
5.251812,5.456317,-0.20450497
4.026392,5.906166,-1.8797741
3.6478174,4.495351,-0.84753346
8.449815,8.07899,0.3708248
9.69897,8.147362,1.5516081
6.9956784,6.8613634,0.13431501
4.69897,4.4986744,0.20029545
6.966576,6.7435827,0.22299337
7.5844426,6.587075,0.9973674
7.455932,8.659413,-1.2034812
5.5086384,3.2644303,2.244208
4.308035,5.6721916,-1.3641567
6.4436975,6.2882233,0.15547419
7.552842,5.342169,2.2106733
6.2612195,5.987772,0.2734475
6.7121983,6.0538225,0.65837574
4.806875,4.0608606,0.7460146
7.236572,6.033744,1.2028279
7.0457573,6.1027117,0.9430456
7.3769574,7.238858,0.1380992
8.744727,8.305924,0.43880272
5.2596374,5.142765,0.11687231
5.0,5.188793,-0.18879318
4.031517,6.051409,-2.0198917
4.30103,5.1079597,-0.8069296
4.026383,4.090639,-0.06425619
4.3904057,4.386656,0.0037498474
4.9871626,5.1161137,-0.12895107
5.30103,5.8837223,-0.58269215
5.2026634,5.4975767,-0.2949133
4.0,4.2475023,-0.24750233
9.527244,7.6803083,1.8469353
5.0,5.193145,-0.1931448
4.870439,4.2122827,0.6581564
5.377786,5.184861,0.19292498
4.69897,4.3768063,0.32216358
8.481486,8.710327,-0.22884083
3.8239088,3.9875789,-0.16367006
4.7235384,5.001199,-0.27766037
5.623423,4.6584806,0.96494246
8.251812,7.525901,0.72591114
6.835647,6.328676,0.5069709
5.334419,6.4589987,-1.1245799
4.4089355,4.7549534,-0.34601784
4.915607,4.4106255,0.5049815
7.69897,5.952243,1.746727
6.0,5.9486113,0.05138874
4.3575354,4.6972227,-0.33968735
5.0,5.8258524,-0.8258524
4.2778516,5.337322,-1.0594707
4.60206,4.1879683,0.4140916
4.823909,4.972679,-0.14877033
5.0499883,6.190633,-1.1406446
6.39794,6.221512,0.17642832
6.0462403,6.235403,-0.18916273
6.790485,5.603368,1.1871171
6.801343,6.322708,0.47863483
4.026438,3.8776724,0.1487658
6.3665314,6.390649,-0.02411747
6.0,5.8125343,0.18746567
5.782516,6.4241056,-0.64158964
6.625252,6.4365044,0.1887474
7.154902,6.068679,1.0862231
3.5114493,3.8999557,-0.3885064
3.455932,3.0095565,0.44637537
5.0,5.7003956,-0.7003956
4.1360826,4.1078844,0.028198242
4.9148164,4.5407753,0.37404108
5.275724,6.45944,-1.1837163
9.113509,9.046467,0.06704235
9.747147,7.054722,2.6924248
7.2596374,7.5690756,-0.30943823
8.552842,7.8224335,0.73040867
4.91364,4.942869,-0.029229164
4.026383,4.126194,-0.09981108
8.327902,7.5498085,0.77809334
5.5128617,4.9229383,0.5899234
9.431798,9.021403,0.41039467
7.4436975,6.2913713,1.1523261
4.30103,5.484104,-1.183074
5.7416024,5.763404,-0.021801472
3.8239088,4.214636,-0.39072704
5.412289,5.654357,-0.24206781
4.9058433,5.0122957,-0.106452465
9.283997,8.717263,0.56673336
2.9586072,4.696645,-1.7380376
8.443698,7.735425,0.70827293
4.823909,4.440922,0.38298702
5.0,4.6870346,0.3129654
4.026461,4.500602,-0.47414064
8.537602,8.091185,0.4464178
6.552842,5.520542,1.0323
7.1307683,5.8638773,1.266891
7.6340647,7.5703897,0.06367493
5.5228786,5.165781,0.35709763
9.638272,7.377018,2.2612543
8.67162,7.5927362,1.0788841
4.823909,5.556018,-0.73210907
6.019542,7.1703367,-1.1507945
4.609065,4.805419,-0.19635391
7.5850267,6.971977,0.6130495
6.798603,7.4657135,-0.66711044
5.0,5.2328053,-0.23280525
5.0655017,6.2248783,-1.1593766
5.091515,4.291832,0.7996831
9.3019,8.546208,0.7556915
8.522879,7.558261,0.9646177
7.7283907,6.192569,1.5358219
6.218963,6.1829205,0.03604269
4.9757195,5.6143036,-0.63858414
5.0,5.1233826,-0.12338257
6.026872,6.1838655,-0.15699339
5.2596374,5.8299913,-0.570354
5.6946487,5.727151,-0.032502174
6.177832,5.454797,0.72303534
7.248721,6.8347054,0.41401577
6.3036437,5.4724684,0.8311753
5.8728952,5.7003136,0.17258167
5.0,5.5635853,-0.5635853
8.003051,7.8916483,0.11140251
9.39794,8.384546,1.0133934
8.638272,7.0046196,1.6336527
6.39794,4.9386744,1.4592657
4.730814,4.574477,0.15633678
6.0,5.743759,0.25624084
3.2218487,3.9985294,-0.7766807
5.2555504,5.4975386,-0.24198818
4.30103,5.5905485,-1.2895184
4.371611,5.174938,-0.8033271
5.387216,4.572327,0.81488895
5.318759,5.4126606,-0.093901634
9.39794,9.387333,0.010606766
4.6382723,5.3555517,-0.71727943
6.737549,6.3074503,0.43009853
6.0,6.1221714,-0.1221714
9.1549015,8.193415,0.9614868
4.30103,4.3649917,-0.063961506
6.0,6.19724,-0.19723988
4.4086013,6.300462,-1.8918605
4.0260367,5.413664,-1.3876271
4.2027326,4.714292,-0.5115595
4.5985994,4.31791,0.28068924
5.004365,5.701687,-0.6973219
6.0,6.358302,-0.35830212
5.4134126,4.624098,0.78931475
5.2231536,5.3405905,-0.117436886
4.0,3.8849776,0.11502242
6.39794,5.738534,0.6594062
5.0,4.4850063,0.51499367
3.0899096,4.595458,-1.5055485
6.600326,6.5635138,0.036812305
4.30103,4.245185,0.05584526
5.102373,4.8723755,0.22999763
7.0338583,6.312167,0.72169113
6.0,5.90767,0.09232998
5.6575775,4.908209,0.74936867
5.7235384,5.640358,0.08318043
6.0,6.1040936,-0.10409355
8.045757,7.485574,0.5601835
5.30103,6.7077713,-1.4067411
4.60206,6.204279,-1.6022191
7.6197886,5.475975,2.1438136
3.8239088,4.159562,-0.3356533
4.69897,4.910388,-0.21141815
5.161151,5.0241804,0.13697052
4.447332,5.366209,-0.9188771
5.692076,4.06654,1.6255364
5.50724,5.3802433,0.12699652
3.30103,5.208972,-1.907942
7.154902,5.626213,1.5286889
7.045999,6.227954,0.81804514
5.853872,5.5018635,0.35200834
4.60206,5.108779,-0.5067191
9.420217,9.347443,0.07277393
4.8326826,5.0137978,-0.18111515
5.90309,5.5696526,0.33343744
4.696804,5.214983,-0.51817894
9.19382,7.294652,1.899168
6.0,6.479124,-0.47912407
6.0,5.524249,0.47575092
5.273273,6.927,-1.653727
5.0,5.300578,-0.30057812
8.0,6.588025,1.4119749
2.0,3.4568412,-1.4568412
4.823909,4.6037626,0.22014618
5.0,6.22933,-1.2293301
7.2596374,5.4405622,1.8190751
4.653843,4.538561,0.11528206
6.0,5.6311426,0.36885738
7.2240257,6.8391924,0.38483334
6.0,5.6758366,0.32416344
4.634512,4.282675,0.35183716
4.69897,6.671975,-1.9730053
4.2048154,3.9802182,0.22459722
5.7772837,5.6877537,0.08952999
6.221849,6.1457653,0.07608366
5.6575775,4.791053,0.8665247
5.4202166,4.3469095,1.073307
7.0,5.859806,1.1401939
5.629117,5.4943542,0.13476276
5.0,5.253956,-0.25395584
5.4271283,6.035102,-0.6079736
2.9991324,4.2551813,-1.2560489
4.853872,5.6659527,-0.81208086
4.2692175,4.0526237,0.21659374
4.69897,5.1831493,-0.4841795
4.5030704,4.6595974,-0.15652704
9.2218485,9.1502905,0.071558
5.0,5.177079,-0.1770792
5.0,4.508339,0.49166107
4.60206,5.511862,-0.90980196
9.376751,7.862238,1.514513
7.5228786,5.779928,1.7429504
4.026383,4.403322,-0.3769393
4.823909,5.371847,-0.54793835
5.080922,5.209161,-0.12823868
7.090228,4.92332,2.1669083
6.1965427,5.6128464,0.58369637
4.13415,4.354701,-0.22055101
8.30103,7.9230967,0.3779335
3.8239088,4.0248175,-0.20090866
7.0,6.0445204,0.9554796
5.3736596,5.127884,0.2457757
4.30103,5.0022917,-0.7012615
7.468521,6.669753,0.79876804
9.026872,7.4530306,1.5738411
5.3665314,5.1434307,0.22310066
7.2596374,7.850477,-0.59083986
5.0,5.103057,-0.10305691
7.129596,7.492711,-0.36311483
8.619789,7.937639,0.6821499
4.10513,5.460534,-1.3554039
6.0,6.42577,-0.4257698
6.454693,5.9320297,0.5226631
5.2596374,5.94884,-0.6892028
4.3151546,4.3104124,0.0047421455
5.0,5.491851,-0.49185085
4.5228786,4.974271,-0.45139217
4.30103,4.786047,-0.48501682
6.19382,6.4830446,-0.28922462
7.5224447,7.5998487,-0.07740402
3.30103,4.8631363,-1.5621064
5.6382723,4.9915714,0.64670086
4.0,4.49002,-0.4900198
4.4534574,5.054142,-0.60068464
9.39794,8.963586,0.43435383
6.853872,5.9325867,0.92128515
7.8268137,6.26225,1.5645638
9.376751,7.0471525,2.3295984
4.8155355,5.2194977,-0.40396214
4.534617,4.511918,0.02269888
5.05061,5.752619,-0.7020087
6.0,5.933935,0.066064835
9.283997,8.889386,0.3946104
6.0,5.5524178,0.44758224
6.0,5.471895,0.5281048
5.69897,5.5303106,0.16865921
5.376751,4.9765387,0.4002123
8.522879,8.4558115,0.06706715
4.026452,4.1628494,-0.13639736
6.0132284,6.7723284,-0.75909996
5.5850267,5.636648,-0.051621437
6.0,5.3248577,0.6751423
5.2400303,5.4936647,-0.25363445
6.5171266,7.2189226,-0.70179605
4.69897,5.1988564,-0.4998865
4.30103,5.2559557,-0.95492554
6.5228786,5.474695,1.0481834
6.0,6.1143885,-0.114388466
6.75659,7.081233,-0.32464314
6.0,5.8582172,0.14178276
5.707744,6.3265915,-0.61884737
7.493495,7.1049166,0.38857841
5.6615434,5.521764,0.13977957
4.4793854,4.869705,-0.39031982
5.161781,5.656372,-0.49459124
7.958607,7.8538847,0.1047225
5.4792547,5.3580494,0.12120533
6.0,5.599575,0.40042496
7.69897,7.8931465,-0.19417667
5.3467875,5.278352,0.06843567
4.5228786,5.1604977,-0.637619
7.7212462,7.6925335,0.02871275
7.920819,6.8535566,1.0672622
9.886057,9.57776,0.30829716
7.29243,6.189558,1.1028719
4.026406,3.8696377,0.15676808
8.443698,7.908018,0.5356798
5.30103,5.514721,-0.21369076
5.552842,5.13844,0.414402
5.154902,6.2621193,-1.1072173
8.920818,7.2642574,1.6565609
8.638272,7.7724686,0.8658037
4.30103,4.9811707,-0.6801405
7.6575775,6.141288,1.5162897
4.74958,5.416362,-0.6667819
4.30103,4.467554,-0.16652393
4.920819,4.188919,0.73189974
4.652124,4.82224,-0.17011595
4.30103,5.2748594,-0.97382927
5.4881167,5.916705,-0.4285884
8.958608,8.611147,0.34746075
9.259637,8.20589,1.0537472
4.849485,5.4349422,-0.5854573
8.327902,5.644285,2.6836166
7.39794,6.181261,1.2166791
5.49485,4.9889565,0.5058937
8.0,7.609067,0.39093304
5.075721,4.561642,0.5140786
6.229148,5.752883,0.47626495
7.6197886,5.693474,1.9263148
6.0,5.935645,0.0643549
5.552842,4.9187126,0.6341295
4.30103,5.1363487,-0.83531857
4.30103,6.5787697,-2.2777395
5.823909,5.573638,0.25027084
5.60206,5.3267984,0.2752614
4.026383,4.4719152,-0.44553232
4.468521,4.5029583,-0.03443718
3.09691,4.0662036,-0.9692936
9.283997,9.269599,0.014397621
3.8239088,4.2508507,-0.42694187
4.30103,6.390957,-2.0899267
7.6613445,7.0269985,0.634346
7.1870866,6.3021383,0.88494825
8.30103,6.8654585,1.4355717
5.552842,4.847637,0.70520496
8.167491,7.1380634,1.0294275
9.568636,9.468271,0.100364685
5.6439743,4.8961525,0.7478218
6.853872,5.5601254,1.2937465
7.3279943,5.2580223,2.069972
7.39794,4.863949,2.5339913
7.6575775,7.9007854,-0.24320793
4.537602,5.960144,-1.4225421
8.522879,6.5380125,1.9848661
8.0,7.4628124,0.5371876
5.034328,5.2237663,-0.18943834
5.2596374,6.1126432,-0.8530059
4.374276,4.323655,0.050621033
9.309804,7.9340105,1.3757935
7.5228786,6.6036606,0.91921806
6.0,6.0673532,-0.06735325
6.0,6.3698006,-0.36980057
9.09691,8.030662,1.0662489
8.102373,6.703759,1.3986139
4.0457573,4.8281746,-0.7824173
9.1549015,8.607695,0.5472069
6.39794,5.7884264,0.60951376
4.005991,5.0485773,-1.0425863
4.7399287,5.130683,-0.39075422
3.69897,3.9426298,-0.24365973
4.69897,4.887704,-0.18873405
7.429457,6.481512,0.9479451
4.5734887,4.293087,0.2804017
5.4202166,5.3201885,0.10002804
4.493495,4.532693,-0.03919792
4.0899096,3.0991776,0.99073195
4.692504,5.9155464,-1.2230425
6.5833597,5.5703573,1.0130024
5.5559554,4.989414,0.5665412
5.161151,5.409436,-0.2482853
8.060481,7.1300564,0.9304247
5.0,5.373104,-0.3731041
5.251812,5.2092247,0.04258728
7.1307683,6.461528,0.6692405
6.0,6.5308676,-0.5308676
5.0,5.984482,-0.9844818
6.950782,5.7661867,1.1845951
4.1378684,4.455675,-0.31780672
6.004365,6.083987,-0.07962227
6.2596374,5.89252,0.3671174
5.7379622,6.0453978,-0.3074355
4.0263968,4.351096,-0.3246994
4.026341,4.5876894,-0.56134844
7.3279023,8.098191,-0.77028894
6.0,6.2080803,-0.20808029
6.790485,5.916523,0.8739619
5.673664,5.184683,0.48898125
4.30103,4.4920254,-0.19099522
6.0,6.48518,-0.4851799
6.154902,5.736862,0.4180398
4.7346163,4.729148,0.0054683685
5.9746943,5.4235945,0.5510998
6.0,5.036887,0.96311283
7.1573906,8.44092,-1.2835293
6.294992,6.6841593,-0.3891673
8.769551,8.052889,0.7166624
6.0,5.0779333,0.9220667
8.494172,7.18748,1.3066921
5.69897,5.6521635,0.046806335
4.5883803,5.504533,-0.9161525
4.121478,4.541648,-0.42016983
6.552842,5.630085,0.92275715
4.6401644,3.8044395,0.83572483
5.9480762,5.560274,0.38780212
6.9829664,7.817438,-0.8344717
4.0,5.0123854,-1.0123854
4.0782094,5.434432,-1.3562226
7.0,6.8081846,0.19181538
4.69897,5.879613,-1.1806431
5.0,6.1875725,-1.1875725
8.30103,8.071466,0.22956371
5.2342606,5.9217463,-0.6874857
6.0,5.4578924,0.5421076
4.3936186,4.4134674,-0.019848824
5.179208,5.5892334,-0.4100256
5.0,5.4109945,-0.41099453
9.29243,8.889855,0.40257454
5.238523,6.092531,-0.8540082
5.376751,5.3248672,0.051883698
5.590067,6.4235106,-0.83344364
9.136677,8.532818,0.60385895
7.9085073,7.3200817,0.58842564
5.221849,5.257967,-0.03611803
7.7520266,8.42794,-0.6759138
4.30103,5.229,-0.92796993
3.8239088,3.9804623,-0.1565535
5.6478176,5.0816383,0.5661793
5.0,5.158333,-0.15833282
6.3736596,7.6758327,-1.3021731
8.20066,7.138383,1.0622768
4.368556,4.780784,-0.4122281
8.522879,6.5085173,2.0143614
6.756962,6.184902,0.57205963
4.616436,5.293579,-0.6771431
4.6777806,4.626256,0.05152464
6.161151,5.5571394,0.60401154
4.5575204,4.194031,0.36348963
7.3496923,6.318328,1.0313644
5.2748237,6.7147617,-1.4399381
5.129596,4.863922,0.2656741
5.0457573,5.7569885,-0.71123123
6.711997,6.2220144,0.4899826
5.0,4.533369,0.46663094
7.69897,5.1700068,2.528963
7.207608,5.962146,1.2454624
7.7212462,7.9208126,-0.19956636
5.0,5.1844797,-0.18447971
4.419075,4.418082,0.000992775
8.0,8.131981,-0.1319809
6.0,5.7724285,0.22757149
6.8996296,6.120837,0.7787924
8.05061,7.2896223,0.7609873
4.642065,4.7616987,-0.119633675
5.91364,6.464755,-0.55111504
9.0,7.832527,1.1674728
5.90309,4.37733,1.5257602
4.90309,4.274933,0.62815714
8.080922,7.3854876,0.6954346
4.823909,6.0344114,-1.2105026
7.0,6.2922373,0.7077627
5.7166986,4.9521446,0.764554
5.388383,5.9398975,-0.5515146
5.823909,5.80766,0.016248703
4.1580153,4.549177,-0.39116192
7.124939,6.0037966,1.1211424
7.920819,5.9833097,1.9375091
6.879426,6.3602076,0.51921844
4.0,5.8282356,-1.8282356
7.850792,7.137061,0.7137308
5.042778,5.8490458,-0.80626774
8.958608,9.2325,-0.2738924
3.4012096,4.826435,-1.4252255
4.5044556,4.9862022,-0.48174667
5.6197886,6.9611387,-1.3413501
5.3665314,5.0806055,0.28592587
4.3477535,5.042407,-0.6946535
6.4436975,7.1846848,-0.7409873
6.5100417,3.0238724,3.4861693
4.8041005,5.4121904,-0.6080899
5.3815336,5.506467,-0.12493324
6.0,6.068247,-0.06824684
3.7447276,4.6017075,-0.85697985
6.2596374,5.201891,1.0577464
9.0,9.470141,-0.4701414
6.7721133,6.5916557,0.18045759
4.4716234,4.581441,-0.109817505
5.2596374,4.8780317,0.38160563
8.389979,6.4922523,1.897727
9.236572,9.211986,0.024586678
6.400117,6.963174,-0.56305695
8.522879,7.4068146,1.1160641
9.886057,8.279819,1.6062384
5.6382723,5.5152597,0.12301254
9.481486,6.684696,2.7967901
5.6946487,6.2666864,-0.5720377
5.0457573,4.6417794,0.40397787
4.9746943,5.023569,-0.048874855
6.7520266,7.245384,-0.49335766
4.0,4.745744,-0.7457442
4.6903696,4.424032,0.2663374
5.329198,5.609042,-0.27984428
4.5157003,5.3545895,-0.8388891
7.221849,6.0344124,1.1874366
9.327902,8.547139,0.7807627
3.8910968,4.2412415,-0.35014462
4.026078,5.1094694,-1.0833912
6.0,5.6388435,0.36115646
4.628932,4.7393837,-0.1104517
6.7447276,5.7834005,0.9613271
6.0,6.2162447,-0.2162447
5.659556,6.249406,-0.58984995
7.0,5.7621737,1.2378263
7.1307683,5.986062,1.1447062
7.154902,6.124551,1.0303512
8.19382,7.6632423,0.53057766
5.8181562,5.071374,0.7467823
6.129011,5.284772,0.84423923
6.0,6.467331,-0.46733093
6.0,6.4357424,-0.43574238
6.0,5.6054335,0.39456654
8.958608,8.777383,0.18122482
6.9914,6.603964,0.3874359
6.0,6.247713,-0.24771309
4.493495,5.0281906,-0.5346956
3.4317982,3.826244,-0.3944459
6.421361,5.433077,0.9882841
4.2388244,5.619117,-1.3802924
4.4596705,4.562552,-0.10288143
5.134304,5.509182,-0.37487793
5.853872,5.4067907,0.4470811
4.30103,4.648778,-0.3477478
4.6428275,5.638399,-0.9955716
7.8860564,7.7480564,0.13800001
6.2423005,5.907797,0.33450365
4.7212462,4.641779,0.0794673
5.1191864,4.8416595,0.27752686
4.026295,4.059307,-0.033011913
7.958607,8.999642,-1.0410352
7.2660007,7.666397,-0.40039635
7.3279023,6.855075,0.47282743
8.920818,8.595712,0.32510662
3.7121983,4.4016657,-0.68946743
4.6999917,4.339836,0.36015558
4.2975693,3.8621836,0.4353857
8.30103,6.8432274,1.4578028
4.69897,4.686471,0.012498856
6.165999,6.4470425,-0.28104353
4.853872,5.520629,-0.6667571
7.154902,6.0334787,1.1214232
9.251812,9.107733,0.14407921
3.8239088,4.075488,-0.25157928
3.8239088,3.9145958,-0.09068704
5.8219547,6.3014383,-0.4794836
6.8902535,7.282752,-0.3924985
5.154902,6.0853596,-0.9304576
6.8860564,4.177748,2.7083082
4.026489,5.197727,-1.1712384
5.0,6.0223455,-1.0223455
8.826823,6.9682264,1.8585968
9.229148,9.211074,0.018074036
4.539102,4.8961077,-0.3570056
5.7212462,5.565876,0.15537024
9.69897,9.298404,0.4005661
5.0,5.547327,-0.54732704
6.236572,5.4739084,0.76266336
6.0,5.8556795,0.14432049
7.4317985,6.258644,1.1731544
6.49485,5.8684893,0.6263609
6.376751,5.4544296,0.9223213
9.522879,8.976684,0.54619503
4.0,4.8989234,-0.8989234
5.0,5.8084564,-0.8084564
5.735891,5.0798054,0.6560855
5.221849,4.9817553,0.24009371
4.69897,5.590493,-0.89152336
4.78423,5.332409,-0.5481787
4.978811,5.2928,-0.31398916
5.207608,4.907873,0.29973507
5.5575204,5.4359274,0.121593
4.008774,4.178088,-0.16931438
4.3665314,4.6517897,-0.2852583
7.7212462,5.982151,1.7390952
8.060481,7.6434526,0.41702843
5.869666,5.4619217,0.4077444
3.455932,4.838275,-1.382343
8.853872,8.639752,0.21411991
5.500038,5.045334,0.45470428
4.0,5.3359947,-1.3359947
8.39794,7.3146915,1.0832481
4.6684513,4.0485516,0.61989975
9.275724,9.080689,0.19503498
4.30103,5.48248,-1.1814499
3.9385476,4.8746405,-0.93609285
5.154902,4.531522,0.6233802
4.4434805,5.1380825,-0.694602
8.522879,8.174841,0.34803772
4.277366,5.010701,-0.733335
7.154902,5.7714806,1.3834214
6.6575775,6.0965414,0.5610361
4.6197886,4.501512,0.118276596
5.2596374,5.5204344,-0.26079702
5.7791076,5.460561,0.31854677
8.39794,7.9893875,0.40855217
4.30103,3.7002428,0.6007874
7.7189665,7.476898,0.24206829
7.447332,6.8934927,0.5538392
5.6819367,5.28833,0.39360666
7.537602,6.1473246,1.3902774
9.318759,9.046467,0.27229214
8.522879,8.1103735,0.41250515
7.0,5.3902893,1.6097107
4.723607,4.7474575,-0.023850441
4.026392,4.509486,-0.48309422
7.0,6.2248564,0.7751436
9.1549015,9.2672205,-0.11231899
4.69897,5.208335,-0.5093651
8.107905,8.442534,-0.33462906
4.787812,4.6873283,0.100483894
5.7212462,7.1263075,-1.4050612
4.653647,3.9581888,0.6954582
6.2596374,6.124362,0.13527536
7.19382,7.8538847,-0.6600647
4.30103,4.623515,-0.32248497
4.7999983,4.375005,0.42499352
8.0,6.81672,1.18328
4.823909,5.645446,-0.821537
8.537602,6.5041447,2.0334578
5.660151,4.525055,1.1350961
6.0,5.357538,0.6424618
7.7523665,7.8191824,-0.06681585
7.853872,7.8733225,-0.019450665
4.636388,4.996458,-0.36007023
4.916139,4.957251,-0.041111946
7.0,5.323861,1.6761389
4.3496923,4.5109634,-0.1612711
5.19382,5.4376774,-0.24385738
4.653647,4.5641766,0.08947039
5.408268,4.949712,0.45855618
4.372634,4.5230236,-0.15038967
5.275724,5.316701,-0.040977
4.026461,3.6883643,0.33809686
6.0,6.046957,-0.046957016
6.0,6.4736156,-0.47361565
8.39794,6.856949,1.5409908
5.0,6.450448,-1.450448
5.6382723,5.726282,-0.088009834
4.680894,5.0915384,-0.41064453
7.2395773,7.6542225,-0.4146452
9.69897,8.106542,1.5924282
7.102373,6.390933,0.7114401
8.522879,8.811964,-0.2890854
4.30103,5.3651667,-1.0641365
7.235077,7.00642,0.22865677
5.6197886,6.831765,-1.2119765
4.025903,5.060313,-1.03441
4.134038,4.684705,-0.5506668
4.7721133,5.069355,-0.2972417
5.0,6.511403,-1.5114031
4.307153,4.588237,-0.28108358
4.1079054,4.9824543,-0.8745489
3.7878125,4.4986744,-0.7108619
5.0,4.9579334,0.042066574
5.188224,5.15808,0.030143738
4.0,3.3436177,0.6563823
5.180456,5.110094,0.07036209
5.782516,5.8614645,-0.0789485
4.3851027,5.4779644,-1.0928617
5.2310004,5.250513,-0.019512653
6.0,6.305647,-0.3056469
7.0,6.423503,0.5764971
5.5670004,5.6795607,-0.11256027
6.0,6.3650627,-0.3650627
9.327902,9.279258,0.048644066
6.180456,6.121604,0.058852196
8.638272,8.320521,0.31775093
6.0,6.1665764,-0.16657639
6.0,5.5745792,0.42542076
4.30103,5.4635725,-1.1625423
9.21467,8.751076,0.46359444
8.142668,6.416003,1.7266645
4.0457573,4.3466935,-0.30093622
5.4470887,4.901731,0.5453577
9.045757,7.2921267,1.7536306
8.1549015,8.471108,-0.31620693
6.0,5.8736744,0.1263256
4.9234324,4.1873627,0.7360697
8.251812,8.077308,0.17450428
8.30103,7.9345856,0.3664446
6.330683,6.1264086,0.20427465
4.342944,4.386817,-0.043872833
7.09691,5.9876213,1.1092887
4.823909,5.4639645,-0.64005566
8.320572,7.842181,0.4783907
9.443698,9.096293,0.34740448
9.2218485,8.384667,0.8371811
5.30103,4.8919744,0.4090557
5.5606675,6.429735,-0.86906767
6.6382723,6.662694,-0.024421692
7.2596374,5.9395046,1.3201327
7.5228786,6.7181015,0.80477715
5.481486,4.6954336,0.7860522
7.89279,7.844453,0.048336983
6.0,7.6526375,-1.6526375
8.0,7.2564497,0.7435503
5.9172144,5.4233017,0.4939127
7.251812,7.886775,-0.63496304
6.400057,6.1111727,0.28888416
8.522879,8.450227,0.07265186
5.4152904,5.9665623,-0.5512719
5.6382723,5.5511656,0.087106705
4.551294,4.9287996,-0.37750578
4.30103,5.3842707,-1.0832405
6.3477535,6.0687065,0.279047
7.4202166,5.946453,1.4737635
8.522879,8.107976,0.4149027
5.458296,5.3153725,0.14292336
4.0,4.2239003,-0.22390032
4.6819367,4.3692627,0.31267405
4.8292103,4.654314,0.17489624
4.7281585,5.478385,-0.7502265
4.455932,4.894807,-0.43887472
5.4436975,6.224986,-0.7812886
6.39794,5.5276957,0.8702445
5.7999706,5.4560184,0.34395218
4.634512,4.633852,0.0006599426
5.0,4.5604258,0.43957424
5.417937,6.011937,-0.59400034
4.4973955,5.144307,-0.6469116
8.408936,8.504529,-0.09559345
5.5228786,5.920129,-0.39725018
5.0,5.4398537,-0.43985367
8.568636,7.997057,0.571579
6.1101384,5.559722,0.55041647
5.031517,4.2463136,0.78520346
4.1129456,4.555933,-0.44298744
6.4317985,5.715023,0.7167754
8.79588,7.7268944,1.0689859
4.087034,4.3633413,-0.2763071
4.958607,5.4410543,-0.48244715
4.6556077,4.6522236,0.0033841133
4.0958257,4.544937,-0.44911146
5.6055484,5.239109,0.36643934
5.0,5.484104,-0.48410416
7.9921107,7.9251823,0.06692839
4.90309,5.352354,-0.44926405
6.0,5.6003895,0.39961052
7.0,6.3894653,0.61053467
7.3467875,6.6231785,0.723609
5.9829664,4.495055,1.4879112
9.420217,8.382309,1.0379076
8.022276,8.667216,-0.6449404
7.958607,5.529974,2.4286332
5.229148,5.919898,-0.6907501
8.30103,8.666139,-0.3651085
6.0,5.9667263,0.033273697
5.1291866,5.6971664,-0.5679798
6.3467875,5.95041,0.39637756
5.2881927,4.5344124,0.75378036
6.5228786,6.281644,0.24123478
5.2596374,5.128866,0.13077116
6.0371575,5.882599,0.15455866
4.4672456,4.4008493,0.06639624
5.229148,5.917945,-0.688797
4.9871626,4.904723,0.08243942
4.026383,5.553829,-1.5274463
8.721247,7.363782,1.3574648
7.2596374,7.530346,-0.27070856
5.2596374,5.5204954,-0.26085806
4.552842,4.5029593,0.04988289
5.2328444,5.5874643,-0.35461998
6.730487,5.809664,0.9208231
7.69897,8.128081,-0.42911148
7.0222764,6.8089294,0.21334696
4.950782,4.292775,0.65800667
6.0604806,5.8144484,0.24603224
5.1045775,4.7310247,0.3735528
6.6777806,5.6617374,1.0160432
4.5806227,5.2526608,-0.6720381
6.0,5.1015825,0.8984175
9.2218485,8.394268,0.82758045
5.0,5.596384,-0.59638405
4.0,6.0231056,-2.0231056
4.0,6.084197,-2.084197
4.0263968,3.959929,0.06646776
4.0264196,3.948688,0.07773161
7.376751,5.915412,1.461339
7.7931743,7.5367365,0.25643778
5.8124795,5.3211174,0.4913621
4.6882463,4.9182196,-0.22997332
6.391474,5.4060144,0.9854593
7.161151,5.3513813,1.8097696
4.026475,4.5123825,-0.48590755
6.454693,5.920953,0.53374004
5.7447276,6.4466677,-0.70194006
6.0,6.5788364,-0.57883644
5.3467875,4.7583265,0.5884609
5.2596374,4.9775267,0.2821107
4.0,4.962822,-0.96282196
7.536107,7.1907625,0.34534454
6.39794,5.8720036,0.5259366
4.1337185,4.048974,0.08474445
3.30103,4.6387267,-1.3376968
2.552842,3.4412396,-0.8883977
4.823909,5.806176,-0.9822674
9.124939,6.852294,2.272645
7.69897,6.794718,0.90425205
8.30103,7.235653,1.0653772
5.552842,4.5896506,0.9631915
6.0,6.261153,-0.26115322
6.623423,6.4295864,0.19383669
6.0,5.785283,0.21471691
8.20066,7.8128824,0.38777733
6.0,6.313593,-0.3135929
9.30103,9.100219,0.20081139
5.6575775,5.467039,0.1905384
9.1549015,8.469575,0.6853266
6.30103,5.846467,0.45456314
10.19382,7.4270744,2.7667456
4.69897,4.8689795,-0.17000961
4.39794,4.699955,-0.30201483
4.675512,4.668258,0.007253647
5.1497827,6.7376404,-1.5878577
5.055517,5.352626,-0.29710865
7.251812,7.2096176,0.042194366
6.7423215,6.3046646,0.43765688
7.6197886,6.9739304,0.6458583
9.468521,9.251528,0.21699333
4.7212462,5.394087,-0.6728406
4.026383,4.298506,-0.27212286
4.30103,4.8424435,-0.5414133
3.69897,4.867326,-1.1683557
6.8894105,7.7296286,-0.84021807
5.0,5.4284754,-0.42847538
3.2218487,3.5277174,-0.30586863
6.468521,6.2452154,0.2233057
9.481486,8.923475,0.55801105
6.7746906,6.9062014,-0.13151073
3.5331323,4.214286,-0.68115354
5.0,5.0042257,-0.004225731
5.6382723,5.0900335,0.54823875
7.309804,6.505045,0.804759
4.462181,4.493079,-0.030898094
4.6819367,4.413847,0.26808977
5.3467875,5.4535007,-0.106713295
5.1811147,4.3595257,0.821589
6.2676063,4.314601,1.9530053
6.29073,6.626045,-0.33531523
6.1169066,5.636595,0.48031187
4.542118,4.0552425,0.48687553
8.522879,8.119521,0.4033575
5.0,5.63443,-0.63442993
5.6382723,5.098688,0.53958416
5.292004,4.8143435,0.47766066
7.7695513,6.525362,1.2441893
6.434152,6.2652845,0.16886759
8.0,7.8050737,0.19492626
8.080922,8.00963,0.07129192
7.3651724,6.858206,0.5069666
7.09691,7.2682686,-0.17135859
4.6958327,4.8910875,-0.1952548
6.0,6.0781965,-0.078196526
7.4202166,7.8316965,-0.41147995
9.251812,8.1068,1.1450119
8.045757,6.7018166,1.3439407
8.387217,7.3200817,1.0671349
7.6575775,7.8673077,-0.20973015
4.5999975,5.1202593,-0.52026176
4.707744,4.088924,0.6188202
4.2975693,4.527738,-0.23016882
8.031517,6.975974,1.055543
7.939302,7.406208,0.5330939
3.552842,3.7594764,-0.20663452
7.950782,7.452429,0.498353
8.79588,6.089551,2.7063293
8.522879,8.385044,0.13783455
9.29243,7.271594,2.0208359
8.091515,7.678996,0.4125185
6.823909,7.6254673,-0.8015585
4.7212462,4.9468613,-0.22561502
6.978811,5.8700075,1.1088033
9.455932,9.5028715,-0.04693985
9.09691,8.636335,0.4605751
4.7999983,4.340106,0.45989227
5.9871626,4.912841,1.0743217
4.30103,5.3763647,-1.0753345
5.481486,4.6586094,0.82287645
6.0,5.808634,0.1913662
5.2596374,5.462637,-0.20299959
9.229148,9.126658,0.10248947
8.49485,7.1977158,1.2971344
5.09691,4.4197416,0.67716837
6.21467,5.9032135,0.31145668
6.039054,4.934094,1.10496
5.3001623,6.306304,-1.0061417
6.452225,6.2549353,0.19728994
7.958607,7.3153887,0.6432185
6.0,5.3575373,0.64246273
4.30103,4.8877525,-0.5867224
5.870001,5.5511007,0.3189001
4.5379014,4.3180075,0.21989393
6.0,5.4677362,0.53226376
4.429457,5.107135,-0.67767763
5.008774,4.77967,0.22910404
4.30103,6.18836,-1.88733
4.539102,4.967082,-0.42797995
6.69897,5.80077,0.89820004
7.958607,5.951355,2.0072522
6.113509,5.2320967,0.8814125
6.0,6.0815706,-0.081570625
5.221849,5.53796,-0.3161111
4.6840296,5.4346933,-0.75066376
4.30103,5.298024,-0.996994
8.30103,6.7276134,1.5734167
9.443698,8.706762,0.7369356
4.0,6.107687,-2.107687
7.49485,7.039135,0.45571518
5.8751698,6.1274586,-0.25228882
4.0,4.7479687,-0.7479687
4.30103,5.04364,-0.74261
6.0,6.1548414,-0.15484142
4.412289,5.3035984,-0.89130926
7.5086384,7.2865496,0.22208881
7.920819,7.2813425,0.6394763
6.221849,6.0239687,0.19788027
4.0132284,4.175461,-0.1622324
5.0,5.904599,-0.9045992
6.551294,5.9070396,0.6442542
5.0,5.628665,-0.628665
8.0,7.622467,0.37753296
8.958608,7.1143684,1.8442392
8.045757,6.451191,1.5945663
8.39794,5.5386047,2.859335
6.6197886,6.825079,-0.20529032
6.920819,6.0141993,0.90661955
6.779892,5.1783657,1.6015263
5.0,4.5645285,0.43547153
6.6382723,5.574465,1.0638075
5.7447276,4.760961,0.98376656
6.9633718,6.5161715,0.4472003
8.366531,7.649621,0.71691036
5.0,5.1857033,-0.18570328
8.853872,9.105623,-0.25175095
5.0,5.4804115,-0.48041153
8.113509,7.7624063,0.35110283
5.0,5.2204847,-0.22048473
4.6575775,4.962336,-0.30475855
3.085128,3.6439006,-0.55877256
6.0,5.9743443,0.025655746
5.0,5.53533,-0.5353298
5.8198743,4.1624827,1.6573915
7.0457573,6.1352854,0.9104719
8.045757,7.7203426,0.32541466
7.055517,7.233431,-0.17791367
3.8239088,3.884662,-0.060753107
4.0,6.8560724,-2.8560724
8.251812,7.069213,1.1825991
6.943095,7.4487696,-0.50567436
8.958608,8.890919,0.06768894
5.4463596,6.2041273,-0.7577677
9.29243,9.21783,0.07460022
4.823909,5.9262686,-1.1023598
7.075721,6.749402,0.32631874
5.5686364,5.209963,0.35867357
9.065501,8.921435,0.14406586
4.69897,4.6166406,0.08232927
5.578396,6.0671597,-0.4887638
4.30103,4.7267065,-0.42567635
9.0,7.043495,1.9565048
8.30103,6.8865376,1.4144926
7.387216,6.89746,0.4897561
6.094825,6.3575706,-0.26274586
6.737549,7.927969,-1.1904202
5.5686364,5.61767,-0.04903364
4.502794,4.18785,0.3149438
5.0,6.3217373,-1.3217373
9.508638,7.2536592,2.2549791
5.0,5.769903,-0.7699032
5.0,5.2898445,-0.2898445
7.0,6.1374493,0.86255074
9.207608,9.24717,-0.039562225
9.39794,7.737241,1.6606989
7.1870866,6.9691753,0.21791124
5.275724,5.2179537,0.057770252
5.2549253,5.1855593,0.06936598
5.0,6.105607,-1.105607
5.0132284,6.447509,-1.4342804
5.9792247,5.4226446,0.55658007
7.6382723,6.049754,1.5885181
4.4282913,4.7397275,-0.31143618
5.371611,4.743205,0.62840605
6.2839966,5.431486,0.85251045
5.7212462,5.743449,-0.022202969
4.823909,4.849819,-0.025910378
6.0433517,5.1605206,0.8828311
4.36251,4.3201075,0.042402744
5.2204037,5.4236803,-0.20327663
4.69897,4.9515142,-0.2525444
5.0,6.3522186,-1.3522186
9.387217,9.436206,-0.048989296
5.0,4.0001583,0.9998417
6.0,6.6149044,-0.6149044
8.0,7.7600327,0.23996735
6.5686364,5.511956,1.0566802
9.309804,9.330796,-0.020992279
5.2153826,5.4612656,-0.24588299
3.9586072,4.5872183,-0.6286111
4.5606675,5.6688004,-1.1081328
4.8884015,5.9772263,-1.0888247
5.7544875,6.2250967,-0.4706092
6.50724,5.1917562,1.3154836
5.0,5.932432,-0.9324322
5.0,4.9315023,0.06849766
6.0,6.197241,-0.19724083
6.920819,6.189949,0.73086977
4.8521075,4.6829834,0.16912413
5.1426673,5.1508303,-0.008162975
4.69897,5.273281,-0.57431126
8.30103,7.8538847,0.44714546
9.346787,9.152528,0.19425964
4.579203,4.8590174,-0.27981424
6.0,6.074341,-0.07434082
5.960586,6.1460056,-0.18541956
8.455932,7.9991245,0.45680714
5.3665314,5.2538958,0.11263561
5.6575775,6.6131296,-0.9555521
6.79588,5.832572,0.96330786
3.219107,4.624733,-1.405626
9.30103,8.512859,0.7881708
5.2999887,4.839941,0.46004772
4.950782,4.35485,0.595932
6.0371575,5.7329073,0.30425024
8.463442,7.6719875,0.7914543
4.5228786,4.874534,-0.35165548
5.552842,5.0642595,0.4885826
4.30103,4.90203,-0.60099983
4.2742515,4.5767736,-0.30252218
7.0,6.0141983,0.9858017
4.026383,3.9393327,0.0870502
4.0,3.5883186,0.4116814
5.954595,7.0059013,-1.0513062
6.6197886,5.6462564,0.9735322
7.79588,6.931633,0.86424685
7.5689583,6.418024,1.1509342
5.2182446,6.0565815,-0.83833694
5.8060412,5.545932,0.26010942
4.0,4.397584,-0.39758396
7.2510376,6.679631,0.57140636
6.2494917,6.220496,0.028995514
8.443698,6.828307,1.6153908
4.732828,4.9852858,-0.25245762
4.5559554,4.8727417,-0.3167863
6.0,5.9366302,0.06336975
7.7447276,6.720113,1.0246148
5.829738,5.08296,0.746778
3.8239088,3.7253387,0.09857011
6.206908,6.491458,-0.2845497
6.0,6.313842,-0.31384182
5.7695513,5.3939877,0.37556362
7.6382723,7.5491295,0.0891428
6.0,6.3240175,-0.32401752
8.148742,7.598795,0.5499468
9.229148,9.413841,-0.18469334
7.823909,7.49426,0.32964897
6.5142784,5.5062313,1.0080471
5.0,4.3625107,0.6374893
6.9244533,5.9730816,0.95137167
8.6575775,7.0092516,1.6483259
8.522879,7.5973635,0.9255152
5.4672456,5.5133295,-0.046083927
6.318759,5.856325,0.46243382
4.0264196,4.248928,-0.22250843
5.0,6.038662,-1.038662
5.0,4.880192,0.1198082
6.0,6.0634203,-0.063420296
5.623423,4.8364344,0.78698874
4.0,3.3884416,0.61155844
7.154902,6.1543217,1.0005803
6.0,5.9888926,0.011107445
3.1739252,3.5292625,-0.35533738
4.2211256,4.6740503,-0.45292473
9.187087,7.862214,1.324873
6.0,5.5204954,0.4795046
4.69897,5.2485065,-0.5495367
5.288024,5.3440046,-0.055980682
5.2999887,5.1477337,0.15225506
7.3448615,6.496358,0.8485036
4.69897,5.0657396,-0.3667698
8.0,8.072296,-0.07229614
6.39794,5.2981443,1.0997958
9.0,8.980709,0.019290924
5.1079054,6.511093,-1.4031878
6.30103,5.1377907,1.1632395
4.69897,4.6633515,0.035618305
4.959358,4.828639,0.13071918
4.4436975,5.32372,-0.8800225
6.0,5.5922117,0.40778828
4.0,4.8608637,-0.8608637
2.8860567,4.3382015,-1.4521449
8.39794,8.427488,-0.029548645
5.031517,5.116395,-0.08487797
9.30103,9.3072405,-0.006210327
6.0,5.197398,0.8026018
4.30103,5.5593367,-1.2583065
5.3018994,5.4900417,-0.1881423
8.987163,7.771241,1.2159214
7.6197886,6.194051,1.4257379
4.30103,5.798731,-1.4977007
5.552842,4.6596565,0.8931856
6.0,5.7452955,0.25470448
5.8860564,6.1111574,-0.225101
6.60206,6.293436,0.3086238
7.39794,5.8684893,1.5294509
8.723538,7.5324078,1.1911306
5.2596374,5.745371,-0.4857335
4.2633085,5.7092905,-1.445982
7.1739254,4.8290195,2.3449059
4.0,4.8605995,-0.8605995
6.400117,6.631036,-0.23091888
7.180456,6.3414803,0.8389759
8.522879,8.290198,0.23268032
8.102373,7.4575224,0.64485073
5.3027706,5.073929,0.22884178
5.53121,6.1210613,-0.5898514
4.5228786,6.0829554,-1.5600767
6.60206,6.131117,0.47094297
4.376751,5.113188,-0.73643684
9.30103,9.428711,-0.12768078
8.300509,7.0063477,1.2941618
4.2139587,4.402305,-0.18834639
5.2596374,5.3553143,-0.0956769
4.4881167,5.5300827,-1.041966
7.39794,6.544196,0.85374403
6.111259,6.69417,-0.582911
7.3467875,7.291256,0.0555315
4.853872,4.609715,0.24415684
7.411168,7.2395124,0.17165565
6.318759,6.03971,0.27904892
9.1549015,8.5793085,0.575593
5.500038,5.5753098,-0.07527161
4.387216,4.010066,0.37715006
5.0,4.7079515,0.29204845
8.30103,8.458133,-0.15710258
7.387216,6.469201,0.918015
5.623423,5.991312,-0.36788893
5.4023046,5.2057447,0.1965599
7.0,5.7459393,1.2540607
5.229222,5.212655,0.016566753
6.115318,5.9613304,0.15398741
5.7695513,6.1335077,-0.36395645
8.869666,9.554747,-0.6850805
4.5100417,5.0058956,-0.4958539
6.4271283,6.5514116,-0.124283314
4.30103,5.937071,-1.6360407
9.0,8.532856,0.467144
5.2999887,4.7650948,0.534894
5.0,5.569129,-0.569129
7.6458917,5.023059,2.6228328
4.69897,4.1894403,0.5095296
3.2062795,4.8481436,-1.6418641
5.4202166,5.3303432,0.089873314
5.0,5.012532,-0.012532234
4.5228786,4.424142,0.09873676
5.0,5.6980095,-0.6980095
5.275724,4.979026,0.2966981
8.468521,7.100006,1.368515
6.334419,5.340933,0.9934859
6.221849,7.1691914,-0.9473424
4.8124795,4.8001304,0.012349129
4.9469986,5.232336,-0.28533745
8.307153,7.5971785,0.7099743
9.508638,9.454705,0.053933144
4.632644,4.887807,-0.25516272
5.69897,6.721857,-1.0228872
6.39794,5.4013643,0.99657583
8.522879,8.4558115,0.06706715
6.1810617,4.8587856,1.3222761
7.2596374,7.405834,-0.14619684
6.0,5.6003895,0.39961052
8.522879,8.123915,0.39896393
5.2596374,5.4167595,-0.15712214
6.30103,6.7580996,-0.4570694
5.2006593,4.3385754,0.8620839
5.0,6.279006,-1.279006
7.6575775,6.7717323,0.8858452
8.0,6.6543865,1.3456135
8.522879,8.303752,0.2191267
6.69897,6.1049395,0.5940304
5.703335,5.957389,-0.25405407
6.950782,7.522709,-0.5719271
6.0,5.6853533,0.31464672
6.167491,6.5068674,-0.33937645
6.244888,5.8655787,0.37930918
5.3467875,5.5413857,-0.1945982
7.696804,6.561681,1.1351233
5.6575775,5.1106195,0.54695797
7.180456,7.4893866,-0.3089304
4.180456,4.3595257,-0.17906952
6.7644715,6.4953623,0.26910925
4.30103,5.798731,-1.4977007
5.207608,4.5845976,0.62301064
6.1191864,5.2825603,0.83662605
4.5086384,5.5537767,-1.0451384
3.7746906,5.797452,-2.0227613
7.1487417,5.39242,1.7563219
4.30103,4.6640635,-0.3630333
5.7212462,6.0572424,-0.33599615
7.0,6.130991,0.869009
4.49485,5.791402,-1.2965517
6.39794,5.577299,0.82064104
5.788079,7.8633957,-2.075317
8.443698,7.6768494,0.76684856
4.850781,4.6396227,0.21115828
8.455932,7.33986,1.1160717
5.928118,5.553442,0.37467623
5.386158,5.0284204,0.35773754
6.0,6.145605,-0.14560509
7.552842,8.4724655,-0.9196234
5.053155,4.871341,0.18181372
7.958607,8.384892,-0.42628527
4.375718,4.347566,0.028151989
9.2218485,9.321399,-0.09955025
5.207608,5.3964767,-0.18886852
6.6575775,6.6603107,-0.0027332306
7.7380238,6.7992754,0.93874836
3.90309,3.5975587,0.30553126
8.2218485,8.027252,0.19459629
5.161151,5.390934,-0.22978306
4.9100947,5.0273333,-0.11723852
4.7544875,5.336548,-0.58206034
8.0,7.432395,0.567605
9.387217,8.056099,1.3311176
4.3001623,5.4117317,-1.1115694
5.578396,5.6230803,-0.04468441
7.920819,7.1484604,0.7723584
7.3467875,6.7569475,0.58983994
4.026729,3.9837549,0.042974234
4.0,4.709262,-0.7092619
6.387216,6.55175,-0.16453409
6.316053,6.893099,-0.5770459
5.229148,5.597143,-0.36799526
4.30103,4.96498,-0.66394997
4.703335,4.312758,0.39057684
7.7695513,7.2228947,0.5466566
5.4317985,5.7682886,-0.33649015
5.625252,5.1211443,0.5041075
7.309804,7.960416,-0.6506119
8.091515,7.360944,0.7305708
6.236572,6.197651,0.03892088
5.543634,5.8453255,-0.30169153
4.0,5.709902,-1.7099018
6.876148,7.2089014,-0.33275318
4.0264935,4.18894,-0.1624465
4.5985994,5.3236656,-0.7250662
4.950782,5.2148743,-0.26409245
5.3565474,4.9602757,0.3962717
5.2596374,5.5953856,-0.3357482
5.3020005,4.9452477,0.35675287
5.0,5.5197906,-0.51979065
9.19382,8.649478,0.54434204
4.5606675,5.6509476,-1.09028
5.2596374,5.6700506,-0.41041327
6.6757174,5.9352436,0.74047375
4.69897,5.2878,-0.58883
5.083493,4.751505,0.33198833
9.09691,8.983321,0.11358929
5.853872,5.6034727,0.2503991
4.093665,4.716752,-0.6230869
5.596708,6.094904,-0.49819613
5.0,5.6991796,-0.69917965
5.251812,4.641982,0.6098299
5.500038,5.112241,0.38779736
3.9136403,4.087444,-0.17380357
5.0338583,5.1254005,-0.091542244
6.0,5.985712,0.014287949
5.0,5.362692,-0.36269188
4.6675615,4.6907067,-0.023145199
7.481486,6.0164356,1.4650502
4.47237,4.5270386,-0.054668427
5.6382723,4.60647,1.0318022
5.850781,6.0544386,-0.20365763
8.522879,7.7444706,0.77840805
4.7144427,5.0203524,-0.30590963
3.30103,5.3216333,-2.0206034
7.7212462,6.124464,1.5967822
6.208864,4.7389092,1.469955
4.025645,4.058893,-0.033248425
4.0,4.4670362,-0.46703625
6.537602,6.1113806,0.42622137
6.100089,6.1398964,-0.03980732
5.275724,5.7319784,-0.45625448
7.154902,6.0035305,1.1513715
5.829738,5.701581,0.12815714
4.0,7.1341867,-3.1341867
5.6575775,5.231901,0.42567635
4.852262,5.3440113,-0.4917493
4.0264335,4.139516,-0.11308241
4.02647,4.9148703,-0.8884001
6.8632793,7.8095903,-0.946311
7.7212462,6.3637257,1.3575206
8.69897,7.8340435,0.86492634
5.275724,5.1750717,0.10065222
6.642065,6.1944895,0.44757557
5.958607,4.627165,1.3314424
4.30103,4.3251944,-0.0241642
5.225483,5.213587,0.011896133
8.522879,8.58283,-0.059951782
4.705534,5.6872425,-0.9817085
7.5606675,7.856451,-0.29578352
6.2596374,5.8403816,0.41925573
4.623423,4.5725155,0.05090761
4.8860564,5.483389,-0.5973325
8.886057,8.528982,0.35707474
6.0,6.492317,-0.4923172
6.0,5.808713,0.19128704
5.124939,5.107005,0.017933846
8.721247,7.9503546,0.77089214
5.3196645,4.946231,0.3734336
6.154902,6.3110876,-0.15618563
4.69897,4.5180254,0.18094444
5.856985,5.3682404,0.48874474
6.844664,5.437866,1.4067979
4.69897,5.248539,-0.54956913
7.8860564,7.783512,0.10254431
8.0,6.8324575,1.1675425
5.958607,4.634221,1.3243861
5.7862167,5.889181,-0.1029644
7.4436975,6.5931664,0.8505311
4.0,4.0972786,-0.097278595
5.642065,5.4482183,0.1938467
7.2596374,7.2467566,0.012880802
8.69897,7.76328,0.9356899
5.6819367,5.248083,0.43385363
4.769168,4.1903486,0.5788193
4.756962,4.7972107,-0.04024887
5.3665314,5.004508,0.36202335
4.5999975,4.685956,-0.08595848
5.2596374,4.706864,0.5527735
4.5751185,5.0824127,-0.5072942
9.0,8.041767,0.9582329
6.0,5.8732843,0.12671566
7.055517,6.872504,0.18301296
4.30103,5.371482,-1.0704517
4.017729,5.6687527,-1.6510239
5.432268,5.9117393,-0.4794712
5.0,4.706541,0.29345894
9.0,7.986041,1.0139589
4.0,3.98418,0.015820026
6.0,6.1422663,-0.14226627
4.7292047,5.888876,-1.1596713
6.0,5.607664,0.3923359
6.0,7.217641,-1.2176409
5.69897,6.913125,-1.2141552
6.5228786,5.908373,0.61450577
6.2596374,7.390033,-1.1303954
8.920818,6.3371515,2.5836668
5.161151,6.109269,-0.9481182
4.60206,3.9963756,0.6056843
5.872571,5.3678446,0.5047264
8.647818,7.599118,1.0486994
4.69897,5.4472485,-0.7482786
4.30103,4.8271904,-0.52616024
5.6575775,6.2070503,-0.5494728
5.0,6.478814,-1.4788141
6.031517,5.830303,0.20121384
2.7520268,4.7773466,-2.0253198
3.3799682,3.1549146,0.22505355
4.0,4.647683,-0.64768314
5.0,5.395895,-0.395895
8.522879,8.050193,0.4726858
6.4308963,6.249407,0.18148947
3.406714,4.7557516,-1.3490376
3.3909395,3.810169,-0.4192295
4.39794,5.2492332,-0.8512931
6.530178,5.049716,1.4804621
6.0,6.8640137,-0.8640137
6.1191864,6.538309,-0.4191227
4.9172144,3.9364054,0.980809
4.0,4.757615,-0.7576151
5.6575775,4.665305,0.9922724
7.4089355,7.580785,-0.17184925
4.595166,4.7691584,-0.17399216
7.3665314,5.9411087,1.4254227
7.6777806,6.7551994,0.9225812
7.6382723,6.663123,0.97514915
5.080922,5.3515415,-0.2706194
4.30103,4.3132677,-0.012237549
5.8999743,5.9369307,-0.03695631
6.4775558,6.272914,0.20464182
5.958607,5.582546,0.37606096
6.7423215,6.644785,0.097536564
5.329383,5.894068,-0.56468487
4.90309,4.4608955,0.44219446
3.8239088,3.8057418,0.018167019
4.8961964,4.2420855,0.6541109
8.0,8.072296,-0.07229614
6.4609237,6.4309807,0.02994299
4.38764,4.206092,0.18154812
6.221849,5.7367544,0.48509455
4.0258617,4.3524227,-0.32656097
4.6999917,4.3773785,0.32261324
4.6575775,5.062769,-0.40519142
6.0,7.1258507,-1.1258507
4.30103,4.4252806,-0.12425041
4.169411,4.4853477,-0.31593657
6.0,6.054903,-0.05490303
6.400117,6.3214426,0.07867432
4.8556437,5.181059,-0.32541513
4.5228786,5.3997,-0.8768215
6.0,6.347516,-0.34751606
7.69897,5.3927135,2.3062563
4.6382723,6.2086086,-1.5703363
4.3297544,4.3081512,0.021603107
7.008774,6.874651,0.13412285
4.030584,3.49068,0.5399039
4.69897,4.479417,0.219553
4.9850597,5.1059284,-0.12086868
6.0,6.4887486,-0.48874855
5.268411,4.2866592,0.9817519
5.700057,5.868476,-0.16841888
4.551294,4.8774652,-0.3261714
9.721247,7.3422394,2.3790073
4.7189665,4.267352,0.45161438
4.6575775,4.8941975,-0.23661995
4.109579,4.410273,-0.300694
7.1191864,6.028493,1.0906935
4.3900003,4.3773303,0.01267004
5.1101384,6.236902,-1.1267638
4.6999917,4.6722784,0.027713299
6.0,5.930581,0.06941891
6.0,6.2356005,-0.23560047
6.0,7.23892,-1.2389202
7.7695513,6.324999,1.4445524
9.49485,9.150415,0.34443474
9.327902,8.776489,0.5514126
4.627088,5.117756,-0.49066782
6.0,5.408988,0.591012
5.844664,6.228264,-0.38359976
7.3665314,6.034482,1.3320494
4.8827286,4.615451,0.26727772
4.7128706,4.031475,0.68139553
5.7206235,6.0701637,-0.34954023
4.823909,5.4068165,-0.5829077
3.627088,5.5818157,-1.9547276
5.30103,6.1519156,-0.8508854
5.39794,4.6962595,0.70168066
8.638272,7.849015,0.78925705
5.2596374,5.9160566,-0.6564193
7.552842,6.7497873,0.8030548
6.0,6.3723545,-0.3723545
4.30103,5.1275616,-0.8265314
5.707744,5.592166,0.115578175
5.455932,5.289341,0.16659117
6.90309,5.7020683,1.2010217
4.7721133,4.6574783,0.11463499
6.519993,5.64194,0.8780527
5.0,5.8748503,-0.8748503
6.5850267,6.1750154,0.4100113
4.7292047,6.085271,-1.3560662
5.0,5.5847244,-0.5847244
5.0,4.343894,0.656106
6.6126103,5.769514,0.84309626
6.779892,5.717697,1.0621948
7.2159553,7.708125,-0.49216986
3.455932,3.4936583,-0.037726402
4.920819,4.545904,0.37491465
4.464706,4.471719,-0.007012844
4.0,4.866223,-0.86622286
4.2139587,4.627675,-0.41371632
4.8894105,5.6249323,-0.7355218
6.0,5.87877,0.121230125
6.3936186,6.382882,0.010736465
5.105407,5.64608,-0.5406728
9.0,8.023261,0.9767389
7.29243,7.6970453,-0.4046154
6.0,6.2162447,-0.2162447
5.0,5.615631,-0.6156311
5.1870866,5.7769184,-0.5898318
6.7644715,5.162183,1.6022887
4.026341,4.395315,-0.3689742
5.6382723,6.0823727,-0.44410038
6.0433517,6.265156,-0.22180414
4.686133,4.8780317,-0.19189882
5.419075,5.363037,0.056037903
6.363819,5.844838,0.518981
9.2218485,8.730562,0.49128628
6.154902,6.277384,-0.12248182
3.8239088,4.1836367,-0.35972786
7.6382723,6.954092,0.68418026
5.4463596,6.486511,-1.0401516
6.0,5.998189,0.0018110275
7.0457573,5.8661385,1.1796188
4.823909,5.8149624,-0.9910536
7.0457573,5.8033886,1.2423687
5.3018994,6.322606,-1.0207067
7.2596374,7.36491,-0.10527277
3.30103,4.8238516,-1.5228217
4.0,4.652253,-0.65225315
6.821023,7.506304,-0.6852808
8.30103,8.36338,-0.062350273
4.621602,4.854081,-0.2324791
6.0,5.7306976,0.26930237
4.60206,4.5211954,0.08086443
9.481486,9.054584,0.42690277
9.080922,9.211986,-0.13106346
5.595166,5.325057,0.27010918
5.2596374,5.5994167,-0.33977938
4.5482135,3.7798274,0.7683861
6.646084,5.7397833,0.90630054
7.318759,5.685501,1.6332579
6.0,6.798566,-0.79856586
5.5686364,8.042831,-2.474195
6.376751,5.5087414,0.86800957
7.5228786,6.7428875,0.77999115
4.0,4.3193417,-0.31934166
4.3193927,4.553236,-0.23384333
6.5850267,5.869769,0.71525764
7.1366773,8.20326,-1.0665832
8.308919,7.6144857,0.6944332
4.30103,5.0327244,-0.7316942
4.5228786,5.2358694,-0.71299076
7.79588,3.9195077,3.876372
9.79588,8.848263,0.94761753
4.026166,3.7827957,0.2433703
7.21467,6.6579275,0.55674267
4.844057,5.490261,-0.646204
6.1811147,5.345648,0.83546686
9.148742,8.504325,0.6444168
4.026341,4.7114735,-0.6851325
6.0,5.940999,0.05900097
4.026341,3.542796,0.48354506
6.705534,6.018605,0.68692875
6.1739254,6.2887735,-0.11484814
5.892112,6.6549177,-0.76280594
5.9292235,5.707039,0.22218466
7.79588,6.428114,1.3677659
6.013676,7.083991,-1.0703149
6.7772837,6.8152056,-0.037921906
5.194499,5.09725,0.09724903
5.080922,5.304904,-0.22398186
5.0,5.0234337,-0.023433685
8.0,8.0254345,-0.025434494
5.2596374,5.709894,-0.45025682
8.229148,7.1104,1.1187477
6.086186,5.891137,0.19504881
5.4596705,5.8086233,-0.34895277
9.522879,8.147263,1.3756161
4.4091134,5.2585907,-0.8494773
5.395234,6.253854,-0.8586197
4.7999983,4.7368326,0.063165665
5.2596374,6.0502434,-0.790606
6.0,6.3420277,-0.34202766
4.0,4.9037695,-0.9037695
6.69897,6.2064505,0.49251938
4.49485,5.087182,-0.5923319
5.0,4.997123,0.0028772354
6.7695513,6.6846247,0.084926605
9.79588,7.384321,2.411559
4.978811,5.474002,-0.4951911
5.258848,5.4189014,-0.16005325
6.0,5.9784174,0.021582603
9.585027,9.673783,-0.08875656
9.69897,9.113494,0.5854759
6.0,8.876717,-2.8767166
7.39794,6.3711653,1.0267749
6.699481,5.9351807,0.76430035
7.017729,5.929042,1.088687
6.823909,5.5384626,1.2854462
4.823909,4.5718756,0.25203323
4.30103,4.21463,0.08640003
5.3467875,5.3698845,-0.023097038
2.8068755,4.0951385,-1.2882631
9.283997,8.954655,0.3293419
5.0,4.3115225,0.6884775
8.721247,7.680189,1.0410576
5.79588,6.0295334,-0.23365355
6.6382723,5.7153616,0.9229107
5.537602,5.796584,-0.25898218
5.0,5.8963623,-0.8963623
5.39794,4.5783453,0.81959486
8.1549015,6.42791,1.7269917
4.386158,5.4002542,-1.0140963
6.0,6.1410017,-0.1410017
4.823909,5.8941,-1.0701914
7.199481,6.0845556,1.1149254
3.8239088,3.7967017,0.027207136
4.0,3.4643736,0.5356264
4.6840296,4.5324306,0.15159893
9.30103,9.005382,0.29564857
4.225483,4.7090073,-0.48352432
8.522879,7.5043716,1.018507
4.0,7.540537,-3.5405369
5.49485,5.5454855,-0.050635338
4.026817,4.034116,-0.0072989464
9.008774,8.121426,0.8873482
6.2196827,5.967861,0.25182152
7.5622497,8.424551,-0.86230135
8.124939,7.703252,0.42168713
9.09691,9.0463085,0.05060196
6.920819,7.2403526,-0.31953382
6.853872,5.899558,0.95431376
5.0,5.1223345,-0.12233448
6.0,6.1040936,-0.10409355
5.2596374,5.7551374,-0.4955001
6.609065,6.2926054,0.31645966
4.823909,5.4367943,-0.6128855
6.1706963,6.148199,0.022497177
6.5142784,7.140436,-0.62615776
9.124939,6.317975,2.806964
9.2218485,9.281295,-0.059446335
6.3477535,5.525054,0.82269955
6.0,5.7589045,0.24109554
6.4436975,6.157509,0.2861886
8.468521,6.289611,2.1789103
4.823909,5.162467,-0.3385582
3.7447276,4.039605,-0.29487753
8.0,8.392055,-0.39205456
5.0,6.186517,-1.1865168
5.0,6.362731,-1.362731
4.0260367,3.7637868,0.26224995
5.5228786,4.9759483,0.5469303
7.5606675,7.7671547,-0.20648718
5.0,4.7756233,0.22437668
6.632644,7.7647905,-1.1321464
4.30103,5.0749817,-0.77395153
4.69897,5.6805305,-0.9815607
9.39794,6.8335934,2.5643463
4.823909,5.4159184,-0.59200954
3.446724,4.220563,-0.773839
4.30103,5.4200935,-1.1190634
8.920818,8.335941,0.584877
5.0,5.8657684,-0.86576843
4.590067,4.9761677,-0.38610077
3.8419392,4.47826,-0.6363208
5.4672456,5.232686,0.23455954
6.332547,7.45642,-1.1238728
4.1739254,5.3151264,-1.141201
6.5100417,5.7693033,0.7407384
5.7988763,6.490638,-0.6917615
4.0181813,4.960124,-0.9419427
4.0,3.7295706,0.27042937
6.7144427,6.594635,0.11980772
6.0,5.929985,0.07001495
6.2596374,7.078416,-0.8187785
4.90309,5.732876,-0.8297858
6.0925884,5.7964973,0.29609108
5.701147,6.319414,-0.61826706
4.653647,5.327118,-0.673471
9.318759,9.333794,-0.015034676
9.468521,8.34532,1.1232014
4.236572,4.832471,-0.5958991
7.09691,5.9552526,1.1416574
4.236572,4.911785,-0.67521334
8.1549015,7.240591,0.91431046
3.9396799,4.81081,-0.8711302
4.679854,4.3442707,0.3355832
7.0,6.068513,0.9314871
4.30103,5.6770096,-1.3759794
7.5606675,7.697568,-0.13690042
5.7695513,5.552642,0.21690941
4.5867004,4.766312,-0.17961168
9.337242,9.484364,-0.14712143
4.8984933,5.3930006,-0.4945073
4.30103,5.027816,-0.72678566
6.4089355,7.3287773,-0.91984177
8.230996,7.971361,0.25963497
5.30103,6.246132,-0.94510174
4.6903696,4.188182,0.5021877
8.040958,5.8357573,2.2052011
6.630784,6.302026,0.32875824
4.88773,3.9340084,0.95372176
7.3467875,5.7515783,1.5952091
4.026341,3.8319752,0.19436574
5.552842,5.100173,0.45266914
3.6458917,4.545904,-0.9000125
5.581533,5.193468,0.38806486
6.38934,5.7731524,0.6161876
4.30103,4.767859,-0.46682882
7.4861417,7.7876854,-0.3015437
4.823909,4.43134,0.3925686
5.377,5.5471,-0.17010021
5.30103,5.348032,-0.04700184
9.091515,8.811492,0.28002262
4.2999988,6.1063623,-1.8063636
4.004365,4.958542,-0.9541769
4.30103,5.358835,-1.0578051
7.2024174,7.133624,0.0687933
3.8239088,4.0470457,-0.2231369
4.5831933,5.203248,-0.6200547
4.026383,4.3365793,-0.3101964
4.1897674,4.1540136,0.035753727
5.30103,4.9817553,0.3192749
5.0,5.407406,-0.40740585
6.2596374,5.9220457,0.33759165
4.30103,6.1109915,-1.8099613
7.05061,7.1751966,-0.12458658
6.03105,6.4624844,-0.43143415
6.0457573,4.7775784,1.2681789
6.0,5.1572695,0.8427305
3.935542,4.5180254,-0.5824833
7.5606675,8.102774,-0.54210615
5.0,4.691062,0.30893803
6.1870866,5.5979366,0.58914995
7.154902,6.5610285,0.5938735
7.6382723,7.9281473,-0.28987503
10.0,9.12628,0.87372017
3.3429441,5.468753,-2.1258087
4.468521,4.4836082,-0.015087128
4.481486,4.639701,-0.15821505
5.6575775,5.410902,0.24667549
5.4436975,5.9020176,-0.45832014
6.30103,5.1248236,1.1762066
4.60206,5.252413,-0.65035295
6.0,5.840024,0.159976
3.5734887,6.0036755,-2.4301867
5.4596705,5.0509796,0.40869093
4.6777806,5.166258,-0.48847723
5.0,5.3864822,-0.38648224
7.69897,7.280532,0.41843796
5.5867004,4.549484,1.0372167
4.02647,5.5942316,-1.5677614
5.0,6.18655,-1.1865501
4.30103,4.78572,-0.4846897
4.0,4.406439,-0.40643883
7.0,6.734378,0.26562214
6.0,6.004792,-0.0047922134
5.958607,5.764323,0.19428396
5.958607,5.230035,0.72857237
6.806875,6.989128,-0.18225288
9.2218485,8.520144,0.701704
6.478862,6.318163,0.16069889
5.2441254,6.9611387,-1.7170134
6.2596374,6.8835106,-0.62387323
5.318759,3.523069,1.7956901
5.2379217,5.556059,-0.31813717
6.3936186,6.7131557,-0.31953716
5.700029,5.6488285,0.05120039
8.30103,7.8277082,0.4733219
6.958607,5.699689,1.2589183
5.60206,4.971036,0.6310239
5.207608,4.9223356,0.2852726
6.621602,6.721608,-0.1000061
6.7931743,6.909171,-0.11599684
8.522879,7.429922,1.0929565
4.4076014,4.7935543,-0.38595295
10.2218485,7.455123,2.7667255
5.1140738,5.313739,-0.19966507
7.756962,7.455326,0.30163574
5.7999706,6.3214426,-0.521472
8.522879,8.458304,0.06457424
5.607303,5.377594,0.22970915
4.0,4.5909185,-0.59091854
5.116422,5.0434475,0.07297468
4.30103,5.111355,-0.81032467
5.2596374,5.889431,-0.62979364
7.0,6.5121775,0.48782253
8.522879,7.8418465,0.6810322
6.8996296,5.736987,1.1626425
5.19382,5.607053,-0.4132328
5.5850267,5.039565,0.54546165
6.5686364,5.717614,0.85102224
6.0,6.0072737,-0.007273674
7.337242,5.5111885,1.8260536
4.026817,4.5510273,-0.52421045
5.3665314,5.391549,-0.025017738
3.60206,4.1122913,-0.51023126
5.0,4.550085,0.44991493
5.4000077,5.0982084,0.3017993
5.2596374,6.044402,-0.78476477
6.0,6.059272,-0.059271812
5.0,6.0474977,-1.0474977
5.0,5.8974323,-0.8974323
5.9746943,5.3413095,0.6333847
5.2596374,5.5167427,-0.25710535
6.3089185,6.621745,-0.31282663
5.865823,6.2935343,-0.4277115
4.8996296,4.392512,0.50711775
8.522879,8.371348,0.15153027
6.1706963,6.168626,0.002070427
4.4449058,5.9448805,-1.4999747
7.0457573,5.9256735,1.1200838
6.0,6.189185,-0.18918514
4.30103,4.819297,-0.5182667
5.2596374,5.949046,-0.6894088
5.2494917,5.3784256,-0.1289339
6.6401644,5.24004,1.4001245
5.124939,4.6229696,0.50196934
8.39794,8.042613,0.35532665
6.600326,6.430398,0.16992807
6.4089355,6.185628,0.22330761
3.30103,5.414053,-2.113023
4.621602,4.807873,-0.18627071
8.161781,7.1216726,1.0401087
9.481486,9.357687,0.123799324
4.823909,6.1921225,-1.3682137
4.3526173,4.6414385,-0.28882122
5.1509495,6.205244,-1.0542946
6.695176,7.094227,-0.3990507
9.1549015,9.146087,0.008814812
5.0,6.004427,-1.004427
3.3362992,4.4604616,-1.1241624
5.2596374,5.694128,-0.43449068
5.6197886,5.0833254,0.53646326
9.30103,9.233205,0.06782532
5.0,5.4904366,-0.49043655
8.19897,7.57926,0.61970997
6.0,6.219939,-0.21993923
5.3288274,5.791359,-0.46253157
7.29243,6.916602,0.3758278
4.026383,4.6857853,-0.6594024
3.9665763,4.5409374,-0.5743611
4.309804,4.9646206,-0.6548166
7.818194,7.5578165,0.2603774
6.7399287,5.0303984,1.7095304
3.8446639,4.2370167,-0.39235282
5.0,3.8919938,1.1080062
6.806875,6.2848787,0.5219965
9.455932,9.177569,0.27836227
5.134,4.7257166,0.40828323
3.3363934,4.685091,-1.3486977
5.3017254,6.1902943,-0.8885689
4.3467875,4.179807,0.16698027
5.0,5.3188276,-0.31882763
6.207608,5.579838,0.6277704
5.958607,4.4732285,1.4853787
9.886057,8.192736,1.6933212
5.7851562,5.210561,0.57459545
6.8860564,5.212285,1.6737714
7.6946487,7.554591,0.14005756
4.6439743,4.9634132,-0.31943893
6.0,5.6028214,0.39717865
6.8996296,5.9725475,0.92708206
5.0,5.1297417,-0.12974167
5.3485284,5.6482153,-0.2996869
8.537602,8.8552885,-0.31768608
5.0271955,5.695367,-0.6681714
7.49485,6.3303957,1.1644545
8.920818,8.481972,0.4388466
4.8153086,4.8723755,-0.057066917
6.0,6.1822176,-0.1822176
5.167491,4.1230946,1.0443964
5.2006593,5.4804487,-0.27978945
8.055517,7.4468727,0.6086445
5.163233,5.2265596,-0.063326836
6.318759,6.6470337,-0.32827473
4.6292095,5.761388,-1.1321783
7.30103,7.9103966,-0.6093664
5.229148,5.718582,-0.48943424
4.536107,4.723241,-0.18713379
4.30103,5.805027,-1.5039968
7.251812,6.5419474,0.7098646
6.71688,4.7132225,2.0036573
3.2874346,4.999214,-1.7117796
6.415997,5.485713,0.930284
5.2596374,4.769429,0.49020815
4.8079066,5.275034,-0.46712732
4.0262537,3.9039662,0.12228751
8.443698,7.674942,0.7687559
8.366531,8.617136,-0.25060463
6.6055484,7.022279,-0.4167304
9.346787,9.094846,0.25194168
9.267606,9.186467,0.08113861
5.8291516,5.465625,0.36352682
5.0,4.988632,0.011367798
6.331614,6.336376,-0.0047621727
6.473661,5.720833,0.7528281
7.3665314,6.4625626,0.9039688
6.0,5.462637,0.53736305
5.0,4.6695385,0.3304615
5.2153826,4.995326,0.22005653
8.259637,7.1244993,1.1351376
3.8200004,4.499549,-0.6795485
8.39794,7.5445204,0.8534193
5.958607,5.6081057,0.35050154
7.017729,5.4380436,1.5796852
5.1655793,5.595785,-0.43020582
9.55752,8.141672,1.4158478
6.8929935,5.553046,1.3399472
5.6382723,5.355174,0.28309822
5.452225,5.510622,-0.058396816
5.92041,4.9063587,1.0140514
7.920819,7.905714,0.015104771
4.630784,4.408755,0.22202921
9.229148,7.864477,1.3646708
5.275724,5.05418,0.22154379
5.102373,5.7562923,-0.6539192
5.0,5.3580885,-0.3580885
6.0604806,6.1147575,-0.054276943
6.8860564,6.2543745,0.6316819
4.386158,4.4081287,-0.021970749
7.920819,7.877578,0.043241024
5.5867004,5.38861,0.19809055
6.0,6.2602367,-0.26023674
5.8728952,5.953726,-0.080830574
8.102373,6.5015554,1.6008177
4.30103,5.0527754,-0.7517452
3.69897,4.2427254,-0.5437553
3.8239088,4.201356,-0.37744713
5.0,5.8453255,-0.84532547
4.026406,4.317664,-0.29125834
5.6382723,4.509042,1.1292305
5.7695513,6.401574,-0.63202286
5.5934596,5.330529,0.2629304
7.6575775,6.706175,0.95140266
5.7253804,5.861476,-0.13609552
5.161151,4.667547,0.4936037
5.6382723,5.09206,0.5462122
6.462181,6.1542673,0.30791378
5.013676,5.3045874,-0.2909112
4.342944,4.1801095,0.16283464
9.09691,8.907645,0.18926525
4.283162,5.281807,-0.9986448
6.0,6.482911,-0.4829111
3.4317982,3.7015245,-0.26972628
8.636388,8.572837,0.06355095
5.79588,6.414318,-0.61843824
7.3665314,8.188694,-0.8221626
8.477556,7.636204,0.84135246
8.69897,7.156472,1.5424976
7.69897,7.463461,0.23550892
3.8239088,3.8644865,-0.04057765
4.823909,5.1090813,-0.28517246
4.30103,5.1211824,-0.8201523
6.8041005,6.1639147,0.64018583
5.576754,5.829377,-0.25262308
5.30103,5.3321533,-0.031123161
6.537602,4.514365,2.0232368
5.7999706,5.98007,-0.18009949
2.782253,4.4341474,-1.6518943
8.481486,8.163519,0.3179674
6.779892,6.3840837,0.39580822
6.348722,6.479767,-0.13104486
6.0,6.226372,-0.22637177
5.0,5.2775106,-0.27751064
5.1366773,4.0279083,1.1087689
5.4173684,4.3613806,1.0559878
5.853872,5.6902924,0.16357946
6.040005,6.228263,-0.1882577
8.0,7.527294,0.47270584
8.619789,7.2947645,1.3250246
4.0264287,4.6225886,-0.59615993
7.853872,6.8238993,1.0299726
6.0,5.9212046,0.07879543
5.017729,4.898246,0.119482994
4.958607,5.204834,-0.24622679
5.0,5.4763527,-0.4763527
4.7144427,4.0120306,0.7024121
4.30103,5.9138765,-1.6128464
7.39794,5.601038,1.7969022
6.5867004,6.577142,0.009558678
7.2676063,6.1352205,1.1323857
4.701147,4.265861,0.43528605
4.026466,4.1458173,-0.11935139
5.5297365,6.9150877,-1.3853512
8.522879,7.8417587,0.6811199
5.091515,5.627881,-0.536366
5.700057,6.0093737,-0.30931664
7.229148,6.064337,1.1648111
7.167491,6.9639416,0.20354939
6.889242,6.896531,-0.007288933
6.79588,5.2687435,1.5271363
7.1666617,6.018076,1.1485858
5.7447276,5.502307,0.24242067
6.0,6.8342266,-0.8342266
4.1687703,4.478774,-0.31000376
5.2596374,6.4600925,-1.2004552
7.4202166,5.614642,1.8055744
3.3362992,4.500241,-1.1639416
4.30103,5.4707375,-1.1697073
4.05061,4.9808407,-0.9302306
6.0,6.0888405,-0.088840485
4.429457,4.706025,-0.27656794
4.5228786,4.588462,-0.06558323
6.4436975,5.5571394,0.88655806
8.0,7.670229,0.32977104
8.823909,8.291482,0.53242683
8.30103,8.201997,0.099033356
5.368556,5.6637516,-0.29519558
5.229148,5.6429567,-0.41380882
5.2596374,5.994873,-0.7352357
7.1366773,6.6044407,0.5322366
5.0,5.305499,-0.30549908
7.432033,6.4852915,0.9467416
6.7447276,6.5770845,0.16764307
4.823909,6.189949,-1.3660402
4.026341,4.8886204,-0.8622794
6.229148,6.6903296,-0.46118164
6.630784,7.0718393,-0.4410553
6.90309,7.2765875,-0.3734975
7.5228786,5.286187,2.2366915
3.8239088,5.29175,-1.4678411
7.5228786,5.615019,1.9078598
7.154902,6.040267,1.114635
4.69897,5.045336,-0.34636593
7.41531,7.7145405,-0.29923058
8.896196,7.163905,1.7322912
6.9871626,5.1202726,1.86689
8.522879,8.111954,0.4109249
4.0264244,4.893862,-0.86743736
5.0,5.989277,-0.9892769
5.5114493,4.6926737,0.81877565
5.100008,5.605214,-0.5052061
4.844664,4.107259,0.7374053
4.6922903,4.7049303,-0.012639999
9.220404,8.506974,0.71342945
5.0,5.1070585,-0.107058525
3.30103,4.224496,-0.92346597
9.30103,8.656889,0.6441412
6.0,5.943076,0.056923866
4.0,4.300317,-0.3003168
4.609065,4.1534967,0.4555683
9.09691,8.636335,0.4605751
8.251812,6.157508,2.094304
5.207608,5.3566923,-0.14908409
6.0,5.6766043,0.32339573
9.187087,8.391465,0.7956219
5.6840296,5.056117,0.6279125
8.69897,7.855047,0.8439226
5.0,6.017105,-1.0171051
4.30103,5.4426537,-1.1416235
3.20412,3.888985,-0.684865
4.782242,4.3089085,0.47333336
5.0,5.5563574,-0.5563574
4.69897,3.9388177,0.7601521
5.2596374,5.3336344,-0.07399702
4.086186,4.459554,-0.37336826
4.30103,4.785346,-0.48431587
7.0457573,5.621604,1.4241533
6.468521,6.2973347,0.17118645
5.3665314,4.8268137,0.5397177
7.429457,7.149109,0.2803483
4.668411,4.9230256,-0.25461483
4.395774,4.7033653,-0.30759144
4.0,4.393402,-0.3934021
5.958607,4.734068,1.2245393
5.853872,5.4989204,0.35495138
4.30103,4.279883,0.021147251
7.207608,7.2641,-0.05649185
8.522879,7.8878202,0.6350584
8.004365,6.5128126,1.4915524
8.0,6.693734,1.3062658
9.30103,6.134534,3.1664963
3.8416376,4.4836082,-0.64197063
7.091515,7.180397,-0.08888197
7.74958,8.455692,-0.7061124
5.0457573,5.133363,-0.08760548
4.701147,4.545676,0.15547085
6.5061045,6.431258,0.07484627
4.026655,4.7143936,-0.6877384
3.942334,4.2167053,-0.2743714
5.0,3.8518155,1.1481845
5.830032,6.4307604,-0.6007285
4.7999983,4.3773785,0.42261982
6.0,5.5547504,0.44524956
8.970616,9.239238,-0.26862144
5.943095,4.276662,1.6664333
6.5044556,7.4769354,-0.9724798
4.248721,4.4861803,-0.23745918
8.0,8.072296,-0.07229614
4.5968795,5.7201557,-1.1232762
6.628932,5.464299,1.1646328
6.1700535,6.189455,-0.01940155
5.1985965,3.497644,1.7009525
4.8181562,4.5492687,0.26888752
4.6197886,5.3659973,-0.74620867
4.7695513,4.666568,0.102983475
3.5606673,3.867821,-0.3071537
5.0,6.0973177,-1.0973177
5.0,5.2377596,-0.23775959
9.229148,8.74818,0.48096752
6.89279,7.2395124,-0.3467226
7.6840296,8.583635,-0.89960575
4.7931743,5.1396284,-0.34645414
5.8607507,6.779275,-0.91852427
7.673664,7.155424,0.51824
4.3746877,4.513448,-0.13876057
5.0,5.5803576,-0.58035755
9.318759,8.923474,0.39528465
7.1487417,6.8307304,0.31801128
4.963,5.23483,-0.27183008
7.5228786,7.1598635,0.36301517
4.980676,4.6371837,0.3434925
9.337242,8.536371,0.8008709
5.29073,5.780816,-0.49008608
5.248952,5.9569836,-0.70803165
6.279014,4.904351,1.3746629
6.4907303,5.286066,1.2046642
5.395774,6.038662,-0.64288807
6.314258,5.7995014,0.5147567
4.0260367,3.624215,0.40182185
6.3565474,5.3624477,0.9940996
6.029188,5.3301563,0.69903183
8.2218485,7.717682,0.5041666
8.30103,8.196205,0.10482502
6.124939,6.0644636,0.06047535
5.0,5.5128717,-0.51287174
3.69897,4.3141203,-0.6151502
4.7542405,4.6304083,0.123832226
6.5850267,5.691596,0.8934307
3.6143937,5.664626,-2.0502324
7.7447276,5.6831894,2.0615382
7.4907975,7.5444355,-0.05363798
5.429457,4.9250793,0.50437784
6.309804,4.664032,1.645772
4.026461,4.491334,-0.46487284
9.443698,8.865622,0.57807636
8.886057,6.7011194,2.1849375
7.167491,5.8411703,1.3263206
4.0262537,3.3951814,0.6310723
5.30103,5.2032948,0.097735405
5.0,5.770215,-0.77021503
4.69897,4.746764,-0.047794342
8.522879,8.432885,0.08999348
8.0,7.671981,0.32801914
7.39794,7.381487,0.016453266
4.026415,4.6182537,-0.59183884
8.886057,8.402609,0.48344803
8.0,7.557558,0.44244194
7.5228786,5.7061176,1.816761
9.337242,8.742151,0.59509087
9.179798,8.546514,0.63328457
5.0,5.0161486,-0.016148567
5.2596374,5.6725817,-0.41294432
5.700057,6.1558037,-0.45574665
8.39794,8.73337,-0.33543015
8.423093,6.398691,2.0244017
7.69897,6.8635225,0.8354473
3.6478174,4.0589094,-0.41109204
5.920819,5.5682354,0.3525834
6.2596374,6.6884966,-0.42885923
4.0,3.718502,0.28149796
9.251812,8.737129,0.51468277
6.2596374,6.8930655,-0.6334281
4.5228786,5.292753,-0.7698746
3.2596374,3.5908191,-0.33118176
4.5418158,4.289983,0.25183296
7.477887,6.737056,0.7408314
3.69897,3.5059197,0.19305038
5.69897,7.050104,-1.3511343
4.4491606,5.067855,-0.6186943
4.9726505,4.3566628,0.6159878
3.2218487,4.221154,-0.9993055
4.2740884,5.1519346,-0.87784624
5.0,5.3361816,-0.33618164
10.2218485,7.521635,2.7002134
9.130768,9.141423,-0.010655403
5.0,5.7787523,-0.7787523
8.522879,7.1716166,1.3512621
6.453001,6.018366,0.43463516
7.154902,6.055744,1.0991578
5.7572103,5.677024,0.08018637
8.0,7.285227,0.7147732
5.481486,5.763051,-0.2815652
9.356547,8.946855,0.40969276
4.4134126,5.1987944,-0.7853818
9.21467,8.87655,0.33812046
7.5850267,7.486107,0.09891987
8.508638,7.7593756,0.7492628
5.0,5.5460396,-0.5460396
5.6819367,6.1001616,-0.4182248
7.221849,5.4957924,1.7260566
5.048177,5.0420256,0.0061511993
5.1870866,4.1844187,1.0026679
5.966174,5.35371,0.61246395
8.1549015,6.7391577,1.4157438
7.9100947,7.478692,0.43140268
4.4100504,4.3924503,0.01760006
4.30103,4.960826,-0.65979576
7.080922,6.2487974,0.8321247
8.0,7.790512,0.20948792
9.39794,8.994376,0.4035635
7.309804,6.5720634,0.7377405
8.69897,6.8159466,1.8830233
6.7281585,5.7281094,1.0000491
5.6575775,5.9168367,-0.25925922
4.154902,4.318764,-0.16386223
3.69897,4.260833,-0.5618627
7.0457573,5.785139,1.2606182
9.650515,7.8932047,1.7573099
4.9172144,5.4662943,-0.5490799
4.30103,4.8144617,-0.51343155
8.552842,8.389876,0.16296577
6.244888,6.480855,-0.23596716
5.429457,5.833293,-0.40383577
5.0,4.4857626,0.5142374
5.180456,5.27682,-0.09636402
9.508638,9.338213,0.17042542
5.6615434,5.434642,0.22690153
7.9244533,7.8684864,0.055966854
5.696804,6.5195084,-0.8227043
4.3391347,4.0133057,0.32582903
4.632644,4.8473444,-0.21470022
4.391474,4.744915,-0.35344124
4.0,6.796769,-2.7967691
6.0655017,4.973857,1.0916448
7.60206,7.763219,-0.16115904
4.920819,4.9476805,-0.026861668
9.2218485,6.7100134,2.511835
7.031517,7.426132,-0.39461517
5.0,5.8787537,-0.87875366
8.0,7.639323,0.36067677
6.730487,6.0922318,0.6382551
5.7447276,5.770588,-0.02586031
4.4248123,4.404312,0.020500183
5.39794,4.683853,0.714087
7.154902,5.7960396,1.3588624
4.837137,5.2092915,-0.37215424
7.275724,6.249728,1.0259957
5.0,6.1026497,-1.1026497
4.1765256,4.4471684,-0.27064276
5.6493645,3.7350512,1.9143133
4.0264935,4.3653517,-0.33885813
4.30103,4.9847603,-0.6837301
5.7212462,4.69903,1.0222163
4.2740884,4.6272182,-0.35312986
5.2596374,5.114192,0.14544535
5.4089355,6.213291,-0.8043556
6.958607,6.306858,0.65174913
5.8780007,5.2032022,0.6747985
5.0,6.0852594,-1.0852594
5.229148,5.264168,-0.035019875
5.707744,5.0084677,0.69927645
2.9208188,4.2785206,-1.3577018
6.823909,5.9271717,0.8967371
4.1040254,4.58736,-0.48333454
5.468521,4.57374,0.8947811
4.30103,5.438978,-1.137948
8.045757,7.0641403,0.981617
6.4436975,5.416888,1.0268092
8.0,7.725992,0.2740078
8.30103,6.7521534,1.5488768
6.69897,6.0457773,0.6531925
6.0,5.920945,0.07905483
6.0,5.9301233,0.06987667
5.958607,5.4119654,0.5466418
5.782516,5.0434475,0.7390685
5.0996327,6.418644,-1.3190112
4.798603,5.020961,-0.22235775
5.6382723,4.923276,0.71499634
8.421362,6.813282,1.6080799
6.581699,6.185054,0.39664507
9.443698,9.107733,0.33596516
6.699481,6.1462927,0.5531883
8.19382,7.751915,0.44190502
7.5686364,7.994796,-0.42615938
8.522879,7.5916595,0.9312191
8.045757,5.4107924,2.634965
8.49485,7.6979227,0.79692745
5.0,4.4691677,0.5308323
3.8239088,3.848284,-0.0243752
5.19382,6.337431,-1.143611
9.508638,8.416576,1.092062
3.9871628,4.2494326,-0.26226974
4.156269,4.7166824,-0.56041336
6.0,6.1822176,-0.1822176
4.167491,5.1312428,-0.9637518
5.69897,6.0839176,-0.38494778
4.30103,4.731053,-0.43002272
4.821023,4.08944,0.7315831
4.30103,6.1396914,-1.8386612
6.4436975,5.918442,0.5252557
6.0,5.978718,0.021282196
7.0655017,5.8335485,1.2319531
4.6197886,4.8705072,-0.2507186
3.1739252,3.028493,0.14543223
3.69897,3.7957342,-0.09676409
5.552842,5.82187,-0.2690277
7.29243,5.781927,1.5105028
6.0,6.199874,-0.19987392
6.60206,5.564145,1.0379148
8.031517,7.5796375,0.4518795
4.0,5.6825476,-1.6825476
5.163676,4.6093483,0.5543275
6.958607,6.2307816,0.72782564
5.5228786,5.4826174,0.04026127
7.7447276,7.327345,0.41738272
8.30103,7.7015066,0.59952354
9.180456,9.17403,0.0064258575
7.69897,7.8217115,-0.1227417
4.160522,4.626012,-0.46548986
5.9829664,5.450445,0.53252125
6.7746906,7.290951,-0.51626015
6.8388906,6.0046825,0.834208
9.346787,9.6096735,-0.26288605
9.057,6.2852135,2.7717867
4.0132284,4.231292,-0.21806335
4.30103,4.9709473,-0.6699171
7.920819,7.2696524,0.65116644
8.958608,8.683478,0.27512932
4.853872,5.1696415,-0.31576967
4.212335,5.3236,-1.1112647
3.69897,5.2473536,-1.5483835
4.0,4.8605995,-0.8605995
6.4436975,6.7815943,-0.33789682
7.3565474,5.784601,1.5719461
6.0,5.8560257,0.1439743
8.0,7.8347645,0.16523552
6.692504,7.1624403,-0.46993637
4.026341,3.76142,0.26492095
8.634528,7.0477247,1.5868034
5.7746906,6.276494,-0.5018034
4.6675615,4.6512012,0.016360283
4.1325326,4.6092253,-0.47669268
4.60206,4.513568,0.08849192
6.869666,5.9671736,0.9024925
4.60206,5.256118,-0.654058
5.69897,6.72451,-1.0255404
8.0,8.059059,-0.059059143
7.69897,7.760827,-0.061857224
4.2967086,5.0634804,-0.7667718
7.8288875,7.111184,0.71770334
9.2218485,9.649648,-0.42779922
4.300865,4.2864013,0.0144639015
6.276421,6.0787573,0.19766378
5.60206,5.0908356,0.51122427
5.229148,6.2101297,-0.9809818
7.236572,6.2897425,0.9468293
4.69897,4.98473,-0.28575993
4.504206,4.0775127,0.42669344
4.3589225,4.025996,0.33292627
3.69897,5.324176,-1.6252058
4.3809066,5.4837475,-1.1028409
4.026452,5.3056755,-1.2792234
5.5257835,5.7161665,-0.19038296
7.229148,6.778017,0.45113087
5.2596374,5.6054087,-0.3457713
4.6516953,4.6872663,-0.0355711
4.086186,4.476095,-0.38990927
8.130768,5.0512276,3.0795403
3.7258422,4.565084,-0.83924174
4.7166986,4.7813625,-0.06466389
5.823909,4.085993,1.737916
5.0,5.355297,-0.3552971
7.0409584,6.0179415,1.0230169
4.585,6.0575104,-1.4725103
4.1426673,5.716117,-1.5734496
5.552842,5.038251,0.5145912
5.581036,5.1090813,0.47195482
5.455932,4.862509,0.59342337
4.299037,4.2450943,0.05394268
7.481486,6.2270145,1.2544713
5.0,4.9182696,0.081730366
6.920819,5.971074,0.9497447
5.2596374,5.6875677,-0.42793036
4.0,4.2676897,-0.2676897
3.69897,4.855178,-1.1562078
5.3018994,6.1445856,-0.8426862
8.224753,7.9612236,0.26352978
7.60206,8.649433,-1.0473733
4.823909,5.480467,-0.65655804
4.026747,3.72379,0.3029573
7.3001623,7.5420713,-0.24190903
5.9956784,6.504243,-0.5085645
4.30103,5.034279,-0.7332487
4.9000087,4.3183713,0.5816374
6.0,5.6341867,0.36581326
3.4056075,4.5089636,-1.1033561
5.0,5.840296,-0.8402958
6.0,5.861264,0.13873577
4.7999983,5.1651096,-0.36511135
5.0,5.2464113,-0.24641132
7.0,5.9470577,1.0529423
4.7447276,5.434346,-0.6896186
5.2596374,5.901746,-0.64210844
4.5543957,4.128319,0.4260769
6.0,6.147909,-0.14790916
7.0457573,6.3076916,0.7380657
4.026341,4.73479,-0.7084489
6.5850267,5.68544,0.8995867
4.473661,4.95846,-0.4847989
6.679854,6.2014456,0.47840834
6.39794,5.532552,0.8653884
3.4436975,4.114214,-0.6705165
5.1266794,5.179901,-0.053221703
7.2676063,6.0288305,1.2387757
6.0,6.5536776,-0.55367756
7.30103,6.8099403,0.49108982
3.8239088,3.9972095,-0.17330074
5.0,6.0792074,-1.0792074
5.928118,5.590226,0.33789206
6.455932,6.649232,-0.19329977
7.275724,6.8056536,0.47007036
4.7212462,3.9844818,0.73676443
6.468994,5.038306,1.4306879
5.0,4.7859883,0.21401167
8.0,7.6284084,0.37159157
7.5361094,7.9877853,-0.4516759
6.3469996,6.324808,0.022191525
8.568636,8.750342,-0.18170643
5.8860564,5.132354,0.75370264
9.1549015,8.145352,1.0095491
6.621602,7.2964163,-0.6748142
7.154902,6.0591736,1.0957284
7.4317985,6.6041822,0.8276162
5.0604806,5.61347,-0.5529895
6.0,5.7617216,0.23827839
8.29243,8.179363,0.11306667
5.0,5.3067074,-0.30670738
5.0,5.59239,-0.59239006
6.551294,6.1057806,0.44551325
9.387217,8.719079,0.66813755
7.154902,6.3024855,0.8524165
9.244125,8.954655,0.28947067
4.69897,4.2548485,0.44412136
4.0,5.1514063,-1.1514063
6.159894,5.2362423,0.9236517
5.400663,4.423599,0.97706413
3.8651857,3.6960976,0.16908813
4.2125397,4.3318787,-0.11933899
5.180456,3.614793,1.5656631
6.0,5.2470617,0.7529383
4.026489,5.076518,-1.0500293
8.39794,7.876792,0.5211477
6.90309,5.9146395,0.9884505
8.920818,8.334558,0.5862608
6.5850267,5.7055445,0.87948227
5.468521,5.549247,-0.08072567
5.9796386,5.7850304,0.19460821
4.4634414,4.5665674,-0.10312605
7.6777806,7.368656,0.30912447
8.853872,8.372584,0.48128796
9.943028,8.310948,1.6320801
6.5800443,5.851694,0.72835016
6.0,6.845331,-0.8453312
6.383,6.53839,-0.15539026
6.39794,5.646331,0.7516093
5.3458233,6.1269007,-0.7810774
8.522879,7.4833956,1.0394831
6.3419886,7.2891254,-0.9471369
2.853872,3.5355556,-0.68168354
6.0,5.41978,0.5802202
4.429457,4.847886,-0.4184289
5.207608,5.31044,-0.10283184
8.0,6.152608,1.8473921
4.6539407,4.9705744,-0.3166337
5.3469996,4.925494,0.42150545
5.6382723,5.797098,-0.15882587
4.387216,3.7442539,0.6429622
8.90309,6.324134,2.5789557
8.318759,8.236867,0.08189201
5.838033,6.3981895,-0.56015635
6.0,6.2843723,-0.28437233
9.387217,8.927459,0.4597578
7.154902,5.9945526,1.1603494
9.443698,9.279258,0.16444016
4.7212462,5.5751753,-0.85392904
8.946921,8.939623,0.0072984695
5.221849,4.863311,0.35853815
3.39794,2.7689106,0.6290293
5.080922,5.290346,-0.20942402
4.49485,6.261945,-1.7670946
6.1999707,6.447484,-0.2475133
4.636388,4.8351297,-0.19874191
9.060481,6.4401436,2.6203375
7.2971563,6.9837713,0.313385
5.0,5.7105083,-0.71050835
4.9000087,4.463004,0.43700457
9.431798,9.6096735,-0.17787552
9.275724,8.649799,0.62592506
6.9469986,5.5801086,1.36689
4.30103,4.5273685,-0.22633839
6.0,5.899787,0.10021305
4.59176,4.557906,0.033854008
4.30103,4.18425,0.11678028
4.696804,4.547798,0.14900589
5.070581,4.862509,0.20807219
8.229148,6.1468554,2.0822926
5.60206,4.7239876,0.87807226
8.619789,7.901866,0.71792316
7.537602,7.7217836,-0.18418169
7.3279023,7.3626614,-0.034759045
6.0,5.577429,0.42257118
5.0,5.9643545,-0.9643545
5.0,5.3927317,-0.39273167
4.69897,5.498334,-0.7993641
5.1079054,5.6781235,-0.5702181
7.7212462,7.3176403,0.40360594
9.283997,7.713292,1.5707045
3.69897,4.052412,-0.35344195
7.7447276,5.7965364,1.9481912
7.221849,6.2887735,0.9330754
5.0,5.043641,-0.04364109
3.9875846,3.5905545,0.39703012
4.0,3.706569,0.29343104
4.09691,4.0473623,0.049547672
3.8239088,4.3320713,-0.5081625
5.0,4.276475,0.72352505
6.39794,5.4153614,0.98257875
4.49485,5.598984,-1.1041336
4.621602,4.587098,0.034503937
6.0,5.5851927,0.41480732
6.958607,5.836892,1.1217151
5.0,5.711733,-0.71173286
6.0,5.827799,0.17220116
5.7923656,5.0237036,0.768662
4.630784,4.9212832,-0.2904992
4.30103,4.584138,-0.28310776
6.6197886,5.9733686,0.64642
4.0920515,4.3817735,-0.28972197
6.6575775,6.1022377,0.5553398
6.931814,6.3989086,0.5329056
5.8860564,5.5027103,0.38334608
5.0,6.398095,-1.3980951
4.6946487,4.486664,0.20798492
3.8827288,4.509322,-0.62659335
6.958607,5.7906456,1.1679616
6.194003,5.652919,0.5410843
6.0,6.640792,-0.6407919
5.920819,4.8780317,1.0427871
4.823909,5.439987,-0.6160784
7.837734,5.9914255,1.8463087
8.673394,7.1240797,1.5493145
5.2596374,5.637285,-0.37764788
9.376751,9.246459,0.13029194
5.188425,6.454253,-1.2658281
5.890042,5.807624,0.082417965
4.69897,4.4114923,0.2874775
7.275724,7.2322702,0.043453693
9.244125,9.113431,0.13069439
9.426936,9.017356,0.40958023
4.0,4.557043,-0.5570431
4.2692175,4.5459785,-0.27676105
4.8961964,5.537533,-0.64133644
4.60206,4.4951806,0.106879234
5.0,5.57598,-0.5759802
7.3467875,6.998047,0.34874058
4.30103,5.350403,-1.0493727
5.3200274,5.7129593,-0.39293194
4.481486,4.540249,-0.058763027
8.032453,7.649089,0.38336372
6.39794,5.8506985,0.5472417
5.7212462,5.3835583,0.33768797
3.8239088,4.174638,-0.350729
9.69897,8.804349,0.8946209
4.30103,4.7883334,-0.48730326
5.3467875,4.9444666,0.40232086
4.9000087,4.5081854,0.3918233
4.990549,5.434944,-0.44439507
8.6575775,7.178582,1.4789953
8.79588,7.1891203,1.60676
5.0,5.7354565,-0.73545647
4.853872,4.6054077,0.24846411
6.0,5.58947,0.4105301
5.6575775,4.9415474,0.7160301
6.9706163,6.60244,0.36817646
4.8435116,5.340432,-0.4969206
6.1140003,5.622328,0.49167252
4.391474,4.46346,-0.0719862
5.0,4.9683523,0.031647682
7.318759,6.137025,1.1817341
5.0540886,4.978999,0.075089455
5.6314034,5.6196995,0.011703968
9.886057,9.494597,0.39145947
5.6382723,5.495078,0.1431942
4.6197886,5.5937967,-0.9740081
4.026392,4.3740826,-0.34769058
7.8860564,8.167213,-0.28115702
8.443698,7.772991,0.67070675
6.958607,7.251527,-0.29291964
7.5606675,7.9385796,-0.37791204
4.565431,4.772294,-0.20686293
5.899998,5.347554,0.552444
5.229148,4.2296324,0.99951553
6.1079054,6.279421,-0.17151546
9.065501,8.834305,0.2311964
6.5086384,6.1235094,0.38512897
4.0,4.903861,-0.90386105
4.0,5.8791456,-1.8791456
5.464059,6.389076,-0.92501736
5.2652,7.1764517,-1.9112515
7.154902,6.306897,0.8480048
5.055517,4.5664797,0.4890375
5.229148,6.036581,-0.8074331
4.30103,6.2105646,-1.9095345
4.30103,5.510378,-1.2093477
4.790485,5.2888784,-0.49839354
4.0,4.5690994,-0.5690994
7.167491,6.0405636,1.1269274
4.60206,4.5866413,0.0154185295
5.60206,4.1885824,1.4134774
6.207608,6.1404753,0.06713295
5.0,4.436265,0.563735
5.379968,5.7702465,-0.39027834
8.357536,7.3938837,0.9636526
6.6197886,5.7567463,0.86304235
5.571865,4.966876,0.60498905
4.7189665,5.12599,-0.40702343
4.183096,4.46382,-0.28072405
4.5686364,4.775525,-0.20688868
4.5751185,3.3939319,1.1811867
5.525638,5.259388,0.26625013
7.2596374,7.4316444,-0.17200708
8.886057,7.446851,1.4392061
7.6458917,7.7706766,-0.12478495
3.954677,4.314871,-0.36019373
6.21467,6.2057133,0.008956909
8.853872,7.999511,0.85436153
6.537602,5.5361805,1.0014215
5.8635964,5.4387026,0.42489386
6.0,6.096484,-0.096484184
7.9593983,7.182519,0.7768793
5.0404816,5.2273083,-0.1868267
9.267606,6.9730635,2.2945423
8.30103,7.2617283,1.0393019
6.0260415,6.0504293,-0.024387836
8.1549015,8.204816,-0.04991436
6.8326826,5.7539597,1.078723
5.0,5.639189,-0.63918877
6.39794,5.7610483,0.63689184
5.50724,6.4410973,-0.93385744
9.346787,9.047586,0.299201
5.5598865,7.2213926,-1.6615062
4.823909,4.6400375,0.18387127
6.124939,5.7079144,0.4170246
5.820161,7.0718184,-1.2516575
7.080922,6.137025,0.94389725
8.468521,7.649494,0.81902695
7.0,6.6969547,0.30304527
8.0,7.331916,0.66808414
5.0,5.694338,-0.69433784
8.259637,8.904856,-0.64521885
5.3288274,5.158309,0.1705184
5.2596374,5.179941,0.07969618
4.30103,4.779537,-0.47850704
7.2596374,7.3671227,-0.107485294
4.133967,5.086133,-0.9521661
5.0,5.300768,-0.3007679
5.375718,5.34667,0.029047966
4.0,5.006089,-1.0060892
7.6382723,5.600026,2.0382462
4.39794,4.9463663,-0.54842615
4.308892,5.327738,-1.018846
5.69897,6.115883,-0.41691303
4.1340084,5.2854443,-1.1514359
4.113622,4.226627,-0.113004684
9.113509,10.007342,-0.89383316
6.69897,6.114521,0.5844488
5.2596374,5.618469,-0.35883188
5.0,6.0662613,-1.0662613
4.0,5.589329,-1.5893288
4.5228786,5.4342003,-0.91132164
6.79588,6.6703653,0.1255145
8.744727,8.6448555,0.099871635
5.3053946,5.0735683,0.2318263
4.4833984,4.7962523,-0.3128538
8.30103,7.8600388,0.4409914
7.6382723,8.216235,-0.5779629
8.443698,8.465379,-0.021680832
5.920819,6.2286577,-0.30783892
8.187087,7.00698,1.1801071
5.39794,5.504407,-0.10646677
6.69897,5.9379854,0.7609844
5.6382723,4.5303454,1.1079268
4.1784863,4.307411,-0.12892485
8.431798,8.601811,-0.17001343
4.39794,4.4279203,-0.029980183
5.0,5.313261,-0.31326103
3.9669785,4.37733,-0.41035128
5.937042,5.4563646,0.4806776
7.8860564,6.963518,0.9225383
7.5228786,6.9614067,0.56147194
6.0,6.039116,-0.039115906
6.3151546,5.4227514,0.8924031
4.0,3.2714458,0.72855425
6.823909,6.362817,0.461092
6.0,5.947936,0.052063942
6.0,5.7051973,0.29480267
4.8664613,5.520069,-0.65360785
6.337242,5.959382,0.37786007
4.004365,5.0541506,-1.0497856
8.995679,8.175235,0.8204441
7.070581,6.301031,0.76954985
5.7121983,5.725918,-0.013719559
4.69897,4.6984453,0.0005245209
4.4828043,6.0057096,-1.5229053
6.0,5.3340273,0.6659727
8.522879,7.904956,0.6179228
7.625252,7.3200827,0.3051691
4.30103,4.8716335,-0.5706034
9.1549015,8.817805,0.3370962
6.4907975,7.064785,-0.5739875
9.468521,9.171274,0.29724693
5.7544875,4.700822,1.0536656
4.588717,5.5407133,-0.9519963
3.7670038,3.63602,0.13098383
4.0,4.3018513,-0.30185127
7.0457573,5.972104,1.0736532
9.443698,9.168347,0.27535057
8.207608,7.0854034,1.1222048
5.0,4.717988,0.282012
6.0,5.4553747,0.5446253
9.30103,9.24397,0.05706024
4.1878223,5.3533087,-1.1654863
8.619789,7.7593765,0.8604126
9.283997,7.065777,2.2182198
5.9172144,5.1594133,0.75780106
8.130768,7.239646,0.89112186
5.0,5.6611595,-0.6611595
4.5999975,4.4606037,0.1393938
5.958607,5.173814,0.7847934
5.0,5.849409,-0.8494091
6.8041005,6.941781,-0.13768053
4.0,4.197757,-0.19775677
6.4806104,6.4920416,-0.011431217
6.39794,5.777073,0.62086725
8.552842,7.137842,1.415
8.79588,6.3239107,2.4719696
4.459996,4.463337,-0.0033407211
4.537602,5.3223658,-0.7847638
2.3467875,3.6268122,-1.2800248
5.0,4.1338525,0.8661475
6.391474,6.3355207,0.055953026
4.4317985,6.197507,-1.7657084
5.3665314,4.9897757,0.3767557
4.246019,5.2558002,-1.0097814
6.0604806,5.2400627,0.8204179
4.0,3.7999544,0.20004559
4.7999983,4.6867456,0.11325264
8.522879,8.298783,0.22409534
4.497573,4.267516,0.23005676
4.7695513,4.49341,0.27614117
4.026743,3.7646291,0.2621138
5.150515,5.838332,-0.6878171
6.7695513,6.163949,0.60560226
8.428291,6.390271,2.0380201
8.180456,6.274144,1.906312
7.455932,6.8593836,0.59654856
4.0,4.404996,-0.40499592
5.5228786,5.9910383,-0.46815968
4.9888525,4.4154263,0.57342625
5.0,5.0977964,-0.09779644
9.0,8.569285,0.4307146
7.60206,6.5015554,1.1005044
9.39794,8.868667,0.52927303
3.59176,5.171873,-1.5801132
4.542118,4.700836,-0.15871811
5.2596374,5.4120255,-0.1523881
5.312471,4.8350153,0.47745562
7.823909,6.820841,1.003068
8.619789,9.630204,-1.0104151
9.366531,8.355218,1.0113134
4.9706163,5.5968695,-0.6262531
7.1870866,6.40201,0.7850766
8.0,6.057417,1.9425831
9.148742,9.108293,0.040449142
8.970616,6.4951143,2.475502
8.769551,7.856928,0.9126234
6.853872,6.744934,0.10893774
4.712086,5.2176294,-0.50554323
4.467182,4.820278,-0.353096
6.481486,6.4202023,0.06128359
6.377786,6.6373005,-0.25951433
4.7695513,5.617281,-0.8477297
5.3565474,5.242592,0.1139555
6.7144427,6.235839,0.47860384
5.899998,5.416114,0.48388433
3.4179366,4.1954985,-0.7775619
5.8635964,5.5673056,0.29629087
5.0,6.410117,-1.4101171
5.1623483,5.135359,0.02698946
7.5867033,7.2723055,0.3143978
8.0,7.839473,0.16052723
5.0,5.7767687,-0.7767687
6.0,5.983656,0.01634407
5.2596374,5.748315,-0.4886775
8.005243,7.807185,0.19805813
5.0952845,5.0658817,0.029402733
5.3845596,7.024741,-1.6401815
7.958607,6.2675104,1.6910968
6.0,6.2041597,-0.20415974
6.086186,5.361744,0.724442
5.0,6.1613684,-1.1613684
4.701147,3.9681108,0.7330363
7.856985,7.6072664,0.24971867
6.0,5.256137,0.7438631
3.69897,3.942859,-0.24388885
4.567031,4.9370947,-0.37006378
9.20066,7.900341,1.3003187
8.552842,8.890714,-0.33787155
8.522879,7.797529,0.7253494
6.90309,6.3661127,0.5369773
6.320572,5.911497,0.40907478
4.074688,4.2110457,-0.13635778
4.0,4.0672674,-0.06726742
5.2596374,5.717779,-0.4581418
3.4678829,3.7382429,-0.27036
4.7999983,4.5035505,0.29644775
4.1339903,4.5823584,-0.44836807
5.154902,4.365378,0.7895241
4.468521,5.004591,-0.53606987
6.0,6.1001654,-0.10016537
4.590067,4.815741,-0.22567415
5.74521,6.472642,-0.7274318
5.236572,4.4209948,0.81557703
9.2218485,8.669351,0.55249786
4.8041005,4.8680696,-0.063969135
8.958608,8.940948,0.017660141
4.026341,4.1247025,-0.09836149
9.39794,9.12628,0.27165985
6.6575775,5.734926,0.9226513
4.9000087,4.4072266,0.49278212
5.0,5.2574587,-0.2574587
4.468521,5.0220957,-0.55357456
6.298432,5.696821,0.60161066
5.180456,6.2058144,-1.0253582
4.7212462,4.94415,-0.22290373
4.3665314,4.6618595,-0.29532814
9.60206,8.91593,0.6861305
4.5734887,5.622612,-1.0491233
6.0,5.5987425,0.40125751
5.3279023,5.503769,-0.1758666
8.30103,7.8987103,0.4023199
7.2441254,6.7348747,0.50925064
6.3214817,6.079221,0.24226093
4.69897,5.260891,-0.5619211
5.958607,4.7092123,1.2493949
6.1001797,5.4363794,0.66380024
5.0,4.6131983,0.38680172
3.0323117,4.0493145,-1.0170028
4.8181562,4.3565874,0.46156883
9.113509,9.080546,0.0329628
8.19044,7.628175,0.5622654
8.508638,7.1617594,1.346879
7.161151,7.859421,-0.69826984
7.404504,7.6468143,-0.24231052
4.0,3.7372057,0.26279426
7.091515,6.158902,0.9326129
6.2676063,5.7539597,0.5136466
6.920819,6.6945333,0.22628546
4.040005,4.692182,-0.65217686
4.0,3.58886,0.41113997
8.309804,7.6720753,0.6377287
4.628932,5.1809225,-0.5519905
5.958607,4.831091,1.1275163
5.5272436,4.597069,0.9301748
6.0,4.990802,1.0091982
8.79673,8.304581,0.49214935
8.769551,7.9921865,0.77736473
7.6197886,5.086811,2.5329776
5.0,5.4484215,-0.44842148
9.508638,8.78274,0.72589874
5.1351333,4.923133,0.21200037
3.3795516,4.397603,-1.0180514
5.5316525,6.6485786,-1.1169262
6.0,5.840024,0.159976
4.0261245,4.4889765,-0.462852
3.747147,4.394187,-0.6470399
7.124939,6.0645657,1.0603733
5.0,4.7450056,0.2549944
5.5622497,5.1609488,0.4013009
5.6675615,5.8782244,-0.21066284
4.0,4.2187862,-0.21878624
8.920818,8.0891,0.83171844
5.90309,5.964943,-0.061852932
6.0,5.9815817,0.018418312
5.1463017,5.171426,-0.025124073
7.8860564,8.442534,-0.556478
6.39794,6.4374237,-0.039483547
5.6382723,4.7117796,0.9264927
5.4089355,5.8864517,-0.47751617
6.0,5.7133913,0.2866087
5.4666095,5.865286,-0.3986764
6.0,6.1923876,-0.19238758
7.79588,6.1661854,1.6296945
4.492144,4.9766703,-0.48452616
6.167491,4.4977317,1.6697593
7.0644927,6.1752377,0.88925505
4.0264287,4.5238466,-0.49741793
4.853872,5.328944,-0.47507238
5.325139,5.079055,0.24608421
8.376751,7.7593765,0.6173744
7.3467875,7.3418055,0.0049819946
7.6382723,8.047479,-0.4092064
3.30103,5.3644705,-2.0634406
5.2596374,6.030817,-0.7711797
7.7695513,7.2608814,0.50866985
6.2596374,7.042015,-0.7823777
5.3665314,5.273514,0.09301758
3.8239088,4.1117024,-0.28779364
6.2596374,5.4773655,0.78227186
4.0,5.2244167,-1.2244167
6.0,6.4530487,-0.4530487
7.61997,6.490097,1.1298728
3.8239088,3.9648476,-0.14093876
4.853872,5.2485466,-0.39467478
4.761954,5.07685,-0.3148961
6.2941365,5.45586,0.8382764
6.304518,6.629159,-0.32464075
5.458,5.834155,-0.3761549
6.124939,6.4076405,-0.2827015
6.0,5.6471643,0.35283566
5.0,5.2857876,-0.28578758
9.0,7.7280684,1.2719316
4.229148,5.9146833,-1.6855354
8.522879,8.321124,0.20175457
5.0655017,3.6874135,1.3780882
6.376751,6.220788,0.15596294
4.269379,4.2861185,-0.016739368
4.394695,5.0639124,-0.6692176
4.087247,5.006386,-0.9191389
6.30103,5.829791,0.4712391
9.431798,7.8860855,1.5457125
8.0,7.957161,0.04283905
4.5833597,4.4532547,0.13010502
7.0457573,6.351329,0.69442844
4.3324537,4.8381243,-0.50567055
4.676645,4.2152424,0.46140242
5.20412,4.4836082,0.7205119
5.3665314,5.032033,0.3344984
5.0,6.1626816,-1.1626816
6.1307683,5.844839,0.2859292
9.20066,9.285384,-0.084724426
9.2218485,8.436056,0.78579235
5.4089355,6.049754,-0.6408186
4.4534574,5.1257887,-0.67233133
4.7746906,5.401167,-0.6264763
4.217026,5.5588293,-1.3418031
6.309804,6.2186804,0.09112358
7.6575775,7.8962727,-0.23869514
5.0,5.4021273,-0.40212727
8.180456,6.2087326,1.9717236
5.207608,4.8983383,0.3092699
6.600326,6.135645,0.46468115
4.0039263,4.5197473,-0.515821
6.4609237,6.304494,0.15642977
4.2456517,4.2948446,-0.049192905
4.0264196,3.9715188,0.054900885
9.09691,7.9371376,1.1597729
6.394695,6.11977,0.27492476
5.648716,5.789529,-0.14081287
7.6575775,7.472247,0.18533039
8.30103,7.818671,0.48235893
4.39794,5.09307,-0.6951299
4.3565474,4.1899166,0.16663074
4.7212462,5.3198395,-0.59859324
5.5128617,6.3862667,-0.873405
7.251812,7.2702284,-0.018416405
6.05061,5.8925447,0.15806532
4.69897,5.42381,-0.72484016
6.853872,6.0969915,0.7568803
4.958607,6.5618343,-1.6032271
4.30103,4.565056,-0.2640257
5.0,5.4075956,-0.40759563
5.7695513,5.129014,0.64053726
5.7212462,7.175499,-1.4542527
4.203426,4.5334744,-0.33004856
5.0,5.9277163,-0.92771626
9.2218485,9.176437,0.04541111
4.180456,4.4960837,-0.31562757
4.595166,4.9075437,-0.31237745
4.0,4.5055494,-0.50554943
9.013228,8.57217,0.44105816
6.0,6.2141047,-0.21410465
4.253366,4.6872663,-0.43390036
4.69897,4.9749184,-0.27594852
5.2125397,4.630774,0.58176565
4.30103,4.2828617,0.01816845
9.29243,8.119209,1.1732206
7.0457573,6.3436975,0.70205975
6.0409584,5.276222,0.7647362
4.8057356,3.8974304,0.90830517
3.8239088,3.8747008,-0.05079198
6.4867826,6.6139326,-0.12715006
4.9803023,4.593582,0.38672018
5.9182925,6.246458,-0.32816553
5.376751,4.6690164,0.7077346
7.692504,6.5389147,1.1535892
8.259637,8.483379,-0.22374249
6.0,6.1214275,-0.121427536
6.030584,6.8089046,-0.7783208
5.581699,4.871829,0.70986986
5.1870866,4.945545,0.24154139
5.6382723,5.032611,0.6056614
4.7644715,4.9034796,-0.13900805
7.6197886,7.2753153,0.34447336
7.920819,7.06841,0.8524089
4.367,4.8647366,-0.49773645
6.5686364,7.346634,-0.7779975
4.5850267,5.145196,-0.5601692
5.21467,3.5943744,1.6202958
5.774949,5.270129,0.50481987
4.69897,4.87901,-0.18004036
9.744727,7.3358555,2.4088717
9.69897,9.13148,0.5674896
5.2839966,5.637595,-0.3535986
5.107293,6.1654797,-1.0581865
7.468521,6.749161,0.71936035
8.0,8.072296,-0.07229614
5.3665314,5.4191046,-0.052573204
5.3577332,3.7090766,1.6486566
4.6382723,5.8909054,-1.2526331
4.920819,4.8236217,0.097197056
4.026078,5.2960196,-1.2699413
8.60206,8.034172,0.56788826
5.552842,4.9499054,0.60293674
8.318759,4.9130526,3.4057064
5.0,5.724839,-0.7248392
4.2660007,5.2718687,-1.005868
4.7212462,4.6252384,0.096007824
5.1174755,4.771479,0.34599638
4.69897,4.206293,0.49267673
5.0457573,5.3816195,-0.33586216
7.3769574,5.3928165,1.9841409
4.026489,3.6916788,0.33481002
9.0,8.185328,0.81467247
4.49485,5.7679768,-1.2731266
4.0259905,4.2850685,-0.25907803
5.6382723,5.939995,-0.30172253
4.9764185,3.822421,1.1539974
7.7447276,7.4834356,0.26129198
9.30103,9.401029,-0.099998474
4.69897,4.6671705,0.031799316
4.5638375,5.9740763,-1.4102387
8.387217,7.7137938,0.6734228
6.4400935,6.198436,0.24165773
9.327902,6.4903326,2.8375692
5.536107,5.4112673,0.12483978
5.004365,4.93143,0.072935104
7.876148,7.162737,0.71341133
3.236572,4.6051025,-1.3685305
5.0,6.043536,-1.0435362
4.4436975,5.120159,-0.6764617
4.026295,3.9177907,0.108504534
7.004365,5.999304,1.0050611
7.2441254,4.981804,2.2623215
6.600326,6.11852,0.48180628
7.537602,6.0248947,1.5127072
5.0,5.40304,-0.40303993
3.30103,5.465233,-2.164203
5.610834,5.694278,-0.08344364
5.0,6.277382,-1.2773819
5.2596374,4.817961,0.44167614
6.935542,6.31627,0.61927223
4.5934596,4.3096585,0.28380108
7.920819,7.803733,0.11708593
6.161781,5.656419,0.50536203
9.886057,9.110839,0.775218
4.0,4.4066772,-0.40667725
5.692504,5.1486015,0.5439024
7.797241,6.957658,0.8395834
5.7423215,5.9438725,-0.20155096
6.853872,6.15156,0.702312
6.537602,6.626153,-0.088551044
3.3383765,5.0049715,-1.666595
5.5100417,6.121604,-0.61156225
4.5109982,5.1044445,-0.59344625
8.011138,7.5015116,0.5096264
9.191789,7.900338,1.2914505
5.0,5.0460052,-0.04600525
6.0,6.350258,-0.35025787
3.5192602,4.3543234,-0.8350632
6.4089355,5.3149786,1.093957
5.062984,4.8475304,0.21545362
6.0,6.137765,-0.13776493
5.60206,5.180644,0.4214158
6.7212462,5.152069,1.5691772
8.886057,8.871093,0.014964104
9.283997,9.159932,0.124064445
6.0,6.1726103,-0.17261028
4.7212462,5.3714,-0.65015364
2.1870866,3.9566567,-1.7695701
4.0264935,4.2066526,-0.18015909
8.30103,8.002507,0.29852295
7.5606675,8.485359,-0.9246917
6.74958,6.921812,-0.17223215
9.283997,8.483287,0.8007097
5.207608,4.8568187,0.35078955
7.39794,6.1549063,1.2430339
5.0,5.29132,-0.29131985
4.576754,4.9727707,-0.3960166
7.801378,7.784296,0.017081738
5.207608,5.0078573,0.1997509
6.767004,6.016139,0.750865
6.0,5.5987425,0.40125751
4.69897,4.637928,0.061041832
5.4000077,5.040374,0.35963392
7.823909,5.309229,2.51468
4.6516953,4.280102,0.37159348
5.1426673,5.0625887,0.0800786
8.036212,7.329363,0.7068491
4.962693,5.2256813,-0.2629881
4.377786,4.161456,0.21633005
4.6705413,4.1340284,0.53651285
4.0,5.071661,-1.071661
6.0,6.4835815,-0.48358154
4.8292103,6.153448,-1.3242378
4.0,4.97246,-0.9724598
5.3645163,4.969381,0.3951354
5.09691,4.638894,0.45801592
4.634512,4.0944424,0.5400696
8.0,7.424773,0.5752268
9.0,8.205028,0.7949724
3.60206,3.9779885,-0.3759284
9.1549015,9.307293,-0.15239143
4.821311,4.2457075,0.5756035
4.027145,3.811086,0.21605897
4.221849,4.6539125,-0.43206358
5.653647,6.091874,-0.43822718
5.920819,5.5043097,0.41650915
6.3675427,6.280345,0.08719778
9.366531,8.994847,0.37168407
5.0,6.178919,-1.1789188
4.0264196,4.4374857,-0.41106606
4.5228786,5.5974836,-1.074605
5.753999,5.7350016,0.01899767
5.1062384,4.7724814,0.33375692
4.7447276,5.057369,-0.31264162
6.603801,6.47396,0.12984085
5.6777806,5.5709925,0.10678816
9.309804,8.443045,0.8667593
5.0,5.953926,-0.9539261
4.221849,5.8756247,-1.6537757
4.29243,4.569149,-0.2767191
6.3467875,7.4108515,-1.064064
7.229148,6.206974,1.0221739
8.59176,8.41741,0.17434978
9.39794,8.8303,0.56763935
5.2596374,5.59093,-0.33129263
4.672764,5.4906445,-0.81788063
8.39794,7.129896,1.2680435
4.709965,5.225065,-0.5151
7.29414,7.012248,0.28189182
5.206908,5.6700964,-0.46318817
7.4012094,8.40032,-0.9991107
4.69897,5.0974045,-0.39843464
5.6516953,4.1471825,1.5045128
4.9100947,4.7742114,0.13588333
4.69897,4.8231215,-0.12415171
9.408936,9.055793,0.35314274
6.248721,6.793807,-0.5450859
6.0,5.8233604,0.17663956
3.7121983,4.424371,-0.7121725
6.5850267,6.1933107,0.391716
7.935542,6.852927,1.0826149
4.756962,4.999984,-0.24302197
6.175874,7.4416914,-1.2658172
7.920819,7.3234987,0.5973201
5.4881167,5.182703,0.30541372
6.0,5.839548,0.16045189
8.468521,9.083285,-0.6147642
7.69897,6.824811,0.87415886
7.8860564,6.9605627,0.9254937
5.0080214,4.9262857,0.08173561
5.6903696,5.741909,-0.05153942
7.154902,5.985939,1.168963
4.465974,5.589409,-1.123435
5.0952845,4.0589647,1.0363197
3.8239088,3.8776739,-0.05376506
4.835647,5.508667,-0.6730199
6.7644715,7.4325476,-0.66807604
6.0,5.482482,0.51751804
6.600326,6.143304,0.4570222
5.6382723,4.7732573,0.86501503
6.0,6.0362625,-0.036262512
4.49485,5.7940226,-1.2991724
6.600326,5.0495186,1.5508075
6.0,7.882331,-1.8823309
4.2740884,4.616083,-0.34199476
4.498475,5.0877476,-0.5892725
4.2328444,5.142597,-0.90975285
8.522879,8.41707,0.10580826
5.823909,5.4619646,0.3619442
4.69897,5.240485,-0.54151535
5.5425725,4.835026,0.7075467
5.8153086,4.3581038,1.4572048
7.763878,6.838375,0.9255028
5.275724,5.196233,0.07949114
4.455932,5.7510223,-1.2950902
5.6575775,5.002989,0.6545887
5.2596374,5.745371,-0.4857335
6.8268137,6.689126,0.13768768
8.853872,8.749082,0.10479069
6.4145393,4.932349,1.4821901
7.2006593,5.75064,1.4500194
7.6197886,7.7494745,-0.12968588
5.920819,5.8148804,0.105938435
5.971022,6.8314323,-0.8604102
5.60206,6.2763376,-0.6742778
6.5850267,6.999489,-0.4144621
6.2692175,7.410489,-1.1412716
4.79588,4.623277,0.17260265
7.853872,6.1054487,1.7484231
5.0,5.590413,-0.5904131
3.154902,3.762244,-0.607342
7.2680087,5.6136055,1.6544032
7.692504,7.318223,0.37428093
5.1372724,5.2596474,-0.12237501
7.113509,6.21599,0.8975191
4.49485,4.581257,-0.08640671
8.0,7.7947254,0.20527458
7.1487417,7.7438164,-0.59507465
4.0222764,3.566128,0.4561484
6.0,5.9815817,0.018418312
6.3526173,6.2168083,0.13580894
6.1401653,5.9668207,0.17334461
9.522879,9.611182,-0.088303566
7.1426673,6.626176,0.5164914
5.30103,5.4827194,-0.18168926
3.8239088,4.1481876,-0.32427883
8.522879,8.305871,0.21700764
6.829738,5.895607,0.93413115
6.0,5.882391,0.117609024
7.3496923,6.754077,0.5956154
5.4792547,5.4163265,0.0629282
9.552842,9.3086,0.24424171
7.167491,6.1476326,1.0198584
4.7212462,5.1157255,-0.39447927
4.30103,5.020384,-0.7193537
5.823909,6.005352,-0.18144321
4.534617,4.9462833,-0.4116664
6.0,6.83578,-0.83578014
7.0409584,6.8552837,0.18567467
6.9706163,6.307626,0.66299057
3.764219,4.5071545,-0.7429354
9.209715,7.8134136,1.3963013
5.9698052,5.2390785,0.7307267
6.0491486,6.3198996,-0.270751
4.0262537,4.999755,-0.9735012
6.0,6.2035255,-0.20352554
6.0,5.7845745,0.21542549
5.0,5.636445,-0.63644505
6.8477116,6.2204514,0.6272602
5.869666,6.286255,-0.41658878
6.0,6.308262,-0.30826187
5.5850267,5.609132,-0.024105072
5.0,6.0500555,-1.0500555
6.725842,5.9819393,0.7439027
4.0,5.0787344,-1.0787344
6.0,5.7551374,0.24486256
7.2839966,6.6481113,0.63588524
3.835647,6.209571,-2.3739238
6.823909,6.932563,-0.10865402
7.823041,6.0543175,1.7687235
6.552997,5.916933,0.63606405
5.2596374,5.6054087,-0.3457713
4.69897,5.65895,-0.95998
6.138,5.548501,0.589499
8.130768,7.5838947,0.5468731
5.552842,4.689061,0.863781
5.0,6.162326,-1.1623259
4.60206,5.0872545,-0.48519468
8.431798,7.50439,0.9274082
5.0,5.865637,-0.8656368
5.2596374,5.2243786,0.03525877
7.229148,7.451127,-0.22197914
6.0,5.8077564,0.19224358
5.5228786,5.660123,-0.13724422
6.0,5.078371,0.92162895
4.30103,5.598056,-1.2970257
7.91364,7.5375586,0.37608147
4.30103,6.029598,-1.7285681
6.2596374,5.0696735,1.1899638
7.0013046,5.1575565,1.8437481
6.0,5.4000816,0.59991837
5.0,5.9884357,-0.98843575
3.8239088,4.024763,-0.2008543
4.30103,5.0704393,-0.7694092
5.221849,5.5450687,-0.32321978
5.2596374,5.411499,-0.15186167
4.69897,5.3857327,-0.6867628
9.251812,9.063695,0.18811703
8.0,8.222793,-0.22279263
8.522879,8.371348,0.15153027
5.2596374,5.216017,0.043620586
3.8239088,3.7309144,0.09299445
5.21467,5.462879,-0.248209
6.1567674,6.1201534,0.03661394
7.60206,5.5984316,2.0036283
3.7258422,4.2587223,-0.53288007
7.49485,5.27748,2.21737
6.920819,6.4109545,0.50986433
6.275724,5.479293,0.79643106
6.0457573,6.668174,-0.6224165
5.6382723,5.0610046,0.57726765
6.161151,5.800622,0.36052895
6.0132284,5.535799,0.4774294
4.180456,4.351037,-0.17058086
5.2441254,4.7504168,0.4937086
6.8268137,6.226755,0.60005856
4.5968795,4.923663,-0.32678366
6.3279023,4.3461647,1.9817376
8.244125,8.27403,-0.029904366
7.0649967,5.6641827,1.400814
5.1000156,4.508972,0.5910435
6.2596374,6.650917,-0.3912797
4.0,4.358514,-0.35851383
6.642065,5.808442,0.83362293
5.6615434,6.1073427,-0.44579935
9.420217,9.189288,0.23092842
4.732828,4.8741245,-0.14129639
4.465974,4.4944887,-0.028514862
5.950782,6.179433,-0.22865105
4.931814,4.898181,0.033633232
9.2218485,7.719837,1.5020113
6.928118,6.631036,0.29708242
5.0,6.5516844,-1.5516844
5.6382723,4.901012,0.73726034
5.9292235,5.0293465,0.8998771
4.1307683,5.082472,-0.95170355
4.076756,5.4757767,-1.3990207
6.0,6.3701487,-0.37014866
5.6382723,5.066329,0.5719433
5.876148,5.0561085,0.82003975
9.69897,7.9894943,1.7094755
7.0649967,5.162567,1.9024296
4.30103,5.3655767,-1.0645466
5.291215,5.893505,-0.60229015
7.920819,5.092311,2.828508
6.5934596,5.149847,1.4436126
6.29243,5.907567,0.3848629
7.2596374,7.1941967,0.065440655
7.69897,7.758891,-0.059921265
6.5090027,6.1055775,0.40342522
8.455932,7.8642063,0.59172535
5.958607,5.317938,0.64066935
6.322393,6.6381903,-0.31579733
7.070581,5.9459734,1.1246076
8.065501,8.357767,-0.2922659
6.3297544,6.6817713,-0.35201693
4.026295,3.8986328,0.12766242
7.595166,7.4708757,0.12429047
4.69897,5.0705748,-0.37160492
8.568636,7.31808,1.250556
7.5850267,6.9062014,0.6788254
7.1079054,6.532916,0.5749893
4.849485,5.5145655,-0.66508055
8.30103,8.303751,-0.0027208328
6.730487,6.3393774,0.39110947
9.148742,9.141434,0.0073080063
8.0,7.6062746,0.3937254
4.30103,4.340207,-0.03917694
7.2839966,5.2823095,2.001687
6.69897,6.025586,0.6733837
6.0,6.8998146,-0.8998146
7.154902,5.7279387,1.4269633
7.2596374,7.1900034,0.06963396
4.801343,6.5606213,-1.7592783
4.823909,5.0460405,-0.22213173
6.657992,6.0692816,0.5887103
6.737549,7.19701,-0.4594612
5.761452,5.703702,0.057750225
8.21467,6.4986143,1.7160559
8.408936,8.617104,-0.20816803
9.39794,8.533023,0.8649168
5.2418456,4.8416595,0.40018606
5.0222764,5.432104,-0.4098277
7.8860564,7.3507996,0.53525686
4.0,6.468727,-2.468727
5.950782,5.267725,0.68305683
6.6197886,6.2520647,0.36772394
5.6631403,5.4657364,0.19740391
9.552842,9.199765,0.35307693
4.30103,5.1467896,-0.8457594
4.7351823,5.131152,-0.39596987
6.0,6.01766,-0.017660141
5.30103,4.942157,0.35887337
8.920818,5.6394243,3.281394
5.0,6.626664,-1.6266642
4.6516953,4.2510724,0.40062284
7.6197886,6.139617,1.4801717
7.318759,5.407336,1.9114227
6.69897,5.971324,0.7276459
4.49485,6.3620253,-1.8671751
6.0,5.9667263,0.033273697
3.6716204,4.5180254,-0.846405
5.5086384,4.122228,1.3864102
8.1493845,6.499359,1.6500254
4.465974,3.6049106,0.86106324
8.407824,7.5267467,0.8810768
6.0,5.723612,0.27638817
6.0,6.4554462,-0.45544624
5.1000156,4.845088,0.25492764
9.259637,9.06501,0.19462681
6.194499,5.7940254,0.4004736
6.625252,5.6472845,0.97796726
9.346787,9.221513,0.12527466
3.2218487,4.05635,-0.8345015
10.0,9.566806,0.43319416
4.129011,5.5437956,-1.4147844
6.034328,6.6829214,-0.6485934
6.0655017,6.1432295,-0.077727795
8.619789,8.41707,0.20271873
9.19382,8.689074,0.50474644
7.154902,6.0785847,1.0763173
6.49485,5.093523,1.4013271
4.69897,5.2542257,-0.5552559
7.4775558,5.672374,1.805182
7.2676063,6.368229,0.89937735
7.180456,5.183096,1.9973602
5.6382723,5.3966856,0.24158669
4.115205,4.6969643,-0.58175945
6.91364,7.6453753,-0.7317352
6.0,5.7797537,0.22024632
6.0,6.2908106,-0.29081059
5.4202166,5.4525576,-0.032341003
6.3467875,5.8458147,0.50097275
5.6556077,5.6648216,-0.009213924
5.6757174,5.0404396,0.63527775
4.3467875,3.8651521,0.48163533
7.769807,7.458252,0.3115549
5.167491,5.490034,-0.32254314
6.6575775,3.990886,2.6666915
7.7695513,5.6353483,2.134203
6.0,6.847064,-0.847064
6.143271,6.1178493,0.02542162
4.823909,5.2039175,-0.3800087
5.958607,4.8913345,1.0672727
4.1255183,4.793374,-0.66785574
4.5228786,4.686207,-0.16332817
6.7851562,5.435027,1.3501291
8.958608,8.775919,0.18268871
5.1999707,4.569562,0.63040876
4.30103,6.2435884,-1.9425583
7.055517,6.146263,0.9092541
3.8416376,4.5029583,-0.6613207
4.0,5.9440136,-1.9440136
4.455932,4.5459127,-0.0899806
8.522879,8.374691,0.14818764
9.327902,9.159276,0.16862583
5.6382723,5.429348,0.2089243
6.0,6.0195913,-0.019591331
5.798,5.9182673,-0.12026739
9.119186,8.87319,0.24599648
5.3496923,5.716833,-0.36714077
8.096368,6.37965,1.7167177
8.30103,7.8902645,0.41076565
6.0,6.11007,-0.11007023
7.229148,7.7443924,-0.5152445
5.0,5.585004,-0.58500385
5.8181562,5.1648016,0.65335464
3.8239088,4.162031,-0.33812237
4.026475,4.266862,-0.24038696
7.6382723,6.1669188,1.4713535
6.0,6.3836174,-0.3836174
7.154902,6.0514727,1.1034293
4.823909,4.6908054,0.13310337
4.823909,5.1319323,-0.30802345
5.0,4.2028227,0.7971773
5.30103,5.3351374,-0.03410721
6.0,5.745555,0.25444508
4.1870866,4.5989723,-0.41188574
8.600327,8.92201,-0.32168388
6.7851562,7.38733,-0.6021738
6.0,5.869747,0.13025284
9.080922,8.842964,0.23795795
6.935542,5.3963957,1.5391464
5.0,5.2058296,-0.20582962
4.026623,4.996827,-0.97020435
6.2596374,6.7150097,-0.45537233
4.823909,4.5862017,0.23770714
7.0,6.468074,0.53192616
4.7999983,4.4435797,0.3564186
4.7520266,4.8856936,-0.13366699
6.5185575,6.91761,-0.39905262
4.026655,4.8434134,-0.81675816
5.0,6.4268456,-1.4268456
7.1307683,6.621025,0.5097432
4.30103,4.9884443,-0.68741417
6.0,5.561755,0.43824482
5.3481407,5.5059233,-0.15778255
4.026461,3.9850843,0.04137683
4.30103,5.227581,-0.92655087
5.0,6.8034916,-1.8034916
9.2218485,9.397553,-0.17570496
3.69897,4.1196103,-0.42064023
6.6382723,4.5837064,2.054566
6.2441254,7.03759,-0.79346466
8.522879,8.418408,0.10447025
9.39794,7.2271404,2.1707993
4.7292047,4.946707,-0.21750212
5.39794,4.9793196,0.4186206
8.522879,8.225912,0.29696655
5.0,5.866538,-0.86653805
4.925147,4.1975174,0.72762966
6.400057,6.2462997,0.1537571
5.0,5.4284554,-0.42845535
4.69897,5.3567686,-0.65779877
5.4282913,4.5556407,0.8726506
5.221849,4.8839397,0.33790922
3.7469044,4.44374,-0.6968355
5.4388986,5.667858,-0.22895956
4.69897,4.457056,0.2419138
5.0,4.69563,0.30436993
4.481486,4.846943,-0.36545706
7.2373214,7.325302,-0.08798075
5.1580153,6.1771183,-1.019103
4.653647,4.4983864,0.15526056
5.207608,5.126807,0.08080101
9.251812,9.333668,-0.081855774
6.221849,5.0779076,1.1439414
5.49485,4.683929,0.8109212
7.609065,7.1304655,0.47859955
4.0,4.7661114,-0.7661114
8.886057,9.198598,-0.312541
8.30103,8.362185,-0.061154366
3.1870866,3.4448555,-0.25776887
4.5228786,6.226431,-1.7035522
6.0,6.2035255,-0.20352554
3.8239088,3.9390876,-0.11517882
7.19382,6.0272493,1.1665707
4.756962,4.1852064,0.5717554
8.275724,6.3146734,1.961051
9.2218485,8.241713,0.9801359
9.4067135,7.924945,1.4817686
8.398973,7.2036448,1.1953287
7.0,6.565219,0.43478107
4.0,4.426669,-0.42666912
6.0,6.5669594,-0.5669594
5.415669,5.4173822,-0.0017132759
5.3665314,4.953541,0.41299057
4.823909,3.9237401,0.90016866
8.522879,8.468411,0.0544672
6.2660007,6.844925,-0.5789242
4.120331,4.717046,-0.596715
4.2418456,4.5897217,-0.34787607
8.4957,9.437413,-0.94171333
4.6197886,5.5336285,-0.9138398
7.7212462,8.456305,-0.7350583
6.8416376,7.110018,-0.26838017
7.5257835,8.289368,-0.76358414
4.30103,4.6141424,-0.31311226
9.29243,8.989405,0.30302525
2.7677665,4.6051025,-1.8373361
4.326979,5.2672853,-0.9403062
6.4012094,5.5910406,0.81016874
9.09691,8.600692,0.49621868
5.559091,4.2804413,1.2786498
5.920819,6.0691376,-0.14831877
5.823909,4.985072,0.83883667
5.240015,6.0905685,-0.8505535
8.552842,7.452998,1.099844
4.0,3.5499547,0.45004535
8.353597,8.292193,0.061403275
6.0604806,5.9005785,0.1599021
4.3156934,4.3274546,-0.0117611885
5.197911,5.5087605,-0.31084967
9.318759,9.080873,0.23788643
7.080922,6.0574617,1.0234604
6.0,5.8673058,0.13269424
5.468521,5.796277,-0.32775593
6.0,5.72293,0.27707005
7.0404816,6.9159136,0.124567986
4.7212462,5.5466003,-0.8253541
6.4558825,7.050521,-0.59463835
4.677822,6.84231,-2.1644878
5.0,4.847332,0.152668
9.346787,9.202754,0.14403343
8.400008,7.2355385,1.1644697
4.026383,5.0122013,-0.9858184
5.0,4.9560404,0.043959618
4.031517,5.1999063,-1.1683893
4.30103,5.119444,-0.81841373
3.8239088,3.6768506,0.14705825
8.0,8.090301,-0.09030056
6.853872,6.1073294,0.74654245
9.017729,8.001863,1.0158663
5.30103,4.4209948,0.8800354
8.040958,7.448308,0.5926504
6.0,6.331002,-0.33100224
5.0,5.8116636,-0.8116636
7.6458917,7.2883177,0.357574
9.387217,9.241307,0.14590931
5.468521,4.887868,0.5806532
3.8239088,4.163965,-0.34005642
5.937042,6.806428,-0.8693857
5.0,5.8111744,-0.8111744
5.485452,5.9438725,-0.45842028
5.407823,5.0639296,0.34389353
9.267606,9.168347,0.09925842
8.013228,7.3200827,0.69314575
4.6161847,4.189042,0.42714262
6.610834,5.881442,0.72939205
6.2596374,5.431757,0.8278804
5.0,5.1297417,-0.12974167
9.29243,9.253627,0.0388031
6.0,5.653908,0.34609222
6.0,5.7692204,0.23077965
4.026383,4.2973814,-0.27099848
8.318759,7.8844004,0.4343586
5.275724,5.1698656,0.105858326
7.05061,6.185422,0.8651881
7.154902,6.491205,0.66369677
6.761954,6.537573,0.22438097
9.387217,8.706187,0.6810293
5.236572,5.419674,-0.18310213
5.0,5.4663277,-0.46632767
5.853872,6.135805,-0.2819333
4.578396,4.840726,-0.26233006
8.086186,7.1516647,0.9345217
4.69897,4.533451,0.16551876
4.0,4.903861,-0.90386105
4.026484,3.3368967,0.68958735
6.0,6.066221,-0.06622124
6.05061,5.437068,0.6135421
6.6777806,5.929799,0.74798155
6.30103,6.608554,-0.30752373
9.632644,8.7237,0.90894413
4.69897,4.256551,0.44241905
4.559091,4.938097,-0.3790059
4.026341,4.313961,-0.28762007
4.5058455,5.3708706,-0.86502504
4.0,4.218092,-0.21809196
5.1487417,5.302618,-0.1538763
4.0,4.650984,-0.6509838
6.5228786,6.448078,0.07480049
5.2596374,5.5800114,-0.320374
4.590067,3.5660522,1.0240147
5.958607,4.635045,1.3235621
5.0,6.5270014,-1.5270014
6.0,6.429538,-0.42953777
3.5228786,5.154601,-1.6317225
6.0,5.1378183,0.86218166
5.60206,4.435813,1.1662469
5.69897,4.3648176,1.3341522
6.0,6.40923,-0.40923023
4.7447276,5.069355,-0.3246274
3.4775558,4.753061,-1.2755051
5.3665314,4.99086,0.3756714
6.0,6.254038,-0.25403786
7.6777806,6.831995,0.8457856
5.0,5.107522,-0.10752201
4.5228786,5.1000166,-0.57713795
5.6777806,5.4701586,0.20762205
7.1426673,6.0933743,1.049293
4.9914,4.7198086,0.2715912
5.551294,5.250992,0.30030203
4.4534574,5.126135,-0.6726775
5.0,6.3214893,-1.3214893
6.60206,6.459243,0.14281702
5.175874,5.8665476,-0.69067335
3.7461777,4.572914,-0.82673645
4.860121,5.6297846,-0.7696638
7.7447276,6.7375965,1.0071311
5.686133,4.828329,0.8578038
7.817069,6.615635,1.2014341
7.6382723,7.6566114,-0.018339157
5.0,4.518206,0.48179388
6.0,5.4684973,0.5315027
6.19382,5.08525,1.1085701
7.154902,5.777898,1.3770041
8.2218485,8.161714,0.060134888
5.4584208,5.044629,0.41379166
6.1499667,5.586893,0.56307364
4.320572,3.4954493,0.8251226
7.39794,5.913149,1.4847913
6.1870866,5.8040943,0.38299227
5.3665314,4.763028,0.6035032
4.90309,4.586582,0.31650782
7.5512195,8.058618,-0.5073981
4.30103,4.7081842,-0.40715408
8.366531,7.860076,0.5064554
6.468521,7.040021,-0.5714998
9.327902,8.776489,0.5514126
4.6840296,5.430765,-0.7467356
4.6369524,4.4542084,0.18274403
4.0,4.1911383,-0.19113827
7.0404816,7.3505583,-0.3100767
4.069917,4.895709,-0.82579184
5.6575775,4.8667045,0.79087305
5.954677,6.3168945,-0.36221743
4.6478176,4.771143,-0.12332535
6.091515,6.180786,-0.08927107
4.69897,4.868782,-0.1698122
5.184223,6.18744,-1.0032167
4.823909,5.348646,-0.52473736
4.79588,4.516412,0.27946806
9.1549015,8.485443,0.6694584
5.530178,5.2011213,0.32905674
8.0,7.69162,0.30838013
8.0,7.68544,0.31455994
6.920819,5.771432,1.1493869
8.443698,7.361928,1.08177
7.7746906,7.494028,0.28066254
4.6382723,6.6104383,-1.9721661
8.0,7.47993,0.5200701
6.823909,5.9261885,0.89772034
6.004738,6.2481327,-0.24339485
7.35868,8.407863,-1.0491829
4.81673,4.566184,0.25054598
9.259637,8.989404,0.27023315
5.0,5.09834,-0.098340034
4.69897,4.686471,0.012498856
8.2218485,7.375779,0.84606934
8.638272,8.174656,0.46361637
3.69897,3.886821,-0.18785095
6.4089355,6.229987,0.1789484
6.0,6.002385,-0.0023851395
5.627088,6.186124,-0.5590358
2.975227,3.982781,-1.0075538
4.823909,5.640443,-0.81653404
9.267606,9.290342,-0.02273655
4.30103,4.2994027,0.0016274452
5.5686364,6.511512,-0.9428754
8.30103,8.023411,0.27761936
4.423659,4.6618257,-0.23816681
1.621602,3.6173313,-1.9957292
9.387217,8.737821,0.64939594
5.8000007,5.425729,0.37427187
6.6556077,6.9055347,-0.24992704
6.659556,6.77345,-0.113893986
4.69897,5.268426,-0.5694561
9.142668,8.495086,0.64758205
4.30103,5.2864256,-0.98539543
4.49485,4.6731453,-0.17829514
6.6143937,6.5916996,0.02269411
6.821949,6.0704746,0.7514744
4.0616856,4.778681,-0.71699524
8.585027,9.080966,-0.49593925
6.958607,6.5787697,0.3798375
6.091515,6.024391,0.06712389
4.5228786,5.10499,-0.58211136
7.275724,7.3794823,-0.103758335
5.2596374,5.012287,0.24735022
4.853872,5.291787,-0.43791533
6.0,5.9963703,0.0036296844
9.431798,9.378137,0.053661346
8.0,7.654152,0.34584808
7.216811,7.582532,-0.36572075
4.4388986,4.5673084,-0.12840986
5.639596,6.3089104,-0.6693144
5.4012094,5.697096,-0.29588652
8.267606,6.2470264,2.0205793
9.318759,8.939622,0.37913704
5.207608,5.036234,0.17137432
4.0,4.7548637,-0.75486374
5.387216,4.6189604,0.7682557
4.30103,4.4614286,-0.16039848
8.522879,8.364495,0.15838337
5.0,6.0120754,-1.0120754
4.761954,4.015005,0.7469487
6.3467875,5.7358103,0.6109772
5.229148,5.7359867,-0.5068388
4.2692175,4.707534,-0.43831635
7.0,6.2408085,0.7591915
9.30103,9.001403,0.2996273
5.6382723,5.3344927,0.3037796
9.0,8.683466,0.31653404
5.2596374,5.7587757,-0.49913836
5.2196107,4.697262,0.5223489
7.823909,8.451466,-0.6275568
4.09691,4.9968767,-0.8999667
4.30103,4.6767817,-0.3757515
7.519993,6.815363,0.7046299
6.087247,7.757144,-1.6698971
6.0,5.8763056,0.12369442
7.0,6.63406,0.3659401
4.823909,5.7763376,-0.9524288
7.3565474,6.9052353,0.45131207
7.026872,6.2957735,0.73109865
6.4202166,6.0192986,0.400918
4.920819,4.09597,0.82484865
7.74958,7.1530876,0.5964923
5.2596374,5.8671846,-0.6075473
6.309804,5.1769943,1.1328096
6.0,7.1633883,-1.1633883
5.464579,5.9305,-0.46592093
7.618286,6.5808125,1.0374737
7.180755,7.911804,-0.73104906
4.2839966,4.0252304,0.25876617
4.4877424,3.489127,0.9986155
4.5985994,4.5569196,0.04167986
5.240332,5.51534,-0.27500772
5.091515,5.1310835,-0.039568424
9.537602,8.834305,0.7032976
4.8124795,5.095031,-0.2825513
5.005683,4.861353,0.14433002
4.479003,5.9502068,-1.4712038
5.0,4.8344145,0.16558552
5.481486,5.655157,-0.17367125
5.229148,6.0327225,-0.80357456
5.6777806,5.4576807,0.22009993
7.7212462,8.263365,-0.54211855
8.886057,8.850562,0.035494804
4.7080097,5.165202,-0.45719242
6.0,5.828005,0.17199516
4.823909,5.2656307,-0.44172192
8.267606,7.1058817,1.1617241
6.551294,6.668043,-0.11674929
7.0,6.0822115,0.9177885
4.9292235,5.2688675,-0.33964396
4.551294,5.2077065,-0.6564126
6.2778764,5.081498,1.1963782
4.30103,5.162466,-0.8614359
6.756962,5.608159,1.1488028
5.4881167,4.588538,0.8995786
6.0,5.9763117,0.023688316
9.20066,8.957153,0.24350643
8.886057,9.102416,-0.21635914
5.29243,5.840559,-0.5481291
4.69897,5.433324,-0.734354
5.080922,5.4377956,-0.3568735
6.0,5.553687,0.4463129
5.221849,5.00404,0.2178092
6.468521,5.9363585,0.53216267
4.2298846,5.212717,-0.98283243
7.2216315,7.708704,-0.48707247
6.0,5.4682007,0.5317993
4.30103,5.292693,-0.991663
4.026295,4.481763,-0.4554677
4.90309,4.5241375,0.3789525
5.1739254,5.7812586,-0.6073332
7.1079054,7.864092,-0.7561865
4.481486,5.1126156,-0.63112974
4.423659,4.5270185,-0.1033597
8.1549015,8.6027155,-0.447814
4.79588,3.7505462,1.0453336
5.552842,4.863263,0.689579
3.9643302,4.4335413,-0.4692111
5.2596374,5.7522573,-0.49262
7.2596374,7.6710386,-0.41140127
9.69897,9.334842,0.3641281
4.0,4.9420943,-0.9420943
4.9100947,5.831897,-0.92180204
6.4317985,5.511574,0.92022467
8.638272,8.25898,0.3792925
4.69897,5.055705,-0.35673523
8.0,7.5726147,0.42738533
7.30103,6.6223583,0.67867184
5.6575775,5.8646593,-0.2070818
4.30103,5.6014843,-1.3004541
8.136677,8.128982,0.007695198
7.387216,7.732768,-0.34555197
7.7447276,7.3026514,0.4420762
8.0,5.6098433,2.3901567
4.7739935,6.025154,-1.2511606
7.30103,6.4970875,0.8039427
8.522879,7.9071617,0.61571693
6.0919976,6.3277264,-0.23572874
4.784812,5.9271965,-1.1423845
8.148742,7.164013,0.9847288
4.7446795,5.4126177,-0.66793823
8.8507805,8.625702,0.22507858
5.0,5.4492893,-0.44928932
9.09691,8.109079,0.9878311
4.8617606,4.876053,-0.01429224
7.537602,6.868778,0.6688237
6.4436975,5.7307425,0.712955
4.69897,4.57218,0.12679005
5.0457573,4.6252384,0.42051888
9.173925,8.619723,0.5542021
7.8860564,7.526123,0.35993338
7.0457573,5.853634,1.1921234
4.0,3.763376,0.236624
8.958608,8.669351,0.28925705
5.938001,5.4775953,0.46040583
5.5228786,5.358779,0.1640997
5.154902,5.1103106,0.044591427
7.1366773,7.133461,0.0032162666
5.0,4.4803905,0.51960945
4.9746943,5.0539894,-0.07929516
6.0,6.4327774,-0.4327774
4.69897,4.9795628,-0.28059292
5.2090116,5.1020794,0.10693216
5.823909,5.3617487,0.4621601
4.823909,4.5225344,0.30137444
5.337242,4.643254,0.6939883
5.09691,5.6097507,-0.51284075
9.2218485,9.225596,-0.00374794
5.0,5.7405634,-0.7405634
8.619789,6.103033,2.516756
6.0,6.31423,-0.31422997
5.145451,5.759329,-0.6138778
7.3279023,6.902652,0.42525053
8.454693,7.2918653,1.1628275
6.500313,6.0570335,0.44327927
8.0,8.509155,-0.5091553
7.221849,7.001251,0.22059774
5.2814984,5.4781647,-0.19666624
5.0,5.2509384,-0.25093842
7.3279023,6.808837,0.5190654
7.318759,6.194668,1.1240911
8.080922,7.5108976,0.5700245
9.39794,9.089208,0.30873203
9.886057,9.256183,0.6298742
5.223299,5.5623016,-0.3390026
5.7695513,6.6266727,-0.85712147
4.9829664,4.340266,0.6427002
6.0,6.139037,-0.13903713
4.221849,4.6749043,-0.45305538
5.0,5.2289476,-0.22894764
5.0,5.9940434,-0.99404335
9.327902,9.060845,0.26705647
7.4573636,7.202138,0.25522566
5.552842,4.720256,0.8325863
6.337242,5.3767834,0.96045876
6.0,5.676859,0.3231411
5.275724,5.3305845,-0.054860592
4.9273825,5.1871147,-0.25973225
9.20066,8.920469,0.28019047
3.69897,4.1249723,-0.42600226
7.7212462,5.808584,1.912662
5.0675263,5.841173,-0.77364683
7.045999,5.0316563,2.0143428
4.821023,5.099675,-0.2786522
5.080399,4.6735916,0.40680742
4.30103,6.179351,-1.8783207
3.8041003,5.9422083,-2.138108
5.958607,6.818799,-0.8601918
6.0,6.271226,-0.27122593
5.229148,5.7550993,-0.5259514
7.154902,5.97097,1.1839318
7.0,6.6722803,0.3277197
5.1444807,4.7854767,0.35900402
7.113509,6.962509,0.15100002
4.69897,5.298684,-0.5997143
4.90309,4.58317,0.31992006
7.09691,5.739812,1.3570981
7.9508514,6.3008604,1.649991
4.679854,5.3991365,-0.7192826
4.5058455,4.474695,0.031150341
3.8239088,4.0443954,-0.22048664
5.251812,4.6925287,0.55928326
4.0,4.656826,-0.656826
5.7144427,5.8265495,-0.1121068
8.987163,9.522744,-0.5355816
6.3565474,5.137928,1.2186193
7.823909,7.9660835,-0.14217472
6.974039,7.31483,-0.34079075
5.2596374,5.4387846,-0.17914724
4.5617743,3.9106586,0.65111566
5.236572,5.5471773,-0.31060553
7.0,5.8149567,1.1850433
7.318759,5.5343924,1.7843666
5.7731423,5.770459,0.0026831627
4.9863205,5.3104544,-0.32413387
4.69897,5.040447,-0.3414774
8.443698,7.428402,1.015296
4.1989393,4.4531937,-0.25425434
4.5086384,5.14246,-0.6338215
5.2358236,6.037546,-0.8017225
5.8860564,5.4271107,0.45894575
6.7447276,6.1821117,0.5626159
6.100089,6.18227,-0.08218098
5.6757174,4.91007,0.7656474
7.376751,7.6529884,-0.2762375
4.8063188,4.518963,0.2873559
5.79588,4.8866386,0.9092412
5.2804203,6.755558,-1.4751377
4.5725303,6.2136145,-1.6410842
9.0,8.495901,0.5040989
5.0,5.4592514,-0.4592514
4.876148,4.5124273,0.3637209
7.0409584,5.813448,1.2275105
7.468521,6.778326,0.6901951
6.5850267,6.209135,0.3758917
5.6161847,5.163745,0.45243979
6.6575775,4.5698776,2.0877
7.0655017,5.734992,1.3305097
5.856985,5.811433,0.045552254
5.275724,5.1003456,0.17537832
4.026415,4.5686216,-0.54220676
5.79588,4.242815,1.5530648
6.920819,7.7271223,-0.8063035
9.552842,7.7137938,1.8390484
3.489187,4.334382,-0.84519506
4.0265074,3.5676935,0.4588139
3.769551,4.0896506,-0.3200996
7.2596374,7.836727,-0.5770898
6.0,6.3701487,-0.37014866
9.958608,7.1789074,2.7797003
5.0,6.3586245,-1.3586245
6.0,5.8528357,0.14716434
6.247184,6.39548,-0.14829636
3.5228786,4.737645,-1.2147665
6.9244533,7.1587324,-0.23427916
4.7721133,4.6934843,0.07862902
5.2999887,4.432355,0.8676338
5.0,5.448394,-0.44839382
4.69897,4.7688475,-0.069877625
8.29243,7.720957,0.5714731
4.853872,4.169305,0.684567
6.1366773,5.6442156,0.49246168
5.617983,6.5051517,-0.8871689
4.8199887,4.868826,-0.048837185
6.184983,6.0588408,0.12614202
5.3400836,4.469733,0.87035036
8.244125,7.299738,0.94438744
7.7695513,8.374691,-0.60513973
4.30103,3.8412201,0.45981002
5.0,5.2020655,-0.20206547
6.0457573,6.016629,0.029128075
6.0,4.880253,1.1197472
6.1191864,5.019245,1.0999413
7.7695513,5.622262,2.1472893
5.207608,5.3999166,-0.19230843
6.0,5.873081,0.1269188
5.7788467,6.450569,-0.6717224
9.102373,9.008658,0.093714714
6.860121,6.2253857,0.6347351
5.241088,5.330781,-0.08969307
3.30103,3.2197678,0.08126211
4.30103,5.2689533,-0.96792316
4.499997,4.8928137,-0.39281654
6.69897,6.892932,-0.1939621
4.844664,5.139865,-0.29520082
4.600326,4.3756924,0.2246337
4.5001755,5.6842823,-1.1841068
3.69897,3.5059197,0.19305038
8.0,8.059147,-0.05914688
6.8041005,5.4406033,1.3634973
8.568636,8.204802,0.36383438
5.455932,4.387523,1.068409
4.417937,4.9754553,-0.5575185
9.39794,9.566806,-0.16886616
5.0,4.6110373,0.38896275
5.03,5.1240587,-0.09405851
5.4449058,4.805187,0.63971853
7.823909,6.27046,1.5534487
8.356547,7.0841484,1.272399
7.823909,6.7773056,1.0466032
9.431798,9.299029,0.13276863
7.236572,6.7580843,0.4784875
7.0457573,6.120343,0.9254141
7.189969,6.540971,0.64899826
4.0,6.8164396,-2.8164396
8.0,7.549432,0.4505682
8.0,6.95945,1.0405502
8.167491,7.967455,0.20003605
6.0,6.2451134,-0.24511337
4.6197886,4.3178606,0.30192804
9.522879,9.31248,0.21039867
4.111259,6.5749903,-2.4637313
7.38711,6.5428734,0.84423685
4.154902,4.7121935,-0.5572915
8.026872,6.5595713,1.4673004
6.0,5.6207047,0.37929535
7.154902,5.962653,1.1922488
6.5086384,5.6534863,0.85515213
6.0,5.9858694,0.014130592
3.0101054,3.1905649,-0.1804595
5.920819,5.53374,0.38707876
6.1870866,6.121071,0.06601572
9.30103,8.821012,0.48001862
6.30103,5.1396275,1.1614027
4.5214334,4.6048517,-0.08341837
4.537602,4.249711,0.2878909
9.142668,8.005829,1.1368389
4.446117,4.9987335,-0.5526166
8.0,7.123065,0.876935
6.7121983,5.907425,0.80477333
7.552842,6.5055294,1.0473127
9.20066,9.065117,0.13554287
4.8326826,4.6305175,0.20216513
7.154902,6.3427334,0.8121686
6.0,6.139037,-0.13903713
4.9792247,5.5144253,-0.5352006
5.29243,5.099222,0.19320774
5.8996296,5.42074,0.47888947
4.5686364,4.318351,0.25028563
8.142668,6.531126,1.6115417
7.221849,6.4308405,0.7910085
9.148742,8.209063,0.93967915
5.958607,5.1830206,0.7755866
7.552842,8.436017,-0.8831749
7.09691,6.2482357,0.8486743
9.337242,8.536371,0.8008709
6.026872,5.201351,0.825521
3.715795,3.706692,0.00910306
5.9469213,5.295169,0.6517525
4.30103,5.1081676,-0.8071375
4.696804,4.508956,0.18784809
5.0,5.2898664,-0.28986645
5.4148693,3.2598426,2.1550267
4.338187,4.002673,0.33551407
4.026341,4.0154314,0.010909557
5.468521,6.07895,-0.6104288
7.9211807,6.59795,1.3232307
7.2006593,6.6968126,0.50384665
4.30103,5.3109674,-1.0099373
7.376751,7.893263,-0.5165119
6.0,5.9212046,0.07879543
5.184422,4.4142504,0.77017164
4.4259686,4.7771106,-0.35114193
4.49485,4.8628855,-0.36803532
5.0,5.052532,-0.052532196
5.9914,5.731144,0.2602558
9.408936,7.9561043,1.4528313
5.2596374,5.508993,-0.2493558
5.958607,5.4169655,0.5416417
9.420217,9.557036,-0.13681984
4.779212,5.5005226,-0.7213106
5.152427,4.9719887,0.18043852
4.8961964,4.606656,0.2895403
4.30103,5.1530676,-0.85203743
4.7212462,4.963212,-0.24196577
5.080922,5.1008663,-0.019944191
7.221849,6.8702803,0.3515687
5.0,6.826769,-1.8267689
4.0,4.521988,-0.5219879
5.0,5.787904,-0.7879038
5.5128617,4.5304193,0.9824424
4.026295,4.541693,-0.515398
6.8860564,6.0087385,0.8773179
5.0,5.964093,-0.9640932
5.446481,5.937192,-0.49071074
4.1342864,5.121359,-0.98707247
3.8996294,4.2976255,-0.3979962
5.6903696,6.4654818,-0.77511215
6.0,5.928607,0.07139301
6.6819367,6.212062,0.46987486
4.5228786,5.0773153,-0.5544367
6.806875,6.7196455,0.08722973
9.387217,8.920469,0.46674728
6.6197886,5.4986897,1.121099
6.0,5.64625,0.35375023
4.0264797,4.885193,-0.85871315
4.5850267,4.9116325,-0.3266058
5.275724,5.3749743,-0.09925032
6.0,6.018423,-0.01842308
8.39794,7.6134624,0.78447723
6.221849,5.110281,1.111568
7.2596374,7.825817,-0.56617975
4.7554755,5.6319666,-0.87649107
7.8860564,7.375779,0.5102773
4.203426,4.54461,-0.34118414
5.9147096,5.4527607,0.46194887
7.552842,6.3597174,1.1931248
6.0783134,5.494768,0.5835452
6.0,6.566286,-0.5662861
3.29388,5.1396637,-1.8457837
5.3708963,4.69468,0.6762161
6.0457573,6.018587,0.027170181
4.632644,4.107888,0.52475595
5.23905,4.8038626,0.43518734
7.79588,6.0001993,1.7956805
7.031517,7.198883,-0.16736603
6.7644715,5.7658195,0.998652
3.8894103,4.6286373,-0.73922706
5.2720523,5.862095,-0.5900426
7.823909,7.391984,0.43192482
5.2596374,5.6455555,-0.38591814
4.69897,5.3326674,-0.6336975
4.026392,4.328701,-0.30230904
3.8239088,3.8392034,-0.015294552
6.0,6.0047216,-0.0047216415
4.0,4.901743,-0.90174294
4.823909,4.5181384,0.3057704
7.6589637,7.840067,-0.18110323
7.4436975,8.2361145,-0.79241705
5.6635404,5.8047247,-0.14118433
6.950782,5.424203,1.5265789
6.070581,4.340537,1.7300439
5.549751,5.147743,0.40200758
5.5883803,4.878646,0.70973444
6.8477116,7.115678,-0.26796627
6.2456517,6.252225,-0.0065732
5.19382,6.181903,-0.9880829
6.0,5.688246,0.31175423
8.987163,9.108293,-0.12112999
4.30103,5.0175877,-0.7165575
2.1079054,4.6508646,-2.5429592
9.376751,8.105815,1.270936
5.1739254,5.23108,-0.057154655
6.09691,5.211446,0.8854642
4.958607,5.7612457,-0.80263853
5.0,6.999587,-1.999587
4.954286,5.108099,-0.15381289
9.236572,9.218865,0.017706871
6.8124795,6.5887623,0.22371721
5.8900843,5.1395016,0.7505827
7.468521,5.561446,1.9070749
8.161151,7.8683167,0.29283428
5.207608,5.224991,-0.017382622
5.4436975,5.577388,-0.13369036
4.326979,4.2467785,0.08020067
5.19382,4.950947,0.24287319
4.6999917,4.3236036,0.37638807
9.309804,9.015981,0.29382324
4.30103,4.94349,-0.64245987
8.420217,6.3874702,2.0327463
3.5003128,4.3001137,-0.7998009
4.8741937,4.6861887,0.18800497
5.4202166,5.381713,0.038503647
4.30103,5.0429325,-0.74190235
5.427593,5.0162334,0.4113598
6.0,6.9765244,-0.97652435
7.0,5.5386515,1.4613485
5.2676063,5.5692444,-0.30163813
6.578396,5.7601385,0.81825733
8.161151,7.830497,0.33065414
4.2749057,4.852803,-0.57789755
4.133979,4.9394274,-0.80544853
3.69897,4.069704,-0.37073398
4.69897,4.860016,-0.16104603
5.09691,4.9568634,0.1400466
6.1732774,5.851516,0.3217616
4.4954066,4.623207,-0.12780046
7.0,6.031045,0.96895504
5.322758,4.270809,1.051949
9.468521,9.176036,0.29248524
6.0,5.8835945,0.11640549
9.30103,7.430024,1.871006
6.0,6.0771246,-0.077124596
6.876148,6.305093,0.5710554
6.0,7.3782225,-1.3782225
4.6999917,4.2186537,0.48133802
4.951675,5.1873484,-0.23567343
5.595166,5.8955336,-0.30036736
5.0,5.738904,-0.738904
5.3151546,5.4205627,-0.10540819
8.619789,6.859893,1.7598963
8.376751,7.684327,0.6924238
4.30103,4.8865576,-0.5855274
5.5100417,5.928872,-0.4188304
8.443698,6.580494,1.863204
9.21467,9.392957,-0.17828655
7.207608,6.3919086,0.8156996
5.30103,4.9727173,0.32831287
4.7292047,5.3368673,-0.6076627
5.978811,6.8838654,-0.90505457
4.026609,4.4574947,-0.4308858
4.026341,4.3184214,-0.2920804
6.2009974,5.9197845,0.2812128
6.2380724,6.846368,-0.60829544
4.0267105,4.439465,-0.41275454
6.0,5.5398397,0.46016026
9.236572,7.821787,1.4147854
6.318759,6.5056543,-0.18689537
8.853872,7.9019575,0.9519148
4.251812,4.352107,-0.10029507
4.0264935,4.136051,-0.10955763
6.823909,5.943921,0.8799877
5.8523235,6.249509,-0.39718533
5.275724,4.944808,0.33091593
10.09691,8.161506,1.9354048
5.1139607,5.8695784,-0.7556176
7.205892,7.641116,-0.43522406
8.522879,8.170452,0.35242653
4.133736,4.103221,0.030515194
8.39794,7.0405655,1.3573742
4.1165657,5.011627,-0.8950615
4.0,5.0732803,-1.0732803
7.167491,5.3434525,1.8240385
6.21467,5.941144,0.2735262
4.6999917,4.7459126,-0.04592085
3.8239088,4.141287,-0.31737804
6.79588,6.124773,0.6711068
6.3196645,5.9666586,0.3530059
5.3736596,6.1286936,-0.75503397
5.920819,5.256963,0.663856
5.207608,5.1206884,0.086919785
5.0,5.8270264,-0.82702637
6.6382723,6.493823,0.14444923
3.8239088,3.9988353,-0.17492652
5.218891,4.769676,0.44921494
5.0,5.210108,-0.2101078
4.7144427,5.4784937,-0.76405096
8.2218485,7.2501335,0.971715
9.49485,9.054584,0.4402666
8.30103,7.7194195,0.5816107
5.0,4.603319,0.39668083
5.180456,5.2923803,-0.11192417
8.30103,8.096864,0.20416641
8.036212,6.812396,1.2238159
3.8239088,4.241377,-0.41746807
7.3936186,7.4756165,-0.08199787
7.251812,7.908349,-0.65653706
5.0,5.6710854,-0.67108536
4.950782,4.5714035,0.37937832
7.829738,7.184101,0.64563704
6.634512,6.2782536,0.3562584
6.020907,7.03722,-1.0163131
4.1339493,5.0240097,-0.8900604
4.30103,5.3738937,-1.0728636
4.6197886,5.8384266,-1.218638
5.938171,6.083145,-0.14497423
4.0,4.1763916,-0.1763916
5.530178,5.668749,-0.13857079
9.259637,8.633866,0.62577057
5.0,5.8676786,-0.86767864
4.3297544,4.2637787,0.065975666
5.0570006,5.5451336,-0.48813295
4.372634,5.1840696,-0.8114357
5.3545775,4.964698,0.3898797
4.7931743,5.2340374,-0.44086313
5.314258,5.857692,-0.54343367
5.318759,5.025364,0.29339504
7.5228786,7.7631674,-0.24028873
9.259637,9.140938,0.118699074
6.8996296,5.7962503,1.1033792
5.8383327,4.4713593,1.3669734
5.8664613,6.0379753,-0.17151403
5.229148,5.7254972,-0.49634933
5.4634414,5.2350836,0.22835779
4.30103,5.2544746,-0.9534445
5.825359,4.9917755,0.83358335
6.167491,6.3863735,-0.21888256
6.790485,6.688841,0.10164404
6.1870866,5.5819807,0.6051059
6.1001797,6.155528,-0.055348396
7.29243,4.4373484,2.8550816
4.39794,4.747138,-0.34919786
6.400117,6.3759947,0.024122238
4.847406,4.838153,0.009253025
6.2628074,6.112748,0.15005922
5.0,5.3507776,-0.35077763
7.0457573,5.8706207,1.1751366
5.6575775,5.7222967,-0.0647192
6.480172,5.686537,0.79363537
3.9136403,4.8297286,-0.91608834
7.5228786,7.8300257,-0.30714703
4.30103,5.1282587,-0.82722855
8.49485,7.9236546,0.5711956
7.0,6.024273,0.9757271
5.5734887,5.5115643,0.061924458
5.0,5.206688,-0.20668793
4.0665126,5.834634,-1.7681212
6.0457573,6.0135355,0.032221794
5.60206,5.419139,0.18292093
8.853872,6.6642523,2.18962
7.180456,8.079091,-0.8986349
9.045757,8.599186,0.44657135
6.0,5.4315615,0.56843853
7.6197886,5.3040724,2.3157163
7.086716,5.147478,1.9392381
7.3186154,6.6700325,0.64858294
3.8239088,3.9283807,-0.10447192
5.2814984,4.879119,0.4023795
6.0,5.7103863,0.28961372
4.725842,5.6723356,-0.9464936
5.2839966,6.010318,-0.7263212
4.9830003,4.8630915,0.11990881
6.931073,6.936781,-0.005707741
4.53429,5.51377,-0.97948027
5.0,5.1126146,-0.11261463
5.6655464,5.9459705,-0.28042412
4.0150228,4.2999706,-0.28494787
4.30103,4.4944353,-0.19340515
4.754068,4.5921364,0.16193151
6.3467875,6.3812313,-0.034443855
4.180588,4.138296,0.04229164
6.6575775,6.05161,0.6059675
4.8961964,4.687629,0.20856714
6.6615434,6.101433,0.56011057
5.958607,6.4209538,-0.46234655
4.026341,3.223738,0.802603
6.500313,5.5908375,0.9094753
9.481486,9.208964,0.27252197
6.50724,5.7183027,0.7889371
8.522879,6.883994,1.6388845
5.0,3.9040213,1.0959787
8.026872,7.81911,0.20776176
9.045757,9.070406,-0.024648666
4.823909,4.988208,-0.16429901
6.30103,5.3778877,0.92314243
5.154902,4.5618086,0.5930934
4.665526,5.300908,-0.6353822
9.1549015,8.862938,0.29196358
6.0,6.2857313,-0.28573132
6.4762535,5.5815535,0.89470005
6.5228786,6.277934,0.24494457
7.6777806,6.8282223,0.84955835
9.443698,6.942441,2.501257
4.9469213,4.7470946,0.19982672
4.9292235,4.9628572,-0.03363371
7.37059,7.342901,0.02768898
5.0,6.0976305,-1.0976305
5.0,4.863062,0.1369381
8.142668,7.605315,0.53735256
6.0163736,5.070421,0.9459524
5.7399287,5.767211,-0.027282238
5.0,5.9062767,-0.9062767
4.1199985,4.6869154,-0.56691694
6.2898827,5.7615337,0.5283489
7.09691,5.7987604,1.2981496
4.30103,4.9401026,-0.6390724
6.801343,6.9180155,-0.116672516
9.337242,8.876551,0.46069145
5.457299,5.4869375,-0.02963829
6.732987,5.769067,0.9639201
4.920819,5.322254,-0.40143538
8.040958,7.1668215,0.8741369
5.6197886,5.593693,0.026095867
5.2596374,5.6448145,-0.38517714
5.9800534,5.1861134,0.79394007
6.89279,6.921092,-0.028302193
6.8181562,6.8112803,0.006875992
5.1509495,5.5062103,-0.35526085
5.0,5.159029,-0.159029
8.376751,7.6008587,0.77589226
4.30103,4.2228394,0.0781908
6.0,6.1738663,-0.17386627
7.2006593,7.974539,-0.7738795
4.567031,4.5934296,-0.026398659
4.60206,5.7322254,-1.1301656
7.5230236,6.6252613,0.8977623
4.2612195,4.364201,-0.10298157
5.113509,6.5113773,-1.3978682
8.09691,7.7938356,0.30307484
8.49485,7.346713,1.1481371
4.6757174,4.5685034,0.107213974
7.7281585,7.5979805,0.13017797
4.0,4.13498,-0.1349802
3.9788108,5.30888,-1.3300691
6.0,5.776675,0.22332478
8.610925,9.198597,-0.58767223
8.30103,5.5162582,2.784772
8.0,7.030596,0.9694042
4.546682,5.1794176,-0.6327357
4.6999917,4.3813963,0.3185954
5.468521,6.0770426,-0.60852146
7.2006593,6.432373,0.7682862
8.39794,8.2869005,0.11103916
8.09691,7.2311554,0.8657551
8.107905,7.528673,0.5792322
6.853872,6.385645,0.4682269
9.09691,8.35108,0.74583054
8.0,8.379113,-0.3791132
5.4867826,4.582898,0.9038844
8.886057,8.889191,-0.0031337738
5.920819,4.015914,1.9049048
4.5934596,4.5430756,0.050384045
6.017729,6.090913,-0.07318401
4.30103,4.2526426,0.048387527
4.9000087,4.6315107,0.26849794
6.935542,7.7598267,-0.82428455
6.0,6.706814,-0.7068138
5.207608,5.0911627,0.11644554
7.154902,6.3254128,0.82948923
5.2596374,5.607664,-0.34802675
6.086186,3.9503338,2.135852
6.2441254,5.51276,0.7313652
4.325139,4.579566,-0.25442696
5.552842,4.9220905,0.6307516
4.453371,5.917942,-1.464571
4.730487,4.359173,0.37131405
4.30103,5.6122484,-1.3112183
5.7297873,5.316844,0.41294336
5.266803,5.130823,0.13597965
4.2027326,4.2655163,-0.06278372
4.2139587,5.0253687,-0.81140995
6.649752,6.5630455,0.08670664
8.522879,6.9751034,1.5477753
5.0,5.320613,-0.3206129
8.0,7.721594,0.27840614
4.8863907,5.795907,-0.90951633
5.080922,5.223714,-0.14279175
4.0,4.773575,-0.7735748
7.9746943,8.022158,-0.047463417
4.7447276,5.143528,-0.39880037
3.8239088,4.02146,-0.19755125
5.0222764,6.784975,-1.7626987
8.244125,8.179363,0.064762115
5.36251,5.0822,0.28031015
4.823909,4.75593,0.06797886
8.0,8.237025,-0.23702526
4.49485,4.325843,0.1690073
7.552842,5.4234753,2.1293669
4.30103,4.9383926,-0.6373625
5.958607,5.597728,0.36087942
5.3233976,6.407936,-1.0845385
4.49485,4.1745386,0.32031155
7.8326826,8.260836,-0.42815304
6.0,5.8680124,0.13198757
5.703335,5.687484,0.01585102
7.481486,6.6573153,0.8241706
4.0,3.4280126,0.5719874
6.0,6.0487375,-0.048737526
7.0457573,5.865942,1.1798153
7.09691,5.8149624,1.2819476
5.0,5.036232,-0.036231995
8.026872,6.4283276,1.5985441
7.8467016,7.876073,-0.029371262
7.2596374,7.089818,0.16981936
3.9913998,4.494541,-0.5031414
4.442493,4.7240534,-0.28156042
7.69897,6.180711,1.518259
4.1763887,5.3582315,-1.1818428
7.552842,6.4983807,1.0544615
4.7999983,4.731395,0.068603516
5.0,5.455703,-0.45570278
7.701147,6.9704,0.7307472
2.3819518,3.4655259,-1.083574
5.9694004,5.8341503,0.13525009
4.5044556,4.651085,-0.14662933
5.0,5.225334,-0.22533417
4.761954,4.3123417,0.44961214
6.328004,5.2664804,1.0615234
6.0,5.8471127,0.15288734
5.05061,5.8717604,-0.8211503
4.8827286,4.8974137,-0.014685154
4.8996296,4.7052565,0.19437313
7.725842,6.9491463,0.7766957
4.5114493,4.6961584,-0.18470907
8.318759,7.407218,0.911541
4.823909,5.5134506,-0.6895418
9.283997,9.52071,-0.23671341
8.207608,7.9493313,0.25827694
4.853872,5.573023,-0.719151
6.1169066,5.685626,0.4312806
8.236572,7.08735,1.1492224
4.6655464,4.8198786,-0.15433216
5.6777806,5.178138,0.49964285
6.1643095,5.541917,0.62239265
5.61997,5.5640574,0.055912495
5.5228786,5.014659,0.5082197
4.276544,4.197068,0.07947588
6.6575775,6.121604,0.53597355
4.69897,5.088153,-0.38918304
5.295335,5.2187595,0.07657528
6.3565474,7.147977,-0.7914295
5.0,4.1892233,0.8107767
5.1077943,4.2789717,0.8288226
9.568636,9.123683,0.44495296
9.30103,7.327936,1.973094
7.920819,6.6809254,1.2398934
4.69897,4.7923956,-0.09342575
6.69897,6.5717745,0.12719536
7.5720406,6.9036303,0.6684103
5.5850267,6.2730446,-0.68801785
8.408936,7.266409,1.1425266
4.026526,3.905484,0.12104201
6.0,6.1356764,-0.13567638
6.2700257,5.9641676,0.30585814
4.026383,5.0488024,-1.0224195
8.180456,6.57502,1.6054363
6.09691,5.090332,1.006578
4.79588,6.6957417,-1.8998618
4.0,3.880915,0.11908507
9.387217,9.108293,0.278924
5.0,5.5460587,-0.54605865
4.696804,5.0728397,-0.3760357
8.958608,7.9790545,0.9795532
9.2218485,9.164026,0.057822227
4.7447276,4.3963203,0.34840727
6.29243,5.7027807,0.5896492
5.6455073,5.8708553,-0.225348
6.124939,6.7176876,-0.59274864
6.2839966,6.150159,0.1338377
8.522879,8.350185,0.17269325
4.350665,5.439149,-1.0884838
4.0264564,5.104925,-1.0784688
5.5850267,5.9860888,-0.401062
4.0814457,4.2811594,-0.1997137
5.6143937,5.7896824,-0.17528868
5.275724,5.1500673,0.1256566
5.0740695,4.9160843,0.15798521
5.9100947,5.867754,0.042340755
7.0222764,6.238887,0.78338957
5.0,5.396714,-0.3967142
9.39794,8.698926,0.6990137
9.1549015,8.380519,0.7743826
4.22,5.676711,-1.4567113
9.920818,7.15592,2.7648983
6.49485,5.8903275,0.6045227
7.2596374,7.3752604,-0.115623
5.0,4.2361937,0.76380634
8.853872,8.316666,0.53720665
5.0,5.067522,-0.06752205
6.6777806,6.5457497,0.13203096
4.30103,4.70846,-0.4074297
5.0665126,5.565817,-0.4993043
5.8326826,5.5616035,0.27107906
5.0,4.7707195,0.22928047
8.552842,6.8328753,1.7199669
4.3736596,4.124521,0.24913883
6.39794,5.6164103,0.7815299
4.696804,4.7936153,-0.096811295
5.154902,4.5730705,0.58183146
6.2596374,5.378502,0.88113546
5.6197886,5.497093,0.122695446
8.0,7.5996895,0.40031052
5.0,5.0224466,-0.022446632
5.3595185,5.462578,-0.10305929
4.406714,5.3661747,-0.95946074
5.0,6.0115156,-1.0115156
5.207608,5.106516,0.10109234
4.552842,4.4836082,0.069233894
4.400117,3.557652,0.8424649
6.0958257,5.256667,0.83915854
4.823909,5.452512,-0.628603
4.3410354,5.071332,-0.7302966
7.6575775,7.754839,-0.09726143
4.09691,4.5101733,-0.41326332
5.8860564,5.548746,0.3373103
7.154902,6.0655775,1.0893245
5.5606675,5.235593,0.32507467
8.928118,8.01448,0.9136381
5.2596374,5.6471643,-0.387527
4.44855,4.7725315,-0.32398129
6.9029856,5.857605,1.0453806
4.537602,4.3469186,0.19068336
7.5228786,5.8911133,1.6317654
6.2209244,5.997902,0.22302246
4.254613,3.8122861,0.44232678
4.69897,4.5929146,0.10605526
6.850781,6.184332,0.66644907
4.7196493,5.0925093,-0.37285995
7.30103,6.2607937,1.0402365
5.0,5.555192,-0.555192
6.400117,6.6141176,-0.2140007
8.522879,8.468411,0.0544672
5.3481407,5.3423843,0.005756378
8.920818,8.458134,0.46268463
7.3980484,6.5967016,0.8013468
7.2596374,7.124975,0.13466215
8.09691,6.050227,2.0466833
3.8239088,4.131365,-0.30745602
6.39794,6.0582876,0.33965254
7.2441254,6.6508894,0.59323597
4.69897,4.981409,-0.28243923
4.416461,4.569789,-0.15332794
5.823909,5.253064,0.57084465
5.207608,5.405264,-0.19765568
6.0,6.0900545,-0.09005451
5.69897,4.4321423,1.2668276
4.30103,5.22227,-0.92123985
5.093234,4.7674828,0.3257513
8.309804,7.4000864,0.90971756
4.3410354,4.6310616,-0.2900262
5.6777806,4.658518,1.0192628
5.756962,5.4199924,0.33696938
5.876148,6.0927877,-0.21663952
4.809668,4.2695675,0.5401006
8.0,7.6867313,0.31326866
4.330683,4.557718,-0.22703457
4.0,5.0554295,-1.0554295
8.045757,7.069149,0.9766083
3.28042,4.2072124,-0.9267924
5.552842,4.656086,0.8967562
4.0,3.6877851,0.31221485
5.0,5.516405,-0.5164051
4.5883803,5.1124916,-0.5241113
4.30103,4.3234367,-0.022406578
5.3887014,5.8184414,-0.42973995
5.689519,6.925644,-1.236125
5.69897,5.955948,-0.25697803
5.79588,6.384104,-0.58822393
6.133713,6.2029276,-0.06921482
9.2218485,8.732674,0.48917484
8.0,6.2546473,1.7453527
4.8796563,6.8706503,-1.990994
5.8544927,5.516552,0.3379407
4.30103,5.321247,-1.020217
6.2614393,5.659644,0.6017952
3.429457,4.3216867,-0.8922298
6.337242,5.8464937,0.4907484
6.2839966,6.8134146,-0.529418
5.09691,4.58062,0.5162902
6.850781,5.5920897,1.2586913
5.958607,5.054167,0.9044404
8.522879,7.7061243,0.81675434
8.026872,7.659295,0.3675766
7.0457573,6.2163115,0.82944584
7.6777806,7.2333946,0.444386
4.30103,5.457345,-1.1563148
5.080922,6.1416206,-1.0606985
9.119186,8.957153,0.16203308
3.8239088,3.9448898,-0.12098098
6.659556,5.7606115,0.8989444
6.8894105,6.2557583,0.6336522
4.0263968,3.7809331,0.24546361
5.3089185,4.737965,0.57095337
4.542118,5.474888,-0.9327698
4.69897,4.7974234,-0.09845352
5.2596374,5.7800035,-0.5203662
5.0,6.3391104,-1.3391104
4.206908,4.5142665,-0.30735826
4.026166,4.542385,-0.51621914
6.0,5.8180847,0.18191528
9.045757,8.106598,0.9391594
5.0,5.267252,-0.26725197
7.145694,7.4483776,-0.30268383
4.650742,6.395398,-1.7446561
6.489455,6.157318,0.3321371
5.9829664,5.4609003,0.5220661
9.30103,9.138646,0.16238403
6.539102,5.559263,0.97983885
7.4089355,6.9344454,0.47449017
6.0,6.140826,-0.14082623
5.6575775,5.1217422,0.53583527
5.0,6.336293,-1.3362932
8.148742,8.09875,0.049991608
5.469651,5.663764,-0.19411278
8.275724,7.819997,0.45572758
4.7212462,5.3944635,-0.6732173
5.844664,7.218688,-1.3740239
5.09691,4.800257,0.2966528
4.978811,4.5773354,0.40147543
6.075721,5.0480585,1.0276623
5.2441254,3.8794863,1.364639
4.2441254,4.9056625,-0.6615372
7.6051216,8.0127,-0.40757847
8.337242,7.4335785,0.90366364
8.09691,7.098604,0.9983063
6.2700257,6.404216,-0.13419008
4.69897,5.89835,-1.1993799
9.356547,9.2077875,0.14875984
4.8894105,5.6150846,-0.72567415
5.091515,4.5877495,0.5037656
9.886057,7.298254,2.587803
5.0191336,6.707961,-1.6888275
6.60206,6.2714567,0.33060312
5.080922,5.296853,-0.21593094
5.0,5.672983,-0.67298317
7.69897,6.179433,1.519537
8.0,7.7571287,0.24287128
7.200315,6.82913,0.37118483
4.404504,4.471488,-0.06698418
6.8860564,6.125533,0.7605233
4.559091,3.6434367,0.9156544
4.6241536,4.9006143,-0.27646065
5.304343,5.1531754,0.15116787
5.559091,5.850315,-0.291224
6.0457573,6.1836405,-0.13788319
5.6575775,5.5290804,0.12849712
5.0,4.523345,0.476655
6.481486,5.468873,1.0126128
5.823909,8.016989,-2.19308
4.7999983,4.636999,0.16299915
5.124939,5.3424225,-0.21748352
6.383,5.2593403,1.1236596
5.0,6.183753,-1.183753
4.337242,5.853716,-1.5164738
4.0,4.55361,-0.55360985
8.769551,8.589749,0.17980194
5.055517,5.2075596,-0.15204239
6.404504,6.384281,0.020222664
8.0,7.3347893,0.6652107
6.920819,5.84659,1.0742288
4.278189,4.5599866,-0.2817974
6.686133,6.187455,0.49867773
6.076756,6.1983213,-0.12156534
5.39794,4.9665785,0.43136168
7.3010736,7.734747,-0.43367338
9.886057,9.649648,0.23640919
5.0,4.5576406,0.44235945
4.3791356,4.348687,0.030448437
4.5970855,4.6197066,-0.022621155
5.309804,5.234582,0.075222015
6.49485,6.115712,0.379138
6.2596374,5.9486914,0.310946
6.5968795,6.48295,0.11392927
5.3196645,4.8264084,0.4932561
7.207608,5.3416653,1.865943
6.3089185,5.259388,1.0495305
5.0,5.7390356,-0.7390356
6.51995,5.897029,0.622921
4.180456,4.900362,-0.71990585
5.049684,4.593293,0.45639086
7.6777806,7.5546618,0.12311888
6.0,5.3349867,0.6650133
7.4907975,5.3308134,2.159984
5.3665314,5.251487,0.115044594
5.9292235,5.676529,0.2526946
5.1739254,3.9479902,1.2259352
9.29243,9.362508,-0.070077896
8.79588,7.8842754,0.9116049
10.0,8.7643,1.2356997
7.845576,6.6435776,1.2019982
6.958607,6.1931515,0.7654557
7.161151,5.81507,1.3460808
4.0357404,4.5527534,-0.5170131
9.0,8.35764,0.64235973
7.6777806,6.294121,1.3836598
4.220043,4.605051,-0.38500786
9.060481,9.1090555,-0.048574448
6.6382723,6.4299088,0.20836353
5.481486,5.838043,-0.35655737
7.5086384,5.707185,1.8014536
9.207608,8.67515,0.5324583
